3.512312283438771441e-04
3.512312283438771441e-04
3.512312651469999764e-04
3.512313019501228087e-04
3.512313387532455867e-04
3.512314123594912512e-04
3.512314859657369157e-04
3.512315963751054125e-04
3.512317067844738551e-04
3.512318539969651841e-04
3.512319644063336267e-04
3.512321484219477880e-04
3.512323324375618951e-04
3.512325164531760564e-04
3.512327372719129957e-04
3.512329580906499351e-04
3.512332157125097609e-04
3.512334733343695325e-04
3.512337309562293041e-04
3.512339885780890758e-04
3.512343566093173441e-04
3.512346510342999480e-04
3.512349822624053841e-04
3.512353870967564848e-04
3.512356815217390887e-04
3.512360863560901893e-04
3.512364911904412358e-04
3.512368592216695042e-04
3.512373008591434371e-04
3.512377424966173700e-04
3.512382209372140809e-04
3.512386993778108461e-04
3.512391778184075571e-04
3.512397298652499326e-04
3.512401715027238655e-04
3.512407235495662410e-04
3.512412755964086706e-04
3.512419012494967106e-04
3.512424532963390861e-04
3.512430421463042939e-04
3.512437046025151661e-04
3.512442934524803739e-04
3.512449559086912461e-04
3.512455815617792861e-04
3.512463176242358229e-04
3.512469800804466952e-04
3.512476793397803997e-04
3.512484154022369365e-04
3.512491514646934191e-04
3.512499611333956204e-04
3.674761267593132136e-04
3.674761267593132136e-04
3.674761635624360459e-04
3.674761635624360459e-04
3.674762371686817104e-04
3.674763107749273749e-04
3.674764211842958175e-04
3.674764947905414820e-04
3.674766420030327568e-04
3.674768260186469181e-04
3.674769732311381929e-04
3.674770836405066897e-04
3.674773044592436291e-04
3.674775252779806226e-04
3.674777092935947297e-04
3.674779301123317233e-04
3.674782245373143272e-04
3.674784821591740988e-04
3.674787765841567026e-04
3.674790710091393065e-04
3.674794390403675749e-04
3.674797702684730110e-04
3.674801014965784472e-04
3.674805063309295478e-04
3.674808743621577620e-04
3.674812423933860304e-04
3.674816840308599633e-04
3.674821256683338962e-04
3.674825673058077749e-04
3.674830457464045401e-04
3.674835241870012511e-04
3.674840394307208485e-04
3.674845914775632240e-04
3.674851067212827672e-04
3.674856587681251969e-04
3.674862108149675724e-04
3.674867996649327801e-04
3.674874253180208201e-04
3.674880509711088601e-04
3.674886766241969001e-04
3.674893390804077724e-04
3.674900015366186446e-04
3.674906639928295169e-04
3.674914000552860537e-04
3.674920993146197582e-04
3.674927985739534627e-04
3.674936082426556098e-04
3.674943443051121466e-04
3.674951171706914614e-04
3.674958900362708305e-04
3.844998896631178671e-04
3.844999264662406994e-04
3.844999632693634774e-04
3.845000000724863097e-04
3.845000368756091419e-04
3.845001104818548065e-04
3.845001840881004710e-04
3.845003313005917458e-04
3.845004417099602426e-04
3.845006257255743497e-04
3.845007729380656787e-04
3.845009569536797858e-04
3.845011409692939471e-04
3.845013617880308865e-04
3.845016562130134903e-04
3.845018770317504297e-04
3.845021346536102555e-04
3.845024290785928594e-04
3.845027603066982955e-04
3.845030547316808994e-04
3.845033859597863355e-04
3.845037171878917717e-04
3.845041588253656504e-04
3.845045268565939187e-04
3.845049316909450194e-04
3.845053365252961201e-04
3.845058149658928310e-04
3.845062566033667639e-04
3.845067350439634749e-04
3.845072870908059046e-04
3.845077655314026155e-04
3.845082807751222130e-04
3.845088328219645885e-04
3.845094216719297962e-04
3.845100105218950039e-04
3.845106361749830439e-04
3.845112250249483059e-04
3.845118874811591782e-04
3.845125499373699962e-04
3.845132123935808685e-04
3.845138748497917407e-04
3.845146109122482775e-04
3.845153469747048143e-04
3.845160830371613511e-04
3.845168927058634982e-04
3.845176287683200350e-04
3.845184384370221821e-04
3.845192113026015511e-04
3.845200577744265305e-04
3.845209042462515640e-04
4.023233476228105861e-04
4.023233108196877538e-04
4.023233476228105861e-04
4.023234212290562506e-04
4.023234580321790829e-04
4.023235316384246932e-04
4.023236420477931900e-04
4.023237892602845190e-04
4.023238996696529616e-04
4.023240836852671229e-04
4.023242308977583977e-04
4.023244149133725590e-04
4.023246725352323306e-04
4.023248933539692700e-04
4.023251141727062093e-04
4.023254085976888674e-04
4.023257030226714713e-04
4.023259974476540751e-04
4.023263286757595113e-04
4.023266599038649474e-04
4.023270279350932158e-04
4.023273959663214300e-04
4.023278376037953629e-04
4.023282056350236313e-04
4.023286472724975642e-04
4.023290889099714429e-04
4.023296041536910403e-04
4.023300457911649190e-04
4.023305978380073487e-04
4.023311498848497242e-04
4.023316651285692674e-04
4.023322539785344752e-04
4.023328060253769049e-04
4.023334316784649449e-04
4.023340573315529849e-04
4.023346829846410249e-04
4.023353454408518971e-04
4.023360447001856017e-04
4.023367071563964739e-04
4.023374064157301242e-04
4.023381424781866610e-04
4.023389521468888623e-04
4.023396882093453449e-04
4.023404610749247139e-04
4.023412707436269152e-04
4.023420804123290623e-04
4.023429636872768739e-04
4.023438469622247398e-04
4.023446934340497191e-04
4.023455767089975307e-04
4.209753174835642597e-04
4.209753174835642597e-04
4.209753910898099243e-04
4.209753910898099243e-04
4.209754646960555346e-04
4.209755383023011991e-04
4.209756855147925281e-04
4.209757959241609707e-04
4.209759799397751320e-04
4.209761271522664068e-04
4.209762743647577359e-04
4.209764951834946752e-04
4.209767160022316688e-04
4.209769736240914404e-04
4.209772312459512120e-04
4.209775624740566481e-04
4.209778200959164197e-04
4.209781513240218559e-04
4.209785193552501243e-04
4.209788873864783927e-04
4.209792554177066611e-04
4.209796602520577075e-04
4.209800650864088081e-04
4.209804699207599088e-04
4.209809851644794520e-04
4.209815004081990495e-04
4.209819420456729282e-04
4.209824940925153578e-04
4.209830461393577333e-04
4.209836349893229411e-04
4.209841870361653166e-04
4.209848126892534108e-04
4.209853647360957862e-04
4.209859903891838263e-04
4.209867264516403630e-04
4.209873889078512353e-04
4.209880513640621076e-04
4.209887874265185901e-04
4.209895234889751269e-04
4.209902595514316637e-04
4.209910692201338108e-04
4.209918788888360121e-04
4.209926885575381592e-04
4.209934982262403605e-04
4.209943815011881721e-04
4.209952279730131515e-04
4.209961480510837953e-04
4.209970313260316612e-04
4.209979882072251373e-04
4.209989450884186134e-04
4.405017295426658509e-04
4.405017663457886290e-04
4.405018031489114612e-04
4.405018399520342935e-04
4.405019135582799580e-04
4.405019503614027903e-04
4.405020975738940651e-04
4.405022447863853941e-04
4.405024288019995012e-04
4.405025392113679980e-04
4.405027600301049374e-04
4.405030176519647632e-04
4.405032752738245348e-04
4.405034960925614741e-04
4.405037905175440780e-04
4.405040849425266819e-04
4.405044529737549503e-04
4.405047473987375541e-04
4.405051154299658225e-04
4.405054834611940909e-04
4.405059250986680238e-04
4.405062931298962380e-04
4.405067715704930032e-04
4.405072500110897142e-04
4.405077284516864793e-04
4.405082436954060226e-04
4.405087957422484522e-04
4.405093109859679955e-04
4.405099366390560355e-04
4.405104886858984110e-04
4.405111143389864510e-04
4.405117767951973232e-04
4.405124024482853632e-04
4.405131385107419000e-04
4.405138009669527723e-04
4.405145002262864768e-04
4.405152730918658458e-04
4.405160091543223284e-04
4.405168188230245297e-04
4.405175916886038445e-04
4.405184013573060458e-04
4.405192846322538575e-04
4.405201311040788910e-04
4.405210143790267026e-04
4.405218976539745143e-04
4.405228545351679904e-04
4.405238114163614665e-04
4.405247682975549427e-04
4.405257619818712510e-04
4.405267556661875594e-04
4.609382828292565805e-04
4.609383564355022450e-04
4.609383932386250772e-04
4.609384668448707418e-04
4.609385404511163521e-04
4.609386508604848488e-04
4.609387244667305134e-04
4.609388716792217882e-04
4.609390924979587818e-04
4.609392397104500566e-04
4.609394605291870502e-04
4.609396813479239895e-04
4.609399021666609289e-04
4.609401965916435327e-04
4.609405278197489689e-04
4.609408590478544050e-04
4.609411534728370089e-04
4.609415215040652773e-04
4.609419631415392102e-04
4.609423311727674786e-04
4.609427728102413573e-04
4.609432144477152902e-04
4.609436928883120553e-04
4.609441713289087663e-04
4.609447233757511418e-04
4.609452754225935715e-04
4.609458274694359470e-04
4.609463795162783224e-04
4.609469683662435302e-04
4.609476308224544024e-04
4.609482932786652747e-04
4.609489925379989792e-04
4.609496549942098515e-04
4.609503910566663883e-04
4.609511639222457031e-04
4.609518631815794076e-04
4.609527096534044412e-04
4.609534825189837560e-04
4.609542921876859573e-04
4.609551386595109367e-04
4.609560587375815806e-04
4.609569052094066141e-04
4.609578620906000903e-04
4.609587821686707341e-04
4.609597022467413780e-04
4.609607327341805187e-04
4.609617632216196593e-04
4.609627937090587458e-04
4.609637873933750542e-04
4.609648914870598593e-04
4.823255343846909312e-04
4.823255711878137635e-04
4.823256079909365958e-04
4.823256815971822061e-04
4.823257552034278706e-04
4.823258288096735351e-04
4.823259760221648099e-04
4.823261232346561390e-04
4.823262704471474680e-04
4.823265280690072396e-04
4.823267120846213467e-04
4.823269329033583403e-04
4.823272641314637764e-04
4.823275585564463803e-04
4.823278529814289842e-04
4.823282210126572525e-04
4.823285890438854667e-04
4.823289202719909029e-04
4.823293251063420035e-04
4.823298035469387687e-04
4.823302451844126474e-04
4.823306868218865803e-04
4.823312388687289558e-04
4.823317541124485532e-04
4.823323061592909287e-04
4.823328582061333042e-04
4.823334470560985119e-04
4.823341095123093842e-04
4.823347351653974242e-04
4.823353976216082964e-04
4.823361336840648332e-04
4.823368329433985378e-04
4.823375322027322423e-04
4.823383050683115571e-04
4.823390779338909262e-04
4.823399612088387378e-04
4.823407340744181068e-04
4.823415805462430862e-04
4.823424638211908978e-04
4.823433470961387636e-04
4.823443039773322397e-04
4.823452608585257159e-04
4.823462177397191920e-04
4.823472114240355004e-04
4.823482419114746410e-04
4.823492723989137275e-04
4.823503396894757004e-04
4.823514437831605056e-04
4.823525478768452565e-04
4.823537255767757262e-04
5.047134260466437693e-04
5.047134260466437693e-04
5.047134628497666016e-04
5.047134996528894338e-04
5.047136468653807629e-04
5.047137572747492596e-04
5.047138308809949242e-04
5.047140516997318093e-04
5.047141989122231383e-04
5.047144197309601319e-04
5.047146405496970170e-04
5.047149349746796751e-04
5.047152293996623332e-04
5.047155238246448829e-04
5.047158550527503732e-04
5.047161862808557551e-04
5.047165911152068016e-04
5.047170327526807887e-04
5.047174375870318351e-04
5.047179160276285461e-04
5.047183944682253655e-04
5.047189097119449087e-04
5.047194249556644519e-04
5.047200138056296597e-04
5.047206026555948674e-04
5.047211915055600752e-04
5.047218171586481152e-04
5.047224796148589874e-04
5.047231788741926919e-04
5.047238781335263965e-04
5.047245773928601010e-04
5.047253502584394700e-04
5.047261231240188391e-04
5.047269695958437642e-04
5.047278160676687978e-04
5.047286257363709991e-04
5.047295458144415888e-04
5.047303922862666223e-04
5.047313859705829849e-04
5.047323060486535746e-04
5.047332629298471049e-04
5.047342934172861914e-04
5.047353239047253862e-04
5.047363911952873049e-04
5.047374584858492236e-04
5.047385625795339746e-04
5.047397402794644985e-04
5.047408811762720817e-04
5.047420220730796650e-04
5.047432365761329127e-04
5.281443182094880872e-04
5.281442814063652550e-04
5.281443550126109195e-04
5.281444286188565840e-04
5.281444654219794163e-04
5.281446126344707453e-04
5.281447598469619659e-04
5.281449438625761272e-04
5.281451278781902885e-04
5.281453486969271737e-04
5.281456063187869995e-04
5.281458639406468253e-04
5.281462319718750395e-04
5.281465263968576976e-04
5.281468944280859118e-04
5.281472256561912937e-04
5.281476672936652808e-04
5.281480721280163272e-04
5.281485505686130382e-04
5.281490290092098576e-04
5.281495442529294008e-04
5.281501331028946086e-04
5.281506483466141518e-04
5.281512371965793595e-04
5.281518996527902318e-04
5.281524885027554395e-04
5.281532245652119763e-04
5.281538870214228486e-04
5.281545862807565531e-04
5.281553591463359221e-04
5.281561320119152912e-04
5.281569048774945518e-04
5.281577881524424176e-04
5.281585978211446189e-04
5.281595178992152086e-04
5.281604011741630744e-04
5.281613212522337725e-04
5.281623149365500267e-04
5.281633086208663893e-04
5.281643391083054757e-04
5.281653695957445622e-04
5.281664000831837570e-04
5.281675409799913403e-04
5.281686818767989235e-04
5.281697859704837829e-04
5.281709268672913661e-04
5.281721413703446139e-04
5.281733558733978616e-04
5.281746071795739416e-04
5.281758952888728539e-04
5.526655028860553162e-04
5.526655396891781485e-04
5.526655396891781485e-04
5.526656132954237046e-04
5.526657237047922014e-04
5.526658341141606982e-04
5.526660181297748595e-04
5.526661653422661885e-04
5.526663861610030737e-04
5.526666437828628995e-04
5.526669014047226169e-04
5.526671958297052750e-04
5.526675270578106569e-04
5.526678582859161472e-04
5.526682263171443614e-04
5.526686679546183485e-04
5.526690727889693950e-04
5.526695512295661059e-04
5.526700296701629253e-04
5.526705449138824685e-04
5.526710969607248440e-04
5.526716490075672195e-04
5.526722378575324272e-04
5.526729003137432995e-04
5.526735259668313395e-04
5.526742620292878763e-04
5.526749244854987485e-04
5.526756973510781176e-04
5.526763966104118221e-04
5.526772798853595795e-04
5.526780895540617808e-04
5.526788992227639821e-04
5.526798193008345718e-04
5.526807025757824376e-04
5.526816226538531357e-04
5.526826163381693899e-04
5.526836100224857525e-04
5.526846037068020067e-04
5.526856341942410931e-04
5.526867382879259525e-04
5.526878791847335357e-04
5.526889464752954544e-04
5.526901241752259783e-04
5.526912650720335616e-04
5.526925163782096416e-04
5.526937676843857216e-04
5.526950189905618016e-04
5.526963439029835461e-04
5.526976688154052906e-04
5.526989937278270352e-04
5.783074162589225313e-04
5.783074530620453636e-04
5.783074898651681959e-04
5.783075634714138604e-04
5.783076370776595249e-04
5.783077842901508539e-04
5.783079315026420746e-04
5.783081523213790681e-04
5.783083363369932294e-04
5.783085939588529468e-04
5.783088883838356049e-04
5.783092196119409868e-04
5.783095508400464772e-04
5.783099188712746913e-04
5.783102869025030139e-04
5.783107285399768926e-04
5.783111701774507713e-04
5.783116486180475907e-04
5.783122006648899662e-04
5.783127527117323417e-04
5.783133415616975494e-04
5.783139304116627572e-04
5.783145560647507972e-04
5.783152185209616694e-04
5.783159177802953740e-04
5.783166538427519108e-04
5.783173899052084475e-04
5.783181995739105404e-04
5.783190092426127417e-04
5.783198557144377753e-04
5.783207021862628089e-04
5.783216222643333985e-04
5.783225423424040966e-04
5.783234992235975185e-04
5.783245297110367134e-04
5.783255233953529676e-04
5.783265906859148863e-04
5.783276579764769134e-04
5.783287620701616644e-04
5.783298661638464153e-04
5.783310806668997715e-04
5.783322951699530192e-04
5.783335096730062670e-04
5.783347609791823470e-04
5.783360490884812593e-04
5.783373740009030038e-04
5.783386989133247483e-04
5.783400974319921574e-04
5.783414959506594580e-04
5.783428944693268670e-04
6.051385489396692930e-04
6.051385857427921252e-04
6.051386225459149575e-04
6.051386961521606220e-04
6.051388433646518426e-04
6.051389905771431717e-04
6.051391377896345007e-04
6.051393218052486620e-04
6.051395794271083794e-04
6.051398370489682052e-04
6.051401314739507549e-04
6.051404627020562452e-04
6.051408307332844594e-04
6.051412355676356143e-04
6.051416035988638285e-04
6.051421188425833717e-04
6.051425604800573588e-04
6.051431125268997343e-04
6.051436645737421098e-04
6.051442534237073175e-04
6.051448422736725253e-04
6.051455047298833975e-04
6.051461671860942698e-04
6.051468664454279743e-04
6.051476025078845111e-04
6.051483753734638801e-04
6.051491482390431408e-04
6.051500315139910066e-04
6.051508779858160401e-04
6.051517612607637975e-04
6.051526813388344956e-04
6.051536382200279176e-04
6.051546319043442802e-04
6.051556623917833666e-04
6.051566928792225615e-04
6.051577969729073124e-04
6.051589010665920634e-04
6.051600419633997550e-04
6.051612196633301705e-04
6.051623973632605860e-04
6.051636486694366660e-04
6.051649367787355783e-04
6.051662248880344906e-04
6.051675498004562351e-04
6.051689115160008119e-04
6.051703100346682209e-04
6.051717453564583538e-04
6.051731806782485951e-04
6.051746896062845009e-04
6.051762353374431306e-04
6.332178595310627989e-04
6.332178963341856311e-04
6.332178963341856311e-04
6.332180067435541279e-04
6.332181171529226247e-04
6.332183011685367860e-04
6.332184483810280066e-04
6.332186691997650002e-04
6.332189268216248260e-04
6.332192212466073757e-04
6.332195156715900337e-04
6.332198468996954157e-04
6.332202517340465705e-04
6.332206565683976170e-04
6.332210982058714957e-04
6.332216134495910389e-04
6.332220918901878583e-04
6.332226807401530660e-04
6.332231959838726092e-04
6.332238216369606492e-04
6.332244472900486892e-04
6.332251833525052260e-04
6.332258826118389305e-04
6.332266554774182996e-04
6.332273915398748364e-04
6.332282012085769293e-04
6.332290476804019628e-04
6.332299677584726609e-04
6.332308510334204183e-04
6.332318079146139487e-04
6.332328015989302028e-04
6.332337952832465654e-04
6.332348257706856519e-04
6.332359298643704029e-04
6.332370707611780945e-04
6.332382116579856777e-04
6.332393893579160932e-04
6.332405670578465087e-04
6.332418919702682532e-04
6.332431432764443332e-04
6.332444313857432455e-04
6.332457562981649900e-04
6.332471916199552313e-04
6.332485533354998081e-04
6.332500254604128817e-04
6.332514975853258468e-04
6.332530065133617526e-04
6.332545154413976585e-04
6.332561347788019527e-04
6.332577541162063553e-04
6.625735024220651744e-04
6.625735392251880067e-04
6.625735760283108389e-04
6.625736864376793357e-04
6.625738336501706648e-04
6.625739808626618854e-04
6.625741648782760467e-04
6.625743488938902080e-04
6.625746801219955899e-04
6.625749745469782480e-04
6.625753057750836299e-04
6.625756370031891202e-04
6.625760786406629990e-04
6.625764834750141538e-04
6.625769619156108648e-04
6.625775139624532403e-04
6.625780292061727835e-04
6.625786180561379912e-04
6.625792437092260312e-04
6.625798693623140712e-04
6.625806054247706080e-04
6.625813046841043125e-04
6.625820775496836816e-04
6.625828136121402184e-04
6.625836600839651435e-04
6.625845065557901771e-04
6.625853898307380429e-04
6.625863467119314648e-04
6.625873035931249952e-04
6.625883340805640816e-04
6.625893645680032765e-04
6.625904318585651952e-04
6.625915727553727784e-04
6.625927136521803616e-04
6.625938545489880533e-04
6.625951058551641333e-04
6.625963203582173810e-04
6.625976084675162933e-04
6.625989333799380378e-04
6.626002950954826146e-04
6.626016568110271914e-04
6.626031289359401565e-04
6.626045642577303978e-04
6.626060731857663037e-04
6.626076189169249333e-04
6.626091646480836714e-04
6.626107471823652418e-04
6.626124033228923682e-04
6.626140962665423269e-04
6.626157892101923940e-04
6.932904192201589646e-04
6.932904192201589646e-04
6.932904928264046291e-04
6.932905664326502937e-04
6.932906768420187904e-04
6.932908608576328433e-04
6.932910448732470046e-04
6.932913024951068304e-04
6.932915969200893801e-04
6.932918913450720382e-04
6.932922593763002524e-04
6.932926274075285750e-04
6.932930690450024537e-04
6.932935474855991646e-04
6.932940627293187079e-04
6.932945779730383595e-04
6.932951668230035672e-04
6.932957924760916072e-04
6.932964181291796472e-04
6.932971173885133518e-04
6.932978166478470563e-04
6.932986263165491492e-04
6.932994359852513505e-04
6.933002456539535518e-04
6.933011289289013092e-04
6.933020490069720073e-04
6.933030058881654292e-04
6.933039995724817918e-04
6.933049932567980460e-04
6.933061341536057376e-04
6.933072014441676563e-04
6.933082687347295750e-04
6.933095200409056550e-04
6.933106977408361789e-04
6.933119490470122590e-04
6.933132371563111712e-04
6.933145620687329157e-04
6.933159605874002164e-04
6.933173223029447932e-04
6.933187576247350345e-04
6.933202297496481080e-04
6.933217754808067377e-04
6.933233212119654758e-04
6.933249037462470461e-04
6.933265230836513403e-04
6.933281792241785752e-04
6.933298353647057016e-04
6.933316019146013249e-04
6.933333684644970565e-04
6.933351718175155120e-04
7.254353339870278899e-04
7.254353339870278899e-04
7.254354075932734460e-04
7.254355180026419428e-04
7.254356652151332718e-04
7.254358124276246008e-04
7.254360700494843182e-04
7.254362908682213118e-04
7.254365852932039699e-04
7.254369165213093518e-04
7.254373213556605067e-04
7.254376893868887208e-04
7.254381678274854318e-04
7.254386462680821428e-04
7.254392351180474589e-04
7.254398239680126667e-04
7.254403760148550422e-04
7.254410384710659144e-04
7.254417377303996189e-04
7.254424369897333235e-04
7.254432466584354164e-04
7.254440195240147854e-04
7.254449027989626512e-04
7.254457860739104086e-04
7.254467429551039390e-04
7.254476630331746370e-04
7.254486935206137235e-04
7.254497608111756422e-04
7.254507912986148371e-04
7.254519321954224203e-04
7.254530730922300035e-04
7.254543243984060835e-04
7.254555389014593313e-04
7.254568638138810758e-04
7.254581887263028203e-04
7.254595136387245648e-04
7.254609489605148061e-04
7.254623842823050475e-04
7.254638196040952888e-04
7.254654021383767507e-04
7.254669478695354888e-04
7.254685672069397830e-04
7.254702233474670178e-04
7.254718794879941443e-04
7.254735724316441030e-04
7.254753389815398346e-04
7.254771423345582901e-04
7.254789824906995779e-04
7.254808594499636979e-04
7.254827364092278179e-04
7.590091299976197076e-04
7.590092036038653721e-04
7.590092036038653721e-04
7.590093508163565927e-04
7.590094612257250895e-04
7.590096820444620831e-04
7.590099028631989682e-04
7.590101604850587940e-04
7.590104917131642844e-04
7.590108597443924986e-04
7.590112645787435450e-04
7.590116694130946999e-04
7.590121478536914108e-04
7.590126999005337863e-04
7.590132519473761618e-04
7.590138776004642018e-04
7.590145032535522418e-04
7.590152393160087786e-04
7.590159385753424831e-04
7.590167114409218522e-04
7.590175211096240535e-04
7.590183675814489786e-04
7.590192876595196767e-04
7.590202445407130986e-04
7.590212382250294612e-04
7.590222319093457154e-04
7.590232991999077425e-04
7.590244032935924935e-04
7.590255809935229090e-04
7.590267954965761567e-04
7.590279731965066806e-04
7.590292981089283167e-04
7.590305862182273374e-04
7.590319479337718058e-04
7.590333464524392148e-04
7.590348185773522884e-04
7.590363275053881942e-04
7.590378364334239916e-04
7.590393821645827297e-04
7.590410015019870239e-04
7.590426944456370910e-04
7.590443873892870497e-04
7.590461171360598407e-04
7.590478836859555723e-04
7.590496870389740278e-04
7.590515639982381478e-04
7.590534777606251001e-04
7.590554283261348846e-04
7.590574156947675014e-04
7.590594766696457827e-04
7.941370482789116740e-04
7.941370482789116740e-04
7.941370850820343979e-04
7.941372322945257269e-04
7.941374163101398882e-04
7.941375635226312173e-04
7.941378211444909347e-04
7.941381155694735927e-04
7.941384467975789747e-04
7.941388148288072973e-04
7.941392196631583437e-04
7.941396981037550547e-04
7.941402133474747063e-04
7.941407653943170818e-04
7.941413542442822895e-04
7.941419798973703295e-04
7.941427159598268663e-04
7.941434520222834031e-04
7.941441880847399399e-04
7.941450713596876973e-04
7.941459178315127309e-04
7.941468379095833205e-04
7.941477947907768509e-04
7.941487884750931051e-04
7.941498189625322999e-04
7.941509230562170509e-04
7.941520271499018018e-04
7.941532416529551580e-04
7.941544561560084058e-04
7.941556706590616535e-04
7.941569955714833980e-04
7.941583572870279748e-04
7.941597558056952754e-04
7.941611911274855167e-04
7.941626632523985903e-04
7.941642089835573284e-04
7.941657915178387903e-04
7.941674476583660252e-04
7.941690669957703194e-04
7.941707967425431103e-04
7.941725264893160097e-04
7.941743298423344652e-04
7.941761331953529207e-04
7.941780469577398730e-04
7.941799975232496575e-04
7.941819480887594420e-04
7.941840090636377233e-04
7.941860332353931724e-04
7.941882046196398421e-04
7.941902655945181234e-04
8.308961913732243638e-04
8.308962281763471961e-04
8.308963017825928606e-04
8.308964489950841897e-04
8.308965962075754103e-04
8.308968170263124038e-04
8.308970746481722297e-04
8.308973690731547793e-04
8.308977003012602697e-04
8.308981419387341484e-04
8.308985467730851948e-04
8.308990252136820142e-04
8.308996140636472219e-04
8.309001661104895974e-04
8.309007917635776374e-04
8.309014910229113419e-04
8.309022270853678787e-04
8.309029999509471394e-04
8.309038096196493407e-04
8.309046928945972065e-04
8.309056129726677961e-04
8.309065698538613265e-04
8.309075635381775807e-04
8.309086308287396078e-04
8.309097349224243588e-04
8.309108758192319420e-04
8.309120903222851897e-04
8.309133416284612697e-04
8.309146297377601820e-04
8.309159914533047588e-04
8.309173899719721678e-04
8.309187516875167446e-04
8.309202974186754827e-04
8.309218431498341124e-04
8.309233888809928505e-04
8.309250082183971447e-04
8.309266275558015473e-04
8.309283941056971705e-04
8.309301606555927937e-04
8.309319272054885254e-04
8.309338409678754776e-04
8.309357179271395976e-04
8.309376684926493822e-04
8.309396558612819990e-04
8.309417168361602803e-04
8.309438146141612854e-04
8.309459491952852312e-04
8.309481205795320093e-04
8.309503287669015113e-04
8.309526105605167861e-04
8.692801187340633241e-04
8.692801555371861564e-04
8.692802659465546531e-04
8.692803763559231499e-04
8.692805235684143705e-04
8.692807443871513641e-04
8.692810020090111899e-04
8.692813700402394041e-04
8.692817380714676183e-04
8.692821061026959409e-04
8.692826213464154841e-04
8.692831733932578596e-04
8.692837254401002351e-04
8.692843142900654428e-04
8.692850503525219796e-04
8.692857128087328519e-04
8.692865224774350532e-04
8.692873321461372545e-04
8.692881786179621796e-04
8.692891723022785422e-04
8.692900923803491319e-04
8.692910860646654945e-04
8.692921901583502454e-04
8.692932942520351048e-04
8.692945087550883526e-04
8.692957232581416003e-04
8.692969745643176803e-04
8.692982994767394249e-04
8.692996611922840016e-04
8.693010965140741345e-04
8.693025318358643758e-04
8.693041143701459462e-04
8.693056601013045758e-04
8.693072426355861462e-04
8.693089355792361049e-04
8.693106653260090043e-04
8.693124318759046275e-04
8.693142352289230830e-04
8.693161121881872030e-04
8.693179891474513230e-04
8.693199765160839398e-04
8.693220006878393889e-04
8.693240616627176702e-04
8.693261594407187837e-04
8.693283308249654534e-04
8.693305022092122315e-04
8.693328208059502302e-04
8.693351025995655051e-04
8.693375316056720006e-04
8.693399606117784961e-04
9.094414529117882421e-04
9.094414897149110744e-04
9.094415633211567389e-04
9.094417105336480680e-04
9.094418945492622293e-04
9.094421153679991144e-04
9.094424097929817725e-04
9.094427778242099867e-04
9.094431458554383093e-04
9.094435874929121880e-04
9.094441027366317312e-04
9.094446915865969389e-04
9.094452436334393144e-04
9.094458692865274628e-04
9.094466421521067235e-04
9.094473782145632602e-04
9.094481878832654615e-04
9.094491079613361596e-04
9.094499912362839170e-04
9.094509481174774474e-04
9.094519786049165338e-04
9.094530826986012848e-04
9.094542235954089764e-04
9.094554380984622242e-04
9.094566526015154719e-04
9.094579039076915519e-04
9.094592656232361287e-04
9.094606641419035378e-04
9.094621362668165029e-04
9.094636451948524087e-04
9.094651541228883146e-04
9.094667734602926087e-04
9.094684664039426759e-04
9.094701961507154668e-04
9.094719627006110901e-04
9.094737660536295456e-04
9.094756062097709417e-04
9.094775199721578940e-04
9.094795441439132346e-04
9.094815683156686837e-04
9.094836660936697972e-04
9.094858006747937431e-04
9.094879720590404127e-04
9.094902538526556876e-04
9.094924988431480218e-04
9.094948542430089612e-04
9.094972832491154567e-04
9.094996754520991199e-04
9.095021780644512799e-04
9.095048278892947690e-04
9.514653195294960411e-04
9.514653195294960411e-04
9.514654299388644295e-04
9.514655771513557585e-04
9.514657611669699198e-04
9.514659819857069134e-04
9.514663132138122953e-04
9.514666812450406179e-04
9.514670860793916643e-04
9.514675277168655430e-04
9.514681165668307508e-04
9.514687054167959585e-04
9.514692942667612747e-04
9.514699935260948708e-04
9.514707663916742398e-04
9.514715760603764411e-04
9.514724593353243070e-04
9.514733426102720644e-04
9.514743730977112592e-04
9.514753667820275134e-04
9.514764708757122644e-04
9.514776117725199560e-04
9.514788262755732038e-04
9.514800775817492838e-04
9.514813656910481960e-04
9.514827642097156051e-04
9.514841995315057380e-04
9.514857084595416438e-04
9.514872173875775496e-04
9.514887999218590115e-04
9.514904560623862464e-04
9.514921490060362051e-04
9.514939155559318283e-04
9.514957189089503923e-04
9.514975590650916800e-04
9.514995096306014645e-04
9.515014601961112491e-04
9.515035211709895304e-04
9.515056189489905355e-04
9.515077903332373136e-04
9.515099617174840917e-04
9.515122435110992581e-04
9.515145621078373653e-04
9.515169543108210285e-04
9.515193833169275240e-04
9.515218491261568518e-04
9.515243517385090118e-04
9.515270015633525008e-04
9.515295777819503253e-04
9.515323748192851434e-04
9.953137009613070678e-04
9.953137377644299000e-04
9.953138113706755646e-04
9.953139585831668936e-04
9.953141794019038872e-04
9.953144738268865453e-04
9.953147682518689865e-04
9.953151362830973091e-04
9.953156147236941285e-04
9.953161299674135633e-04
9.953166084080103827e-04
9.953172708642213633e-04
9.953179701235549594e-04
9.953187429891342201e-04
9.953195158547136975e-04
9.953203623265386227e-04
9.953212456014863801e-04
9.953222392858028511e-04
9.953233065763647698e-04
9.953244106700495208e-04
9.953255515668571040e-04
9.953267292667875195e-04
9.953280173760864318e-04
9.953293422885081763e-04
9.953307776102984176e-04
9.953322129320886589e-04
9.953336850570017325e-04
9.953352675912833028e-04
9.953368869286874886e-04
9.953385430692147234e-04
9.953403464222332873e-04
9.953421129721288022e-04
9.953440267345158628e-04
9.953459404969027067e-04
9.953478910624125996e-04
9.953499520372907725e-04
9.953520498152919945e-04
9.953542211995386642e-04
9.953564293869081661e-04
9.953587111805235494e-04
9.953610297772615481e-04
9.953634587833680436e-04
9.953659245925973714e-04
9.953683904018266991e-04
9.953710034235473559e-04
9.953736532483908449e-04
9.953763030732343340e-04
9.953791001105691521e-04
9.953818971479039702e-04
9.953847677914842360e-04
1.041192547482556498e-03
1.041192584285679330e-03
1.041192657891924995e-03
1.041192841907539156e-03
1.041193025923153317e-03
1.041193320348135758e-03
1.041193688379364081e-03
1.041194130016838068e-03
1.041194571654311838e-03
1.041195086898031490e-03
1.041195712551119422e-03
1.041196338204207570e-03
1.041197074266663998e-03
1.041197883935366308e-03
1.041198693604068401e-03
1.041199613682138991e-03
1.041200570563332629e-03
1.041201601050771716e-03
1.041202705144456467e-03
1.041203846041264050e-03
1.041205097347440130e-03
1.041206348653616210e-03
1.041207747172283619e-03
1.041209108887828196e-03
1.041210617815864102e-03
1.041212126743900008e-03
1.041213746081304410e-03
1.041215402221831428e-03
1.041217095165481495e-03
1.041218898518500059e-03
1.041220738674641239e-03
1.041222689240151131e-03
1.041224639805660808e-03
1.041226663977416365e-03
1.041228798558540202e-03
1.041230933139664040e-03
1.041233178130156374e-03
1.041235423120648925e-03
1.041237815323632588e-03
1.041240207526616252e-03
1.041242673335845579e-03
1.041245249554443404e-03
1.041247825773041228e-03
1.041250512401007550e-03
1.041253235832096703e-03
1.041256032869431521e-03
1.041258903513012004e-03
1.041261774156592270e-03
1.041264792012664081e-03
1.041267736262490229e-03
1.089190996256728886e-03
1.089190996256728886e-03
1.089191143469220215e-03
1.089191290681711327e-03
1.089191511500448321e-03
1.089191805925430979e-03
1.089192173956659302e-03
1.089192615594133072e-03
1.089193094034729891e-03
1.089193646081572375e-03
1.089194308537783139e-03
1.089194970993994120e-03
1.089195780662696213e-03
1.089196627134521138e-03
1.089197510409469112e-03
1.089198467290662534e-03
1.089199497778101620e-03
1.089200601871786371e-03
1.089201742768593955e-03
1.089202957271647202e-03
1.089204245380946115e-03
1.089205643899613524e-03
1.089207042418280933e-03
1.089208551346316839e-03
1.089210097077475577e-03
1.089211716414879979e-03
1.089213409358529830e-03
1.089215212711548393e-03
1.089216979261444125e-03
1.089218893023830969e-03
1.089220880392463694e-03
1.089222904564219035e-03
1.089224965539097208e-03
1.089227136923344094e-03
1.089229345110713596e-03
1.089231663707451595e-03
1.089233982304189594e-03
1.089236448113418921e-03
1.089238913922648466e-03
1.089241490141246290e-03
1.089244103162966947e-03
1.089246789790933269e-03
1.089249550025145038e-03
1.089252347062479856e-03
1.089255254509183170e-03
1.089258125152763653e-03
1.089261290221326577e-03
1.089264234471152724e-03
1.089267399539715865e-03
1.089270711820770118e-03
1.139278316676264283e-03
1.139278316676264283e-03
1.139278463888755612e-03
1.139278647904369774e-03
1.139278868723106767e-03
1.139279199951212258e-03
1.139279604785563196e-03
1.139280009619914351e-03
1.139280561666756834e-03
1.139281150516721934e-03
1.139281849776055747e-03
1.139282549035389343e-03
1.139283395507214268e-03
1.139284278782162242e-03
1.139285198860232832e-03
1.139286229347671918e-03
1.139287333441356669e-03
1.139288511141287085e-03
1.139289688841217717e-03
1.139291013753639462e-03
1.139292412272306654e-03
1.139293847594096895e-03
1.139295356522132801e-03
1.139296902253291539e-03
1.139298558393818774e-03
1.139300288140591456e-03
1.139302054690487188e-03
1.139303931649751416e-03
1.139305882215261093e-03
1.139307906387016433e-03
1.139309967361894823e-03
1.139312138746141493e-03
1.139314310130388162e-03
1.139316591924003546e-03
1.139318947323864377e-03
1.139321339526848040e-03
1.139323842139200200e-03
1.139326418357798024e-03
1.139329068182641513e-03
1.139331791613730667e-03
1.139334551847942653e-03
1.139337385688400303e-03
1.139340329938226233e-03
1.139343274188052381e-03
1.139346365650369857e-03
1.139349530718932781e-03
1.139352695787495921e-03
1.139355934462304510e-03
1.139359320349604644e-03
1.139362706236904561e-03
1.191681620812122836e-03
1.191681657615245669e-03
1.191681804827736998e-03
1.191681952040228327e-03
1.191682209662088153e-03
1.191682540890193643e-03
1.191682945724544581e-03
1.191683424165141400e-03
1.191683976211983884e-03
1.191684638668194648e-03
1.191685337927528244e-03
1.191686110793107722e-03
1.191686957264932647e-03
1.191687914146126069e-03
1.191688944633565372e-03
1.191690048727250123e-03
1.191691152820934874e-03
1.191692404127110954e-03
1.191693655433287034e-03
1.191695053951954443e-03
1.191696526076867517e-03
1.191698071808026255e-03
1.191699617539184776e-03
1.191701347285957675e-03
1.191703040229607742e-03
1.191704843582626090e-03
1.191706757345013150e-03
1.191708781516768491e-03
1.191710805688524048e-03
1.191712940269647886e-03
1.191715148457017388e-03
1.191717356644387106e-03
1.191719712044247937e-03
1.191722177853477265e-03
1.191724643662706593e-03
1.191727219881304417e-03
1.191729869706147906e-03
1.191732593137237060e-03
1.191735353371449046e-03
1.191738224015029528e-03
1.191741168264855459e-03
1.191744186120927270e-03
1.191747277583244747e-03
1.191750479454930503e-03
1.191753644523493643e-03
1.191757030410793561e-03
1.191760416298093478e-03
1.191763802185393612e-03
1.191767335285184859e-03
1.191770941991221770e-03
1.246495787114950066e-03
1.246495823918072898e-03
1.246496007933687060e-03
1.246496191949301221e-03
1.246496412768038214e-03
1.246496817602389369e-03
1.246497185633617475e-03
1.246497700877337127e-03
1.246498363333547891e-03
1.246498988986636039e-03
1.246499725049092467e-03
1.246500571520917609e-03
1.246501491598988199e-03
1.246502448480181621e-03
1.246503515770743540e-03
1.246504656667551123e-03
1.246505907973727420e-03
1.246507196083026332e-03
1.246508594601693524e-03
1.246509993120360933e-03
1.246511575654642504e-03
1.246513158188924074e-03
1.246514851132574141e-03
1.246516691288715320e-03
1.246518494641733884e-03
1.246520445207243560e-03
1.246522469378999118e-03
1.246524530353877291e-03
1.246526701738123960e-03
1.246528946728616511e-03
1.246531302128477342e-03
1.246533694331461006e-03
1.246536160140690333e-03
1.246538699556165326e-03
1.246541349381008815e-03
1.246544109615220801e-03
1.246546869849432786e-03
1.246549777296136101e-03
1.246552758349084864e-03
1.246555739402033843e-03
1.246558867667474152e-03
1.246562069539159908e-03
1.246565345017091545e-03
1.246568730904391463e-03
1.246572116791691380e-03
1.246575576285237179e-03
1.246579182991274090e-03
1.246582863303556665e-03
1.246586617222084905e-03
1.246590371140613145e-03
1.303683202793217690e-03
1.303683202793217690e-03
1.303683350005709020e-03
1.303683570824446013e-03
1.303683828446305839e-03
1.303684233280656994e-03
1.303684674918130764e-03
1.303685226964973248e-03
1.303685852618061180e-03
1.303686551877394992e-03
1.303687398349219918e-03
1.303688244821045060e-03
1.303689201702238482e-03
1.303690195386554736e-03
1.303691336283362319e-03
1.303692587589538399e-03
1.303693875698837311e-03
1.303695200611259056e-03
1.303696672736172129e-03
1.303698255270453700e-03
1.303699911410980718e-03
1.303701567551507953e-03
1.303703370904526516e-03
1.303705284666913360e-03
1.303707235232423253e-03
1.303709259404178594e-03
1.303711393985302648e-03
1.303713602172672150e-03
1.303715920769410149e-03
1.303718276169270980e-03
1.303720741978500307e-03
1.303723281393975300e-03
1.303725931218818789e-03
1.303728654649907942e-03
1.303731451687242760e-03
1.303734322330823243e-03
1.303737266580649390e-03
1.303740284436720985e-03
1.303743449505284126e-03
1.303746651376969882e-03
1.303749963658024352e-03
1.303753275939078604e-03
1.303756809038870068e-03
1.303760342138661314e-03
1.303764022450943890e-03
1.303767702763226465e-03
1.303771456681754705e-03
1.303775357812774274e-03
1.303779332550039508e-03
1.303783307287304741e-03
1.363510616881169263e-03
1.363510653684292095e-03
1.363510800896783424e-03
1.363511021715520417e-03
1.363511352943625908e-03
1.363511684171731181e-03
1.363512199415450833e-03
1.363512788265416149e-03
1.363513450721626913e-03
1.363514223587206390e-03
1.363515033255908483e-03
1.363515990137101905e-03
1.363516983821418159e-03
1.363518087915103127e-03
1.363519265615033543e-03
1.363520590527455287e-03
1.363521915439877032e-03
1.363523387564789888e-03
1.363524933295948626e-03
1.363526589436475861e-03
1.363528282380125928e-03
1.363530085733144276e-03
1.363531999495531336e-03
1.363533986864163845e-03
1.363536084642165067e-03
1.363538256026411736e-03
1.363540501016904070e-03
1.363542856416764901e-03
1.363545248619748781e-03
1.363547824838346606e-03
1.363550401056944431e-03
1.363553087684910535e-03
1.363555847919122521e-03
1.363558718562703003e-03
1.363561699615651983e-03
1.363564754274846410e-03
1.363567882540286718e-03
1.363571084411972691e-03
1.363574433496149776e-03
1.363577819383449694e-03
1.363581278876995493e-03
1.363584848779909571e-03
1.363588529092192147e-03
1.363592283010720387e-03
1.363596110535494291e-03
1.363600158879005190e-03
1.363604133616270423e-03
1.363608255566026986e-03
1.363612377515783548e-03
1.363616646678031223e-03
1.426081335744577589e-03
1.426081335744577589e-03
1.426081519760191750e-03
1.426081777382051576e-03
1.426082071807034234e-03
1.426082513444508005e-03
1.426083028688227656e-03
1.426083617538192756e-03
1.426084353600649401e-03
1.426085126466228661e-03
1.426086046544299251e-03
1.426087003425492890e-03
1.426088033912931976e-03
1.426089248415985224e-03
1.426090499722161304e-03
1.426091861437705881e-03
1.426093259956373290e-03
1.426094879293777692e-03
1.426096498631181878e-03
1.426098191574831945e-03
1.426100068534096174e-03
1.426101945493360185e-03
1.426103969665115743e-03
1.426106067443116748e-03
1.426108312433609082e-03
1.426110594227224249e-03
1.426112912823962464e-03
1.426115415436314624e-03
1.426117991654912449e-03
1.426120641479755938e-03
1.426123438517090756e-03
1.426126309160671022e-03
1.426129216607374336e-03
1.426132271266568980e-03
1.426135399532009072e-03
1.426138675009940709e-03
1.426141913684749298e-03
1.426145336375172264e-03
1.426148869474963511e-03
1.426152476181000422e-03
1.426156119690160165e-03
1.426159947214934070e-03
1.426163774739707974e-03
1.426167823083218872e-03
1.426171945032975435e-03
1.426176066982731997e-03
1.426180336144979889e-03
1.426184678913473228e-03
1.426189021681966785e-03
1.426193585269197118e-03
1.491380858953049145e-03
1.491380932559294810e-03
1.491381116574908971e-03
1.491381300590523132e-03
1.491381668621751238e-03
1.491382110259225225e-03
1.491382662306067709e-03
1.491383287959155641e-03
1.491384024021612286e-03
1.491384870493437211e-03
1.491385827374630633e-03
1.491386857862069719e-03
1.491387998758877519e-03
1.491389250065053599e-03
1.491390611780598176e-03
1.491392010299265368e-03
1.491393519227301274e-03
1.491395175367828509e-03
1.491396941917724241e-03
1.491398708467619755e-03
1.491400659033129648e-03
1.491402720008007821e-03
1.491404817786009043e-03
1.491407099579624210e-03
1.491409418176362208e-03
1.491411847182468704e-03
1.491414312991698032e-03
1.491416962816541521e-03
1.491419686247630674e-03
1.491422483284965492e-03
1.491425427534791640e-03
1.491428518997108899e-03
1.491431573656303543e-03
1.491434812331112131e-03
1.491438087809043769e-03
1.491441510499466518e-03
1.491445006796134932e-03
1.491448650305294893e-03
1.491452367420700300e-03
1.491456194945474205e-03
1.491460096076493774e-03
1.491464070813759007e-03
1.491468192763515570e-03
1.491472461925763245e-03
1.491476731088011137e-03
1.491481147462750357e-03
1.491485637443735026e-03
1.491490274637211023e-03
1.491494985436932902e-03
1.491499696236654564e-03
1.559690951214940443e-03
1.559690988018063275e-03
1.559691172033677437e-03
1.559691466458660095e-03
1.559691834489888417e-03
1.559692276127362187e-03
1.559692828174204671e-03
1.559693527433538267e-03
1.559694337102240577e-03
1.559695183574065502e-03
1.559696214061504589e-03
1.559697318155189340e-03
1.559698532658242588e-03
1.559699820767541717e-03
1.559701219286208909e-03
1.559702765017367647e-03
1.559704347551649217e-03
1.559706114101544949e-03
1.559707954257686128e-03
1.559709868020073189e-03
1.559711892191828530e-03
1.559714100379198031e-03
1.559716345369690583e-03
1.559718663966428581e-03
1.559721166578780741e-03
1.559723705994255733e-03
1.559726392622222055e-03
1.559729189659556873e-03
1.559732023500014523e-03
1.559735041356086118e-03
1.559738132818403594e-03
1.559741334690089350e-03
1.559744646971143820e-03
1.559748069661566570e-03
1.559751565958234984e-03
1.559755172664272112e-03
1.559758889779677520e-03
1.559762717304451424e-03
1.559766692041716658e-03
1.559770740385227556e-03
1.559774788728738454e-03
1.559779057890986129e-03
1.559783474265725349e-03
1.559787890640464353e-03
1.559792380621449238e-03
1.559797165027416565e-03
1.559801875827138444e-03
1.559806733839351435e-03
1.559811739064055755e-03
1.559816744288760075e-03
1.631122573945572316e-03
1.631122573945572316e-03
1.631122794764309309e-03
1.631123052386169135e-03
1.631123420417397241e-03
1.631123935661116893e-03
1.631124561314205041e-03
1.631125297376661469e-03
1.631126143848486395e-03
1.631127063926557201e-03
1.631128094413996288e-03
1.631129272113926703e-03
1.631130523420102783e-03
1.631131921938770192e-03
1.631133430866806098e-03
1.631135013401087668e-03
1.631136743147860351e-03
1.631138620107124579e-03
1.631140533869511423e-03
1.631142594844389813e-03
1.631144766228636482e-03
1.631147011219128817e-03
1.631149403422112480e-03
1.631151906034464640e-03
1.631154482253062464e-03
1.631157242487274450e-03
1.631160113130854933e-03
1.631162983774435415e-03
1.631166075236752892e-03
1.631169203502192983e-03
1.631172478980124621e-03
1.631175901670547370e-03
1.631179397967215785e-03
1.631182967870129863e-03
1.631186684985535488e-03
1.631190512510309392e-03
1.631194450444451794e-03
1.631198535591085307e-03
1.631202657540841870e-03
1.631206926703089762e-03
1.631211343077828982e-03
1.631215833058813651e-03
1.631220470252289648e-03
1.631225181052011527e-03
1.631229965457978853e-03
1.631234823470191844e-03
1.631239975907387493e-03
1.631245128344583142e-03
1.631250280781778791e-03
1.631255801250202763e-03
1.705675763948067379e-03
1.705675837554313044e-03
1.705675984766804373e-03
1.705676279191787031e-03
1.705676720829261018e-03
1.705677236072980453e-03
1.705677861726068601e-03
1.705678634591647862e-03
1.705679554669718451e-03
1.705680511550912090e-03
1.705681615644596841e-03
1.705682903753895753e-03
1.705684228666317498e-03
1.705685700791230571e-03
1.705687283325511925e-03
1.705689013072284824e-03
1.705690779622180556e-03
1.705692766990813064e-03
1.705694791162568622e-03
1.705696962546815292e-03
1.705699281143553290e-03
1.705701673346536953e-03
1.705704212762011946e-03
1.705706825783732603e-03
1.705709586017944588e-03
1.705712456661525071e-03
1.705715474517596883e-03
1.705718565979914142e-03
1.705721804654722947e-03
1.705725153738900032e-03
1.705728613232445831e-03
1.705732219938482742e-03
1.705735863447642485e-03
1.705739727775539222e-03
1.705743665709681623e-03
1.705747714053192522e-03
1.705751872806071916e-03
1.705756141968319591e-03
1.705760558343058812e-03
1.705765121930289145e-03
1.705769685517519695e-03
1.705774469923487021e-03
1.705779254329454347e-03
1.705784406766649997e-03
1.705789411991354533e-03
1.705794711641041295e-03
1.705800011290728273e-03
1.705805458152906580e-03
1.705811052227576216e-03
1.705816793514736964e-03
1.783661912444657344e-03
1.783661949247780177e-03
1.783662133263394338e-03
1.783662464491499828e-03
1.783662906128973815e-03
1.783663458175816082e-03
1.783664120632027063e-03
1.783664967103851988e-03
1.783665850378799746e-03
1.783666917669361881e-03
1.783668132172415129e-03
1.783669420281714041e-03
1.783670855603504066e-03
1.783672401334662804e-03
1.783674094278312871e-03
1.783675860828208603e-03
1.783677774590595446e-03
1.783679835565473836e-03
1.783682006949720506e-03
1.783684325546458505e-03
1.783686791355687832e-03
1.783689293968039992e-03
1.783691980596006314e-03
1.783694777633341132e-03
1.783697721883167279e-03
1.783700739739238874e-03
1.783703904807802014e-03
1.783707217088856267e-03
1.783710602976156401e-03
1.783714136075947648e-03
1.783717816388230223e-03
1.783721607109881296e-03
1.783725545044023697e-03
1.783729556584411763e-03
1.783733752140413990e-03
1.783738021302661882e-03
1.783742400874278053e-03
1.783747038067754268e-03
1.783751601654984600e-03
1.783756386060951927e-03
1.783761244073165135e-03
1.783766322904115119e-03
1.783771475341310768e-03
1.783776774990997746e-03
1.783782148246930172e-03
1.783787742321599808e-03
1.783793336396269445e-03
1.783799151289675857e-03
1.783805113395573816e-03
1.783811149107717223e-03
1.865206223659196527e-03
1.865206297265442192e-03
1.865206481281056353e-03
1.865206812509161843e-03
1.865207254146635614e-03
1.865207879799723762e-03
1.865208615862180190e-03
1.865209462334005332e-03
1.865210456018321587e-03
1.865211523308883505e-03
1.865212811418182418e-03
1.865214173133726994e-03
1.865215682061762900e-03
1.865217375005412967e-03
1.865219104752185650e-03
1.865221018514572711e-03
1.865223079489450883e-03
1.865225214070574938e-03
1.865227532667312936e-03
1.865229961673419432e-03
1.865232537892017256e-03
1.865235261323106410e-03
1.865238058360441228e-03
1.865241002610267158e-03
1.865244094072584635e-03
1.865247295944270607e-03
1.865250645028447693e-03
1.865254141325116107e-03
1.865257784834275850e-03
1.865261538752804307e-03
1.865265439883823659e-03
1.865269414621088893e-03
1.865273536570845455e-03
1.865277879339339012e-03
1.865282258910955183e-03
1.865286785695062901e-03
1.865291496494784563e-03
1.865296207294506441e-03
1.865301138912965097e-03
1.865306217743915081e-03
1.865311370181110730e-03
1.865316743437043373e-03
1.865322190299221680e-03
1.865327710767645435e-03
1.865333452054806400e-03
1.865339414160704142e-03
1.865345376266602101e-03
1.865351485584991172e-03
1.865357668509625907e-03
1.865364072252997637e-03
1.950350137907987114e-03
1.950350174711109946e-03
1.950350358726724107e-03
1.950350726757952430e-03
1.950351168395426200e-03
1.950351830851637181e-03
1.950352603717216441e-03
1.950353486992164199e-03
1.950354517479603502e-03
1.950355731982656750e-03
1.950357020091955662e-03
1.950358492216868736e-03
1.950360111554272921e-03
1.950361841301045821e-03
1.950363755063432881e-03
1.950365742432065390e-03
1.950367877013189227e-03
1.950370195609927443e-03
1.950372624616033938e-03
1.950375200834631763e-03
1.950377924265720916e-03
1.950380758106178350e-03
1.950383739159127329e-03
1.950386904227690470e-03
1.950390179705621891e-03
1.950393565592921808e-03
1.950397172298958936e-03
1.950400815808118679e-03
1.950404680136015416e-03
1.950408618070157817e-03
1.950412703216791548e-03
1.950416972379039222e-03
1.950421351950655611e-03
1.950425915537885944e-03
1.950430515928239326e-03
1.950435373940452317e-03
1.950440231952665308e-03
1.950445384389860957e-03
1.950450536827056606e-03
1.950455910082989248e-03
1.950461504157658885e-03
1.950467024626082856e-03
1.950472913125734934e-03
1.950478728019141563e-03
1.950484763731284970e-03
1.950491020262165370e-03
1.950497350399291435e-03
1.950503827748908828e-03
1.950510452311017551e-03
1.950517150479371938e-03
2.039411045322281173e-03
2.039411118928526837e-03
2.039411339747263831e-03
2.039411707778492153e-03
2.039412223022211805e-03
2.039412885478422352e-03
2.039413695147124662e-03
2.039414652028318301e-03
2.039415756122002835e-03
2.039417007428179131e-03
2.039418405946846324e-03
2.039419951678005279e-03
2.039421644621655129e-03
2.039423484777796308e-03
2.039425508949551866e-03
2.039427606727553088e-03
2.039429925324290870e-03
2.039432317527274750e-03
2.039434930548995190e-03
2.039437617176961728e-03
2.039440487820542210e-03
2.039443505676614022e-03
2.039446707548299778e-03
2.039450056632476863e-03
2.039453442519776998e-03
2.039457049225813692e-03
2.039460803144342149e-03
2.039464704275361501e-03
2.039468789421995231e-03
2.039472948174874626e-03
2.039477327746491014e-03
2.039481780924353067e-03
2.039486418117829065e-03
2.039491202523796391e-03
2.039496207748500711e-03
2.039501286579450696e-03
2.039506512622892009e-03
2.039511885878824652e-03
2.039517332741002959e-03
2.039522926815672595e-03
2.039528815315324890e-03
2.039534851027468079e-03
2.039540886739611703e-03
2.039547143270492319e-03
2.039553620620109496e-03
2.039560097969727107e-03
2.039566796138081277e-03
2.039573715125172441e-03
2.039580634112264038e-03
2.039587847524337860e-03
2.132529165800046197e-03
2.132529276209414910e-03
2.132529497028151904e-03
2.132529901862502842e-03
2.132530417106222494e-03
2.132531116365556090e-03
2.132531999640504064e-03
2.132532993324820318e-03
2.132534134221627901e-03
2.132535459134049429e-03
2.132536968062085335e-03
2.132538624202612570e-03
2.132540390752508085e-03
2.132542304514895362e-03
2.132544439096019200e-03
2.132546720889634366e-03
2.132549076289495197e-03
2.132551689311216071e-03
2.132554449545427840e-03
2.132557320189008322e-03
2.132560301241957085e-03
2.132563539916765890e-03
2.132566889000942975e-03
2.132570385297611389e-03
2.132574028806771133e-03
2.132577856331545254e-03
2.132581831068810271e-03
2.132585989821689666e-03
2.132590222180814725e-03
2.132594675358676778e-03
2.132599275749030160e-03
2.132604023351874437e-03
2.132608918167210477e-03
2.132613996998160462e-03
2.132619223041601775e-03
2.132624596297534418e-03
2.132630116765958390e-03
2.132635784446873690e-03
2.132641672946525551e-03
2.132647635052423510e-03
2.132653744370812798e-03
2.132660148114184310e-03
2.132666478251310591e-03
2.132673250025910426e-03
2.132679948194265030e-03
2.132686940787601858e-03
2.132693933380938687e-03
2.132701220399258173e-03
2.132708581023823324e-03
2.132716236073371133e-03
2.229779172877496482e-03
2.229779246483742147e-03
2.229779504105601756e-03
2.229779945743075743e-03
2.229780497789918443e-03
2.229781270655497704e-03
2.229782153930445245e-03
2.229783221221007597e-03
2.229784472527183460e-03
2.229785834242728037e-03
2.229787453580132223e-03
2.229789183326905122e-03
2.229791060286169350e-03
2.229793158064170572e-03
2.229795366251540074e-03
2.229797758454523521e-03
2.229800297869998730e-03
2.229803021301087883e-03
2.229805928747790982e-03
2.229808946603862793e-03
2.229812148475548549e-03
2.229815534362848684e-03
2.229819104265762762e-03
2.229822821381168170e-03
2.229826685709064907e-03
2.229830697249452973e-03
2.229834929608578032e-03
2.229839272377071371e-03
2.229843799161179089e-03
2.229848546764023800e-03
2.229853367973113742e-03
2.229858373197818062e-03
2.229863599241259375e-03
2.229868972497192018e-03
2.229874419359370325e-03
2.229880160646531290e-03
2.229886049146183585e-03
2.229892011252081110e-03
2.229898267782961727e-03
2.229904524313842343e-03
2.229911075269705185e-03
2.229917699831814124e-03
2.229924471606413959e-03
2.229931537805996452e-03
2.229938751218070274e-03
2.229945964630144530e-03
2.229953546073446674e-03
2.229961274729240148e-03
2.229969076991279286e-03
2.229977026465809753e-03
2.331500280937719941e-03
2.331500354543965606e-03
2.331500612165825215e-03
2.331501017000176586e-03
2.331501642653264518e-03
2.331502378715721163e-03
2.331503372400037417e-03
2.331504550099967616e-03
2.331505838209266528e-03
2.331507347137302434e-03
2.331508966474707054e-03
2.331510806630848233e-03
2.331512830802603790e-03
2.331514965383727628e-03
2.331517320783588459e-03
2.331519860199063234e-03
2.331522546827029772e-03
2.331525454273732870e-03
2.331528472129804682e-03
2.331531710804613487e-03
2.331535133495036237e-03
2.331538703397950316e-03
2.331542457316478772e-03
2.331546358447498125e-03
2.331550480397254904e-03
2.331554749559502579e-03
2.331559165934241583e-03
2.331563803127717580e-03
2.331568624336807956e-03
2.331573592758389660e-03
2.331578671589339645e-03
2.331583971239026623e-03
2.331589565313695826e-03
2.331595232994611126e-03
2.331601047888017756e-03
2.331607009993915715e-03
2.331613266524795898e-03
2.331619596661922179e-03
2.331626074011539356e-03
2.331632845786139625e-03
2.331639764773230789e-03
2.331646830972813281e-03
2.331653970778641873e-03
2.331661478615698353e-03
2.331668986452754833e-03
2.331676788714793971e-03
2.331684664583078773e-03
2.331692761270100570e-03
2.331701152382104590e-03
2.331709543494109044e-03
2.437856742317889413e-03
2.437856852727257693e-03
2.437857110349117735e-03
2.437857551986591723e-03
2.437858251245925319e-03
2.437859097717750244e-03
2.437860054598943883e-03
2.437861305905119746e-03
2.437862704423787372e-03
2.437864213351822844e-03
2.437865979901718792e-03
2.437867930467228252e-03
2.437870065048352523e-03
2.437872346841967689e-03
2.437874849454319849e-03
2.437877499279163338e-03
2.437880369922743821e-03
2.437883387778815632e-03
2.437886626453624004e-03
2.437890049144046754e-03
2.437893655850083881e-03
2.437897409768612338e-03
2.437901421309000404e-03
2.437905543258756750e-03
2.437909886027250089e-03
2.437914412811357807e-03
2.437919086807956853e-03
2.437923981623292460e-03
2.437929097257365493e-03
2.437934323300806807e-03
2.437939843769230779e-03
2.437945437843900415e-03
2.437951179131060946e-03
2.437957214843204570e-03
2.437963324161593857e-03
2.437969727904965370e-03
2.437976205254582980e-03
2.437983050635428479e-03
2.437989896016273979e-03
2.437997035822102570e-03
2.438004322840422056e-03
2.438011683464987207e-03
2.438019485727026345e-03
2.438027287989065484e-03
2.438035311069841615e-03
2.438043554969354740e-03
2.438051872475113097e-03
2.438060484405854544e-03
2.438069243549087321e-03
2.438078076298565329e-03
2.548975490988631895e-03
2.548975601398000609e-03
2.548975895822982833e-03
2.548976411066702485e-03
2.548977073522913465e-03
2.548977993600984055e-03
2.548979024088423358e-03
2.548980312197722271e-03
2.548981784322635127e-03
2.548983440463162362e-03
2.548985243816180926e-03
2.548987304791059099e-03
2.548989586584674265e-03
2.548992015590780761e-03
2.548994665415624250e-03
2.548997462452959068e-03
2.549000517112153495e-03
2.549003718983839685e-03
2.549007104871139386e-03
2.549010748380299562e-03
2.549014539101950635e-03
2.549018550642338267e-03
2.549022746198340711e-03
2.549027125769957099e-03
2.549031689357187432e-03
2.549036510566277808e-03
2.549041478987859079e-03
2.549046631425054728e-03
2.549052004680987370e-03
2.549057598755657007e-03
2.549063266436572307e-03
2.549069302148715497e-03
2.549075337860859120e-03
2.549081815210476731e-03
2.549088218953848243e-03
2.549094990728448078e-03
2.549101909715539675e-03
2.549109049521367833e-03
2.549116410145932984e-03
2.549123917982989464e-03
2.549131573032537273e-03
2.549139448900822075e-03
2.549147619194089536e-03
2.549155863093602661e-03
2.549164327811852780e-03
2.549173013348839459e-03
2.549181919704563565e-03
2.549190899666532902e-03
2.549200247659730995e-03
2.549209669259174318e-03
2.665201151392091426e-03
2.665201261801459706e-03
2.665201593029565413e-03
2.665202108273284631e-03
2.665202807532618661e-03
2.665203727610689251e-03
2.665204868507496834e-03
2.665206193419918362e-03
2.665207739151077317e-03
2.665209505700972831e-03
2.665211456266482724e-03
2.665213664453852226e-03
2.665215983050590008e-03
2.665218596072310882e-03
2.665221356306522651e-03
2.665224374162594462e-03
2.665227576034280219e-03
2.665230961921580353e-03
2.665234605430740096e-03
2.665238396152391168e-03
2.665242407692779234e-03
2.665246676855027343e-03
2.665251093229766347e-03
2.665255730423242344e-03
2.665260551632332719e-03
2.665265667266405319e-03
2.665270893309846633e-03
2.665276340172024940e-03
2.665282007852940241e-03
2.665287896352592535e-03
2.665293932064735725e-03
2.665300262201862006e-03
2.665306886763970512e-03
2.665313511326079451e-03
2.665320356706924951e-03
2.665327496512753108e-03
2.665334857137318693e-03
2.665342364974375173e-03
2.665350093630168647e-03
2.665358043104699114e-03
2.665366213397966141e-03
2.665374604509970595e-03
2.665383142834466378e-03
2.665391901977698721e-03
2.665400808333422827e-03
2.665410082720374822e-03
2.665419357107327251e-03
2.665429073131753233e-03
2.665438715549933550e-03
2.665448799605587855e-03
2.786720904210960789e-03
2.786721051423452118e-03
2.786721419454680441e-03
2.786721934698400092e-03
2.786722670760856304e-03
2.786723627642049943e-03
2.786724878948226240e-03
2.786726314270016481e-03
2.786727933607420667e-03
2.786729773763561846e-03
2.786731797935317403e-03
2.786734153335178234e-03
2.786736655947530394e-03
2.786739379378619548e-03
2.786742323628445695e-03
2.786745488697008836e-03
2.786748874584308536e-03
2.786752481290345664e-03
2.786756272011996736e-03
2.786760320355507418e-03
2.786764589517755526e-03
2.786769042695617579e-03
2.786773753495339241e-03
2.786778648310674848e-03
2.786783800747870497e-03
2.786789137200680524e-03
2.786794731275350160e-03
2.786800398956265027e-03
2.786806508274654315e-03
2.786812691199289267e-03
2.786819094942660779e-03
2.786825793111015383e-03
2.786832638491860883e-03
2.786839778297689040e-03
2.786847065316008527e-03
2.786854573153065007e-03
2.786862301808858480e-03
2.786870251283388947e-03
2.786878495182902073e-03
2.786886812688660862e-03
2.786895424619402310e-03
2.786904257368880318e-03
2.786913310937095753e-03
2.786922658930293412e-03
2.786932080529736736e-03
2.786941796554163152e-03
2.786951807003571792e-03
2.786961891059226096e-03
2.786972195933617395e-03
2.786982721626745686e-03
2.913703234141538315e-03
2.913703344550907029e-03
2.913703675779012302e-03
2.913704264628977619e-03
2.913705037494556879e-03
2.913706141588241847e-03
2.913707356091295095e-03
2.913708901822453616e-03
2.913710594766103466e-03
2.913712582134736408e-03
2.913714790322105910e-03
2.913717219328212406e-03
2.913719832349932846e-03
2.913722739796636377e-03
2.913725868062076469e-03
2.913729217146253554e-03
2.913732787049167633e-03
2.913736577770818705e-03
2.913740662917452436e-03
2.913744895276577495e-03
2.913749348454439548e-03
2.913754132860406874e-03
2.913759064478865530e-03
2.913764253719184228e-03
2.913769663778239486e-03
2.913775331459154787e-03
2.913781256761929696e-03
2.913787366080318984e-03
2.913793696217444832e-03
2.913800247173308107e-03
2.913807018947907942e-03
2.913814085147490435e-03
2.913821298559564690e-03
2.913828806396621170e-03
2.913836608658660308e-03
2.913844484526945111e-03
2.913852654820212572e-03
2.913861193144707921e-03
2.913869731469203705e-03
2.913878637824927377e-03
2.913887691393142812e-03
2.913897039386340471e-03
2.913906681804521222e-03
2.913916397828947204e-03
2.913926481884601509e-03
2.913936713152747143e-03
2.913947312452121099e-03
2.913957985357740720e-03
2.913968879082097334e-03
2.913980067231436172e-03
3.046520331164964419e-03
3.046520441574332699e-03
3.046520809605561021e-03
3.046521435258648953e-03
3.046522244927351263e-03
3.046523349021036230e-03
3.046524710736580807e-03
3.046526330073984993e-03
3.046528133427003557e-03
3.046530194401881730e-03
3.046532549801742561e-03
3.046535089217217770e-03
3.046537886254552154e-03
3.046540940913747015e-03
3.046544216391678436e-03
3.046547749491469899e-03
3.046551540213120971e-03
3.046555551753509037e-03
3.046559820915756712e-03
3.046564310896741380e-03
3.046569058499586091e-03
3.046574100527413027e-03
3.046579326570854340e-03
3.046584847039278312e-03
3.046590551523316662e-03
3.046596513629214187e-03
3.046602696553849139e-03
3.046609247509711980e-03
3.046615945678066584e-03
3.046622864665157748e-03
3.046630078077231570e-03
3.046637512308042386e-03
3.046645240963835859e-03
3.046653043225874997e-03
3.046661287125388123e-03
3.046669678237392577e-03
3.046678363774379689e-03
3.046687196523857697e-03
3.046696397304564461e-03
3.046705745297762120e-03
3.046715461322188102e-03
3.046725250952860183e-03
3.046735408614760152e-03
3.046745713489151450e-03
3.046756312788525406e-03
3.046767206512881587e-03
3.046778247449729530e-03
3.046789582811560131e-03
3.046801212598372957e-03
3.046813063203923210e-03
3.185389848949631789e-03
3.185390032965246167e-03
3.185390400996474490e-03
3.185391026649562422e-03
3.185391909924510396e-03
3.185393087624440595e-03
3.185394522946230836e-03
3.185396179086758071e-03
3.185398092849144915e-03
3.185400337839637466e-03
3.185402803648866576e-03
3.185405490276833115e-03
3.185408434526659262e-03
3.185411636398345018e-03
3.185415169498136481e-03
3.185418886613541889e-03
3.185422861350806906e-03
3.185427130513055014e-03
3.185431657297162298e-03
3.185436404900007009e-03
3.185441446927834378e-03
3.185446709774398307e-03
3.185452267045944894e-03
3.185458081939351524e-03
3.185464191257740812e-03
3.185470447788620995e-03
3.185477072350729934e-03
3.185483844125329769e-03
3.185490910324912262e-03
3.185498344555723511e-03
3.185505925999025656e-03
3.185513728261064794e-03
3.185521824948086157e-03
3.185530289666336275e-03
3.185538901597077723e-03
3.185547807952801395e-03
3.185556935127262495e-03
3.185566356726705819e-03
3.185575999144886570e-03
3.185586009594295210e-03
3.185596093649949515e-03
3.185606472130586477e-03
3.185617218642451762e-03
3.185628185973053608e-03
3.185639374122392880e-03
3.185650856696714810e-03
3.185662560089773301e-03
3.185674557907814449e-03
3.185686776544593025e-03
3.185699363212599489e-03
3.330530986895093807e-03
3.330531134107585136e-03
3.330531575745058689e-03
3.330532238201269670e-03
3.330533158279340260e-03
3.330534446388639172e-03
3.330535918513552462e-03
3.330537685063447977e-03
3.330539746038326150e-03
3.330542064635064366e-03
3.330544640853662190e-03
3.330547474694119624e-03
3.330550639762682764e-03
3.330554025649982899e-03
3.330557705962265257e-03
3.330561643896407659e-03
3.330565913058655767e-03
3.330570366236517386e-03
3.330575150642485147e-03
3.330580155867189467e-03
3.330585492319999060e-03
3.330591086394668696e-03
3.330596974894320991e-03
3.330603121015832894e-03
3.330609451152958742e-03
3.330616222927559010e-03
3.330623141914650174e-03
3.330630355326723996e-03
3.330637863163780476e-03
3.330645518213328285e-03
3.330653614900350081e-03
3.330661932406108871e-03
3.330670544336850319e-03
3.330679450692573991e-03
3.330688504260789426e-03
3.330697852253987085e-03
3.330707641884658732e-03
3.330717578727822141e-03
3.330727736389722110e-03
3.330738188476604737e-03
3.330749008594715253e-03
3.330759975925317532e-03
3.330771311287148134e-03
3.330782867467715295e-03
3.330794718073265548e-03
3.330806863103798025e-03
3.330819302559313161e-03
3.330831815621073961e-03
3.330844843926554413e-03
3.330858093050771858e-03
3.482340997909134234e-03
3.482341145121625563e-03
3.482341549955976501e-03
3.482342286018433146e-03
3.482343279702749400e-03
3.482344604615170928e-03
3.482346187149452498e-03
3.482348064108716727e-03
3.482350235492963613e-03
3.482352664499070109e-03
3.482355424733281878e-03
3.482358442589353689e-03
3.482361754870408159e-03
3.482365324773322238e-03
3.482369189101218974e-03
3.482373384657220985e-03
3.482377837835083038e-03
3.482382585437927749e-03
3.482387664268877733e-03
3.482392963918564711e-03
3.482398594796356963e-03
3.482404483296009257e-03
3.482410703023766825e-03
3.482417106767138337e-03
3.482423952147984270e-03
3.482431018347566763e-03
3.482438305365886250e-03
3.482446034021679723e-03
3.482453983496210190e-03
3.482462080183231987e-03
3.482470618507727770e-03
3.482479451257205778e-03
3.482488431219175548e-03
3.482497852818618872e-03
3.482507421630553525e-03
3.482517432079962599e-03
3.482527589741862568e-03
3.482538189041236090e-03
3.482548935553101375e-03
3.482560050096194983e-03
3.482571459064271249e-03
3.482583015244838411e-03
3.482594939456634328e-03
3.482607231699658135e-03
3.482619744761418935e-03
3.482632478641916728e-03
3.482645654159888509e-03
3.482658903284105954e-03
3.482672741258288282e-03
3.482686652838716708e-03
3.641057740574578285e-03
3.641057924590192663e-03
3.641058329424543601e-03
3.641059102290122862e-03
3.641060169580684781e-03
3.641061531296229357e-03
3.641063224239879641e-03
3.641065138002266485e-03
3.641067493402127316e-03
3.641070069620725141e-03
3.641072940264305623e-03
3.641076105332868764e-03
3.641079638432659794e-03
3.641083429154310866e-03
3.641087551104067645e-03
3.641091967478806649e-03
3.641096715081651360e-03
3.641101757109478296e-03
3.641107056759165274e-03
3.641112687636957525e-03
3.641118612939732869e-03
3.641124832667490437e-03
3.641131383623353278e-03
3.641138302610444875e-03
3.641145368810027368e-03
3.641152803040838184e-03
3.641160531696631657e-03
3.641168628383653454e-03
3.641177093101903572e-03
3.641185778638890251e-03
3.641194684994614357e-03
3.641203959381566352e-03
3.641213528193501438e-03
3.641223391430418749e-03
3.641233622698564383e-03
3.641244148391692675e-03
3.641255042116048855e-03
3.641266083052896799e-03
3.641277418414727400e-03
3.641289195414031555e-03
3.641301193232073137e-03
3.641313559081342608e-03
3.641326145749349073e-03
3.641339100448583860e-03
3.641352349572801305e-03
3.641365819515755744e-03
3.641379731096183736e-03
3.641393789889103491e-03
3.641408290319496800e-03
3.641423011568627535e-03
3.806940161663630810e-03
3.806940308876122139e-03
3.806940787316718741e-03
3.806941560182298435e-03
3.806942701079106019e-03
3.806944173204018875e-03
3.806945939753914390e-03
3.806947963925669948e-03
3.806950429734899492e-03
3.806953153165988646e-03
3.806956171022060024e-03
3.806959593712483207e-03
3.806963274024765566e-03
3.806967322368276681e-03
3.806971665136770020e-03
3.806976339133369067e-03
3.806981307554950338e-03
3.806986607204637316e-03
3.806992274885552616e-03
3.806998163385204911e-03
3.807004456719208143e-03
3.807011007675070984e-03
3.807017926662162582e-03
3.807025213680482068e-03
3.807032795123784213e-03
3.807040670992069015e-03
3.807048841285336476e-03
3.807057306003586161e-03
3.807066212359310267e-03
3.807075413140016597e-03
3.807084908345706020e-03
3.807094624370132002e-03
3.807104782032031971e-03
3.807115234118914598e-03
3.807125980630779883e-03
3.807137095173873057e-03
3.807148577748194988e-03
3.807160281141253478e-03
3.807172352565540725e-03
3.807184718414810196e-03
3.807197378689062325e-03
3.807210406994542776e-03
3.807223803331251551e-03
3.807237420486697319e-03
3.807251405673370975e-03
3.807265758891273388e-03
3.807280259321666697e-03
3.807295274995779657e-03
3.807310511488629610e-03
3.807326189618953551e-03
3.980443736624387531e-03
3.980443847033755811e-03
3.980444362277475029e-03
3.980445208749299954e-03
3.980446460055476685e-03
3.980447968983512157e-03
3.980449809139653336e-03
3.980452017327023272e-03
3.980454593545621096e-03
3.980457464189201579e-03
3.980460702864009950e-03
3.980464272766924029e-03
3.980468173897943815e-03
3.980472406257068441e-03
3.980477006647421823e-03
3.980481975069003094e-03
3.980487237915567890e-03
3.980492831990237526e-03
3.980498794096135051e-03
3.980505050627015234e-03
3.980511748795369405e-03
3.980518667782461002e-03
3.980525954800780489e-03
3.980533536244082633e-03
3.980541559324858765e-03
3.980549876830617555e-03
3.980558562367604233e-03
3.980567468723328339e-03
3.980576963929017761e-03
3.980586606347197645e-03
3.980596690402852383e-03
3.980606921670998451e-03
3.980617815395354198e-03
3.980628709119710812e-03
3.980640118087787512e-03
3.980651895087091233e-03
3.980663892905133248e-03
3.980676332360648384e-03
3.980689066241146178e-03
3.980702094546626629e-03
3.980715490883334970e-03
3.980729255251272067e-03
3.980743387650437053e-03
3.980757814474584697e-03
3.980772609329961097e-03
3.980787772216565386e-03
3.980803229528152333e-03
3.980818907658476707e-03
3.980835101032519432e-03
3.980851588831545683e-03
4.161824173554242758e-03
4.161824357569857136e-03
4.161824946419822452e-03
4.161825829694770426e-03
4.161827044197823240e-03
4.161828626732104811e-03
4.161830614100737319e-03
4.161833006303721633e-03
4.161835692931687737e-03
4.161838710787759549e-03
4.161842096675059249e-03
4.161845924199832937e-03
4.161850009346467101e-03
4.161854536130574385e-03
4.161859320536542145e-03
4.161864583383106074e-03
4.161870140654652661e-03
4.161876065957428004e-03
4.161882322488308188e-03
4.161889020656662358e-03
4.161895939643753956e-03
4.161903373874564771e-03
4.161911102530358245e-03
4.161919199217379607e-03
4.161927590329384495e-03
4.161936349472617272e-03
4.161945550253323169e-03
4.161955045459012591e-03
4.161964908695929902e-03
4.161975066357829871e-03
4.161985812869695156e-03
4.161996706594051770e-03
4.162008041955882372e-03
4.162019671742695631e-03
4.162031595954490681e-03
4.162044035410005817e-03
4.162056769290503611e-03
4.162069944808475391e-03
4.162083267538938501e-03
4.162097252725613025e-03
4.162111311518531913e-03
4.162125811948925655e-03
4.162140680410547286e-03
4.162155990509642904e-03
4.162171595033721180e-03
4.162187641195273444e-03
4.162203908175562267e-03
4.162220616793325945e-03
4.162237546229825315e-03
4.162255064516290869e-03
4.351387784844480168e-03
4.351388005663216728e-03
4.351388557710058995e-03
4.351389551394375249e-03
4.351390876306797210e-03
4.351392569250447061e-03
4.351394630225325667e-03
4.351397059231432163e-03
4.351399966678135695e-03
4.351403131746698835e-03
4.351406775255858145e-03
4.351410786796246211e-03
4.351415092761616935e-03
4.351419840364461646e-03
4.351424955998534246e-03
4.351430476466958651e-03
4.351436364966610078e-03
4.351442584694368079e-03
4.351449246059599200e-03
4.351456312259182127e-03
4.351463746489992943e-03
4.351471401539541185e-03
4.351479645439053877e-03
4.351488110157303996e-03
4.351497016513028102e-03
4.351506290899980096e-03
4.351515859711914749e-03
4.351526017373814718e-03
4.351536469460697346e-03
4.351547289578807862e-03
4.351558551334393232e-03
4.351570033908715163e-03
4.351581958120510213e-03
4.351594323969780118e-03
4.351606984244031813e-03
4.351620012549512265e-03
4.351633482492466704e-03
4.351647246860403800e-03
4.351661526472060115e-03
4.351676174114945186e-03
4.351691042576566817e-03
4.351706426281908534e-03
4.351722251624723370e-03
4.351738224180030402e-03
4.351754711979055786e-03
4.351771567809310792e-03
4.351788865277038919e-03
4.351806457169749703e-03
4.351824417093688377e-03
4.351842818655101905e-03
4.549659235814107125e-03
4.549659419829720636e-03
4.549660008679685952e-03
4.549661002364002206e-03
4.549662437685792447e-03
4.549664204235688396e-03
4.549666449226180513e-03
4.549669025444778338e-03
4.549672043300850149e-03
4.549675429188150717e-03
4.549679256712924405e-03
4.549683415465803800e-03
4.549688052659279364e-03
4.549693094687106733e-03
4.549698431139916760e-03
4.549704282836446005e-03
4.549710465761080957e-03
4.549717090323189030e-03
4.549724082916526725e-03
4.549731443541091443e-03
4.549739245803131014e-03
4.549747563308889804e-03
4.549756175239630385e-03
4.549765155201600589e-03
4.549774503194797814e-03
4.549784366431715125e-03
4.549794597699861193e-03
4.549805196999235149e-03
4.549816164329836994e-03
4.549827646904158925e-03
4.549839423903463513e-03
4.549851716146487320e-03
4.549864229208248553e-03
4.549877257513729005e-03
4.549890653850437346e-03
4.549904418218374443e-03
4.549918697830030757e-03
4.549933271866669730e-03
4.549948287540782690e-03
4.549963671246124407e-03
4.549979570195185341e-03
4.549995689962982835e-03
4.550012324974500415e-03
4.550029328017245883e-03
4.550046772697465339e-03
4.550064585408913551e-03
4.550082839757834882e-03
4.550101388531739739e-03
4.550120378943117716e-03
4.550139810991969680e-03
4.756886726723462758e-03
4.756886947542199318e-03
4.756887573195287683e-03
4.756888640485849168e-03
4.756890075807639409e-03
4.756891989570026687e-03
4.756894344969887951e-03
4.756897068400977105e-03
4.756900233469539378e-03
4.756903876978699555e-03
4.756907851715964572e-03
4.756912341696949674e-03
4.756917162906039616e-03
4.756922462555726594e-03
4.756928203842887559e-03
4.756934276358154232e-03
4.756940900920262304e-03
4.756947819907353901e-03
4.756955254138164717e-03
4.756963056400204289e-03
4.756971300299716980e-03
4.756979985836703659e-03
4.756989113011165192e-03
4.756998608216853747e-03
4.757008545060017156e-03
4.757018923540653685e-03
4.757029743658765068e-03
4.757040931808104341e-03
4.757052561594916733e-03
4.757064559412957881e-03
4.757077072474719115e-03
4.757089953567708238e-03
4.757103202691925249e-03
4.757117040666108444e-03
4.757131173065273430e-03
4.757145747101912403e-03
4.757160762776025363e-03
4.757176220087612310e-03
4.757192045430428014e-03
4.757208312410716837e-03
4.757225021028479647e-03
4.757242024071225983e-03
4.757259615963936768e-03
4.757277649494121539e-03
4.757295977449288969e-03
4.757314747041930386e-03
4.757334031878291021e-03
4.757353611139634314e-03
4.757373926463434252e-03
4.757394241787234190e-03
4.973425223692204585e-03
4.973425370904695914e-03
4.973426070164030377e-03
4.973427174257714911e-03
4.973428756791996481e-03
4.973430780963752039e-03
4.973433209969858534e-03
4.973436117416561199e-03
4.973439466500738718e-03
4.973443257222389356e-03
4.973447526384637898e-03
4.973452237184359560e-03
4.973457316015309111e-03
4.973462910089978747e-03
4.973468908998999322e-03
4.973475386348616932e-03
4.973482378941953760e-03
4.973489813172764576e-03
4.973497541828558050e-03
4.973505859334316839e-03
4.973514397658812189e-03
4.973523672045765051e-03
4.973533240857699704e-03
4.973543398519599673e-03
4.973553850606482300e-03
4.973564817937084145e-03
4.973576079692669516e-03
4.973587930298219335e-03
4.973600222541243142e-03
4.973613030027986166e-03
4.973626131939712716e-03
4.973639822701403715e-03
4.973653881494323470e-03
4.973668308318471114e-03
4.973683250386338843e-03
4.973698707697925790e-03
4.973714533040740626e-03
4.973730873627275548e-03
4.973747582245038358e-03
4.973764732500276023e-03
4.973782397999232038e-03
4.973800505135662908e-03
4.973818980303321667e-03
4.973837897108453546e-03
4.973857329157306377e-03
4.973877202843632328e-03
4.973897591773677497e-03
4.973918201522460093e-03
4.973939547333699335e-03
4.973961040357429905e-03
5.199906525929889715e-03
5.199906709945503226e-03
5.199907482811082921e-03
5.199908660511013553e-03
5.199910279848418172e-03
5.199912377626418961e-03
5.199915027451262016e-03
5.199918045307333828e-03
5.199921578407125725e-03
5.199925626750635972e-03
5.199930043125374976e-03
5.199935048350079296e-03
5.199940458409135421e-03
5.199946346908787716e-03
5.199952750652159228e-03
5.199959522426758629e-03
5.199966809445078983e-03
5.199974611707117687e-03
5.199982929212876477e-03
5.199991614749863156e-03
5.200000741924324689e-03
5.200010457948750671e-03
5.200020615610650640e-03
5.200031141303778498e-03
5.200042329453117770e-03
5.200053885633684932e-03
5.200065883451726080e-03
5.200078396513487314e-03
5.200091351212722535e-03
5.200104747549430875e-03
5.200118659129859301e-03
5.200133085954006945e-03
5.200147880809383345e-03
5.200163190908478963e-03
5.200178942645048569e-03
5.200195283231582623e-03
5.200211991849346300e-03
5.200229142104583098e-03
5.200246807603539113e-03
5.200264914739969983e-03
5.200283610726365302e-03
5.200302674743989377e-03
5.200322254005332670e-03
5.200342274904150817e-03
5.200362737440442085e-03
5.200383715220452570e-03
5.200405208244183140e-03
5.200426995692896369e-03
5.200449371991574046e-03
5.200472337140217907e-03
5.436558886404283496e-03
5.436559144026143105e-03
5.436559880088599750e-03
5.436561131394775613e-03
5.436562861141548512e-03
5.436565106132041497e-03
5.436567866366252832e-03
5.436571105041062071e-03
5.436574822156467479e-03
5.436579054515592105e-03
5.436583765315313767e-03
5.436588954555632465e-03
5.436594695842793430e-03
5.436601025979919712e-03
5.436607724148273882e-03
5.436614937560347270e-03
5.436622666216140744e-03
5.436630836509408204e-03
5.436639595652640981e-03
5.436648722827101647e-03
5.436658438851528496e-03
5.436668670119673696e-03
5.436679343025292883e-03
5.436690531174632156e-03
5.436702234567691513e-03
5.436714526810715320e-03
5.436727187084967015e-03
5.436740288996693565e-03
5.436753979758384564e-03
5.436768259370040879e-03
5.436782833406679852e-03
5.436797996293285008e-03
5.436813674423608515e-03
5.436829867797652108e-03
5.436846502809169687e-03
5.436863653064406485e-03
5.436881465775853829e-03
5.436899425699793370e-03
5.436918195292434787e-03
5.436937259310058862e-03
5.436956985783893484e-03
5.436977080288955995e-03
5.436997763643984689e-03
5.437018962242732602e-03
5.437040602478954501e-03
5.437062684352649521e-03
5.437085207863819394e-03
5.437108320224954584e-03
5.437132021436054223e-03
5.437156164284627849e-03
5.683806019468483697e-03
5.683806313893466355e-03
5.683807086759046050e-03
5.683808374868344962e-03
5.683810215024486141e-03
5.683812607227469588e-03
5.683815477871050070e-03
5.683818937364595869e-03
5.683822801692492606e-03
5.683827328476599890e-03
5.683832333701304210e-03
5.683837780563482517e-03
5.683843816275626140e-03
5.683850440837735080e-03
5.683857507037317139e-03
5.683865162086865382e-03
5.683873258773886744e-03
5.683881944310874290e-03
5.683891218697826285e-03
5.683900787509760938e-03
5.683911092384152236e-03
5.683921912502262752e-03
5.683933174257848123e-03
5.683945024863397942e-03
5.683957317106421749e-03
5.683970124593165640e-03
5.683983520929873981e-03
5.683997506116547638e-03
5.684011932940696149e-03
5.684026948614809109e-03
5.684042405926396056e-03
5.684058452087948320e-03
5.684074939886973703e-03
5.684092016535965269e-03
5.684109682034922152e-03
5.684127715565106924e-03
5.684146337945257012e-03
5.684165475569126318e-03
5.684185275649207038e-03
5.684205443760515647e-03
5.684226127115543474e-03
5.684247472926782715e-03
5.684269260375495944e-03
5.684291563067928391e-03
5.684314307397834824e-03
5.684337714183952672e-03
5.684361709820034969e-03
5.684385999881099924e-03
5.684411026004621524e-03
5.684436346553126650e-03
5.942398672025019611e-03
5.942398929646879220e-03
5.942399776118704145e-03
5.942401174637372205e-03
5.942403125202881664e-03
5.942405627815234258e-03
5.942408645671306069e-03
5.942412252377342330e-03
5.942416374327099543e-03
5.942421085126821205e-03
5.942426384776508183e-03
5.942432199669914379e-03
5.942438677019531990e-03
5.942445522400377489e-03
5.942453030237433535e-03
5.942461126924455765e-03
5.942469665248951115e-03
5.942478792423411781e-03
5.942488508447838630e-03
5.942498813322229928e-03
5.942509559834095213e-03
5.942520895195924947e-03
5.942532819407720865e-03
5.942545332469482099e-03
5.942558360774962550e-03
5.942571977930407451e-03
5.942586110329573304e-03
5.942600684366212277e-03
5.942615994465307895e-03
5.942631746201877500e-03
5.942648160394657653e-03
5.942665089831157890e-03
5.942682534511377346e-03
5.942700494435316887e-03
5.942719116815466975e-03
5.942738180833090182e-03
5.942757833700679573e-03
5.942778075418234281e-03
5.942798905985753437e-03
5.942820251796992678e-03
5.942842112851951138e-03
5.942864489150629682e-03
5.942887527905518774e-03
5.942911008297881853e-03
5.942935151146455479e-03
5.942959882844994421e-03
5.942984908968516888e-03
5.943010818366986463e-03
5.943037169402930024e-03
5.943063814863855376e-03
6.212513903897807534e-03
6.212514271929036290e-03
6.212515228810229495e-03
6.212516627328896687e-03
6.212518688303775294e-03
6.212521411734864447e-03
6.212524503197181490e-03
6.212528330721956045e-03
6.212532673490448951e-03
6.212537678715153271e-03
6.212543272789822907e-03
6.212549382108211761e-03
6.212556153882812029e-03
6.212563440901131516e-03
6.212571316769416319e-03
6.212579855093912536e-03
6.212588835055881872e-03
6.212598551080307854e-03
6.212608782348453054e-03
6.212619602466564438e-03
6.212631085040886368e-03
6.212642935646436188e-03
6.212655595920687883e-03
6.212668771438659664e-03
6.212682462200351530e-03
6.212696815418253075e-03
6.212711757486120805e-03
6.212727214797707752e-03
6.212743408171751344e-03
6.212759895970777595e-03
6.212777267044750952e-03
6.212795153362444395e-03
6.212813481317611825e-03
6.212832545335235900e-03
6.212852198202825291e-03
6.212872292707888669e-03
6.212892976062916496e-03
6.212914321874155738e-03
6.212936330141605526e-03
6.212958706440284071e-03
6.212981892407664491e-03
6.213005520012518899e-03
6.213029810073583854e-03
6.213054615378368895e-03
6.213080083139364482e-03
6.213106139750325385e-03
6.213132637998760276e-03
6.213159872309650944e-03
6.213187548258016467e-03
6.213215960268838635e-03
6.494668872568799649e-03
6.494669240600028405e-03
6.494670123874976379e-03
6.494671743212380131e-03
6.494673877793503969e-03
6.494676674830839221e-03
6.494680060718138921e-03
6.494684109061650036e-03
6.494688599042635138e-03
6.494693898692322116e-03
6.494699787191973543e-03
6.494706264541591154e-03
6.494713404347419311e-03
6.494721133003212785e-03
6.494729376902726344e-03
6.494738430470940911e-03
6.494747925676630333e-03
6.494758083338530302e-03
6.494768977062886917e-03
6.494780312424717518e-03
6.494792383849004765e-03
6.494805044123256460e-03
6.494818293247474339e-03
6.494832204827901898e-03
6.494846705258295640e-03
6.494861868144899929e-03
6.494877546275224303e-03
6.494893886861758357e-03
6.494910889904504693e-03
6.494928481797215478e-03
6.494946662539891578e-03
6.494965505738778226e-03
6.494984937787630190e-03
6.495004958686447470e-03
6.495025642041476165e-03
6.495046914246469308e-03
6.495068848907673865e-03
6.495091298812597641e-03
6.495114484779978062e-03
6.495138185991078568e-03
6.495162549658389621e-03
6.495187575781911221e-03
6.495213117149152039e-03
6.495239320972604272e-03
6.495266260858513149e-03
6.495293495169404685e-03
6.495321612755243328e-03
6.495350319191048154e-03
6.495379467264326100e-03
6.495409498612552020e-03
6.789759182031969605e-03
6.789759550063197494e-03
6.789760506944391566e-03
6.789762052675550087e-03
6.789764334469165254e-03
6.789767278718990967e-03
6.789770885425028095e-03
6.789775007374784441e-03
6.789779938993243530e-03
6.789785533067913166e-03
6.789791789598793349e-03
6.789798561373393618e-03
6.789806069210449664e-03
6.789814165897471894e-03
6.789822998646949902e-03
6.789832420246393226e-03
6.789842504302047964e-03
6.789853250813913249e-03
6.789864659781989081e-03
6.789876731206276328e-03
6.789889465086774122e-03
6.789902787817236364e-03
6.789916699397664790e-03
6.789931420646795092e-03
6.789946657139645479e-03
6.789962629694951644e-03
6.789979264706469224e-03
6.789996488567952120e-03
6.790014301279399464e-03
6.790032923659549552e-03
6.790052134889664956e-03
6.790071934969745676e-03
6.790092471112282174e-03
6.790113596104784856e-03
6.790135530765989413e-03
6.790157907064667091e-03
6.790181019425802281e-03
6.790204720636901919e-03
6.790229084304212973e-03
6.790254184033980671e-03
6.790279872613712818e-03
6.790306150043411149e-03
6.790333237141810488e-03
6.790360913090176011e-03
6.790389177888505982e-03
6.790418178749293467e-03
6.790447621247554071e-03
6.790477799808271320e-03
6.790508861643936543e-03
6.790540217904584425e-03
7.097906208986396077e-03
7.097906503411378736e-03
7.097907533898818039e-03
7.097909226842467889e-03
7.097911655848574385e-03
7.097914747310892294e-03
7.097918501229419884e-03
7.097922991210404986e-03
7.097928143647600635e-03
7.097933884934761600e-03
7.097940509496870540e-03
7.097947722908943928e-03
7.097955598777228731e-03
7.097964210707970178e-03
7.097973485094922173e-03
7.097983421938085583e-03
7.097993947631213441e-03
7.098005430205535371e-03
7.098017501629822618e-03
7.098030088297829082e-03
7.098043558240783521e-03
7.098057617033703276e-03
7.098072411889078809e-03
7.098087869200665756e-03
7.098103915362218019e-03
7.098120697586226928e-03
7.098138215872691614e-03
7.098156470221613813e-03
7.098175387026746559e-03
7.098194892681843754e-03
7.098215134399398461e-03
7.098236112179409814e-03
7.098257678809385615e-03
7.098279907895572831e-03
7.098302946650461923e-03
7.098326647861561561e-03
7.098351011528872614e-03
7.098376037652394215e-03
7.098401873444617691e-03
7.098428150874316021e-03
7.098455311578961459e-03
7.098483281952309640e-03
7.098511693963130940e-03
7.098540694823918425e-03
7.098570431747161687e-03
7.098601051945352923e-03
7.098632408206000804e-03
7.098664206104122673e-03
7.098696740064700320e-03
7.098730157300226808e-03
7.419756363481398199e-03
7.419756731512626956e-03
7.419757909212556721e-03
7.419759749368697900e-03
7.419762178374804396e-03
7.419765490655858865e-03
7.419769465393124749e-03
7.419774176192846411e-03
7.419779549448778620e-03
7.419785732373413573e-03
7.419792577754259072e-03
7.419800232803807315e-03
7.419808550309565237e-03
7.419817677484026770e-03
7.419827319902206654e-03
7.419837845595335379e-03
7.419849180957165981e-03
7.419861105168961031e-03
7.419873765443213594e-03
7.419887161779921934e-03
7.419901220572841689e-03
7.419916015428218090e-03
7.419931767164787695e-03
7.419947960538831287e-03
7.419965037187821986e-03
7.419982629080532771e-03
7.420001104248191530e-03
7.420020389084553032e-03
7.420040336377124214e-03
7.420060872519661579e-03
7.420082218330900821e-03
7.420104300204595840e-03
7.420127118140748372e-03
7.420150672139356682e-03
7.420174888594176406e-03
7.420199841111452775e-03
7.420225529691184922e-03
7.420251954333374582e-03
7.420279041431774789e-03
7.420306938198876871e-03
7.420335423815944270e-03
7.420364866314204874e-03
7.420394897662430794e-03
7.420425517860622031e-03
7.420457168546252570e-03
7.420489260869357097e-03
7.420522236467409598e-03
7.420555800915426548e-03
7.420590248638391472e-03
7.420625137998831250e-03
7.756345285393301432e-03
7.756345653424529321e-03
7.756346904730706052e-03
7.756348671280601133e-03
7.756351321105445056e-03
7.756354854205236085e-03
7.756358976154992431e-03
7.756363981379696751e-03
7.756369722666857716e-03
7.756376200016475327e-03
7.756383413428549582e-03
7.756391436509325714e-03
7.756400195652557623e-03
7.756409764464492276e-03
7.756420069338884442e-03
7.756431110275731518e-03
7.756443034487527435e-03
7.756455547549288669e-03
7.756468943885997010e-03
7.756483076285161996e-03
7.756498018353029725e-03
7.756513622877108001e-03
7.756530037069888153e-03
7.756547187325124951e-03
7.756565220855309722e-03
7.756583843235459810e-03
7.756603348890557872e-03
7.756623590608112580e-03
7.756644568388123065e-03
7.756666355836836294e-03
7.756688879348006167e-03
7.756712138921631819e-03
7.756736134557714116e-03
7.756760939862499156e-03
7.756786481229740841e-03
7.756812832265684403e-03
7.756839919364083742e-03
7.756867742524940594e-03
7.756896375354499322e-03
7.756925891459006024e-03
7.756955922807231944e-03
7.756986690217914510e-03
7.757018488116036378e-03
7.757050874864123563e-03
7.757084144887157855e-03
7.757118003760158330e-03
7.757152745908105912e-03
7.757188076906018810e-03
7.757224291178879683e-03
7.757261241514197200e-03
8.107727369737641882e-03
8.107727664162624540e-03
8.107728915468801270e-03
8.107730902837433778e-03
8.107733699874768163e-03
8.107737306580806158e-03
8.107741796561790393e-03
8.107747022605232140e-03
8.107753058317375763e-03
8.107759903698221263e-03
8.107767558747768638e-03
8.107776097072263988e-03
8.107785371459216850e-03
8.107795381908625490e-03
8.107806275632982104e-03
8.107817758207304035e-03
8.107830271269064401e-03
8.107843667605772742e-03
8.107857726398692497e-03
8.107872594860314128e-03
8.107888272990637635e-03
8.107904834395910851e-03
8.107922131863638110e-03
8.107940165393822882e-03
8.107959155805201726e-03
8.107978882279036348e-03
8.107999418421572846e-03
8.108020690626566856e-03
8.108042772500262743e-03
8.108065737648906604e-03
8.108089438860006243e-03
8.108114023346053856e-03
8.108139270288312883e-03
8.108165547718010346e-03
8.108192561210163588e-03
8.108220163552283880e-03
8.108248722775596509e-03
8.108278165273857113e-03
8.108308343834575230e-03
8.108339332063995222e-03
8.108371129962117091e-03
8.108403663922694737e-03
8.108436933945729896e-03
8.108471087243713030e-03
8.108506123816642402e-03
8.108541896452029288e-03
8.108578405149873686e-03
8.108615797122664323e-03
8.108653925157912473e-03
8.108693083680599059e-03
8.474716848803826030e-03
8.474717364047545248e-03
8.474718541747475881e-03
8.474720602722354487e-03
8.474723694184671530e-03
8.474727521709446085e-03
8.474732158902922516e-03
8.474737679371346921e-03
8.474744009508471468e-03
8.474751222920545723e-03
8.474759319607567953e-03
8.474768225963292059e-03
8.474777941987718041e-03
8.474788614893338096e-03
8.474800097467658291e-03
8.474812316104437734e-03
8.474825565228655613e-03
8.474839550415329270e-03
8.474854271664458705e-03
8.474870023401028310e-03
8.474886584806299791e-03
8.474904029486519247e-03
8.474922210229196215e-03
8.474941274246819423e-03
8.474961147933146241e-03
8.474982052106911495e-03
8.475003618736888164e-03
8.475026142248057170e-03
8.475049401821683689e-03
8.475073618276502546e-03
8.475098644400025014e-03
8.475124553798493721e-03
8.475151199259419940e-03
8.475178727995294134e-03
8.475207140006116302e-03
8.475236435291884710e-03
8.475266540246356728e-03
8.475297454869530622e-03
8.475329179161406393e-03
8.475361860334476236e-03
8.475395424782494053e-03
8.475429578080477186e-03
8.475464909078389217e-03
8.475500976138758760e-03
8.475537779261585816e-03
8.475575465659359112e-03
8.475614035332080382e-03
8.475653341067259164e-03
8.475693530077385920e-03
8.475734749574951113e-03
8.858491422522287578e-03
8.858491937766006796e-03
8.858493189072183527e-03
8.858495397259552595e-03
8.858498488721869638e-03
8.858502610671626851e-03
8.858507468683839842e-03
8.858513283577246905e-03
8.858519981745600208e-03
8.858527710401393682e-03
8.858536175119644668e-03
8.858545523112841893e-03
8.858555754380987093e-03
8.858567016136572464e-03
8.858579087560859711e-03
8.858592042260094931e-03
8.858605806628032028e-03
8.858620675089653659e-03
8.858636206007484970e-03
8.858652841019002550e-03
8.858670212092977642e-03
8.858688540048145071e-03
8.858707751278258741e-03
8.858727919389568217e-03
8.858748897169579570e-03
8.858770758224537162e-03
8.858793576160690561e-03
8.858817277371790200e-03
8.858841861857837813e-03
8.858867256012587302e-03
8.858893680654776961e-03
8.858920988571914595e-03
8.858949106157752371e-03
8.858978107018539855e-03
8.859008138366765775e-03
8.859038832171203109e-03
8.859070703675571076e-03
8.859103164029902625e-03
8.859136728477920442e-03
8.859171028988394037e-03
8.859206359986307802e-03
8.859242574259167807e-03
8.859279671806977521e-03
8.859317652629733475e-03
8.859356369514946941e-03
8.859396116887598843e-03
8.859436894747689181e-03
8.859478408670237032e-03
8.859520658655242395e-03
8.859564086340176656e-03
9.259063898379769550e-03
9.259064340017244404e-03
9.259065738535911597e-03
9.259068020329526763e-03
9.259071406216826464e-03
9.259075675379074138e-03
9.259080827816269788e-03
9.259086937134659509e-03
9.259094076940487666e-03
9.259102026415017700e-03
9.259111006376987904e-03
9.259120869613904348e-03
9.259131689732014864e-03
9.259143540337565551e-03
9.259156274218064211e-03
9.259169891373509112e-03
9.259184465410148085e-03
9.259199996327981130e-03
9.259216557733252612e-03
9.259234002413472067e-03
9.259252330368639497e-03
9.259271615205000999e-03
9.259291930528800937e-03
9.259313129127548850e-03
9.259335211001244736e-03
9.259358323362379059e-03
9.259382318998461356e-03
9.259407345121983823e-03
9.259433180914206432e-03
9.259460047193869212e-03
9.259487723142235602e-03
9.259516503184284791e-03
9.259546166501283690e-03
9.259576713093228828e-03
9.259608290172614137e-03
9.259640824133191783e-03
9.259674241368717404e-03
9.259708689091683195e-03
9.259743872877104764e-03
9.259780087149966504e-03
9.259817184697774484e-03
9.259855459945513095e-03
9.259894471255709220e-03
9.259934365840853318e-03
9.259975290913435853e-03
9.260017099260966361e-03
9.260060085308425767e-03
9.260103807418344421e-03
9.260148412803209314e-03
9.260194048675514378e-03
9.677449012078833887e-03
9.677449453716308742e-03
9.677451073053712494e-03
9.677453428453573758e-03
9.677456961553363921e-03
9.677461377928103792e-03
9.677466972002772561e-03
9.677473302139898842e-03
9.677480736370709657e-03
9.677489201088960644e-03
9.677498622688403968e-03
9.677509074775285727e-03
9.677520483743361560e-03
9.677532849592631464e-03
9.677546172323095441e-03
9.677560599147242218e-03
9.677576056458829165e-03
9.677592397045364087e-03
9.677609768119339179e-03
9.677628096074506608e-03
9.677647454517112474e-03
9.677667917053402874e-03
9.677689189258396885e-03
9.677711565557075429e-03
9.677734825130701948e-03
9.677759188798013001e-03
9.677784435740270294e-03
9.677810786776213856e-03
9.677838021087105391e-03
9.677866285885435363e-03
9.677895581171205505e-03
9.677925759731923622e-03
9.677957042386324538e-03
9.677989281921921261e-03
9.678022551944956420e-03
9.678056705242937818e-03
9.678091889028359388e-03
9.678128103301221127e-03
9.678165200849029107e-03
9.678203476096769453e-03
9.678242487406963843e-03
9.678282823629581061e-03
9.678323895914655792e-03
9.678365998687168958e-03
9.678409279159612758e-03
9.678453442907002796e-03
9.678498342716852082e-03
9.678544420226630265e-03
9.678591528223846885e-03
9.678639666708503675e-03
1.011494672352394354e-02
1.011494716516141666e-02
1.011494878449882215e-02
1.011495143432366434e-02
1.011495496742345623e-02
1.011495975182942313e-02
1.011496556672283019e-02
1.011497226489118523e-02
1.011498014075946916e-02
1.011498897350894717e-02
1.011499891035210971e-02
1.011500995128895852e-02
1.011502194910699967e-02
1.011503505101872535e-02
1.011504918341789121e-02
1.011506434630449550e-02
1.011508053967853822e-02
1.011509776354002112e-02
1.011511616510143464e-02
1.011513537633155005e-02
1.011515576526159609e-02
1.011517725828532492e-02
1.011519978179649566e-02
1.011522318858261264e-02
1.011524777306866026e-02
1.011527338804214804e-02
1.011530003350307426e-02
1.011532770945143891e-02
1.011535641588724374e-02
1.011538622641673137e-02
1.011541706743366090e-02
1.011544886533178277e-02
1.011548184092983527e-02
1.011551577340908011e-02
1.011555088358825558e-02
1.011558680343613466e-02
1.011562390098394264e-02
1.011566202901919079e-02
1.011570133475436957e-02
1.011574137655200413e-02
1.011578274326205978e-02
1.011582484603457295e-02
1.011586842093199941e-02
1.011591258467939118e-02
1.011595792612671185e-02
1.011600444527396489e-02
1.011605199490865636e-02
1.011610057503078627e-02
1.011615018564035635e-02
1.011620067952487441e-02
1.057153804230371967e-02
1.057153863115368325e-02
1.057154025049108874e-02
1.057154304752842312e-02
1.057154687505319768e-02
1.057155188027790113e-02
1.057155791599004475e-02
1.057156505579587291e-02
1.057157329969538560e-02
1.057158264768858456e-02
1.057159317338171242e-02
1.057160472956228045e-02
1.057161738983653128e-02
1.057163108059822401e-02
1.057164594905984564e-02
1.057166199522139791e-02
1.057167907187038861e-02
1.057169725261306384e-02
1.057171646384317924e-02
1.057173677916697918e-02
1.057175827219070975e-02
1.057178086930812486e-02
1.057180457051922623e-02
1.057182930221776430e-02
1.057185513800998865e-02
1.057188207789589753e-02
1.057191019548173704e-02
1.057193934355501498e-02
1.057196966932822356e-02
1.057200102558887057e-02
1.057203341233695776e-02
1.057206697678497558e-02
1.057210164532667793e-02
1.057213741796206481e-02
1.057217429469113623e-02
1.057221212830140172e-02
1.057225128682408831e-02
1.057229147583421507e-02
1.057233254811928806e-02
1.057237494531678389e-02
1.057241837300171815e-02
1.057246283117409258e-02
1.057250861425888810e-02
1.057255528061863160e-02
1.057260312467830574e-02
1.057265199922541830e-02
1.057270205147246324e-02
1.057275313420694487e-02
1.057280539464135888e-02
1.057285868556320958e-02
1.104847066788821122e-02
1.104847125673817654e-02
1.104847302328807249e-02
1.104847596753789907e-02
1.104848001588141018e-02
1.104848524192485019e-02
1.104849164566822257e-02
1.104849907989903339e-02
1.104850783904226530e-02
1.104851770227918348e-02
1.104852866960978619e-02
1.104854088824656390e-02
1.104855421097702614e-02
1.104856863780117465e-02
1.104858438953774426e-02
1.104860117176175230e-02
1.104861913168569271e-02
1.104863826930956201e-02
1.104865843742086975e-02
1.104868000405084642e-02
1.104870260116826153e-02
1.104872637598560726e-02
1.104875132850288363e-02
1.104877738511384454e-02
1.104880461942473607e-02
1.104883295782931214e-02
1.104886254754006321e-02
1.104889309413201008e-02
1.104892511284886851e-02
1.104895801484067491e-02
1.104899231535114851e-02
1.104902757274281618e-02
1.104906408144065884e-02
1.104910184144467823e-02
1.104914055832989170e-02
1.104918045291503580e-02
1.104922167241260099e-02
1.104926392239760462e-02
1.104930735008254061e-02
1.104935195546740551e-02
1.104939759133970884e-02
1.104944455212443499e-02
1.104949254339660132e-02
1.104954171236869655e-02
1.104959205904072241e-02
1.104964343620018843e-02
1.104969613827207382e-02
1.104975001804389158e-02
1.104980492830314777e-02
1.104986116347482679e-02
1.154716615769970159e-02
1.154716682015591300e-02
1.154716858670580895e-02
1.154717167816812599e-02
1.154717602093661977e-02
1.154718146779879807e-02
1.154718809236090528e-02
1.154719611544168141e-02
1.154720524261614208e-02
1.154721554749053337e-02
1.154722710367110140e-02
1.154723998476409053e-02
1.154725404355701028e-02
1.154726928004986067e-02
1.154728576784888605e-02
1.154730350695408816e-02
1.154732235015297481e-02
1.154734259187053039e-02
1.154736386407552266e-02
1.154738638758669340e-02
1.154741023601028350e-02
1.154743518852755987e-02
1.154746146595725734e-02
1.154748884748064107e-02
1.154751755391644590e-02
1.154754743805217962e-02
1.154757849988784571e-02
1.154761088663593289e-02
1.154764445108394898e-02
1.154767919323189743e-02
1.154771511307977477e-02
1.154775235784007495e-02
1.154779078030030576e-02
1.154783038046046720e-02
1.154787115832055754e-02
1.154791340830556290e-02
1.154795654156551450e-02
1.154800099973788893e-02
1.154804663561019226e-02
1.154809374360741062e-02
1.154814188209206741e-02
1.154819105106416263e-02
1.154824183937366334e-02
1.154829365817060249e-02
1.154834665466747054e-02
1.154840082886427095e-02
1.154845603354850980e-02
1.154851271035766194e-02
1.154857056486674471e-02
1.154862959707575812e-02
1.206759205138385575e-02
1.206759271384006717e-02
1.206759455399620921e-02
1.206759793988350891e-02
1.206760242986449315e-02
1.206760809754540802e-02
1.206761523735123617e-02
1.206762355485699496e-02
1.206763312366893048e-02
1.206764416460577756e-02
1.206765623603006481e-02
1.206766977957926534e-02
1.206768464804088697e-02
1.206770054698994704e-02
1.206771791806392213e-02
1.206773661405031658e-02
1.206775648773664340e-02
1.206777768633539132e-02
1.206780020984656032e-02
1.206782391105765996e-02
1.206784893718118243e-02
1.206787521461087989e-02
1.206790289055924628e-02
1.206793174420754157e-02
1.206796199637450405e-02
1.206799335263515280e-02
1.206802603380822091e-02
1.206806011349995794e-02
1.206809537089162561e-02
1.206813202680196047e-02
1.206816986041222596e-02
1.206820901893491255e-02
1.206824950237002196e-02
1.206829116350506027e-02
1.206833400234003095e-02
1.206837831329991319e-02
1.206842394917221825e-02
1.206847076274445221e-02
1.206851890122910900e-02
1.206856821741369643e-02
1.206861900572319540e-02
1.206867082452013455e-02
1.206872396822949653e-02
1.206877858406377006e-02
1.206883423038548203e-02
1.206889134883210903e-02
1.206894964497866492e-02
1.206900926603764364e-02
1.206907006479655299e-02
1.206913233568037390e-02
1.261125823385773892e-02
1.261125904352644080e-02
1.261126103089507330e-02
1.261126441678237474e-02
1.261126920118834163e-02
1.261127516329423916e-02
1.261128267113129607e-02
1.261129143027452798e-02
1.261130151433018272e-02
1.261131314411699511e-02
1.261132587799749377e-02
1.261134008400290399e-02
1.261135568852698313e-02
1.261137247075099117e-02
1.261139072509991250e-02
1.261141030436125667e-02
1.261143128214126802e-02
1.261145358483370046e-02
1.261147728604480010e-02
1.261150223856207647e-02
1.261152851599177394e-02
1.261155633915263079e-02
1.261158534001341827e-02
1.261161566578662685e-02
1.261164746368474872e-02
1.261168051288904558e-02
1.261171503421825747e-02
1.261175080685364436e-02
1.261178797800769844e-02
1.261182640046792924e-02
1.261186622144682551e-02
1.261190744094439070e-02
1.261194998535437872e-02
1.261199385467678784e-02
1.261203904891161805e-02
1.261208571527136155e-02
1.261213370654352614e-02
1.261218287551562137e-02
1.261223351661262988e-02
1.261228548262206123e-02
1.261233877354391367e-02
1.261239338937818720e-02
1.261244933012488356e-02
1.261250659578400102e-02
1.261256533356803003e-02
1.261262539626448360e-02
1.261268678387335654e-02
1.261274949639465230e-02
1.261281353382836916e-02
1.261287889617450884e-02
1.317970808088018454e-02
1.317970874333639596e-02
1.317971087791751893e-02
1.317971441101731082e-02
1.317971941624201601e-02
1.317972589359163275e-02
1.317973369585367233e-02
1.317974282302813299e-02
1.317975356953999741e-02
1.317976564096428466e-02
1.317977911090723910e-02
1.317979405297510682e-02
1.317981039356164175e-02
1.317982820627308996e-02
1.317984734389695926e-02
1.317986795364574186e-02
1.317989003551943775e-02
1.317991344230555473e-02
1.317993832121658500e-02
1.317996467225252856e-02
1.317999242180713931e-02
1.318002149627417116e-02
1.318005196925987194e-02
1.318008406158297646e-02
1.318011733160601162e-02
1.318015222096645053e-02
1.318018850884555664e-02
1.318022612163708557e-02
1.318026528015977215e-02
1.318030561638238937e-02
1.318034757194241034e-02
1.318039085241485414e-02
1.318043560501221123e-02
1.318048182973447988e-02
1.318052937936917135e-02
1.318057840112877611e-02
1.318062860058831151e-02
1.318068056659774112e-02
1.318073371030710310e-02
1.318078847335386709e-02
1.318084456131305392e-02
1.318090212139715403e-02
1.318096100639367697e-02
1.318102121630261928e-02
1.318108304554896706e-02
1.318114619970773768e-02
1.318121067877892939e-02
1.318127662997503266e-02
1.318134390608355876e-02
1.318141280152948860e-02
1.377284803891296906e-02
1.377284877497542658e-02
1.377285098316279564e-02
1.377285481068757020e-02
1.377286003673101021e-02
1.377286673489936525e-02
1.377287490519263184e-02
1.377288462121705782e-02
1.377289588297264319e-02
1.377290861685314186e-02
1.377292274925230597e-02
1.377293850098887558e-02
1.377295572485035847e-02
1.377297442083675466e-02
1.377299458894806240e-02
1.377301630279053127e-02
1.377303934154541949e-02
1.377306407324395930e-02
1.377309027706741067e-02
1.377311795301577532e-02
1.377314702748280890e-02
1.377317764768100014e-02
1.377320988721659513e-02
1.377324352527085904e-02
1.377327856184378842e-02
1.377331521775412328e-02
1.377335327218312533e-02
1.377339287234328677e-02
1.377343401823460586e-02
1.377347656264459388e-02
1.377352072639198566e-02
1.377356621505179853e-02
1.377361332304901514e-02
1.377366190317114505e-02
1.377371180820569779e-02
1.377376333257765428e-02
1.377381632907452406e-02
1.377387079769630714e-02
1.377392688565549396e-02
1.377398444573959407e-02
1.377404333073611528e-02
1.377410383507004198e-02
1.377416566431638976e-02
1.377422911290014131e-02
1.377429403360880614e-02
1.377436057365487646e-02
1.377442829140087567e-02
1.377449762848428037e-02
1.377456858490508883e-02
1.377464101345081057e-02
1.439251473099760655e-02
1.439251554066630842e-02
1.439251782245992359e-02
1.439252172359094251e-02
1.439252724405936691e-02
1.439253423665270461e-02
1.439254299579593652e-02
1.439255322706408172e-02
1.439256500406338631e-02
1.439257840040009465e-02
1.439259334246796238e-02
1.439260975666074339e-02
1.439262793740341863e-02
1.439264751666476279e-02
1.439266878886975680e-02
1.439269153319966237e-02
1.439271597047321952e-02
1.439274187987168822e-02
1.439276940860756242e-02
1.439279848307459600e-02
1.439282910327278724e-02
1.439286134280838222e-02
1.439289512807513660e-02
1.439293053267929473e-02
1.439296733580212179e-02
1.439300590547484306e-02
1.439304602087872371e-02
1.439308760840751766e-02
1.439313081527371536e-02
1.439317564147731682e-02
1.439322186619958720e-02
1.439326985747175179e-02
1.439331932086882967e-02
1.439337025639082085e-02
1.439342310567520017e-02
1.439347713265950839e-02
1.439353292619371255e-02
1.439359019185283001e-02
1.439364892963686075e-02
1.439370958118327791e-02
1.439377155764211789e-02
1.439383500622586944e-02
1.439390022135951692e-02
1.439396676140558724e-02
1.439403506800155177e-02
1.439410484672242960e-02
1.439417639199320337e-02
1.439424926217639997e-02
1.439432375169700032e-02
1.439439971334251223e-02
1.504040286733399068e-02
1.504040375060893865e-02
1.504040625322129038e-02
1.504041030156480149e-02
1.504041611645820856e-02
1.504042355068901937e-02
1.504043275146972614e-02
1.504044335076910009e-02
1.504045579022461436e-02
1.504046984901753412e-02
1.504048560075410372e-02
1.504050289822183271e-02
1.504052188863320982e-02
1.504054257198823852e-02
1.504056487468067096e-02
1.504058887031675326e-02
1.504061441168399495e-02
1.504064171960113258e-02
1.504067057324942787e-02
1.504070111984137301e-02
1.504073343298321409e-02
1.504076721824996847e-02
1.504080277006661880e-02
1.504083994122067287e-02
1.504087873171213244e-02
1.504091928875348622e-02
1.504096139152599938e-02
1.504100511363591630e-02
1.504105052868948481e-02
1.504109756308045706e-02
1.504114629041507743e-02
1.504119678429959549e-02
1.504124875030902510e-02
1.504130248286835239e-02
1.504135768755259124e-02
1.504141465878672604e-02
1.504147310214577413e-02
1.504153345926720863e-02
1.504159528851355641e-02
1.504165888430980015e-02
1.504172395223095544e-02
1.504179078670200842e-02
1.504185938772295561e-02
1.504192946086881782e-02
1.504200100613959160e-02
1.504207446517275178e-02
1.504214954354331744e-02
1.504222609403879467e-02
1.504230441108416957e-02
1.504238449467943869e-02
1.571627359565498303e-02
1.571627447892992926e-02
1.571627705514852882e-02
1.571628132431077476e-02
1.571628743362916622e-02
1.571629530949745016e-02
1.571630480470313784e-02
1.571631621367121368e-02
1.571632916837045063e-02
1.571634396322582616e-02
1.571636045102485155e-02
1.571637863176752678e-02
1.571639857906009796e-02
1.571642036650881119e-02
1.571644377329493164e-02
1.571646902023718720e-02
1.571649588651685345e-02
1.571652459295265480e-02
1.571655491872586338e-02
1.571658715826146011e-02
1.571662094352821448e-02
1.571665664255735700e-02
1.571669396092390328e-02
1.571673297223409593e-02
1.571677375009418801e-02
1.571681622089792993e-02
1.571686045825156780e-02
1.571690660936759035e-02
1.571695423260852792e-02
1.571700369600560754e-02
1.571705492595257964e-02
1.571710792244945115e-02
1.571716253828372295e-02
1.571721892066789417e-02
1.571727692238946567e-02
1.571733683787342878e-02
1.571739837269479217e-02
1.571746182127854372e-02
1.571752674198721028e-02
1.571759357645826152e-02
1.571766188305422779e-02
1.571773210341257873e-02
1.571780409032082909e-02
1.571787784377897193e-02
1.571795306936202632e-02
1.571803020870747233e-02
1.571810911460281082e-02
1.571818963983555306e-02
1.571827193161819472e-02
1.571835598995072886e-02
1.642239082325810257e-02
1.642239163292680618e-02
1.642239442996414056e-02
1.642239899355137089e-02
1.642240539729474327e-02
1.642241356758801160e-02
1.642242357803741851e-02
1.642243550224921356e-02
1.642244911940466193e-02
1.642246465032249497e-02
1.642248202139646659e-02
1.642250115902033764e-02
1.642252221040659335e-02
1.642254488113025282e-02
1.642256961282879263e-02
1.642259611107722839e-02
1.642262444948180272e-02
1.642265448083003038e-02
1.642268635233439661e-02
1.642272021120739708e-02
1.642275568941780131e-02
1.642279308139059368e-02
1.642283238712577073e-02
1.642287338580460110e-02
1.642291622463957004e-02
1.642296090363068103e-02
1.642300742277793407e-02
1.642305570847507959e-02
1.642310590793461672e-02
1.642315772673155413e-02
1.642321175371586409e-02
1.642326725282508559e-02
1.642332466569669178e-02
1.642338399233068957e-02
1.642344493830208765e-02
1.642350794524836607e-02
1.642357257153204825e-02
1.642363911157811857e-02
1.642370727096159264e-02
1.642377734410745485e-02
1.642384933101570174e-02
1.642392323168633678e-02
1.642399875169437556e-02
1.642407618546480250e-02
1.642415538578512538e-02
1.642423635265534074e-02
1.642431923328794424e-02
1.642440388047044716e-02
1.642449029420284257e-02
1.642457847448513392e-02
1.716063496890103332e-02
1.716063592578222566e-02
1.716063887003205224e-02
1.716064358083177477e-02
1.716065035260637417e-02
1.716065903814336172e-02
1.716066941662399911e-02
1.716068200329200558e-02
1.716069635650990799e-02
1.716071262349019508e-02
1.716073087783911641e-02
1.716075097234417979e-02
1.716077298061163131e-02
1.716079690264146751e-02
1.716082288564618405e-02
1.716085056159454697e-02
1.716088029851779023e-02
1.716091194920342164e-02
1.716094551365144119e-02
1.716098099186184542e-02
1.716101838383463432e-02
1.716105761596356874e-02
1.716109876185488783e-02
1.716114196872108380e-02
1.716118686853093309e-02
1.716123382931565924e-02
1.716128263025652745e-02
1.716133341856602643e-02
1.716138612063791355e-02
1.716144073647218882e-02
1.716149711885635656e-02
1.716155556221540465e-02
1.716161591933684089e-02
1.716167804300816960e-02
1.716174222765437865e-02
1.716180832606297585e-02
1.716187619102146553e-02
1.716194611695483555e-02
1.716201780943810151e-02
1.716209156289624435e-02
1.716216708290428314e-02
1.716224451667471007e-02
1.716232401142001388e-02
1.716240512550272143e-02
1.716248844777280153e-02
1.716257353659277410e-02
1.716266053917513482e-02
1.716274930830739148e-02
1.716284013841452502e-02
1.716293273507155798e-02
1.793045803408488750e-02
1.793045899096608331e-02
1.793046200882215252e-02
1.793046701404685944e-02
1.793047408024643977e-02
1.793048313381465433e-02
1.793049432196399534e-02
1.793050735026947493e-02
1.793052243954983485e-02
1.793053951619882555e-02
1.793055865382269659e-02
1.793057985242144103e-02
1.793060296478257709e-02
1.793062813811859002e-02
1.793065529882323719e-02
1.793068452050276124e-02
1.793071572955091605e-02
1.793074885236145902e-02
1.793078418335937452e-02
1.793082128090718250e-02
1.793086051303611345e-02
1.793090187974617083e-02
1.793094501300612417e-02
1.793099035445344658e-02
1.793103753605690756e-02
1.793108692584774108e-02
1.793113830300720538e-02
1.793119144671656562e-02
1.793124679861329840e-02
1.793130406427241585e-02
1.793136339090641018e-02
1.793142477851528485e-02
1.793148807988654420e-02
1.793155344223268388e-02
1.793162071834121171e-02
1.793169005542461295e-02
1.793176145348289799e-02
1.793183461809107551e-02
1.793191013809911430e-02
1.793198742465704904e-02
1.793206691940235284e-02
1.793214818069755259e-02
1.793223150296763269e-02
1.793231673900009746e-02
1.793240418321993129e-02
1.793249354120215328e-02
1.793258481294676340e-02
1.793267829287873913e-02
1.793277353936061427e-02
1.793287084681736629e-02
1.873472418504048762e-02
1.873472521552792605e-02
1.873472838059649093e-02
1.873473360663993267e-02
1.873474104087074349e-02
1.873475053607643118e-02
1.873476216586324530e-02
1.873477593023118240e-02
1.873479175557399637e-02
1.873480971549793678e-02
1.873482981000300016e-02
1.873485196548294041e-02
1.873487625554400363e-02
1.873490275379243938e-02
1.873493116580326329e-02
1.873496185960769889e-02
1.873499468799326093e-02
1.873502950374745374e-02
1.873506652768901562e-02
1.873510561260545784e-02
1.873514675849677694e-02
1.873519003896921900e-02
1.873523545402278750e-02
1.873528293005123288e-02
1.873533261426704732e-02
1.873538428585149601e-02
1.873543816562331377e-02
1.873549410637000839e-02
1.873555225530407556e-02
1.873561231800052740e-02
1.873567473609684050e-02
1.873573892074304956e-02
1.873580546078911988e-02
1.873587406181006706e-02
1.873594487101838332e-02
1.873601759398908773e-02
1.873609237793466900e-02
1.873616951728011501e-02
1.873624857038794569e-02
1.873632968447065325e-02
1.873641315395322207e-02
1.873649838998568684e-02
1.873658583420552415e-02
1.873667548661272705e-02
1.873676719999481030e-02
1.873686097435177042e-02
1.873695680968361088e-02
1.873705485320281694e-02
1.873715481048441461e-02
1.873725712316587008e-02
1.957553981169965832e-02
1.957554098939958895e-02
1.957554430168064602e-02
1.957554982214906869e-02
1.957555762441110653e-02
1.957556748764802471e-02
1.957557977989105025e-02
1.957559420671519529e-02
1.957561084172671287e-02
1.957562975853184561e-02
1.957565080991810480e-02
1.957567399588548349e-02
1.957569953725272344e-02
1.957572728680733593e-02
1.957575717094307138e-02
1.957578933687242201e-02
1.957582378459538433e-02
1.957586029329323046e-02
1.957589915739093439e-02
1.957594008246351519e-02
1.957598336293596072e-02
1.957602877798952576e-02
1.957607640123046333e-02
1.957612623265876997e-02
1.957617841948693788e-02
1.957623259368373655e-02
1.957628912328039997e-02
1.957634800827692118e-02
1.957640880703583053e-02
1.957647196119459768e-02
1.957653717632824517e-02
1.957660474686175392e-02
1.957667452558263521e-02
1.957674665970337430e-02
1.957682085479899026e-02
1.957689711086948656e-02
1.957697572233984065e-02
1.957705639478507856e-02
1.957713956984266299e-02
1.957722465866263903e-02
1.957731210288247287e-02
1.957740175528967577e-02
1.957749346867175902e-02
1.957758753745370353e-02
1.957768381442301711e-02
1.957778215236720756e-02
1.957788269849876708e-02
1.957798560003019134e-02
1.957809070974898119e-02
1.957819773323015919e-02
2.045190298584658589e-02
2.045190401633402433e-02
2.045190754943381622e-02
2.045191343793346939e-02
2.045192146101424552e-02
2.045193206031361774e-02
2.045194479419411640e-02
2.045195988347447633e-02
2.045197732815469405e-02
2.045199712823477650e-02
2.045201928371471675e-02
2.045204364738202954e-02
2.045207044005544622e-02
2.045209951452247807e-02
2.045213087078312508e-02
2.045216458244363336e-02
2.045220072311024900e-02
2.045223907196423371e-02
2.045227977621807969e-02
2.045232283587178693e-02
2.045236817731910933e-02
2.045241587416628953e-02
2.045246577920084227e-02
2.045251818684774847e-02
2.045257280268202027e-02
2.045262977391615680e-02
2.045268910055015113e-02
2.045275063537151800e-02
2.045281467280523485e-02
2.045288077121382858e-02
2.045294937223477924e-02
2.045302018144309550e-02
2.045309334605127302e-02
2.045316901327180401e-02
2.045324688867970406e-02
2.045332697227497318e-02
2.045340926405761137e-02
2.045349420566509521e-02
2.045358120824745593e-02
2.045367056622967791e-02
2.045376227961176116e-02
2.045385620118121348e-02
2.045395247815052706e-02
2.045405111051969843e-02
2.045415209828873454e-02
2.045425529424513972e-02
2.045436099281389489e-02
2.045446860514503820e-02
2.045457901451351590e-02
2.045469133764438174e-02
2.136746877282161977e-02
2.136747009773403913e-02
2.136747370444007713e-02
2.136747988736471121e-02
2.136748842568920656e-02
2.136749931941356317e-02
2.136751271575027325e-02
2.136752861469933332e-02
2.136754686904825465e-02
2.136756762600952944e-02
2.136759088558315423e-02
2.136761642695039765e-02
2.136764461814248325e-02
2.136767509112818056e-02
2.136770806672623479e-02
2.136774339772414683e-02
2.136778115772816622e-02
2.136782149395078517e-02
2.136786411196701582e-02
2.136790930620184603e-02
2.136795685583653751e-02
2.136800683447733634e-02
2.136805931573048517e-02
2.136811422598974136e-02
2.136817149164885882e-02
2.136823125992032973e-02
2.136829338359165845e-02
2.136835786266285189e-02
2.136842499155888753e-02
2.136849447585478096e-02
2.136856646276303132e-02
2.136864080507113947e-02
2.136871750277910889e-02
2.136879670309942830e-02
2.136887840603210464e-02
2.136896231715214658e-02
2.136904873088454199e-02
2.136913764722929085e-02
2.136922906618638970e-02
2.136932284054335329e-02
2.136941897030017468e-02
2.136951760266934605e-02
2.136961859043838216e-02
2.136972193360727607e-02
2.136982792660101563e-02
2.136993612778212426e-02
2.137004668436309415e-02
2.137015989076890971e-02
2.137027530536209086e-02
2.137039322256762547e-02
2.232458425497986856e-02
2.232458543267979920e-02
2.232458933381081811e-02
2.232459566394794440e-02
2.232460464390991287e-02
2.232461620009048089e-02
2.232463025888339891e-02
2.232464689389491649e-02
2.232466610512503363e-02
2.232468789257374686e-02
2.232471210902856398e-02
2.232473897530822676e-02
2.232476841780648910e-02
2.232480036291710143e-02
2.232483488424631332e-02
2.232487205540036740e-02
2.232491165556052884e-02
2.232495383193928637e-02
2.232499858453664346e-02
2.232504591335259664e-02
2.232509589199339547e-02
2.232514822603405558e-02
2.232520313629331177e-02
2.232526084358990234e-02
2.232532075907386199e-02
2.232538332438266729e-02
2.232544868672880697e-02
2.232551640447480792e-02
2.232558662483315887e-02
2.232565949501635547e-02
2.232573501502439425e-02
2.232581274321980211e-02
2.232589326845254435e-02
2.232597629629764005e-02
2.232606182675508921e-02
2.232615000703738056e-02
2.232624054271953318e-02
2.232633372822652798e-02
2.232642956355836844e-02
2.232652775429006670e-02
2.232662859484661061e-02
2.232673193801550798e-02
2.232683793100924755e-02
2.232694627940284490e-02
2.232705727762128792e-02
2.232717063123959220e-02
2.232728663468274213e-02
2.232740528795073426e-02
2.232752629661858418e-02
2.232764980789879103e-02
2.332168404829504729e-02
2.332168537320747012e-02
2.332168942155098124e-02
2.332169611971933454e-02
2.332170554131877960e-02
2.332171753913682075e-02
2.332173233399219628e-02
2.332174970506616790e-02
2.332176994678372348e-02
2.332179261750738294e-02
2.332181815887462636e-02
2.332184627646046587e-02
2.332187719108363977e-02
2.332191075553165585e-02
2.332194682259202539e-02
2.332198583390222152e-02
2.332202734782476763e-02
2.332207151157215941e-02
2.332211839875063947e-02
2.332216808296645738e-02
2.332222034340086791e-02
2.332227525366012758e-02
2.332233296095671815e-02
2.332239317086566219e-02
2.332245617781194061e-02
2.332252183458306122e-02
2.332259014117902748e-02
2.332266124481232467e-02
2.332273470384548658e-02
2.332281110712847508e-02
2.332289001302381357e-02
2.332297171595648644e-02
2.332305621592649716e-02
2.332314321850885788e-02
2.332323287091606079e-02
2.332332532036060155e-02
2.332342027241749230e-02
2.332351802151171744e-02
2.332361812600580384e-02
2.332372117474971682e-02
2.332382672610598326e-02
2.332393522171207281e-02
2.332404621993051583e-02
2.332415972076131230e-02
2.332427601862944316e-02
2.332439511353490841e-02
2.332451656384023492e-02
2.332464081118289581e-02
2.332476770835039889e-02
2.332489710813025544e-02
2.436340299084338579e-02
2.436340438936205124e-02
2.436340858491805456e-02
2.436341557751139225e-02
2.436342544074831043e-02
2.436343810102256299e-02
2.436345363194039257e-02
2.436347188628931737e-02
2.436349293767557309e-02
2.436351685970540928e-02
2.436354350516633724e-02
2.436357294766459611e-02
2.436360533441268503e-02
2.436364044459185876e-02
2.436367835180837035e-02
2.436371912966846243e-02
2.436376270456588888e-02
2.436380907650064973e-02
2.436385817186649885e-02
2.436391021148217456e-02
2.436396482731644983e-02
2.436402238740054821e-02
2.436408274452198444e-02
2.436414604589324379e-02
2.436421184987685659e-02
2.436428074532278817e-02
2.436435229059356194e-02
2.436442678011416230e-02
2.436450391945960484e-02
2.436458385584238523e-02
2.436466673647498873e-02
2.436475226693243443e-02
2.436484059442721797e-02
2.436493186617182810e-02
2.436502564052878822e-02
2.436512250634806712e-02
2.436522202199218820e-02
2.436532433467364367e-02
2.436542929717994480e-02
2.436553735114856123e-02
2.436564805494202332e-02
2.436576155577281980e-02
2.436587770642845846e-02
2.436599680133392370e-02
2.436611854606423114e-02
2.436624323504436515e-02
2.436637057384934482e-02
2.436650085690414760e-02
2.436663364257130385e-02
2.436676937248828667e-02
2.545232127595997360e-02
2.545232282169113125e-02
2.545232723806586939e-02
2.545233467229668020e-02
2.545234490356482887e-02
2.545235822629528938e-02
2.545237427245684164e-02
2.545239341008071268e-02
2.545241556556065293e-02
2.545244059168417367e-02
2.545246856205752445e-02
2.545249947668069834e-02
2.545253318834120662e-02
2.545257006507027631e-02
2.545260973883668384e-02
2.545265235685291796e-02
2.545269799272522129e-02
2.545274664645359730e-02
2.545279817082555379e-02
2.545285249223484467e-02
2.545290990510645432e-02
2.545297026222788708e-02
2.545303326917416550e-02
2.545309951479525490e-02
2.545316870466616740e-02
2.545324054436192210e-02
2.545331562273248777e-02
2.545339349814038782e-02
2.545347431779811445e-02
2.545355808170566767e-02
2.545364478986304399e-02
2.545373444227025037e-02
2.545382689171478766e-02
2.545392243262164372e-02
2.545402062335334545e-02
2.545412205275985468e-02
2.545422627920369829e-02
2.545433344989736502e-02
2.545444356484086179e-02
2.545455647682169295e-02
2.545467248026483942e-02
2.545479128074532374e-02
2.545491302547563117e-02
2.545503771445576519e-02
2.545516534768572925e-02
2.545529563074053203e-02
2.545542915247014579e-02
2.545556547123709393e-02
2.545570473425386518e-02
2.545584679430797428e-02
2.658632125195739548e-02
2.658632287129480271e-02
2.658632743488203304e-02
2.658633523714407088e-02
2.658634598365593529e-02
2.658635982163011849e-02
2.658637675106661699e-02
2.658639677196543427e-02
2.658641988432657033e-02
2.658644608815002169e-02
2.658647538343579184e-02
2.658650769657763466e-02
2.658654310118179279e-02
2.658658159724826969e-02
2.658662325838330800e-02
2.658666786376817290e-02
2.658671563422160267e-02
2.658676656974359384e-02
2.658682044951541160e-02
2.658687742074954466e-02
2.658693748344599650e-02
2.658700049039227492e-02
2.658706673601336085e-02
2.658713592588427682e-02
2.658720835442999683e-02
2.658728387443803562e-02
2.658736233869590099e-02
2.658744389441608513e-02
2.658752854159858459e-02
2.658761598581841842e-02
2.658770681592555196e-02
2.658780073749500428e-02
2.658789745610179098e-02
2.658799756059588085e-02
2.658810046212730163e-02
2.658820660233353339e-02
2.658831583400208046e-02
2.658842786270796191e-02
2.658854313008865433e-02
2.658866148893166206e-02
2.658878279202449638e-02
2.658890718657964947e-02
2.658903467259711786e-02
2.658916510286441284e-02
2.658929862459402660e-02
2.658943538499844786e-02
2.658957494244020697e-02
2.658971759134428139e-02
2.658986333171067112e-02
2.659001216353937963e-02
2.777112698213504358e-02
2.777112867507869343e-02
2.777113345948466205e-02
2.777114155617168428e-02
2.777115289153351402e-02
2.777116746557015126e-02
2.777118513106911074e-02
2.777120618245536646e-02
2.777123032530394095e-02
2.777125770682732295e-02
2.777128832702551245e-02
2.777132211229226683e-02
2.777135920984007827e-02
2.777139954606269376e-02
2.777144304735387412e-02
2.777148986092610808e-02
2.777153976596066082e-02
2.777159305688251326e-02
2.777164943926668447e-02
2.777170891311317100e-02
2.777177192005944942e-02
2.777183801846804315e-02
2.777190720833895565e-02
2.777197963688467913e-02
2.777205545131770231e-02
2.777213435721304080e-02
2.777221650178318679e-02
2.777230188502814376e-02
2.777239035973541950e-02
2.777248222032999148e-02
2.777257717238688223e-02
2.777267521590609176e-02
2.777277679252509318e-02
2.777288131339391772e-02
2.777298907293755323e-02
2.777310021836848844e-02
2.777321430804925023e-02
2.777333178361730825e-02
2.777345220343519633e-02
2.777357615635287630e-02
2.777370320073287158e-02
2.777383333657518216e-02
2.777396671109230372e-02
2.777410317707174406e-02
2.777424288172599190e-02
2.777438597226753944e-02
2.777453215427140576e-02
2.777468128052509519e-02
2.777483379266608779e-02
2.777498939626939570e-02
2.900952652386572933e-02
2.900952829041562528e-02
2.900953329564032873e-02
2.900954168675233188e-02
2.900955353735788431e-02
2.900956870024448686e-02
2.900958732262463868e-02
2.900960925728584064e-02
2.900963450422809967e-02
2.900966321066390449e-02
2.900969522938076292e-02
2.900973070759116715e-02
2.900976949808262498e-02
2.900981174806763208e-02
2.900985708951495101e-02
2.900990596406206531e-02
2.900995837170896804e-02
2.901001401803068175e-02
2.901007305023969515e-02
2.901013532112351606e-02
2.901020097789464014e-02
2.901027016776555265e-02
2.901034259631127266e-02
2.901041855795678803e-02
2.901049761106461872e-02
2.901058019727223783e-02
2.901066616936716011e-02
2.901075538013688990e-02
2.901084797679392285e-02
2.901094395933825204e-02
2.901104332776988440e-02
2.901114608208881299e-02
2.901125222229504474e-02
2.901136145396359181e-02
2.901147421873193077e-02
2.901159051660006163e-02
2.901170990593050780e-02
2.901183268114825714e-02
2.901195884225330618e-02
2.901208824203316272e-02
2.901222117491280769e-02
2.901235719925477491e-02
2.901249675669653055e-02
2.901263970002558590e-02
2.901278588202945222e-02
2.901293530270812604e-02
2.901308796206161084e-02
2.901324430172737279e-02
2.901340358564296479e-02
2.901356654987084088e-02
3.029886504708126718e-02
3.029886674002491703e-02
3.029887203967460488e-02
3.029888087242408115e-02
3.029889323827335279e-02
3.029890913722241286e-02
3.029892856927126482e-02
3.029895153441990868e-02
3.029897795906209834e-02
3.029900791680407643e-02
3.029904140764584988e-02
3.029907843158741176e-02
3.029911891502251944e-02
3.029916307876991122e-02
3.029921077561709489e-02
3.029926185835157826e-02
3.029931662139834225e-02
3.029937477033240942e-02
3.029943645236626501e-02
3.029950166749991250e-02
3.029957041573335189e-02
3.029964269706658317e-02
3.029971836428711415e-02
3.029979785903241796e-02
3.029988044524003707e-02
3.029996685897243594e-02
3.030005680580461977e-02
3.030015013852410677e-02
3.030024685713089347e-02
3.030034725604996426e-02
3.030045133528131568e-02
3.030055865318747807e-02
3.030066935698094016e-02
3.030078388829917507e-02
3.030090180550470969e-02
3.030102325581003272e-02
3.030114809200265893e-02
3.030127660850756924e-02
3.030140836368728705e-02
3.030154365196679675e-02
3.030168276777107927e-02
3.030182512225016930e-02
3.030197086261655903e-02
3.030212013608274413e-02
3.030227294264871765e-02
3.030242942952697527e-02
3.030258915508004039e-02
3.030275241373289394e-02
3.030291920548554285e-02
3.030308923591299927e-02
3.164606470394152465e-02
3.164606661770391627e-02
3.164607206456609284e-02
3.164608133895304570e-02
3.164609422004603656e-02
3.164611078145130457e-02
3.164613109677510278e-02
3.164615501880493897e-02
3.164618269475330536e-02
3.164621405101395585e-02
3.164624908758688349e-02
3.164628780447210216e-02
3.164633020166959798e-02
3.164637627917937096e-02
3.164642618421392717e-02
3.164647947513577614e-02
3.164653674079489359e-02
3.164659739234131075e-02
3.164666187141250420e-02
3.164673017800846699e-02
3.164680201770422169e-02
3.164687739049977522e-02
3.164695673803258336e-02
3.164703961866519033e-02
3.164712617961007446e-02
3.164721642086724962e-02
3.164731019522420974e-02
3.164740794431843141e-02
3.164750907929995971e-02
3.164761404180625737e-02
3.164772253741235386e-02
3.164783486054321970e-02
3.164795071677387051e-02
3.164807025331681234e-02
3.164819347017203133e-02
3.164832036733954135e-02
3.164845094481932852e-02
3.164858505539890066e-02
3.164872284629076382e-02
3.164886446470739634e-02
3.164900961622382769e-02
3.164915830084004400e-02
3.164931081298103660e-02
3.164946671100932196e-02
3.164962658377488275e-02
3.164978984242773630e-02
3.164995678139288088e-02
3.165012754788278787e-02
3.165030170026000150e-02
3.165047953294949923e-02
3.305410456002678965e-02
3.305410640018292823e-02
3.305411221507633529e-02
3.305412178388827255e-02
3.305413532743747135e-02
3.305415269851144644e-02
3.305417374989770563e-02
3.305419892323371855e-02
3.305422762966952338e-02
3.305426045805508195e-02
3.305429726117790901e-02
3.305433759740052796e-02
3.305438176114791626e-02
3.305443004684506525e-02
3.305448186564200613e-02
3.305453780638870076e-02
3.305459757466017168e-02
3.305466102324391975e-02
3.305472829935244411e-02
3.305479955019823696e-02
3.305487477578129135e-02
3.305495353446414458e-02
3.305503641509674462e-02
3.305512282882914349e-02
3.305521336451129610e-02
3.305530758050573281e-02
3.305540562402493887e-02
3.305550764228141342e-02
3.305561319363767986e-02
3.305572301415619224e-02
3.305583636777449652e-02
3.305595369613006235e-02
3.305607470479791921e-02
3.305619954099054542e-02
3.305632835192043317e-02
3.305646084316260502e-02
3.305659716192955316e-02
3.305673730822127759e-02
3.305688128203777137e-02
3.305702923059153364e-02
3.305718071224508781e-02
3.305733602142341132e-02
3.305749530533900332e-02
3.305765826956687942e-02
3.305782520853201706e-02
3.305799582780943879e-02
3.305816998018665243e-02
3.305834825451361980e-02
3.305853020915287127e-02
3.305871599131689903e-02
3.451970295448089643e-02
3.451970501545578024e-02
3.451971105116791866e-02
3.451972120882981776e-02
3.451973519401649315e-02
3.451975330115292229e-02
3.451977538302661991e-02
3.451980143963757908e-02
3.451983176541079112e-02
3.451986606592126472e-02
3.451990404674402241e-02
3.451994644394151823e-02
3.451999266866378341e-02
3.452004286812332401e-02
3.452009718953261141e-02
3.452015563289165950e-02
3.452021790377548388e-02
3.452028414939656981e-02
3.452035466417990167e-02
3.452042900648800983e-02
3.452050732353338647e-02
3.452058976252851685e-02
3.452067617626091572e-02
3.452076656473057614e-02
3.452086092793749811e-02
3.452095941309418076e-02
3.452106172577563969e-02
3.452116830761934457e-02
3.452127871698781880e-02
3.452139310109356152e-02
3.452151145993657272e-02
3.452163394072933766e-02
3.452176039625937110e-02
3.452189067931417388e-02
3.452202523153122260e-02
3.452216361127305455e-02
3.452230596575214111e-02
3.452245229496849616e-02
3.452260259892211969e-02
3.452275687761301171e-02
3.452291527825365053e-02
3.452307750641907258e-02
3.452324356210925704e-02
3.452341403417419352e-02
3.452358818655140715e-02
3.452376631366588233e-02
3.452394826830513380e-02
3.452413434489414595e-02
3.452432439622041965e-02
3.452451827507146270e-02
3.605118865481813512e-02
3.605119071579301199e-02
3.605119704593014174e-02
3.605120764522951049e-02
3.605122236647864686e-02
3.605124120967753004e-02
3.605126417482617390e-02
3.605129155634955590e-02
3.605132305982269858e-02
3.605135868524559500e-02
3.605139872704322956e-02
3.605144274357812567e-02
3.605149102927527466e-02
3.605154358413466958e-02
3.605160011373133300e-02
3.605166105970273455e-02
3.605172598041139764e-02
3.605179531749479888e-02
3.605186877652796079e-02
3.605194635751087645e-02
3.605202820765604499e-02
3.605211417975096727e-02
3.605220427379564330e-02
3.605229878421506440e-02
3.605239712215925485e-02
3.605249987647818344e-02
3.605260675274687271e-02
3.605271804539029318e-02
3.605283316555849688e-02
3.605295255488894651e-02
3.605307621338164209e-02
3.605320384661159921e-02
3.605333589621630141e-02
3.605347206777075736e-02
3.605361221406248179e-02
3.605375662951644522e-02
3.605390516692017627e-02
3.605405797348614633e-02
3.605421490200187706e-02
3.605437595246736848e-02
3.605454097767012145e-02
3.605471041924761255e-02
3.605488383556236520e-02
3.605506152103937073e-02
3.605524318125363781e-02
3.605542911063015776e-02
3.605561916195643146e-02
3.605581318801997365e-02
3.605601148324575483e-02
3.605621390042130364e-02
3.765165385941834919e-02
3.765165606760571826e-02
3.765166269216782546e-02
3.765167358589217861e-02
3.765168889599127683e-02
3.765170862246511319e-02
3.765173261810119548e-02
3.765176132453700031e-02
3.765179385849757449e-02
3.765183125047037033e-02
3.765187276439291297e-02
3.765191884190269289e-02
3.765196918857471875e-02
3.765202380440899749e-02
3.765208313104299181e-02
3.765214643241424769e-02
3.765221444458523303e-02
3.765228643149347992e-02
3.765236312920144934e-02
3.765244409607167164e-02
3.765252947931662514e-02
3.765261913172383151e-02
3.765271320050577603e-02
3.765281168566245867e-02
3.765291429276889507e-02
3.765302161067505399e-02
3.765313305053097359e-02
3.765324890676163133e-02
3.765336903215453501e-02
3.765349372113466903e-02
3.765362253206455678e-02
3.765375575936918962e-02
3.765389340304856058e-02
3.765403531589017749e-02
3.765418164510653254e-02
3.765433224348514046e-02
3.765448725823847959e-02
3.765464639494157939e-02
3.765481009523190953e-02
3.765497806468449254e-02
3.765515030329931456e-02
3.765532695828888166e-02
3.765550773522820249e-02
3.765569292854226147e-02
3.765588253823106551e-02
3.765607641708211550e-02
3.765627441788291924e-02
3.765647698227095330e-02
3.765668366860874111e-02
3.765689462410878180e-02
3.931703108714679207e-02
3.931703329533416114e-02
3.931704021432125273e-02
3.931705169689557466e-02
3.931706759584463473e-02
3.931708820559341733e-02
3.931711337892943026e-02
3.931714296864018132e-02
3.931717712193816966e-02
3.931721613324836578e-02
3.931725941372080785e-02
3.931730740499297244e-02
3.931735981263987517e-02
3.931741693108650043e-02
3.931747861312035602e-02
3.931754471152895669e-02
3.931761552073727295e-02
3.931769074632032734e-02
3.931777068270310427e-02
3.931785518267311846e-02
3.931794409901786386e-02
3.931803757894983958e-02
3.931813562246905258e-02
3.931823822957548897e-02
3.931834540026915570e-02
3.931845713455005970e-02
3.931857328520569489e-02
3.931869399944856736e-02
3.931881942449115541e-02
3.931894926590848854e-02
3.931908367091305201e-02
3.931922263950483887e-02
3.931936602447137080e-02
3.931951412023762527e-02
3.931966648516612567e-02
3.931982356089434860e-02
3.931998505299730967e-02
3.932015110868750107e-02
3.932032172796492281e-02
3.932049676361708268e-02
3.932067636285647289e-02
3.932086037847060123e-02
3.932104910488445210e-02
3.932124195324806365e-02
3.932143951241139079e-02
3.932164178237444740e-02
3.932184832149974302e-02
3.932205927699978371e-02
3.932227464887456253e-02
3.932249473154906388e-02
4.105733240674957346e-02
4.105733476214943473e-02
4.105734182834901852e-02
4.105735375256081704e-02
4.105737053478482335e-02
4.105739188059606692e-02
4.105741793720702609e-02
4.105744899904269218e-02
4.105748462446558861e-02
4.105752510790069282e-02
4.105757015492303430e-02
4.105762020717007577e-02
4.105767482300434756e-02
4.105773444406332628e-02
4.105779862870953534e-02
4.105786752415546692e-02
4.105794127761361323e-02
4.105801974187147513e-02
4.105810306414155175e-02
4.105819094999886565e-02
4.105828354665589514e-02
4.105838100132513935e-02
4.105848316679410609e-02
4.105859004306278842e-02
4.105870177734369242e-02
4.105881807521181981e-02
4.105893923109216193e-02
4.105906509777222657e-02
4.105919567525201375e-02
4.105933081631903125e-02
4.105947096261075568e-02
4.105961567248971045e-02
4.105976524038087300e-02
4.105991937185926588e-02
4.106007821413738823e-02
4.106024176721522617e-02
4.106041003109278664e-02
4.106058315298256184e-02
4.106076069124707517e-02
4.106094323473628849e-02
4.106113019460024688e-02
4.106132201247641306e-02
4.106151839393981651e-02
4.106171963341542774e-02
4.106192543647826931e-02
4.106213580312834815e-02
4.106235102779063478e-02
4.106257081604015174e-02
4.106279546230188343e-02
4.106302437772586106e-02
4.287556949137379808e-02
4.287557199398615154e-02
4.287557920739822753e-02
4.287559172045998790e-02
4.287560909153396299e-02
4.287563132062014587e-02
4.287565855493104261e-02
4.287569079446663933e-02
4.287572803922693604e-02
4.287577014199944747e-02
4.287581724999666583e-02
4.287586936321859110e-02
4.287592618724023197e-02
4.287598816369907195e-02
4.287605499817011973e-02
4.287612683786588136e-02
4.287620353557385078e-02
4.287628523850652018e-02
4.287637179945141125e-02
4.287646351283349450e-02
4.287655993701530027e-02
4.287666136642180603e-02
4.287676780105301871e-02
4.287687909369644612e-02
4.287699539156457351e-02
4.287711654744491563e-02
4.287724256133747247e-02
4.287737343324224404e-02
4.287750960479669998e-02
4.287765033993838626e-02
4.287779622751727165e-02
4.287794697310836484e-02
4.287810242949918055e-02
4.287826303832719538e-02
4.287842835795493274e-02
4.287859883001986228e-02
4.287877401288451434e-02
4.287895405376138114e-02
4.287913895265045572e-02
4.287932885676423722e-02
4.287952361889023345e-02
4.287972323902844440e-02
4.287992771717887008e-02
4.288013705334150355e-02
4.288035139472884394e-02
4.288057044691589992e-02
4.288079435711517756e-02
4.288102312532666299e-02
4.288125689876285535e-02
4.288149553021125548e-02
4.476710441148092079e-02
4.476710691409327425e-02
4.476711471635531209e-02
4.476712752384205685e-02
4.476714563097848598e-02
4.476716889055211424e-02
4.476719715535044247e-02
4.476723071979846202e-02
4.476726943668367376e-02
4.476731330600608461e-02
4.476736218055319544e-02
4.476741635474999759e-02
4.476747568138399191e-02
4.476754016045518536e-02
4.476760979196357099e-02
4.476768442869666353e-02
4.476776421786694826e-02
4.476784930668692430e-02
4.476793940073160033e-02
4.476803479442596767e-02
4.476813519334503499e-02
4.476824089191379363e-02
4.476835144849476006e-02
4.476846730472541780e-02
4.476858846060575992e-02
4.476871447449831676e-02
4.476884564082807272e-02
4.476898210680751306e-02
4.476912343079916118e-02
4.476927020165299281e-02
4.476942183051903917e-02
4.476957846460978552e-02
4.476974054556270843e-02
4.476990748452784608e-02
4.477007972314267503e-02
4.477025696698220397e-02
4.477043921604643983e-02
4.477062661754786788e-02
4.477081902427400284e-02
4.477101658343733692e-02
4.477121929503786318e-02
4.477142701186308943e-02
4.477163973391302954e-02
4.477185760840015488e-02
4.477208048811199409e-02
4.477230866747351767e-02
4.477254155763475685e-02
4.477277960023319514e-02
4.477302279526883255e-02
4.477327099552916995e-02
4.674357740597086946e-02
4.674358005579571512e-02
4.674358815248273041e-02
4.674360154881944396e-02
4.674362039201832714e-02
4.674364453486690163e-02
4.674367397736516744e-02
4.674370886672560288e-02
4.674374890852323744e-02
4.674379454439554077e-02
4.674384562713002761e-02
4.674390186230170663e-02
4.674396354433556222e-02
4.674403052601910219e-02
4.674410280735233347e-02
4.674418068276023353e-02
4.674426371060533270e-02
4.674435218531260150e-02
4.674444581245706942e-02
4.674454503367621305e-02
4.674464940733254886e-02
4.674475922785106125e-02
4.674487434801925800e-02
4.674499476783714608e-02
4.674512063451721072e-02
4.674525165363447449e-02
4.674538826682640008e-02
4.674553003245553173e-02
4.674567709773434082e-02
4.674582960987533342e-02
4.674598727445351820e-02
4.674615023868139430e-02
4.674631864977144696e-02
4.674649221329869181e-02
4.674667137090061236e-02
4.674685568093972510e-02
4.674704514341603695e-02
4.674724005275451844e-02
4.674744011453020598e-02
4.674764547595557096e-02
4.674785613703062725e-02
4.674807224496786706e-02
4.674829350534229211e-02
4.674851991815392321e-02
4.674875163061523176e-02
4.674898864272623161e-02
4.674923110169941498e-02
4.674947841868480614e-02
4.674973132974486606e-02
4.674998939324211816e-02
4.880798159921683615e-02
4.880798424904168181e-02
4.880799249294119624e-02
4.880800647812787163e-02
4.880802605738921579e-02
4.880805108351273652e-02
4.880808185092341822e-02
4.880811806519627649e-02
4.880815987354381047e-02
4.880820727596600628e-02
4.880826012525038560e-02
4.880831856860943369e-02
4.880838260604315054e-02
4.880845238476402836e-02
4.880852746313459750e-02
4.880860828279232067e-02
4.880869454931222734e-02
4.880878640990680278e-02
4.880888401178853225e-02
4.880898676610746778e-02
4.880909540892604953e-02
4.880920949860680785e-02
4.880932903514974969e-02
4.880945431297984555e-02
4.880958503767212492e-02
4.880972120922658086e-02
4.880986297485570558e-02
4.881001048177199819e-02
4.881016314112547605e-02
4.881032168897861401e-02
4.881048553648143634e-02
4.881065483084643525e-02
4.881082986649859512e-02
4.881101034901293156e-02
4.881119627838945152e-02
4.881138780184064024e-02
4.881158462494151334e-02
4.881178704211705521e-02
4.881199505336726585e-02
4.881220836426716780e-02
4.881242726924173853e-02
4.881265176829097802e-02
4.881288156698990188e-02
4.881311681255100926e-02
4.881335750497429321e-02
4.881360379147224593e-02
4.881385537761988302e-02
4.881411241062969669e-02
4.881437503771418607e-02
4.881464311166085202e-02
5.095507122130369521e-02
5.095507416555351832e-02
5.095508270387801714e-02
5.095509727791465437e-02
5.095511759323845258e-02
5.095514350263692649e-02
5.095517530053504662e-02
5.095521313414531211e-02
5.095525641461775418e-02
5.095530573080234160e-02
5.095536049384910560e-02
5.095542129260801495e-02
5.095548783265408527e-02
5.095556011398731655e-02
5.095563828382020100e-02
5.095572204772774727e-02
5.095581184734744584e-02
5.095590724104181318e-02
5.095600837602333455e-02
5.095611539950451602e-02
5.095622816427285151e-02
5.095634667032835491e-02
5.095647077045852708e-02
5.095660105351332986e-02
5.095673663621781702e-02
5.095687810742196427e-02
5.095702531991326556e-02
5.095717842090422695e-02
5.095733711596985016e-02
5.095750155232263434e-02
5.095767187717507862e-02
5.095784779610218473e-02
5.095802945631645181e-02
5.095821671060539459e-02
5.095840985339398360e-02
5.095860873746974051e-02
5.095881321562015925e-02
5.095902343505773896e-02
5.095923924856999437e-02
5.095946095058189601e-02
5.095968809945598116e-02
5.095992098961722727e-02
5.096015976827811961e-02
5.096040399380119545e-02
5.096065410782391752e-02
5.096090966870882311e-02
5.096117082366839746e-02
5.096143786712762497e-02
5.096171035744902905e-02
5.096198873627008630e-02
5.319837200871998378e-02
5.319837495296981383e-02
5.319838393293178230e-02
5.319839909581838833e-02
5.319841999999215532e-02
5.319844708709055292e-02
5.319848006268860369e-02
5.319851922121129201e-02
5.319856412102114129e-02
5.319861520375562119e-02
5.319867232220224645e-02
5.319873532914852488e-02
5.319880437180694865e-02
5.319887930296501866e-02
5.319896041704773315e-02
5.319904741963009387e-02
5.319914045792459301e-02
5.319923953193124444e-02
5.319934449443754210e-02
5.319945549265598511e-02
5.319957252658657348e-02
5.319969544901681502e-02
5.319982425994670278e-02
5.319995925380122809e-02
5.320009998894291436e-02
5.320024690700923820e-02
5.320039971357521519e-02
5.320055826142834621e-02
5.320072299220611478e-02
5.320089361148353652e-02
5.320107026647310361e-02
5.320125295717481606e-02
5.320144124195119034e-02
5.320163570965220218e-02
5.320183606585286717e-02
5.320204231055318533e-02
5.320225444375315665e-02
5.320247261266527333e-02
5.320269652286454404e-02
5.320292632156346790e-02
5.320316215597453713e-02
5.320340387888525951e-02
5.320365134308314287e-02
5.320390484299317158e-02
5.320416408419035431e-02
5.320442936109968934e-02
5.320470037929617840e-02
5.320497728599232062e-02
5.320525978676313855e-02
5.320554847045858016e-02
5.554077168169514744e-02
5.554077477315746275e-02
5.554078419475690781e-02
5.554079965206849129e-02
5.554082143951720452e-02
5.554084940989055530e-02
5.554088385761352109e-02
5.554092434104862530e-02
5.554097086019588181e-02
5.554102385669274639e-02
5.554108303611425546e-02
5.554114825124790294e-02
5.554121994373116544e-02
5.554129781913906549e-02
5.554138187747160310e-02
5.554147211872877132e-02
5.554156854291057710e-02
5.554167100280452130e-02
5.554177994004808744e-02
5.554189491300379894e-02
5.554201636330912545e-02
5.554214355490161292e-02
5.554227737105620760e-02
5.554241722292294764e-02
5.554256311050182610e-02
5.554271532821783430e-02
5.554287387607097226e-02
5.554303831242375644e-02
5.554320907891367037e-02
5.554338588111572966e-02
5.554356901345491176e-02
5.554375818150623922e-02
5.554395353248219730e-02
5.554415506638279293e-02
5.554436278320802611e-02
5.554457653574539772e-02
5.554479632399491468e-02
5.554502244238156139e-02
5.554525459648034652e-02
5.554549293350376921e-02
5.554573715902683811e-02
5.554598756747455152e-02
5.554624430605938079e-02
5.554650678593137797e-02
5.554677559594050490e-02
5.554705044166177025e-02
5.554733132309517402e-02
5.554761838745322228e-02
5.554791119309842456e-02
5.554821032888075660e-02
5.797672813156903165e-02
5.797673137024383916e-02
5.797674108626826861e-02
5.797675713242982087e-02
5.797677965594098815e-02
5.797680880401426956e-02
5.797684428222467379e-02
5.797688609057220083e-02
5.797693467069433421e-02
5.797698943374109820e-02
5.797705067413747720e-02
5.797711853909597035e-02
5.797719273419158631e-02
5.797727325942433202e-02
5.797736026200669274e-02
5.797745374193866846e-02
5.797755369922026614e-02
5.797765998663898662e-02
5.797777275140732905e-02
5.797789199352528650e-02
5.797801756578036675e-02
5.797814961538506895e-02
5.797828814233938616e-02
5.797843285221833398e-02
5.797858418665939595e-02
5.797874185123758073e-02
5.797890599316538746e-02
5.797907646523031699e-02
5.797925326743237628e-02
5.797943654698405058e-02
5.797962615667284769e-02
5.797982209649877455e-02
5.798002451367431642e-02
5.798023326098698804e-02
5.798044833843678247e-02
5.798066974602370666e-02
5.798089763096024585e-02
5.798113169882141565e-02
5.798137209681972215e-02
5.798161897216763672e-02
5.798187217765268103e-02
5.798213141884986377e-02
5.798239713739666845e-02
5.798266903886811069e-02
5.798294771211415233e-02
5.798323212664734799e-02
5.798352301853016560e-02
5.798382009333762077e-02
5.798412349828219875e-02
5.798443323336389954e-02
6.052159871264700675e-02
6.052160209853431339e-02
6.052161196177122809e-02
6.052162889120772660e-02
6.052165229799384705e-02
6.052168218212958251e-02
6.052171898525240262e-02
6.052176226572485163e-02
6.052181246518438529e-02
6.052186914199353396e-02
6.052193259057728897e-02
6.052200266372315118e-02
6.052207936143112060e-02
6.052216297812618162e-02
6.052225292495836545e-02
6.052234964356515562e-02
6.052245313394653825e-02
6.052256310167754283e-02
6.052267984118314681e-02
6.052280320525086493e-02
6.052293334109317552e-02
6.052306980707261586e-02
6.052321319203914779e-02
6.052336305435529473e-02
6.052351954123354888e-02
6.052368279988640243e-02
6.052385253588887792e-02
6.052402904366595282e-02
6.052421202879264273e-02
6.052440163848144677e-02
6.052459787273235109e-02
6.052480073154536955e-02
6.052501006770800301e-02
6.052522617564524282e-02
6.052544846650711324e-02
6.052567767635606832e-02
6.052591351076713755e-02
6.052615567531533652e-02
6.052640446442564270e-02
6.052665973088556389e-02
6.052692162190759229e-02
6.052718999027924263e-02
6.052746483600050798e-02
6.052774630628388053e-02
6.052803425391686809e-02
6.052832882611196980e-02
6.052862958123170906e-02
6.052893725533853297e-02
6.052925081794501005e-02
6.052957115232608654e-02
6.317808992658170697e-02
6.317809331246901361e-02
6.317810376455589016e-02
6.317812098841738000e-02
6.317814542569093195e-02
6.317817634031411278e-02
6.317821417392437133e-02
6.317825907373421368e-02
6.317831089253116150e-02
6.317836963031518704e-02
6.317843513987382587e-02
6.317850771563203460e-02
6.317858706316484274e-02
6.317867318247226416e-02
6.317876636797925549e-02
6.317886647247333842e-02
6.317897334874203463e-02
6.317908699678531637e-02
6.317920771102818189e-02
6.317933519704566070e-02
6.317946974926270942e-02
6.317961092604186535e-02
6.317975902180811287e-02
6.317991403656146587e-02
6.318007582308940440e-02
6.318024467581692671e-02
6.318042000589407792e-02
6.318060240217079904e-02
6.318079171743462563e-02
6.318098765726054555e-02
6.318119051607355707e-02
6.318140014666118187e-02
6.318161654902339219e-02
6.318183987037270799e-02
6.318206996349660931e-02
6.318230668118263171e-02
6.318255017064325352e-02
6.318280057909095304e-02
6.318305775931326584e-02
6.318332171131017805e-02
6.318359243508168965e-02
6.318386978341530846e-02
6.318415360909854228e-02
6.318444450098135989e-02
6.318474216463877691e-02
6.318504645285830112e-02
6.318535751285242474e-02
6.318567490298367118e-02
6.318599935931451528e-02
6.318633029299496051e-02
6.594070795041014066e-02
6.594071148350993949e-02
6.594072223002180044e-02
6.594074004273324519e-02
6.594076492164427372e-02
6.594079701396737825e-02
6.594083631970255877e-02
6.594088269163732308e-02
6.594093612977167118e-02
6.594099678131808140e-02
6.594106449906408929e-02
6.594113943022215929e-02
6.594122128036732089e-02
6.594131034392455848e-02
6.594140662089387206e-02
6.594151011127526163e-02
6.594162037343125060e-02
6.594173799621180776e-02
6.594186268519193483e-02
6.594199429315916738e-02
6.594213326175095424e-02
6.594227900211734050e-02
6.594243210310830883e-02
6.594259212308635487e-02
6.594275935647647691e-02
6.594293350885369054e-02
6.594311487464296628e-02
6.594330330663183970e-02
6.594349865760780471e-02
6.594370107478333964e-02
6.594391055815847225e-02
6.594412710773317476e-02
6.594435072350747495e-02
6.594458125826885286e-02
6.594481885922981457e-02
6.594506337917788175e-02
6.594531496532551884e-02
6.594557347046024753e-02
6.594583904179456002e-02
6.594611167932845630e-02
6.594639094142445979e-02
6.594667756414503146e-02
6.594697081142771034e-02
6.594727127212246520e-02
6.594757850459180559e-02
6.594789265604825146e-02
6.594821357927929673e-02
6.594854156870992579e-02
6.594887647712764644e-02
6.594921815731995263e-02
6.882657094704616729e-02
6.882657462735844445e-02
6.882658552108281147e-02
6.882660406985671719e-02
6.882662983204268503e-02
6.882666295485323493e-02
6.882670329107584695e-02
6.882675113513551934e-02
6.882680648703225212e-02
6.882686890512856870e-02
6.882693883106193178e-02
6.882701611761987692e-02
6.882710061758988418e-02
6.882719262539695182e-02
6.882729184661608157e-02
6.882739857567228559e-02
6.882751237092805952e-02
6.882763382123338602e-02
6.882776233773829633e-02
6.882789821486777482e-02
6.882804145262180762e-02
6.882819205100040860e-02
6.882834986279108558e-02
6.882851503520633074e-02
6.882868742103365189e-02
6.882886702027304904e-02
6.882905412734949269e-02
6.882924844783801233e-02
6.882944998173860796e-02
6.882965887626377177e-02
6.882987498420099770e-02
6.883009830555031350e-02
6.883032884031169141e-02
6.883056673569763750e-02
6.883081169728316739e-02
6.883106401949326547e-02
6.883132370232793174e-02
6.883159015693719740e-02
6.883186411938350957e-02
6.883214514802940553e-02
6.883243339008737749e-02
6.883272869834493324e-02
6.883303122001456498e-02
6.883334110230876490e-02
6.883365775637756423e-02
6.883398177107091787e-02
6.883431285196386917e-02
6.883465099905639040e-02
6.883499635956098761e-02
6.883534863905267642e-02
7.183804947923724815e-02
7.183805330676203138e-02
7.183806464212386111e-02
7.183808363253524343e-02
7.183811013078367225e-02
7.183814428408165365e-02
7.183818609242918762e-02
7.183823526140127591e-02
7.183829223263540897e-02
7.183835656449411022e-02
7.183842855140236405e-02
7.183850819336015658e-02
7.183859534315500950e-02
7.183869014799941499e-02
7.183879231346837479e-02
7.183890228119937937e-02
7.183901975676744434e-02
7.183914459296006361e-02
7.183927708420223546e-02
7.183941708328146769e-02
7.183956473741025250e-02
7.183971975216359163e-02
7.183988242196648333e-02
7.184005274681892761e-02
7.184023028508343400e-02
7.184041547839749298e-02
7.184060817954861233e-02
7.184080838853679207e-02
7.184101610536201832e-02
7.184123118281181275e-02
7.184145362088617537e-02
7.184168386122258276e-02
7.184192146218354447e-02
7.184216642376907436e-02
7.184241874597917243e-02
7.184267872323880921e-02
7.184294591391052198e-02
7.184322061241930901e-02
7.184350267155263647e-02
7.184379238573553039e-02
7.184408916611799423e-02
7.184439330712502625e-02
7.184470480875662646e-02
7.184502396543777925e-02
7.184535018831851583e-02
7.184568362461131452e-02
7.184602501037865019e-02
7.184637302070809306e-02
7.184672883329958071e-02
7.184709127045316168e-02
7.496974379280235690e-02
7.496974762032712625e-02
7.496975925011394037e-02
7.496977882937529147e-02
7.496980621089867347e-02
7.496984124747160805e-02
7.496988423351906572e-02
7.496993516904104649e-02
7.496999361240010151e-02
7.497005985802118744e-02
7.497013405311681034e-02
7.497021590326197193e-02
7.497030570288167051e-02
7.497040315755090778e-02
7.497050856169468203e-02
7.497062147367551665e-02
7.497074248234336658e-02
7.497087099884827688e-02
7.497100746482771028e-02
7.497115158585669625e-02
7.497130350914772701e-02
7.497146323470078866e-02
7.497163046809091069e-02
7.497180579816806190e-02
7.497198848886976741e-02
7.497217912904600989e-02
7.497237742427179108e-02
7.497258352175961704e-02
7.497279727429699558e-02
7.497301868188391283e-02
7.497324774452038265e-02
7.497348446220640505e-02
7.497372912936695055e-02
7.497398100993957204e-02
7.497424083998671662e-02
7.497450817787093547e-02
7.497478331801718521e-02
7.497506581878798926e-02
7.497535612182085196e-02
7.497565422711573169e-02
7.497595954582270128e-02
7.497627237236671738e-02
7.497659329559776265e-02
7.497692128502839171e-02
7.497725707672105167e-02
7.497760008182580149e-02
7.497795088919258222e-02
7.497830905718391725e-02
7.497867488022480487e-02
7.497904806389026067e-02
7.824082934522130772e-02
7.824083346717106147e-02
7.824084539138285999e-02
7.824086555949416599e-02
7.824089352986751678e-02
7.824092959692789673e-02
7.824097390788777029e-02
7.824102602110968863e-02
7.824108623101863613e-02
7.824115439040210673e-02
7.824123064647260650e-02
7.824131470480513717e-02
7.824140700703718920e-02
7.824150725874376433e-02
7.824161545992487643e-02
7.824173161058051162e-02
7.824185585792317599e-02
7.824198805474036345e-02
7.824212820103208788e-02
7.824227644401082760e-02
7.824243248925161209e-02
7.824259663117942576e-02
7.824276857536927032e-02
7.824294861624613018e-02
7.824313660659752701e-02
7.824333239921095473e-02
7.824353628851141162e-02
7.824374783286142110e-02
7.824396747389844586e-02
7.824419506441000760e-02
7.824443045718360024e-02
7.824467379943172984e-02
7.824492494394189035e-02
7.824518403792658783e-02
7.824545078696082401e-02
7.824572548546959716e-02
7.824600813345290728e-02
7.824629858369824831e-02
7.824659683620563411e-02
7.824690274376255861e-02
7.824721660079402008e-02
7.824753811287503413e-02
7.824786742721807908e-02
7.824820454382316881e-02
7.824854946269028944e-02
7.824890203660696264e-02
7.824926226557318842e-02
7.824963014958896679e-02
7.825000554144179166e-02
7.825038888276913962e-02
8.165302955312982169e-02
8.165303367507957544e-02
8.165304589371634447e-02
8.165306665067761926e-02
8.165309535711343103e-02
8.165313245466124248e-02
8.165317779610856141e-02
8.165323123424290952e-02
8.165329306348925731e-02
8.165336298942262039e-02
8.165344115925550483e-02
8.165352772020038896e-02
8.165362223061981006e-02
8.165372513215123085e-02
8.165383627758215912e-02
8.165395551970011656e-02
8.165408285850510317e-02
8.165421858842207559e-02
8.165436241502609105e-02
8.165451448552960012e-02
8.165467465272013836e-02
8.165484306381019797e-02
8.165501942437478067e-02
8.165520417605136305e-02
8.165539702441497460e-02
8.165559782225310925e-02
8.165580701120325746e-02
8.165602429684042096e-02
8.165624967916461363e-02
8.165648301096332939e-02
8.165672458666155265e-02
8.165697425904680506e-02
8.165723188090659446e-02
8.165749774666589134e-02
8.165777141468721911e-02
8.165805332660806826e-02
8.165834304079096218e-02
8.165864099887334970e-02
8.165894690643028808e-02
8.165926076346174955e-02
8.165958256996773412e-02
8.165991232594825566e-02
8.166025032582829857e-02
8.166059583354538798e-02
8.166094943794950656e-02
8.166131099182814823e-02
8.166168034796882080e-02
8.166205765358404423e-02
8.166244276146128467e-02
8.166283567160058376e-02
8.520088356916293015e-02
8.520088783832518997e-02
8.520090049859943560e-02
8.520092154998569478e-02
8.520095113969644585e-02
8.520098912051919660e-02
8.520103549245396091e-02
8.520109025550072490e-02
8.520115355687199465e-02
8.520122539656774241e-02
8.520130548016301153e-02
8.520139410208278641e-02
8.520149111511454709e-02
8.520159637204582914e-02
8.520171031451409527e-02
8.520183250088188276e-02
8.520196322557416213e-02
8.520210234137844119e-02
8.520224955386974941e-02
8.520240530468554951e-02
8.520256959382584150e-02
8.520274212686565485e-02
8.520292319822996008e-02
8.520311236628128060e-02
8.520330992544461468e-02
8.520351587571994845e-02
8.520373006989480358e-02
8.520395265518164452e-02
8.520418363158051289e-02
8.520442270466638268e-02
8.520467016886426603e-02
8.520492587696165687e-02
8.520518997617106127e-02
8.520546231927997316e-02
8.520574261186342202e-02
8.520603144277136276e-02
8.520632822315382660e-02
8.520663354186079619e-02
8.520694666282979668e-02
8.520726832212330293e-02
8.520759793089133227e-02
8.520793578355886910e-02
8.520828188012592730e-02
8.520863577895503027e-02
8.520899792168362685e-02
8.520936816109926648e-02
8.520974649720192140e-02
8.521013292999159161e-02
8.521052716504330660e-02
8.521092949678203687e-02
8.890626275315376137e-02
8.890626702231600731e-02
8.890627997701523733e-02
8.890630147003897310e-02
8.890633164859969295e-02
8.890637065990988908e-02
8.890641806233208488e-02
8.890647415029127865e-02
8.890653892378744261e-02
8.890661238282060452e-02
8.890669438017825832e-02
8.890678491586041787e-02
8.890688413707956150e-02
8.890699204383567533e-02
8.890710848891630880e-02
8.890723347232142026e-02
8.890736728847602188e-02
8.890750920131763879e-02
8.890766009412122417e-02
8.890781952524930143e-02
8.890798734748939225e-02
8.890816385526646715e-02
8.890834890136803392e-02
8.890854248579409258e-02
8.890874460854465700e-02
8.890895526961971329e-02
8.890917432180678315e-02
8.890940205953082320e-02
8.890963804115438462e-02
8.890988270831493012e-02
8.891013576658748918e-02
8.891039721597204792e-02
8.891066705646860635e-02
8.891094558250214885e-02
8.891123235243521272e-02
8.891152751348027627e-02
8.891183121284984558e-02
8.891214300890641631e-02
8.891246349049998499e-02
8.891279206878058283e-02
8.891312903817318036e-02
8.891347454589026977e-02
8.891382815029438835e-02
8.891418985138552222e-02
8.891456023801364017e-02
8.891493857411629509e-02
8.891532544854344189e-02
8.891572027244511178e-02
8.891612319303381085e-02
8.891653421030953908e-02
9.276989610135923103e-02
9.276990051773396917e-02
9.276991361964569138e-02
9.276993570151938207e-02
9.276996661614256290e-02
9.277000621630272781e-02
9.277005479642484731e-02
9.277011206208396477e-02
9.277017830770505069e-02
9.277025309165064237e-02
9.277033685555818865e-02
9.277042930500273288e-02
9.277053058719675338e-02
9.277064070214025016e-02
9.277075950262073101e-02
9.277088728306318033e-02
9.277102374904261373e-02
9.277116875334655288e-02
9.277132273761246051e-02
9.277148555462784441e-02
9.277165690996772018e-02
9.277183709805707224e-02
9.277202597168342224e-02
9.277222353084674245e-02
9.277242977554706060e-02
9.277264485299685504e-02
9.277286846877115523e-02
9.277310077008242561e-02
9.277334190414318615e-02
9.277359157652843857e-02
9.277384978723818287e-02
9.277411653627243293e-02
9.277439226526865146e-02
9.277467623816437747e-02
9.277496889659708756e-02
9.277527024056678173e-02
9.277557997564848946e-02
9.277589839626718127e-02
9.277622520799787276e-02
9.277656055805307000e-02
9.277690429922026694e-02
9.277725672592444794e-02
9.277761739652813644e-02
9.277798675266882289e-02
9.277836420549652463e-02
9.277875034386122433e-02
9.277914472612541763e-02
9.277954749950163837e-02
9.277995836956486053e-02
9.278037777795258845e-02
9.678644804424450798e-02
9.678645260783173832e-02
9.678646615138093712e-02
9.678648852767961219e-02
9.678652003115274793e-02
9.678656051458785214e-02
9.678660997798493870e-02
9.678666827413148765e-02
9.678673555024001895e-02
9.678681210073550312e-02
9.678689748398044967e-02
9.678699184718737858e-02
9.678709489593129156e-02
9.678720721906215740e-02
9.678732837494249952e-02
9.678745836357231791e-02
9.678759747937661084e-02
9.678774557514285837e-02
9.678790235644610385e-02
9.678806811771130392e-02
9.678824285893848633e-02
9.678842643291514503e-02
9.678861898685377219e-02
9.678882022632938342e-02
9.678903059297945533e-02
9.678924979237900350e-02
9.678947753010305743e-02
9.678971439500155816e-02
9.678995994543705683e-02
9.679021418140953958e-02
9.679047739734399081e-02
9.679074929881542610e-02
9.679103003303635155e-02
9.679131945279426108e-02
9.679161755808914080e-02
9.679192449613351068e-02
9.679224011971487851e-02
9.679256428162072434e-02
9.679289712906356813e-02
9.679323866204339599e-02
9.679358888056020793e-02
9.679394793182649614e-02
9.679431522699229185e-02
9.679469106048259330e-02
9.679507557950987884e-02
9.679546863686167013e-02
9.679587008532546111e-02
9.679628036653871448e-02
9.679669859722651870e-02
9.679712551345129312e-02
1.009808569666865025e-01
1.009808615302737328e-01
1.009808752210354238e-01
1.009808980389715755e-01
1.009809299840822017e-01
1.009809712035797669e-01
1.009810214030393005e-01
1.009810808768857870e-01
1.009811496251192264e-01
1.009812270588896499e-01
1.009813139142595184e-01
1.009814098968038476e-01
1.009815147120976531e-01
1.009816288017784114e-01
1.009817520186336443e-01
1.009818843626633239e-01
1.009820256866549720e-01
1.009821761378210808e-01
1.009823355689491720e-01
1.009825041272517099e-01
1.009826819599412145e-01
1.009828684781676894e-01
1.009830641235686388e-01
1.009832690433565272e-01
1.009834826486814136e-01
1.009837052339682684e-01
1.009839367992170917e-01
1.009841774916403756e-01
1.009844271640256280e-01
1.009846856691603567e-01
1.009849531542570539e-01
1.009852294721032273e-01
1.009855146226988909e-01
1.009858089004690013e-01
1.009861118637761096e-01
1.009864238070451864e-01
1.009867442886387551e-01
1.009870738974067844e-01
1.009874121917117978e-01
1.009877591715538092e-01
1.009881148369327908e-01
1.009884794822737547e-01
1.009888523715142261e-01
1.009892342407166799e-01
1.009896247954561038e-01
1.009900241829450179e-01
1.009904321087584239e-01
1.009908481312588452e-01
1.009912732809337271e-01
1.009917066745081304e-01
1.053526330927266746e-01
1.053526376563139050e-01
1.053526516415005804e-01
1.053526749010742086e-01
1.053527074350347897e-01
1.053527490961698315e-01
1.053528001789043045e-01
1.053528603888132520e-01
1.053529297258966602e-01
1.053530086317919917e-01
1.053530965176493056e-01
1.053531938251060507e-01
1.053533002597372703e-01
1.053534161159679211e-01
1.053535409521605543e-01
1.053536752099526186e-01
1.053538184477066653e-01
1.053539711070601431e-01
1.053541328935880816e-01
1.053543039545029869e-01
1.053544839953798468e-01
1.053546733106436595e-01
1.053548717530819467e-01
1.053550791754821886e-01
1.053552958722693833e-01
1.053555216962310526e-01
1.053557567945796608e-01
1.053560005784652670e-01
1.053562536367378122e-01
1.053565158221848319e-01
1.053567869875938062e-01
1.053570671329647629e-01
1.053573562582976880e-01
1.053576545108050738e-01
1.053579614488494437e-01
1.053582776612807664e-01
1.053586024120365811e-01
1.053589364371793485e-01
1.053592791478591001e-01
1.053596308385008340e-01
1.053599913618920303e-01
1.053603607180327167e-01
1.053607387597103873e-01
1.053611256341375341e-01
1.053615213413141571e-01
1.053619255868152860e-01
1.053623388122783694e-01
1.053627604288534664e-01
1.053631907309655474e-01
1.053636300130395970e-01
1.098972032663226434e-01
1.098972079771223659e-01
1.098972219623090274e-01
1.098972453690951478e-01
1.098972781974807134e-01
1.098973204474657100e-01
1.098973721190501657e-01
1.098974330650215603e-01
1.098975034325924138e-01
1.098975830745502064e-01
1.098976721381074440e-01
1.098977706232641266e-01
1.098978785300202543e-01
1.098979955639508427e-01
1.098981220194808622e-01
1.098982576021853563e-01
1.098984029009142799e-01
1.098985571796051580e-01
1.098987208798954951e-01
1.098988938545727712e-01
1.098990761036370140e-01
1.098992674798757035e-01
1.098994682777138521e-01
1.098996783499389396e-01
1.098998975493384878e-01
1.099001258759124966e-01
1.099003634768734722e-01
1.099006103522213867e-01
1.099008663547437620e-01
1.099011313372281057e-01
1.099014055940994161e-01
1.099016889781451733e-01
1.099019813421528990e-01
1.099022828333350993e-01
1.099025934516917463e-01
1.099029130500103618e-01
1.099032417755034519e-01
1.099035791865335260e-01
1.099039257247380469e-01
1.099042810956920579e-01
1.099046455938205297e-01
1.099050189246984777e-01
1.099054012355383941e-01
1.099057919374903103e-01
1.099061917666167010e-01
1.099066005757050463e-01
1.099070179231178973e-01
1.099074441032802246e-01
1.099078785273420594e-01
1.099083222257908610e-01
1.146424495333274313e-01
1.146424542441271538e-01
1.146424685237388136e-01
1.146424920777374262e-01
1.146425252005479622e-01
1.146425677449579572e-01
1.146426198581798755e-01
1.146426813930012389e-01
1.146427523494220474e-01
1.146428327274423009e-01
1.146429225270619995e-01
1.146430218954936214e-01
1.146431305383122101e-01
1.146432486027302300e-01
1.146433760887477088e-01
1.146435131435771110e-01
1.146436594727934660e-01
1.146438150763967739e-01
1.146439802488120191e-01
1.146441545484017249e-01
1.146443384168033680e-01
1.146445315595919501e-01
1.146447339767674989e-01
1.146449456683299867e-01
1.146451667814919334e-01
1.146453970218283269e-01
1.146456366837641794e-01
1.146458854728744786e-01
1.146461433891592385e-01
1.146464108742559496e-01
1.146466870448896308e-01
1.146469727843352493e-01
1.146472675037428501e-01
1.146475713503248978e-01
1.146478843240814061e-01
1.146482062777998967e-01
1.146485375059053263e-01
1.146488775667602461e-01
1.146492269020021049e-01
1.146495850699934538e-01
1.146499520707342651e-01
1.146503280514370587e-01
1.146507131593143131e-01
1.146511069527285515e-01
1.146515095788922661e-01
1.146519211850179631e-01
1.146523413294681382e-01
1.146527704538802955e-01
1.146532082638294370e-01
1.146536547593155625e-01
1.195863383003861885e-01
1.195863430111859110e-01
1.195863572907975708e-01
1.195863811392211679e-01
1.195864142620317039e-01
1.195864571008666832e-01
1.195865093613010938e-01
1.195865711905474416e-01
1.195866425886057266e-01
1.195867235554759350e-01
1.195868137967331102e-01
1.195869136068022087e-01
1.195870228384707662e-01
1.195871416389512470e-01
1.195872698610311730e-01
1.195874075047105439e-01
1.195875545699893461e-01
1.195877110568676072e-01
1.195878771125578055e-01
1.195880522954224506e-01
1.195882368998865408e-01
1.195884310731625821e-01
1.195886346680380546e-01
1.195888472428754956e-01
1.195890695337373660e-01
1.195893009517736971e-01
1.195895416441969811e-01
1.195897914637947257e-01
1.195900508522043937e-01
1.195903193677885362e-01
1.195905970105471394e-01
1.195908839276926955e-01
1.195911799720126983e-01
1.195914851435071757e-01
1.195917997366010982e-01
1.195921230152320047e-01
1.195924554210373580e-01
1.195927969540171859e-01
1.195931476141714744e-01
1.195935072542877314e-01
1.195938757271534647e-01
1.195942533271936586e-01
1.195946397599833427e-01
1.195950350255224892e-01
1.195954391238111258e-01
1.195958520548492249e-01
1.195962738186368141e-01
1.195967042679613873e-01
1.195971434028229585e-01
1.195975915176464843e-01
1.247256070442666204e-01
1.247256116078538507e-01
1.247256260346780027e-01
1.247256498831015997e-01
1.247256831531246279e-01
1.247257261391720856e-01
1.247257783996064961e-01
1.247258405232778283e-01
1.247259119213361134e-01
1.247259930354188279e-01
1.247260835711009735e-01
1.247261835283825782e-01
1.247262929072636140e-01
1.247264120021690792e-01
1.247265403714614973e-01
1.247266781623533605e-01
1.247268255220571470e-01
1.247269824505728847e-01
1.247271486534755613e-01
1.247273244251901753e-01
1.247275093240792637e-01
1.247277037917802756e-01
1.247279075338682403e-01
1.247281206975556500e-01
1.247283429884175204e-01
1.247285749953038064e-01
1.247288158349395826e-01
1.247290662433872960e-01
1.247293257790094700e-01
1.247295947362310753e-01
1.247298726734146629e-01
1.247301598849851895e-01
1.247304562237301906e-01
1.247307618368621446e-01
1.247310764299560532e-01
1.247314001502244363e-01
1.247317328504547879e-01
1.247320746778595862e-01
1.247324254852263670e-01
1.247327851253426240e-01
1.247331538926333416e-01
1.247335316398860278e-01
1.247339182198881902e-01
1.247343133382148583e-01
1.247347175837159733e-01
1.247351305147540862e-01
1.247355521313291832e-01
1.247359824334412642e-01
1.247364217155153138e-01
1.247368692414888847e-01
1.300911630275180808e-01
1.300911675911053111e-01
1.300911820179294631e-01
1.300912058663530602e-01
1.300912392835885667e-01
1.300912819752110539e-01
1.300913340884329861e-01
1.300913959176793200e-01
1.300914673157375911e-01
1.300915482826078273e-01
1.300916383766524964e-01
1.300917381867215949e-01
1.300918472711776464e-01
1.300919660716581550e-01
1.300920941465255887e-01
1.300922316429924674e-01
1.300923785610587913e-01
1.300925350479370246e-01
1.300927008092022386e-01
1.300928758448544054e-01
1.300930603021060172e-01
1.300932541809570464e-01
1.300934573341950562e-01
1.300936699090325110e-01
1.300938916110443988e-01
1.300941225874432672e-01
1.300943629854415529e-01
1.300946123634018348e-01
1.300948711629615340e-01
1.300951389424832294e-01
1.300954161436043421e-01
1.300957021774749589e-01
1.300959976329449930e-01
1.300963019211645311e-01
1.300966153365585298e-01
1.300969377319144693e-01
1.300972692544448972e-01
1.300976096097247736e-01
1.300979590921791385e-01
1.300983172601704874e-01
1.300986842609113125e-01
1.300990602416141062e-01
1.300994449078538839e-01
1.300998384068431379e-01
1.301002407385818682e-01
1.301006516086450904e-01
1.301010713114578166e-01
1.301014994053825147e-01
1.301019360376317324e-01
1.301023813554179342e-01
1.356786575931474281e-01
1.356786624511596429e-01
1.356786765835588104e-01
1.356787002847698875e-01
1.356787332603679452e-01
1.356787758047779402e-01
1.356788276235748880e-01
1.356788891583962375e-01
1.356789598203920755e-01
1.356790400511998229e-01
1.356791297036070432e-01
1.356792286304011885e-01
1.356793369787947789e-01
1.356794547487878422e-01
1.356795819403803227e-01
1.356797184063597561e-01
1.356798644411511268e-01
1.356800194559044659e-01
1.356801841866822345e-01
1.356803577502095071e-01
1.356805410297611814e-01
1.356807331420623319e-01
1.356809348231754198e-01
1.356811454842504761e-01
1.356813655669249774e-01
1.356815947767739394e-01
1.356818331137973621e-01
1.356820805779952177e-01
1.356823371693675617e-01
1.356826028879143664e-01
1.356828775864231396e-01
1.356831614121064011e-01
1.356834540705391112e-01
1.356837558561462820e-01
1.356840666217154212e-01
1.356843862200340367e-01
1.356847146511021285e-01
1.356850519149197243e-01
1.356853980114867686e-01
1.356857529408033169e-01
1.356861167028693138e-01
1.356864890032598303e-01
1.356868698419748387e-01
1.356872596606518155e-01
1.356876578704407921e-01
1.356880647657667527e-01
1.356884800522047130e-01
1.356889040241796851e-01
1.356893360928416448e-01
1.356897766998281241e-01
1.414864354839024396e-01
1.414864401947021622e-01
1.414864541798888375e-01
1.414864775866749580e-01
1.414865102678480036e-01
1.414865520761955375e-01
1.414866034533550088e-01
1.414866641049014329e-01
1.414867338836223176e-01
1.414868132311551119e-01
1.414869017058623946e-01
1.414869996021691223e-01
1.414871066256502830e-01
1.414872227763059320e-01
1.414873484957734906e-01
1.414874833424155376e-01
1.414876273162320452e-01
1.414877805644354780e-01
1.414879429398133992e-01
1.414881145895782455e-01
1.414882952193050880e-01
1.414884851234188556e-01
1.414886841547071117e-01
1.414888923131698006e-01
1.414891093043819936e-01
1.414893354227686473e-01
1.414895706683297338e-01
1.414898148938528166e-01
1.414900680993378679e-01
1.414903301375723677e-01
1.414906013029813558e-01
1.414908810067148359e-01
1.414911698376227767e-01
1.414914672068552093e-01
1.414917735560496104e-01
1.414920887379935155e-01
1.414924126054743769e-01
1.414927450112797302e-01
1.414930861026220954e-01
1.414934358795014169e-01
1.414937941947052580e-01
1.414941610482335910e-01
1.414945365872989080e-01
1.414949200758387482e-01
1.414953123971280924e-01
1.414957129623169163e-01
1.414961217714052755e-01
1.414965389716056343e-01
1.414969642684930085e-01
1.414973978092798901e-01
1.475491569975857786e-01
1.475491615611730090e-01
1.475491753991471922e-01
1.475491982170833438e-01
1.475492303094064483e-01
1.475492713816915213e-01
1.475493218755760394e-01
1.475493812022100337e-01
1.475494498032309809e-01
1.475495275314263888e-01
1.475496143867962573e-01
1.475497103693405865e-01
1.475498151846343919e-01
1.475499294215276425e-01
1.475500524911703693e-01
1.475501846879875567e-01
1.475503258647667404e-01
1.475504763159328492e-01
1.475506354526359420e-01
1.475508037165134956e-01
1.475509808131405531e-01
1.475511670369420436e-01
1.475513620934930104e-01
1.475515659827934811e-01
1.475517788520558926e-01
1.475520005540678081e-01
1.475522309416167077e-01
1.475524703091275480e-01
1.475527182149629080e-01
1.475529749535477442e-01
1.475532403776695645e-01
1.475535144873283688e-01
1.475537972825241850e-01
1.475540884688319732e-01
1.475543884878892653e-01
1.475546968980585294e-01
1.475550138465523131e-01
1.475553391861580965e-01
1.475556729168758796e-01
1.475560150387056624e-01
1.475563654044349804e-01
1.475567243084887903e-01
1.475570913092296155e-01
1.475574664066574559e-01
1.475578496007723117e-01
1.475582414804241516e-01
1.475586408679130657e-01
1.475590482048765029e-01
1.475594637857394753e-01
1.475598870216519587e-01
1.538592979565543695e-01
1.538593025201415998e-01
1.538593157692658420e-01
1.538593381455645170e-01
1.538593693546126684e-01
1.538594093964102960e-01
1.538594584181698921e-01
1.538595162726789922e-01
1.538595831071500331e-01
1.538596587743705779e-01
1.538597434215530635e-01
1.538598367542725609e-01
1.538599389197415346e-01
1.538600499179599568e-01
1.538601697489278830e-01
1.538602987070702699e-01
1.538604359091121643e-01
1.538605822383285193e-01
1.538607371058693662e-01
1.538609009533722094e-01
1.538610733391995167e-01
1.538612542633513158e-01
1.538614441674651112e-01
1.538616424626909063e-01
1.538618494434536577e-01
1.538620649625409287e-01
1.538622890199526916e-01
1.538625216156889741e-01
1.538627627497497208e-01
1.538630122749224949e-01
1.538632701912072409e-01
1.538635366458165066e-01
1.538638111971127875e-01
1.538640942867335604e-01
1.538643856202538684e-01
1.538646851976736563e-01
1.538649928717804871e-01
1.538653086425743333e-01
1.538656326572676869e-01
1.538659647686480836e-01
1.538663046822905112e-01
1.538666528398324462e-01
1.538670087996364122e-01
1.538673725617024368e-01
1.538677439788180001e-01
1.538681236398330709e-01
1.538685108086851883e-01
1.538689054853743798e-01
1.538693081115380945e-01
1.538697179511138990e-01
1.604174748867218392e-01
1.604174793030965773e-01
1.604174921105833429e-01
1.604175136036070648e-01
1.604175439293802630e-01
1.604175826462654886e-01
1.604176299014751783e-01
1.604176858422218799e-01
1.604177501740805811e-01
1.604178233386887586e-01
1.604179048944089359e-01
1.604179949884536327e-01
1.604180936208227937e-01
1.604182009387289665e-01
1.604183167949596311e-01
1.604184407478772834e-01
1.604185735335444396e-01
1.604187145631111311e-01
1.604188641310022867e-01
1.604190220900054697e-01
1.604191882929081325e-01
1.604193630341353149e-01
1.604195460192620049e-01
1.604197373955006944e-01
1.604199370156389193e-01
1.604201447324641316e-01
1.604203606931888793e-01
1.604205847506006422e-01
1.604208170519119403e-01
1.604210577443352104e-01
1.604213059445955547e-01
1.604215625359678987e-01
1.604218270768147658e-01
1.604220997143486760e-01
1.604223800069320971e-01
1.604226682489900968e-01
1.604229642933100997e-01
1.604232682871046534e-01
1.604235797887362536e-01
1.604238990926298847e-01
1.604242259043605623e-01
1.604245606655657908e-01
1.604249024929706169e-01
1.604252521226374462e-01
1.604256089657163931e-01
1.604259733166323587e-01
1.604263448809604142e-01
1.604267238059130241e-01
1.604271096498527394e-01
1.604275030016295012e-01
1.672625926636526206e-01
1.672625967856023743e-01
1.672626091514516355e-01
1.672626296139879398e-01
1.672626586148487082e-01
1.672626954179715353e-01
1.672627406122063620e-01
1.672627940503407240e-01
1.672628554379495813e-01
1.672629250694579739e-01
1.672630029448658739e-01
1.672630889169607893e-01
1.672631832801677321e-01
1.672632854456366780e-01
1.672633958550051592e-01
1.672635142138481634e-01
1.672636408165907029e-01
1.672637752215952733e-01
1.672639178704993235e-01
1.672640683216654600e-01
1.672642268695185841e-01
1.672643933668462590e-01
1.672645678136484293e-01
1.672647500627126860e-01
1.672649399668264536e-01
1.672651381148397565e-01
1.672653437706901058e-01
1.672655570815899939e-01
1.672657781947519406e-01
1.672660071101759183e-01
1.672662435334369702e-01
1.672664876117475330e-01
1.672667391978951701e-01
1.672669984390923736e-01
1.672672648937016393e-01
1.672675388561479515e-01
1.672678203264313102e-01
1.672681088629142665e-01
1.672684047600218049e-01
1.672687080177538976e-01
1.672690183416855603e-01
1.672693357318168206e-01
1.672696603353601430e-01
1.672699917106780509e-01
1.672703300049830644e-01
1.672706753654876755e-01
1.672710274977668721e-01
1.672713864018206820e-01
1.672717517832240930e-01
1.672721240836146095e-01
1.743834466502085234e-01
1.743834506249457850e-01
1.743834622547325852e-01
1.743834816867814441e-01
1.743835087738798417e-01
1.743835435160278058e-01
1.743835860604377730e-01
1.743836362598973067e-01
1.743836941144064068e-01
1.743837597711775100e-01
1.743838330829981798e-01
1.743839140498684159e-01
1.743840025245756709e-01
1.743840989487574766e-01
1.743842027335638645e-01
1.743843141734197633e-01
1.743844331211127363e-01
1.743845597238552758e-01
1.743846936872223419e-01
1.743848353056389744e-01
1.743849842846801890e-01
1.743851407715584501e-01
1.743853046190612655e-01
1.743854759744011551e-01
1.743856545431531069e-01
1.743858403253171208e-01
1.743860334681057167e-01
1.743862338243063748e-01
1.743864413939191227e-01
1.743866560297314405e-01
1.743868778789558482e-01
1.743871067943798259e-01
1.743873424815783890e-01
1.743875858238265186e-01
1.743878353489992927e-01
1.743880920875841012e-01
1.743883555979435507e-01
1.743886255856526013e-01
1.743889027867737140e-01
1.743891861708194990e-01
1.743894761794273496e-01
1.743897731070223056e-01
1.743900762175419061e-01
1.743903858054111355e-01
1.743907017234174739e-01
1.743910239715609212e-01
1.743913525498415329e-01
1.743916868694092848e-01
1.743920276663266378e-01
1.743923742045311864e-01
1.817840823928630889e-01
1.817840860731753660e-01
1.817840968196872409e-01
1.817841147796111778e-01
1.817841398057347124e-01
1.817841720452703091e-01
1.817842113510054758e-01
1.817842580173652245e-01
1.817843114554995587e-01
1.817843722542584750e-01
1.817844399720044690e-01
1.817845149031625529e-01
1.817845970477326989e-01
1.817846861112899226e-01
1.817847820938342518e-01
1.817848851425781787e-01
1.817849951103091832e-01
1.817851121442397577e-01
1.817852360971574377e-01
1.817853669690622231e-01
1.817855047599540863e-01
1.817856491754080428e-01
1.817858005098491048e-01
1.817859586160647523e-01
1.817861233468425486e-01
1.817862949966073949e-01
1.817864732709343623e-01
1.817866580226109585e-01
1.817868492516371559e-01
1.817870472524379666e-01
1.817872515833758862e-01
1.817874623916634347e-01
1.817876795300881199e-01
1.817879031458624062e-01
1.817881327973488448e-01
1.817883687789723923e-01
1.817886110907330766e-01
1.817888592909934209e-01
1.817891136741784097e-01
1.817893739458630309e-01
1.817896401060473122e-01
1.817899121547312258e-01
1.817901900919148273e-01
1.817904737703855689e-01
1.817907628957184940e-01
1.817910579095510515e-01
1.817913582230333280e-01
1.817916639833777603e-01
1.817919750433718840e-01
1.817922914030156989e-01
1.895074166019938000e-01
1.895074198406686283e-01
1.895074295566930578e-01
1.895074457500670884e-01
1.895074682735782556e-01
1.895074974216515440e-01
1.895075330470744335e-01
1.895075751498469518e-01
1.895076234355440870e-01
1.895076781985908509e-01
1.895077395861997360e-01
1.895078071567332378e-01
1.895078812046163685e-01
1.895079614354241160e-01
1.895080481435815201e-01
1.895081411818760053e-01
1.895082405503076550e-01
1.895083459544514293e-01
1.895084576887323125e-01
1.895085756059378401e-01
1.895086997060680123e-01
1.895088298419103368e-01
1.895089661606772780e-01
1.895091083679438793e-01
1.895092567581351251e-01
1.895094110368260032e-01
1.895095713512290336e-01
1.895097372597067398e-01
1.895099092038965705e-01
1.895100868893735691e-01
1.895102703161377355e-01
1.895104594841890699e-01
1.895106540991025879e-01
1.895108546025157381e-01
1.895110602583660875e-01
1.895112715082911126e-01
1.895114882050783212e-01
1.895117103487276855e-01
1.895119373503892646e-01
1.895121697989130549e-01
1.895124072526615244e-01
1.895126498588471931e-01
1.895128976174700608e-01
1.895131502341051433e-01
1.895134075615399205e-01
1.895136697469869402e-01
1.895139364960211903e-01
1.895142079558551629e-01
1.895144838320638736e-01
1.895147642718597869e-01
1.975375260384787390e-01
1.975375288355160630e-01
1.975375373738405826e-01
1.975375515062397225e-01
1.975375713799260580e-01
1.975375967004745770e-01
1.975376279095227283e-01
1.975376647126455554e-01
1.975377069626305659e-01
1.975377549539027167e-01
1.975378085392495431e-01
1.975378677186710452e-01
1.975379323449547309e-01
1.975380025653130922e-01
1.975380782325336093e-01
1.975381594938288299e-01
1.975382460547737140e-01
1.975383380625807817e-01
1.975384356644624972e-01
1.975385384187814397e-01
1.975386464727500457e-01
1.975387598263683708e-01
1.975388786268488517e-01
1.975390024325540395e-01
1.975391313906964263e-01
1.975392655012759846e-01
1.975394047642927697e-01
1.975395487381092496e-01
1.975396981587879408e-01
1.975398521430538346e-01
1.975400111325444352e-01
1.975401748328347862e-01
1.975403433911373241e-01
1.975405165130270924e-01
1.975406941985040910e-01
1.975408767419933043e-01
1.975410637018572835e-01
1.975412549308834809e-01
1.975414505762844164e-01
1.975416503436351334e-01
1.975418546745730530e-01
1.975420628330357697e-01
1.975422749662357202e-01
1.975424915158104366e-01
1.975427115984849380e-01
1.975429355086842087e-01
1.975431632464082488e-01
1.975433946644445937e-01
1.975436296155806959e-01
1.975438679526041186e-01
2.058830005511854966e-01
2.058830027593728518e-01
2.058830099727849139e-01
2.058830216025717419e-01
2.058830382375832491e-01
2.058830595833945065e-01
2.058830854927929666e-01
2.058831161129911491e-01
2.058831515912015742e-01
2.058831914857867096e-01
2.058832360911715675e-01
2.058832852601436558e-01
2.058833392871279866e-01
2.058833977304870277e-01
2.058834605902208070e-01
2.058835281607543088e-01
2.058836001476625766e-01
2.058836766981580468e-01
2.058837576650282553e-01
2.058838429010607374e-01
2.058839325534679299e-01
2.058840266222498883e-01
2.058841248129815726e-01
2.058842271256630385e-01
2.058843340019317070e-01
2.058844447057251725e-01
2.058845596786808840e-01
2.058846784791613649e-01
2.058848014015915995e-01
2.058849281515466312e-01
2.058850588762388967e-01
2.058851932812434671e-01
2.058853315137728068e-01
2.058854732794019315e-01
2.058856185781308412e-01
2.058857675571720280e-01
2.058859197748880432e-01
2.058860758201288277e-01
2.058862346624069362e-01
2.058863970377848573e-01
2.058865625046250869e-01
2.058867310629276248e-01
2.058869027126924989e-01
2.058870771594946969e-01
2.058872542561217267e-01
2.058874341497861082e-01
2.058876166932753216e-01
2.058878015921643823e-01
2.058879892880907947e-01
2.058881790449920979e-01
2.145910790092362130e-01
2.145910807757860916e-01
2.145910863698607673e-01
2.145910953498227358e-01
2.145911081573095014e-01
2.145911243506835320e-01
2.145911442243698675e-01
2.145911679255809446e-01
2.145911950126793699e-01
2.145912256328775525e-01
2.145912597861755200e-01
2.145912976197857924e-01
2.145913388392833576e-01
2.145913834446682156e-01
2.145914317303653784e-01
2.145914832547373419e-01
2.145915381649965981e-01
2.145915964611431470e-01
2.145916581431769887e-01
2.145917229166731666e-01
2.145917909288441450e-01
2.145918623269024439e-01
2.145919368164230512e-01
2.145920141029809824e-01
2.145920949226386987e-01
2.145921782449087822e-01
2.145922648058536664e-01
2.145923541638358745e-01
2.145924464660679265e-01
2.145925412709123459e-01
2.145926388727940615e-01
2.145927391245006366e-01
2.145928418788195791e-01
2.145929471357508611e-01
2.145930548952945105e-01
2.145931647158130229e-01
2.145932771861563670e-01
2.145933915702621098e-01
2.145935080153427432e-01
2.145936265213982397e-01
2.145937469412161069e-01
2.145938692747964005e-01
2.145939932277140805e-01
2.145941190943941312e-01
2.145942462859866118e-01
2.145943749497040143e-01
2.145945049383338465e-01
2.145946363990885730e-01
2.145947687431182527e-01
2.145949024120603621e-01
2.236392443788109696e-01
2.236392455565109072e-01
2.236392490896106922e-01
2.236392551253228445e-01
2.236392635164348441e-01
2.236392741157341990e-01
2.236392872176459490e-01
2.236393026749575186e-01
2.236393203404564711e-01
2.236393402141428066e-01
2.236393627376539739e-01
2.236393871749275397e-01
2.236394139676009529e-01
2.236394428212492569e-01
2.236394741775099004e-01
2.236395074475329148e-01
2.236395429257433398e-01
2.236395804649286279e-01
2.236396199178762867e-01
2.236396614317988363e-01
2.236397048594837567e-01
2.236397503481435678e-01
2.236397974561407931e-01
2.236398464779003892e-01
2.236398972662098916e-01
2.236399495266443160e-01
2.236400037008411112e-01
2.236400591999503362e-01
2.236401163183969754e-01
2.236401749089685087e-01
2.236402346772399796e-01
2.236402960648488369e-01
2.236403583357326752e-01
2.236404217843164233e-01
2.236404862633876167e-01
2.236405519201587200e-01
2.236406184602048042e-01
2.236406855891008294e-01
2.236407536012718078e-01
2.236408222022927550e-01
2.236408912449511788e-01
2.236409608764595713e-01
2.236410305079679639e-01
2.236411007283263253e-01
2.236411709486846588e-01
2.236412413162555124e-01
2.236413112421888894e-01
2.236413813153347308e-01
2.236414509468431233e-01
2.236415201367140393e-01
2.330420040092903156e-01
2.330420045981402843e-01
2.330420059230527141e-01
2.330420082784525615e-01
2.330420118115523742e-01
2.330420160807146202e-01
2.330420210859393271e-01
2.330420274160764360e-01
2.330420343350635415e-01
2.330420422845380646e-01
2.330420509700750487e-01
2.330420603916744937e-01
2.330420708437613841e-01
2.330420820319107078e-01
2.330420939561225202e-01
2.330421064691842736e-01
2.330421197183084880e-01
2.330421335562826712e-01
2.330421479831068232e-01
2.330421627043559596e-01
2.330421783088800214e-01
2.330421940606166031e-01
2.330422104012031259e-01
2.330422270362146608e-01
2.330422438184386602e-01
2.330422607478751518e-01
2.330422781189491477e-01
2.330422951955981314e-01
2.330423124194596074e-01
2.330423294961085912e-01
2.330423464255451105e-01
2.330423632077691098e-01
2.330423798427806170e-01
2.330423957417296910e-01
2.330424110518287961e-01
2.330424263619278735e-01
2.330424406415395333e-01
2.330424541850887321e-01
2.330424669925754699e-01
2.330424787695747901e-01
2.330424895160866372e-01
2.330424987904735901e-01
2.330425071815856175e-01
2.330425141005726952e-01
2.330425196946473709e-01
2.330425233749596481e-01
2.330425255831470310e-01
2.330425260247844799e-01
2.330425242582346013e-01
2.330425205779223241e-01
2.428517439073424322e-01
2.428517437601299400e-01
2.428517425824300024e-01
2.428517409630925883e-01
2.428517386076927409e-01
2.428517355162304048e-01
2.428517316887056354e-01
2.428517272723308973e-01
2.428517218254687138e-01
2.428517159369690814e-01
2.428517090179819760e-01
2.428517013629324373e-01
2.428516929718204376e-01
2.428516834030085003e-01
2.428516730981341021e-01
2.428516619099847507e-01
2.428516496913479816e-01
2.428516362950112750e-01
2.428516218681871230e-01
2.428516064108755534e-01
2.428515894814390341e-01
2.428515716687275894e-01
2.428515525311037149e-01
2.428515316269299618e-01
2.428515096922687633e-01
2.428514859910576584e-01
2.428514609649341238e-01
2.428514341722607106e-01
2.428514056130373910e-01
2.428513751400517007e-01
2.428513431949410883e-01
2.428513090416430931e-01
2.428512726801577426e-01
2.428512344049100213e-01
2.428511939214749171e-01
2.428511509354274456e-01
2.428511055939801266e-01
2.428510578971329326e-01
2.428510074032484145e-01
2.428509539651140803e-01
2.428508978771548865e-01
2.428508388449458766e-01
2.428507767212745583e-01
2.428507115061409039e-01
2.428506427579074645e-01
2.428505707709992245e-01
2.428504949565661875e-01
2.428504156090333932e-01
2.428503324339758018e-01
2.428502451369684567e-01
2.530381693615942340e-01
2.530381681838942964e-01
2.530381642091570349e-01
2.530381580262323626e-01
2.530381491934828864e-01
2.530381378581210705e-01
2.530381240201469151e-01
2.530381072379228602e-01
2.530380883947239701e-01
2.530380666072752915e-01
2.530380421700016980e-01
2.530380152301158203e-01
2.530379853459800987e-01
2.530379529592319821e-01
2.530379174810216125e-01
2.530378795001988479e-01
2.530378387223387593e-01
2.530377947058038424e-01
2.530377478922316015e-01
2.530376979871970522e-01
2.530376451379126590e-01
2.530375889027409730e-01
2.530375298705319631e-01
2.530374671580106760e-01
2.530374013540270806e-01
2.530373321641561368e-01
2.530372591467604515e-01
2.530371830379024578e-01
2.530371029543072026e-01
2.530370191903996702e-01
2.530369317461798051e-01
2.530368403272227340e-01
2.530367447863158814e-01
2.530366454178842317e-01
2.530365414858653517e-01
2.530364335791092656e-01
2.530363211087658937e-01
2.530362039276228270e-01
2.530360823301049944e-01
2.530359560217874670e-01
2.530358247082452050e-01
2.530356885366907282e-01
2.530355470654865879e-01
2.530354002946327840e-01
2.530352483713417255e-01
2.530350908539760746e-01
2.530349277425356647e-01
2.530347587425956779e-01
2.530345838541560033e-01
2.530344027827917119e-01
2.636235963136025484e-01
2.636235941054151377e-01
2.636235870392155678e-01
2.636235757038537519e-01
2.636235595104797214e-01
2.636235389007309249e-01
2.636235135801824336e-01
2.636234835488341921e-01
2.636234488066862558e-01
2.636234095009510892e-01
2.636233654844161722e-01
2.636233166098690406e-01
2.636232628773097497e-01
2.636232044339506531e-01
2.636231411325793972e-01
2.636230728259834621e-01
2.636229995141627924e-01
2.636229214915423724e-01
2.636228378748473045e-01
2.636227495473525417e-01
2.636226557729955955e-01
2.636225569934139146e-01
2.636224526197575857e-01
2.636223429464515933e-01
2.636222279734958818e-01
2.636221071120404824e-01
2.636219809509354750e-01
2.636218487541182598e-01
2.636217109632263966e-01
2.636215669894099167e-01
2.636214174215187334e-01
2.636212613762779489e-01
2.636210994425375320e-01
2.636209308842349941e-01
2.636207561430077839e-01
2.636205749244310281e-01
2.636203867868671114e-01
2.636201920247411290e-01
2.636199904908405056e-01
2.636197818907403678e-01
2.636195662244406046e-01
2.636193430503037671e-01
2.636191125155423753e-01
2.636188744729439648e-01
2.636186289225084245e-01
2.636183752753859522e-01
2.636181136787889012e-01
2.636178441327173272e-01
2.636175661955337257e-01
2.636172797200256324e-01
2.746653487186313525e-01
2.746653451855315398e-01
2.746653348806571415e-01
2.746653175095831734e-01
2.746652930723096353e-01
2.746652618632614562e-01
2.746652235880137072e-01
2.746651782465663882e-01
2.746651261333444838e-01
2.746650666594979695e-01
2.746650001194519408e-01
2.746649265132062867e-01
2.746648458407610627e-01
2.746647578076912288e-01
2.746646625612093606e-01
2.746645601013154026e-01
2.746644502807968902e-01
2.746643330996538235e-01
2.746642084106736825e-01
2.746640759194315384e-01
2.746639362147772490e-01
2.746637888550734763e-01
2.746636335458951250e-01
2.746634704344547706e-01
2.746632993735398931e-01
2.746631203631504370e-01
2.746629334032865133e-01
2.746627381995230266e-01
2.746625347518600324e-01
2.746623229130850663e-01
2.746621025359855528e-01
2.746618737677740674e-01
2.746616361668131057e-01
2.746613900275276521e-01
2.746611347610677378e-01
2.746608703674333629e-01
2.746605968466245273e-01
2.746603141986412311e-01
2.746600221290584898e-01
2.746597203434513190e-01
2.746594086946071989e-01
2.746590874769511692e-01
2.746587562488457257e-01
2.746584148630784039e-01
2.746580631724366839e-01
2.746577008824955812e-01
2.746573282876800803e-01
2.746569449463527324e-01
2.746565504168760330e-01
2.746561446992499822e-01
2.861238782353166532e-01
2.861238733773044385e-01
2.861238590976928342e-01
2.861238352492692094e-01
2.861238018320336751e-01
2.861237585515612469e-01
2.861237059967018381e-01
2.861236435786055354e-01
2.861235715916972677e-01
2.861234898887646261e-01
2.861233986170200194e-01
2.861232973348259989e-01
2.861231863366075490e-01
2.861230656223646696e-01
2.861229350448848963e-01
2.861227941625307247e-01
2.861226437113645882e-01
2.861224829553241089e-01
2.861223120416216958e-01
2.861221309702574045e-01
2.861219397412311793e-01
2.861217380601180915e-01
2.861215260741306055e-01
2.861213033416312723e-01
2.861210701570450210e-01
2.861208263731594426e-01
2.861205715483369771e-01
2.861203062714276490e-01
2.861200295119440407e-01
2.861197418587360097e-01
2.861194431645911473e-01
2.861191329878719491e-01
2.861188113285784707e-01
2.861184781867106564e-01
2.861181331206310574e-01
2.861177765719771227e-01
2.861174079518988833e-01
2.861170271131838749e-01
2.861166340558320975e-01
2.861162286326310311e-01
2.861158104019432269e-01
2.861153799526186536e-01
2.861149365485948781e-01
2.861144798954468049e-01
2.861140102875995850e-01
2.861135269889906185e-01
2.861130305884699299e-01
2.861125202027625658e-01
2.861119961262935107e-01
2.861114577702128514e-01
2.980314610551645371e-01
2.980314547250274559e-01
2.980314358818285658e-01
2.980314046727803867e-01
2.980313609506704542e-01
2.980313047154987682e-01
2.980312359672653288e-01
2.980311547059701360e-01
2.980310606371882054e-01
2.980309539081320014e-01
2.980308346660140439e-01
2.980307029108343331e-01
2.980305582009553644e-01
2.980304006835897135e-01
2.980302303587372692e-01
2.980300470791855671e-01
2.980298509921471828e-01
2.980296418031970207e-01
2.980294193651226720e-01
2.980291838251366010e-01
2.980289351832387523e-01
2.980286731450042526e-01
2.980283975632205262e-01
2.980281084378875733e-01
2.980278059162179694e-01
2.980274895565741544e-01
2.980271593589561285e-01
2.980268151761514828e-01
2.980264571553726261e-01
2.980260850021946295e-01
2.980256985694049177e-01
2.980252972681536328e-01
2.980248819817156725e-01
2.980244521212410680e-01
2.980240069506673861e-01
2.980235472060570046e-01
2.980230721513476011e-01
2.980225820809640491e-01
2.980220764060563798e-01
2.980215552738371687e-01
2.980210183898813758e-01
2.980204654597640723e-01
2.980198967779101316e-01
2.980193117554696958e-01
2.980187103924427094e-01
2.980180923944042437e-01
2.980174576141417231e-01
2.980168059044427387e-01
2.980161368236697306e-01
2.980154505190352743e-01
3.104502148137932571e-01
3.104502068643187340e-01
3.104501831631076292e-01
3.104501438573724625e-01
3.104500886526882497e-01
3.104500175490549352e-01
3.104499305464725745e-01
3.104498277921536320e-01
3.104497092860981633e-01
3.104495745866686085e-01
3.104494239882900075e-01
3.104492576381748248e-01
3.104490749474730915e-01
3.104488762106098476e-01
3.104486614275850376e-01
3.104484303039736770e-01
3.104481829869882858e-01
3.104479191822038797e-01
3.104476390368329231e-01
3.104473422564504315e-01
3.104470289882689804e-01
3.104466989378634745e-01
3.104463521052339137e-01
3.104459883431679446e-01
3.104456076516654006e-01
3.104452098835139284e-01
3.104447950387134170e-01
3.104443628228389374e-01
3.104439130886780251e-01
3.104434458362306248e-01
3.104429606238592876e-01
3.104424577459889978e-01
3.104419369081947155e-01
3.104413981104765519e-01
3.104408407639844825e-01
3.104402650159309718e-01
3.104396708663160753e-01
3.104390577262898243e-01
3.104384257430646277e-01
3.104377747694280765e-01
3.104371046581676508e-01
3.104364148204334373e-01
3.104357055506503094e-01
3.104349765543933937e-01
3.104342270956001459e-01
3.104334579103331104e-01
3.104326681153172229e-01
3.104318575633401300e-01
3.104310261071892008e-01
3.104301740412895305e-01
3.233279747649090985e-01
3.233279651960971890e-01
3.233279359008114362e-01
3.233278874679017534e-01
3.233278194557308027e-01
3.233277320115109377e-01
3.233276251352422692e-01
3.233274986797122219e-01
3.233273526449208513e-01
3.233271871780806217e-01
3.233270021319790688e-01
3.233267972121911527e-01
3.233265727131419132e-01
3.233263284876188859e-01
3.233260643884094399e-01
3.233257802683012772e-01
3.233254762745066957e-01
3.233251524070258620e-01
3.233248082242211607e-01
3.233244437260927029e-01
3.233240590598528974e-01
3.233236539310768709e-01
3.233232283397645124e-01
3.233227822859158218e-01
3.233223153278934059e-01
3.233218274656972091e-01
3.233213186993272870e-01
3.233207887343585996e-01
3.233202378652161313e-01
3.233196655030499134e-01
3.233190715006475369e-01
3.233184561524338752e-01
3.233178185751340306e-01
3.233171595048104918e-01
3.233164779109757303e-01
3.233157742352673059e-01
3.233150481832601786e-01
3.233142994605294196e-01
3.233135277726499890e-01
3.233127332668344067e-01
3.233119155014452240e-01
3.233110744764823852e-01
3.233102097503084971e-01
3.233093213229234486e-01
3.233084088999023664e-01
3.233074721868201551e-01
3.233065110364644612e-01
3.233055251544101893e-01
3.233045143934448751e-01
3.233034786063560539e-01
3.367099398541422706e-01
3.367099280771429504e-01
3.367098930405700297e-01
3.367098344499984686e-01
3.367097523054283226e-01
3.367096466068595917e-01
3.367095175015046848e-01
3.367093648421512486e-01
3.367091884815866520e-01
3.367089887142359350e-01
3.367087650984616487e-01
3.367085177814762575e-01
3.367082469104922815e-01
3.367079520438721607e-01
3.367076333288285261e-01
3.367072906181487468e-01
3.367069237646204138e-01
3.367065329154559916e-01
3.367061176290180313e-01
3.367056781997315174e-01
3.367052143331714098e-01
3.367047258821252442e-01
3.367042129938055406e-01
3.367036749321498101e-01
3.367031122860080772e-01
3.367025246137427819e-01
3.367019119153539797e-01
3.367012737492041663e-01
3.367006102625058617e-01
3.366999214552590103e-01
3.366992067386137544e-01
3.366984661125699829e-01
3.366976994299152870e-01
3.366969065434371466e-01
3.366960874531355064e-01
3.366952418645854372e-01
3.366943693361494905e-01
3.366934698678276106e-01
3.366925434596198530e-01
3.366915896698886579e-01
3.366906083514216719e-01
3.366895993570062640e-01
3.366885622450049853e-01
3.366874971626304114e-01
3.366864035210325179e-01
3.366852811729988404e-01
3.366841301185293234e-01
3.366829497687740536e-01
3.366817399765205110e-01
3.366805010361936801e-01
3.506637883745450379e-01
3.506637743893583625e-01
3.506637324337983364e-01
3.506636626550774793e-01
3.506635646115582317e-01
3.506634387448782086e-01
3.506632847606122594e-01
3.506631028059730149e-01
3.506628927337479551e-01
3.506626545439370246e-01
3.506623880893277589e-01
3.506620935171326225e-01
3.506617703857142221e-01
3.506614189894974865e-01
3.506610391812699512e-01
3.506606308138190409e-01
3.506601938871448665e-01
3.506597282540348526e-01
3.506592337672765902e-01
3.506587105740824883e-01
3.506581580856026337e-01
3.506575767434744195e-01
3.506569659588480437e-01
3.506563258789358595e-01
3.506556563565254026e-01
3.506549572444041529e-01
3.506542281009347173e-01
3.506534695149670644e-01
3.506526804560136656e-01
3.506518615129245453e-01
3.506510119496372146e-01
3.506501317661517292e-01
3.506492209624680334e-01
3.506482790969486230e-01
3.506473063168061288e-01
3.506463021804029356e-01
3.506452663933141145e-01
3.506441992499646498e-01
3.506430998670795884e-01
3.506419683918713948e-01
3.506408045299151399e-01
3.506396081339983040e-01
3.506383789096959580e-01
3.506371165625830066e-01
3.506358209454470409e-01
3.506344919110755409e-01
3.506331288706185378e-01
3.506317322657135360e-01
3.506303007714480779e-01
3.506288345350346836e-01
3.651225405563363058e-01
3.651225240685372908e-01
3.651224746051402459e-01
3.651223924605700999e-01
3.651222770459768840e-01
3.651221289502106226e-01
3.651219478788463313e-01
3.651217335374590256e-01
3.651214862204736344e-01
3.651212059278901578e-01
3.651208923652836669e-01
3.651205455326541616e-01
3.651201654300016419e-01
3.651197520573260524e-01
3.651193051202024642e-01
3.651188246186308217e-01
3.651183106998237005e-01
3.651177629221435406e-01
3.651171814328028620e-01
3.651165657901642714e-01
3.651159164358651066e-01
3.651152327810555098e-01
3.651145148257354256e-01
3.651137624226923339e-01
3.651129755719263459e-01
3.651121538317998461e-01
3.651112972023129455e-01
3.651104056834656442e-01
3.651094788336203822e-01
3.651085166527772152e-01
3.651075189937236232e-01
3.651064857092471971e-01
3.651054163577103218e-01
3.651043109391131081e-01
3.651031693062430916e-01
3.651019910174626570e-01
3.651007759255594509e-01
3.650995240305333622e-01
3.650982347435345332e-01
3.650969082117754283e-01
3.650955438464059677e-01
3.650941417946387824e-01
3.650927016148363680e-01
3.650912227181487557e-01
3.650897053990008745e-01
3.650881487741178266e-01
3.650865532851370610e-01
3.650849180487836243e-01
3.650832430650575722e-01
3.650815280395338647e-01
3.801475588350540780e-01
3.801475396974302035e-01
3.801474821373461155e-01
3.801473863020142785e-01
3.801472517497971881e-01
3.801470789223324043e-01
3.801468675251948870e-01
3.801466178528096762e-01
3.801463294635392121e-01
3.801460023573834945e-01
3.801456366815550991e-01
3.801452324360539703e-01
3.801447893264551792e-01
3.801443073527586147e-01
3.801437863677519235e-01
3.801432262242224747e-01
3.801426269221703791e-01
3.801419886088081013e-01
3.801413106952856169e-01
3.801405934760280214e-01
3.801398366566102194e-01
3.801390400898197464e-01
3.801382036284441934e-01
3.801373271252709296e-01
3.801364102858750815e-01
3.801354534046816336e-01
3.801344557456280415e-01
3.801334176031394008e-01
3.801323386827906159e-01
3.801312183957317736e-01
3.801300573308128428e-01
3.801288543103339412e-01
3.801276099231449268e-01
3.801263237276084062e-01
3.801249957237243238e-01
3.801236251754303019e-01
3.801222119355137652e-01
3.801207560039747690e-01
3.801192572336007935e-01
3.801177148883294055e-01
3.801161292625855892e-01
3.801144999147318404e-01
3.801128264031306547e-01
3.801111084333571588e-01
3.801093460054112416e-01
3.801075383832305254e-01
3.801056857140274747e-01
3.801037878505895695e-01
3.801018434680044078e-01
3.800998531551219584e-01
3.958116313965362454e-01
3.958116091674500625e-01
3.958115424801915139e-01
3.958114313347605440e-01
3.958112755839447439e-01
3.958110753749565780e-01
3.958108305605835264e-01
3.958105411408256447e-01
3.958102072628953416e-01
3.958098283379427595e-01
3.958094051020302762e-01
3.958089365246704183e-01
3.958084234891382502e-01
3.958078649649462433e-01
3.958072619825818150e-01
3.958066133643451390e-01
3.958059195518736639e-01
3.958051805451672789e-01
3.958043956081636616e-01
3.958035651825002055e-01
3.958026891209644460e-01
3.958017669819189344e-01
3.958007990597885994e-01
3.957997844712985436e-01
3.957987236580862156e-01
3.957976163257265756e-01
3.957964621797947502e-01
3.957952612202906839e-01
3.957940130055769279e-01
3.957927175356534821e-01
3.957913746633077712e-01
3.957899839469024572e-01
3.957885450920124448e-01
3.957870580986377340e-01
3.957855226723534514e-01
3.957839388131594860e-01
3.957823057849934600e-01
3.957806235878553180e-01
3.957788917801076112e-01
3.957771106561753238e-01
3.957752791855710384e-01
3.957733973682946993e-01
3.957714652043463066e-01
3.957694821048759470e-01
3.957674476282461162e-01
3.957653617744568142e-01
3.957632236602331433e-01
3.957610343160624655e-01
3.957587916809698902e-01
3.957564963438054972e-01
4.120295441429788208e-01
4.120295186752178651e-01
4.120294419775099026e-01
4.120293140498549334e-01
4.120291350394655328e-01
4.120289050935541098e-01
4.120286236232706956e-01
4.120282909230403856e-01
4.120279071400755333e-01
4.120274716855262809e-01
4.120269850010300217e-01
4.120264466449493068e-01
4.120258570589216407e-01
4.120252152124595502e-01
4.120245218416255240e-01
4.120237767992069866e-01
4.120229794963540804e-01
4.120221300802792697e-01
4.120212286981950189e-01
4.120202746140388950e-01
4.120192679750233622e-01
4.120182089283608851e-01
4.120170968852016058e-01
4.120159315511204290e-01
4.120147133677548590e-01
4.120134417462549825e-01
4.120121162449832952e-01
4.120107373055772459e-01
4.120093041919744015e-01
4.120078170513872262e-01
4.120062754421782714e-01
4.120046789227100881e-01
4.120030279346201252e-01
4.120013214474209096e-01
4.119995596083249612e-01
4.119977422701198155e-01
4.119958688439555039e-01
4.119939391826194508e-01
4.119919531388993028e-01
4.119899104183699645e-01
4.119878102849690027e-01
4.119856528859089373e-01
4.119834377795522640e-01
4.119811645242615339e-01
4.119788328256117627e-01
4.119764425363904858e-01
4.119739932149601436e-01
4.119714844196833425e-01
4.119689155617101139e-01
4.119662866410404023e-01
4.288829387666593940e-01
4.288829094713736412e-01
4.288828217327287917e-01
4.288826756979374211e-01
4.288824710725744893e-01
4.288822080038525719e-01
4.288818863445590379e-01
4.288815060946939983e-01
4.288810672542574531e-01
4.288805695288243625e-01
4.288800132128197107e-01
4.288793978646060490e-01
4.288787236313958973e-01
4.288779905131892001e-01
4.288771980683485086e-01
4.288763462968738227e-01
4.288754351987651425e-01
4.288744646268099481e-01
4.288734342865833105e-01
4.288723441780851742e-01
4.288711940068906103e-01
4.288699839202121389e-01
4.288687133291996800e-01
4.288673823810658092e-01
4.288659904869605022e-01
4.288645379413087988e-01
4.288630241552607303e-01
4.288614491288162411e-01
4.288598125675504025e-01
4.288581143242507498e-01
4.288563539572797234e-01
4.288545313194248587e-01
4.288526461162612269e-01
4.288506983477887724e-01
4.288486872779450620e-01
4.288466129067300958e-01
4.288444749397188893e-01
4.288422729352739382e-01
4.288400068933952980e-01
4.288376760780204799e-01
4.288352804891494841e-01
4.288328193907198771e-01
4.288302929299441235e-01
4.288277006651847190e-01
4.288250420075917502e-01
4.288223165155277683e-01
4.288195238945677334e-01
4.288166644391366300e-01
4.288137366771095360e-01
4.288107409029115469e-01
4.464495558288358867e-01
4.464495225588128169e-01
4.464494227487437183e-01
4.464492562514160712e-01
4.464490233612548042e-01
4.464487236366225242e-01
4.464483575191566245e-01
4.464479247144322316e-01
4.464474249280242502e-01
4.464468583071452001e-01
4.464462248517951370e-01
4.464455244147614854e-01
4.464447568488318363e-01
4.464439220067936698e-01
4.464430200358594503e-01
4.464420504943916734e-01
4.464410133823904503e-01
4.464399086998557253e-01
4.464387360051499942e-01
4.464374952982732569e-01
4.464361865792255690e-01
4.464348089647319218e-01
4.464333633380673239e-01
4.464318488159568221e-01
4.464302652511878411e-01
4.464286124965479718e-01
4.464268904048246944e-01
4.464250986815930244e-01
4.464232368852155131e-01
4.464213051629045692e-01
4.464193030730228551e-01
4.464172300267202909e-01
4.464150863184219165e-01
4.464128713592777631e-01
4.464105848548628463e-01
4.464082266579646463e-01
4.464057958853082098e-01
4.464032929785310411e-01
4.464007170543581871e-01
4.463980682600021677e-01
4.463953457121879742e-01
4.463925495581281266e-01
4.463896789145477273e-01
4.463867336342342007e-01
4.463837135699750824e-01
4.463806179857079393e-01
4.463774464397952668e-01
4.463741989322371206e-01
4.463708745797584365e-01
4.463674730879343966e-01
4.646211627921389420e-01
4.646211249585286418e-01
4.646210120465478211e-01
4.646208234673464554e-01
4.646205596625620493e-01
4.646202204849820827e-01
4.646198056401815712e-01
4.646193154225855548e-01
4.646187493905564736e-01
4.646181079857318874e-01
4.646173906192617165e-01
4.646165974383585917e-01
4.646157282958099377e-01
4.646147830444032345e-01
4.646137615369260732e-01
4.646126640678034381e-01
4.646114896065478006e-01
4.646102388892217050e-01
4.646089113269750714e-01
4.646075066253830821e-01
4.646060246372331060e-01
4.646044658041627029e-01
4.646028292428968642e-01
4.646011148062231255e-01
4.645993226413540067e-01
4.645974520122269635e-01
4.645955029188421070e-01
4.645934753611993817e-01
4.645913686032362988e-01
4.645891827921654338e-01
4.645869174863492268e-01
4.645845722441502845e-01
4.645821470655685514e-01
4.645796410673290744e-01
4.645770546910693022e-01
4.645743873479393771e-01
4.645716381546642904e-01
4.645688077000939553e-01
4.645658946593160255e-01
4.645628994739679496e-01
4.645598214079872945e-01
4.645566597253115160e-01
4.645534145731531894e-01
4.645500855098748660e-01
4.645466717994140016e-01
4.645431734417706515e-01
4.645395891120323584e-01
4.645359196934741308e-01
4.645321634195460070e-01
4.645283208790979557e-01
4.835050563641306587e-01
4.835050138197206637e-01
4.835048863337031988e-01
4.835046739060782639e-01
4.835043760952083547e-01
4.835039930483059911e-01
4.835035249125836376e-01
4.835029716880412942e-01
4.835023332274665520e-01
4.835016093836467799e-01
4.835007998621571046e-01
4.834999049574224550e-01
4.834989242278053823e-01
4.834978575260934219e-01
4.834967052939239673e-01
4.834954667952346408e-01
4.834941420300253867e-01
4.834927309982962051e-01
4.834912331111971828e-01
4.834896486631533041e-01
4.834879772125270092e-01
4.834862183176809047e-01
4.834843724202524395e-01
4.834824386369666605e-01
4.834804171150360874e-01
4.834783075600356805e-01
4.834761095303280465e-01
4.834738228787006098e-01
4.834714473107284416e-01
4.834689825319865020e-01
4.834664281008373976e-01
4.834637840172810730e-01
4.834610495452550949e-01
4.834582248319719278e-01
4.834553091413691939e-01
4.834523024734467822e-01
4.834492039449297951e-01
4.834460135558182325e-01
4.834427310116871657e-01
4.834393554292615303e-01
4.834358868085414374e-01
4.834323247078893271e-01
4.834286685384552862e-01
4.834249180058143303e-01
4.834210723739039706e-01
4.834171314955117982e-01
4.834130949290001977e-01
4.834089617910943271e-01
4.834047320817941862e-01
4.834004049178247664e-01
5.031838139196833648e-01
5.031837660756237618e-01
5.031836225434447307e-01
5.031833831759338072e-01
5.031830482675161420e-01
5.031826172293415445e-01
5.031820905030477409e-01
5.031814677942094693e-01
5.031807491028269519e-01
5.031799342816876131e-01
5.031790231835788774e-01
5.031780159557134313e-01
5.031769124508785884e-01
5.031757122274369554e-01
5.031744154326011076e-01
5.031730216247334297e-01
5.031715308038339218e-01
5.031699428226902304e-01
5.031682576813022445e-01
5.031664747908201063e-01
5.031645940040312404e-01
5.031626154681481111e-01
5.031605384471082854e-01
5.031583632353366919e-01
5.031560890967711197e-01
5.031537157369863067e-01
5.031512434504072928e-01
5.031486712065467160e-01
5.031459991526170406e-01
5.031432268469808733e-01
5.031403542896379921e-01
5.031373805973136104e-01
5.031343057700077281e-01
5.031311292188703765e-01
5.031278509439015556e-01
5.031244700618262566e-01
5.031209865726444797e-01
5.031173998875063669e-01
5.031137097119868784e-01
5.031099154572359344e-01
5.031060168288287171e-01
5.031020130907027932e-01
5.030979042428579406e-01
5.030936894020194838e-01
5.030893684209746253e-01
5.030849405636612648e-01
5.030804049468041717e-01
5.030757621592534257e-01
5.030710107288840494e-01
5.030661503612711138e-01
5.235229418323165129e-01
5.235228882469695755e-01
5.235227273437166318e-01
5.235224589753449953e-01
5.235220832890671305e-01
5.235216002848831485e-01
5.235210096683681202e-01
5.235203118811593281e-01
5.235195063344069144e-01
5.235185930281108790e-01
5.235175718150586466e-01
5.235164431368878324e-01
5.235152061103234278e-01
5.235138607353653217e-01
5.235124073064386652e-01
5.235108450874810249e-01
5.235091743729172187e-01
5.235073947211098533e-01
5.235055061320588177e-01
5.235035081641268295e-01
5.235014005228888490e-01
5.234991835027698048e-01
5.234968559260698706e-01
5.234944183816387930e-01
5.234918701334143609e-01
5.234892111813963522e-01
5.234864410839474846e-01
5.234835593994302538e-01
5.234805658334195089e-01
5.234774602387030074e-01
5.234742421736431339e-01
5.234709110493898088e-01
5.234674670131558294e-01
5.234639091816659651e-01
5.234602372604952869e-01
5.234564509552189771e-01
5.234525499714118846e-01
5.234485334257991118e-01
5.234444011711681943e-01
5.234401527658817388e-01
5.234357876210895544e-01
5.234313051479417833e-01
5.234267053464385366e-01
5.234219870388797657e-01
5.234171499308404307e-01
5.234121935806832493e-01
5.234071176939830705e-01
5.234019213874649967e-01
5.233966037778541303e-01
5.233911651595752890e-01
5.446605363125976984e-01
5.446604763971136798e-01
5.446602965034493815e-01
5.446599963371795416e-01
5.446595763399418866e-01
5.446590362173112654e-01
5.446583759692877891e-01
5.446575954486588822e-01
5.446566948026371202e-01
5.446556735895848878e-01
5.446545319567148713e-01
5.446532696096019199e-01
5.446518865482461447e-01
5.446503824782225056e-01
5.446487573995310028e-01
5.446470110177465962e-01
5.446451430384444681e-01
5.446431536088369718e-01
5.446410418456492097e-01
5.446388083377311506e-01
5.446364524962328257e-01
5.446339737323041552e-01
5.446313723403704010e-01
5.446286474371563324e-01
5.446257991698745249e-01
5.446228272441001605e-01
5.446197309237704731e-01
5.446165100616732202e-01
5.446131646578084018e-01
5.446096938289008982e-01
5.446060975749508204e-01
5.446023753071081996e-01
5.445985265837355316e-01
5.445945512576203518e-01
5.445904484454876515e-01
5.445862181473375419e-01
5.445818597743200540e-01
5.445773725903725326e-01
5.445727563010702710e-01
5.445680104647755426e-01
5.445631344926386008e-01
5.445581279430218302e-01
5.445529902270752620e-01
5.445477209031615029e-01
5.445423187935806153e-01
5.445367841927575281e-01
5.445311162174173436e-01
5.445253139842850532e-01
5.445193774933607678e-01
5.445133049780944701e-01
5.666828407680702950e-01
5.666827737863867620e-01
5.666825729885486274e-01
5.666822382273434267e-01
5.666817693555585844e-01
5.666811665204066761e-01
5.666804295746752373e-01
5.666795585183641570e-01
5.666785529098360419e-01
5.666774134851534361e-01
5.666761390666161802e-01
5.666747300958618894e-01
5.666731865728905637e-01
5.666715077616397700e-01
5.666696941037469015e-01
5.666677448631495251e-01
5.666656603342726806e-01
5.666634399282662882e-01
5.666610836451304589e-01
5.666585910432276885e-01
5.666559618281330479e-01
5.666531959998464263e-01
5.666502928223053903e-01
5.666472525899349799e-01
5.666440744194601864e-01
5.666407584580935852e-01
5.666373038225601677e-01
5.666337105128598228e-01
5.666299780873553793e-01
5.666261061044089997e-01
5.666220942695959772e-01
5.666179419940663431e-01
5.666136488361823709e-01
5.666092145015193537e-01
5.666046384012271009e-01
5.665999202408807944e-01
5.665950591372054257e-01
5.665900550902009947e-01
5.665849069221676748e-01
5.665796149275301730e-01
5.665741780758013491e-01
5.665685954837060834e-01
5.665628670040320225e-01
5.665569920479289756e-01
5.665509701737597714e-01
5.665448002038241393e-01
5.665384818436973724e-01
5.665320145045293909e-01
5.665253970086202573e-01
5.665186299448200513e-01
5.894216983446546321e-01
5.894216241495590092e-01
5.894214005337846674e-01
5.894210280861816864e-01
5.894205065123250264e-01
5.894198356650021120e-01
5.894190158386380940e-01
5.894180467388078215e-01
5.894169283655114056e-01
5.894156604243238062e-01
5.894142427680325591e-01
5.894126753966375531e-01
5.894109581629265460e-01
5.894090909196868511e-01
5.894070732252809641e-01
5.894049050797091072e-01
5.894025860413335538e-01
5.894001162573669905e-01
5.893974952861718020e-01
5.893947228333230592e-01
5.893917984571832580e-01
5.893887220105399338e-01
5.893854933461807333e-01
5.893821117280430011e-01
5.893785771561267373e-01
5.893748890415820840e-01
5.893710470899840015e-01
5.893670513013324896e-01
5.893629006451401864e-01
5.893585948269820518e-01
5.893541336996456215e-01
5.893495166742808156e-01
5.893447431620377763e-01
5.893398127212789994e-01
5.893347250575795560e-01
5.893294792876643262e-01
5.893240751171086034e-01
5.893185119570621966e-01
5.893127895131001770e-01
5.893069066075227180e-01
5.893008630931172442e-01
5.892946582338212114e-01
5.892882915879972261e-01
5.892817621251579263e-01
5.892750692564533432e-01
5.892682126874583259e-01
5.892611915348980878e-01
5.892540055043474778e-01
5.892466525348318829e-01
5.892391329207760098e-01
6.130542433557875093e-01
6.130541604751549301e-01
6.130539122748945857e-01
6.130534987550064763e-01
6.130529194738532084e-01
6.130521747258597109e-01
6.130512642166010551e-01
6.130501877988645543e-01
6.130489457670754705e-01
6.130475376795960774e-01
6.130459633892141325e-01
6.130442228959294138e-01
6.130423159053171034e-01
6.130402424173770903e-01
6.130380016960469414e-01
6.130355941829641608e-01
6.130330191420662045e-01
6.130302767205657588e-01
6.130273661824001685e-01
6.130242876747820091e-01
6.130210407560737762e-01
6.130176248374255010e-01
6.130140400660497590e-01
6.130102857058840060e-01
6.130063614625033130e-01
6.130022670414827513e-01
6.129980017067596654e-01
6.129935656055466309e-01
6.129889578545688611e-01
6.129841780121887407e-01
6.129792260784061586e-01
6.129741008755213993e-01
6.129688024035344629e-01
6.129633299263826940e-01
6.129576830024286993e-01
6.129518608956101566e-01
6.129458631642894506e-01
6.129396892196166124e-01
6.129333386199542488e-01
6.129268103348147756e-01
6.129201039225610215e-01
6.129132189415551490e-01
6.129061542140974428e-01
6.128989095929754383e-01
6.128914844893389446e-01
6.128838774310633175e-01
6.128760881237234059e-01
6.128681162728942811e-01
6.128599601120260365e-01
6.128516190522688145e-01
6.376699559700585995e-01
6.376698641094640241e-01
6.376695888221052266e-01
6.376691299607698538e-01
6.376684876726703699e-01
6.376676613689565842e-01
6.376666514912662231e-01
6.376654577451742467e-01
6.376640801306806550e-01
6.376625180589354791e-01
6.376607722660010413e-01
6.376588418686025550e-01
6.376567268667400201e-01
6.376544269659883968e-01
6.376519420191351095e-01
6.376492717317553405e-01
6.376464162510615541e-01
6.376433746937787417e-01
6.376401470599069032e-01
6.376367330550209989e-01
6.376331322374837463e-01
6.376293444600824589e-01
6.376253689867548147e-01
6.376212059647131669e-01
6.376168543634702646e-01
6.376123143302383500e-01
6.376075851289552121e-01
6.376026663179833465e-01
6.375975576028976022e-01
6.375922583948481215e-01
6.375867679577723601e-01
6.375810859972455003e-01
6.375752119244174621e-01
6.375691451504383878e-01
6.375628855280955909e-01
6.375564315852643160e-01
6.375497833219445631e-01
6.375429400020737880e-01
6.375359010368020218e-01
6.375286652484294381e-01
6.375212327841685012e-01
6.375136024663191625e-01
6.375057734116066355e-01
6.374977453256058801e-01
6.374895170306168479e-01
6.374810879377897921e-01
6.374724571638495929e-01
6.374636241199462816e-01
6.374545876283801427e-01
6.374453473947259141e-01
6.630610897725265351e-01
6.630609883431201057e-01
6.630606837604755555e-01
6.630601764662304998e-01
6.630594657243225054e-01
6.630585519763889657e-01
6.630574350752174162e-01
6.630561145791704636e-01
6.630545909298855012e-01
6.630528636857250246e-01
6.630509325522639941e-01
6.630487972350777026e-01
6.630464578813783927e-01
6.630439146383785287e-01
6.630411661811659307e-01
6.630382130985903455e-01
6.630350549490143797e-01
6.630316911435880645e-01
6.630281216823113999e-01
6.630243461235469926e-01
6.630203641728696917e-01
6.630161753886421039e-01
6.630117791820142603e-01
6.630071752585612321e-01
6.630023636182829083e-01
6.629973433779045022e-01
6.629921140957883985e-01
6.629866751830846283e-01
6.629810263453682628e-01
6.629751671410019087e-01
6.629690968339230217e-01
6.629628148352815220e-01
6.629563205562276629e-01
6.629496135551238289e-01
6.629426929486951225e-01
6.629355584425165038e-01
6.629282091533131860e-01
6.629206443450225139e-01
6.629128635760070942e-01
6.629048658157794538e-01
6.628966506227023103e-01
6.628882168190753932e-01
6.628795639632615311e-01
6.628706914664106442e-01
6.628615981508227950e-01
6.628522825443730060e-01
6.628427452359113570e-01
6.628329844588879416e-01
6.628229996244526800e-01
6.628127892604808169e-01
6.894519305015307520e-01
6.894518184728248844e-01
6.894514822394947062e-01
6.894509213599028241e-01
6.894501364228992069e-01
6.894491272812712790e-01
6.894478933461691827e-01
6.894464349120178470e-01
6.894447518316048074e-01
6.894428438105050239e-01
6.894407104070809922e-01
6.894383519157577522e-01
6.894357680421103751e-01
6.894329586389263964e-01
6.894299228229306964e-01
6.894266608885484260e-01
6.894231725413544343e-01
6.894194571924988635e-01
6.894155148419817136e-01
6.894113446065280870e-01
6.894069464861378727e-01
6.894023200391736772e-01
6.893974649712104608e-01
6.893923802517607502e-01
6.893870661752496964e-01
6.893815220056146442e-01
6.893757470067932713e-01
6.893697407371480734e-01
6.893635029022540106e-01
6.893570326188361852e-01
6.893503294452572039e-01
6.893433924982419470e-01
6.893362217777905254e-01
6.893288159589904263e-01
6.893211747474168316e-01
6.893132974070070862e-01
6.893051832016988678e-01
6.892968315426422077e-01
6.892882413993496327e-01
6.892794120357587095e-01
6.892703425685944296e-01
6.892610325562192886e-01
6.892514811153584997e-01
6.892416870683120145e-01
6.892316498262298641e-01
6.892213679169872931e-01
6.892108413405840794e-01
6.892000686248953567e-01
6.891890485922212983e-01
6.891777806537119355e-01
7.169336478834232862e-01
7.169335242249306184e-01
7.169331529550275750e-01
7.169325340737140451e-01
7.169316677282028261e-01
7.169305539184935849e-01
7.169291920557364639e-01
7.169275825815690784e-01
7.169257249071413485e-01
7.169236190324531632e-01
7.169212649575047447e-01
7.169186622406584775e-01
7.169158105874894327e-01
7.169127098507850349e-01
7.169093598833329306e-01
7.169057600962831511e-01
7.169019104896354744e-01
7.168978107689651935e-01
7.168934600509971888e-01
7.168888580413065315e-01
7.168840050343181503e-01
7.168788998523322187e-01
7.168735426425610902e-01
7.168679322273050492e-01
7.168620684593514092e-01
7.168559511914877058e-01
7.168495792460141125e-01
7.168429521812931249e-01
7.168360697028995920e-01
7.168289312219837672e-01
7.168215357080580663e-01
7.168138828666976714e-01
7.168059721090523917e-01
7.167978021102100472e-01
7.167893727229579515e-01
7.167806829168087424e-01
7.167717323973373800e-01
7.167625196924191089e-01
7.167530445076287782e-01
7.167433056652665613e-01
7.167333027236949539e-01
7.167230346524264828e-01
7.167125004209736749e-01
7.167016988516367038e-01
7.166906296499905293e-01
7.166792916383353251e-01
7.166676830501209627e-01
7.166558035909227353e-01
7.166436526718904521e-01
7.166312285264743176e-01
7.452497346041933035e-01
7.452495982854263623e-01
7.452491897707630431e-01
7.452485084713532659e-01
7.452475548288345353e-01
7.452463284015695688e-01
7.452448291895580335e-01
7.452430571928002623e-01
7.452410119696585289e-01
7.452386938145579842e-01
7.452361022858610129e-01
7.452332369419303326e-01
7.452300976355532569e-01
7.452266840723048569e-01
7.452229963993977080e-01
7.452190337335568016e-01
7.452147959275695621e-01
7.452102825397987074e-01
7.452054932758190864e-01
7.452004276939933058e-01
7.451950854998963258e-01
7.451894662518907531e-01
7.451835690667015788e-01
7.451773937971164496e-01
7.451709395598601349e-01
7.451642060605079276e-01
7.451571927102096371e-01
7.451498990673279810e-01
7.451423239541629107e-01
7.451344672235019617e-01
7.451263279920702365e-01
7.451179055238053017e-01
7.451091993770695421e-01
7.451002085213755954e-01
7.450909320734485641e-01
7.450813694444384794e-01
7.450715198982826859e-01
7.450613825517065081e-01
7.450509562270098973e-01
7.450402403353428848e-01
7.450292338462179975e-01
7.450179358763603377e-01
7.450063455424950076e-01
7.449944616669219588e-01
7.449822833663662935e-01
7.449698094631280743e-01
7.449570390739324033e-01
7.449439710210793431e-01
7.449306044212938849e-01
7.449169378024511623e-01
7.746828308448830969e-01
7.746826808353545202e-01
7.746822313956185369e-01
7.746814820840377536e-01
7.746804330478247458e-01
7.746790839925544736e-01
7.746774352126518659e-01
7.746754861192669539e-01
7.746732368596123131e-01
7.746706872864753679e-01
7.746678365165813318e-01
7.746646851387799515e-01
7.746612324170089048e-01
7.746574782040556162e-01
7.746534222054952679e-01
7.746490639796901334e-01
7.746444033794279704e-01
7.746394396686461237e-01
7.746341725529197753e-01
7.746286017378238853e-01
7.746227264872959095e-01
7.746165463596984546e-01
7.746100612078190562e-01
7.746032701483827054e-01
7.745961727397518981e-01
7.745887679514392721e-01
7.745810557834448273e-01
7.745730353524935552e-01
7.745647059225231335e-01
7.745560666102584424e-01
7.745471168268495132e-01
7.745378561306590637e-01
7.745282834911995096e-01
7.745183975835584489e-01
7.745081988493733860e-01
7.744976850804569102e-01
7.744868561295965570e-01
7.744757109663048533e-01
7.744642487073070125e-01
7.744524684693278038e-01
7.744403687802424718e-01
7.744279490512011588e-01
7.744152086933536738e-01
7.744021453513003639e-01
7.743887590250410069e-01
7.743750479480259186e-01
7.743610121202549879e-01
7.743466488919034107e-01
7.743319579685461473e-01
7.743169384669084110e-01
8.053241917150898432e-01
8.053240271315246224e-01
8.053235329391913444e-01
8.053227095797274027e-01
8.053215563170705860e-01
8.053200738872831055e-01
8.053182614070901746e-01
8.053161191709167221e-01
8.053136467371252438e-01
8.053108441057158506e-01
8.053077109822633917e-01
8.053042472195555135e-01
8.053004523759546007e-01
8.052963258626109067e-01
8.052918678267366737e-01
8.052870778266946195e-01
8.052819552736347752e-01
8.052764997259195257e-01
8.052707111835488707e-01
8.052645883216105194e-01
8.052581314345295116e-01
8.052513394918181522e-01
8.052442121990516233e-01
8.052367486729550272e-01
8.052289489135282530e-01
8.052208117430713630e-01
8.052123364255220350e-01
8.052035225192426537e-01
8.051943692881707859e-01
8.051848758490315339e-01
8.051750416129749288e-01
8.051648655495136087e-01
8.051543469225849181e-01
8.051434848489139595e-01
8.051322784452259462e-01
8.051207269754582230e-01
8.051088289674860343e-01
8.050965839796718759e-01
8.050839908343156992e-01
8.050710487953551819e-01
8.050577560962404178e-01
8.050441121481213269e-01
8.050301157732980828e-01
8.050157660884956767e-01
8.050010613271642024e-01
8.049860006060288731e-01
8.049705827473895292e-01
8.049548065735464553e-01
8.049386712012245315e-01
8.049221745694490338e-01
8.368603654593412822e-01
8.368601849768269041e-01
8.368596430876464876e-01
8.368587397917998105e-01
8.368574753837120239e-01
8.368558492745330479e-01
8.368538616114754580e-01
8.368515122473266787e-01
8.368488007404494278e-01
8.368457272380559475e-01
8.368422912985088447e-01
8.368384926273833013e-01
8.368343306358291267e-01
8.368298056182713607e-01
8.368249169858601455e-01
8.368196638553204725e-01
8.368140463738648060e-01
8.368080639526431774e-01
8.368017160028056178e-01
8.367950019355021585e-01
8.367879213090954060e-01
8.367804736819478562e-01
8.367726581707845002e-01
8.367644744811804092e-01
8.367559215826481100e-01
8.367469991807626739e-01
8.367377060978240522e-01
8.367280421866198914e-01
8.367180059750252141e-01
8.367075971686150915e-01
8.366968145896894749e-01
8.366856577966109709e-01
8.366741254644671777e-01
8.366622167099830865e-01
8.366499309443088395e-01
8.366372666953193482e-01
8.366242232269524015e-01
8.366107995087203042e-01
8.365969945101356942e-01
8.365828070534987448e-01
8.365682359611094077e-01
8.365532800552678561e-01
8.365379381582741525e-01
8.365222090924282483e-01
8.365060913856052771e-01
8.364895841545303412e-01
8.364726862215033920e-01
8.364553955255498163e-01
8.364377108889693435e-01
8.364196320173372667e-01
8.696436719055512521e-01
8.696434739047503859e-01
8.696428800495604738e-01
8.696418901927689404e-01
8.696405041871633212e-01
8.696387221799560807e-01
8.696365438767222900e-01
8.696339686886118692e-01
8.696309976461124025e-01
8.696276288354614081e-01
8.696238631399337837e-01
8.696197001178922470e-01
8.696151390332741427e-01
8.696101798860795817e-01
8.696048223818835243e-01
8.695990656374110728e-01
8.695929096526622271e-01
8.695863533971494030e-01
8.695793967236603583e-01
8.695720388961324376e-01
8.695642796201408231e-01
8.695561184540478994e-01
8.695475542201537289e-01
8.695385864768210293e-01
8.695292141935621055e-01
8.695194370759521396e-01
8.695092543879285873e-01
8.694986648045790467e-01
8.694876678842661244e-01
8.694762628909273872e-01
8.694644486468626754e-01
8.694522244160097779e-01
8.694395888734561817e-01
8.694265414303518069e-01
8.694130807617844736e-01
8.693992059844789511e-01
8.693849162151605636e-01
8.693702101289166873e-01
8.693550864008350310e-01
8.693395437060031927e-01
8.693235814555709817e-01
8.693071981774137535e-01
8.692903921049814908e-01
8.692731626494242247e-01
8.692555080441920490e-01
8.692374268171600971e-01
8.692189177906283204e-01
8.691999797868970035e-01
8.691806107449910890e-01
8.691608097816356793e-01
9.037629119838743730e-01
9.037626951398747277e-01
9.037620447550881453e-01
9.037609602406646570e-01
9.037594420382418781e-01
9.037574900006072331e-01
9.037551038333356823e-01
9.037522830947897212e-01
9.037490280793945008e-01
9.037453380510874767e-01
9.037412131570811136e-01
9.037366528085255535e-01
9.037316567109956456e-01
9.037262245700664609e-01
9.037203556496756773e-01
9.037140499498231838e-01
9.037073065872339717e-01
9.037001254146956875e-01
9.036925054017207470e-01
9.036844464010967970e-01
9.036759473823362532e-01
9.036670081982268732e-01
9.036576276710683864e-01
9.036478056536485504e-01
9.036375403794174588e-01
9.036268321427999295e-01
9.036156794716712071e-01
9.036040816299688583e-01
9.035920378816302279e-01
9.035795471961680647e-01
9.035666085430947847e-01
9.035532210391356012e-01
9.035393835065904655e-01
9.035250952093969445e-01
9.035103546754301718e-01
9.034951610214151385e-01
9.034795127752269783e-01
9.034634089063781071e-01
9.034468483843813846e-01
9.034298297371116115e-01
9.034123517868690723e-01
9.033944127671036384e-01
9.033760120889655632e-01
9.033571476914799003e-01
9.033378183969466013e-01
9.033180230276659506e-01
9.032977592282378509e-01
9.032770261153875158e-01
9.032558219225650387e-01
9.032341457664954110e-01
9.388365804011458149e-01
9.388363433890348775e-01
9.388356322054893788e-01
9.388344467032968543e-01
9.388327871768823440e-01
9.388306531846084546e-01
9.388280447264750750e-01
9.388249615080571653e-01
9.388214030877173322e-01
9.388173697598806156e-01
9.388128606412718957e-01
9.388078755846789303e-01
9.388024144428889217e-01
9.387964764798397699e-01
9.387900612538936373e-01
9.387831686178382817e-01
9.387757976883986943e-01
9.387679480239373708e-01
9.387596190356043424e-01
9.387508101345496403e-01
9.387415205847109423e-01
9.387317496500255931e-01
9.387214967416436240e-01
9.387107611235028237e-01
9.386995414706905683e-01
9.386878374887819287e-01
9.386756480000768565e-01
9.386629724157256049e-01
9.386498095580281253e-01
9.386361581020720157e-01
9.386220176062197718e-01
9.386073865983465270e-01
9.385922643423897371e-01
9.385766492190120713e-01
9.385605403449386319e-01
9.385439363952569058e-01
9.385268363394795310e-01
9.385092388526939944e-01
9.384911420211379252e-01
9.384725458448113233e-01
9.384534470850395271e-01
9.384338460362473544e-01
9.384137400486098901e-01
9.383931282388524586e-01
9.383720091348499714e-01
9.383503806756274823e-01
9.383282410946351959e-01
9.383055895085982145e-01
9.382824235621166631e-01
9.382587420774904929e-01
9.753012028247305398e-01
9.753009437307458285e-01
9.753001667432167343e-01
9.752988714205057530e-01
9.752970583514628533e-01
9.752947266528130266e-01
9.752918763245563838e-01
9.752885073666929250e-01
9.752846196320100747e-01
9.752802125316578641e-01
9.752752857712113643e-01
9.752698393506705754e-01
9.752638722395480242e-01
9.752573842906313573e-01
9.752503753567077771e-01
9.752428444072901437e-01
9.752347911479533060e-01
9.752262148426349420e-01
9.752171150496974361e-01
9.752074907386534264e-01
9.751973417622904483e-01
9.751866666484835244e-01
9.751754651028076148e-01
9.751637363892005084e-01
9.751514793299619344e-01
9.751386928946047528e-01
9.751253764942787727e-01
9.751115289512842788e-01
9.750971493823461511e-01
9.750822363153395234e-01
9.750667894558394666e-01
9.750508068900834990e-01
9.750342874403717941e-01
9.750172305178543830e-01
9.749996342087687839e-01
9.749814976298400993e-01
9.749628194561558159e-01
9.749435979211662495e-01
9.749238319943838160e-01
9.749035202036835379e-01
9.748826607825157309e-01
9.748612525531802353e-01
9.748392934547023270e-01
9.748167823093820683e-01
9.747937173506694419e-01
9.747700968120147635e-01
9.747459189268679047e-01
9.747211828119539678e-01
9.746958852285982911e-01
9.746700255879507946e-01
1.013240138475042018e+00
1.013239855532633626e+00
1.013239006705408896e+00
1.013237591846154917e+00
1.013235611396509528e+00
1.013233064767622427e+00
1.013229951517856220e+00
1.013226271941636059e+00
1.013222025450111863e+00
1.013217211748858704e+00
1.013211830690664117e+00
1.013205881686678023e+00
1.013199364148050563e+00
1.013192278221993980e+00
1.013184622878021246e+00
1.013176397380069593e+00
1.013167601728139244e+00
1.013158234891742504e+00
1.013148296134817050e+00
1.013137785015725489e+00
1.013126700209555198e+00
1.013115041716306397e+00
1.013102808358278928e+00
1.013089998810560610e+00
1.013076612778726293e+00
1.013062648790651110e+00
1.013048105963060053e+00
1.013032983707103263e+00
1.013017280109018481e+00
1.013000994727167869e+00
1.012984126089426784e+00
1.012966672870882823e+00
1.012948634041048290e+00
1.012930008275011007e+00
1.012910793953433419e+00
1.012890990045828277e+00
1.012870594785645562e+00
1.012849606995185114e+00
1.012828024760684897e+00
1.012805847198869902e+00
1.012783071954340253e+00
1.012759698143820941e+00
1.012735723411912092e+00
1.012711146286488839e+00
1.012685965295426316e+00
1.012660178377749354e+00
1.012633783178058522e+00
1.012606778813078590e+00
1.012579162632984975e+00
1.012550933460077518e+00
1.052191216238242744e+00
1.052190907975285805e+00
1.052189983039202970e+00
1.052188440841144157e+00
1.052186281822746539e+00
1.052183505542373165e+00
1.052180112000023593e+00
1.052176100754060428e+00
1.052171472098908822e+00
1.052166224709656372e+00
1.052160359027940251e+00
1.052153874317698357e+00
1.052146770137293075e+00
1.052139045750661861e+00
1.052130701157804715e+00
1.052121735328234386e+00
1.052112147673100573e+00
1.052101937456341174e+00
1.052091104530743726e+00
1.052079647276970453e+00
1.052067565106171498e+00
1.052054857576709690e+00
1.052041523363672404e+00
1.052027561583784632e+00
1.052012971500983829e+00
1.051997751790357816e+00
1.051981901421419119e+00
1.051965419363680265e+00
1.051948304292228631e+00
1.051930555029364500e+00
1.051912170544600622e+00
1.051893149218599000e+00
1.051873489873660361e+00
1.051853191184871861e+00
1.051832251532896167e+00
1.051810669151183486e+00
1.051788443303671494e+00
1.051765571782172337e+00
1.051742053114561593e+00
1.051717885828714172e+00
1.051693068158080058e+00
1.051667597747259597e+00
1.051641474007402710e+00
1.051614693699834513e+00
1.051587256235705148e+00
1.051559159259614962e+00
1.051530400416163635e+00
1.051500977349951738e+00
1.051470889177703816e+00
1.051440133249595510e+00
1.092691966185743713e+00
1.092691629952413646e+00
1.092690621841273302e+00
1.092688941410685066e+00
1.092686588513436474e+00
1.092683563149527748e+00
1.092679865024533514e+00
1.092675493991241753e+00
1.092670449460802162e+00
1.092664731286002500e+00
1.092658339025205150e+00
1.092651272531197426e+00
1.092643530626279835e+00
1.092635113457664620e+00
1.092626019847651619e+00
1.092616249649028815e+00
1.092605801978520974e+00
1.092594676100065554e+00
1.092582871130387989e+00
1.092570386480637756e+00
1.092557221120328048e+00
1.092543374166183412e+00
1.092528844587716597e+00
1.092513631354440351e+00
1.092497733435866980e+00
1.092481149801509011e+00
1.092463879273666505e+00
1.092445920527427283e+00
1.092427272385091408e+00
1.092407933374533791e+00
1.092387902612479422e+00
1.092367178185166043e+00
1.092345758914893716e+00
1.092323643329537575e+00
1.092300829809760288e+00
1.092277316589011615e+00
1.092253102342379378e+00
1.092228185744951174e+00
1.092202563705264584e+00
1.092176235928894679e+00
1.092149199766016876e+00
1.092121454038930572e+00
1.092092995803386701e+00
1.092063823881684881e+00
1.092033936212850165e+00
1.092003330441483122e+00
1.091972004801033513e+00
1.091939956641676535e+00
1.091907184491287319e+00
1.091873685405616135e+00
1.134805959676515430e+00
1.134805593706261995e+00
1.134804494912226902e+00
1.134802664177684939e+00
1.134800100913786469e+00
1.134796804973318585e+00
1.134792775914644114e+00
1.134788013884975300e+00
1.134782518148250041e+00
1.134776288410042966e+00
1.134769324670354296e+00
1.134761625898696558e+00
1.134753191653432358e+00
1.134744021934561475e+00
1.134734114975534114e+00
1.134723471365200353e+00
1.134712089484222641e+00
1.134699969038176048e+00
1.134687108849360637e+00
1.134673508181714086e+00
1.134659166004748698e+00
1.134644081729614840e+00
1.134628253884187199e+00
1.134611681585191212e+00
1.134594363507714032e+00
1.134576298474056166e+00
1.134557485600942384e+00
1.134537923416247818e+00
1.134517610153422673e+00
1.134496545076404628e+00
1.134474726271430756e+00
1.134452152413589321e+00
1.134428822177967255e+00
1.134404733503590279e+00
1.134379885212758010e+00
1.134354275538920653e+00
1.134327902126678556e+00
1.134300764092756486e+00
1.134272859081754792e+00
1.134244185327123677e+00
1.134214741062312903e+00
1.134184523343072737e+00
1.134153531286128391e+00
1.134121762536079991e+00
1.134089214443102511e+00
1.134055884946221227e+00
1.134021772573311271e+00
1.133986874085697538e+00
1.133951187127980598e+00
1.133914710228035139e+00
1.178004236319902365e+00
1.178003837815688293e+00
1.178002643480746459e+00
1.178000652431801409e+00
1.177997865110491205e+00
1.177994280780752856e+00
1.177989899737011736e+00
1.177984721390417544e+00
1.177978745004907957e+00
1.177971971022120590e+00
1.177964398411567970e+00
1.177956026731612482e+00
1.177946855540616733e+00
1.177936884102518178e+00
1.177926112122891888e+00
1.177914538129613220e+00
1.177902161975469264e+00
1.177888982482760083e+00
1.177874999062636263e+00
1.177860210390184736e+00
1.177844615729343403e+00
1.177828214196837253e+00
1.177811004320541199e+00
1.177792985069968212e+00
1.177774155120205446e+00
1.177754513587978114e+00
1.177734058559523733e+00
1.177712789151567740e+00
1.177690703891984825e+00
1.177667801014224969e+00
1.177644079340588679e+00
1.177619536810101009e+00
1.177594172097849334e+00
1.177567983584496103e+00
1.177540969503491741e+00
1.177513127793861303e+00
1.177484456394630064e+00
1.177454954128097642e+00
1.177424618638864606e+00
1.177393447865955789e+00
1.177361439748396466e+00
1.177328592225211690e+00
1.177294902646576658e+00
1.177260369540366503e+00
1.177224989962331270e+00
1.177188762440346315e+00
1.177151683441311381e+00
1.177113751493102045e+00
1.177074963357043202e+00
1.177035316677734977e+00
1.222916277023146980e+00
1.222915844218422698e+00
1.222914545509824258e+00
1.222912380897352103e+00
1.222909350381006233e+00
1.222905453666361275e+00
1.222900690458992745e+00
1.222895060022837876e+00
1.222888562799534062e+00
1.222881197905806516e+00
1.222872964900017845e+00
1.222863863193317968e+00
1.222853892638494422e+00
1.222843051616209875e+00
1.222831340420889035e+00
1.222818757285982327e+00
1.222805302211489753e+00
1.222790974166923395e+00
1.222775771827371516e+00
1.222759694456771129e+00
1.222742740877422518e+00
1.222724910206050897e+00
1.222706200676106025e+00
1.222686611845950511e+00
1.222666141949034557e+00
1.222644789807658450e+00
1.222622553655271949e+00
1.222599432461387581e+00
1.222575424459455773e+00
1.222550528177351215e+00
1.222524741848524554e+00
1.222498064000850260e+00
1.222470492573353829e+00
1.222442026093910394e+00
1.222412662648757253e+00
1.222382399882494974e+00
1.222351236175785782e+00
1.222319169467654953e+00
1.222286197402702390e+00
1.222252317919953590e+00
1.222217529252858537e+00
1.222181828751592425e+00
1.222145214355180087e+00
1.222107682824947084e+00
1.222069232983193254e+00
1.222029861296818787e+00
1.221989565999274108e+00
1.221948343263034031e+00
1.221906191615973913e+00
1.221863107819418870e+00
1.269575855717641977e+00
1.269575385079307450e+00
1.269573973605940820e+00
1.269571620855904692e+00
1.269568326681986825e+00
1.269564091084186996e+00
1.269558913620867813e+00
1.269552793997604345e+00
1.269545731919971443e+00
1.269537726799119248e+00
1.269528778193410368e+00
1.269518885366782257e+00
1.269508047730384837e+00
1.269496264842580935e+00
1.269483535672882857e+00
1.269469859485228058e+00
1.269455235101917046e+00
1.269439662081311759e+00
1.269423139098500242e+00
1.269405665122995019e+00
1.269387238829883469e+00
1.269367859335890580e+00
1.269347525610529326e+00
1.269326235445611850e+00
1.269303988252288518e+00
1.269280782558434240e+00
1.269256616303074070e+00
1.269231488455720980e+00
1.269205397249824507e+00
1.269178340918835302e+00
1.269150317548990436e+00
1.269121325668165490e+00
1.269091363215385293e+00
1.269060428424100273e+00
1.269028519086122575e+00
1.268995633287689939e+00
1.268961768820615399e+00
1.268926923623923564e+00
1.268891095342215003e+00
1.268854281620089397e+00
1.268816480102147315e+00
1.268777689021838739e+00
1.268737904551638707e+00
1.268697125219422572e+00
1.268655348080940160e+00
1.268612571075216966e+00
1.268568790374728028e+00
1.268524003624073471e+00
1.268478208467853641e+00
1.268431400784118424e+00
1.317416953623446352e+00
1.317416443090526634e+00
1.317414911491767038e+00
1.317412358385530391e+00
1.317408784066241401e+00
1.317404188092262896e+00
1.317398570316382189e+00
1.317391930296962110e+00
1.317384267445152135e+00
1.317375581172102628e+00
1.317365871477813810e+00
1.317355137037372836e+00
1.317343377850779929e+00
1.317330592887547613e+00
1.317316781117188418e+00
1.317301942098064949e+00
1.317286074210839875e+00
1.317269177161087823e+00
1.317251249476684372e+00
1.317232290127141825e+00
1.317212297787547559e+00
1.317191271427414767e+00
1.317169209574617916e+00
1.317146110609819676e+00
1.317121973502533017e+00
1.317096796191782770e+00
1.317070577647081464e+00
1.317043315807454151e+00
1.317015008906351259e+00
1.316985655471647698e+00
1.316955253295155837e+00
1.316923800757538787e+00
1.316891295503396231e+00
1.316857735913391059e+00
1.316823119484910931e+00
1.316787444304193144e+00
1.316750708015838045e+00
1.316712908264445980e+00
1.316674042694616631e+00
1.316634108950950566e+00
1.316593104089197608e+00
1.316551026048383033e+00
1.316507872178682037e+00
1.316463639241419958e+00
1.316418324881196478e+00
1.316371926153762306e+00
1.316324440409292196e+00
1.316275864703536413e+00
1.316226194914545511e+00
1.316175429275769027e+00
1.367137402554727599e+00
1.367136848594122878e+00
1.367135187006733421e+00
1.367132417203709593e+00
1.367128539185051173e+00
1.367123552803545694e+00
1.367117457764768229e+00
1.367110253627081162e+00
1.367101939948847322e+00
1.367092515994003943e+00
1.367081981468126317e+00
1.367070335782364143e+00
1.367057577906230170e+00
1.367043707250874540e+00
1.367028722785809558e+00
1.367012623774973124e+00
1.366995409040664855e+00
1.366977077552397724e+00
1.366957628132471569e+00
1.366937059603186455e+00
1.366915370786842665e+00
1.366892560064102646e+00
1.366868626110053775e+00
1.366843567746996557e+00
1.366817382913955603e+00
1.366790070138806490e+00
1.366761628096636594e+00
1.366732054432045818e+00
1.366701347672909739e+00
1.366669505758253189e+00
1.366636526921526151e+00
1.366602408807328972e+00
1.366567149501899170e+00
1.366530746502624405e+00
1.366493197895742417e+00
1.366454501325853110e+00
1.366414654437556830e+00
1.366373654581028552e+00
1.366331499400868621e+00
1.366288186247252012e+00
1.366243711881504064e+00
1.366198074537074980e+00
1.366151270386439576e+00
1.366103297368623348e+00
1.366054151950526263e+00
1.366003831776748445e+00
1.365952333314190525e+00
1.365899653029752248e+00
1.365845788568033958e+00
1.365790735807085765e+00
1.418743268254977208e+00
1.418742667333587670e+00
1.418740864716631744e+00
1.418737860404109208e+00
1.418733654248807596e+00
1.418728245661877052e+00
1.418721634496105111e+00
1.418713820457066621e+00
1.418704802661486797e+00
1.418694581256578102e+00
1.418683155211853064e+00
1.418670523644036674e+00
1.418656685817066609e+00
1.418641641142092791e+00
1.418625388735840209e+00
1.418607927273396685e+00
1.418589255577062058e+00
1.418569373057986471e+00
1.418548278244045058e+00
1.418525969663112729e+00
1.418502445990277305e+00
1.418477706047838627e+00
1.418451748069246898e+00
1.418424570435164789e+00
1.418396171967892139e+00
1.418366550164816831e+00
1.418335703701026462e+00
1.418303630515546088e+00
1.418270328694613003e+00
1.418235796324465392e+00
1.418200031049702936e+00
1.418163030809351133e+00
1.418124793542434592e+00
1.418085316451916489e+00
1.418044598065671735e+00
1.418002634556175368e+00
1.417959424451302741e+00
1.417914964512378972e+00
1.417869252384004186e+00
1.417822285416353356e+00
1.417774060076327114e+00
1.417724574008525140e+00
1.417673824268697702e+00
1.417621807323745431e+00
1.417568520523842857e+00
1.417513960630315761e+00
1.417458124110063888e+00
1.417401007724412798e+00
1.417342607351412376e+00
1.417282920635662968e+00
1.471634925982314490e+00
1.471634275450315332e+00
1.471632323265468223e+00
1.471629069869410333e+00
1.471624514820504270e+00
1.471618657382687934e+00
1.471611497997598272e+00
1.471603035781960500e+00
1.471593270441349910e+00
1.471582200798066342e+00
1.471569827146534726e+00
1.471556148014630194e+00
1.471541162960715354e+00
1.471524870954302733e+00
1.471507270670479928e+00
1.471488361667609324e+00
1.471468142179141125e+00
1.471446611616225475e+00
1.471423767917887204e+00
1.471399610642489142e+00
1.471374137729056342e+00
1.471347347558251251e+00
1.471319238952374153e+00
1.471289809850449881e+00
1.471259058780353790e+00
1.471226983533898469e+00
1.471193582638959052e+00
1.471158853592922755e+00
1.471122794923665378e+00
1.471085403539723835e+00
1.471046678116186390e+00
1.471006616150440260e+00
1.470965214845448399e+00
1.470922472287448102e+00
1.470878385090552243e+00
1.470832951488211027e+00
1.470786168241749348e+00
1.470738032995767552e+00
1.470688542217166050e+00
1.470637693550544522e+00
1.470585484051653458e+00
1.470531909892968114e+00
1.470476968719088395e+00
1.470420656702489559e+00
1.470362970604497166e+00
1.470303906892010959e+00
1.470243462620781205e+00
1.470181633963283385e+00
1.470118417091992535e+00
1.470053807884958985e+00
1.526582343290983079e+00
1.526581638584787237e+00
1.526579524907837104e+00
1.526576001671282823e+00
1.526571069022336635e+00
1.526564726519361370e+00
1.526556973720719190e+00
1.526547810331985389e+00
1.526537235617097643e+00
1.526525249281630581e+00
1.526511850000672021e+00
1.526497037627009501e+00
1.526480810982943082e+00
1.526463169185197533e+00
1.526444111350498289e+00
1.526423636006720264e+00
1.526401742123375982e+00
1.526378428228340578e+00
1.526353693143914114e+00
1.526327535250759260e+00
1.526299953518388541e+00
1.526270945591402084e+00
1.526240510144887264e+00
1.526208645412294507e+00
1.526175349332648645e+00
1.526140620139400106e+00
1.526104455477148791e+00
1.526066853579344906e+00
1.526027812090588576e+00
1.525987328949904853e+00
1.525945401065831541e+00
1.525902026819031088e+00
1.525857203265253759e+00
1.525810927607462064e+00
1.525763197490256573e+00
1.525714009674961957e+00
1.525663361511753635e+00
1.525611250645231731e+00
1.525557673247871504e+00
1.525502626080998070e+00
1.525446106789211553e+00
1.525388110956137355e+00
1.525328636226375378e+00
1.525267678477976174e+00
1.525205234766689566e+00
1.525141300970566105e+00
1.525075873262080828e+00
1.525008948108133922e+00
1.524940521386775938e+00
1.524870589564906620e+00
1.583555257120296211e+00
1.583554494265166257e+00
1.583552205994201323e+00
1.583548391865764238e+00
1.583543051879854557e+00
1.583536185447622646e+00
1.583527792421856040e+00
1.583517872508129365e+00
1.583506424528743128e+00
1.583493448336484644e+00
1.583478943048078902e+00
1.583462907780251117e+00
1.583445341502513593e+00
1.583426243331591765e+00
1.583405611942573010e+00
1.583383446599394784e+00
1.583359745535507290e+00
1.583334507573210592e+00
1.583307731240379601e+00
1.583279415212102137e+00
1.583249557574615940e+00
1.583218156561370771e+00
1.583185210553029298e+00
1.583150717341404334e+00
1.583114675601583254e+00
1.583077082242103861e+00
1.583037935938053531e+00
1.582997234039607903e+00
1.582954974338579124e+00
1.582911154479567317e+00
1.582865771518323195e+00
1.582818823393871366e+00
1.582770307014749633e+00
1.582720219436708264e+00
1.582668558745984777e+00
1.582615320820629279e+00
1.582560502716392481e+00
1.582504102372298993e+00
1.582446115371974216e+00
1.582386539065593123e+00
1.582325369625631417e+00
1.582262604107838921e+00
1.582198238095840814e+00
1.582132268350962656e+00
1.582064691634529341e+00
1.581995503235741118e+00
1.581924699621498398e+00
1.581852276964276438e+00
1.581778230553275266e+00
1.581702556560970141e+00
1.641925670612135679e+00
1.641924846074972022e+00
1.641922372316268142e+00
1.641918249188811574e+00
1.641912476839815005e+00
1.641905054386003426e+00
1.641895981680164374e+00
1.641885258133447767e+00
1.641872883009791284e+00
1.641858856014769774e+00
1.641843175823471057e+00
1.641825841994257518e+00
1.641806853643854147e+00
1.641786209152923615e+00
1.641763907638190911e+00
1.641739947921956100e+00
1.641714328237669385e+00
1.641687047702055757e+00
1.641658104106928029e+00
1.641627496716223433e+00
1.641595222880117388e+00
1.641561281273697270e+00
1.641525669835988133e+00
1.641488386506015473e+00
1.641449429370016588e+00
1.641408795925379360e+00
1.641366484258341085e+00
1.641322491424652252e+00
1.641276815510550158e+00
1.641229453571785291e+00
1.641180403105745089e+00
1.641129661168179821e+00
1.641077225109264681e+00
1.641023091837537251e+00
1.640967258261535333e+00
1.640909721437008972e+00
1.640850477830858356e+00
1.640789524498833751e+00
1.640726857613410417e+00
1.640662473641488539e+00
1.640596369638818164e+00
1.640528541483449620e+00
1.640458984759008310e+00
1.640387696521244276e+00
1.640314672059357770e+00
1.640239907840248978e+00
1.640163399447543080e+00
1.640085142759290626e+00
1.640005132770266716e+00
1.639923365652946607e+00
1.702538855956910346e+00
1.702537964732487863e+00
1.702535290764795928e+00
1.702530833906621632e+00
1.702524593863540270e+00
1.702516570635551618e+00
1.702506763486593577e+00
1.702495171975028088e+00
1.702481795217580807e+00
1.702466632625401433e+00
1.702449683609640108e+00
1.702430946698171965e+00
1.702410421302146704e+00
1.702388106096652365e+00
1.702364000051201254e+00
1.702338101252031111e+00
1.702310408963079391e+00
1.702280921123371149e+00
1.702249636260781740e+00
1.702216552903185853e+00
1.702181668842396300e+00
1.702144982311863508e+00
1.702106491250612086e+00
1.702066193156029916e+00
1.702024086408779668e+00
1.701980168506248781e+00
1.701934436798612449e+00
1.701886888636046091e+00
1.701837521957574761e+00
1.701786333377310889e+00
1.701733320539854599e+00
1.701678480500956603e+00
1.701621809874728886e+00
1.701563305864134845e+00
1.701502964641649074e+00
1.701440783557446990e+00
1.701376759078428780e+00
1.701310887082644774e+00
1.701243165214695097e+00
1.701173588469354847e+00
1.701102153902374292e+00
1.701028856508528975e+00
1.700953693637993647e+00
1.700876659696693993e+00
1.700797751445954908e+00
1.700716964469402015e+00
1.700634294056235118e+00
1.700549736378929921e+00
1.700463285843411443e+00
1.700374938033305083e+00
1.765317820580030395e+00
1.765316857368699699e+00
1.765313967734707834e+00
1.765309151383629871e+00
1.765302408315465810e+00
1.765293737941365348e+00
1.765283139525266387e+00
1.765270613214381390e+00
1.765256157831010198e+00
1.765239772491878023e+00
1.765221456902559938e+00
1.765201209296505924e+00
1.765179029084866125e+00
1.765154914648302986e+00
1.765128864956329258e+00
1.765100878831244779e+00
1.765070954064862363e+00
1.765039089773907000e+00
1.765005283602979036e+00
1.764969534079953162e+00
1.764931839143854653e+00
1.764892196880921249e+00
1.764850604788540611e+00
1.764807061100162722e+00
1.764761562871537626e+00
1.764714108041690821e+00
1.764664693960797059e+00
1.764613317831819295e+00
1.764559977004932501e+00
1.764504668388674702e+00
1.764447389333220428e+00
1.764388136158258069e+00
1.764326906361174840e+00
1.764263695967233536e+00
1.764198502032184424e+00
1.764131320728502761e+00
1.764062148817513664e+00
1.763990982177267242e+00
1.763917817274664124e+00
1.763842649398904117e+00
1.763765475311312780e+00
1.763686290889940000e+00
1.763605091423986471e+00
1.763521872497076926e+00
1.763436629987262139e+00
1.763349359478167067e+00
1.763260055670142101e+00
1.763168714441237572e+00
1.763075330197378721e+00
1.762979898816615654e+00
1.829611921484203263e+00
1.829610882016802220e+00
1.829607763467386405e+00
1.829602565983168505e+00
1.829595288828085753e+00
1.829585931854925906e+00
1.829574494769264037e+00
1.829560976540612449e+00
1.829545376727333972e+00
1.829527694593366061e+00
1.829507928961008556e+00
1.829486078505349056e+00
1.829462142637537925e+00
1.829436119885450074e+00
1.829408008629748172e+00
1.829377807692732061e+00
1.829345515307851944e+00
1.829311129708558248e+00
1.829274648981088047e+00
1.829236071653316698e+00
1.829195395075419395e+00
1.829152617333633657e+00
1.829107736219772296e+00
1.829060749231222749e+00
1.829011654012585364e+00
1.828960447766822428e+00
1.828907127991322046e+00
1.828851691447409111e+00
1.828794135632471285e+00
1.828734457160621441e+00
1.828672653234822087e+00
1.828608720174760949e+00
1.828542654741763362e+00
1.828474453549941980e+00
1.828404112771771839e+00
1.828331628874153347e+00
1.828256998323986693e+00
1.828180216410472125e+00
1.828101279306084903e+00
1.828020183477724991e+00
1.827936923920168155e+00
1.827851496805889209e+00
1.827763897129663473e+00
1.827674120475116570e+00
1.827582161837023378e+00
1.827488017093434447e+00
1.827391680650274797e+00
1.827293147796745121e+00
1.827192413233195367e+00
1.827089471365550999e+00
1.896345819612148320e+00
1.896344697705752091e+00
1.896341332428200799e+00
1.896335723337857049e+00
1.896327870140296135e+00
1.896317772393879997e+00
1.896305429656971464e+00
1.896290841340720679e+00
1.896274006856277561e+00
1.896254924731517244e+00
1.896233594377589871e+00
1.896210014764007523e+00
1.896184184271433315e+00
1.896156102016592238e+00
1.896125766085721587e+00
1.896093175301121647e+00
1.896058327896242623e+00
1.896021221957321812e+00
1.895981855128959559e+00
1.895940226086243685e+00
1.895896332179348942e+00
1.895850171347300606e+00
1.895801740940273872e+00
1.895751038897293572e+00
1.895698061979685489e+00
1.895642807832049304e+00
1.895585273510135282e+00
1.895525455922481006e+00
1.895463352124836964e+00
1.895398958878528051e+00
1.895332272503242210e+00
1.895263289907516802e+00
1.895192007558252456e+00
1.895118421333499059e+00
1.895042527994581949e+00
1.894964322830701375e+00
1.894883802897607605e+00
1.894800962601225880e+00
1.894715798997306466e+00
1.894628307080624463e+00
1.894538482140380120e+00
1.894446319465774131e+00
1.894351815229281311e+00
1.894254963836827343e+00
1.894155760577612035e+00
1.894054200151986000e+00
1.893950276671449773e+00
1.893843986308478167e+00
1.893735322880146787e+00
1.893624280203530796e+00
1.965382437463737197e+00
1.965381227229846317e+00
1.965377596528173232e+00
1.965371545358718164e+00
1.965363072838206104e+00
1.965352179261061982e+00
1.965338863596798546e+00
1.965323125403778182e+00
1.965304963504300950e+00
1.965284377603941923e+00
1.965261365936151305e+00
1.965235927617653866e+00
1.965208061765174818e+00
1.965177766170526974e+00
1.965145040097647566e+00
1.965109881191136720e+00
1.965072287978869792e+00
1.965032258694296763e+00
1.964989790982017759e+00
1.964944882928270520e+00
1.964897532030442484e+00
1.964847735785921312e+00
1.964795491986519815e+00
1.964740797687988039e+00
1.964683650387713643e+00
1.964624046994234430e+00
1.964561984416087759e+00
1.964497459709024119e+00
1.964430469339943697e+00
1.964361010070171609e+00
1.964289078366608043e+00
1.964214670401728258e+00
1.964137782495219753e+00
1.964058410819558231e+00
1.963976550958368650e+00
1.963892199672976124e+00
1.963805352252581127e+00
1.963716003691958756e+00
1.963624150163584492e+00
1.963529786662233212e+00
1.963432908477105832e+00
1.963333511486252014e+00
1.963231589212322437e+00
1.963127137827792135e+00
1.963020151149736714e+00
1.962910624761781353e+00
1.962798552186576284e+00
1.962683928124472121e+00
1.962566746981393662e+00
1.962447002868841883e+00
2.036052988838187083e+00
2.036051684829939035e+00
2.036047773099620262e+00
2.036041253058380462e+00
2.036032124559007173e+00
2.036020387012650090e+00
2.036006040124885175e+00
2.035989083012436751e+00
2.035969514792030033e+00
2.035947334580390233e+00
2.035922541052604728e+00
2.035895133030973803e+00
2.035865109485009761e+00
2.035832468500950565e+00
2.035797208901095612e+00
2.035759328330045470e+00
2.035718825315675495e+00
2.035675697944223206e+00
2.035629943713075818e+00
2.035581560266833456e+00
2.035530545838946992e+00
2.035476897190740875e+00
2.035420612114028138e+00
2.035361687517346141e+00
2.035300120603658058e+00
2.035235908281500805e+00
2.035169047164987699e+00
2.035099534309869007e+00
2.035027366035831786e+00
2.034952538956988910e+00
2.034875048656966445e+00
2.034794892633151164e+00
2.034712065585893459e+00
2.034626564276519112e+00
2.034538383994227484e+00
2.034447520322644642e+00
2.034353969434245624e+00
2.034257725734955891e+00
2.034158785102825107e+00
2.034057142827053966e+00
2.033952793313567931e+00
2.033845731557141878e+00
2.033735952258126201e+00
2.033623450705721591e+00
2.033508220422577839e+00
2.033390256109046224e+00
2.033269552171050876e+00
2.033146102720092774e+00
2.033019901278822150e+00
2.032890941958739983e+00
2.109369026409571468e+00
2.109367621560767070e+00
2.109363406572716038e+00
2.109356381298205907e+00
2.109346545442812193e+00
2.109333898712109079e+00
2.109318440370034686e+00
2.109300169386101320e+00
2.109279085318671587e+00
2.109255186695620843e+00
2.109228472780886321e+00
2.109198942102343377e+00
2.109166593335078943e+00
2.109131424270906496e+00
2.109093434026550362e+00
2.109052620393823574e+00
2.109008981311751629e+00
2.108962514866571158e+00
2.108913218555670710e+00
2.108861090170861985e+00
2.108806127062321067e+00
2.108748326727435618e+00
2.108687685927530087e+00
2.108624202159992134e+00
2.108557872333360450e+00
2.108488693061746577e+00
2.108416660959263833e+00
2.108341772640025091e+00
2.108264024423717409e+00
2.108183412482816710e+00
2.108099932989797587e+00
2.108013581675498127e+00
2.107924355006818740e+00
2.107832247978534301e+00
2.107737256468695364e+00
2.107639375766502177e+00
2.107538601161154990e+00
2.107434927647428680e+00
2.107328350808948869e+00
2.107218864757216092e+00
2.107106464192580297e+00
2.106991144404242178e+00
2.106872899503701824e+00
2.106751723896884698e+00
2.106627611400865518e+00
2.106500556421570636e+00
2.106370553070499696e+00
2.106237594281453518e+00
2.106101673871507263e+00
2.105962786246585949e+00
2.185118348082475404e+00
2.185116834738064728e+00
2.185112294704832703e+00
2.185104727835567306e+00
2.185094133835843166e+00
2.185080511969597961e+00
2.185063861795193851e+00
2.185044182282143588e+00
2.185021472841597756e+00
2.184995731854217915e+00
2.184966958878367560e+00
2.184935151853071300e+00
2.184900309453416956e+00
2.184862430207279438e+00
2.184821511906471336e+00
2.184777553373292935e+00
2.184730551810706967e+00
2.184680505304950504e+00
2.184627411206199188e+00
2.184571267306265607e+00
2.184512070660899585e+00
2.184449818767489226e+00
2.184384508387359869e+00
2.184316136723473356e+00
2.184244700095518077e+00
2.184170195559243854e+00
2.184092619434338634e+00
2.184011968040490359e+00
2.183928237402961159e+00
2.183841423694226513e+00
2.183751522792336974e+00
2.183658530722554669e+00
2.183562442479655363e+00
2.183463253941689608e+00
2.183360960692281694e+00
2.183255557431782901e+00
2.183147039154967661e+00
2.183035401151037114e+00
2.182920637825915833e+00
2.182802743585529726e+00
2.182681713719079042e+00
2.182557541749213570e+00
2.182430221787434288e+00
2.182299748534091144e+00
2.182166115806259743e+00
2.182029316243315087e+00
2.181889344840032940e+00
2.181746194235788749e+00
2.181599857953232746e+00
2.181450328926165305e+00
2.262624699124793803e+00
2.262623071101852457e+00
2.262618187033028416e+00
2.262610046476684289e+00
2.262598649432820075e+00
2.262583994870948079e+00
2.262566082643856280e+00
2.262544911721056540e+00
2.262520480924849586e+00
2.262492789519173098e+00
2.262461835590263703e+00
2.262427618254847506e+00
2.262390135746374042e+00
2.262349386445506205e+00
2.262305368438481068e+00
2.262258079222687179e+00
2.262207517325998563e+00
2.262153680098591302e+00
2.262096564890639705e+00
2.262036169493957249e+00
2.261972490522656365e+00
2.261905525326911803e+00
2.261835270962474276e+00
2.261761724043456212e+00
2.261684881036757577e+00
2.261604738703703710e+00
2.261521293363982998e+00
2.261434540748432198e+00
2.261344477029527233e+00
2.261251098379743141e+00
2.261154400088279726e+00
2.261054377738763055e+00
2.260951027209242792e+00
2.260844342905644400e+00
2.260734320706018430e+00
2.260620955310714830e+00
2.260504241125658620e+00
2.260384173440050937e+00
2.260260746365391871e+00
2.260133954602030926e+00
2.260003791378194737e+00
2.259870251983082667e+00
2.259733329350495534e+00
2.259593017886358357e+00
2.259449310524471954e+00
2.259302201670761789e+00
2.259151683375752562e+00
2.258997749456520321e+00
2.258840392846864997e+00
2.258679606775012338e+00
2.342989418286747227e+00
2.342987666899738475e+00
2.342982412149861027e+00
2.342973654331541145e+00
2.342961392708715174e+00
2.342945626986959073e+00
2.342926356135784705e+00
2.342903579419130189e+00
2.342877295953720296e+00
2.342847504267429937e+00
2.342814203329771860e+00
2.342777391226984030e+00
2.342737066928578304e+00
2.342693228373580183e+00
2.342645872912164862e+00
2.342594999219420160e+00
2.342540604792733294e+00
2.342482687129491925e+00
2.342421243579871248e+00
2.342356271494046460e+00
2.342287767927767828e+00
2.342215729642360689e+00
2.342140153399149938e+00
2.342061036106672933e+00
2.341978374084618508e+00
2.341892163358248347e+00
2.341802400394462857e+00
2.341709080924100128e+00
2.341612200825210266e+00
2.341511755828630914e+00
2.341407741076349858e+00
2.341300152593630113e+00
2.341188985080821627e+00
2.341074233532699722e+00
2.340955893238464647e+00
2.340833958309617380e+00
2.340708423446507425e+00
2.340579283349485618e+00
2.340446531835627120e+00
2.340310163605282323e+00
2.340170172181101460e+00
2.340026550791309834e+00
2.339879294136258281e+00
2.339728394855321358e+00
2.339573846176725258e+00
2.339415641917545585e+00
2.339253774422731524e+00
2.339088236626084782e+00
2.338919021461405290e+00
2.338746121273643119e+00
2.425908502057767979e+00
2.425906618473941734e+00
2.425900967575250533e+00
2.425891549214481913e+00
2.425878362508360642e+00
2.425861407604099629e+00
2.425840683323999158e+00
2.425816188637570647e+00
2.425787922955965570e+00
2.425755884512633020e+00
2.425720072571510677e+00
2.425680484629986644e+00
2.425637119657573226e+00
2.425589975446083013e+00
2.425539050228965987e+00
2.425484341650822717e+00
2.425425846914615491e+00
2.425363563959369362e+00
2.425297489840834597e+00
2.425227621614761908e+00
2.425153956484113138e+00
2.425076490915788696e+00
2.424995221818326829e+00
2.424910145511414594e+00
2.424821258167527471e+00
2.424728555811928477e+00
2.424632034764304667e+00
2.424531690313856735e+00
2.424427518780272628e+00
2.424319515011114756e+00
2.424207674148370906e+00
2.424091991922879163e+00
2.423972463329414850e+00
2.423849082185052684e+00
2.423721844367843214e+00
2.423590743989287422e+00
2.423455774277609720e+00
2.423316930522011248e+00
2.423174206539566722e+00
2.423027595558501890e+00
2.422877091984741771e+00
2.422722688752087183e+00
2.422564379088763431e+00
2.422402156811845675e+00
2.422236014266284432e+00
2.422065944385880076e+00
2.421891940104433427e+00
2.421713993178044255e+00
2.421532096246088894e+00
2.421346242831217133e+00
2.510713457925992653e+00
2.510711434343087411e+00
2.510705364036008636e+00
2.510695246710330952e+00
2.510681081777205392e+00
2.510662868647781210e+00
2.510640606585996082e+00
2.510614294561362758e+00
2.510583931543393987e+00
2.510549516207176701e+00
2.510511047080586700e+00
2.510468522691498450e+00
2.510421940831724985e+00
2.510371299881928753e+00
2.510316597633922342e+00
2.510257831732305878e+00
2.510194999527255000e+00
2.510128098368944460e+00
2.510057125901973940e+00
2.509982078593244292e+00
2.509902953204080855e+00
2.509819746790233008e+00
2.509732455524176675e+00
2.509641075872811822e+00
2.509545603566976535e+00
2.509446035073570336e+00
2.509342366123431312e+00
2.509234591858547248e+00
2.509122708156968695e+00
2.509006709866258067e+00
2.508886592717253450e+00
2.508762350968666954e+00
2.508633979909699718e+00
2.508501473651851832e+00
2.508364826895473243e+00
2.508224033752064930e+00
2.508079088627551467e+00
2.507929984750158603e+00
2.507776715936962386e+00
2.507619276299462019e+00
2.507457658771458320e+00
2.507291856581177036e+00
2.507121862662418543e+00
2.506947669948982771e+00
2.506769271669095467e+00
2.506586659873282219e+00
2.506399826317643242e+00
2.506208764230403840e+00
2.506013464778814814e+00
2.505813920602252054e+00
2.598595123947855523e+00
2.598592950208209018e+00
2.598586429136481968e+00
2.598575560143823626e+00
2.598560343083022417e+00
2.598540777365228482e+00
2.598516861812740775e+00
2.598488595836710768e+00
2.598455978112224951e+00
2.598419007314371143e+00
2.598377681676599771e+00
2.598331999726785746e+00
2.598281959698379051e+00
2.598227559383192276e+00
2.598168796573038453e+00
2.598105668765304799e+00
2.598038173310166510e+00
2.597966307557798782e+00
2.597890068416739862e+00
2.597809453237164057e+00
2.597724458044334828e+00
2.597635079452364160e+00
2.597541314075365371e+00
2.597443157791388124e+00
2.597340606920120809e+00
2.597233656750763231e+00
2.597122303455790870e+00
2.597006541882766140e+00
2.596886367468102197e+00
2.596761775353786383e+00
2.596632760681807373e+00
2.596499317563664366e+00
2.596361440994133574e+00
2.596219125084715085e+00
2.596072364241333918e+00
2.595921151986641195e+00
2.595765483020985975e+00
2.595605350278169965e+00
2.595440746986418024e+00
2.595271666962805313e+00
2.595098102846707278e+00
2.594920048455199968e+00
2.594737494955532853e+00
2.594550436459207354e+00
2.594358864427898315e+00
2.594162770912131322e+00
2.593962149140131679e+00
2.593756989690300330e+00
2.593547284613161974e+00
2.593333025664818159e+00
2.689139030567500921e+00
2.689136696366238866e+00
2.689129693909665164e+00
2.689118023050566908e+00
2.689101683052882219e+00
2.689080673180548331e+00
2.689054992844714942e+00
2.689024640867682781e+00
2.688989616218964152e+00
2.688949917573646875e+00
2.688905542870755117e+00
2.688856490638165120e+00
2.688802758962113959e+00
2.688744345781627132e+00
2.688681248446878946e+00
2.688613464602470415e+00
2.688540991598576291e+00
2.688463826490946840e+00
2.688381966188119865e+00
2.688295407304207796e+00
2.688204146600535971e+00
2.688108180544004355e+00
2.688007505012663501e+00
2.687902116031776423e+00
2.687792009626605250e+00
2.687677181233563140e+00
2.687557626141849898e+00
2.687433339935091148e+00
2.687304317608062654e+00
2.687170553566688991e+00
2.687032042805745480e+00
2.686888780320007886e+00
2.686740759632125997e+00
2.686587975148025720e+00
2.686430421273632518e+00
2.686268090648320950e+00
2.686100977678017365e+00
2.685929075885371109e+00
2.685752377909758515e+00
2.685570876979404442e+00
2.685384565733684781e+00
2.685193437106399461e+00
2.684997483736923929e+00
2.684796697381359287e+00
2.684591069795805307e+00
2.684380594208487736e+00
2.684165260903382144e+00
2.683945061931014120e+00
2.683719988753058949e+00
2.683490032536766989e+00
2.781702929432740667e+00
2.781700425789900954e+00
2.781692914861382260e+00
2.781680395616696888e+00
2.781662868644694697e+00
2.781640332326038134e+00
2.781612786219090250e+00
2.781580229440575813e+00
2.781542660518370180e+00
2.781500078274772747e+00
2.781452480501596991e+00
2.781399865726717380e+00
2.781342231741946502e+00
2.781279576780735230e+00
2.781211897898832941e+00
2.781139192888052225e+00
2.781061458362506400e+00
2.780978692408432984e+00
2.780890890756669176e+00
2.780798050168540758e+00
2.780700167847010018e+00
2.780597239081277205e+00
2.780489260632668103e+00
2.780376228232019464e+00
2.780258137021319964e+00
2.780134982878619709e+00
2.780006761093118506e+00
2.779873466806804583e+00
2.779735094425602959e+00
2.779591639091501865e+00
2.779443095210425874e+00
2.779289456893876409e+00
2.779130718842202530e+00
2.778966874283630872e+00
2.778797916740810781e+00
2.778623840619668162e+00
2.778444638854003390e+00
2.778260304672041769e+00
2.778070830713158745e+00
2.777876210205579621e+00
2.777676434905405056e+00
2.777471498335285727e+00
2.777261391956896475e+00
2.777046107526337959e+00
2.776825637682985626e+00
2.776599973594090276e+00
2.776369105838052409e+00
2.776133027054247027e+00
2.775891727526650588e+00
2.775645197833662703e+00
2.877565144333765979e+00
2.877562458441861981e+00
2.877554401207787826e+00
2.877540971601056263e+00
2.877522169768879312e+00
2.877497994533557257e+00
2.877468445306240241e+00
2.877433520762015640e+00
2.877393220017608666e+00
2.877347541012044374e+00
2.877296482420410584e+00
2.877240042328944369e+00
2.877178218529458764e+00
2.877111008666553449e+00
2.877038410237616972e+00
2.876960420887248571e+00
2.876877037229561562e+00
2.876788256614730699e+00
2.876694075362443925e+00
2.876594490234026136e+00
2.876489497549165275e+00
2.876379093185911895e+00
2.876263273316740587e+00
2.876142033230852046e+00
2.876015368953508844e+00
2.875883275626699209e+00
2.875745747950772646e+00
2.875602781214929848e+00
2.875454370119521652e+00
2.875300509217684652e+00
2.875141192326495343e+00
2.874976414146303672e+00
2.874806168494184799e+00
2.874630448892789403e+00
2.874449248864767714e+00
2.874262561638345037e+00
2.874070380441746675e+00
2.873872698797623748e+00
2.873669507873225726e+00
2.873460801485628657e+00
2.873246571685358131e+00
2.873026810228513916e+00
2.872801509165622491e+00
2.872570660547208110e+00
2.872334255246097534e+00
2.872092285018390090e+00
2.871844741325762396e+00
2.871591614157764205e+00
2.871332894976071248e+00
2.871068573475809682e+00
2.976179115332161285e+00
2.976176235414193627e+00
2.976167596101928936e+00
2.976153197100942283e+00
2.976133037380745527e+00
2.976107116646914186e+00
2.976075434016173027e+00
2.976037988016397406e+00
2.975994777469887165e+00
2.975945801198942586e+00
2.975891056848163796e+00
2.975830542651000776e+00
2.975764256693691490e+00
2.975692196620835173e+00
2.975614359340970516e+00
2.975530742498697201e+00
2.975441342855340565e+00
2.975346157319437967e+00
2.975245182652314746e+00
2.975138415173658846e+00
2.975025851203157767e+00
2.974907486030012205e+00
2.974783316268334143e+00
2.974653337060111813e+00
2.974517543841757927e+00
2.974375931755260272e+00
2.974228495795394167e+00
2.974075230809722026e+00
2.973916131204170199e+00
2.973751191090237889e+00
2.973580404873851002e+00
2.973403766666509629e+00
2.973221269402014588e+00
2.973032907486290899e+00
2.972838673853138935e+00
2.972638561436359517e+00
2.972432563464177502e+00
2.972220672281543408e+00
2.972002880527833124e+00
2.971779180842421653e+00
2.971549564098134866e+00
2.971314023228773138e+00
2.971072549990436684e+00
2.970825134961526004e+00
2.970571769898141756e+00
2.970312446261959671e+00
2.970047154042530391e+00
2.969775884407103828e+00
2.969498627345231068e+00
2.969215373140887237e+00
3.076949615953648021e+00
3.076946531263105467e+00
3.076937277485901845e+00
3.076921854180400651e+00
3.076900260757751138e+00
3.076872496481890984e+00
3.076838560469545403e+00
3.076798451543014679e+00
3.076752168230173723e+00
3.076699709058897447e+00
3.076641072115423370e+00
3.076576255633201917e+00
3.076505257256833215e+00
3.076428074483704922e+00
3.076344704516779327e+00
3.076255144853444534e+00
3.076159392255025438e+00
3.076057443482847376e+00
3.075949295151023222e+00
3.075834943284815104e+00
3.075714384203911411e+00
3.075587613639149787e+00
3.075454627321367429e+00
3.075315420686977941e+00
3.075169989172393148e+00
3.075018327477964331e+00
3.074860430745678386e+00
3.074696293234248756e+00
3.074525909496812925e+00
3.074349273939296801e+00
3.074166380378775099e+00
3.073977222337898496e+00
3.073781793633742154e+00
3.073580087788956750e+00
3.073372097148492355e+00
3.073157815823849504e+00
3.072937235276703927e+00
3.072710349029705856e+00
3.072477149133380436e+00
3.072237626754978912e+00
3.071991775122726143e+00
3.071739584520597699e+00
3.071481047882393955e+00
3.071216155197665998e+00
3.070944897633663739e+00
3.070667266652062910e+00
3.070383252831264009e+00
3.070092845571968265e+00
3.069796036041425147e+00
3.069492813640336326e+00
3.181240339689825447e+00
3.181237035358245535e+00
3.181227122657931172e+00
3.181210601000032057e+00
3.181187469648485866e+00
3.181157728308867672e+00
3.181121375656264849e+00
3.181078410954615077e+00
3.181028832290156316e+00
3.180972638190763035e+00
3.180909826889885661e+00
3.180840396179336782e+00
3.180764343850929432e+00
3.180681667549262848e+00
3.180592364330087740e+00
3.180496431543579305e+00
3.180393865951062882e+00
3.180284663872225970e+00
3.180168822362818393e+00
3.180046336859253309e+00
3.179917203975643591e+00
3.179781419148401955e+00
3.179638978108365599e+00
3.179489876144735216e+00
3.179334108399498593e+00
3.179171669573006120e+00
3.179002554660033120e+00
3.178826757772079681e+00
3.178644273756709104e+00
3.178455095989358270e+00
3.178259218287103671e+00
3.178056635055869883e+00
3.177847338935032795e+00
3.177631323447242639e+00
3.177408581231874418e+00
3.177179105517154323e+00
3.176942887764757639e+00
3.176699921791759085e+00
3.176450198765409905e+00
3.176193710736235243e+00
3.175930448871485900e+00
3.175660405516111950e+00
3.175383571248514336e+00
3.175099936941518042e+00
3.174809494056799242e+00
3.174512233172757991e+00
3.174208143690095074e+00
3.173897216481635919e+00
3.173579441536931611e+00
3.173254807962257118e+00
3.288344050203730884e+00
3.288340512540352201e+00
3.288329899697429060e+00
3.288312211086111603e+00
3.288287446264761993e+00
3.288255604350104999e+00
3.288216684753291652e+00
3.288170685854983510e+00
3.288117606330268838e+00
3.288057444559810083e+00
3.287990198482632298e+00
3.287915866184973002e+00
3.287834445311432319e+00
3.287745933064973425e+00
3.287650327237408021e+00
3.287547624295636961e+00
3.287437821295410512e+00
3.287320914850841103e+00
3.287196900987191306e+00
3.287065776318573995e+00
3.286927536281402329e+00
3.286782176753725970e+00
3.286629693319170542e+00
3.286470081119723385e+00
3.286303334855735336e+00
3.286129449963619109e+00
3.285948420554874794e+00
3.285760240888215389e+00
3.285564905516778378e+00
3.285362408257639810e+00
3.285152742339024545e+00
3.284935901872433117e+00
3.284711879497240528e+00
3.284480669030522826e+00
3.284242262228380227e+00
3.283996652907887892e+00
3.283743831941871694e+00
3.283483792852981864e+00
3.283216526808469204e+00
3.282942026153283344e+00
3.282660281465825669e+00
3.282371284207771467e+00
3.282075026135220952e+00
3.281771496943299837e+00
3.281460688682534155e+00
3.281142590459198427e+00
3.280817192557269557e+00
3.280484485849572085e+00
3.280144458559107079e+00
3.279797101558699968e+00
3.397733597818352269e+00
3.397729814015688632e+00
3.397718462460483924e+00
3.397699542563889175e+00
3.397673054178691032e+00
3.397638996274402690e+00
3.397597367820536896e+00
3.397548167786605511e+00
3.397491394847696355e+00
3.397427046648409998e+00
3.397355122011045836e+00
3.397275618138567044e+00
3.397188533264423604e+00
3.397093864297153321e+00
3.396991609175780802e+00
3.396881764219993993e+00
3.396764326191118677e+00
3.396639291850478859e+00
3.396506657664976281e+00
3.396366419071022325e+00
3.396218572682730308e+00
3.396063113789300481e+00
3.395900037532720628e+00
3.395729339496616372e+00
3.395551014234124754e+00
3.395365056887234001e+00
3.395171462009081598e+00
3.394970223269531129e+00
3.394761335221720078e+00
3.394544791829935626e+00
3.394320586322404409e+00
3.394088712221775772e+00
3.393849162756275462e+00
3.393601930565279368e+00
3.393347009171437278e+00
3.393084389447574623e+00
3.392814065799617307e+00
3.392536028805965831e+00
3.392250270517144894e+00
3.391956782394831116e+00
3.391655556195123822e+00
3.391346582790849773e+00
3.391029853643683367e+00
3.390705358743175690e+00
3.390373088962152615e+00
3.390033034290164338e+00
3.389685184716761057e+00
3.389329530820344161e+00
3.388966061118338757e+00
3.388594765600295933e+00
3.510860947579324876e+00
3.510856899971876111e+00
3.510844757002318683e+00
3.510824518523439242e+00
3.510796184240812856e+00
3.510759752829527347e+00
3.510715223406307484e+00
3.510662594793453550e+00
3.510601865371628438e+00
3.510533033963131544e+00
3.510456097918138507e+00
3.510371055175674382e+00
3.510277903969189151e+00
3.510176641060008151e+00
3.510067263945519045e+00
3.509949769387046725e+00
3.509824154293128995e+00
3.509690414689028870e+00
3.509548547483283709e+00
3.509398548259519135e+00
3.509240412601359882e+00
3.509074136828494339e+00
3.508899715641272010e+00
3.508717144181681125e+00
3.508526417591709912e+00
3.508327530718920340e+00
3.508120477380388014e+00
3.507905252570888699e+00
3.507681849077009861e+00
3.507450262040739286e+00
3.507210484395877792e+00
3.506962509076225309e+00
3.506706329604432515e+00
3.506441938619874410e+00
3.506169328761927328e+00
3.505888492669965828e+00
3.505599422394515940e+00
3.505302109397252508e+00
3.504996545728702007e+00
3.504682723439389136e+00
3.504360632813289467e+00
3.504030265606503658e+00
3.503691612397432653e+00
3.503344663175626206e+00
3.502989408813910632e+00
3.502625839890686432e+00
3.502253945512228572e+00
3.501873715668088138e+00
3.501485140053390843e+00
3.501088207479987169e+00
3.626829231379011809e+00
3.626824904509467373e+00
3.626811923311984209e+00
3.626790287639349852e+00
3.626759996902714001e+00
3.626721050660439705e+00
3.626673447145976503e+00
3.626617185770474538e+00
3.626552264767384681e+00
3.626478682517368490e+00
3.626396436812238999e+00
3.626305525738234170e+00
3.626205946939953684e+00
3.626097697620360272e+00
3.625980774982416666e+00
3.625855175787448204e+00
3.625720897238417173e+00
3.625577935360586590e+00
3.625426286179219471e+00
3.625265946161215780e+00
3.625096910890200252e+00
3.624919175949798955e+00
3.624732736481999229e+00
3.624537587628788859e+00
3.624333724679368096e+00
3.624121141598025009e+00
3.623899833232322454e+00
3.623669793988185450e+00
3.623431016799414817e+00
3.623183496366360501e+00
3.622927225917248251e+00
3.622662198385877996e+00
3.622388407294900414e+00
3.622105845283690950e+00
3.621814504402775192e+00
3.621514377585953071e+00
3.621205456883750617e+00
3.620887734052268048e+00
3.620561200847606020e+00
3.620225849025864751e+00
3.619881668871019809e+00
3.619528652433597227e+00
3.619166789408721829e+00
3.618796070963644862e+00
3.618416487676766380e+00
3.618028028654361794e+00
3.617630684769257421e+00
3.617224444833303743e+00
3.616809298247200655e+00
3.616385235000499687e+00
3.745208725208784895e+00
3.745204103619832914e+00
3.745190239000189436e+00
3.745167130613791695e+00
3.745134778166215206e+00
3.745093181068609667e+00
3.745042337996062898e+00
3.744982247918087648e+00
3.744912908773708082e+00
3.744834319679650303e+00
3.744746478133301526e+00
3.744649382220899270e+00
3.744543029587044103e+00
3.744427417287485405e+00
3.744302543114036652e+00
3.744168403239172882e+00
3.744024994865855938e+00
3.743872314313774652e+00
3.743710357755403617e+00
3.743539121510430778e+00
3.743358601162481758e+00
3.743168792147968382e+00
3.742969690050516718e+00
3.742761289864901642e+00
3.742543586585898474e+00
3.742316574619432679e+00
3.742080248813067112e+00
3.741834602983876934e+00
3.741579631243363124e+00
3.741315327408599956e+00
3.741041684707813619e+00
3.740758696958079277e+00
3.740466356798772374e+00
3.740164657163693285e+00
3.739853590986642828e+00
3.739533150023720776e+00
3.739203326914303016e+00
3.738864113708914694e+00
3.738515501280381681e+00
3.738157482562504352e+00
3.737790047544833349e+00
3.737413187100194101e+00
3.737026893279111750e+00
3.736631155776712454e+00
3.736225964876971783e+00
3.735811311452714722e+00
3.735387184021367268e+00
3.734953573750180222e+00
3.734510469156578694e+00
3.734057859641263466e+00
3.867534328773866381e+00
3.867529392297395230e+00
3.867514582279132807e+00
3.867489899013503152e+00
3.867455341470019459e+00
3.867410909059831425e+00
3.867356600605239336e+00
3.867292415075755940e+00
3.867218350704830776e+00
3.867134406167551663e+00
3.867040579108519172e+00
3.866936867761182395e+00
3.866823269622930326e+00
3.866699782043936828e+00
3.866566402374377986e+00
3.866423127375578694e+00
3.866269953808863846e+00
3.866106877993921387e+00
3.865933896692076654e+00
3.865751005634167292e+00
3.865558200551030943e+00
3.865355476879080765e+00
3.865142830643578886e+00
3.864920256397663678e+00
3.864687749430534947e+00
3.864445304000905690e+00
3.864192915250764138e+00
3.863930576702760078e+00
3.863658282468394045e+00
3.863376026953591502e+00
3.863083803092152824e+00
3.862781604406728242e+00
3.862469424419968433e+00
3.862147254593548240e+00
3.861815089333394013e+00
3.861472920395605524e+00
3.861120739830708359e+00
3.860758539689228108e+00
3.860386311727264985e+00
3.860004047406494720e+00
3.859611738188593044e+00
3.859209374946384941e+00
3.858796948847121211e+00
3.858374450174777870e+00
3.857941869213329600e+00
3.857499197130027646e+00
3.857046422736722491e+00
3.856583536022964775e+00
3.856110526683879769e+00
3.855627383825743326e+00
3.992691418279970872e+00
3.992686148808844759e+00
3.992670340395465978e+00
3.992643992598197134e+00
3.992607104828188813e+00
3.992559676349377806e+00
3.992501706278489326e+00
3.992433193290611193e+00
3.992354135766406298e+00
3.992264532380961572e+00
3.992164381073302071e+00
3.992053679635241270e+00
3.991932426300228709e+00
3.991800617682376817e+00
3.991658251279073699e+00
3.991505324440494107e+00
3.991341833633538894e+00
3.991167775619532954e+00
3.990983146423738859e+00
3.990787942807481503e+00
3.990582159765537096e+00
3.990365793470379785e+00
3.990138839505635637e+00
3.989901292718867065e+00
3.989653148546487227e+00
3.989394401394421141e+00
3.989125045963019200e+00
3.988845076658206423e+00
3.988554487444271324e+00
3.988253272432713548e+00
3.987941424851758843e+00
3.987618939107332672e+00
3.987285807544385552e+00
3.986942022802292485e+00
3.986587579286978933e+00
3.986222467871270325e+00
3.985846681783392409e+00
3.985460213073870772e+00
3.985063053498805630e+00
3.984655195108722125e+00
3.984236628482021203e+00
3.983807345374803521e+00
3.983367336954318993e+00
3.982916593504544078e+00
3.982455106781578102e+00
3.981982865891697809e+00
3.981499861413303254e+00
3.981006083041520149e+00
3.980501520765899137e+00
3.979986163692715184e+00
4.120383037425702000e+00
4.120377417441633661e+00
4.120360557636642440e+00
4.120332457421876704e+00
4.120293116208488371e+00
4.120242533554838715e+00
4.120180708136015113e+00
4.120107639215956574e+00
4.120023325322536678e+00
4.119927764394781811e+00
4.119820954960565551e+00
4.119702895106127194e+00
4.119573582181639715e+00
4.119433013978918368e+00
4.119281187848136128e+00
4.119118100845044594e+00
4.118943749878180682e+00
4.118758131561657265e+00
4.118561242362375197e+00
4.118353078600021533e+00
4.118133636299858402e+00
4.117902911339936800e+00
4.117660899156669885e+00
4.117407595186469926e+00
4.117142994718536286e+00
4.116867092600434042e+00
4.116579883532510920e+00
4.116281362803969834e+00
4.115971523495820961e+00
4.115650360308417355e+00
4.115317867353256887e+00
4.114974037858566192e+00
4.114618865641420875e+00
4.114252344224470725e+00
4.113874465658241775e+00
4.113485224054233669e+00
4.113084610874122582e+00
4.112672619051708445e+00
4.112249240343091472e+00
4.111814467682072483e+00
4.111368291647052864e+00
4.110910704582981801e+00
4.110441697362685609e+00
4.109961262036689433e+00
4.109469388005693169e+00
4.108966066731373878e+00
4.108451288497706244e+00
4.107925044177515694e+00
4.107387322877078084e+00
4.106838114880368984e+00
4.252214505158709912e+00
4.252208510960488574e+00
4.252190527924188501e+00
4.252160555902596784e+00
4.252118594454075584e+00
4.252064642548137208e+00
4.251998699595931797e+00
4.251920764419760523e+00
4.251830835400284947e+00
4.251728911359805352e+00
4.251614990531772165e+00
4.251489070266360137e+00
4.251351149533082463e+00
4.251201225240475168e+00
4.251039294444290739e+00
4.250865355083552011e+00
4.250679404066798561e+00
4.250481438008142376e+00
4.250271453521695442e+00
4.250049447074359499e+00
4.249815414691395787e+00
4.249569352398068212e+00
4.249311256219638011e+00
4.249041121150882283e+00
4.248758943217062267e+00
4.248464717265742152e+00
4.248158438291696370e+00
4.247840100995275314e+00
4.247509699635191538e+00
4.247167229206220362e+00
4.246812683231013352e+00
4.246446055821069265e+00
4.246067340793464595e+00
4.245676531376424201e+00
4.245273621387023688e+00
4.244858602875788200e+00
4.244431470248643201e+00
4.243992214378414118e+00
4.243540829376602375e+00
4.243077306999306408e+00
4.242601638708204170e+00
4.242113816848243957e+00
4.241613832881101942e+00
4.241101678562879229e+00
4.240577345060826175e+00
4.240040823247767321e+00
4.239492103702104941e+00
4.238931177296662689e+00
4.238358034904267768e+00
4.237772665925619187e+00
4.386824995245089731e+00
4.386818606370179729e+00
4.386799440187086674e+00
4.386767495959748686e+00
4.386722773393740837e+00
4.386665271900212382e+00
4.386594990595888532e+00
4.386511928155857554e+00
4.386416083402418842e+00
4.386307455157872681e+00
4.386186041508457478e+00
4.386051840393196954e+00
4.385904850487179374e+00
4.385745068993367468e+00
4.385572493556360918e+00
4.385387121673548272e+00
4.385188950400679353e+00
4.384977976940716005e+00
4.384754197907771989e+00
4.384517610063171311e+00
4.384268209726603693e+00
4.384005992776117466e+00
4.383730955825825504e+00
4.383443094459353873e+00
4.383142404113115731e+00
4.382828880517947390e+00
4.382502518963049987e+00
4.382163314001561893e+00
4.381811260922681583e+00
4.381446354426761225e+00
4.381068588625300464e+00
4.380677958513074621e+00
4.380274457318308556e+00
4.379858079446928620e+00
4.379428818127159673e+00
4.378986667470501359e+00
4.378531620410755387e+00
4.378063669881721687e+00
4.377582809406050934e+00
4.377089031328692315e+00
4.376582327994597676e+00
4.376062692043142022e+00
4.375530115230425565e+00
4.374984589901399268e+00
4.374426108401013202e+00
4.373854660424392193e+00
4.373270239199763765e+00
4.372672835011100823e+00
4.372062438731231460e+00
4.371439041821830074e+00
4.524088874925425330e+00
4.524082071500139968e+00
4.524061660488220227e+00
4.524027642331304833e+00
4.523980016146118110e+00
4.523918781491023111e+00
4.523843937335531251e+00
4.523755482943580652e+00
4.523653417431897417e+00
4.523537738592293245e+00
4.523408445835917391e+00
4.523265536807371312e+00
4.523109010181742384e+00
4.522938863750842309e+00
4.522755095159272543e+00
4.522557702198844787e+00
4.522346682219734681e+00
4.522122032277692050e+00
4.521883749870104552e+00
4.521631831611085062e+00
4.521366274409170494e+00
4.521087074584050569e+00
4.520794228897048406e+00
4.520487733079002979e+00
4.520167583744026274e+00
4.519833776034105632e+00
4.519486305974505846e+00
4.519125169296062339e+00
4.518750361287977135e+00
4.518361876356173923e+00
4.517959710084279656e+00
4.517543857467067880e+00
4.517114312321615976e+00
4.516671069937122418e+00
4.516214124425088627e+00
4.515743469602589322e+00
4.515259098992276066e+00
4.514761006411222688e+00
4.514249186854204510e+00
4.513723631782898593e+00
4.513184335308804584e+00
4.512631290660146455e+00
4.512064490181876941e+00
4.511483926513370157e+00
4.510889592588426922e+00
4.510281480457571490e+00
4.509659582171331671e+00
4.509023889485805903e+00
4.508374395040370963e+00
4.507711089413426464e+00
4.665665723463474635e+00
4.665658477370228319e+00
4.665636739384911635e+00
4.665600509213102320e+00
4.665549786413160760e+00
4.665484570249025076e+00
4.665404860131846299e+00
4.665310655178347865e+00
4.665201954505256765e+00
4.665078756934871507e+00
4.664941060847854537e+00
4.664788864919295008e+00
4.664622167382641571e+00
4.664440966471344652e+00
4.664245260418854677e+00
4.664035046428134379e+00
4.663810322879846204e+00
4.663571086976951996e+00
4.663317336658478141e+00
4.663049068244111695e+00
4.662766279231241207e+00
4.662468966675615611e+00
4.662157127338560691e+00
4.661830757392551483e+00
4.661489853451699972e+00
4.661134412130120808e+00
4.660764429158650302e+00
4.660379900709763490e+00
4.659980822367086439e+00
4.659567189419819400e+00
4.659138998334862336e+00
4.658696243812564752e+00
4.658238920847703746e+00
4.657767025023902718e+00
4.657280550747088022e+00
4.656779492423185118e+00
4.656263845635818299e+00
4.655733603613214200e+00
4.655188761055722324e+00
4.654629311485993348e+00
4.654055249898802593e+00
4.653466569522374918e+00
4.652863263584936071e+00
4.652245325314711799e+00
4.651612748823202637e+00
4.650965526749782697e+00
4.650303652028253687e+00
4.649627117592415537e+00
4.648935915492794280e+00
4.648230038957614774e+00
4.809919521924225450e+00
4.809911811228356093e+00
4.809888678846322208e+00
4.809850125219762518e+00
4.809796149023762624e+00
4.809726750699962139e+00
4.809641929217872480e+00
4.809541683988643790e+00
4.809426013981789261e+00
4.809294918166820310e+00
4.809148395513250129e+00
4.808986444843379005e+00
4.808809064537868494e+00
4.808616253124594841e+00
4.808408008837008474e+00
4.808184330350195879e+00
4.807945215014332696e+00
4.807690661357293394e+00
4.807420666434829570e+00
4.807135228627602785e+00
4.806834345138574882e+00
4.806518013465135297e+00
4.806186230515820945e+00
4.805838993788019486e+00
4.805476300190267835e+00
4.805098146483892663e+00
4.804704529283005066e+00
4.804295445496144623e+00
4.803870891148572575e+00
4.803430862707188886e+00
4.802975356638895299e+00
4.802504368527316103e+00
4.802017894544926335e+00
4.801515930275352062e+00
4.800998471302217574e+00
4.800465513797997907e+00
4.799917052168620302e+00
4.799353081997708159e+00
4.798773599163312475e+00
4.798178597776932897e+00
4.797568072833346520e+00
4.796942018738476143e+00
4.796300430192673936e+00
4.795643302190714330e+00
4.794970628549673819e+00
4.794282403381051161e+00
4.793578621090772707e+00
4.792859274907063316e+00
4.792124359530274269e+00
4.791373867599779679e+00
4.956936724965145480e+00
4.956928526112655220e+00
4.956903929260757735e+00
4.956862934556666822e+00
4.956805541558744643e+00
4.956731749825353361e+00
4.956641559209280956e+00
4.956534968680038844e+00
4.956411977943203873e+00
4.956272586115500367e+00
4.956116792460865561e+00
4.955944595654386831e+00
4.955755994812789389e+00
4.955550988758374409e+00
4.955329576460652419e+00
4.955091756005862713e+00
4.954837526216304688e+00
4.954566885619853700e+00
4.954279832302747266e+00
4.953976364056797088e+00
4.953656479998730156e+00
4.953320177331507423e+00
4.952967453994155278e+00
4.952598308220122370e+00
4.952212737359585226e+00
4.951810739057142641e+00
4.951392310810184050e+00
4.950957449821670409e+00
4.950506153736203174e+00
4.950038419315106353e+00
4.949554243908556472e+00
4.949053624277876651e+00
4.948536557773244304e+00
4.948003039978283724e+00
4.947453068832019518e+00
4.946886640506927613e+00
4.946303751175483043e+00
4.945704397599011592e+00
4.945088575361136662e+00
4.944456281223185812e+00
4.943807510768782443e+00
4.943142260170403368e+00
4.942460525894947665e+00
4.941762302642765725e+00
4.941047586291907656e+00
4.940316372425999525e+00
4.939568656628665622e+00
4.938804434483532901e+00
4.938023700396524163e+00
4.937226450245692178e+00
5.108412321164951919e+00
5.108403602505154240e+00
5.108377446378549180e+00
5.108333852637924721e+00
5.108272821430491994e+00
5.108194352167402030e+00
5.108098444554229900e+00
5.107985098443762695e+00
5.107854313099937649e+00
5.107706088228330721e+00
5.107540423092879145e+00
5.107357316957519267e+00
5.107156769380615913e+00
5.106938779184466703e+00
5.106703345780223557e+00
5.106450468284610800e+00
5.106180145078290877e+00
5.105892375866838861e+00
5.105587158883705179e+00
5.105264493245615043e+00
5.104924377333230012e+00
5.104566810410488209e+00
5.104191790269203111e+00
5.103799316026098154e+00
5.103389385620199725e+00
5.102961997284957363e+00
5.102517150137096280e+00
5.102054841674004138e+00
5.101575069981919341e+00
5.101077833588715471e+00
5.100563130138993095e+00
5.100030957571777712e+00
5.099481313826093931e+00
5.098914197429817996e+00
5.098329604849848984e+00
5.097727534319637321e+00
5.097107983189358649e+00
5.096470949398037575e+00
5.095816429706998996e+00
5.095144422644118265e+00
5.094454924087446379e+00
5.093747932270431988e+00
5.093023443659976834e+00
5.092281455606254781e+00
5.091521965753867285e+00
5.090744969686437749e+00
5.089950466226268233e+00
5.089138450368133171e+00
5.088308919462207314e+00
5.087461869975391515e+00
5.262400311250917007e+00
5.262391048199327237e+00
5.262363259338981081e+00
5.262316944669879426e+00
5.262252103750384435e+00
5.262168736580496109e+00
5.262066843601852284e+00
5.261946423783965265e+00
5.261807477568472891e+00
5.261650004366524414e+00
5.261474004325332743e+00
5.261279476856048021e+00
5.261066421664245318e+00
5.260834838749924636e+00
5.260584727377024095e+00
5.260316087398329010e+00
5.260028918224992189e+00
5.259723219857011856e+00
5.259398991263901202e+00
5.259056232004022391e+00
5.258694941782950494e+00
5.258315120306261470e+00
5.257916766249041807e+00
5.257499879905716433e+00
5.257064459656948685e+00
5.256610505502737674e+00
5.256138016707022409e+00
5.255646992386526328e+00
5.255137431657975533e+00
5.254609334226944206e+00
5.254062698915733520e+00
5.253497525135492729e+00
5.252913811119671372e+00
5.252311557457121083e+00
5.251690762086865583e+00
5.251051424420055014e+00
5.250393543867840407e+00
5.249717118369246371e+00
5.249022147924272019e+00
5.248308631355218523e+00
5.247576566601110493e+00
5.246825954250797786e+00
5.246056791654456042e+00
5.245269078517660333e+00
5.244462812779435268e+00
5.243637993850931878e+00
5.242794620260023741e+00
5.241932690534586214e+00
5.241052204085770327e+00
5.240153159147025619e+00
5.419242066416339654e+00
5.419232232327495069e+00
5.419202730797024969e+00
5.419153560941654568e+00
5.419084723497445744e+00
5.418996218169973567e+00
5.418888045400875875e+00
5.418760205190152668e+00
5.418612697537803058e+00
5.418445522738252862e+00
5.418258680791501192e+00
5.418052172286399681e+00
5.417825997222947443e+00
5.417580156042781425e+00
5.417314648598689608e+00
5.417029475626733870e+00
5.416724637274128007e+00
5.416400134129720989e+00
5.416055966193512816e+00
5.415692134054354234e+00
5.415308638301094213e+00
5.414905479080945661e+00
5.414482656982758435e+00
5.414040172742595303e+00
5.413578026213244243e+00
5.413096218719616104e+00
5.412594750261712662e+00
5.412073621575594906e+00
5.411532833838963441e+00
5.410972386462968409e+00
5.410392281214159382e+00
5.409792518092536362e+00
5.409173098275799951e+00
5.408534022058374191e+00
5.407875290323533868e+00
5.407196904248980474e+00
5.406498863834713120e+00
5.405781170552856452e+00
5.405043824992260326e+00
5.404286828330624459e+00
5.403510180273525698e+00
5.402713883470786627e+00
5.401897937627983204e+00
5.401062343922816034e+00
5.400207103532983943e+00
5.399332217341761719e+00
5.398437685938000996e+00
5.397523511382674499e+00
5.396589694264633863e+00
5.395636235467153874e+00
5.580650864625430252e+00
5.580640423873909128e+00
5.580609101619346646e+00
5.580556897567317876e+00
5.580483812601097604e+00
5.580389846573472923e+00
5.580274999778869649e+00
5.580139272806136752e+00
5.579982666096912070e+00
5.579805180240046347e+00
5.579606815971600575e+00
5.579387573880426388e+00
5.579147454555371866e+00
5.578886459174138501e+00
5.578604588914426010e+00
5.578301844512296270e+00
5.577978226703812048e+00
5.577633737549947845e+00
5.577268377492341500e+00
5.576882148003117656e+00
5.576475050996039684e+00
5.576047087501593502e+00
5.575598259286330460e+00
5.575128567969587223e+00
5.574638015023488435e+00
5.574126602656221507e+00
5.573594332634336901e+00
5.573041206429959260e+00
5.572467226398488904e+00
5.571872394895324376e+00
5.571256713687017026e+00
5.570620185128966284e+00
5.569962812165421440e+00
5.569284595974082208e+00
5.568585539793624584e+00
5.567865646568297855e+00
5.567124918064651595e+00
5.566363357226935982e+00
5.565580967293826120e+00
5.564777750326295624e+00
5.563953710151870347e+00
5.563108849125950606e+00
5.562243170781634660e+00
5.561356678652023433e+00
5.560449374209241569e+00
5.559521263047364492e+00
5.558572347227365817e+00
5.557602629987920650e+00
5.556612115450978884e+00
5.555600807444065481e+00
5.744341855101164462e+00
5.744330781188718760e+00
5.744297559009743814e+00
5.744242189153089484e+00
5.744164671913180698e+00
5.744065007731655292e+00
5.743943197491788055e+00
5.743799241488003915e+00
5.743633140898002587e+00
5.743444897046696695e+00
5.743234510817361915e+00
5.743001983387697074e+00
5.742747316671464652e+00
5.742470512288002205e+00
5.742171572003860192e+00
5.741850497438376166e+00
5.741507290946948672e+00
5.741141954590553986e+00
5.740754491019015582e+00
5.740344902440521757e+00
5.739913191357684852e+00
5.739459360861967063e+00
5.738983413897618568e+00
5.738485353408887768e+00
5.737965182340026615e+00
5.737422904518557409e+00
5.736858523330369941e+00
5.736272042308562469e+00
5.735663465280660844e+00
5.735032795779763326e+00
5.734380038516670552e+00
5.733705197613332416e+00
5.733008276897273880e+00
5.732289281373718737e+00
5.731548216047892552e+00
5.730785084452894473e+00
5.729999892771649783e+00
5.729192644537257628e+00
5.728363347404768824e+00
5.727512004318430883e+00
5.726638622050020722e+00
5.725743205604761243e+00
5.724825762048853406e+00
5.723886294915396356e+00
5.722924813037140623e+00
5.721941320241608508e+00
5.720935824478276643e+00
5.719908331930069423e+00
5.718858848779911241e+00
5.717787382094001281e+00
5.910955543788684707e+00
5.910943806095115605e+00
5.910908594044895992e+00
5.910849907343600051e+00
5.910767746874502571e+00
5.910662113226455183e+00
5.910533007429943808e+00
5.910380430957093090e+00
5.910204384543967571e+00
5.910004870840389835e+00
5.909781890876848465e+00
5.909535447155955801e+00
5.909265542180323294e+00
5.908972178158139243e+00
5.908655357886440918e+00
5.908315084456690514e+00
5.907951360960350229e+00
5.907564191224945027e+00
5.907153578194724197e+00
5.906719526433275469e+00
5.906262039620910897e+00
5.905781122174006192e+00
5.905276778656146419e+00
5.904749014072558921e+00
5.904197833134040785e+00
5.903623240845819353e+00
5.903025242801966499e+00
5.902403844890984352e+00
5.901759053001371491e+00
5.901090872579989544e+00
5.900399310693039467e+00
5.899684373523444769e+00
5.898946067842980590e+00
5.898184400717846110e+00
5.897399378919816471e+00
5.896591010398365640e+00
5.895759302514118616e+00
5.894904263510974296e+00
5.894025901043983495e+00
5.893124223651469151e+00
5.892199239577331937e+00
5.891250957654320608e+00
5.890279387009609735e+00
5.889284537064798819e+00
5.888266416652638391e+00
5.887225035783576033e+00
5.886160403879212133e+00
5.885072531833271725e+00
5.883961429067352533e+00
5.882827106769605408e+00
6.082198531093595761e+00
6.082186090018743663e+00
6.082148766941397611e+00
6.082086562155985199e+00
6.081999476692991458e+00
6.081887511435692062e+00
6.081750667856213433e+00
6.081588947279465529e+00
6.081402352502487396e+00
6.081190884850191658e+00
6.080954547561251644e+00
6.080693342991067674e+00
6.080407274967165598e+00
6.080096346433793819e+00
6.079760561365691096e+00
6.079399923884805546e+00
6.079014438407513765e+00
6.078604109644613729e+00
6.078168942454118095e+00
6.077708942282890270e+00
6.077224115019427941e+00
6.076714466110594515e+00
6.076180002180952222e+00
6.075620729413425458e+00
6.075036654432575567e+00
6.074427785335091201e+00
6.073794128598319908e+00
6.073135692171738320e+00
6.072452484593669375e+00
6.071744513813587929e+00
6.071011788369818696e+00
6.070254317683962064e+00
6.069472110588765901e+00
6.068665176505830594e+00
6.067833525740029543e+00
6.066977168301813883e+00
6.066096115084905982e+00
6.065190376099756975e+00
6.064259962534515047e+00
6.063304886166180019e+00
6.062325159066176639e+00
6.061320791833803234e+00
6.060291798307034128e+00
6.059238190262869139e+00
6.058159980656007804e+00
6.057057183029998626e+00
6.055929810633966071e+00
6.054777877305883571e+00
6.053601396883727226e+00
6.052400384088744367e+00
6.255429096808915901e+00
6.255415924087981416e+00
6.255376406514028709e+00
6.255310544087056002e+00
6.255218338426402624e+00
6.255099790856980313e+00
6.254954902850913712e+00
6.254783676910815160e+00
6.254586115686509906e+00
6.254362221827822310e+00
6.254111999162277336e+00
6.253835451664612854e+00
6.253532583162352942e+00
6.253203398513510258e+00
6.252847902723308593e+00
6.252466101091398443e+00
6.252057999653492182e+00
6.251623604739726225e+00
6.251162922974662806e+00
6.250675961277289971e+00
6.250162727302655874e+00
6.249623228558598420e+00
6.249057473877866364e+00
6.248465471651573289e+00
6.247847231006891100e+00
6.247202761365421964e+00
6.246532072590401441e+00
6.245835175428340769e+00
6.245112080036903102e+00
6.244362797604237514e+00
6.243587339907342049e+00
6.242785718428793373e+00
6.241957946123288359e+00
6.241104035651102500e+00
6.240223999083660544e+00
6.239317851142210714e+00
6.238385605664726441e+00
6.237427275900333967e+00
6.236442878336831086e+00
6.235432426517767190e+00
6.234395936930940962e+00
6.233333425475302114e+00
6.232244907755374541e+00
6.231130401142231712e+00
6.229989923006947983e+00
6.228823490426172782e+00
6.227631121654254365e+00
6.226412835239966803e+00
6.225168649437659241e+00
6.223898583679380536e+00
6.431627591773974473e+00
6.431613653695298360e+00
6.431571840342543034e+00
6.431502152157346330e+00
6.431404590906259600e+00
6.431279157619768760e+00
6.431125855094911969e+00
6.430944686423150536e+00
6.430735654548735525e+00
6.430498763593615941e+00
6.430234017974166605e+00
6.429941422548399288e+00
6.429620982615964486e+00
6.429272704654212411e+00
6.428896594698853661e+00
6.428492659816088306e+00
6.428060907955391201e+00
6.427601346771812274e+00
6.427113984950887371e+00
6.426598831619791952e+00
6.426055896200124629e+00
6.425485189143972597e+00
6.424886721050635963e+00
6.424260502961050889e+00
6.423606546505004289e+00
6.422924864342770768e+00
6.422215468692986207e+00
6.421478372951987978e+00
6.420713591104962426e+00
6.419921137137096778e+00
6.419101026064064186e+00
6.418253273195964503e+00
6.417377894726172372e+00
6.416474906553635726e+00
6.415544325755003996e+00
6.414586169406925720e+00
6.413600456058175858e+00
6.412587203668676850e+00
6.411546431376053512e+00
6.410478159201205450e+00
6.409382406281754818e+00
6.408259193816301824e+00
6.407108542414594154e+00
6.405930474158505916e+00
6.404725010246635541e+00
6.403492174527407599e+00
6.402231988788270378e+00
6.400944478055346387e+00
6.399629665588211225e+00
6.398287576707411439e+00
6.612461391773281960e+00
6.612446644025903097e+00
6.612402401225404347e+00
6.612328664255059607e+00
6.612225434734207319e+00
6.612092714871034005e+00
6.611930507609790730e+00
6.611738816336363733e+00
6.611517645467127835e+00
6.611266999712883674e+00
6.610986884520491991e+00
6.610677305778453139e+00
6.610338270552967188e+00
6.609969786057445340e+00
6.609571860241362451e+00
6.609144501937469052e+00
6.608687720420149958e+00
6.608201525405431376e+00
6.607685928081462379e+00
6.607140938605904346e+00
6.606566569786243903e+00
6.605962833841117821e+00
6.605329744019651450e+00
6.604667313865392408e+00
6.603975557952378672e+00
6.603254491443496299e+00
6.602504129796056276e+00
6.601724489350646152e+00
6.600915587919977234e+00
6.600077442139060224e+00
6.599210070556669194e+00
6.598313492310428963e+00
6.597387726832387500e+00
6.596432794732294269e+00
6.595448716031047987e+00
6.594435512810520983e+00
6.593393207152589142e+00
6.592321821727973763e+00
6.591221380090675375e+00
6.590091906089116769e+00
6.588933424454997301e+00
6.587745960803288447e+00
6.586529540454541198e+00
6.585284190495852563e+00
6.584009938603170298e+00
6.582706812158019893e+00
6.581374839425197187e+00
6.580014050141627102e+00
6.578624474338657713e+00
6.577206141753211277e+00
6.794924193382566813e+00
6.794908606965624820e+00
6.794861848009224659e+00
6.794783917985490085e+00
6.794674818660971560e+00
6.794534552832707242e+00
6.794363124033796275e+00
6.794160536533399686e+00
6.793926795483956838e+00
6.793661906773965420e+00
6.793365877469626390e+00
6.793038714342714002e+00
6.792680426078765876e+00
6.792291021952166830e+00
6.791870511237306118e+00
6.791418905269543949e+00
6.790936214795393333e+00
6.790422452327915970e+00
6.789877630969022526e+00
6.789301764262263283e+00
6.788694866928887350e+00
6.788056954426204825e+00
6.787388042505954289e+00
6.786688148539208321e+00
6.785957289749829258e+00
6.785195485275441030e+00
6.784402753959240862e+00
6.783579115969342155e+00
6.782724592504343342e+00
6.781839204468417037e+00
6.780922975121137064e+00
6.779975927133228275e+00
6.778998084941962432e+00
6.777989472690189920e+00
6.776950117170583709e+00
6.775880043703691236e+00
6.774779279671037102e+00
6.773647853042993106e+00
6.772485792967635199e+00
6.771293128298609076e+00
6.770069889950538489e+00
6.768816109132473002e+00
6.767531816464609662e+00
6.766217046394671364e+00
6.764871831603831431e+00
6.763496205656537086e+00
6.762090205061488390e+00
6.760653864266405577e+00
6.759187220663263496e+00
6.757690311644033443e+00
6.980369398026522454e+00
6.980352935842470075e+00
6.980303549584736977e+00
6.980221240725448695e+00
6.980106011767217566e+00
6.979957865948718698e+00
6.979776807686326023e+00
6.979562841985264221e+00
6.979315975175671483e+00
6.979036214618171918e+00
6.978723568262239496e+00
6.978378044940623859e+00
6.977999654663775253e+00
6.977588408767053885e+00
6.977144319027460462e+00
6.976667398105269591e+00
6.976157660280091655e+00
6.975615119684325904e+00
6.975039792511346981e+00
6.974431695543379384e+00
6.973790846004283672e+00
6.973117262737258848e+00
6.972410965174353770e+00
6.971671974366954849e+00
6.970900310777598641e+00
6.970095997371433150e+00
6.969259057702457127e+00
6.968389515766307163e+00
6.967487396883532469e+00
6.966552727405166401e+00
6.965585533976672572e+00
6.964585845746122494e+00
6.963553690978315558e+00
6.962489099410174909e+00
6.961392103134023124e+00
6.960262733947757852e+00
6.959101023649278517e+00
6.957907006980732945e+00
6.956680718095417326e+00
6.955422193502031725e+00
6.954131469709273539e+00
6.952808584109114065e+00
6.951453575860077727e+00
6.950066483237411497e+00
6.948647348343888197e+00
6.947196211810154232e+00
6.945713116327834058e+00
6.944198105177398439e+00
6.942651222228170660e+00
6.941072513704873437e+00
7.170389185054675707e+00
7.170371798228965865e+00
7.170319638635109349e+00
7.170232707598018784e+00
7.170111008356370164e+00
7.169954544590474654e+00
7.169763321452769844e+00
7.169537344978968108e+00
7.169276622676906463e+00
7.168981162937695828e+00
7.168650975771787337e+00
7.168286071042416552e+00
7.167886461115434038e+00
7.167452158945537555e+00
7.166983178665126353e+00
7.166479535289876246e+00
7.165941245307585028e+00
7.165368326236539076e+00
7.164760796772724483e+00
7.164118676200978975e+00
7.163441985867113004e+00
7.162730747705786882e+00
7.161984984534938370e+00
7.161204720939052137e+00
7.160389981944252469e+00
7.159540794343213221e+00
7.158657185664669242e+00
7.157739184615056871e+00
7.156786821520149111e+00
7.155800126852931875e+00
7.154779132558515720e+00
7.153723872495773684e+00
7.152634380523577917e+00
7.151510692856202667e+00
7.150352845413495473e+00
7.149160876470703307e+00
7.147934824891924777e+00
7.146674730718956425e+00
7.145380634876872250e+00
7.144052580057293156e+00
7.142690608951842712e+00
7.141294766901968849e+00
7.139865098660266973e+00
7.138401652218011151e+00
7.136904474388772179e+00
7.135373614930372810e+00
7.133809124189485651e+00
7.132211052807206464e+00
7.130579453485607289e+00
7.128914380104460768e+00
7.361624757945739894e+00
7.361606417771936250e+00
7.361551397544948472e+00
7.361459699472964857e+00
7.361331326794660512e+00
7.361166284220834299e+00
7.360964577639985684e+00
7.360726214707165482e+00
7.360451203813485499e+00
7.360139554969394204e+00
7.359791279657466490e+00
7.359406390537976073e+00
7.358984901596110184e+00
7.358526828141967790e+00
7.358032186957773391e+00
7.357500995709025382e+00
7.356933274269409573e+00
7.356329042954250497e+00
7.355688323845422261e+00
7.355011140644134748e+00
7.354297517640450366e+00
7.353547480743766407e+00
7.352761057924456445e+00
7.351938277152894941e+00
7.351079169049278939e+00
7.350183764381019280e+00
7.349252096418139146e+00
7.348284199019511576e+00
7.347280107368921342e+00
7.346239858269492551e+00
7.345163489996472173e+00
7.344051041708382854e+00
7.342902553741447846e+00
7.341718068492863125e+00
7.340497629537527935e+00
7.339241281333613642e+00
7.337949070105842964e+00
7.336621042667787584e+00
7.335257248482845327e+00
7.333857737308837166e+00
7.332422560375711384e+00
7.330951770679964064e+00
7.329445421806942029e+00
7.327903569402967499e+00
7.326326270292060627e+00
7.324713582770370657e+00
7.323065565428466428e+00
7.321382279506745583e+00
7.319663787717729519e+00
7.317910151890664849e+00
7.555820712943750905e+00
7.555801378938418189e+00
7.555743377216844081e+00
7.555646710428853829e+00
7.555511382254760377e+00
7.555337398583062303e+00
7.555124765891109817e+00
7.554873493306076604e+00
7.554583590838413798e+00
7.554255069970693626e+00
7.553887944393679277e+00
7.553482228828619860e+00
7.553037939910525189e+00
7.552555095157684306e+00
7.552033714738206172e+00
7.551473819409053156e+00
7.550875431840949226e+00
7.550238576765592846e+00
7.549563279503531454e+00
7.548849567877926603e+00
7.548097470889639560e+00
7.547307018717230420e+00
7.546478243600235558e+00
7.545611179250314215e+00
7.544705860998464964e+00
7.543762325647811018e+00
7.542780611326386442e+00
7.541760758223203354e+00
7.540702807852182055e+00
7.539606803493796860e+00
7.538472789164581300e+00
7.537300811383683907e+00
7.536090918436800123e+00
7.534843158609628944e+00
7.533557583720965845e+00
7.532234246178458825e+00
7.530873199861878753e+00
7.529474499828697986e+00
7.528038203786213245e+00
7.526564370324995146e+00
7.525053060096591473e+00
7.523504334930247950e+00
7.521918257832910015e+00
7.520294894166925204e+00
7.518634310472338100e+00
7.516936574172471630e+00
7.515201755929319383e+00
7.513429926699304318e+00
7.511621160088670202e+00
7.509775528525964639e+00
7.754453499328683996e+00
7.754433119231388005e+00
7.754371979233924073e+00
7.754270082427756172e+00
7.754127433670894298e+00
7.753944038557414764e+00
7.753719905772854304e+00
7.753455045180449368e+00
7.753149468115561049e+00
7.752803188857803285e+00
7.752416222275635427e+00
7.751988585740133608e+00
7.751520298241707074e+00
7.751011380684530216e+00
7.750461855739327888e+00
7.749871747696159829e+00
7.749241082611637133e+00
7.748569888897771207e+00
7.747858196438697220e+00
7.747106036590675870e+00
7.746313443065368176e+00
7.745480451193772709e+00
7.744607098073434948e+00
7.743693422421242367e+00
7.742739465309478319e+00
7.741745269135341445e+00
7.740710878062579070e+00
7.739636338463125931e+00
7.738521698328253429e+00
7.737367007268572294e+00
7.736172316955665984e+00
7.734937681122094233e+00
7.733663154236478654e+00
7.732348794006115966e+00
7.730994659316003492e+00
7.729600809934410677e+00
7.728167309162710552e+00
7.726694221185549161e+00
7.725181611954122118e+00
7.723629549186175502e+00
7.722038102660429892e+00
7.720407343922156329e+00
7.718737346283176315e+00
7.717028184821859149e+00
7.715279936677550410e+00
7.713492680756146136e+00
7.711666497141241194e+00
7.709801467977405842e+00
7.707897678647885442e+00
7.705955213947073723e+00
7.953883258221691399e+00
7.953861803325995794e+00
7.953797439963822491e+00
7.953690171373846596e+00
7.953540002561291899e+00
7.953346940886783401e+00
7.953110996066345528e+00
7.952832179140914448e+00
7.952510504390103208e+00
7.952145986829584068e+00
7.951738644566495928e+00
7.951288497768947749e+00
7.950795568224389598e+00
7.950259880075669194e+00
7.949681459673823447e+00
7.949060334989225041e+00
7.948396536789283928e+00
7.947690097313537372e+00
7.946941051156920288e+00
7.946149435269767913e+00
7.945315288221752148e+00
7.944438650937946100e+00
7.943519566404398269e+00
7.942558079962553919e+00
7.941554238425987400e+00
7.940508090816456921e+00
7.939419689247184664e+00
7.938289086861880506e+00
7.937116339306864887e+00
7.935901503700586446e+00
7.934644640547377392e+00
7.933345811234847389e+00
7.932005079947642479e+00
7.930622512636959165e+00
7.929198177314967566e+00
7.927732144938088865e+00
7.926224486462744245e+00
7.924675277850579569e+00
7.923084594179963247e+00
7.921452515534493699e+00
7.919779121703338198e+00
7.918064495419918636e+00
7.916308722361905303e+00
7.914511888795816574e+00
7.912674083932423663e+00
7.910795400221169338e+00
7.908875928639375275e+00
7.906915766641708920e+00
7.904915011093991417e+00
7.902873760923014856e+00
8.156222045616178917e+00
8.156199473083249885e+00
8.156131756956586543e+00
8.156018900916503611e+00
8.155860910998709912e+00
8.155657795152682965e+00
8.155409564713783865e+00
8.155116233078347321e+00
8.154777815703686983e+00
8.154394330549726178e+00
8.153965798520639296e+00
8.153492242287148528e+00
8.152973687169804862e+00
8.152410161286191226e+00
8.151801694226019634e+00
8.151148319112101248e+00
8.150450070686583004e+00
8.149706986635864681e+00
8.148919106265678280e+00
8.148086472414860282e+00
8.147209129541584716e+00
8.146287124753845532e+00
8.145320507220617401e+00
8.144309329349546545e+00
8.143253645167616739e+00
8.142153511646062825e+00
8.141008987375455419e+00
8.139820134479467839e+00
8.138587017142743463e+00
8.137309701316480570e+00
8.135988255454485341e+00
8.134622751543668429e+00
8.133213263190276265e+00
8.131759866061525344e+00
8.130262638474464509e+00
8.128721661690388345e+00
8.127137018737141005e+00
8.125508795881243529e+00
8.123837080272489075e+00
8.122121963771473219e+00
8.120363538238791534e+00
8.118561899362561007e+00
8.116717145186303384e+00
8.114829375520086430e+00
8.112898693412654794e+00
8.110925203090451063e+00
8.108909013196294424e+00
8.106850232373004062e+00
8.104748973974198023e+00
8.102605351647918397e+00
8.362776819898446234e+00
8.362753074965235456e+00
8.362681841490518408e+00
8.362563123596244097e+00
8.362396928201398794e+00
8.362183264874794020e+00
8.361922146129492361e+00
8.361613587128381653e+00
8.361257605242533586e+00
8.360854221670548370e+00
8.360403459524787806e+00
8.359905344714647413e+00
8.359359906682628960e+00
8.358767176490564665e+00
8.358127188733392998e+00
8.357439980508660327e+00
8.356705591858164084e+00
8.355924065031890891e+00
8.355095445371286900e+00
8.354219781456473370e+00
8.353297123781336708e+00
8.352327526225646892e+00
8.351311044582939047e+00
8.350247738474271486e+00
8.349137669728891709e+00
8.347980902825870686e+00
8.346777505188528679e+00
8.345527546595587154e+00
8.344231100506078747e+00
8.342888241998373644e+00
8.341499049683944733e+00
8.340063604235234962e+00
8.338581990005001998e+00
8.337054293554190920e+00
8.335480604093570278e+00
8.333861013778163240e+00
8.332195617412811117e+00
8.330484512452184021e+00
8.328727799589625391e+00
8.326925581285030020e+00
8.325077964120239926e+00
8.323185055854802172e+00
8.321246969253481396e+00
8.319263816197773664e+00
8.317235715929795603e+00
8.315162786219541857e+00
8.313045150725502097e+00
8.310882933400597139e+00
8.308676262908541332e+00
8.306425268796330030e+00
8.569716298401313992e+00
8.569691354127938254e+00
8.569616522485507204e+00
8.569491808184825032e+00
8.569317218880936338e+00
8.569092766203633360e+00
8.568818463696461052e+00
8.568494328583280861e+00
8.568120381768270732e+00
8.567696646510999159e+00
8.567223149456930642e+00
8.566699920342987440e+00
8.566126992439192733e+00
8.565504401518179378e+00
8.564832186885686482e+00
8.564110390791697114e+00
8.563339059313721080e+00
8.562518240295817762e+00
8.561647986292848955e+00
8.560728351479006903e+00
8.559759394297655533e+00
8.558741176283611196e+00
8.557673761179888317e+00
8.556557216704227642e+00
8.555391613665841888e+00
8.554177025523760136e+00
8.552913528975693680e+00
8.551601204694085467e+00
8.550240135559569410e+00
8.548830407691452749e+00
8.547372110889353891e+00
8.545865337161082209e+00
8.544310182930818343e+00
8.542706746536506301e+00
8.541055130143615060e+00
8.539355438567438839e+00
8.537607781334070722e+00
8.535812267969603795e+00
8.533969014771907169e+00
8.532078138333273998e+00
8.530139759956796297e+00
8.528154003006541473e+00
8.526120995557379345e+00
8.524040867745149797e+00
8.521913751766669876e+00
8.519739784823983086e+00
8.517519107652230304e+00
8.515251861575404035e+00
8.512938193511569551e+00
8.510578251262067795e+00
8.779466058505169812e+00
8.779439869255755369e+00
8.779361304010119937e+00
8.779230367773491750e+00
8.779047069231406653e+00
8.778811421191351272e+00
8.778523439699487341e+00
8.778183144482287759e+00
8.777790558210476490e+00
8.777345708118366119e+00
8.776848624237302943e+00
8.776299340867799614e+00
8.775697894812974909e+00
8.775044327586755344e+00
8.774338683352887358e+00
8.773581010838704231e+00
8.772771361126942224e+00
8.771909790305558730e+00
8.770996356229064261e+00
8.770031121757192238e+00
8.769014153135563205e+00
8.767945519701260793e+00
8.766825294177255756e+00
8.765653553850105695e+00
8.764430378656195231e+00
8.763155852212216601e+00
8.761830062256816376e+00
8.760453099767314455e+00
8.759025058812492048e+00
8.757546037877505185e+00
8.756016138391762738e+00
8.754435465464981192e+00
8.752804128181615795e+00
8.751122239012014248e+00
8.749389912781914802e+00
8.747607270499987209e+00
8.745774434058175117e+00
8.743891530353646857e+00
8.741958689816666350e+00
8.739976045527328097e+00
8.737943735865375317e+00
8.735861900682671433e+00
8.733730685425157958e+00
8.731550236716479674e+00
8.729320707363200427e+00
8.727042251938435413e+00
8.724715029137250610e+00
8.722339201187812918e+00
8.719914934440236465e+00
8.717442397600034809e+00
8.993121416497215748e+00
8.993093926478227473e+00
8.993011458923874102e+00
8.992874019722654211e+00
8.992681619032230955e+00
8.992434271132216494e+00
8.992131993246472277e+00
8.991774808340146308e+00
8.991362742175423861e+00
8.990895824783653012e+00
8.990374090465346413e+00
8.989797577495750147e+00
8.989166327977637039e+00
8.988480387988516895e+00
8.987739807727850305e+00
8.986944641517045085e+00
8.986094947799459831e+00
8.985190788551554064e+00
8.984232230018950105e+00
8.983219343010855340e+00
8.982152201427940241e+00
8.981030883440036305e+00
8.979855471927779220e+00
8.978626052863262430e+00
8.977342716782166221e+00
8.976005558342126989e+00
8.974614675292233557e+00
8.973170170828446146e+00
8.971672151090968939e+00
8.970120726341960449e+00
8.968516011407160704e+00
8.966858124645414208e+00
8.965147188979152304e+00
8.963383330127841830e+00
8.961566679699448201e+00
8.959697371362915774e+00
8.957775544381259891e+00
8.955801340961748735e+00
8.953774907728023535e+00
8.951696395425672748e+00
8.949565958922239162e+00
8.947383756912788755e+00
8.945149951919912468e+00
8.942864710882572510e+00
8.940528204272837343e+00
8.938140606684719103e+00
8.935702097717458159e+00
8.933212859325694311e+00
8.930673078763716077e+00
8.928082946818911125e+00
9.206748086602230430e+00
9.206719271818032624e+00
9.206632829526414596e+00
9.206488766499148824e+00
9.206287094366023993e+00
9.206027829025988041e+00
9.205710990205515643e+00
9.205336603519580052e+00
9.204904698557891507e+00
9.204415309032112802e+00
9.203868473511912285e+00
9.203264235277767824e+00
9.202602642026521451e+00
9.201883745429761063e+00
9.201107602900355786e+00
9.200274275384279221e+00
9.199383828538302055e+00
9.198436332877207633e+00
9.197431863332152346e+00
9.196370499397882980e+00
9.195252324691095325e+00
9.194077427980920092e+00
9.192845902305650796e+00
9.191557844972747304e+00
9.190213358294888835e+00
9.188812548853920958e+00
9.187355527795272536e+00
9.185842410827962823e+00
9.184273318519021956e+00
9.182648375557430853e+00
9.180967710606905641e+00
9.179231458514088615e+00
9.177439757069871362e+00
9.175592749659221781e+00
9.173690582905779323e+00
9.171733409910537205e+00
9.169721387013160196e+00
9.167654674675262072e+00
9.165533438952536471e+00
9.163357850022620710e+00
9.161128082773954517e+00
9.158844315922504364e+00
9.156506734072731746e+00
9.154115524773350998e+00
9.151670881461578588e+00
9.149173000518874943e+00
9.146622085687328152e+00
9.144018341886727796e+00
9.141361980514211893e+00
9.138653217383289729e+00
9.423013019923294209e+00
9.422982834149165043e+00
9.422892279623814815e+00
9.422741363707865858e+00
9.422530099503232393e+00
9.422258504822625724e+00
9.421926602189556021e+00
9.421534420457671644e+00
9.421081992160932117e+00
9.420569355574588855e+00
9.419996554567960700e+00
9.419363637426746649e+00
9.418670657589078843e+00
9.417917674087169289e+00
9.417104750222387466e+00
9.416231955773454843e+00
9.415299363757767992e+00
9.414307054111706208e+00
9.413255110599180853e+00
9.412143622578172497e+00
9.410972684853526005e+00
9.409742396646459284e+00
9.408452862772268332e+00
9.407104193051470276e+00
9.405696502162594896e+00
9.404229910083824251e+00
9.402704541945777095e+00
9.401120528031503554e+00
9.399478003482075295e+00
9.397777108885421171e+00
9.396017989540267124e+00
9.394200796339418957e+00
9.392325684003203889e+00
9.390392814907000840e+00
9.388402354223224222e+00
9.386354472718364761e+00
9.384249346752987719e+00
9.382087157692879487e+00
9.379868091320206602e+00
9.377592340188906306e+00
9.375260099502744637e+00
9.372871571826106418e+00
9.370426963845330803e+00
9.367926486957555809e+00
9.365370358448418031e+00
9.362758800314354701e+00
9.360092040145875814e+00
9.357370309949869736e+00
9.354593846738445961e+00
9.351762893706641933e+00
9.642774714368247402e+00
9.642743102252289589e+00
9.642648268848665438e+00
9.642490222548488532e+00
9.642268977631371030e+00
9.641984554412633912e+00
9.641636978212826392e+00
9.641226280535423854e+00
9.640752498477972665e+00
9.640215674584881711e+00
9.639615857730699844e+00
9.638953101647985022e+00
9.638227466546647193e+00
9.637439017936245023e+00
9.636587827214835755e+00
9.635673971374552949e+00
9.634697533296030514e+00
9.633658601012335509e+00
9.632557268592252697e+00
9.631393636287487681e+00
9.630167809649394783e+00
9.628879899234558337e+00
9.627530022960179679e+00
9.626118302718206010e+00
9.624644867025139661e+00
9.623109850285986866e+00
9.621513391763761192e+00
9.619855637198833520e+00
9.618136737925642166e+00
9.616356850136639878e+00
9.614516137384905292e+00
9.612614767345466049e+00
9.610652914023487980e+00
9.608630757018209678e+00
9.606548481964582109e+00
9.604406279944418756e+00
9.602204347928033457e+00
9.599942887890964727e+00
9.597622108580525335e+00
9.595242223454826913e+00
9.592803452743757120e+00
9.590306021093576661e+00
9.587750159922322268e+00
9.585136105947681173e+00
9.582464101775837406e+00
9.579734395018203230e+00
9.576947240057961608e+00
9.574102895694672100e+00
9.571201628382945970e+00
9.568243708110491852e+00
9.862115466618526227e+00
9.862082407992629030e+00
9.861983235648038359e+00
9.861817959006350165e+00
9.861586593819303914e+00
9.861289163052047613e+00
9.860925694674955722e+00
9.860496224607873117e+00
9.860000793775874683e+00
9.859439450464657639e+00
9.858812248701205760e+00
9.858119249284277075e+00
9.857360519784407416e+00
9.856536132924565763e+00
9.855646168935559004e+00
9.854690714231121973e+00
9.853669861260696550e+00
9.852583708951080155e+00
9.851432363148051152e+00
9.850215934997040179e+00
9.848934543592955393e+00
9.847588312741500260e+00
9.846177373903429952e+00
9.844701864133574176e+00
9.843161927552960933e+00
9.841557714023908332e+00
9.839889380180503409e+00
9.838157089134190514e+00
9.836361010032119268e+00
9.834501318646006851e+00
9.832578196930489511e+00
9.830591833611984853e+00
9.828542423305403730e+00
9.826430167839070862e+00
9.824255274340963240e+00
9.822017957152469947e+00
9.819718436503473313e+00
9.817356939101214763e+00
9.814933698424701092e+00
9.812448954135872370e+00
9.809902952668435816e+00
9.807295945166902840e+00
9.804628191902958534e+00
9.801899956386961321e+00
9.799111511550870901e+00
9.796263135037445835e+00
9.793355111261218937e+00
9.790387730230799335e+00
9.787361289609840753e+00
9.784276092950504378e+00
1.008383260136769977e+01
1.008379805177368915e+01
1.008369440652476179e+01
1.008352167622021511e+01
1.008327987896718447e+01
1.008296903935015898e+01
1.008258918960867057e+01
1.008214036919567036e+01
1.008162262433587664e+01
1.008103600832021485e+01
1.008038058165301720e+01
1.007965641264088141e+01
1.007886357577332603e+01
1.007800215304770752e+01
1.007707223367479976e+01
1.007607391407878161e+01
1.007500729730839772e+01
1.007387249421465469e+01
1.007266962227311780e+01
1.007139880631998352e+01
1.007006017840485512e+01
1.006865387749632390e+01
1.006718004962917945e+01
1.006563884849326662e+01
1.006403043410856135e+01
1.006235497429730330e+01
1.006061264380072018e+01
1.005880362427902597e+01
1.005692810504748635e+01
1.005498628160428609e+01
1.005297835783872884e+01
1.005090454367582709e+01
1.004876505684285348e+01
1.004656012198607051e+01
1.004428997081794073e+01
1.004195484182269915e+01
1.003955498172848060e+01
1.003709064344634427e+01
1.003456208695355301e+01
1.003196957988241422e+01
1.002931339663701138e+01
1.002659381957090368e+01
1.002381113663172307e+01
1.002096564401100132e+01
1.001805764496647377e+01
1.001508744952764296e+01
1.001205537508464438e+01
1.000896174609380473e+01
1.000580689407765789e+01
1.000259115821378231e+01
1.030853084427046973e+01
1.030849475144791327e+01
1.030838647666055863e+01
1.030820603197983054e+01
1.030795343698498812e+01
1.030762871949919379e+01
1.030723191529508220e+01
1.030676306750591387e+01
1.030622222824491097e+01
1.030560945610264412e+01
1.030492481909128522e+01
1.030416839184756483e+01
1.030334025725212044e+01
1.030244050731275429e+01
1.030146924007298814e+01
1.030042656285072766e+01
1.029931259047171643e+01
1.029812744512232037e+01
1.029687125796887237e+01
1.029554416709668629e+01
1.029414631927661894e+01
1.029267786864014589e+01
1.029113897770985808e+01
1.028952981607454653e+01
1.028785056245017415e+01
1.028610140276612128e+01
1.028428253045959551e+01
1.028239414809499053e+01
1.028043646500846542e+01
1.027840969863287057e+01
1.027631407523380780e+01
1.027414982755422201e+01
1.027191719746423715e+01
1.026961643434181504e+01
1.026724779507275187e+01
1.026481154522838324e+01
1.026230795744624125e+01
1.025973731349103524e+01
1.025709990131039895e+01
1.025439601827356384e+01
1.025162596911038726e+01
1.024879006591135067e+01
1.024588863048295906e+01
1.024292199022579375e+01
1.023989048225646137e+01
1.023679445016891520e+01
1.023363424609543415e+01
1.023041023070662092e+01
1.022712277203370768e+01
1.022377224664624329e+01
1.053250498735097374e+01
1.053246733643140942e+01
1.053235438838351890e+01
1.053216615616199903e+01
1.053190266214315152e+01
1.053156393665274670e+01
1.053115001987979582e+01
1.053066095981557204e+01
1.053009681372573247e+01
1.052945764785589944e+01
1.052874353684280706e+01
1.052795456430314758e+01
1.052709082298079224e+01
1.052615241386351030e+01
1.052513944706624471e+01
1.052405204138947781e+01
1.052289032446643624e+01
1.052165443305752568e+01
1.052034451231426360e+01
1.051896071622091533e+01
1.051750320759449586e+01
1.051597215823198184e+01
1.051436774846867728e+01
1.051269016791427013e+01
1.051093961456956016e+01
1.050911629512088652e+01
1.050722042538176026e+01
1.050525222999844388e+01
1.050321194230273569e+01
1.050109980401754584e+01
1.049891606643459951e+01
1.049666098923672841e+01
1.049433484108673120e+01
1.049193789918572861e+01
1.048947044927316341e+01
1.048693278709893484e+01
1.048432521606798673e+01
1.048164804827079699e+01
1.047890160551387595e+01
1.047608621843647825e+01
1.047320222533290668e+01
1.047024997362464127e+01
1.046722982074361319e+01
1.046414213177679819e+01
1.046098728123277688e+01
1.045776565098074862e+01
1.045447763437249122e+01
1.045112363094270869e+01
1.044770405023654902e+01
1.044421931063191167e+01
1.075849369878004147e+01
1.075845444913282201e+01
1.075833670563802791e+01
1.075814048213362994e+01
1.075786580364575507e+01
1.075751270403327453e+01
1.075708122745993656e+01
1.075657142736387506e+01
1.075598336719367332e+01
1.075531712026115194e+01
1.075457276974137066e+01
1.075375040793655934e+01
1.075285013774824883e+01
1.075187207105793519e+01
1.075081633005198256e+01
1.074968304648557549e+01
1.074847236168270115e+01
1.074718442712501520e+01
1.074581940371576927e+01
1.074437746281030570e+01
1.074285878415507511e+01
1.074126355839025315e+01
1.073959198572482698e+01
1.073784427608381264e+01
1.073602064896103059e+01
1.073412133371354571e+01
1.073214656926723087e+01
1.073009660485283234e+01
1.072797169868105982e+01
1.072577211956192222e+01
1.072349814572703153e+01
1.072115006482959210e+01
1.071872817438604919e+01
1.071623278221772324e+01
1.071366420571474620e+01
1.071102277139442194e+01
1.070830881578450722e+01
1.070552268601205448e+01
1.070266473803686935e+01
1.069973533782920505e+01
1.069673486107533833e+01
1.069366369376642467e+01
1.069052223072636032e+01
1.068731087708392558e+01
1.068403004768392073e+01
1.068068016679274379e+01
1.067726166957051959e+01
1.067377499942127095e+01
1.067022061034832525e+01
1.066659896636545035e+01
1.098683723181931349e+01
1.098679633810299272e+01
1.098667366240088938e+01
1.098646922075916521e+01
1.098618304055934303e+01
1.098581515875176251e+01
1.098536562435817743e+01
1.098483449670522560e+01
1.098422184527720091e+01
1.098352775148261351e+01
1.098275230644599354e+01
1.098189561277444604e+01
1.098095778323274274e+01
1.097993894221543698e+01
1.097883922398032119e+01
1.097765877382612310e+01
1.097639774838693505e+01
1.097505631445450902e+01
1.097363464986153581e+01
1.097213294304000186e+01
1.097055139302119642e+01
1.096889021017176979e+01
1.096714961560488533e+01
1.096532984029693836e+01
1.096343112714854406e+01
1.096145372892354608e+01
1.095939790972115446e+01
1.095726394423988026e+01
1.095505211807195423e+01
1.095276272711448584e+01
1.095039607904157997e+01
1.094795249065452047e+01
1.094543229156207254e+01
1.094283582035296654e+01
1.094016342724572155e+01
1.093741547349979015e+01
1.093459233067949832e+01
1.093169438065405252e+01
1.092872201736407511e+01
1.092567564417179504e+01
1.092255567621643841e+01
1.091936253864767714e+01
1.091609666809776336e+01
1.091275851150381726e+01
1.090934852669669120e+01
1.090586718240095365e+01
1.090231495794047945e+01
1.089869234323843727e+01
1.089499983940614847e+01
1.089123795785980775e+01
1.121460530843304149e+01
1.121456275916504097e+01
1.121443511695511930e+01
1.121422240035204609e+01
1.121392463850389731e+01
1.121354187321901819e+01
1.121307415837718402e+01
1.121252155904631209e+01
1.121188415310181341e+01
1.121116202975445475e+01
1.121035528999200892e+01
1.120946404702087840e+01
1.120848842611889395e+01
1.120742856434088530e+01
1.120628460992983300e+01
1.120505672423062471e+01
1.120374508007072656e+01
1.120234986176017777e+01
1.120087126568044233e+01
1.119930950043161744e+01
1.119766478668523213e+01
1.119593735600653162e+01
1.119412745306267709e+01
1.119223533400340465e+01
1.119026126660823550e+01
1.118820553058090184e+01
1.118606841784377615e+01
1.118385023224343833e+01
1.118155128955068456e+01
1.117917191701888058e+01
1.117671245382560663e+01
1.117417325225035718e+01
1.117155467473028274e+01
1.116885709651002578e+01
1.116608090505286022e+01
1.116322649930464195e+01
1.116029428969379289e+01
1.115728469960344071e+01
1.115419816331043279e+01
1.115103512804631869e+01
1.114779605193637124e+01
1.114448140517728802e+01
1.114109167092046526e+01
1.113762734232774854e+01
1.113408892698780761e+01
1.113047694191091352e+01
1.112679191794530809e+01
1.112303439565525842e+01
1.111920493062071102e+01
1.111530408695992733e+01
1.144395918612068286e+01
1.144391494714770907e+01
1.144378223626449831e+01
1.144356107334473727e+01
1.144325149121681129e+01
1.144285353595823018e+01
1.144236726645399038e+01
1.144179275498542658e+01
1.144113008678857035e+01
1.144037936049578974e+01
1.143954068725251538e+01
1.143861419248379185e+01
1.143760001339166088e+01
1.143649830131056255e+01
1.143530921994078753e+01
1.143403294652617497e+01
1.143266967214854013e+01
1.143121959937226784e+01
1.142968294533578621e+01
1.142805993939615483e+01
1.142635082460119733e+01
1.142455585695343601e+01
1.142267530526288155e+01
1.142070945217751365e+01
1.141865859285837992e+01
1.141652303556843684e+01
1.141430310226140321e+01
1.141199912755127066e+01
1.140961145930115705e+01
1.140714045832887713e+01
1.140458649884858744e+01
1.140194996817634809e+01
1.139923126673013876e+01
1.139643080773542039e+01
1.139354901810841803e+01
1.139058633742563309e+01
1.138754321851268436e+01
1.138442012788596180e+01
1.138121754339720937e+01
1.137793595879712250e+01
1.137457587843569762e+01
1.137113782167860521e+01
1.136762231937408529e+01
1.136402991620835934e+01
1.136036117129446588e+01
1.135661665405032572e+01
1.135279694979280052e+01
1.134890265473248050e+01
1.134493438039005575e+01
1.134089274976878947e+01
1.167495733091201515e+01
1.167491136734470381e+01
1.167477348385618718e+01
1.167454370135063435e+01
1.167422205692559523e+01
1.167380860033889256e+01
1.167330339651123516e+01
1.167270652493736627e+01
1.167201807953885684e+01
1.167123816792803837e+01
1.167036691288012662e+01
1.166940445144995309e+01
1.166835093467753204e+01
1.166720652876576914e+01
1.166597141375553726e+01
1.166464578426175258e+01
1.166322984932615370e+01
1.166172383227008602e+01
1.166012797098894005e+01
1.165844251795213360e+01
1.165666773961427971e+01
1.165480391729844811e+01
1.165285134631289665e+01
1.165081033712876923e+01
1.164868121346633423e+01
1.164646431435595808e+01
1.164415999325483320e+01
1.164176861731091428e+01
1.163929056883503854e+01
1.163672624427044688e+01
1.163407605433999059e+01
1.163134042448776739e+01
1.162851979429027871e+01
1.162561461789805861e+01
1.162262536388846712e+01
1.161955251526568844e+01
1.161639656916630514e+01
1.161315803744815156e+01
1.160983744624866887e+01
1.160643533642655179e+01
1.160295226297289339e+01
1.159938879471675754e+01
1.159574551638615958e+01
1.159202302595824285e+01
1.158822193583696780e+01
1.158434287314754840e+01
1.158038647973644686e+01
1.157635341158252551e+01
1.157224433850261747e+01
1.156805994591808329e+01
1.190604901878948141e+01
1.190600131826198727e+01
1.190585822448176501e+01
1.190561976100281250e+01
1.190528596771971692e+01
1.190485690013158582e+01
1.190433262963647998e+01
1.190371324294255295e+01
1.190299884368740280e+01
1.190218955037708071e+01
1.190128549829986859e+01
1.190028683731808457e+01
1.189919373451790285e+01
1.189800637170675124e+01
1.189672494717985529e+01
1.189534967542581612e+01
1.189388078594890530e+01
1.189231852444677351e+01
1.189066315222159176e+01
1.188891494735775645e+01
1.188707420280812421e+01
1.188514122742450141e+01
1.188311634684092155e+01
1.188099990141266105e+01
1.187879224783558918e+01
1.187649375899894544e+01
1.187410482280764512e+01
1.187162584424324940e+01
1.186905724271414897e+01
1.186639945441095279e+01
1.186365293127601106e+01
1.186081814100340814e+01
1.185789556703896608e+01
1.185488570872745306e+01
1.185178908131259234e+01
1.184860621578983775e+01
1.184533765920080661e+01
1.184198397419164195e+01
1.183854573989628278e+01
1.183502355031713371e+01
1.183141801579718333e+01
1.182772976287279398e+01
1.182395943339042610e+01
1.182010768509549337e+01
1.181617519251563131e+01
1.181216264401644622e+01
1.180807074592347483e+01
1.180390021957792257e+01
1.179965180192552054e+01
1.179532624581094957e+01
1.213819692964659858e+01
1.213814746801607036e+01
1.213799909195723359e+01
1.213775182782112694e+01
1.213740571844658334e+01
1.213696082507400043e+01
1.213641722602042172e+01
1.213577501667954373e+01
1.213503430996334664e+01
1.213419523615488416e+01
1.213325794364434884e+01
1.213222259686809323e+01
1.213108937881124305e+01
1.212985848865230132e+01
1.212853014470738877e+01
1.212710458060273311e+01
1.212558204910217974e+01
1.212396281931016162e+01
1.212224717784940253e+01
1.212043542959697007e+01
1.211852789532888330e+01
1.211652491422272249e+01
1.211442684297435157e+01
1.211223405491465144e+01
1.210994694103999869e+01
1.210756591030669327e+01
1.210509138830604670e+01
1.210252381814765954e+01
1.209986366060662988e+01
1.209711139353470166e+01
1.209426751274354928e+01
1.209133253023821375e+01
1.208830697671972842e+01
1.208519139981856227e+01
1.208198636394740433e+01
1.207869245206772035e+01
1.207531026303992761e+01
1.207184041471484903e+01
1.206828354084226085e+01
1.206464029401513827e+01
1.206091134272540089e+01
1.205709737357211253e+01
1.205319909111425325e+01
1.204921721639860799e+01
1.204515248784303161e+01
1.204100566211972811e+01
1.203677751238870464e+01
1.203246882947546226e+01
1.202808042157657908e+01
1.202361311455413251e+01
1.237122396744517161e+01
1.237117272498513643e+01
1.237101900761547846e+01
1.237076284389542202e+01
1.237040428078575260e+01
1.236994338526815262e+01
1.236938024257865365e+01
1.236871495753255168e+01
1.236794765334670032e+01
1.236707847267000382e+01
1.236610757728899124e+01
1.236503514724453723e+01
1.236386138259842049e+01
1.236258650166676354e+01
1.236121074160888966e+01
1.235973435989944846e+01
1.235815763123694566e+01
1.235648085048800304e+01
1.235470433121522760e+01
1.235282840611884758e+01
1.235085342659508179e+01
1.234877976332498406e+01
1.234660780568558991e+01
1.234433796263320460e+01
1.234197066152568745e+01
1.233950634900573817e+01
1.233694549041204169e+01
1.233428857080975760e+01
1.233153609337118084e+01
1.232868858099507925e+01
1.232574657542342145e+01
1.232271063665252520e+01
1.231958134499403101e+01
1.231635929871950275e+01
1.231304511553255487e+01
1.230963943197999910e+01
1.230614290404069600e+01
1.230255620580064502e+01
1.229888003136674257e+01
1.229511509280580661e+01
1.229126212264719697e+01
1.228732187108576746e+01
1.228329510774842248e+01
1.227918262110526548e+01
1.227498521935287634e+01
1.227070372835332712e+01
1.226633899487287138e+01
1.226189188245998096e+01
1.225736327586172969e+01
1.225275407719626486e+01
1.260529132662450813e+01
1.260523828758323006e+01
1.260507918105868974e+01
1.260481403825993851e+01
1.260444291115298654e+01
1.260396587246080102e+01
1.260338301566331687e+01
1.260269445543906564e+01
1.260190032678189809e+01
1.260100078529542067e+01
1.259999600851789658e+01
1.259888619341963789e+01
1.259767155846398623e+01
1.259635234301844697e+01
1.259492880661864689e+01
1.259340123014601609e+01
1.259176991538616264e+01
1.259003518444001912e+01
1.258819738016547518e+01
1.258625686720787407e+01
1.258421402979181636e+01
1.258206927334050285e+01
1.257982302432852428e+01
1.257747572969300087e+01
1.257502785742244278e+01
1.257247989626232254e+01
1.256983235586228353e+01
1.256708576618729722e+01
1.256424067825371438e+01
1.256129766398206726e+01
1.255825731634426923e+01
1.255512024833313234e+01
1.255188709472892405e+01
1.254855851003837586e+01
1.254513517055567640e+01
1.254161777259590593e+01
1.253800703367275027e+01
1.253430369220406426e+01
1.253050850677581529e+01
1.252662225776142080e+01
1.252264574511355733e+01
1.251857979086677730e+01
1.251442523678210605e+01
1.251018294611359316e+01
1.250585380272503500e+01
1.250143871079555247e+01
1.249693859599729429e+01
1.249235440431772659e+01
1.248768710353176736e+01
1.248293768025753359e+01
1.283973013177305411e+01
1.283967528731778174e+01
1.283951076528732393e+01
1.283923659983498133e+01
1.283885284734313714e+01
1.283835958774817243e+01
1.283775692262670987e+01
1.283704497725657490e+01
1.283622389885026216e+01
1.283529385758541252e+01
1.283425504660480954e+01
1.283310768128033352e+01
1.283185199994900572e+01
1.283048826347135929e+01
1.282901675552586696e+01
1.282743778260893386e+01
1.282575167344605482e+01
1.282395878031672076e+01
1.282205947714066063e+01
1.282005416094996164e+01
1.281794325203628837e+01
1.281572719262596216e+01
1.281340644791045769e+01
1.281098150575197181e+01
1.280845287683063383e+01
1.280582109449730233e+01
1.280308671418470645e+01
1.280025031517399903e+01
1.279731249838656915e+01
1.279427388829780554e+01
1.279113513102333144e+01
1.278789689667441110e+01
1.278455987685532413e+01
1.278112478642992933e+01
1.277759236293280942e+01
1.277396336671648314e+01
1.277023858065697581e+01
1.276641881030104209e+01
1.276250488371894498e+01
1.275849765179888351e+01
1.275439798854142026e+01
1.275020679002898838e+01
1.274592497516195877e+01
1.274155348668912779e+01
1.273709328738018520e+01
1.273254536561979933e+01
1.272791073099123516e+01
1.272319041545405938e+01
1.271838547481625525e+01
1.271349698608441159e+01
1.307429580067186947e+01
1.307423915006654092e+01
1.307406920943870432e+01
1.307378601676918173e+01
1.307338963344558280e+01
1.307288014602885262e+01
1.307225766566442182e+01
1.307152232808220660e+01
1.307067429433267414e+01
1.306971374931471175e+01
1.306864090280612167e+01
1.306745599005246206e+01
1.306615927044214587e+01
1.306475102780085251e+01
1.306323157112760569e+01
1.306160123385869554e+01
1.305986037460374938e+01
1.305800937582082355e+01
1.305604864543572852e+01
1.305397861595876563e+01
1.305179974419029243e+01
1.304951251195679696e+01
1.304711742596367152e+01
1.304461501720637173e+01
1.304200584155926812e+01
1.303929048007005953e+01
1.303646953748766535e+01
1.303354364417596756e+01
1.303051345464170652e+01
1.302737964871216647e+01
1.302414293021026737e+01
1.302080402813226812e+01
1.301736369576448382e+01
1.301382271200820639e+01
1.301018187917151536e+01
1.300644202517746173e+01
1.300260400238636826e+01
1.299866868818468468e+01
1.299463698424891867e+01
1.299050981669285498e+01
1.298628813709803609e+01
1.298197292148327975e+01
1.297756517045188929e+01
1.297306590889722955e+01
1.296847618762206444e+01
1.296379708098315220e+01
1.295902968748010586e+01
1.295417513358290762e+01
1.294923456578244014e+01
1.294420915912880865e+01
1.331101928170899917e+01
1.331096080346059196e+01
1.331078538240612730e+01
1.331049305844019592e+01
1.331008389942775061e+01
1.330955799884872803e+01
1.330891547844785627e+01
1.330815648602647627e+01
1.330728119632581574e+01
1.330628981132141320e+01
1.330518255963426633e+01
1.330395969711968718e+01
1.330262150613123140e+01
1.330116829625677077e+01
1.329960040387684650e+01
1.329791819201746250e+01
1.329612205138057135e+01
1.329421239843030911e+01
1.329218967760118808e+01
1.329005435982596950e+01
1.328780694268287021e+01
1.328544795113163879e+01
1.328297793677747585e+01
1.328039747816547589e+01
1.327770718063339928e+01
1.327490767675332428e+01
1.327199962589000037e+01
1.326898371405363264e+01
1.326586065448874585e+01
1.326263118679089281e+01
1.325929607867321813e+01
1.325585612316941209e+01
1.325231214172517547e+01
1.324866498169560813e+01
1.324491551752290874e+01
1.324106465058916093e+01
1.323711330965797472e+01
1.323306244984398994e+01
1.322891305349616431e+01
1.322466612931448715e+01
1.322032271411653426e+01
1.321588387004043064e+01
1.321135068748909980e+01
1.320672428262765052e+01
1.320200579959156428e+01
1.319719640901457325e+01
1.319229730802865674e+01
1.318730972114731692e+01
1.318223490026557876e+01
1.317707412259902000e+01
1.354731850827040240e+01
1.354725821430312749e+01
1.354707734712254741e+01
1.354677595045077609e+01
1.354635409759963238e+01
1.354581189058737145e+01
1.354514946072753823e+01
1.354436696980665822e+01
1.354346460684557307e+01
1.354244259177974108e+01
1.354130117266221411e+01
1.354004062728295921e+01
1.353866126287444871e+01
1.353716341522837574e+01
1.353554745031498996e+01
1.353381376236934663e+01
1.353196277536341974e+01
1.352999494256446944e+01
1.352791074624061807e+01
1.352571069795527059e+01
1.352339533856712350e+01
1.352096523837736619e+01
1.351842099639362615e+01
1.351576324136045493e+01
1.351299263087604707e+01
1.351010985212831628e+01
1.350711562115881925e+01
1.350401068374603675e+01
1.350079581452209787e+01
1.349747181726720413e+01
1.349403952520405703e+01
1.349049980085064426e+01
1.348685353587302416e+01
1.348310165079090517e+01
1.347924509644976787e+01
1.347528485166546908e+01
1.347122192513799810e+01
1.346705735486263222e+01
1.346279220768829354e+01
1.345842757975919390e+01
1.345396459710367765e+01
1.344940441430931699e+01
1.344474821511175122e+01
1.343999721283633697e+01
1.343515265025092376e+01
1.343021579897701123e+01
1.342518795948974919e+01
1.342007046229563372e+01
1.341486466704923153e+01
1.340957196196434076e+01
1.378311619674239275e+01
1.378305410781321072e+01
1.378286785721903840e+01
1.378255749265671959e+01
1.378212309303215477e+01
1.378156476949077103e+01
1.378088266468147438e+01
1.378007695305106672e+01
1.377914784040261154e+01
1.377809556492591803e+01
1.377692039557820891e+01
1.377562263385066466e+01
1.377420261288515668e+01
1.377266069688538508e+01
1.377099728258901656e+01
1.376921279735391046e+01
1.376730770121910474e+01
1.376528248572710567e+01
1.376313767407111044e+01
1.376087382080057075e+01
1.375849151255726532e+01
1.375599136719202065e+01
1.375337403538404679e+01
1.375064019813833127e+01
1.374779056928824161e+01
1.374482589343456240e+01
1.374174694756481863e+01
1.373855454002280219e+01
1.373524951124462490e+01
1.373183273258102588e+01
1.372830510821112249e+01
1.372466757308144913e+01
1.372092109378922231e+01
1.371706666961283538e+01
1.371310533074530191e+01
1.370903813917753311e+01
1.370486618884555163e+01
1.370059060504164172e+01
1.369621254529762311e+01
1.369173319805993749e+01
1.368715378430898610e+01
1.368247555623422329e+01
1.367769979782299572e+01
1.367282782456612722e+01
1.366786098463561139e+01
1.366280065623479345e+01
1.365764825083703826e+01
1.365240521053591216e+01
1.364707300981172899e+01
1.364165315494269670e+01
1.402226869772401940e+01
1.402220478733468312e+01
1.402201307383216999e+01
1.402169360874085235e+01
1.402124647818003922e+01
1.402067180183348327e+01
1.401996973471594110e+01
1.401914046614267484e+01
1.401818421958224725e+01
1.401710125236209237e+01
1.401589185728785303e+01
1.401455636028799034e+01
1.401309512306359117e+01
1.401150854043855709e+01
1.400979704242057799e+01
1.400796109287621327e+01
1.400600119041416924e+01
1.400391786779645287e+01
1.400171169252721981e+01
1.399938326582228143e+01
1.399693322393402717e+01
1.399436223697371595e+01
1.399167101008918301e+01
1.398886028213992283e+01
1.398593082672757326e+01
1.398288345131265231e+01
1.397971899868667300e+01
1.397643834535280583e+01
1.397304240226194949e+01
1.396953211481272206e+01
1.396590846240983019e+01
1.396217245964176001e+01
1.395832515480866576e+01
1.395436763124726731e+01
1.395030100571152865e+01
1.394612642999197760e+01
1.394184509017965823e+01
1.393745820666612190e+01
1.393296703414343440e+01
1.392837286204580671e+01
1.392367701337189523e+01
1.391888084659857405e+01
1.391398575376715741e+01
1.390899316166111355e+01
1.390390453106999225e+01
1.389872135796712982e+01
1.389344517130146173e+01
1.388807753594177008e+01
1.388262005032128776e+01
1.387707434761538927e+01
1.426018262685169447e+01
1.426011693224696231e+01
1.425991986653990296e+01
1.425959148611289962e+01
1.425913188356261152e+01
1.425854118902487677e+01
1.425781957002751454e+01
1.425696723119588682e+01
1.425598441410568995e+01
1.425487139743017195e+01
1.425362849767618911e+01
1.425225606800650624e+01
1.425075449897586388e+01
1.424912421808933694e+01
1.424736569024397426e+01
1.424547941772879334e+01
1.424346593948872730e+01
1.424132583215510195e+01
1.423905970916237251e+01
1.423666822148417133e+01
1.423415205733889799e+01
1.423151194160085886e+01
1.422874863668354450e+01
1.422586294209799895e+01
1.422285569474723310e+01
1.421972776848459574e+01
1.421648007470261987e+01
1.421311356159696260e+01
1.420962921460804118e+01
1.420602805612660724e+01
1.420231114667144645e+01
1.419847958297562229e+01
1.419453449945859091e+01
1.419047706749014459e+01
1.418630849583205134e+01
1.418203003019641173e+01
1.417764295354008830e+01
1.417314858635912600e+01
1.416854828580548542e+01
1.416384344671751805e+01
1.415903550073670480e+01
1.415412591689649524e+01
1.414911620147509907e+01
1.414400789740663988e+01
1.413880258590048555e+01
1.413350188393864038e+01
1.412810744736720814e+01
1.412262096736328587e+01
1.411704417367364961e+01
1.411137883284819416e+01
1.449720668340932050e+01
1.449713924831130463e+01
1.449693696303815216e+01
1.449659988794698862e+01
1.449612812343672985e+01
1.449552181038973231e+01
1.449478112899408266e+01
1.449390630065737007e+01
1.449289758638734149e+01
1.449175528767517740e+01
1.449047974546500939e+01
1.448907134236210226e+01
1.448753049909975488e+01
1.448585767851404071e+01
1.448405338230513095e+01
1.448211815295105431e+01
1.448005257326606632e+01
1.447785726551736474e+01
1.447553289304443780e+01
1.447308015849250395e+01
1.447049980543186010e+01
1.446779261673853156e+01
1.446495941650804795e+01
1.446200106843609312e+01
1.445891847611293990e+01
1.445571258420114624e+01
1.445238437637457629e+01
1.444893487752659489e+01
1.444536515200351623e+01
1.444167630478230002e+01
1.443786948073448784e+01
1.443394586492063780e+01
1.442990668303195179e+01
1.442575320021258101e+01
1.442148672223732042e+01
1.441710859506997977e+01
1.441262020456895421e+01
1.440802297678164301e+01
1.440331837853331187e+01
1.439850791624938431e+01
1.439359313610265723e+01
1.438857562577984694e+01
1.438345701183177106e+01
1.437823896173431848e+01
1.437292318300517735e+01
1.436751142276219184e+01
1.436200546919549659e+01
1.435640715009538226e+01
1.435071833358836280e+01
1.434494092813717536e+01
1.473958890544149725e+01
1.473951968421432390e+01
1.473931204232025216e+01
1.473896604467998905e+01
1.473848180008356756e+01
1.473785945971821576e+01
1.473709921967097181e+01
1.473620131769001063e+01
1.473516603627609989e+01
1.473399370047442325e+01
1.473268467905227119e+01
1.473123938420461698e+01
1.472965827111248593e+01
1.472794183912064803e+01
1.472609062967664784e+01
1.472410522927504672e+01
1.472198626636597396e+01
1.471973441326887588e+01
1.471735038602530921e+01
1.471483494336845510e+01
1.471218888834245320e+01
1.470941306609421773e+01
1.470650836637604542e+01
1.470347572177906592e+01
1.470031610788046272e+01
1.469703054442116219e+01
1.469362009427534943e+01
1.469008586345047362e+01
1.468642900108724270e+01
1.468265070049010923e+01
1.467875219780236407e+01
1.467473477288940487e+01
1.467059974816104173e+01
1.466634849063247081e+01
1.466198240971608158e+01
1.465750295898801525e+01
1.465291163442160460e+01
1.464820997615393772e+01
1.464339956760256989e+01
1.463848203546552895e+01
1.463345904942689302e+01
1.462833232304005904e+01
1.462310361343332410e+01
1.461777472057381999e+01
1.461234748770914926e+01
1.460682380225066268e+01
1.460120559385969763e+01
1.459549483709739981e+01
1.458969354818604813e+01
1.458380378839494895e+01
1.497997466552547685e+01
1.497990372397313052e+01
1.497969092287008763e+01
1.497933633228949546e+01
1.497884006897085918e+01
1.497820229661446767e+01
1.497742322573418683e+01
1.497650311277417501e+01
1.497544226216986196e+01
1.497424102399255474e+01
1.497289979571598018e+01
1.497141902133300917e+01
1.496979919106124157e+01
1.496804084296232951e+01
1.496614456102822821e+01
1.496411097635888687e+01
1.496194076642619031e+01
1.495963465551559679e+01
1.495719341502055855e+01
1.495461786270646876e+01
1.495190886315228518e+01
1.494906732760333057e+01
1.494609421411849937e+01
1.494299052771746616e+01
1.493975731993906031e+01
1.493639568898846548e+01
1.493290677973722502e+01
1.492929178416488334e+01
1.492555194062291513e+01
1.492168853427637210e+01
1.491770289725108434e+01
1.491359640819203669e+01
1.490937049255778213e+01
1.490502662217880570e+01
1.490056631628801931e+01
1.489599114063748075e+01
1.489130270735118344e+01
1.488650267536668892e+01
1.488159275102398738e+01
1.487657468644614767e+01
1.487145028130587576e+01
1.486622138120617720e+01
1.486088987944690309e+01
1.485545771511098501e+01
1.484992687453657290e+01
1.484429939116980535e+01
1.483857734379827420e+01
1.483276285964247698e+01
1.482685811185321256e+01
1.482086532010042390e+01
1.521952052961923130e+01
1.521944793163193133e+01
1.521923016284337038e+01
1.521886729877355293e+01
1.521835946499473913e+01
1.521770683772027510e+01
1.521690964306855243e+01
1.521596815779905221e+01
1.521488270901792994e+01
1.521365367358916565e+01
1.521228147931225649e+01
1.521076660374452594e+01
1.520910957508439232e+01
1.520731097217137062e+01
1.520537142286673671e+01
1.520329160685056280e+01
1.520107225311910781e+01
1.519871414130972376e+01
1.519621810111201121e+01
1.519358501315109322e+01
1.519081580780991736e+01
1.518791146552367266e+01
1.518487301722143634e+01
1.518170154476780986e+01
1.517839817993242235e+01
1.517496410409551721e+01
1.517140054972007412e+01
1.516770879961574181e+01
1.516389018620277618e+01
1.515994609313138675e+01
1.515587795336796084e+01
1.515168725066719979e+01
1.514737551927768777e+01
1.514294434350025575e+01
1.513839535783519530e+01
1.513373024742389461e+01
1.512895074687113883e+01
1.512405864245329568e+01
1.511905576961570929e+01
1.511394401429760315e+01
1.510872531322651469e+01
1.510340165288780057e+01
1.509797507026070384e+01
1.509244765267113841e+01
1.508682153764447875e+01
1.508109891334719421e+01
1.507528201740915286e+01
1.506937313854295724e+01
1.506337461580788073e+01
1.505728883757938519e+01
1.546722574806178585e+01
1.546715141046447606e+01
1.546692842446522320e+01
1.546655687103089427e+01
1.546603688544977295e+01
1.546536865733154364e+01
1.546455242972403177e+01
1.546358850043810662e+01
1.546247722072277497e+01
1.546121899614844608e+01
1.545981428675415792e+01
1.545826360601707883e+01
1.545656752232464015e+01
1.545472665706076398e+01
1.545274168666685100e+01
1.545061334146407006e+01
1.544834240535893599e+01
1.544592971672658699e+01
1.544337616782193479e+01
1.544068270581014701e+01
1.543785033041125132e+01
1.543488009699159846e+01
1.543177311376682326e+01
1.542853054415724579e+01
1.542515360457967866e+01
1.542164356621398724e+01
1.541800175426701713e+01
1.541422954797259770e+01
1.541032838014990958e+01
1.540629973867560132e+01
1.540214516486445540e+01
1.539786625405824338e+01
1.539346465592013935e+01
1.538894207414030646e+01
1.538430026687752949e+01
1.537954104543430134e+01
1.537466627617058457e+01
1.536967787888447923e+01
1.536457782798991900e+01
1.535936815119176124e+01
1.535405093154675349e+01
1.534862830481372420e+01
1.534310246166175240e+01
1.533747564649248396e+01
1.533175015817618103e+01
1.532592834916845348e+01
1.532001262683517595e+01
1.531400545153871029e+01
1.530790933840447465e+01
1.530172685687929146e+01
1.571232756143968068e+01
1.571225157918441973e+01
1.571202366200834533e+01
1.571164389691404040e+01
1.571111242875859482e+01
1.571042946084246239e+01
1.570959525432060033e+01
1.570861012849690219e+01
1.570747446067698583e+01
1.570618868616818453e+01
1.570475329842676970e+01
1.570316884891073705e+01
1.570143594722700975e+01
1.569955526054259920e+01
1.569752751490951326e+01
1.569535349349820486e+01
1.569303403836412336e+01
1.569057004912280462e+01
1.568796248339150523e+01
1.568521235708362660e+01
1.568232074426150646e+01
1.567928877654756192e+01
1.567611764386036377e+01
1.567280859456183784e+01
1.566936293457399287e+01
1.566578202782056195e+01
1.566206729652142471e+01
1.565822022104539002e+01
1.565424233917414654e+01
1.565013524801600830e+01
1.564590060106168146e+01
1.564154011127571131e+01
1.563705554874109716e+01
1.563244874213140179e+01
1.562772157753306601e+01
1.562287600021195111e+01
1.561791401240514787e+01
1.561283767479311280e+01
1.560764910620523160e+01
1.560235048317819029e+01
1.559694404069202811e+01
1.559143207143408816e+01
1.558581692653506678e+01
1.558010101468574682e+01
1.557428680302027324e+01
1.556837681667450468e+01
1.556237363849160538e+01
1.555627990975809105e+01
1.555009832946777770e+01
1.554383165535226574e+01
1.595712233475495267e+01
1.595704478409780691e+01
1.595681216362984856e+01
1.595642456668379339e+01
1.595588214842160824e+01
1.595518512730662941e+01
1.595433378274816860e+01
1.595332845775132569e+01
1.595216955641439327e+01
1.595085754569539205e+01
1.594939295452880401e+01
1.594777637426720496e+01
1.594600845868127159e+01
1.594408992307649520e+01
1.594202154576532315e+01
1.593980416703664993e+01
1.593743868915583839e+01
1.593492607680634165e+01
1.593226735708971376e+01
1.592946361923117671e+01
1.592651601457962585e+01
1.592342575690205031e+01
1.592019412208911255e+01
1.591682244815514835e+01
1.591331213582700954e+01
1.590966464766080080e+01
1.590588150804186540e+01
1.590196430495134905e+01
1.589791468687472964e+01
1.589373436618770441e+01
1.588942511606473396e+01
1.588498877312885682e+01
1.588042723539072654e+01
1.587574246357351271e+01
1.587093648037684446e+01
1.586601137077123980e+01
1.586096928199809319e+01
1.585581242415853964e+01
1.585054306829968063e+01
1.584516354862277865e+01
1.583967626159997977e+01
1.583408366538546552e+01
1.582838828114035934e+01
1.582259269141339608e+01
1.581669954176025961e+01
1.581071153927145012e+01
1.580463145374999279e+01
1.579846211712258075e+01
1.579220642402843389e+01
1.578586732990552477e+01
1.621279499192104367e+01
1.621271574478715038e+01
1.621247803665549014e+01
1.621208196733613605e+01
1.621152770391526232e+01
1.621081547928303124e+01
1.620994559375292710e+01
1.620891841388405297e+01
1.620773437292276853e+01
1.620639397124433145e+01
1.620489777502798390e+01
1.620324641802350030e+01
1.620144060022628096e+01
1.619948108802455167e+01
1.619736871493543973e+01
1.619510438131053931e+01
1.619268905330543618e+01
1.619012376464623770e+01
1.618740961530468425e+01
1.618454777193976923e+01
1.618153946789773912e+01
1.617838600321211118e+01
1.617508874460364865e+01
1.617164912562759937e+01
1.616806864593760551e+01
1.616434887275785215e+01
1.616049143911650532e+01
1.615649804517062549e+01
1.615237045761732659e+01
1.614811050954654092e+01
1.614372010176596461e+01
1.613920120044562623e+01
1.613455583903167323e+01
1.612978611795192663e+01
1.612489420329098522e+01
1.611988232885119032e+01
1.611475279482772294e+01
1.610950796795580331e+01
1.610415028106906377e+01
1.609868223486608940e+01
1.609310639599667070e+01
1.608742539750342715e+01
1.608164194014672432e+01
1.607575879004927089e+01
1.606977878075710109e+01
1.606370481250350934e+01
1.605753985220903957e+01
1.605128693303986509e+01
1.604494915514384346e+01
1.603852968506165766e+01
1.646544002149185815e+01
1.646535920153970878e+01
1.646511677716146593e+01
1.646471285538061124e+01
1.646414761432426133e+01
1.646342130366480205e+01
1.646253424403103693e+01
1.646148682744983205e+01
1.646027951734610895e+01
1.645891284854284820e+01
1.645738742681945155e+01
1.645570392935338333e+01
1.645386310472015623e+01
1.645186577274613526e+01
1.644971282436131688e+01
1.644740522218818768e+01
1.644494399965843101e+01
1.644233026174901013e+01
1.643956518468772643e+01
1.643665001595323361e+01
1.643358607486387868e+01
1.643037475036951633e+01
1.642701750502624947e+01
1.642351587058005080e+01
1.641987145179428254e+01
1.641608592350546303e+01
1.641216103180095232e+01
1.640809859504943802e+01
1.640390050257603960e+01
1.639956871392622517e+01
1.639510526151564918e+01
1.639051224768590131e+01
1.638579184720711979e+01
1.638094630521700168e+01
1.637597793869294804e+01
1.637088913571600202e+01
1.636568235561803419e+01
1.636036012942340889e+01
1.635492505852406353e+01
1.634937981629883907e+01
1.634372714737742172e+01
1.633796986808198426e+01
1.633211086451341743e+01
1.632615309564279826e+01
1.632009959125040766e+01
1.631395345192573743e+01
1.630771785009797981e+01
1.630139602944716515e+01
1.629499130460974499e+01
1.628850706162023343e+01
1.671881037687056804e+01
1.671872806035623071e+01
1.671848114967731647e+01
1.671806975848186738e+01
1.671749407755727290e+01
1.671675437335813896e+01
1.671585098844794004e+01
1.671478434194063212e+01
1.671355492876461568e+01
1.671216332025156603e+01
1.671061016369480612e+01
1.670889618293816170e+01
1.670702217734545769e+01
1.670498902283101472e+01
1.670279767156523221e+01
1.670044915168014299e+01
1.669794456756385870e+01
1.669528509986056264e+01
1.669247200488165461e+01
1.668950661593066442e+01
1.668639034183113878e+01
1.668312466780989922e+01
1.667971115520263226e+01
1.667615144145387518e+01
1.667244724041145076e+01
1.666860034173761917e+01
1.666461261135070870e+01
1.666048599171953626e+01
1.665622250112736324e+01
1.665182423367187425e+01
1.664729336044289454e+01
1.664263212805025205e+01
1.663784285950706021e+01
1.663292795393529033e+01
1.662788988686019209e+01
1.662273120962145967e+01
1.661745454952042067e+01
1.661206261085053981e+01
1.660655817327807782e+01
1.660094409301979468e+01
1.659522330240130117e+01
1.658939880985706949e+01
1.658347369978322305e+01
1.657745113342079080e+01
1.657133434738361544e+01
1.656512665483601765e+01
1.655883144490397996e+01
1.655245218326396994e+01
1.654599241140688903e+01
1.653945574707971389e+01
1.698563100319841368e+01
1.698554700949216567e+01
1.698529506915127030e+01
1.698487530406767831e+01
1.698428791724741060e+01
1.698353319354664137e+01
1.698261149805234993e+01
1.698152327843771658e+01
1.698026906275395120e+01
1.697884946060797873e+01
1.697726516286802223e+01
1.697551694151638912e+01
1.697360565009109834e+01
1.697153222353868429e+01
1.696929767718370385e+01
1.696690310864248374e+01
1.696434969649823543e+01
1.696163870044824407e+01
1.695877146159831028e+01
1.695574940216830484e+01
1.695257402578662109e+01
1.694924691778457415e+01
1.694576974372429135e+01
1.694214425160689430e+01
1.693837226936988571e+01
1.693445570797862132e+01
1.693039655789318942e+01
1.692619689215989354e+01
1.692185886464469746e+01
1.691738471003321820e+01
1.691277674515564300e+01
1.690803736766181586e+01
1.690316905616845489e+01
1.689817437114242082e+01
1.689305595372302093e+01
1.688781652719413273e+01
1.688245889551207668e+01
1.687698594389446782e+01
1.687140063882022289e+01
1.686570602832397014e+01
1.685990524126000167e+01
1.685400148862717629e+01
1.684799806165516856e+01
1.684189833371820555e+01
1.683570575856855811e+01
1.682942387239747006e+01
1.682305629147979431e+01
1.681660671438216070e+01
1.681007891990201131e+01
1.680347676912856514e+01
1.724921048331426121e+01
1.724912496110071203e+01
1.724886843729890273e+01
1.724844104204467499e+01
1.724784299188759817e+01
1.724707458964377693e+01
1.724613622527909129e+01
1.724502837502595654e+01
1.724375160167772236e+01
1.724230655458869066e+01
1.724069397041017027e+01
1.723891467117670828e+01
1.723696956666150371e+01
1.723485965246263163e+01
1.723258601118075717e+01
1.723014981168306292e+01
1.722755230998651754e+01
1.722479484822740758e+01
1.722187885510296468e+01
1.721880584646021006e+01
1.721557742397104462e+01
1.721219527675159711e+01
1.720866117944845186e+01
1.720497699459404828e+01
1.720114467010406756e+01
1.719716624148562900e+01
1.719304383036515915e+01
1.718877964448839180e+01
1.718437597948690865e+01
1.717983521622833720e+01
1.717515982287730836e+01
1.717035235430660123e+01
1.716541545165553018e+01
1.716035184277155778e+01
1.715516434191587436e+01
1.714985585049947758e+01
1.714442935605266527e+01
1.713888793296110080e+01
1.713323474158255166e+01
1.712747302986621278e+01
1.712160613143895205e+01
1.711563746737184744e+01
1.710957054485530193e+01
1.710340895719900800e+01
1.709715638545131355e+01
1.709081659648544615e+01
1.708439344358836465e+01
1.707789086763846242e+01
1.707131289475016445e+01
1.706466363921817830e+01
1.751506320488285340e+01
1.751497621481355438e+01
1.751471529053595688e+01
1.751428057057700727e+01
1.751367228517705144e+01
1.751289075717307853e+01
1.751193640155710085e+01
1.751080972532894009e+01
1.750951132779064778e+01
1.750804190069371913e+01
1.750640222750303465e+01
1.750459318442734258e+01
1.750261573924155911e+01
1.750047095246447526e+01
1.749815997662268074e+01
1.749568405669221605e+01
1.749304452921529318e+01
1.749024282362519855e+01
1.748728046106860745e+01
1.748415905543605930e+01
1.748088031203705484e+01
1.747744602936660030e+01
1.747385809719144589e+01
1.747011849787500282e+01
1.746622930623011882e+01
1.746219268878303055e+01
1.745801090465663208e+01
1.745368630527604026e+01
1.744922133363255767e+01
1.744461852575576444e+01
1.743988050879978147e+01
1.743501000295702497e+01
1.743000982101656504e+01
1.742488286674479525e+01
1.741963213694640089e+01
1.741426072072829356e+01
1.740877179846914302e+01
1.740316864388032414e+01
1.739745462223939398e+01
1.739163319112613593e+01
1.738570790056976989e+01
1.737968239231291534e+01
1.737356040098925547e+01
1.736734575250423518e+01
1.736104236594879069e+01
1.735465425183283017e+01
1.734818551341011528e+01
1.734164034608944149e+01
1.733502303684576873e+01
1.732833796583955888e+01
1.779680475877549028e+01
1.779671605647770605e+01
1.779644999845889686e+01
1.779600673207876937e+01
1.779538650229890351e+01
1.779458965212441157e+01
1.779361662289833390e+01
1.779246795386003654e+01
1.779114428214517218e+01
1.778964634337456729e+01
1.778797497047649401e+01
1.778613109530602188e+01
1.778411574687846297e+01
1.778193005298872009e+01
1.777957523903356574e+01
1.777705262860051150e+01
1.777436364317336981e+01
1.777150980286833004e+01
1.776849272481460673e+01
1.776531412506821184e+01
1.776197581728704122e+01
1.775847971331971209e+01
1.775482782320558783e+01
1.775102225458590155e+01
1.774706521329262543e+01
1.774295900393731173e+01
1.773870602799732765e+01
1.773430878572963110e+01
1.772976987528747728e+01
1.772509199286764314e+01
1.772027793241600335e+01
1.771533058636358504e+01
1.771025294518494064e+01
1.770504809680928204e+01
1.769971922809262566e+01
1.769426962275680282e+01
1.768870266389207302e+01
1.768302183189615562e+01
1.767723070506308147e+01
1.767133296031924061e+01
1.766533237175127269e+01
1.765923281251982857e+01
1.765303825309300834e+01
1.764675276257128189e+01
1.764038050721537232e+01
1.763392575206556856e+01
1.762739286035290931e+01
1.762078629246866157e+01
1.761411060773089687e+01
1.760737046320677734e+01
1.807533200152674269e+01
1.807524175379222342e+01
1.807497106255467756e+01
1.807452008400655430e+01
1.807388907856675075e+01
1.807307841043897412e+01
1.807208854820057908e+01
1.807092006465537537e+01
1.806957363609754452e+01
1.806805004378377788e+01
1.806635017231393903e+01
1.806447501095596309e+01
1.806242565305702996e+01
1.806020329560190163e+01
1.805780923994900178e+01
1.805524489197762605e+01
1.805251176091022813e+01
1.804961146093178215e+01
1.804654570942321001e+01
1.804331632843351585e+01
1.803992524423814814e+01
1.803637448689736189e+01
1.803266619069785648e+01
1.802880259429998588e+01
1.802478603956006253e+01
1.802061897373854293e+01
1.801630394743904873e+01
1.801184361549165303e+01
1.800724073665843861e+01
1.800249817451678780e+01
1.799761889554561378e+01
1.799260597162797026e+01
1.798746257769565915e+01
1.798219199379019528e+01
1.797679760329627285e+01
1.797128289411944380e+01
1.796565145765564964e+01
1.795990699026332749e+01
1.795405329193852495e+01
1.794809426705092648e+01
1.794203392360783056e+01
1.793587637413738278e+01
1.792962583539419441e+01
1.792328662777045523e+01
1.791686317617923052e+01
1.791036000902396452e+01
1.790378175981781794e+01
1.789713316556434108e+01
1.789041906749352151e+01
1.788364441076736711e+01
1.835822995414396175e+01
1.835813818334900560e+01
1.835786292631604155e+01
1.835740434895354056e+01
1.835676272713771695e+01
1.835593844789020679e+01
1.835493200820037885e+01
1.835374401576140357e+01
1.835237518867580775e+01
1.835082635574991983e+01
1.834909845575779741e+01
1.834719253876614076e+01
1.834510976451495168e+01
1.834285140374246481e+01
1.834041883744905377e+01
1.833781355719168005e+01
1.833503716493667923e+01
1.833209137320695703e+01
1.832897800508201058e+01
1.832569899419790715e+01
1.832225638415845737e+01
1.831865232971289359e+01
1.831488909543097066e+01
1.831096905702787225e+01
1.830689470033372857e+01
1.830266862202966749e+01
1.829829352847013624e+01
1.829377223730221402e+01
1.828910767614071986e+01
1.828430288389310832e+01
1.827936100869850478e+01
1.827428531028310843e+01
1.826907915804641291e+01
1.826374603282778608e+01
1.825828952469824173e+01
1.825271333546309549e+01
1.824702127645374361e+01
1.824121726985259073e+01
1.823530534884026366e+01
1.822928965627068720e+01
1.822317444570159140e+01
1.821696408139449375e+01
1.821066303787306140e+01
1.820427590065919077e+01
1.819780736480086603e+01
1.819126223649150376e+01
1.818464543277552536e+01
1.817796197992901952e+01
1.817121701596235894e+01
1.816441578900086284e+01
1.865939678658629930e+01
1.865930316959949309e+01
1.865902237708242595e+01
1.865855458480682216e+01
1.865790008528389521e+01
1.865705928850043449e+01
1.865603272132994661e+01
1.865482102767986916e+01
1.865342496878599476e+01
1.865184542262362299e+01
1.865008338449640490e+01
1.864813996688913633e+01
1.864601639932054766e+01
1.864371402804886912e+01
1.864123431651348284e+01
1.863857884592374958e+01
1.863574931363969966e+01
1.863274753493855940e+01
1.862957544154264156e+01
1.862623508250261395e+01
1.862272862390307537e+01
1.861905834930418635e+01
1.861522665871119386e+01
1.861123606960491017e+01
1.860708921664729942e+01
1.860278885123981496e+01
1.859833784211227936e+01
1.859373917488122885e+01
1.858899595293319251e+01
1.858411139595256500e+01
1.857908884065767907e+01
1.857393174153685322e+01
1.856864366952348533e+01
1.856322831317376298e+01
1.855768947778337363e+01
1.855203108597635620e+01
1.854625717711626365e+01
1.854037190774778665e+01
1.853437955203839493e+01
1.852828450074785849e+01
1.852209126137544715e+01
1.851580445933763741e+01
1.850942883664319893e+01
1.850296925233483591e+01
1.849643068337244500e+01
1.848981822183611001e+01
1.848313707934244476e+01
1.847639258321708056e+01
1.846959017796680413e+01
1.846273542513231547e+01
1.895765366132190977e+01
1.895755837111792630e+01
1.895727256307128528e+01
1.895679642266972209e+01
1.895613025994274636e+01
1.895527450887278320e+01
1.895422972680632157e+01
1.895299659622047272e+01
1.895157592222035348e+01
1.894996863460005443e+01
1.894817578695938209e+01
1.894619855685104781e+01
1.894403824592790642e+01
1.894169627950129353e+01
1.893917420698268117e+01
1.893647370173645683e+01
1.893359656137435465e+01
1.893054470657774857e+01
1.892732018330584154e+01
1.892392515999863178e+01
1.892036193022673274e+01
1.891663291121924928e+01
1.891274064371657460e+01
1.890868779270643429e+01
1.890447714727668682e+01
1.890011162017368918e+01
1.889559424839113788e+01
1.889092819302285520e+01
1.888611673808510005e+01
1.888116329316638087e+01
1.887607139018878755e+01
1.887084468605782206e+01
1.886548696133747072e+01
1.886000212069185267e+01
1.885439419244358206e+01
1.884866732901539876e+01
1.884282580707738575e+01
1.883687402651648668e+01
1.883081651190861905e+01
1.882465791163541269e+01
1.881840299729534394e+01
1.881205666561751499e+01
1.880562393669508481e+01
1.879910995442693178e+01
1.879251998666484269e+01
1.878585942580237500e+01
1.877913378715551218e+01
1.877234871131807026e+01
1.876550996151187789e+01
1.875862342564773044e+01
1.926295019573056422e+01
1.926285318564304205e+01
1.926256222089004311e+01
1.926207749800023805e+01
1.926139934496305628e+01
1.926052822078705162e+01
1.925946471549988459e+01
1.925820955058997441e+01
1.925676357812322337e+01
1.925512778177349560e+01
1.925330327623377968e+01
1.925129130765781227e+01
1.924909325248238545e+01
1.924671061889947410e+01
1.924414504641459445e+01
1.924139830525795247e+01
1.923847229697330263e+01
1.923536905412350606e+01
1.923209074058497592e+01
1.922863965125323915e+01
1.922501821219015383e+01
1.922122898062390206e+01
1.921727464480179393e+01
1.921315802428466668e+01
1.920888206979970647e+01
1.920444986294598522e+01
1.919986461663613042e+01
1.919512967509630386e+01
1.919024851357178818e+01
1.918522473788534910e+01
1.918006208561492443e+01
1.917476442594642450e+01
1.916933575805439105e+01
1.916378021286853439e+01
1.915810205263212396e+01
1.915230567046032206e+01
1.914639559034019811e+01
1.914037646786678692e+01
1.913425308994867535e+01
1.912803037377749149e+01
1.912171336830005330e+01
1.911530725377671658e+01
1.910881734119253039e+01
1.910224907284608165e+01
1.909560802190787498e+01
1.908889989315636271e+01
1.908213052209470817e+01
1.907530587568681923e+01
1.906843205191572110e+01
1.906151527978355986e+01
1.958885228115763510e+01
1.958875312795066748e+01
1.958845573781405847e+01
1.958796031846463492e+01
1.958726721629338741e+01
1.958637691636547729e+01
1.958529004212580205e+01
1.958400735569342999e+01
1.958252975786159666e+01
1.958085828750885327e+01
1.957899412248234228e+01
1.957693857915615965e+01
1.957469311272578594e+01
1.957225931617758263e+01
1.956963892161373053e+01
1.956683379966334968e+01
1.956384595977694829e+01
1.956067754904871592e+01
1.955733085413027439e+01
1.955380829961136158e+01
1.955011244905029244e+01
1.954624600438514292e+01
1.954221180593371088e+01
1.953801283283518941e+01
1.953365220275571446e+01
1.952913317159396200e+01
1.952445913451161275e+01
1.951963362460845985e+01
1.951466031351125352e+01
1.950954301196253837e+01
1.950428566879018177e+01
1.949889237149621835e+01
1.949336734625684997e+01
1.948771495762801464e+01
1.948193970913425233e+01
1.947604624223819769e+01
1.947003933722386648e+01
1.946392391319665904e+01
1.945770502764171184e+01
1.945138787627669430e+01
1.944497779393508097e+01
1.943848025383007894e+01
1.943190086740743894e+01
1.942524538508149590e+01
1.941851969564632441e+01
1.941172982657016632e+01
1.940488194370101027e+01
1.939798235156101214e+01
1.939103749305206037e+01
1.938405395019185562e+01
1.991246519968465023e+01
1.991236406514476087e+01
1.991206073498413076e+01
1.991155542854936300e+01
1.991084851151629564e+01
1.990994049603717997e+01
1.990883204000464346e+01
1.990752394837658557e+01
1.990601717185127839e+01
1.990431280760341437e+01
1.990241209869527239e+01
1.990031643510720016e+01
1.989802735285432433e+01
1.989554653428099940e+01
1.989287580747194539e+01
1.989001714757715078e+01
1.988697267548698377e+01
1.988374465915708456e+01
1.988033551154739342e+01
1.987674779283035420e+01
1.987298420921318964e+01
1.986904761337955705e+01
1.986494100404790331e+01
1.986066752626589249e+01
1.985623047126319562e+01
1.985163327704033520e+01
1.984687952719098192e+01
1.984197295193245481e+01
1.983691742795850388e+01
1.983171697799766164e+01
1.982637577066604706e+01
1.982089812208669244e+01
1.981528849323971997e+01
1.980955149217053446e+01
1.980369187340096815e+01
1.979771453719321528e+01
1.979162452984427034e+01
1.978542704515803408e+01
1.977912742164829396e+01
1.977273114577738866e+01
1.976624384886474672e+01
1.975967130914786551e+01
1.975301945119345604e+01
1.974629434560302244e+01
1.973950220960171364e+01
1.973264940644946108e+01
1.972574244529378262e+01
1.971878798234747521e+01
1.971179281971090447e+01
1.970476390596088123e+01
2.024633200217072115e+01
2.024622872995824707e+01
2.024591898972410320e+01
2.024540301376960727e+01
2.024468118749705781e+01
2.024375405117629612e+01
2.024262229950307201e+01
2.024128678130460912e+01
2.023974849998124981e+01
2.023800861291759645e+01
2.023606843207137729e+01
2.023392942426784913e+01
2.023159320943327089e+01
2.022906156309749903e+01
2.022633641448023312e+01
2.022341984722707409e+01
2.022031409955673809e+01
2.021702156367221193e+01
2.021354478634959051e+01
2.020988646879088435e+01
2.020604946647678091e+01
2.020203678916666590e+01
2.019785160104582999e+01
2.019349722057824792e+01
2.018897712065380645e+01
2.018429492844107642e+01
2.017945442524011312e+01
2.017445954736571423e+01
2.016931438496974494e+01
2.016402318233554070e+01
2.015859033890840024e+01
2.015302040738183464e+01
2.014731809605294899e+01
2.014148826602542286e+01
2.013553593488980553e+01
2.012946627215994511e+01
2.012328460354213533e+01
2.011699640813809609e+01
2.011060731991707939e+01
2.010412312653818034e+01
2.009754977096967110e+01
2.009089334972245666e+01
2.008416011388055367e+01
2.007735646895388726e+01
2.007048897473106663e+01
2.006356434557381974e+01
2.005658944968092783e+01
2.004957131056035635e+01
2.004251710467383774e+01
2.003543416423392998e+01
2.060303074542768798e+01
2.060292478747052414e+01
2.060260699530195794e+01
2.060207761285309047e+01
2.060133704657760845e+01
2.060038586618785672e+01
2.059922480347712437e+01
2.059785475335015192e+01
2.059627677293983794e+01
2.059449208234330797e+01
2.059250206447470433e+01
2.059030826462355179e+01
2.058791239089638481e+01
2.058531631406954432e+01
2.058252206744196044e+01
2.057953184727678675e+01
2.057634801221256282e+01
2.057297308370484146e+01
2.056940974602618510e+01
2.056566084567732844e+01
2.056172939256486742e+01
2.055761855838192531e+01
2.055333167837470754e+01
2.054887224972315707e+01
2.054424393257144743e+01
2.053945054988075825e+01
2.053449608728208631e+01
2.052938469278179667e+01
2.052412067735048495e+01
2.051870851433412568e+01
2.051315284033734088e+01
2.050745845375128695e+01
2.050163031652019896e+01
2.049567355252204237e+01
2.048959344918787551e+01
2.048339545573526976e+01
2.047708518419882040e+01
2.047066840987177727e+01
2.046415107042275849e+01
2.045753926589577176e+01
2.045083925944625847e+01
2.044405747631061132e+01
2.043720050483666739e+01
2.043027509692534238e+01
2.042328816508637601e+01
2.041624678597143827e+01
2.040915819890199856e+01
2.040202980513327802e+01
2.039486916932634486e+01
2.038768401822323639e+01
2.095840794566241883e+01
2.095829942635511856e+01
2.095797395425809384e+01
2.095743178655156669e+01
2.095667335132946718e+01
2.095569924848269494e+01
2.095451024911027460e+01
2.095310729551937001e+01
2.095149150196132837e+01
2.094966415330676668e+01
2.094762670637050306e+01
2.094538078873383924e+01
2.094292820021669854e+01
2.094027091096385007e+01
2.093741106291703957e+01
2.093435096981499299e+01
2.093109311631014435e+01
2.092764015841025582e+01
2.092399492347843548e+01
2.092016041038034757e+01
2.091613978948420538e+01
2.091193640207191606e+01
2.090755376092795714e+01
2.090299555048655478e+01
2.089826562624285700e+01
2.089336801548898848e+01
2.088830691598914058e+01
2.088308669804054318e+01
2.087771190211806172e+01
2.087218724108239698e+01
2.086651759841351961e+01
2.086070802938838398e+01
2.085476376049206593e+01
2.084869018941777341e+01
2.084249288550847723e+01
2.083617758931527320e+01
2.082975021289181683e+01
2.082321683920546107e+01
2.081658372302053195e+01
2.080985729060391520e+01
2.080304413898898375e+01
2.079615103715330093e+01
2.078918492513534133e+01
2.078215291418171162e+01
2.077506228748320893e+01
2.076792049870268997e+01
2.076073517374162947e+01
2.075351410956241693e+01
2.074626527389393260e+01
2.073899680729252282e+01
2.132725248054057587e+01
2.132714110001129271e+01
2.132680704822306339e+01
2.132625059619408248e+01
2.132547219454178844e+01
2.132447247510218702e+01
2.132325224945775233e+01
2.132181251026230839e+01
2.132015443035777480e+01
2.131827936262694578e+01
2.131618884072955566e+01
2.131388457910227530e+01
2.131136847148659896e+01
2.130864259343143985e+01
2.130570919964331011e+01
2.130257072648894479e+01
2.129922978978710191e+01
2.129568918628068985e+01
2.129195189275349875e+01
2.128802106676624817e+01
2.128390004636218436e+01
2.127959234962542112e+01
2.127510167512259187e+01
2.127043190234448033e+01
2.126558709052831730e+01
2.126057147998270835e+01
2.125538949090991281e+01
2.125004572399471314e+01
2.124454496099324885e+01
2.123889216311368955e+01
2.123309247278277923e+01
2.122715121232093338e+01
2.122107388482550050e+01
2.121486617372913130e+01
2.120853394250535828e+01
2.120208323569906739e+01
2.119552027804324368e+01
2.118885147445896067e+01
2.118208341049701460e+01
2.117522285219072131e+01
2.116827674561426775e+01
2.116125221806042234e+01
2.115415657627397650e+01
2.114699730792387911e+01
2.113978208145600846e+01
2.113251874491549387e+01
2.112521532741882169e+01
2.111788003841778405e+01
2.111052126769946824e+01
2.110314758509184685e+01
2.172014790329358291e+01
2.172003298922287229e+01
2.171968834152115235e+01
2.171911424489739062e+01
2.171831117411186440e+01
2.171727979309291001e+01
2.171602095626183271e+01
2.171453570735518923e+01
2.171282528001365719e+01
2.171089109778203152e+01
2.170873477396200357e+01
2.170635811146495087e+01
2.170376310340079939e+01
2.170095193234193687e+01
2.169792697061766873e+01
2.169469078060861378e+01
2.169124611445229789e+01
2.168759591374872286e+01
2.168374331044363856e+01
2.167969162579806763e+01
2.167544437112434608e+01
2.167100524749172052e+01
2.166637814572633758e+01
2.166156714655845406e+01
2.165657652018080626e+01
2.165141072698466829e+01
2.164607441711821423e+01
2.164057243004488384e+01
2.163490979586829255e+01
2.162909173356568360e+01
2.162312365260725855e+01
2.161701115207291579e+01
2.161076002050502609e+01
2.160437623679170827e+01
2.159786596913634682e+01
2.159123557579365738e+01
2.158449160492246577e+01
2.157764079399685642e+01
2.157069007098388980e+01
2.156364655301866762e+01
2.155651754743482940e+01
2.154931055102849768e+01
2.154203325079433284e+01
2.153469352333668141e+01
2.152729943501678989e+01
2.151985924151117402e+01
2.151238138972536618e+01
2.150487451440805131e+01
2.149734744212577553e+01
2.148980918743545132e+01
2.211295696737166239e+01
2.211283857570026967e+01
2.211248350108500560e+01
2.211189204251444451e+01
2.211106469918613726e+01
2.211000216977057420e+01
2.210870535255837765e+01
2.210717534531308814e+01
2.210541344586003731e+01
2.210342115105583005e+01
2.210120015811328642e+01
2.209875236268764809e+01
2.209607986137921998e+01
2.209318494952517042e+01
2.209007012252443403e+01
2.208673807495445374e+01
2.208319170174886992e+01
2.207943409657818989e+01
2.207546855346911485e+01
2.207129856547964408e+01
2.206692782572954314e+01
2.206236022681150644e+01
2.205759986079115720e+01
2.205265101964867824e+01
2.204751819468996743e+01
2.204220607698827195e+01
2.203671955723697806e+01
2.203106372574961114e+01
2.202524387231261827e+01
2.201926548662701677e+01
2.201313425757231812e+01
2.200685607423702450e+01
2.200043702474092555e+01
2.199388339726558783e+01
2.198720167961272054e+01
2.198039855832088207e+01
2.197348092102091144e+01
2.196645585363885900e+01
2.195933064260419698e+01
2.195211277367210911e+01
2.194480993207070441e+01
2.193743000264822740e+01
2.192998106987306173e+01
2.192247141842258529e+01
2.191490953171102873e+01
2.190730409321441030e+01
2.189966398617608689e+01
2.189199829301792732e+01
2.188431629622356667e+01
2.187662747745514835e+01
2.252173706752335747e+01
2.252161474174534561e+01
2.252124786922660604e+01
2.252063676470744014e+01
2.251978195300038266e+01
2.251868416840133946e+01
2.251734435586729077e+01
2.251576366924974693e+01
2.251394347291407882e+01
2.251188534085623516e+01
2.250959105714440511e+01
2.250706261533014541e+01
2.250430221918444929e+01
2.250131228255053628e+01
2.249809542831336273e+01
2.249465449016617669e+01
2.249099251128559729e+01
2.248711274462604592e+01
2.248301865321416315e+01
2.247871390970718863e+01
2.247420239668736741e+01
2.246948820695637750e+01
2.246457564309370625e+01
2.245946921686778452e+01
2.245417365070812465e+01
2.244869387667482030e+01
2.244303503690019141e+01
2.243720248270551210e+01
2.243120177622034106e+01
2.242503868876318762e+01
2.241871920172478383e+01
2.241224950642087776e+01
2.240563600409222644e+01
2.239888530575739267e+01
2.239200423221273795e+01
2.238499981432683938e+01
2.237787929304051460e+01
2.237065011833630734e+01
2.236331995115226690e+01
2.235589666146817223e+01
2.234838832948325660e+01
2.234080324517453420e+01
2.233314990873846995e+01
2.232543702970768251e+01
2.231767352783423775e+01
2.230986853279520332e+01
2.230203138345660818e+01
2.229417162963997612e+01
2.228629903050298466e+01
2.227842355453949352e+01
2.295419714116499676e+01
2.295407011106461326e+01
2.295368913102561592e+01
2.295305453212890257e+01
2.295216686509639814e+01
2.295102690235204435e+01
2.294963563581361399e+01
2.294799427851202722e+01
2.294610426370810785e+01
2.294396724548139943e+01
2.294158509799413537e+01
2.293895991637448972e+01
2.293609401583331220e+01
2.293298993269461405e+01
2.292965042307066170e+01
2.292607846418687956e+01
2.292227725335136057e+01
2.291825020883815611e+01
2.291400096915120344e+01
2.290953339317153592e+01
2.290485156074613471e+01
2.289995977180466014e+01
2.289486254709551005e+01
2.288956462774417489e+01
2.288407097510604160e+01
2.287838677179686186e+01
2.287251742036785629e+01
2.286646854418897945e+01
2.286024598656565132e+01
2.285385581221087037e+01
2.284730430562589731e+01
2.284059797213071974e+01
2.283374353771684895e+01
2.282674794845848254e+01
2.281961837154296902e+01
2.281236219394590492e+01
2.280498702390326926e+01
2.279750068973371668e+01
2.278991123983856326e+01
2.278222694446836627e+01
2.277445629307306874e+01
2.276660799636299259e+01
2.275869098513113897e+01
2.275071441128366700e+01
2.274268764636777362e+01
2.273462028304381377e+01
2.272652213449645942e+01
2.271840323428748221e+01
2.271027383694459800e+01
2.270214441634214353e+01
2.338789537122693574e+01
2.338776359764565527e+01
2.338736839290526248e+01
2.338671010442723386e+01
2.338578931193436361e+01
2.338460682597862217e+01
2.338316368970772885e+01
2.338146117768743082e+01
2.337950079590151731e+01
2.337728428278229131e+01
2.337481360788568097e+01
2.337209097262728008e+01
2.336911881028235527e+01
2.336589978598584594e+01
2.336243679614352686e+01
2.335873296946246924e+01
2.335479166592057609e+01
2.335061647764984727e+01
2.334621122805311089e+01
2.334157997283449859e+01
2.333672699882175650e+01
2.333165682484952086e+01
2.332637420161209363e+01
2.332088411136903616e+01
2.331519176838678931e+01
2.330930261834982531e+01
2.330322233880230698e+01
2.329695683900083836e+01
2.329051225976728645e+01
2.328389497437203559e+01
2.327711158662023294e+01
2.327016893320718793e+01
2.326307408209903471e+01
2.325583433267993883e+01
2.324845721648816976e+01
2.324095049677445601e+01
2.323332216850198861e+01
2.322558045805199356e+01
2.321773382381258344e+01
2.320979095632596767e+01
2.320176077681633942e+01
2.319365243939803634e+01
2.318547532916181098e+01
2.317723906305807802e+01
2.316895349019135608e+01
2.316062869064256802e+01
2.315227497694114689e+01
2.314390289318178873e+01
2.313552321458278982e+01
2.312714694939982607e+01
2.383938437056766091e+01
2.383924722858846224e+01
2.383883592395395823e+01
2.383815082219276249e+01
2.383719253188131759e+01
2.383596190523273251e+01
2.383446003809679681e+01
2.383268826937111484e+01
2.383064818173718180e+01
2.382834160136595614e+01
2.382577059791784535e+01
2.382293748468994465e+01
2.381984481758552263e+01
2.381649539732223175e+01
2.381289226737111164e+01
2.380903871439824826e+01
2.380493826929524559e+01
2.380059470570710189e+01
2.379601204135713033e+01
2.379119453731089351e+01
2.378614669782898616e+01
2.378087327066146983e+01
2.377537924748949294e+01
2.376966986318925024e+01
2.376375059612639262e+01
2.375762716800882046e+01
2.375130554432831786e+01
2.374479193406613220e+01
2.373809278925132915e+01
2.373121480584407550e+01
2.372416492285236700e+01
2.371695032336249653e+01
2.370957843380302066e+01
2.370205692320866575e+01
2.369439370542854917e+01
2.368659693691795454e+01
2.367867501791606699e+01
2.367063659200431047e+01
2.366249054640078597e+01
2.365424601166584395e+01
2.364591236199650126e+01
2.363749921507924157e+01
2.362901643179558064e+01
2.362047411681092868e+01
2.361188261813292755e+01
2.360325252740590685e+01
2.359459467946922828e+01
2.358592015309334400e+01
2.357724027009654222e+01
2.356856659563934642e+01
2.431334152918122271e+01
2.431319816099691522e+01
2.431276818437165232e+01
2.431205198294118119e+01
2.431105019634378195e+01
2.430976371933697067e+01
2.430819370297522397e+01
2.430634155416831277e+01
2.430420893509248614e+01
2.430179776407370795e+01
2.429911021529327186e+01
2.429614871805170395e+01
2.429291595824090777e+01
2.428941487701925084e+01
2.428564867125318827e+01
2.428162079381171168e+01
2.427733495341910697e+01
2.427279511406613111e+01
2.426800549618769764e+01
2.426297057519075295e+01
2.425769508322083112e+01
2.425218400724828882e+01
2.424644259024600146e+01
2.424047633148379433e+01
2.423429098535074289e+01
2.422789256253286183e+01
2.422128732883542668e+01
2.421448180650785531e+01
2.420748277306604024e+01
2.420029726202839271e+01
2.419293256232699107e+01
2.418539621948529117e+01
2.417769603385156785e+01
2.416984006207104585e+01
2.416183661620262413e+01
2.415369426460214441e+01
2.414542183074469506e+01
2.413702839440232140e+01
2.412852329076073232e+01
2.411991611100815902e+01
2.411121670189372068e+01
2.410243516602184854e+01
2.409358186170506144e+01
2.408466740325841471e+01
2.407570266041062368e+01
2.406669875845129880e+01
2.405766707970304807e+01
2.404861926043004061e+01
2.403956719407666043e+01
2.403052302920653815e+01
2.478982581161561072e+01
2.478967605514524308e+01
2.478922692013914997e+01
2.478847880981233942e+01
2.478743239604262527e+01
2.478608861966503696e+01
2.478444869003019235e+01
2.478251408574035608e+01
2.478028655347173270e+01
2.477776810944660468e+01
2.477496103825562912e+01
2.477186789315224758e+01
2.476849149634713854e+01
2.476483493900818900e+01
2.476090158081887438e+01
2.475669505056711373e+01
2.475221924511475535e+01
2.474747833101694283e+01
2.474247674290276677e+01
2.473721918465296099e+01
2.473171062866384418e+01
2.472595631628895774e+01
2.471996175739742085e+01
2.471373273096279988e+01
2.470727528432702158e+01
2.470059573408365949e+01
2.469370066534187913e+01
2.468659693216806161e+01
2.467929165699696270e+01
2.467179223180940539e+01
2.466410631651295304e+01
2.465624184011959485e+01
2.464820700074576365e+01
2.464001026487625978e+01
2.463166036795310276e+01
2.462316631437553482e+01
2.461453737691117283e+01
2.460578309728484925e+01
2.459691328632584018e+01
2.458793802308457188e+01
2.457886765586312094e+01
2.456971280133193503e+01
2.456048434541310854e+01
2.455119344254432434e+01
2.454185151567883949e+01
2.453247025716877516e+01
2.452306162802905476e+01
2.451363785705411757e+01
2.450421144317332178e+01
2.449479515353719350e+01
2.528396549437682950e+01
2.528380860487241222e+01
2.528333807738871641e+01
2.528255433575051114e+01
2.528145808598890198e+01
2.528005031707740713e+01
2.527833230004867460e+01
2.527630558843612718e+01
2.527397201827395534e+01
2.527133370839154836e+01
2.526839305953021153e+01
2.526515275566808683e+01
2.526161576225359795e+01
2.525778532797200882e+01
2.525366498400934034e+01
2.524925854361076105e+01
2.524457010252220002e+01
2.523960403943200248e+01
2.523436501523485020e+01
2.522885797303178279e+01
2.522308813871902444e+01
2.521706102054636034e+01
2.521078240941156778e+01
2.520425837841876060e+01
2.519749528346724432e+01
2.519049976266268587e+01
2.518327873661150917e+01
2.517583940856812674e+01
2.516818926428772585e+01
2.516033607143740269e+01
2.515228788106831104e+01
2.514405302584909307e+01
2.513564012183244500e+01
2.512705806654133767e+01
2.511831604073557855e+01
2.510942350723411209e+01
2.510039021165107087e+01
2.509122618180694175e+01
2.508194172787576193e+01
2.507254744326840523e+01
2.506305420286603436e+01
2.505347316463942420e+01
2.504381576891291061e+01
2.503409373836439045e+01
2.502431907846695225e+01
2.501450407690003530e+01
2.500466130369663631e+01
2.499480361153772634e+01
2.498494413589948948e+01
2.497509629431722544e+01
2.579744711369119869e+01
2.579728221494397644e+01
2.579678766723971606e+01
2.579596391560177437e+01
2.579481170271716906e+01
2.579333206746445839e+01
2.579152634594420590e+01
2.578939617103737092e+01
2.578694347240528373e+01
2.578417047722573230e+01
2.578107970872081367e+01
2.577767398748185812e+01
2.577395643088058819e+01
2.576993045321630760e+01
2.576559976586313994e+01
2.576096837682837304e+01
2.575604059089967635e+01
2.575082101023395253e+01
2.574531453332685160e+01
2.573952635619046347e+01
2.573346197117562539e+01
2.572712716785520115e+01
2.572052803228800499e+01
2.571367094819650490e+01
2.570656259520028541e+01
2.569920995087700888e+01
2.569162028870144709e+01
2.568380117995923584e+01
2.567576049198033772e+01
2.566750638975836907e+01
2.565904733447848685e+01
2.565039208469506349e+01
2.564154969589008459e+01
2.563252952003148266e+01
2.562334120616199584e+01
2.561399470069360618e+01
2.560450024608260833e+01
2.559486838244894713e+01
2.558510994625132895e+01
2.557523607117046538e+01
2.556525818752024293e+01
2.555518802283657465e+01
2.554503760143574809e+01
2.553481924441443240e+01
2.552454556994410950e+01
2.551422949268221529e+01
2.550388422480263273e+01
2.549352327481798852e+01
2.548316044861014618e+01
2.547280984854691610e+01
2.631441120082703833e+01
2.631423799708711897e+01
2.631371854191260340e+01
2.631285330402806011e+01
2.631164306395412211e+01
2.631008891444911413e+01
2.630819226109789710e+01
2.630595482113418271e+01
2.630337862476544331e+01
2.630046601370077397e+01
2.629721964247582022e+01
2.629364247771670549e+01
2.628973779858167603e+01
2.628550919587781465e+01
2.628096057338597191e+01
2.627609614653583137e+01
2.627092044373084079e+01
2.626543830517050182e+01
2.625965488358643185e+01
2.625357564350631279e+01
2.624720636243157301e+01
2.624055312951249519e+01
2.623362234672590176e+01
2.622642072784466549e+01
2.621895529932099933e+01
2.621123339969759769e+01
2.620326267975484313e+01
2.619505110265802728e+01
2.618660694351571294e+01
2.617793879041021299e+01
2.616905554307269810e+01
2.615996641376644405e+01
2.615068092699242541e+01
2.614120891948931202e+01
2.613156054038067566e+01
2.612174625102779402e+01
2.611177682502962227e+01
2.610166334822282508e+01
2.609141721882896192e+01
2.608105014730729465e+01
2.607057415650198351e+01
2.606000158120046706e+01
2.604934506886950629e+01
2.603861757891914053e+01
2.602783238358594531e+01
2.601700306660812956e+01
2.600614352455045264e+01
2.599526796606814116e+01
2.598439091190692452e+01
2.597352719578626434e+01
2.684650876592784030e+01
2.684632648962929480e+01
2.684577982458115741e+01
2.684486926409249463e+01
2.684359562931457788e+01
2.684196006982974936e+01
2.683996406438748750e+01
2.683760941972670011e+01
2.683489827160620322e+01
2.683183308362704977e+01
2.682841664841019025e+01
2.682465208730208417e+01
2.682054284978582359e+01
2.681609271392278515e+01
2.681130578649984386e+01
2.680618650258772107e+01
2.680073962583542269e+01
2.679497024876465971e+01
2.678888379218100368e+01
2.678248600532108981e+01
2.677578296614704101e+01
2.676878108075763052e+01
2.676148708471319182e+01
2.675390804082741170e+01
2.674605134152275809e+01
2.673792470721112480e+01
2.672953618717711066e+01
2.672089415854753369e+01
2.671200732805797884e+01
2.670288472999182616e+01
2.669353572779958483e+01
2.668397001306840721e+01
2.667419760611093693e+01
2.666422885596531245e+01
2.665407443965910872e+01
2.664374536323980891e+01
2.663325296103875672e+01
2.662260889625999738e+01
2.661182516009701615e+01
2.660091407261599272e+01
2.658988828260860871e+01
2.657876076700318535e+01
2.656754483145353163e+01
2.655625411004453440e+01
2.654490256543935445e+01
2.653350448902664738e+01
2.652207450047892578e+01
2.651062754804698329e+01
2.649917890855988745e+01
2.648774418771942152e+01
2.739322044332427808e+01
2.739302828730101780e+01
2.739245199191148217e+01
2.739149207578528333e+01
2.739014940335416881e+01
2.738842518514645263e+01
2.738632097660931919e+01
2.738383867972816077e+01
2.738098054214328414e+01
2.737774915670830822e+01
2.737414746281504208e+01
2.737017874506859627e+01
2.736584663387621319e+01
2.736115510603613288e+01
2.735610848326546929e+01
2.735071143367231628e+01
2.734496897072527588e+01
2.733888645398952377e+01
2.733246958824352291e+01
2.732572442495115084e+01
2.731865736034794168e+01
2.731127513735485124e+01
2.730358484381169148e+01
2.729559391394928269e+01
2.728731012765335606e+01
2.727874161017016164e+01
2.726989683298972267e+01
2.726078461325699465e+01
2.725141411347743414e+01
2.724179484269470564e+01
2.723193665531297825e+01
2.722184975109692218e+01
2.721154467605499150e+01
2.720103232229220680e+01
2.719032392668523457e+01
2.717943107279617365e+01
2.716836568969482713e+01
2.715714005181151336e+01
2.714576678011474087e+01
2.713425884049189918e+01
2.712262954522136127e+01
2.711089255208922566e+01
2.709906186453650889e+01
2.708715183239523228e+01
2.707517715026905947e+01
2.706315285959429318e+01
2.705109434643167532e+01
2.703901734367456910e+01
2.702693792928243610e+01
2.701487252760571067e+01
2.794372135434794302e+01
2.794351890095812863e+01
2.794291172289052838e+01
2.794190036645070663e+01
2.794048574229512738e+01
2.793866912513675871e+01
2.793645215418668926e+01
2.793383683241806992e+01
2.793082552730219348e+01
2.792742097095568354e+01
2.792362625866838144e+01
2.791944485125874920e+01
2.791488057271845236e+01
2.790993761183172950e+01
2.790462052099764989e+01
2.789893421799670747e+01
2.789288398348817566e+01
2.788647546351273121e+01
2.787971466728426861e+01
2.787260796925087547e+01
2.786516210718106734e+01
2.785738418393033555e+01
2.784928166596903054e+01
2.784086238411840597e+01
2.783213453355065070e+01
2.782310667349442568e+01
2.781378772767653373e+01
2.780418698373304665e+01
2.779431409379817453e+01
2.778417907406261378e+01
2.777379230492075735e+01
2.776316453141235030e+01
2.775230686204477237e+01
2.774123077026517237e+01
2.772994809298833729e+01
2.771847103236324728e+01
2.770681215385930685e+01
2.769498438788569672e+01
2.768300102831922516e+01
2.767087573412368684e+01
2.765862252773051466e+01
2.764625579606927630e+01
2.763379029042044621e+01
2.762124112626820960e+01
2.760862378315323440e+01
2.759595410511433045e+01
2.758324829995235561e+01
2.757052294040795104e+01
2.755779496283659924e+01
2.754508166794470725e+01
2.850362999239318285e+01
2.850341663600462283e+01
2.850277675865681815e+01
2.850171093639225006e+01
2.850022012815308514e+01
2.849830567784215773e+01
2.849596931196756344e+01
2.849321314185085185e+01
2.849003966171326852e+01
2.848645175029507826e+01
2.848245266982508284e+01
2.847804606631506275e+01
2.847323596970696613e+01
2.846802679313685047e+01
2.846242333470145169e+01
2.845643077510276342e+01
2.845005467970901591e+01
2.844330099708255943e+01
2.843617606001034304e+01
2.842868658462064957e+01
2.842083967141356737e+01
2.841264280408330833e+01
2.840410385069589339e+01
2.839523106236424610e+01
2.838603307501474404e+01
2.837651890747346073e+01
2.836669796264384402e+01
2.835658002735953431e+01
2.834617527223712941e+01
2.833549425138176758e+01
2.832454790312318949e+01
2.831334754913246599e+01
2.830190489559969436e+01
2.829023203161465716e+01
2.827834143063895667e+01
2.826624594947551827e+01
2.825395882929909064e+01
2.824149369477295224e+01
2.822886455434334962e+01
2.821608580009228717e+01
2.820317220847357476e+01
2.819013893898793199e+01
2.817700153565510135e+01
2.816377592524730744e+01
2.815047841949743557e+01
2.813712571347970126e+01
2.812373488605127747e+01
2.811032339926346424e+01
2.809690910012821519e+01
2.808351021855717988e+01
2.907166009626669734e+01
2.907143523507472693e+01
2.907076085347436134e+01
2.906963755901155011e+01
2.906806636274168554e+01
2.906604868084892956e+01
2.906358633435180039e+01
2.906068154866153463e+01
2.905733695402370742e+01
2.905355558478219180e+01
2.904934088040963758e+01
2.904469668506582636e+01
2.903962724700883413e+01
2.903413721977272033e+01
2.902823166084262851e+01
2.902191603283247190e+01
2.901519620289609236e+01
2.900807844287446358e+01
2.900056942870686072e+01
2.899267624175575264e+01
2.898440636733467812e+01
2.897576769603317715e+01
2.896676852239185962e+01
2.895741754578568461e+01
2.894772387071838793e+01
2.893769700549757573e+01
2.892734686400125454e+01
2.891668376346967406e+01
2.890571842730232888e+01
2.889446198240817054e+01
2.888292596038327531e+01
2.887112229824692733e+01
2.885906333667505663e+01
2.884676182147238066e+01
2.883423090313073800e+01
2.882148413682912391e+01
2.880853548199202052e+01
2.879539930273105597e+01
2.878209036813942134e+01
2.876862385185023285e+01
2.875501533159489398e+01
2.874128079038079875e+01
2.872743661575526986e+01
2.871349959936391016e+01
2.869948693798110639e+01
2.868541623321559086e+01
2.867130549033275599e+01
2.865717312046282572e+01
2.864303793839266987e+01
2.862891916403794568e+01
2.964275645644041646e+01
2.964251960523266760e+01
2.964180926462590193e+01
2.964062607543609218e+01
2.963897110480658625e+01
2.963684584723859672e+01
2.963425222414956295e+01
2.963119258343150264e+01
2.962766970077594308e+01
2.962368677805457295e+01
2.961924744479136251e+01
2.961435575683765720e+01
2.960901619740267066e+01
2.960323367646462245e+01
2.959701353091796250e+01
2.959036152501499828e+01
2.958328384962984359e+01
2.957578712240561458e+01
2.956787838849050942e+01
2.955956511965452549e+01
2.955085521458388342e+01
2.954175699888102713e+01
2.953227922550626516e+01
2.952243107404170885e+01
2.951222215098568569e+01
2.950166249004718111e+01
2.949076255185140027e+01
2.947953322364535111e+01
2.946798582003390266e+01
2.945613208253815074e+01
2.944398417944819712e+01
2.943155470597037748e+01
2.941885668496330553e+01
2.940590356487691537e+01
2.939270922254948815e+01
2.937928796085225258e+01
2.936565451016151229e+01
2.935182402732815987e+01
2.933781209685537306e+01
2.932363472942649807e+01
2.930930836308273868e+01
2.929484986278151837e+01
2.928027652054370833e+01
2.926560605515918567e+01
2.925085661233405432e+01
2.923604676527948953e+01
2.922119551353404177e+01
2.920632228355249893e+01
2.919144692929470253e+01
2.917658973163673508e+01
3.021413595761207205e+01
3.021388694120568275e+01
3.021314011722162007e+01
3.021189616165964864e+01
3.021015620113696443e+01
3.020792181259377074e+01
3.020519502388214050e+01
3.020197831391320875e+01
3.019827461118507017e+01
3.019408729584373319e+01
3.018942019791658637e+01
3.018427759849009107e+01
3.017866422912092617e+01
3.017258527183600236e+01
3.016604635957408576e+01
3.015905357589137736e+01
3.015161345481430288e+01
3.014373298113394384e+01
3.013541959011159221e+01
3.012668116747877178e+01
3.011752605017328932e+01
3.010796302530874868e+01
3.009800133061619931e+01
3.008765065459132515e+01
3.007692113634725217e+01
3.006582336576175862e+01
3.005436838274119893e+01
3.004256767869265232e+01
3.003043319519898091e+01
3.001797732431328214e+01
3.000521290885329506e+01
2.999215324240141456e+01
2.997881206901024598e+01
2.996520358349705404e+01
2.995134243085490056e+01
2.993724370757755793e+01
2.992292296004016450e+01
2.990839618538251443e+01
2.989367983165626441e+01
2.987879079723607845e+01
2.986374643111405192e+01
2.984856453334136361e+01
2.983326335399777207e+01
2.981786159436931882e+01
2.980237840562342910e+01
2.978683339042822453e+01
2.977124660118600374e+01
2.975563854224139959e+01
2.974003016678993916e+01
2.972444287996949797e+01
3.078574498999756059e+01
3.078548358139086361e+01
3.078469959317173377e+01
3.078339373961518177e+01
3.078156720960928538e+01
3.077922166915780977e+01
3.077635925917201121e+01
3.077298259679556836e+01
3.076909477481570221e+01
3.076469936181042186e+01
3.075980040288455797e+01
3.075440241775602246e+01
3.074851040296397997e+01
3.074212983039673475e+01
3.073526664832220945e+01
3.072792727976861116e+01
3.072011862443819297e+01
3.071184805782398897e+01
3.070312343120978937e+01
3.069395307108132087e+01
3.068434578089277309e+01
3.067431083885862364e+01
3.066385799942575829e+01
3.065299749312626076e+01
3.064174002598856106e+01
3.063009677997907332e+01
3.061807941270777533e+01
3.060570005801704241e+01
3.059297132539282416e+01
3.057990629996461962e+01
3.056651854279991554e+01
3.055282209090418277e+01
3.053883145692645584e+01
3.052456162960095298e+01
3.051002807315825649e+01
3.049524672791413238e+01
3.048023401012233791e+01
3.046500681123854903e+01
3.044958249953970508e+01
3.043397891806302624e+01
3.041821438637256492e+01
3.040230769982315095e+01
3.038627812911874670e+01
3.037014542134293293e+01
3.035392979937006785e+01
3.033765196142363862e+01
3.032133308181233744e+01
3.030499481093004022e+01
3.028865927437255934e+01
3.027234907426252875e+01
3.135830489922064146e+01
3.135803065824829261e+01
3.135720818647574859e+01
3.135583823821982108e+01
3.135392207052796820e+01
3.135146144273667446e+01
3.134845861779636067e+01
3.134491636065203579e+01
3.134083793971542775e+01
3.133622712524566012e+01
3.133108819155740932e+01
3.132542591437110957e+01
3.131924557316833457e+01
3.131255295001410843e+01
3.130535432940968477e+01
3.129765649888139833e+01
3.128946674883345480e+01
3.128079287225351024e+01
3.127164316485987072e+01
3.126202642539593057e+01
3.125195195518852742e+01
3.124142955814794576e+01
3.123046954179840284e+01
3.121908271536428003e+01
3.120728039153669187e+01
3.119507438544297173e+01
3.118247701538275507e+01
3.116950110194470014e+01
3.115615996874254279e+01
3.114246744226788977e+01
3.112843785159579824e+01
3.111408602882640295e+01
3.109942730834886149e+01
3.108447752801905040e+01
3.106925302768744146e+01
3.105377065096564948e+01
3.103804774316546755e+01
3.102210215306540420e+01
3.100595223202740769e+01
3.098961683429130431e+01
3.097311531668036366e+01
3.095646753889572622e+01
3.093969386351639983e+01
3.092281515585204943e+01
3.090585278364858368e+01
3.088882861797140222e+01
3.087176503246936221e+01
3.085468490352197435e+01
3.083761160994498240e+01
3.082056903402085268e+01
3.191918302662038798e+01
3.191889653771597324e+01
3.191803733672127663e+01
3.191660622049750984e+01
3.191460451675413523e+01
3.191203408478491710e+01
3.190889731487907710e+01
3.190519712846850453e+01
3.190093697812775986e+01
3.189612084772127787e+01
3.189075325240338543e+01
3.188483923802942854e+01
3.187838438218628312e+01
3.187139479316185131e+01
3.186387711097554742e+01
3.185583850620061241e+01
3.184728668114180650e+01
3.183822986909934372e+01
3.182867683407446791e+01
3.181863687179993860e+01
3.180811980929840388e+01
3.179713600399911400e+01
3.178569634535726607e+01
3.177381225382350394e+01
3.176149568054951544e+01
3.174875910812407298e+01
3.173561555057304417e+01
3.172207855262332998e+01
3.170816219073335063e+01
3.169388107206255611e+01
3.167925033535469836e+01
3.166428564976014215e+01
3.164900321660240223e+01
3.163341976805324762e+01
3.161755256698546290e+01
3.160141940770893854e+01
3.158503861611786689e+01
3.156842904866025989e+01
3.155161009351564516e+01
3.153460166971179746e+01
3.151742422741915561e+01
3.150009874824526079e+01
3.148264674449867684e+01
3.146509026051391444e+01
3.144745187073766601e+01
3.142975468134813966e+01
3.141202233025506629e+01
3.139427898518592741e+01
3.137654934633579273e+01
3.135885864445354443e+01
3.247165444588281957e+01
3.247135604483803206e+01
3.247046112273232410e+01
3.246897052117949301e+01
3.246688564340902161e+01
3.246420845397159383e+01
3.246094147873914437e+01
3.245708780490483036e+01
3.245265108024695877e+01
3.244763551489558751e+01
3.244204587956591013e+01
3.243588750644157415e+01
3.242916628917467392e+01
3.242188868229688836e+01
3.241406170166113299e+01
3.240569292503039378e+01
3.239679049075282080e+01
3.238736309879223541e+01
3.237742001028645689e+01
3.236697104769454825e+01
3.235602659464958464e+01
3.234459759640029830e+01
3.233269555878057133e+01
3.232033254997602256e+01
3.230752119846300729e+01
3.229427469448074817e+01
3.228060678944247996e+01
3.226653179608267408e+01
3.225206458845701718e+01
3.223722060164801917e+01
3.222201583220662258e+01
3.220646683829941281e+01
3.219059073882538513e+01
3.217440521429914924e+01
3.215792850596773178e+01
3.214117941757706376e+01
3.212417731272219612e+01
3.210694211734988102e+01
3.208949431784483153e+01
3.207185496279628012e+01
3.205404566137860201e+01
3.203608858408741611e+01
3.201800646318120158e+01
3.199982259165081899e+01
3.198156082425000690e+01
3.196324557661207422e+01
3.194490182583879090e+01
3.192655511050035599e+01
3.190823152975214327e+01
3.188995774495402458e+01
3.302130444014752442e+01
3.302099391468195222e+01
3.302006263477120029e+01
3.301851149075640990e+01
3.301634196550901379e+01
3.301355613531398348e+01
3.301015667060590886e+01
3.300614683390802639e+01
3.300153048159875624e+01
3.299631206361728886e+01
3.299049662272751249e+01
3.298408979481244074e+01
3.297709780961028514e+01
3.296952749012559281e+01
3.296138625204039840e+01
3.295268210489192739e+01
3.294342365089489988e+01
3.293362008670806773e+01
3.292328120063719865e+01
3.291241737572650550e+01
3.290103958755050684e+01
3.288915940509723868e+01
3.287678899076831840e+01
3.286394110008447456e+01
3.285062908183278552e+01
3.283686687836108575e+01
3.282266902484192173e+01
3.280805065045023383e+01
3.279302747689124686e+01
3.277761581957815196e+01
3.276183258689606959e+01
3.274569528079087632e+01
3.272922199662200882e+01
3.271243142257359438e+01
3.269534284053774087e+01
3.267797612537848551e+01
3.266035174537339003e+01
3.264249076206639444e+01
3.262441483026773881e+01
3.260614619834845485e+01
3.258770770750426493e+01
3.256912279263887200e+01
3.255041548148069097e+01
3.253161039546609601e+01
3.251273274900338350e+01
3.249380835006162016e+01
3.247486359972899805e+01
3.245592549236004487e+01
3.243702161557563812e+01
3.241818015055739721e+01
3.354615242468463521e+01
3.354583143741615459e+01
3.354486879005660427e+01
3.354326542167446235e+01
3.354102289934670011e+01
3.353814341595059290e+01
3.353462979134139488e+01
3.353048547205797547e+01
3.352571453088109621e+01
3.352032166727513385e+01
3.351431220797686450e+01
3.350769210552338251e+01
3.350046793942976819e+01
3.349264691574747133e+01
3.348423686735872451e+01
3.347524625338771642e+01
3.346568415993660750e+01
3.345556029920231111e+01
3.344488501080136444e+01
3.343366926029781183e+01
3.342192464023371201e+01
3.340966336939305847e+01
3.339689829368504803e+01
3.338364288496639887e+01
3.336991124251347429e+01
3.335571809169734081e+01
3.334107878457266594e+01
3.332600929987767557e+01
3.331052624303417531e+01
3.329464684570591260e+01
3.327838896653462797e+01
3.326177109084564876e+01
3.324481233064786778e+01
3.322753242404490948e+01
3.320995173611838425e+01
3.319209125833908303e+01
3.317397260945018900e+01
3.315561803399520358e+01
3.313705040334841812e+01
3.311829321586211705e+01
3.309937059627773692e+01
3.308030729572586637e+01
3.306112869260952181e+01
3.304186079098479922e+01
3.302253022218022949e+01
3.300316424420791606e+01
3.298379074146910739e+01
3.296443822490142139e+01
3.294513583212604857e+01
3.292591332730054887e+01
3.405414932141780326e+01
3.405381894920579100e+01
3.405282816335623153e+01
3.405117795622851418e+01
3.404886998190220737e+01
3.404590655617700179e+01
3.404229065657275299e+01
3.403802592159338758e+01
3.403311665234627270e+01
3.402756781062842606e+01
3.402138502069306725e+01
3.401457456792473977e+01
3.400714339928090624e+01
3.399909912373359333e+01
3.399045001153336187e+01
3.398120499479811230e+01
3.397137366721869967e+01
3.396096628405889817e+01
3.394999376230263977e+01
3.393846768021236926e+01
3.392640027850674045e+01
3.391380445859405768e+01
3.390069378404442091e+01
3.388708248000087764e+01
3.387298543317938027e+01
3.385841819186885004e+01
3.384339696593112023e+01
3.382793862724260947e+01
3.381206070895824212e+01
3.379578140580589007e+01
3.377911957452798219e+01
3.376209473314546727e+01
3.374472706139943767e+01
3.372703740089835378e+01
3.370904725452918171e+01
3.369077878689903827e+01
3.367225482433519090e+01
3.365349885473782621e+01
3.363453502802173034e+01
3.361538815479134001e+01
3.359608370840171432e+01
3.357664782319201180e+01
3.355710729507433143e+01
3.353748958182812601e+01
3.351782280310020212e+01
3.349813573952146584e+01
3.347845783373738726e+01
3.345881919026080453e+01
3.343925057458862682e+01
3.341978341482121806e+01
3.455383421033718605e+01
3.455349471948903783e+01
3.455247659642705571e+01
3.455078088856810581e+01
3.454840934229397931e+01
3.454536440236251593e+01
3.454164921176040082e+01
3.453726761243924415e+01
3.453222414428505260e+01
3.452652404629597527e+01
3.452017325525735458e+01
3.451317840691945804e+01
3.450554683540859457e+01
3.449728657337435322e+01
3.448840635184238579e+01
3.447891560050881310e+01
3.446882444715141247e+01
3.445814371866005388e+01
3.444688493971185039e+01
3.443506033394878330e+01
3.442268282353614239e+01
3.440976602901525894e+01
3.439632426886188199e+01
3.438237256110553375e+01
3.436792662141570531e+01
3.435300286442683415e+01
3.433761840285495737e+01
3.432179104823383398e+01
3.430553931032605419e+01
3.428888239785911907e+01
3.427184021720052698e+01
3.425443337412432498e+01
3.423668317204455036e+01
3.421861161392901352e+01
3.420024140009108038e+01
3.418159592995624507e+01
3.416269930132605737e+01
3.414357631067255028e+01
3.412425245240218175e+01
3.410475392003353079e+01
3.408510760516681160e+01
3.406534109821993184e+01
3.404548268769242725e+01
3.402556136104875151e+01
3.400560680368778321e+01
3.398564939997328338e+01
3.396572023235069082e+01
3.394585108223030545e+01
3.392607442910409787e+01
3.390642345128171797e+01
3.501743986382512475e+01
3.501709417753927767e+01
3.501605748671298102e+01
3.501433089558711487e+01
3.501191624475946895e+01
3.500881611089027956e+01
3.500503380684944688e+01
3.500057338156933184e+01
3.499543962063359714e+01
3.498963804524674259e+01
3.498317491311733107e+01
3.497605721831084225e+01
3.496829269051354316e+01
3.495988979635745153e+01
3.495085773809540086e+01
3.494120645433709882e+01
3.493094661990193828e+01
3.492008964611338229e+01
3.490864767976851368e+01
3.489663360461015884e+01
3.488406104029636623e+01
3.487094434254765218e+01
3.485729860299977645e+01
3.484313965052864859e+01
3.482848404918937035e+01
3.481334909954113499e+01
3.479775283850000989e+01
3.478171403904452319e+01
3.476525221021566381e+01
3.474838759770572238e+01
3.473114118282780538e+01
3.471353468339912496e+01
3.469559055344655008e+01
3.467733198320662069e+01
3.465878289883112728e+01
3.463996796327037231e+01
3.462091257480106066e+01
3.460164286879283679e+01
3.458218571594172630e+01
3.456256872403672986e+01
3.454282023634041821e+01
3.452296933276669932e+01
3.450304582914470330e+01
3.448308027766044859e+01
3.446310396641521123e+01
3.444314892016155483e+01
3.442324789971450372e+01
3.440343440180433277e+01
3.438374265937098784e+01
3.436420764215291968e+01
3.545701492150244150e+01
3.545666498475033279e+01
3.545561556166287431e+01
3.545386781551315636e+01
3.545142368405922184e+01
3.544828588131053948e+01
3.544445789531989277e+01
3.543994399053872257e+01
3.543474920590339394e+01
3.542887935630731988e+01
3.542234103098160602e+01
3.541514159526161620e+01
3.540728918955647941e+01
3.539879272905468355e+01
3.538966190475451157e+01
3.537990718302247473e+01
3.536953980485719029e+01
3.535857178706710613e+01
3.534701592138723214e+01
3.533488577521519147e+01
3.532219569087516220e+01
3.530896078591230491e+01
3.529519695353439346e+01
3.528092086172853925e+01
3.526614995414447407e+01
3.525090244935848460e+01
3.523519734175668816e+01
3.521905440021011913e+01
3.520249416969405587e+01
3.518553796966870806e+01
3.516820789540411596e+01
3.515052681709684634e+01
3.513251838045890452e+01
3.511420700642325698e+01
3.509561789129107012e+01
3.507677700614283367e+01
3.505771109801610663e+01
3.503844768858056113e+01
3.501901507502126520e+01
3.499944233018592854e+01
3.497975930155435975e+01
3.495999661212180598e+01
3.494018566025167161e+01
3.492035861952836484e+01
3.490054843861005196e+01
3.488078884181751249e+01
3.486111432825087064e+01
3.484156017296729857e+01
3.482216242521444372e+01
3.480295791063865352e+01
3.588131531589731082e+01
3.588096217182665271e+01
3.587990314724608254e+01
3.587813946593303882e+01
3.587567316751658097e+01
3.587250710703577283e+01
3.586864495597014013e+01
3.586409120106200277e+01
3.585885114519970784e+01
3.585293090668162108e+01
3.584633742039378035e+01
3.583907843589614828e+01
3.583116251948359121e+01
3.582259905300818303e+01
3.581339823402641542e+01
3.580357107565196628e+01
3.579312940758621409e+01
3.578208587464610702e+01
3.577045393750019997e+01
3.575824787311033504e+01
3.574548277355390269e+01
3.573217454734877663e+01
3.571833991842281364e+01
3.570399642699715770e+01
3.568916242811405226e+01
3.567385709384510761e+01
3.565810041123025798e+01
3.564191318330829006e+01
3.562531702926403909e+01
3.560833438354512026e+01
3.559098849674519016e+01
3.557330343545675788e+01
3.555530408138789511e+01
3.553701613283435279e+01
3.551846610350187916e+01
3.549968132280063315e+01
3.548068993613961197e+01
3.546152090507387555e+01
3.544220400597961174e+01
3.542276983196791207e+01
3.540324979185428589e+01
3.538367610986422562e+01
3.536408182622206908e+01
3.534450079685657187e+01
3.532496769398974124e+01
3.530551800466472656e+01
3.528618803280681249e+01
3.526701489760402808e+01
3.524803653409605886e+01
3.522929169302697971e+01
3.626431869902015137e+01
3.626396639082202000e+01
3.626290989461598713e+01
3.626115049483104258e+01
3.625869033237843553e+01
3.625553240391564458e+01
3.625168056346569045e+01
3.624713952035617126e+01
3.624191484083860360e+01
3.623601294735232869e+01
3.622944111867177952e+01
3.622220748946480029e+01
3.621432105132313950e+01
3.620579165202641292e+01
3.619662999539485071e+01
3.618684764173098500e+01
3.617645700767238282e+01
3.616547136604447132e+01
3.615390484644939306e+01
3.614177243423547736e+01
3.612908997108612397e+01
3.611587415560865111e+01
3.610214254200937489e+01
3.608791354141850860e+01
3.607320642115413989e+01
3.605804130413333297e+01
3.604243917034429501e+01
3.602642185640470274e+01
3.601001205408960715e+01
3.599323331253960134e+01
3.597611003693592835e+01
3.595866748835323534e+01
3.594093178449566750e+01
3.592292989984407825e+01
3.590468966447830468e+01
3.588623976481325428e+01
3.586760974448216643e+01
3.584883000227564764e+01
3.582993179390821581e+01
3.581094723128222768e+01
3.579190928307676245e+01
3.577285177342266564e+01
3.575380938352191151e+01
3.573481765032268953e+01
3.571591296769710056e+01
3.569713258511624332e+01
3.567851460897512794e+01
3.566009800200383495e+01
3.564192258253143564e+01
3.562402902610533317e+01
3.661837313827009410e+01
3.661802451421177551e+01
3.661697909103491355e+01
3.661523821477692309e+01
3.661280412925060546e+01
3.660967997604412005e+01
3.660586979363774418e+01
3.660137851865516012e+01
3.659621198498019368e+01
3.659037692375678574e+01
3.658388096397788303e+01
3.657673263233818517e+01
3.656894135249811484e+01
3.656051744581986895e+01
3.655147213166182496e+01
3.654181752620087309e+01
3.653156664375730145e+01
3.652073339561712118e+01
3.650933259120974128e+01
3.649737993663585200e+01
3.648489203628678013e+01
3.647188639166677149e+01
3.645838140212904221e+01
3.644439636399253146e+01
3.642995147171958337e+01
3.641506781688546823e+01
3.639976738876721640e+01
3.638407307390200884e+01
3.636800865697042440e+01
3.635159881917711999e+01
3.633486914031179538e+01
3.631784609683543152e+01
3.630055706335243570e+01
3.628303031143290269e+01
3.626529501093756380e+01
3.624738122810401109e+01
3.622931992775486520e+01
3.621114297167847695e+01
3.619288311936496427e+01
3.617457402756456730e+01
3.615625025131816273e+01
3.613794724204348796e+01
3.611970134959609879e+01
3.610154982079726693e+01
3.608353080031726989e+01
3.606568333038090657e+01
3.604804735017871309e+01
3.603066369719184081e+01
3.601357410586714991e+01
3.599682120850048506e+01
3.694934811212053205e+01
3.694900528330274625e+01
3.694797726675167837e+01
3.694626547143807471e+01
3.694387224606362707e+01
3.694080087847211757e+01
3.693705559609104938e+01
3.693264156571084555e+01
3.692756489363203087e+01
3.692183262544443778e+01
3.691545274624802886e+01
3.690843418035844081e+01
3.690078679219029567e+01
3.689252138434342498e+01
3.688364970025267553e+01
3.687418442153811782e+01
3.686413917036040999e+01
3.685352850706544103e+01
3.684236793268691201e+01
3.683067388673813269e+01
3.681846374853699899e+01
3.680575583691148722e+01
3.679256940961086286e+01
3.677892466463057985e+01
3.676484273874012842e+01
3.675034570836634629e+01
3.673545658900454924e+01
3.672019933624903132e+01
3.670459884446811571e+01
3.668868094768748733e+01
3.667247241959015724e+01
3.665600097307481064e+01
3.663929526025585659e+01
3.662238487290501610e+01
3.660530034245135056e+01
3.658807313909797898e+01
3.657073567285255677e+01
3.655332129352728288e+01
3.653586428941400754e+01
3.651839988905074819e+01
3.650096426019120344e+01
3.648359450980480290e+01
3.646632868451826681e+01
3.644920577002683615e+01
3.643226569183025987e+01
3.641554931479122814e+01
3.639909844284088081e+01
3.638295582000935013e+01
3.636716512865918816e+01
3.635177099198796213e+01
3.724449469716520866e+01
3.724416217491476289e+01
3.724316509793938224e+01
3.724150493659742978e+01
3.723918414138804422e+01
3.723620614258307882e+01
3.723257535066878177e+01
3.722829715656658323e+01
3.722337793104425430e+01
3.721782502523115710e+01
3.721164677017659983e+01
3.720485247714426436e+01
3.719745243753858688e+01
3.718945792290480057e+01
3.718088118478166848e+01
3.717173545506954468e+01
3.716203494580955180e+01
3.715179484888916051e+01
3.714103133663102341e+01
3.712976156135134431e+01
3.711800365550712399e+01
3.710577673140166155e+01
3.709310088221511847e+01
3.707999718067956252e+01
3.706648767952061263e+01
3.705259541234072174e+01
3.703834439214704588e+01
3.702375961208750965e+01
3.700886704618687162e+01
3.699369364772736901e+01
3.697826735057365255e+01
3.696261706902556909e+01
3.694677269664045127e+01
3.693076510785245858e+01
3.691462615679488835e+01
3.689838867833065450e+01
3.688208648658014965e+01
3.686575437668782484e+01
3.684942812320283423e+01
3.683314448155115173e+01
3.681694118612181654e+01
3.680085695306399174e+01
3.678493147690103626e+01
3.676920543376921557e+01
3.675372047935670139e+01
3.673851924890359300e+01
3.672364535882123704e+01
3.670914340507290063e+01
3.669505896376261234e+01
3.668143859113516925e+01
3.750860690366165784e+01
3.750828834907959930e+01
3.750733319557192402e+01
3.750574297392770973e+01
3.750352023570746951e+01
3.750066855265428245e+01
3.749719251720900814e+01
3.749309774236314041e+01
3.748839086187955871e+01
3.748307952970371559e+01
3.747717242040526742e+01
3.747067922947250906e+01
3.746361067235545761e+01
3.745597848549638087e+01
3.744779542574092090e+01
3.743907527026451021e+01
3.742983281738201384e+01
3.742008388537004038e+01
3.740984531312942352e+01
3.739913496033238260e+01
3.738797170742256526e+01
3.737637545473176459e+01
3.736436712336318067e+01
3.735196865533863786e+01
3.733920301300975098e+01
3.732609417905789684e+01
3.731266715708309079e+01
3.729894797072068968e+01
3.728496366467189915e+01
3.727074230411491129e+01
3.725631297455769442e+01
3.724170578213242067e+01
3.722695185330103840e+01
3.721208333573854787e+01
3.719713339715531220e+01
3.718213622544423202e+01
3.716712702985850569e+01
3.715214203983387620e+01
3.713721850528307300e+01
3.712239469674305070e+01
3.710770990508051170e+01
3.709320444222801427e+01
3.707891964030068266e+01
3.706489785203784493e+01
3.705118245036138092e+01
3.703781782940623657e+01
3.702484940348991671e+01
3.701232360740691263e+01
3.700028789672312968e+01
3.698879074718705340e+01
3.774199287539816794e+01
3.774169167128033564e+01
3.774078858970147365e+01
3.773928522107173222e+01
3.773718421661447309e+01
3.773448928821905923e+01
3.773120520763118435e+01
3.772733780792499658e+01
3.772289398195736254e+01
3.771788168325117141e+01
3.771230992614250255e+01
3.770618878497098336e+01
3.769952939488945276e+01
3.769234395127512727e+01
3.768464571024480847e+01
3.767644898813966847e+01
3.766776916189328261e+01
3.765862266910520617e+01
3.764902700752577402e+01
3.763900073557130099e+01
3.762856347210328778e+01
3.761773589650203320e+01
3.760653974837218527e+01
3.759499782827882797e+01
3.758313399686418421e+01
3.757097317543647819e+01
3.755854134567552194e+01
3.754586554963269407e+01
3.753297389031978781e+01
3.751989553067854644e+01
3.750666069431670735e+01
3.749330066565522657e+01
3.747984778889778568e+01
3.746633546950290139e+01
3.745279817271183020e+01
3.743927142472625036e+01
3.742579181197219640e+01
3.741239698154171123e+01
3.739912564089840430e+01
3.738601755802468318e+01
3.737311356098008730e+01
3.736045553937345431e+01
3.734808644215469542e+01
3.733605027908693330e+01
3.732439212059928479e+01
3.731315809793409954e+01
3.730239540167480072e+01
3.729215228439572627e+01
3.728247805757065692e+01
3.727342309451708502e+01
3.795947263615521905e+01
3.795919246789272705e+01
3.795835251228143647e+01
3.795695441655553282e+01
3.795500092637518463e+01
3.795249588531132900e+01
3.794944423558172986e+01
3.794585201724128609e+01
3.794172636855009983e+01
3.793707552656230320e+01
3.793190882558033650e+01
3.792623669914230788e+01
3.792007067810823173e+01
3.791342339227937686e+01
3.790630856922056324e+01
3.789874103484898882e+01
3.789073671343427208e+01
3.788231262700957558e+01
3.787348689662290013e+01
3.786427874057056187e+01
3.785470847623734159e+01
3.784479751862433972e+01
3.783456838123228749e+01
3.782404467576708385e+01
3.781325111199260647e+01
3.780221349817234255e+01
3.779095874062775806e+01
3.777951484344386301e+01
3.776791090979411081e+01
3.775617714032111394e+01
3.774434483446147937e+01
3.773244638956260388e+01
3.772051530102984884e+01
3.770858616291538112e+01
3.769669466703494720e+01
3.768487760399830222e+01
3.767317286173712176e+01
3.766161942741875635e+01
3.765025738582688319e+01
3.763912791980315831e+01
3.762827331083606452e+01
3.761773693876646973e+01
3.760756328105158985e+01
3.759779791350103295e+01
3.758848751086564732e+01
3.757967984507099146e+01
3.757142378683665385e+01
3.756376930508740486e+01
3.755676746695320389e+01
3.755047043776919935e+01
3.814659674921025356e+01
3.814634186866787502e+01
3.814557779425047812e+01
3.814430622773446089e+01
3.814253000538927552e+01
3.814025309819828635e+01
3.813748061134346301e+01
3.813421878442625967e+01
3.813047499220363790e+01
3.812625774341038465e+01
3.812157668112713083e+01
3.811644258351643089e+01
3.811086736286586785e+01
3.810486406632412582e+01
3.809844687494409499e+01
3.809163110493418714e+01
3.808443320670145482e+01
3.807687076507241386e+01
3.806896249980827918e+01
3.806072826472168202e+01
3.805218904826554649e+01
3.804336697360666619e+01
3.803428529825769289e+01
3.802496841429795182e+01
3.801544184807901416e+01
3.800573226110795844e+01
3.799586744857526810e+01
3.798587634082695530e+01
3.797578900248126388e+01
3.796563663257590093e+01
3.795545156486245730e+01
3.794526726751197998e+01
3.793511834296776186e+01
3.792504052868140718e+01
3.791507069652397632e+01
3.790524685234434088e+01
3.789560813685248775e+01
3.788619482591391119e+01
3.787704832863585125e+01
3.786821118972273581e+01
3.785972708770958661e+01
3.785164083599250517e+01
3.784399838238707048e+01
3.783684680942273815e+01
3.783023433375400657e+01
3.782421030674923657e+01
3.781882521434347666e+01
3.781413067703844177e+01
3.781017944946086828e+01
3.780702542124582521e+01
3.829675137762063031e+01
3.829652645636596731e+01
3.829585227710916939e+01
3.829473059293019332e+01
3.829316432621781274e+01
3.829115756822797323e+01
3.828871557842136042e+01
3.828584478586188311e+01
3.828255278825982799e+01
3.827884835204545055e+01
3.827474141295781607e+01
3.827024307471990028e+01
3.826536561109956125e+01
3.826012246392217264e+01
3.825452824395387807e+01
3.824859873112244202e+01
3.824235087429642022e+01
3.823580279069629739e+01
3.822897376685136805e+01
3.822188425815812707e+01
3.821455588873303100e+01
3.820701145155970835e+01
3.819927490870979625e+01
3.819137139075407816e+01
3.818332719757215443e+01
3.817516979761639107e+01
3.816692782805910866e+01
3.815863109574948453e+01
3.815031057537338910e+01
3.814199841107272704e+01
3.813372791585658206e+01
3.812553357130678222e+01
3.811745102831399379e+01
3.810951710648884472e+01
3.810176979386748997e+01
3.809424824794214004e+01
3.808699279477774979e+01
3.808004492974808386e+01
3.807344731621083156e+01
3.806724378756855742e+01
3.806147934476607730e+01
3.805620015879311069e+01
3.805145356891770092e+01
3.804728808342227353e+01
3.804375337960366465e+01
3.804090030333145478e+01
3.803878086934241054e+01
3.803744826168210835e+01
3.803695683282168716e+01
3.803736210439387833e+01
3.846635907667972987e+01
3.846616510545284484e+01
3.846558379247275639e+01
3.846461693881069266e+01
3.846326754686540994e+01
3.846153981970075364e+01
3.845943916148727482e+01
3.845697217676618607e+01
3.845414667162704347e+01
3.845097165275089424e+01
3.844745732755745848e+01
3.844361510464677423e+01
3.843945759343118596e+01
3.843499860384088862e+01
3.843025314742805421e+01
3.842523743589467244e+01
3.841996888234389473e+01
3.841446610054392607e+01
3.840874890522250240e+01
3.840283831199324283e+01
3.839675653728205162e+01
3.839052699854796202e+01
3.838417431391506796e+01
3.837772430276140057e+01
3.837120398498286988e+01
3.836464158158207738e+01
3.835806651437393100e+01
3.835150940620645343e+01
3.834500208044551783e+01
3.833857756200536926e+01
3.833227007572925515e+01
3.832611504845042560e+01
3.832014910693113308e+01
3.831441007962921930e+01
3.830893699522594176e+01
3.830377008380371961e+01
3.829895077596282960e+01
3.829452170326305094e+01
3.829052669837087564e+01
3.828701079461789192e+01
3.828402022673682126e+01
3.828160242924217016e+01
3.827980603878567933e+01
3.827868089209530211e+01
3.827827802715292904e+01
3.827864968260551137e+01
3.827984929835395178e+01
3.828193151466979316e+01
3.828495217322573296e+01
3.828896831606510176e+01
3.860823649109585887e+01
3.860807798725925721e+01
3.860760309095046239e+01
3.860681364777246216e+01
3.860571273417191662e+01
3.860430465670304301e+01
3.860259495232205751e+01
3.860059038912325491e+01
3.859829896486685641e+01
3.859572990815672711e+01
3.859289367821956773e+01
3.858980196468405666e+01
3.858646768728647203e+01
3.858290499675393193e+01
3.857912927414194115e+01
3.857515713083442677e+01
3.857100640883811593e+01
3.856669618048814385e+01
3.856224674896326832e+01
3.855767964725542640e+01
3.855301763949459115e+01
3.854828472006554563e+01
3.854350611382867697e+01
3.853870827597275905e+01
3.853391889230939427e+01
3.852916687927301354e+01
3.852448238347922427e+01
3.851989678209283596e+01
3.851544268297511309e+01
3.851115392438929064e+01
3.850706557485342074e+01
3.850321393358196786e+01
3.849963653033861988e+01
3.849637212499463601e+01
3.849346070841211542e+01
3.849094350141355392e+01
3.848886295581227301e+01
3.848726275352918691e+01
3.848618780703440478e+01
3.848568425934727344e+01
3.848579948388913152e+01
3.848658208507216472e+01
3.848808189653287570e+01
3.849034998392909301e+01
3.849343864214294797e+01
3.849740139748907097e+01
3.850229300594803306e+01
3.850816945449124518e+01
3.851508796063934170e+01
3.852310697187331812e+01
3.870952699776100303e+01
3.870940966336971911e+01
3.870905828849878816e+01
3.870847475864579224e+01
3.870766221510448446e+01
3.870662505695212730e+01
3.870536893943018697e+01
3.870390077453316025e+01
3.870222873137661423e+01
3.870036223538751585e+01
3.869831196904029724e+01
3.869608987126800059e+01
3.869370913812474555e+01
3.869118422234407717e+01
3.868853083304455254e+01
3.868576593639217265e+01
3.868290775537961679e+01
3.867997576960536321e+01
3.867699071534732980e+01
3.867397458571007718e+01
3.867095063069842809e+01
3.866794335677580818e+01
3.866497852745310837e+01
3.866208316277343471e+01
3.865928553953293800e+01
3.865661519150162206e+01
3.865410290890810074e+01
3.865178073902846734e+01
3.864968198552381295e+01
3.864784120910267262e+01
3.864629422707943718e+01
3.864507811381594848e+01
3.864423119991183597e+01
3.864379307301420141e+01
3.864380457752318421e+01
3.864430781444475116e+01
3.864534614197953033e+01
3.864696417434514331e+01
3.864920778310109029e+01
3.865212409626548862e+01
3.865576149875671064e+01
3.866016963209893476e+01
3.866539939486383304e+01
3.867150294193445603e+01
3.867853368553574711e+01
3.868654629376241871e+01
3.869559669234548238e+01
3.870574206303295028e+01
3.871704084506190924e+01
3.872955273398086007e+01
3.887818649637920743e+01
3.887810647998643532e+01
3.887786707213935244e+01
3.887747019609554400e+01
3.887691905762783051e+01
3.887621814472982607e+01
3.887537322754234026e+01
3.887439135879501606e+01
3.887328087314386238e+01
3.887205138768651125e+01
3.887071380188860559e+01
3.886928029728937872e+01
3.886776433779607487e+01
3.886618066968394913e+01
3.886454532144904306e+01
3.886287560380822015e+01
3.886119010991995282e+01
3.885950871486907943e+01
3.885785257640287682e+01
3.885624413448943670e+01
3.885470711102320962e+01
3.885326651070829485e+01
3.885194862002796867e+01
3.885078100812792457e+01
3.884979252622745349e+01
3.884901330791386442e+01
3.884847476884803541e+01
3.884820960735329720e+01
3.884825180353213625e+01
3.884863662037029286e+01
3.884940060263267014e+01
3.885058157759939945e+01
3.885221865469780056e+01
3.885435222579681636e+01
3.885702396483895882e+01
3.886027682828198948e+01
3.886415505451003582e+01
3.886870416471686696e+01
3.887397096172819744e+01
3.888000353132662212e+01
3.888685124107389157e+01
3.889456474104696326e+01
3.890319596324919615e+01
3.891279812264077975e+01
3.892342571596110190e+01
3.893513452217031556e+01
3.894798160274381615e+01
3.896202530123058949e+01
3.897732524398925591e+01
3.899394233871596782e+01
3.902247614248010876e+01
3.902243783786347819e+01
3.902232357601770474e+01
3.902213531494253829e+01
3.902187631664596523e+01
3.902155114883715470e+01
3.902116568374879790e+01
3.902072709865228006e+01
3.902024387615218615e+01
3.901972580345017860e+01
3.901918397278664941e+01
3.901863078166156384e+01
3.901807993187754420e+01
3.901754643108562703e+01
3.901704659123952013e+01
3.901659802977328440e+01
3.901621966849729972e+01
3.901593173484949517e+01
3.901575576079130769e+01
3.901571458332291087e+01
3.901583234470402317e+01
3.901613449179146897e+01
3.901664777684883489e+01
3.901740025644238585e+01
3.901842129298678685e+01
3.901974155312577608e+01
3.902139300890983975e+01
3.902340893720739246e+01
3.902582391970478426e+01
3.902867384364230929e+01
3.903199590048935619e+01
3.903582858712206871e+01
3.904021170545532016e+01
3.904518636214829996e+01
3.905079496875173106e+01
3.905708124229669664e+01
3.906409020433778068e+01
3.907186818132106509e+01
3.908046280502583159e+01
3.908992301212285980e+01
3.910029904417444868e+01
3.911164244763443065e+01
3.912400607428980237e+01
3.913744408023022459e+01
3.915201192746737746e+01
3.916776638202117056e+01
3.918476551553911236e+01
3.920306870426581725e+01
3.922273662977904962e+01
3.924383127840088292e+01
3.912607363155379403e+01
3.912608319138576718e+01
3.912611253274904755e+01
3.912616364087768517e+01
3.912623982518208976e+01
3.912634571799772942e+01
3.912648727576281971e+01
3.912667177828226528e+01
3.912690782909569265e+01
3.912720535547746437e+01
3.912757560814221591e+01
3.912803116117130031e+01
3.912858591304321720e+01
3.912925508486711834e+01
3.913005522222294275e+01
3.913100419391007989e+01
3.913212119224184704e+01
3.913342673333988841e+01
3.913494265706055586e+01
3.913669212670050968e+01
3.913869962892309928e+01
3.914099097456802667e+01
3.914359329769447982e+01
3.914653505616997364e+01
3.914984603130231022e+01
3.915355732820763279e+01
3.915770137544237173e+01
3.916231192537129857e+01
3.916742405394667514e+01
3.917307416034025636e+01
3.917929996804735993e+01
3.918614052356197419e+01
3.919363619740722271e+01
3.920182868339932014e+01
3.921076099923640612e+01
3.922047748613053386e+01
3.923102380902847841e+01
3.924244695587566412e+01
3.925479523945634241e+01
3.926811829496456596e+01
3.928246708177075419e+01
3.929789388298004127e+01
3.931445230484342801e+01
3.933219727778829622e+01
3.935118505553509038e+01
3.937147321539177369e+01
3.939312065854823430e+01
3.941618760934025545e+01
3.944073561627995161e+01
3.946682755102531814e+01
3.934988414095762010e+01
3.934993105353025555e+01
3.935007246408285653e+01
3.935031039082506510e+01
3.935064819793034019e+01
3.935109059502070750e+01
3.935164363716675240e+01
3.935231472518204754e+01
3.935311260525513433e+01
3.935404736968555284e+01
3.935513045600061588e+01
3.935637464717618172e+01
3.935779407200470814e+01
3.935940420509524529e+01
3.936122186606378648e+01
3.936326522071092882e+01
3.936555378013864015e+01
3.936810840111826337e+01
3.937095128579609593e+01
3.937410598228224501e+01
3.937759738413538457e+01
3.938145173036276248e+01
3.938569660593540789e+01
3.939036094097851759e+01
3.939547501143386654e+01
3.940107043883901383e+01
3.940718019032729558e+01
3.941383857848060757e+01
3.942108126199186557e+01
3.942894524441371118e+01
3.943746887533617951e+01
3.944669184987149890e+01
3.945665520872765342e+01
3.946740133820842544e+01
3.947897397028696531e+01
3.949141818223777989e+01
3.950478039722557355e+01
3.951910838408443993e+01
3.953445125709703234e+01
3.955085947570014326e+01
3.956838484588323013e+01
3.958708051856906707e+01
3.960700099020259302e+01
3.962820210319255665e+01
3.965074104561710300e+01
3.967467635078210009e+01
3.970006789751560916e+01
3.972697691060947989e+01
3.975546596037774805e+01
3.978559896250938976e+01
3.955219629437375772e+01
3.955228442740083494e+01
3.955254950895919563e+01
3.955299358728981929e+01
3.955362007602956709e+01
3.955443375391673300e+01
3.955544076545347565e+01
3.955664862053784248e+01
3.955806619424289750e+01
3.955970372725838757e+01
3.956157282574351086e+01
3.956368646103252473e+01
3.956605897007634809e+01
3.956870605514814798e+01
3.957164478391695894e+01
3.957489358981570149e+01
3.957847227108429422e+01
3.958240199194737130e+01
3.958670528158378232e+01
3.959140603500987510e+01
3.959652951234341600e+01
3.960210233939247360e+01
3.960815250714014013e+01
3.961470937196537534e+01
3.962180365608462296e+01
3.962946744644772679e+01
3.963773419613645643e+01
3.964663872318680404e+01
3.965621721125143040e+01
3.966650720923163931e+01
3.967754763157180520e+01
3.968937875818577510e+01
3.970204223438324220e+01
3.971558107064894472e+01
3.973003964330509774e+01
3.974546369377537758e+01
3.976190032895290472e+01
3.977939802127386315e+01
3.979800660834948900e+01
3.981777729377572683e+01
3.983876264566108460e+01
3.986101659824601740e+01
3.988459445131401537e+01
3.990955286901396448e+01
3.993594988221551745e+01
3.996384488644811483e+01
3.999329864278426072e+01
4.002437327783953691e+01
4.005713228347816823e+01
4.009164051725466038e+01
3.971744197359385709e+01
3.971757706519748155e+01
3.971798303131819807e+01
3.971866194433986408e+01
3.971961725889801187e+01
3.972085381121740255e+01
3.972237781940645363e+01
3.972419688338364097e+01
3.972631998465666214e+01
3.972875748676408847e+01
3.973152113498093030e+01
3.973462405624503901e+01
3.973808075952513263e+01
3.974190713537915798e+01
3.974612045632233048e+01
3.975073937645908018e+01
3.975578393170391678e+01
3.976127554022300359e+01
3.976723700125651106e+01
3.977369249644350191e+01
3.978066758871785424e+01
3.978818922326512819e+01
3.979628572686010557e+01
3.980498680786680410e+01
3.981432355682733260e+01
3.982432844602023181e+01
3.983503532901885791e+01
3.984647944194266245e+01
3.985869740220591950e+01
3.987172720895934219e+01
3.988560824353172052e+01
3.990038126884108038e+01
3.991608842946827451e+01
3.993277325202504358e+01
3.995048064485956019e+01
3.996925689783560642e+01
3.998914968314228702e+01
4.001020805433709882e+01
4.003248244686119506e+01
4.005602467803940669e+01
4.008088794685936307e+01
4.010712683426599767e+01
4.013479730279343727e+01
4.016395669715392103e+01
4.019466374320725777e+01
4.022697854943299234e+01
4.026096260516382586e+01
4.029667878249939861e+01
4.033419133453971739e+01
4.037356589641567695e+01
4.004903748416220566e+01
4.004920170448065875e+01
4.004969506970058291e+01
4.005051969180598803e+01
4.005167909123638736e+01
4.005317819644516675e+01
4.005502334404680909e+01
4.005722227859605056e+01
4.005978415295593464e+01
4.006271952807698256e+01
4.006604037314441058e+01
4.006976006521007605e+01
4.007389338956055980e+01
4.007845653986431955e+01
4.008346711765648962e+01
4.008894413241246468e+01
4.009490800213675499e+01
4.010138055277414537e+01
4.010838501850410154e+01
4.011594604129914643e+01
4.012408967158732764e+01
4.013284336788415629e+01
4.014223599693983147e+01
4.015229783322401858e+01
4.016306055958827415e+01
4.017455726704523755e+01
4.018682245476865234e+01
4.019989202994611333e+01
4.021380330777909506e+01
4.022859501192459675e+01
4.024430727397986374e+01
4.026098163340881086e+01
4.027866103842529810e+01
4.029738984481539887e+01
4.031721381667350812e+01
4.033818012640229966e+01
4.036033735412390655e+01
4.038373548834236715e+01
4.040842592579640780e+01
4.043446147116501521e+01
4.046189633721466805e+01
4.049078614516734831e+01
4.052118792418531257e+01
4.055316011100303086e+01
4.058676255132575506e+01
4.062205649879899028e+01
4.065910461486129890e+01
4.069797096918592416e+01
4.073872103982803594e+01
4.078142171278305739e+01
4.036078859794893958e+01
4.036098490705740005e+01
4.036157455160203966e+01
4.036255968316702791e+01
4.036394388806946409e+01
4.036573218691776077e+01
4.036793103490605716e+01
4.037054832159340378e+01
4.037359337112457069e+01
4.037707694193562702e+01
4.038101122734281745e+01
4.038540985458563171e+01
4.039028788571012996e+01
4.039566181727446548e+01
4.040154958012811903e+01
4.040797053963268581e+01
4.041494549588269791e+01
4.042249668326399359e+01
4.043064777023288769e+01
4.043942386049388915e+01
4.044885149182198347e+01
4.045895863620986432e+01
4.046977470060397053e+01
4.048133052624204709e+01
4.049365838872675027e+01
4.050679199832006816e+01
4.052076649942809183e+01
4.053561847155786069e+01
4.055138592799249153e+01
4.056810831704245857e+01
4.058582652101512167e+01
4.060458285717158589e+01
4.062442107676984193e+01
4.064538636580082454e+01
4.066752534491480020e+01
4.069088606890612425e+01
4.071551802715487156e+01
4.074147214362685787e+01
4.076880077665281021e+01
4.079755771900195072e+01
4.082779819788203923e+01
4.085957887523375831e+01
4.089295784714189352e+01
4.092799464471859494e+01
4.096475023277845651e+01
4.100328701101622642e+01
4.104366881371239373e+01
4.108596090943873236e+01
4.113023000135274998e+01
4.117654422690327465e+01
4.064216306306768445e+01
4.064239577819327565e+01
4.064309465344958028e+01
4.064426187913765887e+01
4.064590110502318510e+01
4.064801744121977833e+01
4.065061745789451919e+01
4.065370918497357877e+01
4.065730211258380677e+01
4.066140719090554967e+01
4.066603682995182822e+01
4.067120489986275089e+01
4.067692673083191579e+01
4.068321911288560244e+01
4.069010029639799342e+01
4.069758999135511601e+01
4.070570936794371875e+01
4.071448105655122873e+01
4.072392914725055135e+01
4.073407919031527769e+01
4.074495819592527823e+01
4.075659463438753249e+01
4.076901843606248832e+01
4.078226099106966984e+01
4.079635514972929400e+01
4.081133522241508160e+01
4.082723697940701157e+01
4.084409765111216473e+01
4.086195592784390840e+01
4.088085195974826291e+01
4.090082735753999543e+01
4.092192519147210561e+01
4.094418999185109698e+01
4.096766774911054654e+01
4.099240591381114740e+01
4.101845339641985788e+01
4.104586056701548813e+01
4.107467925654001561e+01
4.110496275517922271e+01
4.113676581346681616e+01
4.117014464198998525e+01
4.120515691124220581e+01
4.124186175162321177e+01
4.128031975388066854e+01
4.132059296852129648e+01
4.136274490588449027e+01
4.140684053687837007e+01
4.145294629187570479e+01
4.150113006159716633e+01
4.155146119666971316e+01
4.111567608792512374e+01
4.111592145831973966e+01
4.111665832117057562e+01
4.111788893140496981e+01
4.111961704750502378e+01
4.112184793128682969e+01
4.112458834775321037e+01
4.112784656546176620e+01
4.113163235608324442e+01
4.113595699513759740e+01
4.114083326081628655e+01
4.114627543523358355e+01
4.115229930346968246e+01
4.115892215445398250e+01
4.116616277986101124e+01
4.117404147528808522e+01
4.118258003915124732e+01
4.119180177364214046e+01
4.120173148435998201e+01
4.121239547986990459e+01
4.122382157229183264e+01
4.123603907722685591e+01
4.124907881346281613e+01
4.126297310334233970e+01
4.127775577217396830e+01
4.129346214896825984e+01
4.131012906621692338e+01
4.132779485930400654e+01
4.134649936738914278e+01
4.136628393281872462e+01
4.138719140134671193e+01
4.140926612191380940e+01
4.143255394694189420e+01
4.145710223240762105e+01
4.148295983732719350e+01
4.151017712427157846e+01
4.153880595914571927e+01
4.156889971118850724e+01
4.160051325275198764e+01
4.163370296011101601e+01
4.166852671243275097e+01
4.170504389221834884e+01
4.174331538581813561e+01
4.178340358225396045e+01
4.182537237461769308e+01
4.186928715874632445e+01
4.191521483432602224e+01
4.196322380393531404e+01
4.201338397378108169e+01
4.206576675355140083e+01
4.156984475421589309e+01
4.157010448783886147e+01
4.157088446407596649e+01
4.157218700881095685e+01
4.157401599873758613e+01
4.157637686091794649e+01
4.157927657329773297e+01
4.158272366426459854e+01
4.158672821294258171e+01
4.159130184904488203e+01
4.159645775302109882e+01
4.160221065583638023e+01
4.160857683889784653e+01
4.161557413464341693e+01
4.162322192602656656e+01
4.163154114636915182e+01
4.164055427980299129e+01
4.165028536134350645e+01
4.166075997600644598e+01
4.167200526020639728e+01
4.168404990043187297e+01
4.169692413390775698e+01
4.171065974866894521e+01
4.172529008311867216e+01
4.174085002654376098e+01
4.175737601882023142e+01
4.177490605033964499e+01
4.179347966193552821e+01
4.181313794561943098e+01
4.183392354362403154e+01
4.185588064877119763e+01
4.187905500506081324e+01
4.190349390612502845e+01
4.192924619714208490e+01
4.195636227373215377e+01
4.198489408173654880e+01
4.201489511802740395e+01
4.204642042991880402e+01
4.207952661538760708e+01
4.211427182322067608e+01
4.215071575257320546e+01
4.218891965326318427e+01
4.222894632584497998e+01
4.227086012160933137e+01
4.231472694228894937e+01
4.236061424013211507e+01
4.240859101834429623e+01
4.245872783072012879e+01
4.251109678120180746e+01
4.256577152476230452e+01
4.200822678780488673e+01
4.200850207317625262e+01
4.200932873064156325e+01
4.201070916403357813e+01
4.201264738018188893e+01
4.201514898839766232e+01
4.201822120076805334e+01
4.202187283193540424e+01
4.202611429917084962e+01
4.203095762252151246e+01
4.203641642488412344e+01
4.204250593141617287e+01
4.204924297019836388e+01
4.205664597194017773e+01
4.206473497020071051e+01
4.207353160072619858e+01
4.208305910255413096e+01
4.209334231683552474e+01
4.210440768771823628e+01
4.211628326197888583e+01
4.212899868887568289e+01
4.214258522073725999e+01
4.215707571222660022e+01
4.217250462056188098e+01
4.218890800617890591e+01
4.220632353133260040e+01
4.222479046201077324e+01
4.224434966602034081e+01
4.226504361409144650e+01
4.228691637980382723e+01
4.231001363914518976e+01
4.233438267095285568e+01
4.236007235684012073e+01
4.238713318075468095e+01
4.241561722934658007e+01
4.244557819240993268e+01
4.247707136192598654e+01
4.251015363265197067e+01
4.254488350204753999e+01
4.258132107049553383e+01
4.261952804056595312e+01
4.265956771789922897e+01
4.270150501039653079e+01
4.274540642925028777e+01
4.279134008769284492e+01
4.283937570195339362e+01
4.288958459103709941e+01
4.294203967628349972e+01
4.299681548180812740e+01
4.305398813472334041e+01
4.261821205069331597e+01
4.261847911844260040e+01
4.261928115977117670e+01
4.262062069039330225e+01
4.262250190247909387e+01
4.262493066575861178e+01
4.262791452627055122e+01
4.263146270768717017e+01
4.263558610998934029e+01
4.264029731071790508e+01
4.264561056401676353e+01
4.265154180114810600e+01
4.265810863027162725e+01
4.266533033659172958e+01
4.267322788235749442e+01
4.268182390642108004e+01
4.269114272504738494e+01
4.270121033125155918e+01
4.271205439509347457e+01
4.272370426367770335e+01
4.273619096071186618e+01
4.274954718731633818e+01
4.276380732128813378e+01
4.277900741768981874e+01
4.279518520818700011e+01
4.281238010185802523e+01
4.283063318423709376e+01
4.284998721819753342e+01
4.287048664358376016e+01
4.289217757684325960e+01
4.291510781190984858e+01
4.293932681932040651e+01
4.296488574680373773e+01
4.299183741891251742e+01
4.302023633724413543e+01
4.305013868021984536e+01
4.308160230345282571e+01
4.311468673938013296e+01
4.314945319755714337e+01
4.318596456421587959e+01
4.322428540300111166e+01
4.326448195416067222e+01
4.330662213491348922e+01
4.335077553981761866e+01
4.339701343996055982e+01
4.344540878376894710e+01
4.349603619634609686e+01
4.354897197983999746e+01
4.360429411359058349e+01
4.366208225354083083e+01
4.321541465554983574e+01
4.321567286114395046e+01
4.321644835862502276e+01
4.321774378983161569e+01
4.321956355785254544e+01
4.322191382743169896e+01
4.322480252397436828e+01
4.322823933450411715e+01
4.323223570736836052e+01
4.323680485194395118e+01
4.324196173922599939e+01
4.324772310101824502e+01
4.325410743074269249e+01
4.326113498292438919e+01
4.326882777363303489e+01
4.327720957967335380e+01
4.328630593961554496e+01
4.329614415313284326e+01
4.330675328100152655e+01
4.331816414546892702e+01
4.333040933003263007e+01
4.334352317958767031e+01
4.335754179976408551e+01
4.337250305803102890e+01
4.338844658288705602e+01
4.340541376415458075e+01
4.342344775297988235e+01
4.344259346153864954e+01
4.346289756347765376e+01
4.348440849362028615e+01
4.350717644818741547e+01
4.353125338465014238e+01
4.355669302150900535e+01
4.358355083880920233e+01
4.361188407777257225e+01
4.364175174094482657e+01
4.367321459182747390e+01
4.370633515576112416e+01
4.374117771867418014e+01
4.377780832833415303e+01
4.381629479353794920e+01
4.385670668425915153e+01
4.389911533201598814e+01
4.394359382942973014e+01
4.399021703029828245e+01
4.403906154966981035e+01
4.409020576428434879e+01
4.414372981146972563e+01
4.419971559054008026e+01
4.425824676154454806e+01
4.380713800680601366e+01
4.380738552182901202e+01
4.380812899540398320e+01
4.380937121352732788e+01
4.381111681931782442e+01
4.381337231323745840e+01
4.381614605287057884e+01
4.381944825336557159e+01
4.382329098673556445e+01
4.382768818263132715e+01
4.383265562767878976e+01
4.383821096610469681e+01
4.384437369892696523e+01
4.385116518498512050e+01
4.385860863983627667e+01
4.386672913663832674e+01
4.387555360578198105e+01
4.388511083489073883e+01
4.389543146882087399e+01
4.390654800966147064e+01
4.391849481680798561e+01
4.393130810710950840e+01
4.394502595427987757e+01
4.395968828963375330e+01
4.397533690164497244e+01
4.399201543602017495e+01
4.400976939577238767e+01
4.402864614114744057e+01
4.404869488969754343e+01
4.406996671628131423e+01
4.409251455269573228e+01
4.411639318855942093e+01
4.414165927035574555e+01
4.416837130194810612e+01
4.419658964450626826e+01
4.422637651628559041e+01
4.425779599306864753e+01
4.429091400757637587e+01
4.432579835027774351e+01
4.436251866835926450e+01
4.440114646668189380e+01
4.444175510733936107e+01
4.448441980921655414e+01
4.452921764916721514e+01
4.457622756068901992e+01
4.462553033510129552e+01
4.467720862044091490e+01
4.473134692234555843e+01
4.478803160390652494e+01
4.484735088471185094e+01
4.451357553518896282e+01
4.451379517280329878e+01
4.451445507193319173e+01
4.451555819121849566e+01
4.451710946168881833e+01
4.451911578691073146e+01
4.452158604284059606e+01
4.452453107786130460e+01
4.452796371274554588e+01
4.453189874083975042e+01
4.453635292769612164e+01
4.454134501155103720e+01
4.454689570292023859e+01
4.455302768459879559e+01
4.455976561232361632e+01
4.456713611381651674e+01
4.457516778929947776e+01
4.458389121164189106e+01
4.459333892584526637e+01
4.460354544948489774e+01
4.461454727270984222e+01
4.462638285780132463e+01
4.463909263990875331e+01
4.465271902616645860e+01
4.466730639628256938e+01
4.468290110261256842e+01
4.469955146957050829e+01
4.471730779436500569e+01
4.473622234655764629e+01
4.475634936776855710e+01
4.477774507270687820e+01
4.480046764784586344e+01
4.482457725267417459e+01
4.485013601859179744e+01
4.487720804986692258e+01
4.490585942312068823e+01
4.493615818695918307e+01
4.496817436307749460e+01
4.500197994515564659e+01
4.503764889952104511e+01
4.507525716485405098e+01
4.511488265218798688e+01
4.515660524527717001e+01
4.520050679978723451e+01
4.524667114447283467e+01
4.529518407999994167e+01
4.534613337982913350e+01
4.539960878940589595e+01
4.545570202719115827e+01
4.551450678355715240e+01
4.521118464335540210e+01
4.521137377946161706e+01
4.521194223961351355e+01
4.521289317982608225e+01
4.521423185967042002e+01
4.521596564282574349e+01
4.521810399674818370e+01
4.522065849285480965e+01
4.522364280648680079e+01
4.522707271665183981e+01
4.523096610661295358e+01
4.523534296311567715e+01
4.524022537712406944e+01
4.524563754334229770e+01
4.525160576032506299e+01
4.525815843062478194e+01
4.526532606064439079e+01
4.527314126074774236e+01
4.528163874489160179e+01
4.529085533128807128e+01
4.530082994181576339e+01
4.531160360231420015e+01
4.532321944265745373e+01
4.533572269623888218e+01
4.534916070070718064e+01
4.536358289737755456e+01
4.537904083159974533e+01
4.539558815246359558e+01
4.541328061316708187e+01
4.543217607050107887e+01
4.545233448551182676e+01
4.547381792269122514e+01
4.549669055078653201e+01
4.552101864221150862e+01
4.554687057348805723e+01
4.557431682480457624e+01
4.560342998053121022e+01
4.563428472848377737e+01
4.566695786051264605e+01
4.570152827294433706e+01
4.573807696503582321e+01
4.577668704066743999e+01
4.581744370723883009e+01
4.586043427618416501e+01
4.590574816267771041e+01
4.595347688607548520e+01
4.600371406947362374e+01
4.605655543956114428e+01
4.611209882735602150e+01
4.617044416768995063e+01
4.590273237990989230e+01
4.590288805270306938e+01
4.590335619722136329e+01
4.590414019154981418e+01
4.590524566605095913e+01
4.590668050299683500e+01
4.590845483697378882e+01
4.591058105455123695e+01
4.591307379446570991e+01
4.591594994754724013e+01
4.591922865671934062e+01
4.592293131714623655e+01
4.592708157579123451e+01
4.593170533204234118e+01
4.593683073727066812e+01
4.594248819501442682e+01
4.594871036075810622e+01
4.595553214226370642e+01
4.596299069949712646e+01
4.597112544411293555e+01
4.597997804041124681e+01
4.598959240445442731e+01
4.600001470450875729e+01
4.601129336097081790e+01
4.602347904622026675e+01
4.603662468498789195e+01
4.605078545406115609e+01
4.606601878206341638e+01
4.608238435004273015e+01
4.609994409088304224e+01
4.611876219004023625e+01
4.613890508443802219e+01
4.616044146357206301e+01
4.618344226914190642e+01
4.620798069446218648e+01
4.623413218534582825e+01
4.626197443966247391e+01
4.629158740719123699e+01
4.632305329013595951e+01
4.635645654246274461e+01
4.639188387056241680e+01
4.642942423273529329e+01
4.646916883970639134e+01
4.651121115366859726e+01
4.655564688960753728e+01
4.660257401412388134e+01
4.665209274624304925e+01
4.670430555712073328e+01
4.675931716974852037e+01
4.681723455946909240e+01
4.662587322603816631e+01
4.662599185564175031e+01
4.662634894658970808e+01
4.662694810492561004e+01
4.662779534093065337e+01
4.662889906893961012e+01
4.663027010730403532e+01
4.663192167853949144e+01
4.663386940921513713e+01
4.663613133002730393e+01
4.663872787579953183e+01
4.664168188526174674e+01
4.664501860149187706e+01
4.664876567140061780e+01
4.665295314620988165e+01
4.665761348115837137e+01
4.666278153550157271e+01
4.666849457258536660e+01
4.667479225988281399e+01
4.668171666910459550e+01
4.668931227601498790e+01
4.669762596006380306e+01
4.670670700526969910e+01
4.671660709963133229e+01
4.672738033505370225e+01
4.673908320764263635e+01
4.675177461777835930e+01
4.676551586952665929e+01
4.678037067144853722e+01
4.679640513608500640e+01
4.681368777980981832e+01
4.683228952341836759e+01
4.685228369153880124e+01
4.687374601322090228e+01
4.689675462120000304e+01
4.692139005248584027e+01
4.694773524843618873e+01
4.697587555394713377e+01
4.700589871848362122e+01
4.703789489556417180e+01
4.707195664231925747e+01
4.710817892059540668e+01
4.714665909577748693e+01
4.718749693789279576e+01
4.723079462072782064e+01
4.727665672204900460e+01
4.732519022389720931e+01
4.737650451244049066e+01
4.743071137797411296e+01
4.748792501455248072e+01
4.733844571685820313e+01
4.733852419756706098e+01
4.733876092765573418e+01
4.733915977093686678e+01
4.733972716729449814e+01
4.734047213235282214e+01
4.734140625777062183e+01
4.734254371109404502e+01
4.734390123564619302e+01
4.734549815096877978e+01
4.734735635227005446e+01
4.734950031064565223e+01
4.735195707333618031e+01
4.735475626332242172e+01
4.735793007943571098e+01
4.736151329668919630e+01
4.736554326568894879e+01
4.737005991333325738e+01
4.737510574203974301e+01
4.738072583026061579e+01
4.738696783266667723e+01
4.739388197933766378e+01
4.740152107671911352e+01
4.740994050688631489e+01
4.741919822798595874e+01
4.742935477386806298e+01
4.744047325474847554e+01
4.745261935610474069e+01
4.746586133985385203e+01
4.748027004368972825e+01
4.749591888108327709e+01
4.751288384157676603e+01
4.753124349056304965e+01
4.755107896943275136e+01
4.757247399520624498e+01
4.759551486134331810e+01
4.762029043671270045e+01
4.764689216625448154e+01
4.767541407098016748e+01
4.770595274760458437e+01
4.773860736906119229e+01
4.777347968361874564e+01
4.781067401620624224e+01
4.785029726694080665e+01
4.789245891237894881e+01
4.793727100478055547e+01
4.798484817262411894e+01
4.803530761957620854e+01
4.808876912596365827e+01
4.814535504774304542e+01
4.803134489407741370e+01
4.803138254139027197e+01
4.803149686488126946e+01
4.803169200931810678e+01
4.803197488261012893e+01
4.803235515595556393e+01
4.803284526354707396e+01
4.803346040286619711e+01
4.803421853453614432e+01
4.803514038250577300e+01
4.803624943357120003e+01
4.803757193796461422e+01
4.803913690902305689e+01
4.804097612322523503e+01
4.804312412026511936e+01
4.804561820301513819e+01
4.804849843748937843e+01
4.805180765291720490e+01
4.805559144163281360e+01
4.805989815925929776e+01
4.806477892445098377e+01
4.807028761911426784e+01
4.807648088837081701e+01
4.808341814048394980e+01
4.809116154682184430e+01
4.809977604207835356e+01
4.810932932390497285e+01
4.811989185327887242e+01
4.813153685435568008e+01
4.814434031454309348e+01
4.815838098420646674e+01
4.817374037681597798e+01
4.819050276946194344e+01
4.820875520211868093e+01
4.822858747786539624e+01
4.825009216303332948e+01
4.827336458713220679e+01
4.829850284299742924e+01
4.832560778634841370e+01
4.835478303623027330e+01
4.838613497494016968e+01
4.841977274788014540e+01
4.845580826355708126e+01
4.849435619380352591e+01
4.853553397340968445e+01
4.857946180049143692e+01
4.862626263641671898e+01
4.867606220558472074e+01
4.872898899549950613e+01
4.878517425706438360e+01
4.866816967291953233e+01
4.866818119387951214e+01
4.866821721931555089e+01
4.866828213693275273e+01
4.866838325965883882e+01
4.866853082546012388e+01
4.866873799756233154e+01
4.866902086415618101e+01
4.866939843891263706e+01
4.866989266032040717e+01
4.867052839216445648e+01
4.867133342334192747e+01
4.867233846804618480e+01
4.867357716532517742e+01
4.867508607963348766e+01
4.867690470050107621e+01
4.867907544249651863e+01
4.868164364555821066e+01
4.868465757455272325e+01
4.868816841964287079e+01
4.869223029606683895e+01
4.869690024421183239e+01
4.870223822979807693e+01
4.870830714328995725e+01
4.871517280066892397e+01
4.872290394288138060e+01
4.873157223620677314e+01
4.874125227188953602e+01
4.875202156635990747e+01
4.876396056123393663e+01
4.877715262316627332e+01
4.879168404421817229e+01
4.880764404156312963e+01
4.882512475704516675e+01
4.884422125820938021e+01
4.886503153756585505e+01
4.888765651266325563e+01
4.891220002645690101e+01
4.893876884679346517e+01
4.896747266677905941e+01
4.899842410470558463e+01
4.903173870382995148e+01
4.906753493281567557e+01
4.910593418536489452e+01
4.914706078036552839e+01
4.919104196159689479e+01
4.923800789839214787e+01
4.928809168497583215e+01
4.934142934075828890e+01
4.939815981040927539e+01
4.928604424860473898e+01
4.928602844792001747e+01
4.928598259792714487e+01
4.928591135517804389e+01
4.928582248034721403e+01
4.928572683848939562e+01
4.928563839889229570e+01
4.928557423529747439e+01
4.928555452556906147e+01
4.928560255202501139e+01
4.928574470103227156e+01
4.928601046359560911e+01
4.928643243469518609e+01
4.928704631391219237e+01
4.928789090483999047e+01
4.928900811556258788e+01
4.929044295839696588e+01
4.929224354992992119e+01
4.929446111109167816e+01
4.929714996708223396e+01
4.930036754740821436e+01
4.930417438595645763e+01
4.930863412073638585e+01
4.931381349417443261e+01
4.931978235293005497e+01
4.932661364819011851e+01
4.933438343500645118e+01
4.934317087314234840e+01
4.935305822633645789e+01
4.936413086296528263e+01
4.937647725538069210e+01
4.939018898042517947e+01
4.940536071913745531e+01
4.942209025697321323e+01
4.944047848365797648e+01
4.946062939289264193e+01
4.948265008331035375e+01
4.950665075722523767e+01
4.953274472166283715e+01
4.956104838769768151e+01
4.959168127074772769e+01
4.962476599086875240e+01
4.966042827172388741e+01
4.969879694190851893e+01
4.974000393391981589e+01
4.978418428496637915e+01
4.983147613615859228e+01
4.988202073309744833e+01
4.993596242550654551e+01
4.999344866767369666e+01
4.986309738598893659e+01
4.986305930638659589e+01
4.986294671157508418e+01
4.986276453354087579e+01
4.986252099226145873e+01
4.986222759574211949e+01
4.986189913983191246e+01
4.986155370862851299e+01
4.986121267399977341e+01
4.986090069587813645e+01
4.986064572222386460e+01
4.986047898891457208e+01
4.986043501989250615e+01
4.986055162705407895e+01
4.986086991032351534e+01
4.986143425746881519e+01
4.986229234450659220e+01
4.986349513515003196e+01
4.986509688147133801e+01
4.986715512312887455e+01
4.986973068806643994e+01
4.987288769203478722e+01
4.987669353895968527e+01
4.988121892057388607e+01
4.988653781678515742e+01
4.989272749523461670e+01
4.989986851181200933e+01
4.990804471036128120e+01
4.991734322249652678e+01
4.992785446819089401e+01
4.993967215489325895e+01
4.995289327855874006e+01
4.996761812298624506e+01
4.998395025989206175e+01
5.000199654876264788e+01
5.002186713751709846e+01
5.004367546184468551e+01
5.006753824549927856e+01
5.009357549993130476e+01
5.012191052502383570e+01
5.015266990843011286e+01
5.018598352572077204e+01
5.022198454067824258e+01
5.026080940470792768e+01
5.030259785779507808e+01
5.034749292725347658e+01
5.039564092882952906e+01
5.044719146618704997e+01
5.050229743076000233e+01
5.056111500241500067e+01
5.032496115473971088e+01
5.032493185779780731e+01
5.032484567283361798e+01
5.032470771768942086e+01
5.032452652200417020e+01
5.032431402728712300e+01
5.032408558680744193e+01
5.032385996577820464e+01
5.032365934128277019e+01
5.032350930227482877e+01
5.032343884954156010e+01
5.032348039559323638e+01
5.032366976499444888e+01
5.032404619403288137e+01
5.032465233094013257e+01
5.032553423574449880e+01
5.032674138034457911e+01
5.032832664854608140e+01
5.033034633587780604e+01
5.033286014981245415e+01
5.033593120972985702e+01
5.033962604673292418e+01
5.034401460397887718e+01
5.034917023616403497e+01
5.035516971018622456e+01
5.036209320459278871e+01
5.037002430987494961e+01
5.037905002821024425e+01
5.038926077397773184e+01
5.040075037291152427e+01
5.041361606313129329e+01
5.042795849425898780e+01
5.044388172786045743e+01
5.046149323744546678e+01
5.048090390832047092e+01
5.050222803751503164e+01
5.052558333407622371e+01
5.055109091899502261e+01
5.057887532476469516e+01
5.060906449611682234e+01
5.064178978943249376e+01
5.067718597296308047e+01
5.071539122690388979e+01
5.075654714324689820e+01
5.080079872570721022e+01
5.084829438994380268e+01
5.089918596392762851e+01
5.095362868669025147e+01
5.101178120942797989e+01
5.107380559564906264e+01
5.075446144277942295e+01
5.075444413511722530e+01
5.075439398309691796e+01
5.075431629980131731e+01
5.075421994002498138e+01
5.075411730075261119e+01
5.075402432093827088e+01
5.075396048124773074e+01
5.075394880464734371e+01
5.075401585596239329e+01
5.075419174191390681e+01
5.075451011137625557e+01
5.075500815486194739e+01
5.075572660533124747e+01
5.075670973730896662e+01
5.075800536758364956e+01
5.075966485469238876e+01
5.076174309914161142e+01
5.076429854373832029e+01
5.076739317300123133e+01
5.077109251327120631e+01
5.077546563322647444e+01
5.078058514333059037e+01
5.078652719609006283e+01
5.079337148575992700e+01
5.080120124889578648e+01
5.081010326380177133e+01
5.082016785089857080e+01
5.083148887250261083e+01
5.084416373293645108e+01
5.085829337841841635e+01
5.087398229720975706e+01
5.089133851965148381e+01
5.091047361779633462e+01
5.093150270592401796e+01
5.095454444024675666e+01
5.097972101876214168e+01
5.100715818154747438e+01
5.103698521083344986e+01
5.106933493063608154e+01
5.110434370683030636e+01
5.114215144766524901e+01
5.118290160288093205e+01
5.122674116451796777e+01
5.127382066662308802e+01
5.132429418502837137e+01
5.137831933749843927e+01
5.143605728395125709e+01
5.149767272631094528e+01
5.156333390828696395e+01
5.112801767865099123e+01
5.112802392388331185e+01
5.112804448902671339e+01
5.112808486227326910e+01
5.112815419092876112e+01
5.112826528097099299e+01
5.112843459734425977e+01
5.112868226373850433e+01
5.112903206295733582e+01
5.112951143636603035e+01
5.113015148444351610e+01
5.113098696645120356e+01
5.113205630043295002e+01
5.113340156343588205e+01
5.113506849136319232e+01
5.113710647886372129e+01
5.113956857955279389e+01
5.114251150593858597e+01
5.114599562934853338e+01
5.115008498000295134e+01
5.115484724697819985e+01
5.116035377813310703e+01
5.116667958044017439e+01
5.117390331943354909e+01
5.118210731979786487e+01
5.119137756477937984e+01
5.120180369684847221e+01
5.121347901714752737e+01
5.122650048552782209e+01
5.124096872102789746e+01
5.125698800143194234e+01
5.127466626341703915e+01
5.129411510229548554e+01
5.131544977264049123e+01
5.133878918755008414e+01
5.136425591938321134e+01
5.139197619872921763e+01
5.142207991573275194e+01
5.145470061906333115e+01
5.148997551606249345e+01
5.152804547362710252e+01
5.156905501673722370e+01
5.161315232985463552e+01
5.166048925581873874e+01
5.171122129665622680e+01
5.176550761306582871e+01
5.182351102493356620e+01
5.188539801052310452e+01
5.195133870750618144e+01
5.202150691200579047e+01
5.138549878915953428e+01
5.138556503518545782e+01
5.138576562066958076e+01
5.138610608761014475e+01
5.138659567292854291e+01
5.138724730802761798e+01
5.138807761919655093e+01
5.138910692746362230e+01
5.139035924844901615e+01
5.139186229269603956e+01
5.139364746519265736e+01
5.139574986592359096e+01
5.139820828939184594e+01
5.140106522491311836e+01
5.140436685654223936e+01
5.140816306296272131e+01
5.141250741774440058e+01
5.141745718901220386e+01
5.142307333977737471e+01
5.142942052760625415e+01
5.143656710484108174e+01
5.144458511860002403e+01
5.145355031074033292e+01
5.146354211763757291e+01
5.147464367070082147e+01
5.148694179585744735e+01
5.150052701381073206e+01
5.151549353996626479e+01
5.153193928443192817e+01
5.154996585212833082e+01
5.156967854256796358e+01
5.159118635014964127e+01
5.161460196386407517e+01
5.164004176744108321e+01
5.166762583938638898e+01
5.169747795279760538e+01
5.172972557580589381e+01
5.176449987091348248e+01
5.180193569543530430e+01
5.184217160149901815e+01
5.188534983597138250e+01
5.193161634038465735e+01
5.198112075093661133e+01
5.203401639863770356e+01
5.209046030909031799e+01
5.215061320278312706e+01
5.221463949501754342e+01
5.228270729546603945e+01
5.235498840868741155e+01
5.243165833405316789e+01
5.159643836411940754e+01
5.159657350364069117e+01
5.159698078212397121e+01
5.159766577914347607e+01
5.159863779396507510e+01
5.159990984558305627e+01
5.160149867275694646e+01
5.160342473390107898e+01
5.160571220715822705e+01
5.160838899047319472e+01
5.161148670126158322e+01
5.161504067699865317e+01
5.161908997463048365e+01
5.162367737086836428e+01
5.162884936218883070e+01
5.163465616479683007e+01
5.164115171444173313e+01
5.164839366689576394e+01
5.165644339736513047e+01
5.166536600082130093e+01
5.167523029211135821e+01
5.168610880566361487e+01
5.169807779570840012e+01
5.171121723598366771e+01
5.172561082025021761e+01
5.174134596173965406e+01
5.175851379359603044e+01
5.177720916839738408e+01
5.179753065885504526e+01
5.181958055689349152e+01
5.184346487457049335e+01
5.186929334348820930e+01
5.189717941494043174e+01
5.192724026005979709e+01
5.195959676952334405e+01
5.199437355377334313e+01
5.203169894309089472e+01
5.207170498744873299e+01
5.211452745636400863e+01
5.216030583933990528e+01
5.220918334505599745e+01
5.226130690276675494e+01
5.231682716060860372e+01
5.237589848707205675e+01
5.243867896982398946e+01
5.250533041659095801e+01
5.257601835493832709e+01
5.265091203160786648e+01
5.273018441354820141e+01
5.281401218717876134e+01
5.175749350643681623e+01
5.175771152666430908e+01
5.175836744612531959e+01
5.175946684167065825e+01
5.176101900752415474e+01
5.176303695598192434e+01
5.176553741697075139e+01
5.176854083823206309e+01
5.177207138532197206e+01
5.177615694142721026e+01
5.178082910765961344e+01
5.178612320279844994e+01
5.179207826343767351e+01
5.179873704394907463e+01
5.180614601644552408e+01
5.181435537081773646e+01
5.182341901469749956e+01
5.183339457356805724e+01
5.184434339058010721e+01
5.185633052673583165e+01
5.186942476085206266e+01
5.188369858933946688e+01
5.189922822653381473e+01
5.191609360443830212e+01
5.193437837290760939e+01
5.195416989957426779e+01
5.197555926970147055e+01
5.199864128651427109e+01
5.202351447086838476e+01
5.205028106147099720e+01
5.207904701473353271e+01
5.210992200488210102e+01
5.214301942388384958e+01
5.217845638148381227e+01
5.221635370527846476e+01
5.225683594060535597e+01
5.230003135013826210e+01
5.234607191517528690e+01
5.239509333412993186e+01
5.244723502341439314e+01
5.250264011707151468e+01
5.256145546714279959e+01
5.262383164322682205e+01
5.268992293277361227e+01
5.275988734101106559e+01
5.283388659094492112e+01
5.291208612343241668e+01
5.299465509681419917e+01
5.308176638757682042e+01
5.317359658961667179e+01
5.186617300444696355e+01
5.186649848806336394e+01
5.186747676320656808e+01
5.186911330224331351e+01
5.187141722583390191e+01
5.187440130300583263e+01
5.187808195108013365e+01
5.188247923556101426e+01
5.188761687024624081e+01
5.189352221733755499e+01
5.190022628710945440e+01
5.190776373846121317e+01
5.191617287803364178e+01
5.192549566142356099e+01
5.193577769193251470e+01
5.194706822148683045e+01
5.195942015012239779e+01
5.197289002616867037e+01
5.198753804635907017e+01
5.200342805564697812e+01
5.202062754724255456e+01
5.203920766264949549e+01
5.205924319159149150e+01
5.208081257223297911e+01
5.210399789092156908e+01
5.212888488222483829e+01
5.215556292907751157e+01
5.218412506278151142e+01
5.221466796263788268e+01
5.224729195660928127e+01
5.228210102054708130e+01
5.231920277903786598e+01
5.235870850440973356e+01
5.240073311772600562e+01
5.244539518812271695e+01
5.249281693313990615e+01
5.254312421835353319e+01
5.259644655789077206e+01
5.265291711417233955e+01
5.271267269747089301e+01
5.277585376697830100e+01
5.284260442973835836e+01
5.291307244101483320e+01
5.298740920488029360e+01
5.306576977311202370e+01
5.314831284592808913e+01
5.323520077206092793e+01
5.332659954824214310e+01
5.342267881964409071e+01
5.352361187973270518e+01
5.191872025523861112e+01
5.191916671848520082e+01
5.192050788401245143e+01
5.192274907958763919e+01
5.192589918447937691e+01
5.192997062982568934e+01
5.193497939863396340e+01
5.194094502541294389e+01
5.194789059668797648e+01
5.195584275052255663e+01
5.196483167684957039e+01
5.197489111732406286e+01
5.198605836536007274e+01
5.199837426616740288e+01
5.201188321667802938e+01
5.202663316543569039e+01
5.204267561307433709e+01
5.206006561161883894e+01
5.207886176503708953e+01
5.209912622916633040e+01
5.212092471127158433e+01
5.214432647059764747e+01
5.216940431814828116e+01
5.219623461668625453e+01
5.222489728047565194e+01
5.225547577594439019e+01
5.228805712094812463e+01
5.232273188524870022e+01
5.235959419029333617e+01
5.239874170939861386e+01
5.244027566741930002e+01
5.248430084118992767e+01
5.253092555926722440e+01
5.258026170170925440e+01
5.263242470066428780e+01
5.268753353989236388e+01
5.274571075483888194e+01
5.280708243278182579e+01
5.287177821279495760e+01
5.293993128556379446e+01
5.301167839371686341e+01
5.308715983134721483e+01
5.316651944471172442e+01
5.324990463149501352e+01
5.333746634125107988e+01
5.342935907532970674e+01
5.352574088658202811e+01
5.362677338002298910e+01
5.373262171209526628e+01
5.384345459133175638e+01
5.195410716353577385e+01
5.195468273191642083e+01
5.195641115370322183e+01
5.195929757908837843e+01
5.196335059148021429e+01
5.196858220768717729e+01
5.197500787806507105e+01
5.198264648618580708e+01
5.199152034916863840e+01
5.200165521731214113e+01
5.201308027460943606e+01
5.202582813812254869e+01
5.203993485853447254e+01
5.205543991978109375e+01
5.207238623930885524e+01
5.209082016781712099e+01
5.211079148947898432e+01
5.213235342186766985e+01
5.215556261584613651e+01
5.218047915593508179e+01
5.220716655961370378e+01
5.223569177823977583e+01
5.226612519612956476e+01
5.229854063125708308e+01
5.233301533488607049e+01
5.236962999168040511e+01
5.240846871970408216e+01
5.244961907045804139e+01
5.249317202865933751e+01
5.253922201279319637e+01
5.258786687419290473e+01
5.263920789807033884e+01
5.269334980274308577e+01
5.275040074000246193e+01
5.281047229515031916e+01
5.287367948663102624e+01
5.294014076647311384e+01
5.300997802003160331e+01
5.308331656602487669e+01
5.316028515657143316e+01
5.324101597733711344e+01
5.332564464713028229e+01
5.341431021819621350e+01
5.350715517632755081e+01
5.360432544075386119e+01
5.370597036362640608e+01
5.381224273104861311e+01
5.392329876211923079e+01
5.403929810981556159e+01
5.416040385988938510e+01
5.203851826589026075e+01
5.203922045202910596e+01
5.204132866228019338e+01
5.204484785211040787e+01
5.204978628076616332e+01
5.205615551101578831e+01
5.206397040951755173e+01
5.207324914641482394e+01
5.208401319559372666e+01
5.209628733468307615e+01
5.211009964479683987e+01
5.212548151093888293e+01
5.214246762163501359e+01
5.216109596922736813e+01
5.218140784954317724e+01
5.220344786241005153e+01
5.222726391077264907e+01
5.225290720187041416e+01
5.228043224624389751e+01
5.230989685817636570e+01
5.234136215565700923e+01
5.237489256041776287e+01
5.241055579771244766e+01
5.244842289661125534e+01
5.248856818974306293e+01
5.253106931344268560e+01
5.257600720786127368e+01
5.262346611659828710e+01
5.267353358714311184e+01
5.272630047043346480e+01
5.278186092126018281e+01
5.284031239804642155e+01
5.290175566281086361e+01
5.296629478142532577e+01
5.303403712324674046e+01
5.310509336133795699e+01
5.317957747257816692e+01
5.325760673740527551e+01
5.333930173981589462e+01
5.342478636788060697e+01
5.351418781278705694e+01
5.360763656990727100e+01
5.370526643795115973e+01
5.380721451962899238e+01
5.391362122073131502e+01
5.402463025141704378e+01
5.414038862529341145e+01
5.426104665934234106e+01
5.438675797450931526e+01
5.451767949526171719e+01
5.206551006922826730e+01
5.206635353707197567e+01
5.206888551136037080e+01
5.207311070392367469e+01
5.207903696829066575e+01
5.208667529906307436e+01
5.209603983220994650e+01
5.210714784510452802e+01
5.212001975645057428e+01
5.213467912624561507e+01
5.215115265581770387e+01
5.216947018789907986e+01
5.218966470651569267e+01
5.221177233695046027e+01
5.223583234596405589e+01
5.226188714150048753e+01
5.228998227305512358e+01
5.232016643119627020e+01
5.235249144811720612e+01
5.238701229701052142e+01
5.242378709262018788e+01
5.246287709109431319e+01
5.250434668972756214e+01
5.254826342721873544e+01
5.259469798367079818e+01
5.264372418040684920e+01
5.269541898019095072e+01
5.274986248700730584e+01
5.280713794631786584e+01
5.286733174484155029e+01
5.293053341059098926e+01
5.299683561298299850e+01
5.306633416276493165e+01
5.313912801201468739e+01
5.321531925403030527e+01
5.329501312366119947e+01
5.337831799694010471e+01
5.346534539126713526e+01
5.355620996537292200e+01
5.365102951935546827e+01
5.374992499464332241e+01
5.385302047395877878e+01
5.396044318139147578e+01
5.407232348236161101e+01
5.418879488358312102e+01
5.430999403321089858e+01
5.443606072065679768e+01
5.456713787658958381e+01
5.470337157326622446e+01
5.484491102401658935e+01
5.212313742594050581e+01
5.212411651112044098e+01
5.212705526101424169e+01
5.213195815813187295e+01
5.213883267372807495e+01
5.214768926728715570e+01
5.215854138681741858e+01
5.217140546870391660e+01
5.218630093789251134e+01
5.220325020759540280e+01
5.222227867965919756e+01
5.224341474419686193e+01
5.226668977991894138e+01
5.229213815387596753e+01
5.231979722160562574e+01
5.234970732702239360e+01
5.238191180260152890e+01
5.241645696912144814e+01
5.245339213595816830e+01
5.249276960075404475e+01
5.253464464967544245e+01
5.257907555741269334e+01
5.262612358703290738e+01
5.267585298997995835e+01
5.272833100618490221e+01
5.278362786402917095e+01
5.284181678034457263e+01
5.290297396052370971e+01
5.296717859800471473e+01
5.303451287515454027e+01
5.310506196249610156e+01
5.317891401907628079e+01
5.325616019231873821e+01
5.333689461820792133e+01
5.342121442106824247e+01
5.350921971367449714e+01
5.360101359732544779e+01
5.369670216162303689e+01
5.379639448476678609e+01
5.390020263329619610e+01
5.400824166220112943e+01
5.412062961492183177e+01
5.423748752342253709e+01
5.435893940800743707e+01
5.448511227739430041e+01
5.461613612886169022e+01
5.475214394799132123e+01
5.489327170892569541e+01
5.503965837436810915e+01
5.519144589506739607e+01
5.232062568220312926e+01
5.232170695084876400e+01
5.232495220980973727e+01
5.233036581808472931e+01
5.233795504038936741e+01
5.234773004748746672e+01
5.235970391611741093e+01
5.237389262899217357e+01
5.239031507454167524e+01
5.240899304731763664e+01
5.242995124780954086e+01
5.245321728229744451e+01
5.247882166310959207e+01
5.250679780858560264e+01
5.253718204278204240e+01
5.257001359580367961e+01
5.260533460376665715e+01
5.264319010857767722e+01
5.268362805811802474e+01
5.272669930635397151e+01
5.277245761293194448e+01
5.282095964358335038e+01
5.287226497001417869e+01
5.292643606975779136e+01
5.298353832624851378e+01
5.304364002900566533e+01
5.310681237341272265e+01
5.317312946079096037e+01
5.324266829828899006e+01
5.331550879917723762e+01
5.339173378251668112e+01
5.347142897334288136e+01
5.355468300266597481e+01
5.364158740739706133e+01
5.373223663038503162e+01
5.382672802034294079e+01
5.392516183203201763e+01
5.402764122611448272e+01
5.413427226915351298e+01
5.424516393361325584e+01
5.436042809800606079e+01
5.448017954670842755e+01
5.460453596999784054e+01
5.473361796408955371e+01
5.486754903128380079e+01
5.500645557956098486e+01
5.515046692302329490e+01
5.529971528171068940e+01
5.545433578145369324e+01
5.561446645409421308e+01
5.246759127191894834e+01
5.246878603410835495e+01
5.247237172206587985e+01
5.247835253929700627e+01
5.248673549193861021e+01
5.249753038853818055e+01
5.251074983998017132e+01
5.252640925978045772e+01
5.254452686371828918e+01
5.256512366998349961e+01
5.258822349928692574e+01
5.261385297478681622e+01
5.264204152212558796e+01
5.267282136917224733e+01
5.270622754650082697e+01
5.274229788680150222e+01
5.278107302554309399e+01
5.282259640031056591e+01
5.286691425146751300e+01
5.291407562145690946e+01
5.296413235538991415e+01
5.301713910075148561e+01
5.307315330747398718e+01
5.313223522778995545e+01
5.319444791660011873e+01
5.325985723114222736e+01
5.332853183095419070e+01
5.340054317820532503e+01
5.347596553736514124e+01
5.355487597546093781e+01
5.363735436178340876e+01
5.372348336825464798e+01
5.381334846909692260e+01
5.390703794101671775e+01
5.400464286313109596e+01
5.410625711696769713e+01
5.421197738661199850e+01
5.432190315841282313e+01
5.443613672131361625e+01
5.455478316655801052e+01
5.467795038798421814e+01
5.480574908162025594e+01
5.493829274616233249e+01
5.507569768260685095e+01
5.521808299450799495e+01
5.536557058772015694e+01
5.551828517061871793e+01
5.567635425387923220e+01
5.583990815091908644e+01
5.600907997719821907e+01
5.268243791748076887e+01
5.268372560726088949e+01
5.268759005370048243e+01
5.269403538813411814e+01
5.270306849594762610e+01
5.271469901679895287e+01
5.272893934450775077e+01
5.274580462716575369e+01
5.276531276691601136e+01
5.278748442021046117e+01
5.281234299758914119e+01
5.283991466379058721e+01
5.287022833782544495e+01
5.290331569282924562e+01
5.293921115598881499e+01
5.297795190902069606e+01
5.301957788739831301e+01
5.306413178108799400e+01
5.311165903425457913e+01
5.316220784500378471e+01
5.321582916582384115e+01
5.327257670329107953e+01
5.333250691829071144e+01
5.339567902575927150e+01
5.346215499486856970e+01
5.353199954898892798e+01
5.360528016565237408e+01
5.368206707666301725e+01
5.376243326780267040e+01
5.384645447930925855e+01
5.393420920539838903e+01
5.402577869459457816e+01
5.412124694947362968e+01
5.422070072695705534e+01
5.432422953801766141e+01
5.443192564790035703e+01
5.454388407604855615e+01
5.466020259603055820e+01
5.478098173550274907e+01
5.490632477657765520e+01
5.503633775534546402e+01
5.517112946213168101e+01
5.531081144142350325e+01
5.545549799198021645e+01
5.560530616661242931e+01
5.576035577247643715e+01
5.592076937077982279e+01
5.608667227700227897e+01
5.625819256071160623e+01
5.643546104571087341e+01
5.307283544788210605e+01
5.307416369153850866e+01
5.307814984399152536e+01
5.308479816950860197e+01
5.309411577569282059e+01
5.310611261267328587e+01
5.312080147369391625e+01
5.313819799503989572e+01
5.315832065570640452e+01
5.318119077780347226e+01
5.320683252637195437e+01
5.323527290934674028e+01
5.326654177759353104e+01
5.330067182490886779e+01
5.333769858820414811e+01
5.337766044706395263e+01
5.342059862411411331e+01
5.346655718513211752e+01
5.351558303853183673e+01
5.356772593584199882e+01
5.362303847148536562e+01
5.368157608270509940e+01
5.374339705004323520e+01
5.380856249656780932e+01
5.387713638853528408e+01
5.394918553505937098e+01
5.402477958825820537e+01
5.410399104314394236e+01
5.418689523762277105e+01
5.427357035267892371e+01
5.436409741211705438e+01
5.445856028263582260e+01
5.455704567415916273e+01
5.465964313921060835e+01
5.476644507339172918e+01
5.487754671534533202e+01
5.499304614653463830e+01
5.511304429142732175e+01
5.523764491734826265e+01
5.536695463458998745e+01
5.550108289655985061e+01
5.564014199926481297e+01
5.578424708204751425e+01
5.593351612688697116e+01
5.608806995884026492e+01
5.624803224585849648e+01
5.641352949889719071e+01
5.658469107176910740e+01
5.676164916136504246e+01
5.694453880728580941e+01
5.342352143078470306e+01
5.342489501960554321e+01
5.342901725465987539e+01
5.343589254212796646e+01
5.344552822552094540e+01
5.345793458568074641e+01
5.347312484103779440e+01
5.349111514724292959e+01
5.351192459742504326e+01
5.353557522222788378e+01
5.356209198944203109e+01
5.359150280452011117e+01
5.362383851020881309e+01
5.365913288662244440e+01
5.369742265142698301e+01
5.373874745947203024e+01
5.378314990315884359e+01
5.383067551232993253e+01
5.388137275408504223e+01
5.393529303303875366e+01
5.399249069128372724e+01
5.405302300809622551e+01
5.411695020034099457e+01
5.418433542221359289e+01
5.425524476535085228e+01
5.432974725875723010e+01
5.440791486884163675e+01
5.448982249945422751e+01
5.457554799184960359e+01
5.466517212465001307e+01
5.475877861395574797e+01
5.485645411312434305e+01
5.495828821310177403e+01
5.506437344209128071e+01
5.517480526573731936e+01
5.528968208719922472e+01
5.540910524693034489e+01
5.553317902278850227e+01
5.566201063007273575e+01
5.579571022141295344e+01
5.593439088702749729e+01
5.607816865439195908e+01
5.622716248834957042e+01
5.638149429129521195e+01
5.654128890288101417e+01
5.670667410027393629e+01
5.687778059797180674e+01
5.705474204795047655e+01
5.723769503951665882e+01
5.742677909941830450e+01
5.384246589457465859e+01
5.384385938034139230e+01
5.384804139456091576e+01
5.385501660883762298e+01
5.386479280865132324e+01
5.387738089405651465e+01
5.389279487924073209e+01
5.391105189263495845e+01
5.393217217702404298e+01
5.395617908928906559e+01
5.398309910081217566e+01
5.401296179703496847e+01
5.404579987786330975e+01
5.408164915729928168e+01
5.412054856362524902e+01
5.416254013951422053e+01
5.420766904184584689e+01
5.425598354163284398e+01
5.430753502442578906e+01
5.436237798979787783e+01
5.442057005163938754e+01
5.448217193819444049e+01
5.454724749195060696e+01
5.461586366960212047e+01
5.468809054212344734e+01
5.476400129480612833e+01
5.484367222725875024e+01
5.492718275307573350e+01
5.501461540049977827e+01
5.510605581183302348e+01
5.520159274354745804e+01
5.530131806661612615e+01
5.540532676618192909e+01
5.551371694155761105e+01
5.562658980640978257e+01
5.574404968868528698e+01
5.586620403057443696e+01
5.599316338858459829e+01
5.612504143339297258e+01
5.626195494995702262e+01
5.640402383758807758e+01
5.655137110980409432e+01
5.670412289436649189e+01
5.686240843335375672e+01
5.702636008316140703e+01
5.719611331420761502e+01
5.737180671152202649e+01
5.755358197408330767e+01
5.774158391537120139e+01
5.793596046307210656e+01
5.439958388003807244e+01
5.440095034999406209e+01
5.440505147580762468e+01
5.441189240627245027e+01
5.442148172222064773e+01
5.443383143703796634e+01
5.444895699644302312e+01
5.446687727848725302e+01
5.448761459370215476e+01
5.451119468495207343e+01
5.453764672743417918e+01
5.456700332882571303e+01
5.459930052913674103e+01
5.463457780067339087e+01
5.467287804836902154e+01
5.471424760923224540e+01
5.475873625289892033e+01
5.480639718126413840e+01
5.485728702859265127e+01
5.491146586155564790e+01
5.496899717926756068e+01
5.502994791321247448e+01
5.509438842713371542e+01
5.516239251732825721e+01
5.523403741227870967e+01
5.530940377305813627e+01
5.538857569296204275e+01
5.547164069783958951e+01
5.555868974568876695e+01
5.564981722702441402e+01
5.574512096480462731e+01
5.584470221424673042e+01
5.594866566297449850e+01
5.605711943105496431e+01
5.617017507096159790e+01
5.628794756742710348e+01
5.641055533759064389e+01
5.653812023103461826e+01
5.667076752971108533e+01
5.680862594805213206e+01
5.695182763252829261e+01
5.710050816238456406e+01
5.725480654916196954e+01
5.741486523651357743e+01
5.758083010079332098e+01
5.775285045057754729e+01
5.793107902688588240e+01
5.811567200310757642e+01
5.830678898492792683e+01
5.850459301058588579e+01
5.492519636038833397e+01
5.492653443610941366e+01
5.493055055561560351e+01
5.493725039637745766e+01
5.494664342069867757e+01
5.495874287578971007e+01
5.497356579384137376e+01
5.499113299191445492e+01
5.501146907201326997e+01
5.503460242119614065e+01
5.506056521120729741e+01
5.508939339884495467e+01
5.512112672592450480e+01
5.515580871898405491e+01
5.519348668972612160e+01
5.523421173446553212e+01
5.527803873479190599e+01
5.532502635694401505e+01
5.537523705225137860e+01
5.542873705691349784e+01
5.548559639199979898e+01
5.554588886363371358e+01
5.560969206269817988e+01
5.567708736527735169e+01
5.574815993195728936e+01
5.582299870867244351e+01
5.590169642604322320e+01
5.598434959967038083e+01
5.607105853006143548e+01
5.616192730274108413e+01
5.625706378799355178e+01
5.635657964123063834e+01
5.646059030262371436e+01
5.656921499736127856e+01
5.668257673546501962e+01
5.680080231201057472e+01
5.692402230694353449e+01
5.705237108504265109e+01
5.718598679621424452e+01
5.732501137505058608e+01
5.746959054127150779e+01
5.761987379943000320e+01
5.777601443898581834e+01
5.793816953437907102e+01
5.810649994495663151e+01
5.828117031493531641e+01
5.846234907354912025e+01
5.865020843493879710e+01
5.884492439811504738e+01
5.904667674706894331e+01
5.547485248848230555e+01
5.547615013523689242e+01
5.548004517103366595e+01
5.548654388180919739e+01
5.549565674467650211e+01
5.550739842726255091e+01
5.552178778792911373e+01
5.553884787591998418e+01
5.555860593121372659e+01
5.558109338456050352e+01
5.560634585744529090e+01
5.563440316208782832e+01
5.566530930162669222e+01
5.569911246967760832e+01
5.573586505095913424e+01
5.577562362066700530e+01
5.581844894498936327e+01
5.586440598070193886e+01
5.591356387546245799e+01
5.596599596766345286e+01
5.602177978639542033e+01
5.608099705155728998e+01
5.614373367385637437e+01
5.621007975469796492e+01
5.628012958625897255e+01
5.635398165167190143e+01
5.643173862443602218e+01
5.651350736922704954e+01
5.659939894112423531e+01
5.668952858627288549e+01
5.678401574147946462e+01
5.688298403417483229e+01
5.698656128278227584e+01
5.709487949634944215e+01
5.720807487473238950e+01
5.732628780848517636e+01
5.744966287900704316e+01
5.757834885846883566e+01
5.771249870973939977e+01
5.785226958645915829e+01
5.799782283315055764e+01
5.814932398488680576e+01
5.830694276769673934e+01
5.847085309830716682e+01
5.864123308417970293e+01
5.881826502362115860e+01
5.900213540556273983e+01
5.919303490978083460e+01
5.939115840693385451e+01
5.959670495823097980e+01
5.607321207535610341e+01
5.607445237666239990e+01
5.607817560959332326e+01
5.608438876070648860e+01
5.609310347439955535e+01
5.610433605279978764e+01
5.611810745576408266e+01
5.613444330102615965e+01
5.615337386390214647e+01
5.617493407758500013e+01
5.619916353292369138e+01
5.622610647864402011e+01
5.625581182105419487e+01
5.628833312444967163e+01
5.632372861063468861e+01
5.636206115925352833e+01
5.640339830790090048e+01
5.644781225153311510e+01
5.649537984320411255e+01
5.654618259358705501e+01
5.660030667101111845e+01
5.665784290175591309e+01
5.671888676979386190e+01
5.678353841671660263e+01
5.685190264202940824e+01
5.692408890285674516e+01
5.700021131427353538e+01
5.708038864890029629e+01
5.716474433716077641e+01
5.725340646735554628e+01
5.734650778536758509e+01
5.744418569495670113e+01
5.754658225757553680e+01
5.765384419244312397e+01
5.776612287654494793e+01
5.788357434459608442e+01
5.800635928911486161e+01
5.813464306023879402e+01
5.826859566605583751e+01
5.840839177230998303e+01
5.855421070236440073e+01
5.870623643764312050e+01
5.886465761696856447e+01
5.902966753718719417e+01
5.920146415283829100e+01
5.938025007611714301e+01
5.956623257705907548e+01
5.975962358342901837e+01
5.996063968072153472e+01
6.016950211223440448e+01
5.664040854867662489e+01
5.664158827270521357e+01
5.664513003054157281e+01
5.665104157895908088e+01
5.665933584619553898e+01
5.667003093162190908e+01
5.668315010585276070e+01
5.669872181078304862e+01
5.671677965966172508e+01
5.673736243683413250e+01
5.676051409788920665e+01
5.678628377002748806e+01
5.681472575114106860e+01
5.684589951084409165e+01
5.687986968981024916e+01
5.691670609995684771e+01
5.695648372444475882e+01
5.699928271786248501e+01
5.704518840585809158e+01
5.709429128536004328e+01
5.714668702472441453e+01
5.720247646336684966e+01
5.726176561198339243e+01
5.732466565266087599e+01
5.739129293858254499e+01
5.746176899435921115e+01
5.753622051566129159e+01
5.761477936954999990e+01
5.769758259429332981e+01
5.778477239943966737e+01
5.787649616570740818e+01
5.797290644524252201e+01
5.807416096125058402e+01
5.818042260847516189e+01
5.829185945249859913e+01
5.840864473051484396e+01
5.853095685085104094e+01
5.865897939300432284e+01
5.879290110793620983e+01
5.893291591763102133e+01
5.907922291542706006e+01
5.923202636601664040e+01
5.939153570522524461e+01
5.955796554015876865e+01
5.973153564912988145e+01
5.991247098191567488e+01
6.010100165920558624e+01
6.029736297330068595e+01
6.050179538752482244e+01
6.071454453651904259e+01
5.716152838688190485e+01
5.716266598285422873e+01
5.716608158904394799e+01
5.717178366085810381e+01
5.717978629035965810e+01
5.719010920685627752e+01
5.720277777616430370e+01
5.721782300112400321e+01
5.723528152152594117e+01
5.725519561392697199e+01
5.727761319183426991e+01
5.730258780552128428e+01
5.733017864239580774e+01
5.736045052644789166e+01
5.739347391872831849e+01
5.742932491712775089e+01
5.746808525641357335e+01
5.750984230822985666e+01
5.755468908106057313e+01
5.760272422041362717e+01
5.765405200848957179e+01
5.770878236443930831e+01
5.776703084440082137e+01
5.782891864120478687e+01
5.789457258474260470e+01
5.796412514167196406e+01
5.803771441552724752e+01
5.811548414682995656e+01
5.819758371283109000e+01
5.828416812784234935e+01
5.837539804283131417e+01
5.847143974589990734e+01
5.857246516176911655e+01
5.867865185222064639e+01
5.879018301594971518e+01
5.890724748834421831e+01
5.903003974185277514e+01
5.915875988569029431e+01
5.929361366591157889e+01
5.943481246566895493e+01
5.958257330484424585e+01
5.973711884008554307e+01
5.989867736517528840e+01
6.006748281062539974e+01
6.024377474382450259e+01
6.042779836907471491e+01
6.061980452762846738e+01
6.082004969739408295e+01
6.102879599337740046e+01
6.124631116746094506e+01
5.763487211325239201e+01
5.763599261082507752e+01
5.763935711315531307e+01
5.764497464867478982e+01
5.765286026514992557e+01
5.766303502912987256e+01
5.767552602635132075e+01
5.769036636148086927e+01
5.770759515840946108e+01
5.772725755992116348e+01
5.774940472787718448e+01
5.777409384317903118e+01
5.780138810584217879e+01
5.783135673488560968e+01
5.786407496825822250e+01
5.789962406309647491e+01
5.793809129554033177e+01
5.797956996084371184e+01
5.802415937311682370e+01
5.807196486565742788e+01
5.812309779080363370e+01
5.817767551986023733e+01
5.823582144328280208e+01
5.829766497056719743e+01
5.836334153002882630e+01
5.843299256931783248e+01
5.850676555497746989e+01
5.858481397266493929e+01
5.866729732693055155e+01
5.875438114165937264e+01
5.884623695944556943e+01
5.894304234210765969e+01
5.904498087054128064e+01
5.915224214457199992e+01
5.926502178317610969e+01
5.938352142425983970e+01
5.950794872488015130e+01
5.963851736109752011e+01
5.977544702793916542e+01
5.991896343965662197e+01
6.006929832932096502e+01
6.022668944930120460e+01
6.039138057074905674e+01
6.056362148404058843e+01
6.074366799855538090e+01
6.093178194260296010e+01
6.112823116375397348e+01
6.133328952843538673e+01
6.154723692226171750e+01
6.177035924970378744e+01
5.806842869309979704e+01
5.806953357841975105e+01
5.807285144846994029e+01
5.807839194570534147e+01
5.808617114072477960e+01
5.809621153245495151e+01
5.810854204818718927e+01
5.812319804324627626e+01
5.814022130146885559e+01
5.815966003476182067e+01
5.818156888339671440e+01
5.820600891589933923e+01
5.823304762912335519e+01
5.826275894802945032e+01
5.829522322594299055e+01
5.833052724440676684e+01
5.836876421336506127e+01
5.841003377086917681e+01
5.845444198333508723e+01
5.850210134532260042e+01
5.855313077975618796e+01
5.860765563781456677e+01
5.866580769900433268e+01
5.872772517093910238e+01
5.879355268963395531e+01
5.886344131921101308e+01
5.893754855234108447e+01
5.901603830965479602e+01
5.909908094025783498e+01
5.918685322132614601e+01
5.927953835851072739e+01
5.937732598560641861e+01
5.948041216466232584e+01
5.958899938609219760e+01
5.970329656849045108e+01
5.982351905874253362e+01
5.994988863195135309e+01
6.008263349158447397e+01
6.022198826925331616e+01
6.036819402497074094e+01
6.052149824685666601e+01
6.068215485150607691e+01
6.085042418351058302e+01
6.102657301601046669e+01
6.121087455014266254e+01
6.140360841555595073e+01
6.160506066989574947e+01
6.181552379942977637e+01
6.203529671834875359e+01
6.226468476924486595e+01
5.841665494017158977e+01
5.841778745771780024e+01
5.842118835259522314e+01
5.842686765118902770e+01
5.843484206410433757e+01
5.844513498631347659e+01
5.845777649689831179e+01
5.847280335938151552e+01
5.849025902143211653e+01
5.851019361490230608e+01
5.853266395608508788e+01
5.855773354549340581e+01
5.858547256778658152e+01
5.861595789195433071e+01
5.864927307124312250e+01
5.868550834319301401e+01
5.872476062956403098e+01
5.876713353644657900e+01
5.881273735396700886e+01
5.886168905680288788e+01
5.891411230374134078e+01
5.897013743786305184e+01
5.902990148643190338e+01
5.909354816111573427e+01
5.916122785772876114e+01
5.923309765634198243e+01
5.930932132139356838e+01
5.939006930146805985e+01
5.947551872948036333e+01
5.956585342252857629e+01
5.966126388204116182e+01
5.976194729377696291e+01
5.986810752749398290e+01
5.997995513753821939e+01
6.009770736225482324e+01
6.022158812439293740e+01
6.035182803095847248e+01
6.048866437314050870e+01
6.063234112634810202e+01
6.078310895046788431e+01
6.094122518942246813e+01
6.110695387146482460e+01
6.128056570921511792e+01
6.146233809936626358e+01
6.165255512301518337e+01
6.185150754547873930e+01
6.205949281629379044e+01
6.227681506932756150e+01
6.250378512252004271e+01
6.274072047843602462e+01
5.867767681814445524e+01
5.867888569234409601e+01
5.868251569115109589e+01
5.868857694359452637e+01
5.869708633126682429e+01
5.870806748847101630e+01
5.872155080214709955e+01
5.873757341168803947e+01
5.875617920949179052e+01
5.877741884029887842e+01
5.880134970170761477e+01
5.882803594373246625e+01
5.885754846920890770e+01
5.888996493360935602e+01
5.892536974508004732e+01
5.896385406425695663e+01
5.900551580456024681e+01
5.905045963201026638e+01
5.909879696530113335e+01
5.915064597561674020e+01
5.920613158718278157e+01
5.926538547645709087e+01
5.932854607271849545e+01
5.939575855784600122e+01
5.946717486646599582e+01
5.954295368573143321e+01
5.962326045550585718e+01
5.970826736832657389e+01
5.979815336933107517e+01
5.989310415625703143e+01
5.999331217955267448e+01
6.009897664237684012e+01
6.021030350034131828e+01
6.032750546195248376e+01
6.045080198816969386e+01
6.058041929266287440e+01
6.071659034173892167e+01
6.085955485448894109e+01
6.100955930242017189e+01
6.116685690975045731e+01
6.133170765348180709e+01
6.150437826314282574e+01
6.168514222089905985e+01
6.187427976166347321e+01
6.207207787291238787e+01
6.227883029475908216e+01
6.249483752002745263e+01
6.272040679410473274e+01
6.295585211516237223e+01
6.320149423386156684e+01
5.888635387600795923e+01
5.888764907465562004e+01
5.889153807404099439e+01
5.889803108434402645e+01
5.890714512281348192e+01
5.891890401343566452e+01
5.893333838704488414e+01
5.895048568143380407e+01
5.897039014109588351e+01
5.899310281755654017e+01
5.901868156907878671e+01
5.904719106081039826e+01
5.907870276474712767e+01
5.911329495987992999e+01
5.915105273186370738e+01
5.919206797331174386e+01
5.923643938361171024e+01
5.928427246918325011e+01
5.933567954310997550e+01
5.939077972550749962e+01
5.944969894322898796e+01
5.951256993004919593e+01
5.957953222651724445e+01
5.965073218014064338e+01
5.972632294527487318e+01
5.980646448301298790e+01
5.989132356155364079e+01
5.998107375564903521e+01
6.007589544715695240e+01
6.017597582463596950e+01
6.028150888360303128e+01
6.039269542645985922e+01
6.050974306227214328e+01
6.063286620721117259e+01
6.076228608414898247e+01
6.089823072280560723e+01
6.104093496000667329e+01
6.119064043898413274e+01
6.134759561033316544e+01
6.151205573109210434e+01
6.168428286544165928e+01
6.186454588422652279e+01
6.205312046528656111e+01
6.225028909327282634e+01
6.245634105968434113e+01
6.267157246290489780e+01
6.289628620809266835e+01
6.313079200743781882e+01
6.337540637983127567e+01
6.363045265104874204e+01
5.905059372805261120e+01
5.905200747449050880e+01
5.905625207650555097e+01
5.906333762234893214e+01
5.907328092538011077e+01
5.908610552480283928e+01
5.910184168489230672e+01
5.912052639551038169e+01
5.914220337192161026e+01
5.916692305486679260e+01
5.919474261045260022e+01
5.922572593022517395e+01
5.925994363105971274e+01
5.929747305545488700e+01
5.933839827116484855e+01
5.938281007149359425e+01
5.943080597503739426e+01
5.948249022594240643e+01
5.953797379372062437e+01
5.959737437328672627e+01
5.966081638503165152e+01
5.972843097478582308e+01
5.980035601370870779e+01
5.987673609850965306e+01
5.995772255122707151e+01
6.004347341937563698e+01
6.013415347583589465e+01
6.022993421900146416e+01
6.033099387259501611e+01
6.043751738588910882e+01
6.054969643348535158e+01
6.066772941538802399e+01
6.079182145718808528e+01
6.092218440958473025e+01
6.105903684912146190e+01
6.120260407737642083e+01
6.135311812169842938e+01
6.151081773454456680e+01
6.167594839399538387e+01
6.184876230353410875e+01
6.202951839200982675e+01
6.221848231371107829e+01
6.241592644840269344e+01
6.262212990128896450e+01
6.283737850282963677e+01
6.306196480914474023e+01
6.329618810157295883e+01
6.354035438700284999e+01
6.379477639772563435e+01
6.405977359150880091e+01
5.916900110219849296e+01
5.917056545857117555e+01
5.917526177972357715e+01
5.918309982238437073e+01
5.919409584738772878e+01
5.920827262007814085e+01
5.922565941020000224e+01
5.924629199175042515e+01
5.927021264323683170e+01
5.929747014745613853e+01
5.932811979167880878e+01
5.936222336739117367e+01
5.939984917066351500e+01
5.944107200181879591e+01
5.948597316550630154e+01
5.953464047088563404e+01
5.958716823140589014e+01
5.964365726491609365e+01
5.970421489366516710e+01
5.976895494422834787e+01
5.983799774761759238e+01
5.991147013920796383e+01
5.998950545870081896e+01
6.007224355019744877e+01
6.015983076223584192e+01
6.025241994771710807e+01
6.035017046383185146e+01
6.045324817224420144e+01
6.056182543887099712e+01
6.067608113421297844e+01
6.079620063294999710e+01
6.092237581430904214e+01
6.105480506165936561e+01
6.119369326306458134e+01
6.133925181062016918e+01
6.149169860107915042e+01
6.165125803548404804e+01
6.181816101920368567e+01
6.199264496193320895e+01
6.217495377798847755e+01
6.236533788579085780e+01
6.256405420834561681e+01
6.277136617280034159e+01
6.298754371092332605e+01
6.321286325877239420e+01
6.344760775669484332e+01
6.369206664954831609e+01
6.394653588655355492e+01
6.421131792118400483e+01
6.448672171134981568e+01
5.922744951486713205e+01
5.922918013681822202e+01
5.923437512188335319e+01
5.924304382802937852e+01
5.925520185164687348e+01
5.927087102769740312e+01
5.929007942978705614e+01
5.931286137005610470e+01
5.933925739928935883e+01
5.936931430680581201e+01
5.940308512034818023e+01
5.944062910652455400e+01
5.948201177021957875e+01
5.952730485514646830e+01
5.957658634336856807e+01
5.962994045574099999e+01
5.968745765150583082e+01
5.974923462862330581e+01
5.981537432347739269e+01
5.988598591113343872e+01
5.996118480522775229e+01
6.004109265793078265e+01
6.012583736005753821e+01
6.021555304080999349e+01
6.031038006818187824e+01
6.041046504866427114e+01
6.051596082731921200e+01
6.062702648770609670e+01
6.074382735213928441e+01
6.086653498128328010e+01
6.099532717459435815e+01
6.113038796987892454e+01
6.127190764369836984e+01
6.142008271111143358e+01
6.157511592578461546e+01
6.173721627995534789e+01
6.190659900432164875e+01
6.208348556837329113e+01
6.226810367991337358e+01
6.246068728553678540e+01
6.266147657033575769e+01
6.287071795793669082e+01
6.308866411061052304e+01
6.331557392916236182e+01
6.355171255289465648e+01
6.379735135982804195e+01
6.405276796655408589e+01
6.431824622801451596e+01
6.459407623809002530e+01
6.488055432879065165e+01
5.933480387632452135e+01
5.933668876463745079e+01
5.934234643053967062e+01
5.935178587647986603e+01
5.936502210675998015e+01
5.938207612731441287e+01
5.940297494578361892e+01
5.942775157151412913e+01
5.945644501555849359e+01
5.948910029063856086e+01
5.952576841118221296e+01
5.956650639336019282e+01
5.961137725501249918e+01
5.966045001564840078e+01
5.971379969652001307e+01
5.977150732051190118e+01
5.983365991232511050e+01
5.990035049829312186e+01
5.997167810638188001e+01
6.004774776637380285e+01
6.012867050964693050e+01
6.021456336935899145e+01
6.030554938041057511e+01
6.040175757918749611e+01
6.050332300392884122e+01
6.061038669465337847e+01
6.072309569293870624e+01
6.084160304206848480e+01
6.096606778703242924e+01
6.109665497467352679e+01
6.123353565328321224e+01
6.137688687304297019e+01
6.152689168569315115e+01
6.168373914486416965e+01
6.184762430567168678e+01
6.201874822508462159e+01
6.219731796163075188e+01
6.238354657565432149e+01
6.257765312920562195e+01
6.277986268596740871e+01
6.299040631125487266e+01
6.320952107231010331e+01
6.343745003782360925e+01
6.367444227833917125e+01
6.392075286606984008e+01
6.417664287486108776e+01
6.444237938037490210e+01
6.471823545983205861e+01
6.500449019230664760e+01
6.530142865839476940e+01
5.946657066256916124e+01
5.946860221209941955e+01
5.947469975466694336e+01
5.948487197198120668e+01
5.949913333381559255e+01
5.951750409760258975e+01
5.954001030865460109e+01
5.956668380027435461e+01
5.959756219353408824e+01
5.963268889742273160e+01
5.967211310862514750e+01
5.971588981185330880e+01
5.976407977973589425e+01
5.981674957248710456e+01
5.987397153842183428e+01
5.993582381369812140e+01
6.000239032220668633e+01
6.007376077575498385e+01
6.015003067403035431e+01
6.023130130463689369e+01
6.031767974287456724e+01
6.040927885207047154e+01
6.050621728332122728e+01
6.060861947552974272e+01
6.071661565562605745e+01
6.083034183830972808e+01
6.094993982597618754e+01
6.107555720919522457e+01
6.120734736619572658e+01
6.134546946308648785e+01
6.149008845385620958e+01
6.164137508037352120e+01
6.179950587231335390e+01
6.196466314726735902e+01
6.213703501070710189e+01
6.231681535583683740e+01
6.250420386377756188e+01
6.269940600360377658e+01
6.290263303212267942e+01
6.311410199413180777e+01
6.333403572216138855e+01
6.356266283665836880e+01
6.380021774591281769e+01
6.404694064605790516e+01
6.430307752118031317e+01
6.456888014309943458e+01
6.484460607158820267e+01
6.513051865418901798e+01
6.542688702639782150e+01
6.573398611159048244e+01
5.953850664832330608e+01
5.954069928449651883e+01
5.954727996105263088e+01
5.955825698206425756e+01
5.957364418749295254e+01
5.959346095348362837e+01
5.961773219203331564e+01
5.964648835132241089e+01
5.967976541538344293e+01
5.971760490435868718e+01
5.976005387446335959e+01
5.980716491780162869e+01
5.985899616258738831e+01
5.991561127296029099e+01
5.997707944920652778e+01
6.004347542757483325e+01
6.011487948023968642e+01
6.019137741559570998e+01
6.027306057777926185e+01
6.036002584714685071e+01
6.045237564009112674e+01
6.055021790889369271e+01
6.065366614190907057e+01
6.076283936352795934e+01
6.087786213414036496e+01
6.099886455013566433e+01
6.112598224401297387e+01
6.125935638408672901e+01
6.139913367496514951e+01
6.154546635699814772e+01
6.169851220679263548e+01
6.185843453680762138e+01
6.202540219557508294e+01
6.219958956762633306e+01
6.238117657360242418e+01
6.257034866995975619e+01
6.276729684944848486e+01
6.297221764059727889e+01
6.318531310804457490e+01
6.340679085246495106e+01
6.363686401056912700e+01
6.387575125491994044e+01
6.412367679437402046e+01
6.438087037356649489e+01
6.464756727327906560e+01
6.492400831021916474e+01
6.521043983720394976e+01
6.550711374301316425e+01
6.581428745253626289e+01
6.613222392640443559e+01
5.973124216792655972e+01
5.973354223679486807e+01
5.974044519134177733e+01
5.975195927576122301e+01
5.976809823024147761e+01
5.978888129111240346e+01
5.981433319073498467e+01
5.984448415761178097e+01
5.987936991627649519e+01
5.991903168744119768e+01
5.996351618784910897e+01
6.001287563020098048e+01
6.006716772359677492e+01
6.012645567287314918e+01
6.019080817922915116e+01
6.026029943978457482e+01
6.033500914783757452e+01
6.041502249271744063e+01
6.050043015985824724e+01
6.059132833079880243e+01
6.068781868318267669e+01
6.079000839064779171e+01
6.089801012301042960e+01
6.101194204611802263e+01
6.113192782199637065e+01
6.125809660870240947e+01
6.139058306025064127e+01
6.152952732694431859e+01
6.167507505508105226e+01
6.182737738706321551e+01
6.198659096139792268e+01
6.215287791262344541e+01
6.232640587134601873e+01
6.250734796442382901e+01
6.269588281463582291e+01
6.289219454093929329e+01
6.309647275821227907e+01
6.330891257773200920e+01
6.352971460654922708e+01
6.375908494796664883e+01
6.399723520135496102e+01
6.424438246211597914e+01
6.450074932186669230e+01
6.476656386814482858e+01
6.504205968466648358e+01
6.532747585125250112e+01
6.562305694371808329e+01
6.592905303409361295e+01
6.624571969044056630e+01
6.657331797681483465e+01
5.998457347865144129e+01
5.998694524677479478e+01
5.999406336029041853e+01
6.000593624681900451e+01
6.002257795223559356e+01
6.004400814085353488e+01
6.007025209535091648e+01
6.010134071680737122e+01
6.013731052463044335e+01
6.017820365651881787e+01
6.022406786871991358e+01
6.027495653573546974e+01
6.033092865050557663e+01
6.039204882429824295e+01
6.045838728670939588e+01
6.053001988584691873e+01
6.060702808799940300e+01
6.068949897800419535e+01
6.077752525898975478e+01
6.087120525244928615e+01
6.097064289831430983e+01
6.107594775469707571e+01
6.118723499840579194e+01
6.130462542424536565e+01
6.142824544571666223e+01
6.155822709461165942e+01
6.169470802086627259e+01
6.183783149307554794e+01
6.198774639801526121e+01
6.214460724100992906e+01
6.230857414563838859e+01
6.247981285384420858e+01
6.265849472593568947e+01
6.284479674069627464e+01
6.303890149516372077e+01
6.324099720481412135e+01
6.345127770345151674e+01
6.366994244335505471e+01
6.389719649498462672e+01
6.413325054742246323e+01
6.437832090789471806e+01
6.463262950206585344e+01
6.489640387407550293e+01
6.516987718628081439e+01
6.545328821947724407e+01
6.574688137297223989e+01
6.605090666421709500e+01
6.636561972917512264e+01
6.669128182210070577e+01
6.702815981561296610e+01
6.018200054361305718e+01
6.018445225886569716e+01
6.019181027500958692e+01
6.020408320371783617e+01
6.022128539769311573e+01
6.024343695063080162e+01
6.027056369736625641e+01
6.030269721380115300e+01
6.033987481690351729e+01
6.038213956467092203e+01
6.042954025620407066e+01
6.048213143174363182e+01
6.053997337241258947e+01
6.060313210062108880e+01
6.067167937969840352e+01
6.074569271411376548e+01
6.082525534936592493e+01
6.091045627213041769e+01
6.100139021000187256e+01
6.109815763175169678e+01
6.120086474710721092e+01
6.130962350708291098e+01
6.142455160350200316e+01
6.154577246943806301e+01
6.167341527895739262e+01
6.180761494726623795e+01
6.194851213056359285e+01
6.209625322615158893e+01
6.225099037236190469e+01
6.241288144866615539e+01
6.258209007560230930e+01
6.275878561477465922e+01
6.294314316878026005e+01
6.313534358139290248e+01
6.333557343730550571e+01
6.354402506253495631e+01
6.376089652387005913e+01
6.398639162946038539e+01
6.422071992822742459e+01
6.446409671045341838e+01
6.471674300733977248e+01
6.497888559104379169e+01
6.525075697512036754e+01
6.553259541385949660e+01
6.582464490280153768e+01
6.612715517851640357e+01
6.644038171867711640e+01
6.676458574194947460e+01
6.710003420817599817e+01
6.744699981811835698e+01
6.049521306185758363e+01
6.049769105685852111e+01
6.050512808743015825e+01
6.051753329020535688e+01
6.053492189284421698e+01
6.055731521407087570e+01
6.058474066382073886e+01
6.061723174294601790e+01
6.065482804354699198e+01
6.069757524856715492e+01
6.074552513230847950e+01
6.079873555987933997e+01
6.085727048763617830e+01
6.092119996296266748e+01
6.099060012434332378e+01
6.106555320128990871e+01
6.114614751441501284e+01
6.123247747546889030e+01
6.132464358715541408e+01
6.142275244338970452e+01
6.152691672900373021e+01
6.163725522007749191e+01
6.175389278368145085e+01
6.187696037795007697e+01
6.200659505211871192e+01
6.214293994656031828e+01
6.228614429260152008e+01
6.243636341270656231e+01
6.259375872036693522e+01
6.275849772035898866e+01
6.293075400826548815e+01
6.311070727080684861e+01
6.329854328602515068e+01
6.349445392265847943e+01
6.369863714080337758e+01
6.391129699154684118e+01
6.413264361696627702e+01
6.436289325042397991e+01
6.460226821612542381e+01
6.485099692952418593e+01
6.510931389706424000e+01
6.537745971629041719e+01
6.565568107584840618e+01
6.594423075537430634e+01
6.624336762571549286e+01
6.655335664867293133e+01
6.687446887722209965e+01
6.720698145536564994e+01
6.755117761813350796e+01
6.790734669169323467e+01
6.084910876765624721e+01
6.085158165471496261e+01
6.085900361816172222e+01
6.087138456495554806e+01
6.088874100655986865e+01
6.091109605923696080e+01
6.093847944371669456e+01
6.097092748530693740e+01
6.100848311407762026e+01
6.105119586460304504e+01
6.109912187614595780e+01
6.115232389254710910e+01
6.121087126222527530e+01
6.127483993828763431e+01
6.134431247838258372e+01
6.141937804477334595e+01
6.150013240452196328e+01
6.158667792901086813e+01
6.167912359445814019e+01
6.177758498162306466e+01
6.188218427584292414e+01
6.199305026714345246e+01
6.211031835009156055e+01
6.223413052390580447e+01
6.236463539249314891e+01
6.250198816422817316e+01
6.264635065217386511e+01
6.279789127404484361e+01
6.295678505217053811e+01
6.312321361331117942e+01
6.329736518913623655e+01
6.347943461578278601e+01
6.366962333389231077e+01
6.386813938886832887e+01
6.407519743072916185e+01
6.429101871410794899e+01
6.451583109810543704e+01
6.474986904665802001e+01
6.499337362816967811e+01
6.524659251565920215e+01
6.550977998683381998e+01
6.578319692390518014e+01
6.606711081395732776e+01
6.636179574832112849e+01
6.666753242319985873e+01
6.698460813933805014e+01
6.731331680209498813e+01
6.765395892140803369e+01
6.800684161190291377e+01
6.837227859282020859e+01
6.114869757022486851e+01
6.115116846505694070e+01
6.115858472700071502e+01
6.117095708828843925e+01
6.118830343590026644e+01
6.121064881171145799e+01
6.123802541227155416e+01
6.127047258909882999e+01
6.130803684842262413e+01
6.135077185133061306e+01
6.139873841362155105e+01
6.145200450595248753e+01
6.151064525398601290e+01
6.157474293776455454e+01
6.164438699252010423e+01
6.171967400819572447e+01
6.180070772940877788e+01
6.188759905570853448e+01
6.198046604146576044e+01
6.207943389576233528e+01
6.218463498257522559e+01
6.229620882066610932e+01
6.241430208350775644e+01
6.253906859961524134e+01
6.267066935199394351e+01
6.280927247872834585e+01
6.295505327257722428e+01
6.310819418123126212e+01
6.326888480698183770e+01
6.343732190705222962e+01
6.361370939345042785e+01
6.379825833311632266e+01
6.399118694759049930e+01
6.419272061330863721e+01
6.440309186160153843e+01
6.462254037847428378e+01
6.485131300482706251e+01
6.508966373627117719e+01
6.533785372331301744e+01
6.559615127124368428e+01
6.586483184021255965e+01
6.614417804511694499e+01
6.643447965563886726e+01
6.673603359628178566e+01
6.704914394637071950e+01
6.737412194012577515e+01
6.771128596647815812e+01
6.806096156899656080e+01
6.842348144651279540e+01
6.879918545223857507e+01
6.148846915159884219e+01
6.149093527818151728e+01
6.149833750503358232e+01
6.151068737354074756e+01
6.152800411937040082e+01
6.155031467228759112e+01
6.157765365659666656e+01
6.161006339055242620e+01
6.164759388687536301e+01
6.169030285249402823e+01
6.173825568847145462e+01
6.179152549026274954e+01
6.185019304753109282e+01
6.191434684411093770e+01
6.198408305826561104e+01
6.205950556235612225e+01
6.214072592309874921e+01
6.222786340141784933e+01
6.232104495237222608e+01
6.242040522552320425e+01
6.252608656452975566e+01
6.263823900725891747e+01
6.275702028596982274e+01
6.288259582709287088e+01
6.301513875130332565e+01
6.315482987355814259e+01
6.330185770302234260e+01
6.345641844321621505e+01
6.361871599183133696e+01
6.378896194076734361e+01
6.396737557631595905e+01
6.415418387886657570e+01
6.434962152323747375e+01
6.455393087834457333e+01
6.476736200734869442e+01
6.499017266787633673e+01
6.522262831150445095e+01
6.546500208434930812e+01
6.571757482658797755e+01
6.598063507267927719e+01
6.625447905143725791e+01
6.653941068577364604e+01
6.683574159306587603e+01
6.714379108467861101e+01
6.746388616647902836e+01
6.779636153843195245e+01
6.814155959474707913e+01
6.849983042402621436e+01
6.887153180900560301e+01
6.925702922673997364e+01
6.181682555024779901e+01
6.181928615982155151e+01
6.182667211719071076e+01
6.183899580866709300e+01
6.185627787796876476e+01
6.187854722636726024e+01
6.190584101257718430e+01
6.193820465282978915e+01
6.197569182087302408e+01
6.201836444797148573e+01
6.206629272283284848e+01
6.211955509168144118e+01
6.217823825829507456e+01
6.224243718385780966e+01
6.231225508710718941e+01
6.238780344426060509e+01
6.246920198905214505e+01
6.255657871269573178e+01
6.265006986399558286e+01
6.274981994905176208e+01
6.285598173162820501e+01
6.296871623293192499e+01
6.308819273168658270e+01
6.321458876413252170e+01
6.334809012395315619e+01
6.348889086231174872e+01
6.363719328792503660e+01
6.379320796713683706e+01
6.395715372343961747e+01
6.412925763821051817e+01
6.430975505004894899e+01
6.449888955518137834e+01
6.469691300731416561e+01
6.490408551759669820e+01
6.512067545473185248e+01
6.534695944501277154e+01
6.558322237195487503e+01
6.582975737692143525e+01
6.608686585846119499e+01
6.635485747282355362e+01
6.663405013366420349e+01
6.692477001222907518e+01
6.722735153713358613e+01
6.754213739450980825e+01
6.786947852811688620e+01
6.820973413908343730e+01
6.856327168612834555e+01
6.893046688533992494e+01
6.931170371047042522e+01
6.970737439260470580e+01
6.208753296497661012e+01
6.208999175459913289e+01
6.209737255253850208e+01
6.210968864575255566e+01
6.212696217919554442e+01
6.214922415585493098e+01
6.217651443660420085e+01
6.220888174046047681e+01
6.224638364429007709e+01
6.228908658299254597e+01
6.233706584950066087e+01
6.239040559467000691e+01
6.244919882738938810e+01
6.251354741447043040e+01
6.258356208086839700e+01
6.265936240927733536e+01
6.274107684053493728e+01
6.282884267351210639e+01
6.292280606496577633e+01
6.302312202968609256e+01
6.312995444045962046e+01
6.324347602795892698e+01
6.336386838107384989e+01
6.349132194639619087e+01
6.362603602869819497e+01
6.376821879071174237e+01
6.391808725305469352e+01
6.407586729452538066e+01
6.424179365166089895e+01
6.441610991917880824e+01
6.459906854971947610e+01
6.479093085395648188e+01
6.499196700041261465e+01
6.520245601579109973e+01
6.542268578460759443e+01
6.565295304944775978e+01
6.589356341093045444e+01
6.614483132759741579e+01
6.640708011594992399e+01
6.668064195055934817e+01
6.696585786391985096e+01
6.726307774655879257e+01
6.757266034696318968e+01
6.789497327161646467e+01
6.823039298492484761e+01
6.857930480940139262e+01
6.894210292551878183e+01
6.931919037163572739e+01
6.971097904418094515e+01
7.011788969761636281e+01
6.233949730183714877e+01
6.234200106874008895e+01
6.234951696052807790e+01
6.236205875040178626e+01
6.237964939372024986e+01
6.240232102800078451e+01
6.243011497295587731e+01
6.246308173027230026e+01
6.250128098397917142e+01
6.254478160019033339e+01
6.259366162706755432e+01
6.264800829504131485e+01
6.270791801662684151e+01
6.277349638646086305e+01
6.284485818144885627e+01
6.292212736047060417e+01
6.300543706467463068e+01
6.309492961733097616e+01
6.319075652383120456e+01
6.329307847172521662e+01
6.340206533068441530e+01
6.351789615257535360e+01
6.364075917138610805e+01
6.377085180318945135e+01
6.390838064636372451e+01
6.405356148126155347e+01
6.420661927046752737e+01
6.436778815861411829e+01
6.453731147271297175e+01
6.471544172167641307e+01
6.490244059664871656e+01
6.509857897089568723e+01
6.530413689998864868e+01
6.551940362139963270e+01
6.574467755483260589e+01
6.598026630229709610e+01
6.622648664770329674e+01
6.648366455730378277e+01
6.675213517928858664e+01
6.703224284426374879e+01
6.732434106473597524e+01
6.762879253551751901e+01
6.794596913343174549e+01
6.827625191757076095e+01
6.862003112911138203e+01
6.897770619142556825e+01
6.934968570989640568e+01
6.973638747224926249e+01
7.013823844825751053e+01
7.055567478974235485e+01
6.254675613281378332e+01
6.254932730975180988e+01
6.255704554382098337e+01
6.256992494482334877e+01
6.258798902932873176e+01
6.261127072023312223e+01
6.263981234720027658e+01
6.267366564640413173e+01
6.271289176060238191e+01
6.275756123906288053e+01
6.280775403774768506e+01
6.286355951909217765e+01
6.292507645218913837e+01
6.299241301267831261e+01
6.306568678270960504e+01
6.314502475120070102e+01
6.323056331335863689e+01
6.332244827126864095e+01
6.342083483334208438e+01
6.352588761472133427e+01
6.363778063709570887e+01
6.375669732866469275e+01
6.388283052432195319e+01
6.401638246539771160e+01
6.415756479991638628e+01
6.430659858241251925e+01
6.446371427407805754e+01
6.462915174257830131e+01
6.480316026219911407e+01
6.498599851377336734e+01
6.517793458486484326e+01
6.537924596936352373e+01
6.559021956792717845e+01
6.581115168772369373e+01
6.604234804246797808e+01
6.628412375253228106e+01
6.653680334479902569e+01
6.680072075277118415e+01
6.707621931653555691e+01
6.736365178257862851e+01
6.766338030430193839e+01
6.797577644135951402e+01
6.830122116017322753e+01
6.864010483371185956e+01
6.899282724141758649e+01
6.935979756942677454e+01
6.974143441045950453e+01
7.013816576370926725e+01
7.055042903499010265e+01
7.097867103677344858e+01
6.269098242355323691e+01
6.269362907000542151e+01
6.270157382961419046e+01
6.271483116328337104e+01
6.273342517253163919e+01
6.275738959949248397e+01
6.278676782680382473e+01
6.282161287786561132e+01
6.286198741650860455e+01
6.290796374728881091e+01
6.295962381530344487e+01
6.301705920626456248e+01
6.308037114653583899e+01
6.314967050294857387e+01
6.322507778309610416e+01
6.330672313507617588e+01
6.339474634763816852e+01
6.348929685007270507e+01
6.359053371232199936e+01
6.369862564486952294e+01
6.381375099896077074e+01
6.393609776623523544e+01
6.406586357905767670e+01
6.420325571037083989e+01
6.434849107365873522e+01
6.450179622313056882e+01
6.466340735346318525e+01
6.483357030009545952e+01
6.501254053886029283e+01
6.520058318638940875e+01
6.539797299981894696e+01
6.560499437678947743e+01
6.582194135581401895e+01
6.604911761576279616e+01
6.628683647619446617e+01
6.653542089728250630e+01
6.679520347977840800e+01
6.706652646501173365e+01
6.734974173496362937e+01
6.764521081223007570e+01
6.795330485991149772e+01
6.827440468187033673e+01
6.860890072236303183e+01
6.895719306640809521e+01
6.931969143960205315e+01
6.969681520808262576e+01
7.008899337867600821e+01
7.049666459871278335e+01
7.092027715617517458e+01
7.136028897962341944e+01
6.284686952404050686e+01
6.284962597864535638e+01
6.285790016109277190e+01
6.287170652768621437e+01
6.289106917203166347e+01
6.291602182536889387e+01
6.294660785627703348e+01
6.298288027096896968e+01
6.302490171296014410e+01
6.307274446339976492e+01
6.312649044073960880e+01
6.318623120113880276e+01
6.325206793802223615e+01
6.332411148237496690e+01
6.340248230274221442e+01
6.348731050493493910e+01
6.357873583247149440e+01
6.367690766620956566e+01
6.378198502449341589e+01
6.389413656326427571e+01
6.401354057569231770e+01
6.414038499269187810e+01
6.427486738251666054e+01
6.441719495094375247e+01
6.456758454112635093e+01
6.472626263388826828e+01
6.489346534728223048e+01
6.506943843710516262e+01
6.525443729641973789e+01
6.544872695584878386e+01
6.565258208350167024e+01
6.586628698493758804e+01
6.609013560323904812e+01
6.632443151886469934e+01
6.656948794983340179e+01
6.682562775165054347e+01
6.709318341730809721e+01
6.737249707717417380e+01
6.766392049914026074e+01
6.796781508865798571e+01
6.828455188859199154e+01
6.861451157921980837e+01
6.895808447841596944e+01
6.931567054146798057e+01
6.968767936107627747e+01
7.007453016757506248e+01
7.047665182867473277e+01
7.089448284953539314e+01
7.132847137287735961e+01
7.177907517883387811e+01
6.296322447929811972e+01
6.296610744504251755e+01
6.297476112226530631e+01
6.298919985115607290e+01
6.300944753188361602e+01
6.303553762470629351e+01
6.306751314989848822e+01
6.310542668800815846e+01
6.314934037952567536e+01
6.319932592495737822e+01
6.325546458497282032e+01
6.331784718036793436e+01
6.338657409191785774e+01
6.346175526052412152e+01
6.354351018714104526e+01
6.363196793281253605e+01
6.372726711870890881e+01
6.382955592597966188e+01
6.393899209590068722e+01
6.405574292987428464e+01
6.417998528928191604e+01
6.431190559563148668e+01
6.445169983059403762e+01
6.459957353570945315e+01
6.475574181282797781e+01
6.492042932370546282e+01
6.509387029026095206e+01
6.527630849450309825e+01
6.546799727841971617e+01
6.566919954416184169e+01
6.588018775393328497e+01
6.610124393006425692e+01
6.633265965490097926e+01
6.657473607084243383e+01
6.682778388045082352e+01
6.709212334630433361e+01
6.736808429103393792e+01
6.765600609743383131e+01
6.795623770835095456e+01
6.826913762668509378e+01
6.859507391531518294e+01
6.893442419743058736e+01
6.928757565612623637e+01
6.965492503458668239e+01
7.003687863615964204e+01
7.043385232413524477e+01
7.084627152207720258e+01
7.127457121338122192e+01
7.171919594171663448e+01
7.218059981076869747e+01
6.301286446272812469e+01
6.301588446018956802e+01
6.302494919049751587e+01
6.304007286727562587e+01
6.306127918006840360e+01
6.308860129412040152e+01
6.312208185052340781e+01
6.316177296617965453e+01
6.320773623372821248e+01
6.326004272154499830e+01
6.331877297407397265e+01
6.338401701116472253e+01
6.345587432880850542e+01
6.353445389851259506e+01
6.361987416785232341e+01
6.371226305995585193e+01
6.381175797387219717e+01
6.391850578438720021e+01
6.403266284217076532e+01
6.415439497362963550e+01
6.428387748090737830e+01
6.442129514199480411e+01
6.456684221072998753e+01
6.472072241665102865e+01
6.488314896514326335e+01
6.505434453751291812e+01
6.523454129050858796e+01
6.542398085698374643e+01
6.562291434556551906e+01
6.583160234050745885e+01
6.605031490202077293e+01
6.627933156597988784e+01
6.651894134418009230e+01
6.676944272415352089e+01
6.703114366913231947e+01
6.730436161834310838e+01
6.758942348667574151e+01
6.788666566479371056e+01
6.819643401924454906e+01
6.851908389227583029e+01
6.885498010201918362e+01
6.920449694234305582e+01
6.956801818296317208e+01
6.994593706933204658e+01
7.033865632267588808e+01
7.074658814014172492e+01
7.117015419453983327e+01
7.160978563449090473e+01
7.206592308449971540e+01
7.253901664480785882e+01
6.316021902682047795e+01
6.316334839249005029e+01
6.317274122933616098e+01
6.318841175690776168e+01
6.321038367457580875e+01
6.323869016142280941e+01
6.327337387616925213e+01
6.331448695743121391e+01
6.336209102342593980e+01
6.341625717208223989e+01
6.347706598115091481e+01
6.354460750813115055e+01
6.361898129012327985e+01
6.370029634408643915e+01
6.378867116665451675e+01
6.388423373417300155e+01
6.398712150277254551e+01
6.409748140829537988e+01
6.421546986625848774e+01
6.434125277196407922e+01
6.447500550049950618e+01
6.461691290659008757e+01
6.476716932470954191e+01
6.492597856911676502e+01
6.509355393370860554e+01
6.527011819227750777e+01
6.545590359810668701e+01
6.565115188441173188e+01
6.585611426408300417e+01
6.607105142968565303e+01
6.629623355360679682e+01
6.653194028787152092e+01
6.677846076436371447e+01
6.703609359449480110e+01
6.730514686964541227e+01
6.758593816076056271e+01
6.787879451853360990e+01
6.818405247347990894e+01
6.850205803582639419e+01
6.883316669540116095e+01
6.917774342189107983e+01
6.953616266469462914e+01
6.990880835295862994e+01
7.029607389546788454e+01
7.069836218079238677e+01
7.111608557732408542e+01
7.154966593301932676e+01
7.199953457573002424e+01
7.246613231287244616e+01
7.294990943175848486e+01
6.328477024068470058e+01
6.328800613556951049e+01
6.329771858291607600e+01
6.331392187102158431e+01
6.333663981382510144e+01
6.336590575053953955e+01
6.340176254616687856e+01
6.344426259113016897e+01
6.349346780142072078e+01
6.354944961852449126e+01
6.361228900945891240e+01
6.368207646684649603e+01
6.375891200873077480e+01
6.384290517879718863e+01
6.393417504622580338e+01
6.403285020572818098e+01
6.413906877754732250e+01
6.425297840742088340e+01
6.437473626669161320e+01
6.450450905227049248e+01
6.464247298637918959e+01
6.478881381713883059e+01
6.494372681783399059e+01
6.510741678753831252e+01
6.528009805074650274e+01
6.546199445748473522e+01
6.565333938338423536e+01
6.585437572953411234e+01
6.606535592255491451e+01
6.628654191470907620e+01
6.651820518371685864e+01
6.676062673279322723e+01
6.701409709072136422e+01
6.727891631181596210e+01
6.755539397603357088e+01
6.784384918871494108e+01
6.814461058073237609e+01
6.845801630856315967e+01
6.878441405428969802e+01
6.912416102537864049e+01
6.947762395486486753e+01
6.984517910142518815e+01
7.022721224912061189e+01
7.062411870765404842e+01
7.103630331222304051e+01
7.146418042355662692e+01
7.190817392791528562e+01
7.236871723716456017e+01
7.284625328855426574e+01
7.334123454497606076e+01
6.334048027257809110e+01
6.334383182642882559e+01
6.335389127728180370e+01
6.337067299278174914e+01
6.339420091928537460e+01
6.342450858153011950e+01
6.346163908267097753e+01
6.350564510457493128e+01
6.355658890737928601e+01
6.361454232985971657e+01
6.367958678931987038e+01
6.375181328144412163e+01
6.383132238040801099e+01
6.391822423906226192e+01
6.401263858860151856e+01
6.411469473874839764e+01
6.422453157771667520e+01
6.434229757235848979e+01
6.446815076775952491e+01
6.460225878775420938e+01
6.474479883452094953e+01
6.489595768876610293e+01
6.505593170987118867e+01
6.522492683537767277e+01
6.540315858153897466e+01
6.559085204321010565e+01
6.578824189355316321e+01
6.599557238418468330e+01
6.621309734550669646e+01
6.644108018615482081e+01
6.667979389325581963e+01
6.692952103272203601e+01
6.719055374866252350e+01
6.746319376378794175e+01
6.774775237933685901e+01
6.804455047507586585e+01
6.835391850911543088e+01
6.867619651827804717e+01
6.901173411773011424e+01
6.936089050112923360e+01
6.972403444077131951e+01
7.010154428733306986e+01
7.049380797001914800e+01
7.090122299656212590e+01
7.132419645314899981e+01
7.176314500449467459e+01
7.221849489376842257e+01
7.269068194274107952e+01
7.318015155160102836e+01
7.368735869902783975e+01
6.353163476381000407e+01
6.353504673241585721e+01
6.354528757559317143e+01
6.356237210542118277e+01
6.358632500862501757e+01
6.361718084675969465e+01
6.365498405591571185e+01
6.369978894693986859e+01
6.375165970547205774e+01
6.381067039179806244e+01
6.387690494092313997e+01
6.395045716246166023e+01
6.403143074089466324e+01
6.411993923534909356e+01
6.421610607956098704e+01
6.432006458205945876e+01
6.443195792612993955e+01
6.455193916959329670e+01
6.468017124517395189e+01
6.481682696020537549e+01
6.496208899663012915e+01
6.511614991133110664e+01
6.527921213565305436e+01
6.545148797577060407e+01
6.563319961254109103e+01
6.582457910157816627e+01
6.602586837314132140e+01
6.623731923213595962e+01
6.645919335833420405e+01
6.669176230604362843e+01
6.693530750436489996e+01
6.719012025715501579e+01
6.745650174288000755e+01
6.773476301468863880e+01
6.802522500055955845e+01
6.832821850308047829e+01
6.864408419959542584e+01
6.897317264205751997e+01
6.931584425728655674e+01
6.967246934667463165e+01
7.004342808633332140e+01
7.042911052713051845e+01
7.082991659461676193e+01
7.124625608902532292e+01
7.167854868538253754e+01
7.212722393328705550e+01
7.259272125705697931e+01
7.307548995587714558e+01
7.357598920346786997e+01
7.409468804830571287e+01
6.369679823913332228e+01
6.370026259981835892e+01
6.371066081024143557e+01
6.372800825616885589e+01
6.375233057999243869e+01
6.378366368142876297e+01
6.382205371715110687e+01
6.386755710086310955e+01
6.392024050333552765e+01
6.398018085225905338e+01
6.404746533253870666e+01
6.412219138599944301e+01
6.420446671149655060e+01
6.429440926502606146e+01
6.439214725950392904e+01
6.449781916495001610e+01
6.461157370845135972e+01
6.473356987401490414e+01
6.486397690278832329e+01
6.500297429287603279e+01
6.515075179959680440e+01
6.530750943504207839e+01
6.547345746855448567e+01
6.564881642643337045e+01
6.583381709197161058e+01
6.602870050560279935e+01
6.623371796471728601e+01
6.644913102377253722e+01
6.667521149421956750e+01
6.691224144465009260e+01
6.716051320061261265e+01
6.742032934468589644e+01
6.769200271651590128e+01
6.797585641277886737e+01
6.827222378718141726e+01
6.858144845049726257e+01
6.890388427053046883e+01
6.923989537207864942e+01
6.958985613700650674e+01
6.995415120417229105e+01
7.033317546961183098e+01
7.072733408624401363e+01
7.113704246405491460e+01
7.156272627013451881e+01
7.200482142856634482e+01
7.246377412050102862e+01
7.294004078400917024e+01
7.343408811441248929e+01
7.394639306384222266e+01
7.447744284168076945e+01
6.379042262189655332e+01
6.379394657931371171e+01
6.380452378547856540e+01
6.382217024224171809e+01
6.384691261917013350e+01
6.387878825384159143e+01
6.391784515151344692e+01
6.396414198552745489e+01
6.401774809683135459e+01
6.407874349445728512e+01
6.414721885515376698e+01
6.422327552360651737e+01
6.430702551229126129e+01
6.439859150158406464e+01
6.449810683965104374e+01
6.460571554266907413e+01
6.472157229453144112e+01
6.484584244699497901e+01
6.497870201975376858e+01
6.512033770036543956e+01
6.527094684414085179e+01
6.543073747429122022e+01
6.559992828196496362e+01
6.577874862602689632e+01
6.596743853335262031e+01
6.616624869857093927e+01
6.637544048421104037e+01
6.659528592059207597e+01
6.682606770597043067e+01
6.706807920650287258e+01
6.732162445609934309e+01
6.758701815649658329e+01
6.786458567747892801e+01
6.815466305647349543e+01
6.845759699888141370e+01
6.877374487793056801e+01
6.910347473478609004e+01
6.944716527832943598e+01
6.980520588537930848e+01
7.017799660061795919e+01
7.056594813655448206e+01
7.096948187363510385e+01
7.138902986002247530e+01
7.182503481189004901e+01
7.227795011309082440e+01
7.274823981552545149e+01
7.323637863884771093e+01
7.374285197061183794e+01
7.426815586612519837e+01
7.481279704870598835e+01
6.398543066385633438e+01
6.398899673111220210e+01
6.399970047907360993e+01
6.401755854643238308e+01
6.404259866452559891e+01
6.407485965693071250e+01
6.411439143994402912e+01
6.416125502224947752e+01
6.421552250502899994e+01
6.427727708185216215e+01
6.434661303897054552e+01
6.442363575498657724e+01
6.450846170103746147e+01
6.460121844075847264e+01
6.470204463028288444e+01
6.481109001813159409e+01
6.492851544543391640e+01
6.505449284578040192e+01
6.518920524522282278e+01
6.533284676231093613e+01
6.548562260812938973e+01
6.564774908611359194e+01
6.581945359241781546e+01
6.600097461543670363e+01
6.619256173621018036e+01
6.639447562820255655e+01
6.660698805737617079e+01
6.683038188230180765e+01
6.706495105382742850e+01
6.731100061540944068e+01
6.756884670300229345e+01
6.783881654498483726e+01
6.812124846234434017e+01
6.841649186838208152e+01
6.872490726900781510e+01
6.904686626270286354e+01
6.938275154015217083e+01
6.973295688483315757e+01
7.009788717257401913e+01
7.047795837162738053e+01
7.087359754289109048e+01
7.128524283968744157e+01
7.171334350768950117e+01
7.215835988532600709e+01
7.262076340326609625e+01
7.310103658478732314e+01
7.359967304570207602e+01
7.411717749421036672e+01
7.465406573101022047e+01
7.521086464937128824e+01
6.413659002348197191e+01
6.414019949825465972e+01
6.415103370128866800e+01
6.416910996851098048e+01
6.419445719309645426e+01
6.422711582543099951e+01
6.426713787336917960e+01
6.431458690182942917e+01
6.436953803308843192e+01
6.443207794681795519e+01
6.450230487975360916e+01
6.458032862602604496e+01
6.466627053701381556e+01
6.476026352141691689e+01
6.486245204514638374e+01
6.497299213136115270e+01
6.509205136061517294e+01
6.521980887063668320e+01
6.535645535647539361e+01
6.550219307042884509e+01
6.565723582204245190e+01
6.582180897821989163e+01
6.599614946307589491e+01
6.618050575797305157e+01
6.637513790170584116e+01
6.658031749005895961e+01
6.679632767643298052e+01
6.702346317125554265e+01
6.726203024227575611e+01
6.751234671460095171e+01
6.777474197054957017e+01
6.804955694968786872e+01
6.833714414897720246e+01
6.863786762251635309e+01
6.895210298161518381e+01
6.928023739523622737e+01
6.962266958911143888e+01
6.997980984658866532e+01
7.035208000826359864e+01
7.073991347183260814e+01
7.114375519238711831e+01
7.156406168230319054e+01
7.200130101124156567e+01
7.245595280603725996e+01
7.292850825088352451e+01
7.341947008722146961e+01
7.392935261381369116e+01
7.445868168659700359e+01
7.500799471886654146e+01
7.557784068120204779e+01
6.421295569294134964e+01
6.421661557540564047e+01
6.422760125140766263e+01
6.424593080670122447e+01
6.427163438429523978e+01
6.430475418430647494e+01
6.434534446410677333e+01
6.439347153821269387e+01
6.444921377839582988e+01
6.451266161353568407e+01
6.458391752973003008e+01
6.466309607029492668e+01
6.475032383561746485e+01
6.484573948348709393e+01
6.494949372872748938e+01
6.506174934334381987e+01
6.518268115655951078e+01
6.531247605481631524e+01
6.545133298173742276e+01
6.559946293809070994e+01
6.575708898189914464e+01
6.592444622833038181e+01
6.610178184969672088e+01
6.628935507556556672e+01
6.648743719272260932e+01
6.669631154502458514e+01
6.691627353365693409e+01
6.714763061683937906e+01
6.739070231015710988e+01
6.764582018622961357e+01
6.791332787493141154e+01
6.819358106335535297e+01
6.848694749570215379e+01
6.879380697342759277e+01
6.911455135513213577e+01
6.944958455667133990e+01
6.979932255100861482e+01
7.016419336832568376e+01
7.054463709602251242e+01
7.094110587864378203e+01
7.135406391795241632e+01
7.178398747292966675e+01
7.223136485959098252e+01
7.269669645135418534e+01
7.318049467867132307e+01
7.368328402924952059e+01
7.420560104797741019e+01
7.474799433696186668e+01
7.531102455541768848e+01
7.589526441981470839e+01
6.436132406768976466e+01
6.436505578484458567e+01
6.437625709406036378e+01
6.439494646814934242e+01
6.442115469531599103e+01
6.445492487900970957e+01
6.449631243785130152e+01
6.454538510585373956e+01
6.460222293227498369e+01
6.466691828150756294e+01
6.473957583340978772e+01
6.482031258290093945e+01
6.490925784036608093e+01
6.500655323128805207e+01
6.511235269654186197e+01
6.522682249213713135e+01
6.535014118947560746e+01
6.548249967516724723e+01
6.562410115106698072e+01
6.577516113431151723e+01
6.593590745735612302e+01
6.610658026786428820e+01
6.628743202874440499e+01
6.647872751822352200e+01
6.668074382973682646e+01
6.689377037211167476e+01
6.711810886923642272e+01
6.735407336046520754e+01
6.760199020028669281e+01
6.786219805847139241e+01
6.813504792014514067e+01
6.842090308560518963e+01
6.872013917046733411e+01
6.903314410559238468e+01
6.936031813704927629e+01
6.970207382622557191e+01
7.005883604990098945e+01
7.043104199984263403e+01
7.081914118332015562e+01
7.122359542277463618e+01
7.164487885589208815e+01
7.208347793575073581e+01
7.253989143041614795e+01
7.301463042360369116e+01
7.350821831397931305e+01
7.402119081560113045e+01
7.455409595773541298e+01
7.510749408507747660e+01
7.568195785738353720e+01
7.627807224972842448e+01
6.445309308516355884e+01
6.445690384007932039e+01
6.446834239562116409e+01
6.448742762468812373e+01
6.451419098213638392e+01
6.454867650448497329e+01
6.459094081039407342e+01
6.464105310026032214e+01
6.469909515647432841e+01
6.476516134334710273e+01
6.483935860699966724e+01
6.492180647551022332e+01
6.501263705887743072e+01
6.511199504894668166e+01
6.522003771955742479e+01
6.533693492632227162e+01
6.546286910688466776e+01
6.559803528077164003e+01
6.574264104924661467e+01
6.589690659571425613e+01
6.606106468535239173e+01
6.623536066522244425e+01
6.642005246434308674e+01
6.661541059365333695e+01
6.682171814593907300e+01
6.703927079590653193e+01
6.726837680014557463e+01
6.750935699724004735e+01
6.776254480758380794e+01
6.802828623345430969e+01
6.830693985904942167e+01
6.859887685063462470e+01
6.890448095613815838e+01
6.922414850548230447e+01
6.955828841054653822e+01
6.990732216505710994e+01
7.027168384458711614e+01
7.065182010681402858e+01
7.104819019104131428e+01
7.146126591871366429e+01
7.189153169301216906e+01
7.233948449914871048e+01
7.280563390414516789e+01
7.329050205698064246e+01
7.379462368851781662e+01
7.431854611142938438e+01
7.486282922049244348e+01
7.542804549225729716e+01
7.601477998519465018e+01
7.662363033962199665e+01
6.446748094588205902e+01
6.447137782216620394e+01
6.448307489336846743e+01
6.450259148635440454e+01
6.452995981283642379e+01
6.456522496889544982e+01
6.460844493542246880e+01
6.465969057786098517e+01
6.471904564639096691e+01
6.478660677567130222e+01
6.486248348509734285e+01
6.494679817861691618e+01
6.503968614491439837e+01
6.514129555722658438e+01
6.525178747341641383e+01
6.537133583604648379e+01
6.550012747223188114e+01
6.563836209375060093e+01
6.578625229704351796e+01
6.594402356317759484e+01
6.611191425773547792e+01
6.629017563107311162e+01
6.647907181813573629e+01
6.667887983849466593e+01
6.688988959627370434e+01
6.711240388044355143e+01
6.734673836430660288e+01
6.759322160604894236e+01
6.785219504837233728e+01
6.812401301864143477e+01
6.840904272884696979e+01
6.870766427556901590e+01
6.902027064001364920e+01
6.934726768819712106e+01
6.968907417046732178e+01
7.004612172205585807e+01
7.041885486274678385e+01
7.080773099687668548e+01
7.121322041351864129e+01
7.163580628629816260e+01
7.207598467354053184e+01
7.253426451819704823e+01
7.301116764773473733e+01
7.350722877446750658e+01
7.402299549511455723e+01
7.455902829113158248e+01
7.511590052863714106e+01
7.569419845830230997e+01
7.629452121549782362e+01
7.691748082022056110e+01
6.458266592636873327e+01
6.458665337933371120e+01
6.459862225425831639e+01
6.461859209971012774e+01
6.464659549661047322e+01
6.468267805816094551e+01
6.472689842980655328e+01
6.477932828956691935e+01
6.484005234770509674e+01
6.490916834672754021e+01
6.498678706160498564e+01
6.507303229969872405e+01
6.516804090057672738e+01
6.527196273627113499e+01
6.538496071105755902e+01
6.550721076167580748e+01
6.563890185707231240e+01
6.578023599869455040e+01
6.593142822019657956e+01
6.609270658773354512e+01
6.626431219963035346e+01
6.644649918663935750e+01
6.663953471194035671e+01
6.684369897084611978e+01
6.705928519128090670e+01
6.728659963341233663e+01
6.752596158957790351e+01
6.777770338476328504e+01
6.804217037605042151e+01
6.831972095298542058e+01
6.861072653746826688e+01
6.891557158371595904e+01
6.923465357829928735e+01
6.956838304010609875e+01
6.991718352037804607e+01
7.028149160282102059e+01
7.066175690331070314e+01
7.105844207011344338e+01
7.147202278395980102e+01
7.190298775778691720e+01
7.235183873699622836e+01
7.281909049915891785e+01
7.330527085445766033e+01
7.381092064509769557e+01
7.433659374596935265e+01
7.488285706405910958e+01
7.545029053878093350e+01
7.603948714190255487e+01
7.665105287756398411e+01
7.728560678220382840e+01
6.463552122183784832e+01
6.463960445246416953e+01
6.465186074873712130e+01
6.467230992398592093e+01
6.470098500040134581e+01
6.473793220907263901e+01
6.478321098976658732e+01
6.483689399147959875e+01
6.489906707177530620e+01
6.496982929718929256e+01
6.504929294315560639e+01
6.513758349396984215e+01
6.523483964275243352e+01
6.534121329155898650e+01
6.545686955130675244e+01
6.558198674173772247e+01
6.571675639149235337e+01
6.586138323814627427e+01
6.601608522798949252e+01
6.618109351639445492e+01
6.635665246737440270e+01
6.654301965406176578e+01
6.674046585822978273e+01
6.694927507066049088e+01
6.716974449099754452e+01
6.740218452770938029e+01
6.764691879819964981e+01
6.790428412866000940e+01
6.817463055421728768e+01
6.845832131885995864e+01
6.875573287543805634e+01
6.906725488566326021e+01
6.939329022018240778e+01
6.973425495839356358e+01
7.009057838866679901e+01
7.046270300823377397e+01
7.085108452315094496e+01
7.125619184840999765e+01
7.167850710782738588e+01
7.211852563411800077e+01
7.257675596882148739e+01
7.305371986241273419e+01
7.354995227419142623e+01
7.406600137239243509e+01
7.460242853400184515e+01
7.515980834501453955e+01
7.573872860021339193e+01
7.633979030331650506e+01
7.696360766679316612e+01
7.761080811213984987e+01
6.460835937313032673e+01
6.461254494584379415e+01
6.462510837819871767e+01
6.464606981261782437e+01
6.467546281995288382e+01
6.471333439944787358e+01
6.475974497859181156e+01
6.481476841322911753e+01
6.487849198752284963e+01
6.495101641399149628e+01
6.503245583354573967e+01
6.512293781537813686e+01
6.522260335692620004e+01
6.533160688416694484e+01
6.545011625128555011e+01
6.557831274078584727e+01
6.571639106352706960e+01
6.586455935883431323e+01
6.602303919409364141e+01
6.619206556537778852e+01
6.637188689674691489e+01
6.656276504087415447e+01
6.676497527860411196e+01
6.697880631913680816e+01
6.720456030010129211e+01
6.744255278740840254e+01
6.769311277525082460e+01
6.795658268621349407e+01
6.823331837127352628e+01
6.852368910957947890e+01
6.882807760881934200e+01
6.914688000485251962e+01
6.948050586196744405e+01
6.982937817273436565e+01
7.019393335815256307e+01
7.057462126739274311e+01
7.097190517812822463e+01
7.138626179627736690e+01
7.181818125615073711e+01
7.226816712034073475e+01
7.273673637975836925e+01
7.322441945378049866e+01
7.373176018995540915e+01
7.425931586426035835e+01
7.480765718099128492e+01
7.537736827279952934e+01
7.596904670065505627e+01
7.658330345384645454e+01
7.722076295003614632e+01
7.788206303520514950e+01
6.472335610258907934e+01
6.472761632517435260e+01
6.474040383606603655e+01
6.476173916411964626e+01
6.479165652438881295e+01
6.483020381783082087e+01
6.487744263145387436e+01
6.493344823813305311e+01
6.499830959683109199e+01
6.507212935259848052e+01
6.515502383620531646e+01
6.524712306465664824e+01
6.534857074093478957e+01
6.545952425381530304e+01
6.558015467823510392e+01
6.571064677518194230e+01
6.585119899143688826e+01
6.600202345994227926e+01
6.616334599950732809e+01
6.633540611502897377e+01
6.651845699738140638e+01
6.671276552330570553e+01
6.691861225577785888e+01
6.713629144356713141e+01
6.736611102145687369e+01
6.760839261031809144e+01
6.786347151696234903e+01
6.813169673410482119e+01
6.841343094058521501e+01
6.870905050122051705e+01
6.901894546673138109e+01
6.934351957388936682e+01
6.968319024551692564e+01
7.003838859022977203e+01
7.040955940291533466e+01
7.079716116421749916e+01
7.120166604090465512e+01
7.162355988564887355e+01
7.206334223724674359e+01
7.252152632028807488e+01
7.299863904552401550e+01
7.349522100964620108e+01
7.401182649532351832e+01
7.454902347123895368e+01
7.510739359201600962e+01
7.568753219832905188e+01
7.629004831686651755e+01
7.691556466018376170e+01
7.756471762699739259e+01
7.823815730189095063e+01
6.476797846462444852e+01
6.477231774576442547e+01
6.478534258350741482e+01
6.480707396082267735e+01
6.483754684943603763e+01
6.487681020960908995e+01
6.492492699035999237e+01
6.498197412938988293e+01
6.504804255297244708e+01
6.512323717610115636e+01
6.520767690245244808e+01
6.530149462431212726e+01
6.540483722275938305e+01
6.551786556733554789e+01
6.564075451637533831e+01
6.577369291693322850e+01
6.591688360459949081e+01
6.607054340368412682e+01
6.623490312714332617e+01
6.641020757676346875e+01
6.659671554264585325e+01
6.679469980386920724e+01
6.700444712812156922e+01
6.722625827162679002e+01
6.746044797936527004e+01
6.770734498503719578e+01
6.796729201087849503e+01
6.824064576784486746e+01
6.852777695564861915e+01
6.882907026246418525e+01
6.914492436540659526e+01
6.947575192994263205e+01
6.982197961047964441e+01
7.018404804996077928e+01
7.056241187997531483e+01
7.095753972086912142e+01
7.136991418148701882e+01
7.180003185954082312e+01
7.224840334127812014e+01
7.271555320170301684e+01
7.320202000435544676e+01
7.370835630156868490e+01
7.423512863428538822e+01
7.478291753205755299e+01
7.535231751326737992e+01
7.594393708477761606e+01
7.655839874218918339e+01
7.719633896984119303e+01
7.785840824062688625e+01
7.854527101614091578e+01
6.472981684693188242e+01
6.473424150568592950e+01
6.474752265266852191e+01
6.476968179978339890e+01
6.480075480033838176e+01
6.484079184886140013e+01
6.488985748121083930e+01
6.494803057453883355e+01
6.501540434729115248e+01
6.509208635931769038e+01
6.517819851161480926e+01
6.527387704661978773e+01
6.537927254795317822e+01
6.549454994060283752e+01
6.561988849085028619e+01
6.575548180627075112e+01
6.590153783576998592e+01
6.605827886951057337e+01
6.622594153902242908e+01
6.640477681701874246e+01
6.659505001769039723e+01
6.679704079633796709e+01
6.701104314977655463e+01
6.723736541585726911e+01
6.747633027401938932e+01
6.772827474477503529e+01
6.799355019007727208e+01
6.827252231313599395e+01
6.856557115845482997e+01
6.887309111186789323e+01
6.919549090046615447e+01
6.953319359267112532e+01
6.988663659819796692e+01
7.025627166812917324e+01
7.064256489473048362e+01
7.104599671163495600e+01
7.146706189376932628e+01
7.190626955742764892e+01
7.236414316005044611e+01
7.284122050059271203e+01
7.333805371908238158e+01
7.385520929702504134e+01
7.439326805720158120e+01
7.495282516355777602e+01
7.553449012153551223e+01
7.613888677772314395e+01
7.676665332013153886e+01
7.741844227797322731e+01
7.809492052182804400e+01
7.879676926356953004e+01
6.483733858222011293e+01
6.484182749013623948e+01
6.485530155180167355e+01
6.487778278052587666e+01
6.490930786537880692e+01
6.494992817100687432e+01
6.499970973759612036e+01
6.505873328094587293e+01
6.512709419254230170e+01
6.520490253937443015e+01
6.529228306411813776e+01
6.538937518498900658e+01
6.549633299588940361e+01
6.561332526622460648e+01
6.574053544108672043e+01
6.587816164114434514e+01
6.602641666264248954e+01
6.618552797754985306e+01
6.635573773319077873e+01
6.653730275279728801e+01
6.673049453499382366e+01
6.693559925412851896e+01
6.715291776005233260e+01
6.738276557826631574e+01
6.762547290988476334e+01
6.788138463170881209e+01
6.815086029596888295e+01
6.843427413065583664e+01
6.873201503922658162e+01
6.904448660089850875e+01
6.937210707039186275e+01
6.971530937800331174e+01
7.007454112979003469e+01
7.045026460720163186e+01
7.084295676748496362e+01
7.125310924335296647e+01
7.168122834320540449e+01
7.212783505101853621e+01
7.259346502634504361e+01
7.307866860442449308e+01
7.358401079603606831e+01
7.411007128755387896e+01
7.465744444100201349e+01
7.522673929398108328e+01
7.581857955970490082e+01
7.643360362701899646e+01
7.707246456030850368e+01
7.773583009962705148e+01
7.842438266058628926e+01
7.913881933444797312e+01
6.486524392426588292e+01
6.486980287588538374e+01
6.488348725834418929e+01
6.490631965455374086e+01
6.493833770269969818e+01
6.497959409616841242e+01
6.503015658365731611e+01
6.509010796913811703e+01
6.515954611181997791e+01
6.523858392618633673e+01
6.532734938195810059e+01
6.542598550416727221e+01
6.553465037304651730e+01
6.565351712417634644e+01
6.578277394837476777e+01
6.592262409166046666e+01
6.607328585540000176e+01
6.623499259616056634e+01
6.640799272578368573e+01
6.659254971142189561e+01
6.678894207550206374e+01
6.699746339557806607e+01
6.721842230462532086e+01
6.745214249081986679e+01
6.769896269757522589e+01
6.795923672361601575e+01
6.823333342290428050e+01
6.852163670471320245e+01
6.882454553351657012e+01
6.914247392902566958e+01
6.947585096633649471e+01
6.982512077567204756e+01
7.019074254267684410e+01
7.057319050815927142e+01
7.097295396812836543e+01
7.139053727394106375e+01
7.182645983226535691e+01
7.228125610496992692e+01
7.275547560912407619e+01
7.324968291721866365e+01
7.376445765688994527e+01
7.430039451104848069e+01
7.485810321789750788e+01
7.543820857091452581e+01
7.604135041879611379e+01
7.666818366556830711e+01
7.731937827045783251e+01
7.799561924798409507e+01
7.869760666792232939e+01
7.942605565534049106e+01
6.481489224009609984e+01
6.481952731621493058e+01
6.483344028585067065e+01
6.485665437269391020e+01
6.488920828299374932e+01
6.493115620559463252e+01
6.498256781160512219e+01
6.504352825476588862e+01
6.511413817133933435e+01
6.519451368010962256e+01
6.528478638219856123e+01
6.538510336128653933e+01
6.549562718372288828e+01
6.561653589812100051e+01
6.574802303568962714e+01
6.589029761012245956e+01
6.604358411767168491e+01
6.620812253700083261e+01
6.638416832929513589e+01
6.657199243826156021e+01
6.677188129005520523e+01
6.698413679331609671e+01
6.720907633927956226e+01
6.744703280159227177e+01
6.769835453645941925e+01
6.796340538253430452e+01
6.824256466091837581e+01
6.853622717530838315e+01
6.884480321184922502e+01
6.916871853920748947e+01
6.950841440849792718e+01
6.986434755343059066e+01
7.023699019005326249e+01
7.062683001704583319e+01
7.103437021553632746e+01
7.146012944913772458e+01
7.190464186405827718e+01
7.236845708877039840e+01
7.285214023445220732e+01
7.335627189476673493e+01
7.388144814576997987e+01
7.442828054605803345e+01
7.499739613676709382e+01
7.558943744149992483e+01
7.620506246630738190e+01
7.684494469981726184e+01
7.750977311308709261e+01
7.820025215971448063e+01
7.891710177580041830e+01
7.966105737989398961e+01
6.489001323857759473e+01
6.489472211301757909e+01
6.490885661890395397e+01
6.493244040367846992e+01
6.496551287987897183e+01
6.500812922495538260e+01
6.506036038141692757e+01
6.512229305675853652e+01
6.519402972353442749e+01
6.527568861913731268e+01
6.536740374612958249e+01
6.546932487198576212e+01
6.558161752916602438e+01
6.570446301515308107e+01
6.583805839245209768e+01
6.598261648859077866e+01
6.613836589597208615e+01
6.630555097213189697e+01
6.648443183951816593e+01
6.667528438563816451e+01
6.687840026294803408e+01
6.709408688896326112e+01
6.732266744611133902e+01
6.756448088187914891e+01
6.781988190877601141e+01
6.808924100422336778e+01
6.837294441073872520e+01
6.867139413575169726e+01
6.898500795171442235e+01
6.931421939621191086e+01
6.965947777155724907e+01
7.002124814534364816e+01
7.040001134992918708e+01
7.079626398287847167e+01
7.121051840655779586e+01
7.164330274846631141e+01
7.209516090112570907e+01
7.256665252191454840e+01
7.305835303332590058e+01
7.357085362278331786e+01
7.410476124276966914e+01
7.466069861073509628e+01
7.523930420913382022e+01
7.584123228542421202e+01
7.646715285203188728e+01
7.711775168644177825e+01
7.779373033103250634e+01
7.849580609335238535e+01
7.922471204576983439e+01
7.998119702574936696e+01
6.488485591355920690e+01
6.488964415882837500e+01
6.490401694171227120e+01
6.492799840384499532e+01
6.496162878119743311e+01
6.500496440411416188e+01
6.505807769731335100e+01
6.512105717992366749e+01
6.519400746544738467e+01
6.527704926179724509e+01
6.537031937125961178e+01
6.547397069045770479e+01
6.558817221049878299e+01
6.571310901671657234e+01
6.584898228903919915e+01
6.599600930162128520e+01
6.615442342310144852e+01
6.632447411638159451e+01
6.650642693892122281e+01
6.670056354240632857e+01
6.690718167297012542e+01
6.712659517115625363e+01
6.735913397184522466e+01
6.760514410440161726e+01
6.786498769241637774e+01
6.813904295400136846e+01
6.842770420156847422e+01
6.873138184205039636e+01
6.905050237656953982e+01
6.938550840076908344e+01
6.973685860462909147e+01
7.010502777254006901e+01
7.049050678326617003e+01
7.089380260998197514e+01
7.131543832016211582e+01
7.175595307576527659e+01
7.221590213310535944e+01
7.269585684288836092e+01
7.319640465015706354e+01
7.371814909440153940e+01
7.426170980946709221e+01
7.482772252359103504e+01
7.541683905938437249e+01
7.602972733386853577e+01
7.666707135842020193e+01
7.732957123882647466e+01
7.801794317528492684e+01
7.873291946229316807e+01
7.947524848881444370e+01
8.024569473816724496e+01
6.480771241753313916e+01
6.481258465481560904e+01
6.482720960423239376e+01
6.485161197904368180e+01
6.488583296772200981e+01
6.492993023424666887e+01
6.498397791799335721e+01
6.504806663373415176e+01
6.512230347182148193e+01
6.520681199770977798e+01
6.530173225258101866e+01
6.540722075293997761e+01
6.552345049054059700e+01
6.565061093282760396e+01
6.578890802253168602e+01
6.593856417770631140e+01
6.609981829198532921e+01
6.627292573436216117e+01
6.645815834926339960e+01
6.665580445647523788e+01
6.686616885125380350e+01
6.708957280428842296e+01
6.732635406162799541e+01
6.757686684482821704e+01
6.784148185073070181e+01
6.812058625172070947e+01
6.841458369554301555e+01
6.872389430537560884e+01
6.904895467986645485e+01
6.939021789294946529e+01
6.974815349413896115e+01
7.012324750819840347e+01
7.051600243547164837e+01
7.092693725162534690e+01
7.135658740772248620e+01
7.180550483035126774e+01
7.227425792144101990e+01
7.276343155833590970e+01
7.327362709383162098e+01
7.380546235612024475e+01
7.435957164884545989e+01
7.493660575102887833e+01
7.553723191712531104e+01
7.616213387704115689e+01
7.681201183602398430e+01
7.748758247479132422e+01
7.818957894953067012e+01
7.891875089175235303e+01
7.967586440841819240e+01
8.046170208192326356e+01
6.485512898019219108e+01
6.486007875002466960e+01
6.487493643079723427e+01
6.489972713670326243e+01
6.493449272456003030e+01
6.497929179402940747e+01
6.503419968743398272e+01
6.509930848986738283e+01
6.517472702930467676e+01
6.526058087619762205e+01
6.535701234402661441e+01
6.546418048882230778e+01
6.558226110946003473e+01
6.571144674754935977e+01
6.585194668736053814e+01
6.600398695608204491e+01
6.616781032348946212e+01
6.634367630223978551e+01
6.653186114754028324e+01
6.673265785759011237e+01
6.694637617321225775e+01
6.717334257792715846e+01
6.741390029806312612e+01
6.766840930275633070e+01
6.793724630376681262e+01
6.822080475569926250e+01
6.851949485578219878e+01
6.883374354419925112e+01
6.916399450368426471e+01
6.951070815985258378e+01
6.987436168098018641e+01
7.025544897804050493e+01
7.065448070492523414e+01
7.107198425820516263e+01
7.150850377711167027e+01
7.196460014370246938e+01
7.244085098276947576e+01
7.293785066189408894e+01
7.345621029126316159e+01
7.399655772401861498e+01
7.455953755585261433e+01
7.514581112533879548e+01
7.575605651376665151e+01
7.639096854514153279e+01
7.705125878622143887e+01
7.773765554653544996e+01
7.845090387834687817e+01
7.919176557665331018e+01
7.996101917926021940e+01
8.075945996663367055e+01
6.482151772574236759e+01
6.482655056390338189e+01
6.484165760706848403e+01
6.486686444113671257e+01
6.490221370940804491e+01
6.494776511243618700e+01
6.500359540817584048e+01
6.506979841165140499e+01
6.514648499554587602e+01
6.523378308946475101e+01
6.533183768067213748e+01
6.544081081346504902e+01
6.556088158957824419e+01
6.569224616807387918e+01
6.583511776523100423e+01
6.598972665469284493e+01
6.615632016735638388e+01
6.633516269155634859e+01
6.652653567277081947e+01
6.673073761387880154e+01
6.694808407497627911e+01
6.717890767363378757e+01
6.742355808456518673e+01
6.768240203981171987e+01
6.795582332885234678e+01
6.824422279830939431e+01
6.854801835220614237e+01
6.886764495178280754e+01
6.920355461571736555e+01
6.955621641986795112e+01
6.992611649749363778e+01
7.031375803910725608e+01
7.071966129256736622e+01
7.114436356298629960e+01
7.158841921276693654e+01
7.205239966171308197e+01
7.253689338684554855e+01
7.304250592253082175e+01
7.356985986044439585e+01
7.411959484957070288e+01
7.469236759614790344e+01
7.528885186379673655e+01
7.590973847341005865e+01
7.655573530315291464e+01
7.722756728853606489e+01
7.792597642236083288e+01
7.865172175477431438e+01
7.940557939317731950e+01
8.018834250227962457e+01
8.100082130411834669e+01
6.472289623468827813e+01
6.472801478132343789e+01
6.474337913683406498e+01
6.476901544803557442e+01
6.480496729313767901e+01
6.485129568130273015e+01
6.490807905319779536e+01
6.497541328047938691e+01
6.505341166619832904e+01
6.514220494461571320e+01
6.524194128116610614e+01
6.535278627253113370e+01
6.547492294671313573e+01
6.560855176281431511e+01
6.575389061125754608e+01
6.591117481363919239e+01
6.608065712287628912e+01
6.626260772298574864e+01
6.645731422926836274e+01
6.666508168834560877e+01
6.688623257801243938e+01
6.712110680720047640e+01
6.737006171619881911e+01
6.763347207650687665e+01
6.791173009079750500e+01
6.820524539302743960e+01
6.851444504836371152e+01
6.883977355318360480e+01
6.918169283518510326e+01
6.954068225316606799e+01
6.991723859724504564e+01
7.031187608875082162e+01
7.072512638027770038e+01
7.115753855557505858e+01
7.160967912967613813e+01
7.208213204884286540e+01
7.257549869056585123e+01
7.309039786350916756e+01
7.362746580771279525e+01
7.418735619429816097e+01
7.477074012567057082e+01
7.537830613548244685e+01
7.601076018863325601e+01
7.666882568121435781e+01
7.735324344056417090e+01
7.806477172523140950e+01
7.880418622504866732e+01
7.957228006104041640e+01
8.036986378542299292e+01
8.119776538177022474e+01
6.474877678569247053e+01
6.475396840168933466e+01
6.476955211919570843e+01
6.479555454694302341e+01
6.483202003280466386e+01
6.487901066383288651e+01
6.493660626614828857e+01
6.500490440512390933e+01
6.508402038512760157e+01
6.517408724985318713e+01
6.527525578198932976e+01
6.538769450351387036e+01
6.551158967543628364e+01
6.564714529798163767e+01
6.579458311044339780e+01
6.595414259136744306e+01
6.612608095840485589e+01
6.631067316831192215e+01
6.650821191709735558e+01
6.671900763976464077e+01
6.694338851056969020e+01
6.718170044294721777e+01
6.743430708936354279e+01
6.770158984161099625e+01
6.798394783040308198e+01
6.828179792574256624e+01
6.859557473673737604e+01
6.892573061171107440e+01
6.927273563805559320e+01
6.963707764237851450e+01
7.001926219033738619e+01
7.041981258682378098e+01
7.083926987587129531e+01
7.127819284056347726e+01
7.173715800329154035e+01
7.221675962547827510e+01
7.271760970770688459e+01
7.324033798975777643e+01
7.378559195053493625e+01
7.435403680806601301e+01
7.494635551955742869e+01
7.556324878132078027e+01
7.620543502890174636e+01
7.687365043689592881e+01
7.756864891911459381e+01
7.829120212847419680e+01
7.904209945708839768e+01
7.982214803615764254e+01
8.063217273607961033e+01
8.147301616633878041e+01
6.469261291936541625e+01
6.469788356410644781e+01
6.471370454405867179e+01
6.474010299629912879e+01
6.477712414914233818e+01
6.482483132247155311e+01
6.488330592733385060e+01
6.495264746623466579e+01
6.503297353310088624e+01
6.512441981309690675e+01
6.522714008280860298e+01
6.534130621020653962e+01
6.546710815460920685e+01
6.560475396671975545e+01
6.575446978844200885e+01
6.591649985335895678e+01
6.609110648610699457e+01
6.627857010289126549e+01
6.647918921115439161e+01
6.669328040979728200e+01
6.692117838899513060e+01
6.716323593034462647e+01
6.741982390682717607e+01
6.769133128269845656e+01
6.797816511359881986e+01
6.828075054666375365e+01
6.859953082022938986e+01
6.893496726405338393e+01
6.928753929925967725e+01
6.965774443837530328e+01
7.004609828520158032e+01
7.045313453496132183e+01
7.087940497426204445e+01
7.132547948100393853e+01
7.179194602452710683e+01
7.227941066546431159e+01
7.278849755585144976e+01
7.331984893909067580e+01
7.387412514993204127e+01
7.445200461449192630e+01
7.505418385025295436e+01
7.568137746606404903e+01
7.633431816210367060e+01
7.701375673000850952e+01
7.772046205265279184e+01
7.845522110435061336e+01
7.921883895078238425e+01
8.001213874893957723e+01
8.083596174721677130e+01
8.169116728537485983e+01
6.457740531835455045e+01
6.458275729439030499e+01
6.459882247193203852e+01
6.462562859924622671e+01
6.466322192343143627e+01
6.471166719045511684e+01
6.477104764511678070e+01
6.484146503108479465e+01
6.492303959078597586e+01
6.501591006558966512e+01
6.512023369573401510e+01
6.523618622017889379e+01
6.536396187682659331e+01
6.550377340233788459e+01
6.565585203235283984e+01
6.582044750123316135e+01
6.599782804217262822e+01
6.618828038738109854e+01
6.639210976771647665e+01
6.660963991301596820e+01
6.684121305183840889e+01
6.708718991172193569e+01
6.734794971896312177e+01
6.762389019872743745e+01
6.791542757497559535e+01
6.822299657064758094e+01
6.854705040738667776e+01
6.888806080574181578e+01
6.924651798511236223e+01
6.962293066371138650e+01
7.001782605862084097e+01
7.043174988575471218e+01
7.086526635991425849e+01
7.131895819469602316e+01
7.179342660252861208e+01
7.228929129472788873e+01
7.280719048144177918e+01
7.334778087166871785e+01
7.391173767323914490e+01
7.449975459283403723e+01
7.511254383596636330e+01
7.575083610699962833e+01
7.641538060916616359e+01
7.710694504454879450e+01
7.782631561398878262e+01
7.857429701728828775e+01
7.935171245300792009e+01
8.015940361861395047e+01
8.099823071036796307e+01
8.186907242341874280e+01
6.457820767026467479e+01
6.458363194824342202e+01
6.459991419203889507e+01
6.462708263086081217e+01
6.466518431356377050e+01
6.471428510838963177e+01
6.477446970322515085e+01
6.484584160541797360e+01
6.492852314173975969e+01
6.502265545868073104e+01
6.512839852215513758e+01
6.524593111750131413e+01
6.537545084966565412e+01
6.551717414312908261e+01
6.567133624190695684e+01
6.583819120936510672e+01
6.601801192866147971e+01
6.621109010215727153e+01
6.641773625207936504e+01
6.663827971985790555e+01
6.687306866656793147e+01
6.712247007285576217e+01
6.738686973886539988e+01
6.766667228412808299e+01
6.796230114789356946e+01
6.827419858876207570e+01
6.860282568494191935e+01
6.894866233413907253e+01
6.931220725355717605e+01
6.969397797997116584e+01
7.009451086958007693e+01
7.051436109820936338e+01
7.095410266112702402e+01
7.141432837313547566e+01
7.189564986857165252e+01
7.239869760127014331e+01
7.292412084461842881e+01
7.347258769146486657e+01
7.404478505421067780e+01
7.464141866480998999e+01
7.526321307464095867e+01
7.591091165467148016e+01
7.658527659540386878e+01
7.728708890680135823e+01
7.801714841834325398e+01
7.877627377908009976e+01
7.956530245756017905e+01
8.038509074179259528e+01
8.123651373941297038e+01
8.212046537746259389e+01
6.449636172393093148e+01
6.450186448651966487e+01
6.451838236554770845e+01
6.454594413424852917e+01
6.458459774845289303e+01
6.463441034614720593e+01
6.469546824751030556e+01
6.476787695509754883e+01
6.485176115373029404e+01
6.494726471049598615e+01
6.505455067478492026e+01
6.517380127817986590e+01
6.530521793467681846e+01
6.544902124042747005e+01
6.560545097392314062e+01
6.577476609592123680e+01
6.595724474951879301e+01
6.615318425989492823e+01
6.636290113482600361e+01
6.658673106406004649e+01
6.682502891975833847e+01
6.707816875638502552e+01
6.734654381063350570e+01
6.763056650151844451e+01
6.793066843026535651e+01
6.824730038043941249e+01
6.858093231787186994e+01
6.893205339064159887e+01
6.930117192914877933e+01
6.968881544602278666e+01
7.009553063621432045e+01
7.052188337699530507e+01
7.096845872777491593e+01
7.143586093035720808e+01
7.192471340881229480e+01
7.243565876943952730e+01
7.296935880087792725e+01
7.352649447399578264e+01
7.410776594194581435e+01
7.471389254018365023e+01
7.534561278644932258e+01
7.600368438071215849e+01
7.668888420526272398e+01
7.740200832467606062e+01
7.814387198577486515e+01
7.891530961764784990e+01
7.971717483174187180e+01
8.055034042167775965e+01
8.141569836341606958e+01
8.231415981523855407e+01
6.436207895229378551e+01
6.436766192912887163e+01
6.438442065817116600e+01
6.441238453499495620e+01
6.445160255224855916e+01
6.450214329961757187e+01
6.456409496378802260e+01
6.463756532852001158e+01
6.472268177475807249e+01
6.481959128026322503e+01
6.492846042009129803e+01
6.504947536611459213e+01
6.518284188742667595e+01
6.532878535012156362e+01
6.548755071733050670e+01
6.565940254925882869e+01
6.584462500311228439e+01
6.604352183320752090e+01
6.625641639086157397e+01
6.648365162453920618e+01
6.672559007959517885e+01
6.698261389862392434e+01
6.725512482110994483e+01
6.754354418368536983e+01
6.784831291998278857e+01
6.816989156072725109e+01
6.850876023364425293e+01
6.886541866357013930e+01
6.924038617234172932e+01
6.963420167888827450e+01
7.004742369912106881e+01
7.048063034613591071e+01
7.093441932990018017e+01
7.140940795760256776e+01
7.190623313335859734e+01
7.242555135841301706e+01
7.296803873101109161e+01
7.353439094649047547e+01
7.412532329722611735e+01
7.474157067261178611e+01
7.538388755913375405e+01
7.605304804033387711e+01
7.674984579673612473e+01
7.747509410601209368e+01
7.822962584281543741e+01
7.901429347889225596e+01
7.982996908300749794e+01
8.067754432100019812e+01
8.155793045574660027e+01
8.247205834719702011e+01
6.433593575447862634e+01
6.434159210286586017e+01
6.435857110566446693e+01
6.438690263571163541e+01
6.442663648100798923e+01
6.447784234479119903e+01
6.454060984546237023e+01
6.461504851673329597e+01
6.470128780736878582e+01
6.479947708155472696e+01
6.490978561849321693e+01
6.503240261262342869e+01
6.516753717369519450e+01
6.531541832662175295e+01
6.547629501151666886e+01
6.565043608362005045e+01
6.583813031351955658e+01
6.603968638696625248e+01
6.625543290483781789e+01
6.648571838332263439e+01
6.673091125375412958e+01
6.699139986277634762e+01
6.726759247206800296e+01
6.755991725869206732e+01
6.786882231480133498e+01
6.819477564782248180e+01
6.853826518032720116e+01
6.889979875019787414e+01
6.927990411040667595e+01
6.967912892921808066e+01
7.009804079009681743e+01
7.053722719163420152e+01
7.099729554776905616e+01
7.147887318753004138e+01
7.198260735521965614e+01
7.250916521030384843e+01
7.305923382750403050e+01
7.363352019672345250e+01
7.423275122306560547e+01
7.485767372685265286e+01
7.550905444364377672e+01
7.618768002414324769e+01
7.689435703432916114e+01
7.762991195536145028e+01
7.839519118360033190e+01
7.919106103060623525e+01
8.001840772317666506e+01
8.087813740330935275e+01
8.177117612822071635e+01
8.269846987030899754e+01
6.422686533410265497e+01
6.423260133317002385e+01
6.424981946716664538e+01
6.427855014654970489e+01
6.431884405518147219e+01
6.437077215069723479e+01
6.443442566413735051e+01
6.450991610024163947e+01
6.459737523733899422e+01
6.469695512731053100e+01
6.480882809558967494e+01
6.493318674119885259e+01
6.507024393682318930e+01
6.522023282870006256e+01
6.538340683654547547e+01
6.556003965384854837e+01
6.575042524750340078e+01
6.595487785808523995e+01
6.617373199975834552e+01
6.640734246020241471e+01
6.665608430075984359e+01
6.692035285632525188e+01
6.720056373532715099e+01
6.749715281987509741e+01
6.781057626557567630e+01
6.814131050169818593e+01
6.848985223102735631e+01
6.885671842995533609e+01
6.924244634846341739e+01
6.964759351012186528e+01
7.007273771207167101e+01
7.051847702504282722e+01
7.098542979339124770e+01
7.147423463498823537e+01
7.198555044129419400e+01
7.252005637741378052e+01
7.307845188200391817e+01
7.366145666725535079e+01
7.426981071905832721e+01
7.490427429676331883e+01
7.556562793338348172e+01
7.625467243548420981e+01
7.697222888323837253e+01
7.771913863037109138e+01
7.849626330421493492e+01
7.930448480570994718e+01
8.014470530929321512e+01
8.101784726310130225e+01
8.192485338874939771e+01
8.286668668151538952e+01
6.407308624807386366e+01
6.407890212018583043e+01
6.409636008000259721e+01
6.412549115785635934e+01
6.416634707104104507e+01
6.421900022373870343e+01
6.428354370716672861e+01
6.436009129920984151e+01
6.444877746486166359e+01
6.454975735604080000e+01
6.466320681140675219e+01
6.478932235665433836e+01
6.492832120451375033e+01
6.508044125430886595e+01
6.524594109258291041e+01
6.542509999265686815e+01
6.561821791473981591e+01
6.582561550600256339e+01
6.604763410057766748e+01
6.628463571939380472e+01
6.653700307037817652e+01
6.680513954836453649e+01
6.708946923503793869e+01
6.739043689911881074e+01
6.770850799612364312e+01
6.804416866851234147e+01
6.839792574572486217e+01
6.877030674401572696e+01
6.916185986661960783e+01
6.957315400367767211e+01
7.000477873220083325e+01
7.045734431616173765e+01
7.093148170643955552e+01
7.142784254083838391e+01
7.194709914401366291e+01
7.248994452758255136e+01
7.305709239012394107e+01
7.364927711701285773e+01
7.426725378062286609e+01
7.491179814025241512e+01
7.558370664205135370e+01
7.628379641913122100e+01
7.701290529149167696e+01
7.777189176605733678e+01
7.856163503669613135e+01
7.938303498409051429e+01
8.023701217595831281e+01
8.112450786685020887e+01
8.204648399831550876e+01
8.300392319866276125e+01
6.402142396038928496e+01
6.402731185757433252e+01
6.404498605826121604e+01
6.407447808999231142e+01
6.411584049879427027e+01
6.416914684880995878e+01
6.423449172277693719e+01
6.431199072176981701e+01
6.440178046508985688e+01
6.450401859055934040e+01
6.461888375430085318e+01
6.474657563081082401e+01
6.488731491299633092e+01
6.504134331206468289e+01
6.520892355763388082e+01
6.539033939769576875e+01
6.558589559857924201e+01
6.579591794502385937e+01
6.602075324008779944e+01
6.626076930523994690e+01
6.651635498032302962e+01
6.678792012351678409e+01
6.707589561137486101e+01
6.738073333882472582e+01
6.770290621916772977e+01
6.804290818409745611e+01
6.840125418362615051e+01
6.877848018615830483e+01
6.917514317849069982e+01
6.959182116573872179e+01
7.002911317142844894e+01
7.048763923745978843e+01
7.096804042405132407e+01
7.147097880983228890e+01
7.199713749180577338e+01
7.254722058531189077e+01
7.312195322408307163e+01
7.372208156022553283e+01
7.434837276420101659e+01
7.500161502480824538e+01
7.568261754927505081e+01
7.639221056316630154e+01
7.713124531043911247e+01
7.790059405336928933e+01
7.870115007264323026e+01
7.953382766732124765e+01
8.039956215481909396e+01
8.129930987090794758e+01
8.223404816973285847e+01
8.320477542383116543e+01
6.388657383615341701e+01
6.389254038554987858e+01
6.391045072662900139e+01
6.394033693820712472e+01
6.398225248491684880e+01
6.403627221713338713e+01
6.410249237134263467e+01
6.418103056955226293e+01
6.427202581995422292e+01
6.437563851624386757e+01
6.449205043826404449e+01
6.462146475156336578e+01
6.476410600758033809e+01
6.492022014355126203e+01
6.509007448260231854e+01
6.527395773374946941e+01
6.547217999178816683e+01
6.568507273738526919e+01
6.591298883707908374e+01
6.615630254324254622e+01
6.641540949406481786e+01
6.669072671364332905e+01
6.698269261194693058e+01
6.729176698465028039e+01
6.761843101346512697e+01
6.796318726580902592e+01
6.832655969502614823e+01
6.870909364029536448e+01
6.911135582661169963e+01
6.953393436487847623e+01
6.997743875179683926e+01
7.044249986993935408e+01
7.092976998775004915e+01
7.143992275945237225e+01
7.197365322519638653e+01
7.253167781098522937e+01
7.311473432860147170e+01
7.372358197571749372e+01
7.435900133585874983e+01
7.502179437838526610e+01
7.571278445854699157e+01
7.643281631741004389e+01
7.718275608183840575e+01
7.796349126467789858e+01
7.877593076451695708e+01
7.962100486581549319e+01
8.049966523888640779e+01
8.141288493995088515e+01
8.236165841095430551e+01
8.334700147984229091e+01
6.371461754496469609e+01
6.372066212743364133e+01
6.373880677780241655e+01
6.376908420480963713e+01
6.381154892300737203e+01
6.386627725292679258e+01
6.393336732082052265e+01
6.401293905875466805e+01
6.410513420475602686e+01
6.421011630260962022e+01
6.432807070193237564e+01
6.445920455824672501e+01
6.460374683285171216e+01
6.476194829289669030e+01
6.493408151143648865e+01
6.512044086726578485e+01
6.532134254506635784e+01
6.553712453540704530e+01
6.576814663463335364e+01
6.601479044492269566e+01
6.627745937435790324e+01
6.655657863681693698e+01
6.685259525200959274e+01
6.716597804553273932e+01
6.749721764874156804e+01
6.784682649891507822e+01
6.821533883916418972e+01
6.860331071837647698e+01
6.901131999132658734e+01
6.943996631867624103e+01
6.988987116679024325e+01
7.036167780799407012e+01
7.085605132044504728e+01
7.137367858809561483e+01
7.191526830071165932e+01
7.248155095400133519e+01
7.307327884943109098e+01
7.369122609433604509e+01
7.433618860190158273e+01
7.500898409108975784e+01
7.571045208680490646e+01
7.644145391972803338e+01
7.720287272635363252e+01
7.799561344911845140e+01
7.882060283618069718e+01
7.967878944160410981e+01
8.057114362532104224e+01
8.149865755300375270e+01
8.246234519626675308e+01
8.346324233253805858e+01
6.363702157425154837e+01
6.364313687138159281e+01
6.366149383708899023e+01
6.369212569419678260e+01
6.373508781429136860e+01
6.379045771740968718e+01
6.385833507220485217e+01
6.393884169598292289e+01
6.403212155462932742e+01
6.413834076257204231e+01
6.425768758289200377e+01
6.439037242724950261e+01
6.453662785586577399e+01
6.469670857765186156e+01
6.487089144998769541e+01
6.505947547892461102e+01
6.526278181909327714e+01
6.548115377374054447e+01
6.571495679471100004e+01
6.596457848237339761e+01
6.623042858573103331e+01
6.651293900245856605e+01
6.681256377873644681e+01
6.712977910934282022e+01
6.746508333769044441e+01
6.781899695577141074e+01
6.819206260417554688e+01
6.858484507207208480e+01
6.899793129724638163e+01
6.943193036608155921e+01
6.988747351352168380e+01
7.036521412314539248e+01
7.086582772711069822e+01
7.139001200617333609e+01
7.193848678968682009e+01
7.251199405558401168e+01
7.311129793043231473e+01
7.373718468932332826e+01
7.439046275603838865e+01
7.507196270286458173e+01
7.578253725074195302e+01
7.652306126917150664e+01
7.729443177630722062e+01
7.809756793882721126e+01
7.893341107202576268e+01
7.980292463983168716e+01
8.070709425467960330e+01
8.164692767776743665e+01
8.262345481865172303e+01
8.363772773570750019e+01
6.347619446608894123e+01
6.348238747546023575e+01
6.350097776486966694e+01
6.353199911787264398e+01
6.357550784057886517e+01
6.363158276146830161e+01
6.370032523140958602e+01
6.378185912369686150e+01
6.387633083410491253e+01
6.398390928079722784e+01
6.410478590436277102e+01
6.423917466777915308e+01
6.438731205648629441e+01
6.454945707834957602e+01
6.472589126358627709e+01
6.491691866493113139e+01
6.512286585750754853e+01
6.534408193880922511e+01
6.558093852882895192e+01
6.583382976991136104e+01
6.610317232686337263e+01
6.638940538693580606e+01
6.669299065971294738e+01
6.701441237731492606e+01
6.735417729419540933e+01
6.771281468725187835e+01
6.809087635584415921e+01
6.848893662170227969e+01
6.890759232900020947e+01
6.934746284430055141e+01
6.980919005668341981e+01
7.029343837752557533e+01
7.080089474070288702e+01
7.133226860249826018e+01
7.188829194160172165e+01
7.246971925914715484e+01
7.307732757867549367e+01
7.371191644615321081e+01
7.437430792993538375e+01
7.506534662087624099e+01
7.578589963218182390e+01
7.653685659950210152e+01
7.731912968091246796e+01
7.813365355691384195e+01
7.898138543039580384e+01
7.986330502674699972e+01
8.078041459363436161e+01
8.173373890133430564e+01
8.272432524241990848e+01
8.375324343187132570e+01
6.328616288395434708e+01
6.329243226092800256e+01
6.331125186428403140e+01
6.334265611138281571e+01
6.338670236438126437e+01
6.344347093043521824e+01
6.351306506149703068e+01
6.359561095446278500e+01
6.369125775109869636e+01
6.380017753805949354e+01
6.392256534685162706e+01
6.405863915388847829e+01
6.420863988052714433e+01
6.437283139292127032e+01
6.455150050216819579e+01
6.474495696419859314e+01
6.495353347994208093e+01
6.517758569506958111e+01
6.541749220019570998e+01
6.567365453093408689e+01
6.594649716756597968e+01
6.623646753542682575e+01
6.654403600472215885e+01
6.686969589045405371e+01
6.721396345256829363e+01
6.757737789593602429e+01
6.796050137026166738e+01
6.836391897011978358e+01
6.878823873501029595e+01
6.923409164935837623e+01
6.970213164236740511e+01
7.019303558820280386e+01
7.070750330591860688e+01
7.124625755940208194e+01
7.181004405752109676e+01
7.239963145390319710e+01
7.301581134717486066e+01
7.365939828077752338e+01
7.433122974305948105e+01
7.503216616731282329e+01
7.576309093162610964e+01
7.652491035899485894e+01
7.731855371733989557e+01
7.814497321947055752e+01
7.900514402302955830e+01
7.990006423058487428e+01
8.083075488955623200e+01
8.179825999232548384e+01
8.280364647607100892e+01
8.384800422293331223e+01
6.318215239848020559e+01
6.318849136191522575e+01
6.320751990016943722e+01
6.323927295710870311e+01
6.328380877253400882e+01
6.334120888212621736e+01
6.341157811751974549e+01
6.349504460619208146e+01
6.359175977164783689e+01
6.370189833317954253e+01
6.382565830608842106e+01
6.396326100155562244e+01
6.411495102664218848e+01
6.428099628439949242e+01
6.446168797370360437e+01
6.465734058943928630e+01
6.486829192231603258e+01
6.509490305901526597e+01
6.533755838207986244e+01
6.559666557004305787e+01
6.587265559726279207e+01
6.616598273412407138e+01
6.647712454676306493e+01
6.680658189739823172e+01
6.715487894407272051e+01
6.752256314074642773e+01
6.791020523727752334e+01
6.831839927951450875e+01
6.874776260913058934e+01
6.919893586378928774e+01
6.967258297699721936e+01
7.016939117823291383e+01
7.069007099283641082e+01
7.123535624210127537e+01
7.180600404323777752e+01
7.240279480933607203e+01
7.302653224938464405e+01
7.367804336838069901e+01
7.435817846716452095e+01
7.506781114245632125e+01
7.580783828694823967e+01
7.657918008924907838e+01
7.738278003386601256e+01
7.821960490116765641e+01
7.909064476753138706e+01
7.999691300521446635e+01
8.093944628231727734e+01
8.191930456294889495e+01
8.293757110709833569e+01
8.399535247065290378e+01
6.299509564248216265e+01
6.300151157591305662e+01
6.302077121234766111e+01
6.305291006024854283e+01
6.309798730047253201e+01
6.315608578608669177e+01
6.322731204257074467e+01
6.331179626770666147e+01
6.340969233152344486e+01
6.352117777648117425e+01
6.364645381730536400e+01
6.378574534102376248e+01
6.393930090703999269e+01
6.410739274702311263e+01
6.429031676499961634e+01
6.448839253735349075e+01
6.470196331266051004e+01
6.493139601194593524e+01
6.517708122850046948e+01
6.543943322795388440e+01
6.571888994825654606e+01
6.601591299966113979e+01
6.633098766474093111e+01
6.666462289844507438e+01
6.701735132796977723e+01
6.738972925288706506e+01
6.778233664503443379e+01
6.819577714866203166e+01
6.863067808019344795e+01
6.908769042857531417e+01
6.956748885489091094e+01
7.007077169263618543e+01
7.059826094760931881e+01
7.115070229792912926e+01
7.172886509405351774e+01
7.233354235872420190e+01
7.296555078705875985e+01
7.362573074644022597e+01
7.431494627660906360e+01
7.503408508957120659e+01
7.578405856974522692e+01
7.656580177379673557e+01
7.738027343076720399e+01
7.822845594198197716e+01
7.911135538105018838e+01
8.003000149401206897e+01
8.098544769911808316e+01
8.197877108701293025e+01
8.301107242062519731e+01
8.408347613524088615e+01
6.278723434421925731e+01
6.279372500821280312e+01
6.281320904727246557e+01
6.284572260274570965e+01
6.289132591017485652e+01
6.295010329935228555e+01
6.302216319424679369e+01
6.310763811309565341e+01
6.320668466831256893e+01
6.331948356656130983e+01
6.344623960875567548e+01
6.358718168993071629e+01
6.374256279944513182e+01
6.391266002087088083e+01
6.409777453190115182e+01
6.429823160455279663e+01
6.451438060503750194e+01
6.474659499378022076e+01
6.499527232540071964e+01
6.526083424878724770e+01
6.554372650702288183e+01
6.584441893742236118e+01
6.616340547149525264e+01
6.650120413501960570e+01
6.685835704794986611e+01
6.723543042447218454e+01
6.763301457302270592e+01
6.805172389619565365e+01
6.849219689089051144e+01
6.895509614814636734e+01
6.944110835332600118e+01
6.995094428585821333e+01
7.048533881951385638e+01
7.104505092229544516e+01
7.163086365634512731e+01
7.224358417805508736e+01
7.288404373806760361e+01
7.355309768123814251e+01
7.425162544659866626e+01
7.498053056744956280e+01
7.574074067132286814e+01
7.653320747990865414e+01
7.735890680916547524e+01
7.821883856924669942e+01
7.911402676459256611e+01
8.004551949378294751e+01
8.101438894964778115e+01
8.202173141923022115e+01
8.306866728382348697e+01
8.415634101893405727e+01
6.265686910270517984e+01
6.266342771589955873e+01
6.268311578343068646e+01
6.271596998886643348e+01
6.276205147174422194e+01
6.282144582723979909e+01
6.289426310635122519e+01
6.298063781588051313e+01
6.308072891834156337e+01
6.319471983208904931e+01
6.332281843122632381e+01
6.346525704566071369e+01
6.362229246099302316e+01
6.379420591870162838e+01
6.398130311603200227e+01
6.418391420590475605e+01
6.440239379717323231e+01
6.463712095431067439e+01
6.488849919768628638e+01
6.515695650341798739e+01
6.544294530333561966e+01
6.574694248510972727e+01
6.606944939221484958e+01
6.641099182383736377e+01
6.677212003494923920e+01
6.715340873632635521e+01
6.755545709453011227e+01
6.797888873187062586e+01
6.842435172644356101e+01
6.889251861213010386e+01
6.938408637859696171e+01
6.989977647124115379e+01
7.044033479130047226e+01
7.100653169574296442e+01
7.159916199732228392e+01
7.221904496459593759e+01
7.286702432188862133e+01
7.354396824927371767e+01
7.425076938264695059e+01
7.498834481363437021e+01
7.575763608966595086e+01
7.655960921395717378e+01
7.739525464549069511e+01
7.826558729899785760e+01
7.917164654505073429e+01
8.011449620993334975e+01
8.109522457573362431e+01
8.211494438032501364e+01
8.317479281742171793e+01
8.427593153633945633e+01
6.244380715933287007e+01
6.245044159936293227e+01
6.247035733728678508e+01
6.250359162642147481e+01
6.255020655573297006e+01
6.261028904972581444e+01
6.268395086853509923e+01
6.277132860777926027e+01
6.287258369874410846e+01
6.298790240827239018e+01
6.311749583870859936e+01
6.326159992804620202e+01
6.342047544989080876e+01
6.359440801333138182e+01
6.378370806308743823e+01
6.398871087943545888e+01
6.420977657826405505e+01
6.444729011100041305e+01
6.470166126462866885e+01
6.497332466181869393e+01
6.526273976066852356e+01
6.557039085496197117e+01
6.589678707400297242e+01
6.624246238270762888e+01
6.660797558154898468e+01
6.699391030655704071e+01
6.740087502941076991e+01
6.782950305729087859e+01
6.828045253297183592e+01
6.875440643482184555e+01
6.925207257680290240e+01
6.977418360839712363e+01
7.032149701471719538e+01
7.089479511641432907e+01
7.149488506975193047e+01
7.212259886653194485e+01
7.277879333416844077e+01
7.346435013565088923e+01
7.418017576948888347e+01
7.492720156982257151e+01
7.570638370640426729e+01
7.651870318445121200e+01
7.736516584484805037e+01
7.824680236407313316e+01
7.916466825408816987e+01
8.011984386250385626e+01
8.111343437245101029e+01
8.214656980274621390e+01
8.322040500761579551e+01
8.433611967702705670e+01
6.221855752598980871e+01
6.222526485841374466e+01
6.224539948348105867e+01
6.227899928478066016e+01
6.232612740154764452e+01
6.238687222879212158e+01
6.246134741717040839e+01
6.254969187307700906e+01
6.265206975857104510e+01
6.276867049146823518e+01
6.289970874524889410e+01
6.304542444914994093e+01
6.320608278805450908e+01
6.338197420260231496e+01
6.357341438906089337e+01
6.378074429952797431e+01
6.400433014171068180e+01
6.424456337903598069e+01
6.450186073068736903e+01
6.477666417143942112e+01
6.506944093193365575e+01
6.538068349840263238e+01
6.571090961279870157e+01
6.606066227279399072e+01
6.643050973179887819e+01
6.682104549886989275e+01
6.723288833882020299e+01
6.766668227214597664e+01
6.812309657502636639e+01
6.860282577939713633e+01
6.910658967285864662e+01
6.963513329874946578e+01
7.018922695607277262e+01
7.076966619956994009e+01
7.137727183968372913e+01
7.201288994257673437e+01
7.267739183003932624e+01
7.337167407967368149e+01
7.409665852474658720e+01
7.485329225420782961e+01
7.564254761272701444e+01
7.646542220069351004e+01
7.732293887416130929e+01
7.821614574497782257e+01
7.914611618059984721e+01
8.011394880422237463e+01
8.112076749476020154e+01
8.216772138684794413e+01
8.325598487080320353e+01
8.438675759262660847e+01
6.206169588223279021e+01
6.206846933875390704e+01
6.208880252222613905e+01
6.212273387428415106e+01
6.217032746439877400e+01
6.223167298978501805e+01
6.230688577543885742e+01
6.239610677413725170e+01
6.249950256645652047e+01
6.261726536069877369e+01
6.274961299298388440e+01
6.289678892723109982e+01
6.305906225504863016e+01
6.323672769595448528e+01
6.343010559710042173e+01
6.363954193354799571e+01
6.386540830802930202e+01
6.410810195113104726e+01
6.436804572114726852e+01
6.464568810424503909e+01
6.494150321426192818e+01
6.525599079290853410e+01
6.558967620960282829e+01
6.594311046156211376e+01
6.631687017380309612e+01
6.671155759910507754e+01
6.712780061800987141e+01
6.756625273887712524e+01
6.802759309779222008e+01
6.851252645863993962e+01
6.902178321312281639e+01
6.955611938065077027e+01
7.011631660845148417e+01
7.070318217157043250e+01
7.131754897272364246e+01
7.196027554250012770e+01
7.263224603923306688e+01
7.333437024903662405e+01
7.406758358578753132e+01
7.483284709116189504e+01
7.563114743457997236e+01
7.646349691331663223e+01
7.733093345233568527e+01
7.823452060441874778e+01
7.917534755014678183e+01
8.015452909780812263e+01
8.117320568356410604e+01
8.223254337126499536e+01
8.333373385261567989e+01
8.447799444703760230e+01
6.182268759877793940e+01
6.182953561827869038e+01
6.185009268164282759e+01
6.188439780354803332e+01
6.193251600848778082e+01
6.199453833067931896e+01
6.207058181422930687e+01
6.216078951294976918e+01
6.226533049045013257e+01
6.238439982015560048e+01
6.251821858528877129e+01
6.266703387879603326e+01
6.283111880349475342e+01
6.301077247196290188e+01
6.320632000652061322e+01
6.341811253934064041e+01
6.364652721233789379e+01
6.389196717724309593e+01
6.415486159556593293e+01
6.443566563861351426e+01
6.473486048745348853e+01
6.505295333298775518e+01
6.539047737586032838e+01
6.574799182653106300e+01
6.612608190523879159e+01
6.652535884203813055e+01
6.694645987672588205e+01
6.739004825891463213e+01
6.785681324799595870e+01
6.834747011315882048e+01
6.886276013338959956e+01
6.940345059741680700e+01
6.997033480384000370e+01
7.056423206094568457e+01
7.118598768689135170e+01
7.183647300957673565e+01
7.251658536671727973e+01
7.322724810582586485e+01
7.396941058415755776e+01
7.474404816878319480e+01
7.555216223657102148e+01
7.639478017416824684e+01
7.727295537800108605e+01
7.818776725429313501e+01
7.914032121906538464e+01
8.013174869813620660e+01
8.116320712706614415e+01
8.223587995124997008e+01
8.335097662582460032e+01
8.450973261579797224e+01
6.158040275385242523e+01
6.158732178542030766e+01
6.160809209297867994e+01
6.164275331538620151e+01
6.169137151733979607e+01
6.175403918937469427e+01
6.183087524795642054e+01
6.192202503538878489e+01
6.202766031988750939e+01
6.214797929548818445e+01
6.228320658215671557e+01
6.243359322573409287e+01
6.259941669788119611e+01
6.278098089620760902e+01
6.297861614416120801e+01
6.319267919102815512e+01
6.342355321204330920e+01
6.367164780829823201e+01
6.393739900670436072e+01
6.422126926014024662e+01
6.452374744724912148e+01
6.484534887267810177e+01
6.518661526685744434e+01
6.554811478614763587e+01
6.593044201271069937e+01
6.633421795465734760e+01
6.676009004595495355e+01
6.720873214646444183e+01
6.768084454184817389e+01
6.817715394375404969e+01
6.869841348959462835e+01
6.924540274274959017e+01
6.981892769241846963e+01
7.041982075369436700e+01
7.104894076758218091e+01
7.170717300088840318e+01
7.239542914636813009e+01
7.311464732257802268e+01
7.386579207406019520e+01
7.464985437110306066e+01
7.546785160994372177e+01
7.632082761271281868e+01
7.720985262737922028e+01
7.813602332778692983e+01
7.910046281369183419e+01
8.010432061065132814e+01
8.114877267020825968e+01
8.223502136967022125e+01
8.336429551233027269e+01
8.453785032724616144e+01
6.139699116585972405e+01
6.140397430554171621e+01
6.142493712878187750e+01
6.145991984773948502e+01
6.150898948292538648e+01
6.157223986296273921e+01
6.164979162460544870e+01
6.174179221286694741e+01
6.184841588087298447e+01
6.196986368995366945e+01
6.210636350962502661e+01
6.225817001757062741e+01
6.242556469960475596e+01
6.260885584983804364e+01
6.280837857043825778e+01
6.302449477179588655e+01
6.325759317246895819e+01
6.350808929923823598e+01
6.377642548696000802e+01
6.406307087882370865e+01
6.436852142602067772e+01
6.469329988803862364e+01
6.503795583249598167e+01
6.540306563523388661e+01
6.578923248018742242e+01
6.619708635953284670e+01
6.662728407361389316e+01
6.708050923092343965e+01
6.755747224819553765e+01
6.805891035025811675e+01
6.858558757018029439e+01
6.913829474916185802e+01
6.971784953660696260e+01
7.032509639010572755e+01
7.096090657537894231e+01
7.162617816640697299e+01
7.232183604526410647e+01
7.304883190222894029e+01
7.380814423580285677e+01
7.460077835254431022e+01
7.542776636734494389e+01
7.629016720317189026e+01
7.718906659119663516e+01
7.812557707073979429e+01
7.910083798934472554e+01
8.011601550272229133e+01
8.117230257471412358e+01
8.227091897743976290e+01
8.341311129105748989e+01
8.460015290401271670e+01
6.113213379278944615e+01
6.113919004185652994e+01
6.116037238518025276e+01
6.119572161129359955e+01
6.124530570095609505e+01
6.130921982735619480e+01
6.138758635589046975e+01
6.148055484436603280e+01
6.158830204289011334e+01
6.171103189387007859e+01
6.184897553203182241e+01
6.200239128449336334e+01
6.217156467061764857e+01
6.235680840214136822e+01
6.255846238306451568e+01
6.277689370977923744e+01
6.301249667097778939e+01
6.326569274765256523e+01
6.353693061311448531e+01
6.382668613306660887e+01
6.413546236547530555e+01
6.446378956060708276e+01
6.481222516110217668e+01
6.518135380191934303e+01
6.557178731033589258e+01
6.598416470591082827e+01
6.641915220059532032e+01
6.687744319862221687e+01
6.735975829656135261e+01
6.786684528324585131e+01
6.839947913997458784e+01
6.895846204019932202e+01
6.954462334981920435e+01
7.015881962697828556e+01
7.080193462221272682e+01
7.147487927834043830e+01
7.217859173049787103e+01
7.291403730615836309e+01
7.368220852511382191e+01
7.448412509951147342e+01
7.532083393376186109e+01
7.619340912461245807e+01
7.710295196116607030e+01
7.805059092488083650e+01
7.903748168942303209e+01
8.006480712086941764e+01
8.113377727761535141e+01
8.224562941032866092e+01
8.340162796206931262e+01
8.460306456817905030e+01
6.087319837018971924e+01
6.088032370079772448e+01
6.090171349375599874e+01
6.093740915254092982e+01
6.098747968295259625e+01
6.105202169309641391e+01
6.113115939340151073e+01
6.122504459660233778e+01
6.133385671775705106e+01
6.145780277422912974e+01
6.159711738574258533e+01
6.175206277427151491e+01
6.192292876418736824e+01
6.211003278205648570e+01
6.231371985689773396e+01
6.253436261996169776e+01
6.277236130484108401e+01
6.302814374747071469e+01
6.330216538601712273e+01
6.359490926108095721e+01
6.390688601547619641e+01
6.423863389441413574e+01
6.459071874533776736e+01
6.496373401810582493e+01
6.535830076479035711e+01
6.577506763987911143e+01
6.621471090010996363e+01
6.667793440456290455e+01
6.716546961460485932e+01
6.767807559398164585e+01
6.821653900868922449e+01
6.878167412706564221e+01
6.937432281979107529e+01
6.999535455979584242e+01
7.064566642242594696e+01
7.132618308525911743e+01
7.203785682821521164e+01
7.278166753351939633e+01
7.355862268575735641e+01
7.436975737182009993e+01
7.521613428084873476e+01
7.609884370436331835e+01
7.701900353622598061e+01
7.797775927251220196e+01
7.897628401173159318e+01
8.001577845462543337e+01
8.109747090430475680e+01
8.222261726615829502e+01
8.339250104792613172e+01
8.460843335962603362e+01
6.066324546941612539e+01
6.067043272063423132e+01
6.069200847136264088e+01
6.072801471302600618e+01
6.077852143117875983e+01
6.084362660570752013e+01
6.092345621068385952e+01
6.101816421445631988e+01
6.112793257961364901e+01
6.125297126298472961e+01
6.139351821562024014e+01
6.154983938282943257e+01
6.172222870419851404e+01
6.191100811351708444e+01
6.211652753881490696e+01
6.233916490238032537e+01
6.257932612074184675e+01
6.283744510466815569e+01
6.311398375920491333e+01
6.340943198356434607e+01
6.372430767130927620e+01
6.405915671013225676e+01
6.441455298205806912e+01
6.479109836329641325e+01
6.518942272433399410e+01
6.561018392991609005e+01
6.605406783895455192e+01
6.652178830467497050e+01
6.701408717456156694e+01
6.753173429028348096e+01
6.807552748776846840e+01
6.864629259720283017e+01
6.924488344303145482e+01
6.987218184388420639e+01
7.052909761270470312e+01
7.121656855663995600e+01
7.193556047709554946e+01
7.268706716969882109e+01
7.347211042431729311e+01
7.429174002511388153e+01
7.514703375043643518e+01
7.603909737292821092e+01
7.696906465943581566e+01
7.793809737102765212e+01
7.894738526306747417e+01
7.999814608517760917e+01
8.109162558116540254e+01
8.222909748908749350e+01
8.341186354128677749e+01
8.464125346433705488e+01
6.037265946601965538e+01
6.037991814534579760e+01
6.040170837398272141e+01
6.043807272375875073e+01
6.048908214776400882e+01
6.055483598033202952e+01
6.063546193705816734e+01
6.073111611467076898e+01
6.084198299123360698e+01
6.096827542601706540e+01
6.111023465955332057e+01
6.126813031352597960e+01
6.144226039097245717e+01
6.163295127604475709e+01
6.184055773423032321e+01
6.206546291220478651e+01
6.230807833788720984e+01
6.256884392042164222e+01
6.284822795021396047e+01
6.314672709889505597e+01
6.346486641928400019e+01
6.380319934553531880e+01
6.416230769297331449e+01
6.454280165814731163e+01
6.494531981886844108e+01
6.537052913419125844e+01
6.581912494435850647e+01
6.629183097094835375e+01
6.678939931665358642e+01
6.731261046548397076e+01
6.786227328263753122e+01
6.843922501461085517e+01
6.904433128905195360e+01
6.967848611492587452e+01
7.034261188238585305e+01
7.103765936282853488e+01
7.176460770887555896e+01
7.252446445442883771e+01
7.331826551457841390e+01
7.414707518567618649e+01
7.501198614528067310e+01
7.591411945219375923e+01
7.685462454653439579e+01
7.783467924955449746e+01
7.885548976374940366e+01
7.991829067293147659e+01
8.102434494202766757e+01
8.217494391731877101e+01
8.337140732625536543e+01
8.461508327753142567e+01
6.009746495092328900e+01
6.010479075767334223e+01
6.012678256949024558e+01
6.016348356096386141e+01
6.021496568968876062e+01
6.028132969641140448e+01
6.036270510490137298e+01
6.045925022193294751e+01
6.057115213739552217e+01
6.069862672421998440e+01
6.084191863839713221e+01
6.100130131899607733e+01
6.117707698809062578e+01
6.136957665083290436e+01
6.157916009545332514e+01
6.180621589326062093e+01
6.205116139854983004e+01
6.231444274869429023e+01
6.259653486420085500e+01
6.289794144854427316e+01
6.321919498825919703e+01
6.356085675303219773e+01
6.392351679548093557e+01
6.430779395137500387e+01
6.471433583948866897e+01
6.514381886169293523e+01
6.559694820286348715e+01
6.607445783102791381e+01
6.657711049712654017e+01
6.710569773530676230e+01
6.766103986266550407e+01
6.824398597943319089e+01
6.885541396882653942e+01
6.949623049717739320e+01
7.016737101385911046e+01
7.086979975128650722e+01
7.160450972493435984e+01
7.237252273335570862e+01
7.317488935814512274e+01
7.401268896397547792e+01
7.488702969852434421e+01
7.579904849258441857e+01
7.674991105997146690e+01
7.774081189759799315e+01
7.877297428538119561e+01
7.984765028632577355e+01
8.096612074650555257e+01
8.212969529500823285e+01
8.333971234402746120e+01
8.459753908876153616e+01
5.986145359581241365e+01
5.986883917052110604e+01
5.989101048576047504e+01
5.992801131452074515e+01
5.997991461190833462e+01
6.004682251503538737e+01
6.012886634307502476e+01
6.022620659724294256e+01
6.033903296072376321e+01
6.046756429879989980e+01
6.061204865875949821e+01
6.077276326998849498e+01
6.095001454380496142e+01
6.114413807360633513e+01
6.135549863486942002e+01
6.158449018507677408e+01
6.183153586371672361e+01
6.209708799232014087e+01
6.238162807449727154e+01
6.268566679586411539e+01
6.300974402406082930e+01
6.335442880878853344e+01
6.372031938173571319e+01
6.410804315670701214e+01
6.451825672947600765e+01
6.495164587787728294e+01
6.540892556176956418e+01
6.589083992305411641e+01
6.639816228565636891e+01
6.693169515554434668e+01
6.749227022076540550e+01
6.808074835129905011e+01
6.869801959925936785e+01
6.934500319872940111e+01
7.002264756590835759e+01
7.073193029892759398e+01
7.147385817799782615e+01
7.224946716542753222e+01
7.305982240547577078e+01
7.390601822442570779e+01
7.478917813069513443e+01
7.571045481463396243e+01
7.667103014868987998e+01
7.767211518733471109e+01
7.871495016703686076e+01
7.980080450639009371e+01
8.093097680591112919e+01
8.210679484819604568e+01
8.332961559793869810e+01
8.460082520177427057e+01
5.954483112100715658e+01
5.955228606568284278e+01
5.957466568691022957e+01
5.961201434640071284e+01
5.966440598024792052e+01
5.973194409907496549e+01
5.981476178788719977e+01
5.991302170620104306e+01
6.002691608793357148e+01
6.015666674149450444e+01
6.030252504973105232e+01
6.046477196994624137e+01
6.064371803388058169e+01
6.083970334774883781e+01
6.105309759218481958e+01
6.128430002235181462e+01
6.153373946775855075e+01
6.180187433246162243e+01
6.208919259489987041e+01
6.239621180802320310e+01
6.272347909918219244e+01
6.307157117020165060e+01
6.344109429738066552e+01
6.383268433143736331e+01
6.424700669758253468e+01
6.468475639540925215e+01
6.514665799904000210e+01
6.563346565699795576e+01
6.614596309229894189e+01
6.668496360235943143e+01
6.725131005910698434e+01
6.784587490890656625e+01
6.846956017254225912e+01
6.912329744525395370e+01
6.980804789679264388e+01
7.052480227130992319e+01
7.127458088741329334e+01
7.205843363814769020e+01
7.287743999108751325e+01
7.373270898818942953e+01
7.462537924586592908e+01
7.555661895500381320e+01
7.652762588092727469e+01
7.753962736343483186e+01
7.859388031676240871e+01
7.969167122960182326e+01
8.083431616509150786e+01
8.202316076082580310e+01
8.325958022884566390e+01
8.454497935566634226e+01
5.925377612963842466e+01
5.926129625614093044e+01
5.928387161867819799e+01
5.932154716615544743e+01
5.937439781348216172e+01
5.944252844153531612e+01
5.952607389715937103e+01
5.962519899309264559e+01
5.974009850815134826e+01
5.987099718699035833e+01
6.001814974032404848e+01
6.018184084477906026e+01
6.036238514293109603e+01
6.056012724336016362e+01
6.077544172059533167e+01
6.100873311511475805e+01
6.126043593334566140e+01
6.153101464771956586e+01
6.182096369661704216e+01
6.213080748431255529e+01
6.246110038114005647e+01
6.281242672336415467e+01
6.318540081318015211e+01
6.358066691873241894e+01
6.399889927424321456e+01
6.444080207973665608e+01
6.490710950131477830e+01
6.539858567099183517e+01
6.591602468676802573e+01
6.646025061257415700e+01
6.703211747830857803e+01
6.763250927987387229e+01
6.826233997908491347e+01
6.892255350374246348e+01
6.961412374759635213e+01
7.033805457034547715e+01
7.109537979772984784e+01
7.188716322134652614e+01
7.271449859881523992e+01
7.357850965368642449e+01
7.448035007551476383e+01
7.542120351974885750e+01
7.640228360784153949e+01
7.742483392724994928e+01
7.849012803132511351e+01
7.959946943939469577e+01
8.075419163675387324e+01
8.195565807469289155e+01
8.320526217038667482e+01
8.450442730707882788e+01
5.899301127786679189e+01
5.900058947697369405e+01
5.902333925646582458e+01
5.906130616282071344e+01
5.911456610685875290e+01
5.918322536368803100e+01
5.926742057277789399e+01
5.936731873788539104e+01
5.948311722711043359e+01
5.961504377289582379e+01
5.976335647195363521e+01
5.992834378537563111e+01
6.011032453852283908e+01
6.030964792111758754e+01
6.052669348718826114e+01
6.076187115510614234e+01
6.101562120754858398e+01
6.128841429148062048e+01
6.158075141824696885e+01
6.189316396349842364e+01
6.222621366721025993e+01
6.258049263366383741e+01
6.295662333146497502e+01
6.335525859356240375e+01
6.377708161719250057e+01
6.422280596395295049e+01
6.469317555976590484e+01
6.518896469482278633e+01
6.571097802369470742e+01
6.626005056524047632e+01
6.683704770266174933e+01
6.744286518348468462e+01
6.807842911954152498e+01
6.874469598697054096e+01
6.944265262628977098e+01
7.017331624228644671e+01
7.093773440409073316e+01
7.173698504515726881e+01
7.257217646326515137e+01
7.344444732051796620e+01
7.435496664334378636e+01
7.530493382247676948e+01
7.629557861295712939e+01
7.732816113419558235e+01
7.840397186989051193e+01
7.952433166808319243e+01
8.069059174113935740e+01
8.190413366571243614e+01
8.316636938285392944e+01
8.447874119782945002e+01
5.864929614175910899e+01
5.865694088172174503e+01
5.867989048652949435e+01
5.871819111116271728e+01
5.877191968047824844e+01
5.884118388930143340e+01
5.892612220238930831e+01
5.902690385448582333e+01
5.914372885026661208e+01
5.927682796435740897e+01
5.942646274131564610e+01
5.959292549568565533e+01
5.977653931194346626e+01
5.997765804449681326e+01
6.019666631777711530e+01
6.043397952601870315e+01
6.069004383355319021e+01
6.096533617464390886e+01
6.126036425339385971e+01
6.157566654394817363e+01
6.191181229042046397e+01
6.226940150678244379e+01
6.264906497706631683e+01
6.305146425514399056e+01
6.347729166492948139e+01
6.392727030025009327e+01
6.440215402488321672e+01
6.490272747253797547e+01
6.542980604689195445e+01
6.598423592159123530e+01
6.656689404019525114e+01
6.717868811625025671e+01
6.782055663317906635e+01
6.849346884448337391e+01
6.919842477352295873e+01
6.993645521358929784e+01
7.070862172797917822e+01
7.151601664992108454e+01
7.235976308261201950e+01
7.324101489916222363e+01
7.416095674265049809e+01
7.512080402608729912e+01
7.612180293248842133e+01
7.716523041475532807e+01
7.825239419575797228e+01
7.938463276835322802e+01
8.056331539532047259e+01
8.178984210934315513e+01
8.306564371314685502e+01
8.439218177933359755e+01
5.834279095963723449e+01
5.835049897877885172e+01
5.837363861067802162e+01
5.841225657868412213e+01
5.846643075513200216e+01
5.853627016119473581e+01
5.862191496703088234e+01
5.872353649165562928e+01
5.884133720305123916e+01
5.897555071809341598e+01
5.912644180256970827e+01
5.929430637121635073e+01
5.947947148764460934e+01
5.968229536441439365e+01
5.990316736299750033e+01
6.014250799375915335e+01
6.040076891599483844e+01
6.067843293798551230e+01
6.097601401677674460e+01
6.129405725849160547e+01
6.163313891807299427e+01
6.199386639941246813e+01
6.237687825531344288e+01
6.278284418747278295e+01
6.321246504659121257e+01
6.366647283218929942e+01
6.414563069273629026e+01
6.465073292565004692e+01
6.518260497718672752e+01
6.574210344264311345e+01
6.633011606613585798e+01
6.694756174067507004e+01
6.759539050832988494e+01
6.827458355991572603e+01
6.898615323528866838e+01
6.973114302317981128e+01
7.051062756125052999e+01
7.132571263601886358e+01
7.217753518296987636e+01
7.306726328655572900e+01
7.399609618008518908e+01
7.496526424572371639e+01
7.597602901470500569e+01
7.702968316703659468e+01
7.812755053176671538e+01
7.927098608673580316e+01
8.046137595882500193e+01
8.170013742372606202e+01
8.298871890609781588e+01
8.432859997955695519e+01
5.805745535733206708e+01
5.806521968896872465e+01
5.808852845681384736e+01
5.812742897959935107e+01
5.818200012203786287e+01
5.825235229460196962e+01
5.833862745361617641e+01
5.844099910131211573e+01
5.855967228573658900e+01
5.869488360082509359e+01
5.884690118634668465e+01
5.901602472790395382e+01
5.920258545704341913e+01
5.940694615103473808e+01
5.962950113312830780e+01
5.987067627235284561e+01
6.013092898362582162e+01
6.041074822769823527e+01
6.071065451120981749e+01
6.103119988663384277e+01
6.137296795231390689e+01
6.173657385239035733e+01
6.212266427694746795e+01
6.253191746188464606e+01
6.296504318895324559e+01
6.342278278573814276e+01
6.390590912574975135e+01
6.441522662825843781e+01
6.495157125849686963e+01
6.551581052745768829e+01
6.610884349207744037e+01
6.673160075505263933e+01
6.738504446500527933e+01
6.807016831639096210e+01
6.878799754951717205e+01
6.953958895056173617e+01
7.032603085155443523e+01
7.114844313035858647e+01
7.200797721074461322e+01
7.290581606226129452e+01
7.384317420036455815e+01
7.482129768638984046e+01
7.584146412746011379e+01
7.690498267662393062e+01
7.801319403272651698e+01
7.916747044049266435e+01
8.036921569053590986e+01
8.161986511926650678e+01
8.292088560900185712e+01
8.427377558785607903e+01
5.768679643928189904e+01
5.769462428403657839e+01
5.771812380105039608e+01
5.775734293857265556e+01
5.781236161037062971e+01
5.788329169569270505e+01
5.797027703930523757e+01
5.807349345149251008e+01
5.819314870800155859e+01
5.832948255009735306e+01
5.848276668459961769e+01
5.865330478373561363e+01
5.884143248530575221e+01
5.904751739259156551e+01
5.927195907439256217e+01
5.951518906497096850e+01
5.977767086414376507e+01
6.005989993720908160e+01
6.036240371494616852e+01
6.068574159367065590e+01
6.103050493516087727e+01
6.139731706676833767e+01
6.178683328127047503e+01
6.219974083698107137e+01
6.263675895771344670e+01
6.309863883281728647e+01
6.358616361708659070e+01
6.410014843085171776e+01
6.464144035994256399e+01
6.521091845568858503e+01
6.580949373491874610e+01
6.643810917998000320e+01
6.709773973870041175e+01
6.778939232440758644e+01
6.851410581602068817e+01
6.927295105779283801e+01
7.006703085960545252e+01
7.089747999683955015e+01
7.176546521033885995e+01
7.267218520646503066e+01
7.361887065706092415e+01
7.460678419950566820e+01
7.563722043666878392e+01
7.671150593693772635e+01
7.783099923417188393e+01
7.899709082773019020e+01
8.021120318251712433e+01
8.147479072888151563e+01
8.278933986277294821e+01
8.415636894553009029e+01
5.736527236971112131e+01
5.737316166732661316e+01
5.739684572493270309e+01
5.743637303695545171e+01
5.749182442735855147e+01
5.756331304971692475e+01
5.765098438723514818e+01
5.775501625263702721e+01
5.787561878831279927e+01
5.801303446619034787e+01
5.816753808784558544e+01
5.833943678441047354e+01
5.852907001662820363e+01
5.873680957479799503e+01
5.896305957888552030e+01
5.920825647837568084e+01
5.947286905241982424e+01
5.975739840967012384e+01
6.006237798844519205e+01
6.038837355667488538e+01
6.073598321178988613e+01
6.110583738092413597e+01
6.149859882071239525e+01
6.191496261743746032e+01
6.235565618697496859e+01
6.282143927475660661e+01
6.331310395584367967e+01
6.383147463489034124e+01
6.437740804614358581e+01
6.495179325340642151e+01
6.555555165011153917e+01
6.618963695928441382e+01
6.685503523356179301e+01
6.755276485511805618e+01
6.828387653577561878e+01
6.904945331691290278e+01
6.985061056953803416e+01
7.068849599419669971e+01
7.156428962113790249e+01
7.247920381005620527e+01
7.343448325038625057e+01
7.443140496101752035e+01
7.547127829056113058e+01
7.655544491713821742e+01
7.768527884849036980e+01
7.886218642196121209e+01
8.008760630446880668e+01
8.136300949253323722e+01
8.268989931225824819e+01
8.406981141941402313e+01
5.705559790806809417e+01
5.706354171370310979e+01
5.708738949276133212e+01
5.712719033161022963e+01
5.718302604088682983e+01
5.725501115553446851e+01
5.734329293472922018e+01
5.744805136191666861e+01
5.756949914475672614e+01
5.770788171525244081e+01
5.786347722962118212e+01
5.803659656833144709e+01
5.822758333612124915e+01
5.843681386201654249e+01
5.866469719927598447e+01
5.891167512544618745e+01
5.917822214226966082e+01
5.946484547586887004e+01
5.977208507650697555e+01
6.010051361875347453e+01
6.045073650152100697e+01
6.082339184780771291e+01
6.121915050502847322e+01
6.163871604479409427e+01
6.208282476298489172e+01
6.255224567976913619e+01
6.304778053949259942e+01
6.357026381088098788e+01
6.412056268685593352e+01
6.469957708457178569e+01
6.530823964550764060e+01
6.594751573537530476e+01
6.661840344413769799e+01
6.732193358604570221e+01
6.805916969958288121e+01
6.883120804750235777e+01
6.963917761684517416e+01
7.048424011890348595e+01
7.136758998918378438e+01
7.229045438746206287e+01
7.325409319791269525e+01
7.425979902877713812e+01
7.530889721264915693e+01
7.640274580640129898e+01
7.754273559114800207e+01
7.873029007225483156e+01
7.996686547934766054e+01
8.125395076633114400e+01
8.259306761137020203e+01
8.398577041686252187e+01
5.665820130574728353e+01
5.666620541626170393e+01
5.669023432715175659e+01
5.673033777645782294e+01
5.678659866098747955e+01
5.685913303618668380e+01
5.694809011625019934e+01
5.705365227406636564e+01
5.717603504125390401e+01
5.731548710808834102e+01
5.747229032359398815e+01
5.764675969550714285e+01
5.783924339022089356e+01
5.805012273289552382e+01
5.827981220738489299e+01
5.852875945621806864e+01
5.879744528067288201e+01
5.908638364068398374e+01
5.939612165495319118e+01
5.972723960083911976e+01
6.008035091443077391e+01
6.045610219054754708e+01
6.085517318268402676e+01
6.127827680304677926e+01
6.172615912253597514e+01
6.219959937080054857e+01
6.269940993616466329e+01
6.322643636566442638e+01
6.378155736504797346e+01
6.436568479879380789e+01
6.497976369000042496e+01
6.562477222062551618e+01
6.630172173117315992e+01
6.701165672098821346e+01
6.775565484799874127e+01
6.853482692895519790e+01
6.935031693924639740e+01
7.020330201299158546e+01
7.109499244296674192e+01
7.202663168079790523e+01
7.299949633665745807e+01
7.401489617948497823e+01
7.507417413695043251e+01
7.617870629540819039e+01
7.732990189990619001e+01
7.852920335427798193e+01
7.977808622095869850e+01
8.107805922109544383e+01
8.243066423467614356e+01
8.383747630027187370e+01
5.632212781221461739e+01
5.633019164735200235e+01
5.635439990556406542e+01
5.639480284515854436e+01
5.645148422998777704e+01
5.652456132941193090e+01
5.661418491840939993e+01
5.672053927742958024e+01
5.684384219244809344e+01
5.698434495504038466e+01
5.714233236230811031e+01
5.731812271686075633e+01
5.751206782685241592e+01
5.772455300603700579e+01
5.795599707362107011e+01
5.820685235441096239e+01
5.847760467873924739e+01
5.876877338246472249e+01
5.908091130699080651e+01
5.941460479926552551e+01
5.977047371178152702e+01
6.014917140255767691e+01
6.055138473519427578e+01
6.097783407874421613e+01
6.142927330789703433e+01
6.190648980279485869e+01
6.241030444921647558e+01
6.294157163839324198e+01
6.350117926711958205e+01
6.409004873778970079e+01
6.470913495823204187e+01
6.535942634193006029e+01
6.604194480781983145e+01
6.675774578038206641e+01
6.750791818969725000e+01
6.829358447133535037e+01
6.911590056641088609e+01
6.997605592161984589e+01
7.087527348914763081e+01
7.181480972672423491e+01
7.279595459764267673e+01
7.382003157074981914e+01
7.488839762037272862e+01
7.600244322643828809e+01
7.716359237439958463e+01
7.837330255520836886e+01
7.963306476538855350e+01
8.094440350699031228e+01
8.230887678770042726e+01
8.372807612060309168e+01
5.598841690203394705e+01
5.599653340380181277e+01
5.602089985773474012e+01
5.606156710944468102e+01
5.611861990171025383e+01
5.619217687436631081e+01
5.628239056439595345e+01
5.638944740583851001e+01
5.651356772984478027e+01
5.665500576471378480e+01
5.681404963580079226e+01
5.699102136557252862e+01
5.718627687355194666e+01
5.740020597650225653e+01
5.763323238813249816e+01
5.788581371931836372e+01
5.815844147810219766e+01
5.845164106949057725e+01
5.876597179567511375e+01
5.910202685597727879e+01
5.946043334675638903e+01
5.984185226150159309e+01
6.024697849083189283e+01
6.067654082238573210e+01
6.113130194098658876e+01
6.161205842855099490e+01
6.211964076405173074e+01
6.265491332357300536e+01
6.321877438034728414e+01
6.381215610464487042e+01
6.443602456388431676e+01
6.509137972259560456e+01
6.577925544234658162e+01
6.650071948192692162e+01
6.725687349703534323e+01
6.804885304064762863e+01
6.887782756281418983e+01
6.974500041058647071e+01
7.065160882823776944e+01
7.159892395706083335e+01
7.258825083545985990e+01
7.362092839900566332e+01
7.469832948032531306e+01
7.582186080910214798e+01
7.699296301222291561e+01
7.821311061359384098e+01
7.948381203425094554e+01
8.080660959234174356e+01
8.218307950308836496e+01
8.361483187884277868e+01
5.556456910557981388e+01
5.557274252779350121e+01
5.559727996794938321e+01
5.563823294683110987e+01
5.569568733223354684e+01
5.576976333927561313e+01
5.586061553005065150e+01
5.596843281392082758e+01
5.609343844731474604e+01
5.623589003389304253e+01
5.639607952443799377e+01
5.657433321683508609e+01
5.677101175616504491e+01
5.698651013464864690e+01
5.722125769162826003e+01
5.747571811364152694e+01
5.775038943436609884e+01
5.804580403460125382e+01
5.836252864230471715e+01
5.870116433259262578e+01
5.906234652773957094e+01
5.944674499714175653e+01
5.985506385739062551e+01
6.028804157216245585e+01
6.074645095232874326e+01
6.123109915590103469e+01
6.174282768804929589e+01
6.228251240106511943e+01
6.285106349439853801e+01
6.344942551467641323e+01
6.407857735568404678e+01
6.473953225827314384e+01
6.543333781050907305e+01
6.616107594761562893e+01
6.692386295193820445e+01
6.772284945298066816e+01
6.855922042736850130e+01
6.943419519894081304e+01
7.034902743863993635e+01
7.130500516457586002e+01
7.230345074196179667e+01
7.334572088324296146e+01
7.443320664793102992e+01
7.556733344274211106e+01
7.674956102149552351e+01
7.798138348526104835e+01
7.926432928210125795e+01
8.059996120736599323e+01
8.198987640345310979e+01
8.343570636001089724e+01
5.521447281769733451e+01
5.522270433925288557e+01
5.524741624111622684e+01
5.528866053485905496e+01
5.534652390650167320e+01
5.542112771640258018e+01
5.551262799935046388e+01
5.562121546449062492e+01
5.574711549545374822e+01
5.589058815015352621e+01
5.605192816095225794e+01
5.623146493460561857e+01
5.642956255228110507e+01
5.664661976948440270e+01
5.688307001620660230e+01
5.713938139672177385e+01
5.741605668978941424e+01
5.771363334856240357e+01
5.803268350051342139e+01
5.837381394756373965e+01
5.873766616604644497e+01
5.912491630663281938e+01
5.953627519444273020e+01
5.997248832897105331e+01
6.043433588410606916e+01
6.092263270812944853e+01
6.143822832371625964e+01
6.198200692793497524e+01
6.255488739228427164e+01
6.315782326258260326e+01
6.379180275913384435e+01
6.445784877656166145e+01
6.515701888393832064e+01
6.589040532469267930e+01
6.665913501666540242e+01
6.746436955210896258e+01
6.830730519765081965e+01
6.918917289427500350e+01
7.011123825745100646e+01
7.107480157697726497e+01
7.208119781706403728e+01
7.313179661630579176e+01
7.422800228774556786e+01
7.537125381870022522e+01
7.656302487104561294e+01
7.780482378091298301e+01
7.909819355890056158e+01
8.044471188998163313e+01
8.184599113352281563e+01
8.330367832332098033e+01
5.485711380012103433e+01
5.486539610249664634e+01
5.489026054079104000e+01
5.493175970813886266e+01
5.498998125986265251e+01
5.506504791343606087e+01
5.515711744839182984e+01
5.526638270648741269e+01
5.539307159152094329e+01
5.553744706942326559e+01
5.569980716831311440e+01
5.588048497842353868e+01
5.607984865204666391e+01
5.629830140369933389e+01
5.653628150993908719e+01
5.679426230949294307e+01
5.707275220323904819e+01
5.737229465411463281e+01
5.769346818728162418e+01
5.803688638992424842e+01
5.840319791143303974e+01
5.879308646329442212e+01
5.920727081912752254e+01
5.964650481464736487e+01
6.011157734775686379e+01
6.060331237847326236e+01
6.112256892890966498e+01
6.167024108327509424e+01
6.224725798802166565e+01
6.285458385164221085e+01
6.349321794472542990e+01
6.416419460012154730e+01
6.486858321266626604e+01
6.560748823942002161e+01
6.638204919948388749e+01
6.719344067416531630e+01
6.804287230688599664e+01
6.893158880314513226e+01
6.986086993061142891e+01
7.083203051908630243e+01
7.184642046047626707e+01
7.290542470883889337e+01
7.401046328029090660e+01
7.516299125322890973e+01
7.636449876804420001e+01
7.761651102718715833e+01
7.892058829549850429e+01
8.027832589969402477e+01
8.169135422871421781e+01
8.316133873366906926e+01
5.440719815566374251e+01
5.441553380659489392e+01
5.444055852379570837e+01
5.448232560030420757e+01
5.454092385784431940e+01
5.461647764686264139e+01
5.470914684652849047e+01
5.481912686467863693e+01
5.494664863785416031e+01
5.509197863130042805e+01
5.525541883894868533e+01
5.543730678347128560e+01
5.563801551618963970e+01
5.585795361712946772e+01
5.609756519505759087e+01
5.635732988738988070e+01
5.663776286026493523e+01
5.693941480854402215e+01
5.726287195573749500e+01
5.760875605411521150e+01
5.797772438455929489e+01
5.837046975672977567e+01
5.878772050895416612e+01
5.923024050828267661e+01
5.969882915043298510e+01
6.019432135980866860e+01
6.071758758957280122e+01
6.126953382155593175e+01
6.185110156625611211e+01
6.246326786293086286e+01
6.310704527948681175e+01
6.378348191253486732e+01
6.449366138746383115e+01
6.523870285820117942e+01
6.601976100754428955e+01
6.683802604688442273e+01
6.769472371632632246e+01
6.859111528470664609e+01
6.952849754955711603e+01
7.050820283707693648e+01
7.153159900219722545e+01
7.260008942850737412e+01
7.371511302838385404e+01
7.487814424272343672e+01
7.609069304138479595e+01
7.735430492267326485e+01
7.867056091374567472e+01
8.004107757038956095e+01
8.146750697713352452e+01
8.295153674719207970e+01
5.404368212487529632e+01
5.405207433723781207e+01
5.407726889146567117e+01
5.411931953886939084e+01
5.417831586504009778e+01
5.425438328972074231e+01
5.434768306689807815e+01
5.445841228482107965e+01
5.458680386590892653e+01
5.473312656680620591e+01
5.489768497843814288e+01
5.508081952588173635e+01
5.528290646845783840e+01
5.550435789971268008e+01
5.574562174743633136e+01
5.600718177358906047e+01
5.628955757437494611e+01
5.659330458027869071e+01
5.691901405589999285e+01
5.726731310011918197e+01
5.763886464606039794e+01
5.803436746101797894e+01
5.845455614654849086e+01
5.890020113837869786e+01
5.937210870651598782e+01
5.987112095515636412e+01
6.039811582272123047e+01
6.095400708183900917e+01
6.153974433943714928e+01
6.215631303655808182e+01
6.280473444848807674e+01
6.348606568481240942e+01
6.420139968924975449e+01
6.495186523974422244e+01
6.573862694855732514e+01
6.656288526206559197e+01
6.742587646093534204e+01
6.832887265998472515e+01
6.927318180832172345e+01
7.026014768923370468e+01
7.129114992027024300e+01
7.236760395316956362e+01
7.349096107384924892e+01
7.466270840255356234e+01
7.588436889366930416e+01
7.715750133582713488e+01
7.848370035186474070e+01
7.986459639886356854e+01
8.130185576816734283e+01
8.279718058525313040e+01
5.366316996688720309e+01
5.367161100330294943e+01
5.369695222137955426e+01
5.373924794756835155e+01
5.379858872596098962e+01
5.387510131823428594e+01
5.396894870368699060e+01
5.408033007931340563e+01
5.420948085974819008e+01
5.435667267711912132e+01
5.452221338135994699e+01
5.470644703987914426e+01
5.490975393785434733e+01
5.513255057795633007e+01
5.537528968056980716e+01
5.563846018370145430e+01
5.592258724297987982e+01
5.622823223165564599e+01
5.655599274056444870e+01
5.690650257829274494e+01
5.728043177093852023e+01
5.767848656227692317e+01
5.810140941370503498e+01
5.854997900426028679e+01
5.902501023058366059e+01
5.952735420697487712e+01
6.005789826535561104e+01
6.061756595526946967e+01
6.120731704386361116e+01
6.182814751598075276e+01
6.248108957404873109e+01
6.316721163808055195e+01
6.388761834582155785e+01
6.464345055258384320e+01
6.543588533131983809e+01
6.626613597258550215e+01
6.713545198458639618e+01
6.804511909319596441e+01
6.899645924185443846e+01
6.999083059166997600e+01
7.102962752132667390e+01
7.211428062728701605e+01
7.324625672337776905e+01
7.442705884136968564e+01
7.565822623037948347e+01
7.694133435734816828e+01
7.827799490672832405e+01
7.966985578072329588e+01
8.111860109902954719e+01
8.262595119905749641e+01
5.318768763949810818e+01
5.319617823485183550e+01
5.322166837185174870e+01
5.326421310335079085e+01
5.332390418400574816e+01
5.340087007040605016e+01
5.349527592103695639e+01
5.360732359624276455e+01
5.373725165820839322e+01
5.388533537108822458e+01
5.405188670082205249e+01
5.423725431531911312e+01
5.444182358427407564e+01
5.466601657935105152e+01
5.491029207403639134e+01
5.517514554374906055e+01
5.546110916571188199e+01
5.576875181909869639e+01
5.609867908494239686e+01
5.645153324615331059e+01
5.682799328751917756e+01
5.722877489568679721e+01
5.765463045925399399e+01
5.810634906862244264e+01
5.858475651608961954e+01
5.909071529588567273e+01
5.962512460404456505e+01
6.018892033855130563e+01
6.078307509921313567e+01
6.140859818778832135e+01
6.206653560782057610e+01
6.275797006485985463e+01
6.348402096614952228e+01
6.424584442101280501e+01
6.504463324056756335e+01
6.588161693777227867e+01
6.675806172753647161e+01
6.767527052661030496e+01
6.863458295362136141e+01
6.963737532907468619e+01
7.068506067542634241e+01
7.177908871695461812e+01
7.292094587973245723e+01
7.411215529189423989e+01
7.535427678335976509e+01
7.664890688588945977e+01
7.799767883317643680e+01
7.940226256080957512e+01
8.086436470620004968e+01
8.238572860872842796e+01
5.281144251526762901e+01
5.281998819087424124e+01
5.284564370957035351e+01
5.288846454715040579e+01
5.294854316321659837e+01
5.302600900132610207e+01
5.312102848867823468e+01
5.323380503651929274e+01
5.336457903990331886e+01
5.351362787760012196e+01
5.368126591240806533e+01
5.386784449087809179e+01
5.407375194344248115e+01
5.429941358434129484e+01
5.454529171175114755e+01
5.481188560760121220e+01
5.509973153768362408e+01
5.540940275170868290e+01
5.574150948319444865e+01
5.609669894948514468e+01
5.647565535182474150e+01
5.687909987526499123e+01
5.730779068872059412e+01
5.776252294496921991e+01
5.824412878061468035e+01
5.875347731612378510e+01
5.929147465582626353e+01
5.985906388785962662e+01
6.045722508426115382e+01
6.108697530091267680e+01
6.174936857748538444e+01
6.244549593756862294e+01
6.317648538857792317e+01
6.394350192173654790e+01
6.474774751219514712e+01
6.559046111892131137e+01
6.647291868469039855e+01
6.739643313621434118e+01
6.836235438393920560e+01
6.937206932225684852e+01
7.042700182940366460e+01
7.152861276740541996e+01
7.267839998217844766e+01
7.387789830348364717e+01
7.512867954490803868e+01
7.643235250395684943e+01
7.779056296188784358e+01
7.920499368389536698e+01
8.067736441894470545e+01
8.220943189993771227e+01
5.240838485744018271e+01
5.241697729378814330e+01
5.244277328417078365e+01
5.248582887271477659e+01
5.254623746629788883e+01
5.262412983453061344e+01
5.271967410975615564e+01
5.283307578706882879e+01
5.296457772433245026e+01
5.311446014210675060e+01
5.328304062377619488e+01
5.347067411538431969e+01
5.367775292578100732e+01
5.390470672653043493e+01
5.415200255196629087e+01
5.442014479911817659e+01
5.470967522784040682e+01
5.502117296064641039e+01
5.535525448287432226e+01
5.571257364253979460e+01
5.609382165046477553e+01
5.649972708016714762e+01
5.693105586795268636e+01
5.738861131280468442e+01
5.787323407654955076e+01
5.838580218367279429e+01
5.892723102146625536e+01
5.949847333991765197e+01
6.010051925180265187e+01
6.073439623261121056e+01
6.140116912058439169e+01
6.210194011675119441e+01
6.283784878479970359e+01
6.361007205125192598e+01
6.441982420532578146e+01
6.526835689897190207e+01
6.615695914697481328e+01
6.708695732675059276e+01
6.805971517850316843e+01
6.907663380522444641e+01
7.013915167259300176e+01
7.124874460909373397e+01
7.240692580590743432e+01
7.361524581692924585e+01
7.487529255887898216e+01
7.618869131117239135e+01
7.755710471604992051e+01
7.898223277835595013e+01
8.046581286577793435e+01
8.200961970875448515e+01
5.190795979811810668e+01
5.191659774864884724e+01
5.194253053331318881e+01
5.198581495129065644e+01
5.204654566788661896e+01
5.212485521462426163e+01
5.222091398902379211e+01
5.233493025487845074e+01
5.246715014196009719e+01
5.261785764631361673e+01
5.278737463001772312e+01
5.297606082131373739e+01
5.318431381458722740e+01
5.341256907034958346e+01
5.366129991523799703e+01
5.393101754199711451e+01
5.422227100955259260e+01
5.453564724290070842e+01
5.487177103321877070e+01
5.523130503780991063e+01
5.561494978008469303e+01
5.602344364957948386e+01
5.645756290199329186e+01
5.691812165915096244e+01
5.740597190896633606e+01
5.792200350557109800e+01
5.846714416907554579e+01
5.904235948589981575e+01
5.964865290849785850e+01
6.028706575546785729e+01
6.095867721149700458e+01
6.166460432749033771e+01
6.240600202044191036e+01
6.318406307346239004e+01
6.400001813579747534e+01
6.485513572283711881e+01
6.575072221608783707e+01
6.668812186323722813e+01
6.766871677801589158e+01
6.869392694033543023e+01
6.976521019624252062e+01
7.088406225790042470e+01
7.205201670367185329e+01
7.327064497787971220e+01
7.454155639117516330e+01
7.586639812020636953e+01
7.724685520780252546e+01
7.868465056293706539e+01
8.018154496072763493e+01
8.173933704227050612e+01
5.151976642220014213e+01
5.152845799377674751e+01
5.155455177000317235e+01
5.159810493551646005e+01
5.165921279792847542e+01
5.173800878797310787e+01
5.183466445945106926e+01
5.194938948919310917e+01
5.208243167707838950e+01
5.223407694614491703e+01
5.240464934236869254e+01
5.259451103486617995e+01
5.280406231580224130e+01
5.303374160039017937e+01
5.328402542689170929e+01
5.355542845669059204e+01
5.384850347418219485e+01
5.416384138682872162e+01
5.450207122515919878e+01
5.486386014280628132e+01
5.524991341641425180e+01
5.566097444569420816e+01
5.609782475342408503e+01
5.656128398548544567e+01
5.705220991077145953e+01
5.757149842122373684e+01
5.812008353192432253e+01
5.869893738096687485e+01
5.930907022949347152e+01
5.995153046174982592e+01
6.062740458499328611e+01
6.133781722962161354e+01
6.208393114897978649e+01
6.286694721960843424e+01
6.368810444103218771e+01
6.454867993580572261e+01
6.544998894965172553e+01
6.639338485125853140e+01
6.738025913242726972e+01
6.841204140800751077e+01
6.949019941593405747e+01
7.061623901716254181e+01
7.179170419567859085e+01
7.301817705870030295e+01
7.429727783631015825e+01
7.563066488178630209e+01
7.702003467138166570e+01
7.846712180443445561e+01
7.997369900342324911e+01
8.154157711378307738e+01
5.109488684546837334e+01
5.110362297101588069e+01
5.112985059646450736e+01
5.117362746814055896e+01
5.123504983001934932e+01
5.131425242354117700e+01
5.141140848785057926e+01
5.152672975952025780e+01
5.166046647280874993e+01
5.181290735945798076e+01
5.198437964887727958e+01
5.217524906797778783e+01
5.238591984122763989e+01
5.261683469072558239e+01
5.286847483610895893e+01
5.314135999459053039e+01
5.343604838097683540e+01
5.375313670757624607e+01
5.409326018434612138e+01
5.445709251878242441e+01
5.484534591595652842e+01
5.525877107851520265e+01
5.569815720664383463e+01
5.616433199815838861e+01
5.665816164841346847e+01
5.718055085032065676e+01
5.773244279436693915e+01
5.831481916866992066e+01
5.892870015881219103e+01
5.957514444804377263e+01
6.025524921715325632e+01
6.097015014444945535e+01
6.172102140589939268e+01
6.250907567500868112e+01
6.333556412281235026e+01
6.420177641795761758e+01
6.510904072669472953e+01
6.605872371275729904e+01
6.705223053755558738e+01
6.809100485996481211e+01
6.917652883647242845e+01
7.031032312121489269e+01
7.149394686575685398e+01
7.272899771938557478e+01
7.401711182881651041e+01
7.535996383845092339e+01
7.675926689021028437e+01
7.821677262351785487e+01
7.973427117555633004e+01
8.131359118086297144e+01
5.057026770996240828e+01
5.057904501299671551e+01
5.060539643298078261e+01
5.064938050266844272e+01
5.071109477663101472e+01
5.079067583125730323e+01
5.088829926473520260e+01
5.100417969716210820e+01
5.113857077041608790e+01
5.129176514817429933e+01
5.146409451596819196e+01
5.165592958116509692e+01
5.186768007293144223e+01
5.209979474228794771e+01
5.235276136207279762e+01
5.262710672694169745e+01
5.292339665338621302e+01
5.324223597975220912e+01
5.358426856616624434e+01
5.395017729457235589e+01
5.434068406880566471e+01
5.475654981448199976e+01
5.519857447905305747e+01
5.566759703182484031e+01
5.616449546384721714e+01
5.669018678807955780e+01
5.724562703929872498e+01
5.783181127409905997e+01
5.844977357087400094e+01
5.910058702985286061e+01
5.978536377313764660e+01
6.050525494459266440e+01
6.126145070997329611e+01
6.205518025679721461e+01
6.288771179446397497e+01
6.376035255417222913e+01
6.467444878895652494e+01
6.563138577365046444e+01
6.663258780495118572e+01
6.767951820139167296e+01
6.877367930326721535e+01
6.991661247280100611e+01
7.110989809394168049e+01
7.235515557251062546e+01
7.365404333618346300e+01
7.500825883439813424e+01
7.641953853848363565e+01
7.788965794154968592e+01
7.942043155856028136e+01
8.101371292629690402e+01
