{
  "Forecast name": "DESI",
  "Edges of redshift bins": [
    0.3,
    0.47,
    0.6399999999999999,
    0.81,
    0.98,
    1.15,
    1.32,
    1.49
  ],
  "Centers of redshift bins": [
    0.385,
    0.5549999999999999,
    0.725,
    0.895,
    1.065,
    1.2349999999999999,
    1.405
  ],
  "Linear Eulerian bias in each bin": [
    1.7023071428571428,
    1.8368049999999998,
    1.9974500000000002,
    2.1158833333333336,
    1.1537256756756755,
    1.2946418918918918,
    1.70545
  ],
  "Number density in each bin": [
    0.0003202380952380952,
    0.00035,
    0.00035,
    0.00035,
    0.00015,
    0.00015,
    0.001325
  ],
  "fsky": 0.25,
  "CLASS default parameters": {
    "output": "tCl lCl mPk",
    "l_max_scalars": 2000,
    "lensing": "yes",
    "non linear": "halofit",
    "A_s": 2.10732e-09,
    "n_s": 0.96824,
    "alpha_s": 0.0,
    "h": 0.677,
    "N_ur": 1.0196,
    "N_ncdm": 2,
    "m_ncdm": "0.01,0.05",
    "tau_reio": 0.0568,
    "omega_b": 0.02247,
    "omega_cdm": 0.11923,
    "Omega_k": 0.0,
    "P_k_max_h/Mpc": 2.0,
    "z_pk": "0.0,6"
  }
}