-1.682763633457134711e+04
-1.682732462556939208e+04
-1.682639508041782756e+04
-1.682486449591706696e+04
-1.682276103750620314e+04
-1.682012449542644026e+04
-1.681700664334483736e+04
-1.681347169944414782e+04
-1.680959688997696503e+04
-1.680547311528382852e+04
-1.680120571827648018e+04
-1.679691535538365861e+04
-1.679273896996161056e+04
-1.678883086817375442e+04
-1.678536389732527823e+04
-1.678253072667266315e+04
-1.678054523068656636e+04
-1.677964397479083709e+04
-1.678008780355497220e+04
-1.678216353135987811e+04
-1.678618573552026646e+04
-1.679249865187709656e+04
-1.680147817285153360e+04
-1.681353394796595239e+04
-1.682911158682427413e+04
-1.684869496456043998e+04
-1.687280862975440323e+04
-1.690202031480213191e+04
-1.693694354876197394e+04
-1.697824037265695733e+04
-1.702662415724401581e+04
-1.708286252324987800e+04
-1.714778036406818865e+04
-1.722226297092077948e+04
-1.730725926048727342e+04
-1.740378510499332697e+04
-1.751292676476849010e+04
-1.763584442326458520e+04
-1.777377582454128424e+04
-1.792804001321355463e+04
-1.810004117686520840e+04
-1.829127259092585882e+04
-1.850332066601308907e+04
-1.873786909773758453e+04
-1.899670311897453939e+04
-1.928171385459740122e+04
-1.959490277867708573e+04
-1.993838627414590883e+04
-2.031440029492426038e+04
-2.072530513051372691e+04
-1.699979227274516234e+04
-1.699947598729162564e+04
-1.699853280137907132e+04
-1.699697977828215153e+04
-1.699484552987724965e+04
-1.699217047628117143e+04
-1.698900720933030971e+04
-1.698542095992696341e+04
-1.698149016922569717e+04
-1.697730716368324283e+04
-1.697297893395367282e+04
-1.696862801764394317e+04
-1.696439348591578164e+04
-1.696043203394517695e+04
-1.695691917523426673e+04
-1.695405053977365606e+04
-1.695204327606357037e+04
-1.695113755698114983e+04
-1.695159818950663612e+04
-1.695371632829979717e+04
-1.695781129313090787e+04
-1.696423249016175396e+04
-1.697336143708651798e+04
-1.698561389211658025e+04
-1.700144208682784665e+04
-1.702133706285463995e+04
-1.704583111243897656e+04
-1.707550032283369364e+04
-1.711096722455686540e+04
-1.715290354350235430e+04
-1.720203305689979607e+04
-1.725913455313113082e+04
-1.732504489539827046e+04
-1.740066218924447458e+04
-1.748694905392810324e+04
-1.758493599765160980e+04
-1.769572489664237219e+04
-1.782049257808538096e+04
-1.796049450691173115e+04
-1.811706857643773037e+04
-1.829163900286063290e+04
-1.848572032360215235e+04
-1.870092149951073952e+04
-1.893895012091392346e+04
-1.920161671752361144e+04
-1.949083917219657087e+04
-1.980864723854618569e+04
-2.015718716240822687e+04
-2.053872640715980742e+04
-2.095565848289081987e+04
-1.717440385248169696e+04
-1.717408278234801401e+04
-1.717312533165501009e+04
-1.717154883217741371e+04
-1.716938234570198256e+04
-1.716666692727408008e+04
-1.716345599374101221e+04
-1.715981579759150191e+04
-1.715582600609778092e+04
-1.715158038575136015e+04
-1.714718759199855413e+04
-1.714277206427624333e+04
-1.713847502634140619e+04
-1.713445559190096174e+04
-1.713089197554110433e+04
-1.712798280895320204e+04
-1.712594856245657138e+04
-1.712503307182217395e+04
-1.712550517039139231e+04
-1.712766042649575684e+04
-1.713182298617237029e+04
-1.713834752117892276e+04
-1.714762128230654707e+04
-1.716006625798971072e+04
-1.717614143821549078e+04
-1.719634518373000537e+04
-1.722121770054435910e+04
-1.725134361973530758e+04
-1.728735468255000160e+04
-1.732993253080141221e+04
-1.737981160256800649e+04
-1.743778213318819326e+04
-1.750469326155274757e+04
-1.758145624169892835e+04
-1.766904775969739785e+04
-1.776851335584175104e+04
-1.788097095213279317e+04
-1.800761448506256784e+04
-1.814971764369734956e+04
-1.830863771305724367e+04
-1.848581952279267352e+04
-1.868279950116297914e+04
-1.890120983430869455e+04
-1.914278273082463784e+04
-1.940935479163044147e+04
-1.970287148513871216e+04
-2.002539172772144957e+04
-2.037909256947491303e+04
-2.076627398528230333e+04
-2.118936377117457596e+04
-1.735150572582005407e+04
-1.735117965070285572e+04
-1.735020727496071049e+04
-1.734860620081866728e+04
-1.734640594332100591e+04
-1.734364819733205150e+04
-1.734038721133580111e+04
-1.733669026804264286e+04
-1.733263827178743668e+04
-1.732832644273578990e+04
-1.732386511789004726e+04
-1.731938065888693382e+04
-1.731501646661127597e+04
-1.731093410259445227e+04
-1.730731451722623751e+04
-1.730435938475637522e+04
-1.730229254510621104e+04
-1.730136155247354691e+04
-1.730183933074264860e+04
-1.730402593569149030e+04
-1.730825042400338134e+04
-1.731487282907385816e+04
-1.732428624362436676e+04
-1.733691900911140328e+04
-1.735323701193783199e+04
-1.737374608646580600e+04
-1.739899452482999914e+04
-1.742957569354861698e+04
-1.746613075693870269e+04
-1.750935150732987313e+04
-1.755998330207930485e+04
-1.761882810738712578e+04
-1.768674764891177256e+04
-1.776466666918616465e+04
-1.785357629183574682e+04
-1.795453749259394317e+04
-1.806868467712260099e+04
-1.819722936562904215e+04
-1.834146398428453176e+04
-1.850276576344576097e+04
-1.868260074267306845e+04
-1.888252788255178530e+04
-1.910420328331380733e+04
-1.934938451025930408e+04
-1.961993502597820407e+04
-1.991782872937335196e+04
-2.024515460148484999e+04
-2.060412145811200389e+04
-2.099706280923935628e+04
-2.142644182526097939e+04
-1.753102086772166876e+04
-1.753068997278559982e+04
-1.752970322651621245e+04
-1.752807849870737846e+04
-1.752584575294140086e+04
-1.752304731747593905e+04
-1.751973826448707041e+04
-1.751598689766745520e+04
-1.751187534817862979e+04
-1.750750027896179745e+04
-1.750297369739585702e+04
-1.749842387632235841e+04
-1.749399638341425452e+04
-1.748985521890536256e+04
-1.748618406167517605e+04
-1.748318762368756870e+04
-1.748109311278258974e+04
-1.748015180382902690e+04
-1.748064071822429833e+04
-1.748286441175844811e+04
-1.748715687082210934e+04
-1.749388351698348561e+04
-1.750344331990660066e+04
-1.751627101863445932e+04
-1.753283945122155274e+04
-1.755366199272526865e+04
-1.757929510155002936e+04
-1.761034097414760254e+04
-1.764745030807147123e+04
-1.769132517338869729e+04
-1.774272199244399962e+04
-1.780245462797916844e+04
-1.787139757961102805e+04
-1.795048928866014830e+04
-1.804073555133810441e+04
-1.814321304028700251e+04
-1.825907293447551274e+04
-1.838954465745022753e+04
-1.853593972394254524e+04
-1.869965569482839055e+04
-1.888218024044614867e+04
-1.908509531226666877e+04
-1.931008142292081902e+04
-1.955892203458042422e+04
-1.983350805569613658e+04
-2.013584244608760491e+04
-2.046804493039163208e+04
-2.083235681986454438e+04
-2.123114594253793985e+04
-2.166691168173239566e+04
-1.771320788051904310e+04
-1.771287151133834413e+04
-1.771186843344297449e+04
-1.771021679076071814e+04
-1.770794700646345882e+04
-1.770510205790599503e+04
-1.770173786154071058e+04
-1.769792376780647101e+04
-1.769374316599435770e+04
-1.768929419908824275e+04
-1.768469058858069548e+04
-1.768006256926503920e+04
-1.767555793400191396e+04
-1.767134318846263704e+04
-1.766760481584620720e+04
-1.766455065157427089e+04
-1.766241136795912098e+04
-1.766144206884855885e+04
-1.766192399424609903e+04
-1.766416633490641834e+04
-1.766850815690620220e+04
-1.767532043619090473e+04
-1.768500820309661503e+04
-1.769801279684756446e+04
-1.771481423002899464e+04
-1.773593366303575385e+04
-1.776193598849618502e+04
-1.779343252567153104e+04
-1.783108382483077730e+04
-1.787560258160123703e+04
-1.792775666129418823e+04
-1.798837223320676640e+04
-1.805833701489779924e+04
-1.813860362644137422e+04
-1.823019305465378056e+04
-1.833419822729728548e+04
-1.845178769725879465e+04
-1.858420943670406632e+04
-1.873279474120764280e+04
-1.889896224385792084e+04
-1.908422203933824494e+04
-1.929017991798280855e+04
-1.951854170980844356e+04
-1.977111773852211627e+04
-2.004982738550310023e+04
-2.035670376376179047e+04
-2.069389850187286356e+04
-2.106368663788460253e+04
-2.146847162320376447e+04
-2.191079043645534693e+04
-1.789779014678728709e+04
-1.789744879373934600e+04
-1.789643085310118477e+04
-1.789475473621278070e+04
-1.789245131471565401e+04
-1.788956419966532849e+04
-1.788615013228900716e+04
-1.788227948638806993e+04
-1.787803688238531322e+04
-1.787352191301747371e+04
-1.786884998067311244e+04
-1.786415324637458616e+04
-1.785958169040575012e+04
-1.785530428458448296e+04
-1.785151027618008811e+04
-1.784841058347576472e+04
-1.784623930297602783e+04
-1.784525532825925620e+04
-1.784574408047520774e+04
-1.784801935048721134e+04
-1.785242525265998120e+04
-1.785933829029183471e+04
-1.786916953269221995e+04
-1.788236690390410877e+04
-1.789941758307152850e+04
-1.792085051645199928e+04
-1.794723904107388444e+04
-1.797920362003897026e+04
-1.801741468946974055e+04
-1.806259561710200069e+04
-1.811552577252213086e+04
-1.817704370904952521e+04
-1.824805045726440585e+04
-1.832951293017949502e+04
-1.842246744005821529e+04
-1.852802332687663875e+04
-1.864736669843096024e+04
-1.878176428209021833e+04
-1.893256738819332531e+04
-1.910121598509169417e+04
-1.928924288583646194e+04
-1.949827804651124461e+04
-1.973005297620907004e+04
-1.998640525865530435e+04
-2.026928318547455274e+04
-2.058075050110332450e+04
-2.092299125934766198e+04
-2.129831479158477305e+04
-2.170916078661123902e+04
-2.215810448213496784e+04
-1.808466312932824803e+04
-1.808431775148450834e+04
-1.808328782108625819e+04
-1.808159200421446076e+04
-1.807926159994406771e+04
-1.807634082375367871e+04
-1.807288720429926980e+04
-1.806897209355206724e+04
-1.806468129029961710e+04
-1.806011577701216811e+04
-1.805539257007110064e+04
-1.805064568336305820e+04
-1.804602720523683092e+04
-1.804170848882475548e+04
-1.803788145572773283e+04
-1.803476001306427497e+04
-1.803258158388360243e+04
-1.803160875094253061e+04
-1.803213101384602487e+04
-1.803446665955249773e+04
-1.803896474624182520e+04
-1.804600720054863268e+04
-1.805601102815830382e+04
-1.806943063776761119e+04
-1.808676027840924871e+04
-1.810853659013982906e+04
-1.813534126809230293e+04
-1.816780383989214897e+04
-1.820660455643733076e+04
-1.825247739604225353e+04
-1.830621318194617561e+04
-1.836866281318402253e+04
-1.844074060882332560e+04
-1.852342776556323224e+04
-1.861777592869829095e+04
-1.872491087644593426e+04
-1.884603631763814701e+04
-1.898243780277667975e+04
-1.913548674845232745e+04
-1.930664457512859008e+04
-1.949746695828813245e+04
-1.970960819294456815e+04
-1.994482567151710464e+04
-2.020498447506943194e+04
-2.049206207791300767e+04
-2.080815316557336700e+04
-2.115547456612100723e+04
-2.153637029486642132e+04
-2.195331671241781078e+04
-2.240892779610451180e+04
-1.827408116726099979e+04
-1.827373207036334861e+04
-1.827269106830909004e+04
-1.827097708455350221e+04
-1.826862184998440716e+04
-1.826567019061602332e+04
-1.826218043036058953e+04
-1.825822490887673121e+04
-1.825389061449624933e+04
-1.824927993222788791e+04
-1.824451150683884771e+04
-1.823972122101343120e+04
-1.823506328858974302e+04
-1.823071146287395095e+04
-1.822686036003121626e+04
-1.822372689755512329e+04
-1.822155184781425851e+04
-1.822060150667611015e+04
-1.822116947720891767e+04
-1.822357856846061986e+04
-1.822818280931543632e+04
-1.823536957742840241e+04
-1.824556184323681737e+04
-1.825922052904935117e+04
-1.827684698321314863e+04
-1.829898556935795568e+04
-1.832622637071775171e+04
-1.835920800953033904e+04
-1.839862058151408201e+04
-1.844520870542225020e+04
-1.849977468767471873e+04
-1.856318180206811667e+04
-1.863635768456175356e+04
-1.872029784314288918e+04
-1.881606928276835606e+04
-1.892481424538408464e+04
-1.904775406502229089e+04
-1.918619313797602081e+04
-1.934152300805085906e+04
-1.951522656689512587e+04
-1.970888236940679053e+04
-1.992416906421773092e+04
-2.016286993925660863e+04
-2.042687758238789684e+04
-2.071819865712962201e+04
-2.103895879344782588e+04
-2.139140759362885001e+04
-2.177792375322941734e+04
-2.220102029710345960e+04
-2.266334993050749836e+04
-1.846674740375187321e+04
-1.846639295547215443e+04
-1.846533599943676381e+04
-1.846359576038244995e+04
-1.846120447395536758e+04
-1.845820767833669379e+04
-1.845466462252146812e+04
-1.845064879124570507e+04
-1.844624854656540992e+04
-1.844156788608610077e+04
-1.843672731784307325e+04
-1.843186485183219702e+04
-1.842713710819116750e+04
-1.842272054203215521e+04
-1.841881278492450656e+04
-1.841563410302839111e+04
-1.841342897187900599e+04
-1.841246776782155939e+04
-1.841304857609721512e+04
-1.841549911557905943e+04
-1.842017878015937094e+04
-1.842748079678721479e+04
-1.843783450015717244e+04
-1.845170772404796298e+04
-1.846960930931261464e+04
-1.849209172851882249e+04
-1.851975382724024894e+04
-1.855324368199788296e+04
-1.859326157485345902e+04
-1.864056308465191978e+04
-1.869596229491569466e+04
-1.876033511838910272e+04
-1.883462273823408759e+04
-1.891983516587570557e+04
-1.901705491549897124e+04
-1.912744079519646402e+04
-1.925223181476598620e+04
-1.939275121015962577e+04
-1.955041058458306361e+04
-1.972671416624548147e+04
-1.992326318276092206e+04
-2.014176035219911137e+04
-2.038401449078822407e+04
-2.065194523726732587e+04
-2.094758789389016238e+04
-2.127309838407937423e+04
-2.163075832673141849e+04
-2.202298022717202548e+04
-2.245231278476296575e+04
-2.292144631715844298e+04
-1.866300587172037922e+04
-1.866264357919140093e+04
-1.866156321069551268e+04
-1.865978435252395866e+04
-1.865733984522863830e+04
-1.865427607872058070e+04
-1.865065340540745092e+04
-1.864654667137212891e+04
-1.864204586558937808e+04
-1.863725688718294259e+04
-1.863230243072098892e+04
-1.862732298955263104e+04
-1.862247797718264337e+04
-1.861794696668584220e+04
-1.861393104816176492e+04
-1.861065430422784993e+04
-1.860836540355290344e+04
-1.860733931242931794e+04
-1.860787912438517742e+04
-1.861031800783628569e+04
-1.861502127177661532e+04
-1.862238854950934910e+04
-1.863285610041653490e+04
-1.864689922976889648e+04
-1.866503482657466520e+04
-1.868782401946810933e+04
-1.871587495063774622e+04
-1.874984566779341185e+04
-1.879044713417342427e+04
-1.883844635659112828e+04
-1.889466963152109383e+04
-1.896000590922381889e+04
-1.903541027591107922e+04
-1.912190755395060842e+04
-1.922059602010959497e+04
-1.933265124183807347e+04
-1.945933003159206055e+04
-1.960197451919584273e+04
-1.976201634224373265e+04
-1.994098095454140275e+04
-2.014049205258676739e+04
-2.036227612009062068e+04
-2.060816709053569139e+04
-2.088011112777679955e+04
-2.118017152467910273e+04
-2.151053371979653093e+04
-2.187351043208948613e+04
-2.227154691368243948e+04
-2.270722632065999642e+04
-2.318327520190397991e+04
-1.886183147301165445e+04
-1.886146154145800756e+04
-1.886035837289485062e+04
-1.885854190538903276e+04
-1.885604556829818466e+04
-1.885291658114048550e+04
-1.884921637201160411e+04
-1.884502111554996372e+04
-1.884042239044959206e+04
-1.883552795652060377e+04
-1.883046265129790117e+04
-1.882536940619709276e+04
-1.882041038221880444e+04
-1.881576822520036876e+04
-1.881164744061533929e+04
-1.880827588792110328e+04
-1.880590639445385023e+04
-1.880481848887188971e+04
-1.880532025414583768e+04
-1.880775030009790498e+04
-1.881247985548765064e+04
-1.881991497964651717e+04
-1.883049889365951822e+04
-1.884471443109526081e+04
-1.886308660828319626e+04
-1.888618531413892561e+04
-1.891462811953765777e+04
-1.894908320623497275e+04
-1.899027241533509005e+04
-1.903897441530783180e+04
-1.909602798955273465e+04
-1.916233544351144519e+04
-1.923886613132690400e+04
-1.932666010205155544e+04
-1.942683186540267343e+04
-1.954057427706547605e+04
-1.966916254354423290e+04
-1.981395834656111401e+04
-1.997641408700272586e+04
-2.015807724841468371e+04
-2.036059488004348896e+04
-2.058571819942701404e+04
-2.083530731453175758e+04
-2.111133606543877613e+04
-2.141589698557683005e+04
-2.175120638250384945e+04
-2.211960953823538512e+04
-2.252358602912190327e+04
-2.296575516527289437e+04
-2.344888154952949481e+04
-1.906194224404331908e+04
-1.906156808533557341e+04
-1.906045232204268905e+04
-1.905861515341489576e+04
-1.905609044739567980e+04
-1.905292604441144067e+04
-1.904918418267788365e+04
-1.904494204502135472e+04
-1.904029242721658375e+04
-1.903534452784054156e+04
-1.903022485964193402e+04
-1.902507828242684991e+04
-1.902006915746004597e+04
-1.901538262338265849e+04
-1.901122599364538837e+04
-1.900783027545815639e+04
-1.900545181025498096e+04
-1.900437403567558431e+04
-1.900490936906249408e+04
-1.900740121247397838e+04
-1.901222607921353483e+04
-1.901979584187444925e+04
-1.903056010190122470e+04
-1.904500868066632393e+04
-1.906367423206290914e+04
-1.908713497661399379e+04
-1.911601755709688950e+04
-1.915100001568422522e+04
-1.919281489260056333e+04
-1.924225244629475492e+04
-1.930016399512881617e+04
-1.936746538058231090e+04
-1.944514055197290872e+04
-1.953424527269268583e+04
-1.963591094796059770e+04
-1.975134857409071992e+04
-1.988185280927653002e+04
-2.002880616589126657e+04
-2.019368332430362716e+04
-2.037805556821041318e+04
-2.058359534148435341e+04
-2.081208092653805215e+04
-2.106540124420401116e+04
-2.134556077513049240e+04
-2.165468460269336356e+04
-2.199502357742396271e+04
-2.236895960295290206e+04
-2.277901104346927968e+04
-2.322783825269714725e+04
-2.371824922438619978e+04
-1.926368568472210245e+04
-1.926330982110269542e+04
-1.926218900931761891e+04
-1.926034364848172117e+04
-1.925780794343721573e+04
-1.925463021422988095e+04
-1.925087332937504107e+04
-1.924661526291490009e+04
-1.924194977526592993e+04
-1.923698721785639646e+04
-1.923185546155456905e+04
-1.922670094888769017e+04
-1.922168987005045346e+04
-1.921700946270496206e+04
-1.921286943557059567e+04
-1.920950351580372444e+04
-1.920717112016949250e+04
-1.920615915000197856e+04
-1.920678390995658265e+04
-1.920939315055148472e+04
-1.921436823450040538e+04
-1.922212642683556987e+04
-1.923312330882057722e+04
-1.924785531565477140e+04
-1.926686239796670998e+04
-1.929073080709932401e+04
-1.932009600418468472e+04
-1.935564569300916264e+04
-1.939812297666992527e+04
-1.944832963802088852e+04
-1.950712954390906816e+04
-1.957545217320249139e+04
-1.965429626860708595e+04
-1.974473361227497298e+04
-1.984791292520295247e+04
-1.996506389042106457e+04
-2.009750129997228578e+04
-2.024662932568176984e+04
-2.041394591371741262e+04
-2.060104730293994726e+04
-2.080963266704421039e+04
-2.104150888049048808e+04
-2.129859540822643612e+04
-2.158292931919906187e+04
-2.189667042365770612e+04
-2.224210653424683187e+04
-2.262165885089012954e+04
-2.303788746946361061e+04
-2.349349701426072716e+04
-2.399134239424689076e+04
-1.946854981402047997e+04
-1.946817112433192960e+04
-1.946704191477565109e+04
-1.946518282682117933e+04
-1.946262847272356885e+04
-1.945942775023368449e+04
-1.945564428319075887e+04
-1.945135698799939928e+04
-1.944666076599038206e+04
-1.944166732166504880e+04
-1.943650610682389379e+04
-1.943132539057791655e+04
-1.942629345524516975e+04
-1.942159991812955559e+04
-1.941745717918469018e+04
-1.941410199456071859e+04
-1.941179717603509198e+04
-1.941083341632743395e+04
-1.941153124029758328e+04
-1.941424308202807515e+04
-1.941935548778969314e+04
-1.942729144489124155e+04
-1.943851283641326881e+04
-1.945352302182478161e+04
-1.947286954348469226e+04
-1.949714695902591484e+04
-1.952699979962443103e+04
-1.956312565415156496e+04
-1.960627837920944148e+04
-1.965727143505135609e+04
-1.971698134738500084e+04
-1.978635129505986697e+04
-1.986639482363847492e+04
-1.995819968485096979e+04
-2.006293180193384615e+04
-2.018183936085240930e+04
-2.031625702740693305e+04
-2.046761029022229923e+04
-2.063741992962203585e+04
-2.082730661238556786e+04
-2.103899561238942988e+04
-2.127432165713238282e+04
-2.153523390014388497e+04
-2.182380101927684518e+04
-2.214221644088381800e+04
-2.249280368987696056e+04
-2.287802186567211538e+04
-2.330047124401594192e+04
-2.376289900469754866e+04
-2.426820508514360699e+04
-1.967736661573819583e+04
-1.967698212124703787e+04
-1.967583560863889579e+04
-1.967394805429623375e+04
-1.967135463147981500e+04
-1.966810502926292247e+04
-1.966426389904011739e+04
-1.965991142860930995e+04
-1.965514404382782232e+04
-1.965007523784259320e+04
-1.964483652789358894e+04
-1.963957853969158896e+04
-1.963447221936993446e+04
-1.962971017300912717e+04
-1.962550813373661731e+04
-1.962210655639948527e+04
-1.961977233981113750e+04
-1.961880067657216568e+04
-1.961951703046458715e+04
-1.962227924142034681e+04
-1.962747975806341492e+04
-1.963554799782570990e+04
-1.964695283463687520e+04
-1.966220521418809949e+04
-1.968186089676946722e+04
-1.970652332768141787e+04
-1.973684663521966286e+04
-1.977353875623434578e+04
-1.981736468926320958e+04
-1.986914987523751552e+04
-1.992978370576334419e+04
-2.000022315897527005e+04
-2.008149656296506873e+04
-2.017470748678354721e+04
-2.028103875901628271e+04
-2.040175661393352129e+04
-2.053821496521353038e+04
-2.069185980724011461e+04
-2.086423374397375301e+04
-2.105698064539662300e+04
-2.127185043153151128e+04
-2.151070398403457511e+04
-2.177551818536187420e+04
-2.206839108550969104e+04
-2.239154719632875640e+04
-2.274734291341243443e+04
-2.313827206555849989e+04
-2.356697159180503513e+04
-2.403622734603978097e+04
-2.454898002918373459e+04
-1.988989119903917526e+04
-1.988949949129463494e+04
-1.988833146279714128e+04
-1.988640846232751937e+04
-1.988376628642869764e+04
-1.988045550226725391e+04
-1.987654189964002217e+04
-1.987210707212601119e+04
-1.986724912738204148e+04
-1.986208352658411604e+04
-1.985674405301259321e+04
-1.985138390978334064e+04
-1.984617694672217112e+04
-1.984131901638562340e+04
-1.983702945922502840e+04
-1.983355271789641483e+04
-1.983116008071455508e+04
-1.983015155425213743e+04
-1.983085786508338060e+04
-1.983364259067286548e+04
-1.983890441940829260e+04
-1.984707953977928264e+04
-1.985864415869945151e+04
-1.987411714897433558e+04
-1.989406282591403942e+04
-1.991909385308968194e+04
-1.994987427723578367e+04
-1.998712269229653975e+04
-2.003161553261731024e+04
-2.008419049528107280e+04
-2.014575009158867033e+04
-2.021726532768516336e+04
-2.029977951432953705e+04
-2.039441220581045127e+04
-2.050236326800625829e+04
-2.062491707558892085e+04
-2.076344683837418415e+04
-2.091941905681559365e+04
-2.109439810664355900e+04
-2.129005095264865668e+04
-2.150815199161077180e+04
-2.175058802437184931e+04
-2.201936335705415331e+04
-2.231660503142293601e+04
-2.264456818439409471e+04
-2.300564153668630024e+04
-2.340235301061810242e+04
-2.383737547704996177e+04
-2.431353263147039615e+04
-2.483380499922780655e+04
-2.010593129470958593e+04
-2.010553265016818477e+04
-2.010434392815152023e+04
-2.010238682892664292e+04
-2.009969773774976420e+04
-2.009632805208442005e+04
-2.009234463970549041e+04
-2.008783042769116946e+04
-2.008288512230105334e+04
-2.007762605974191320e+04
-2.007218918782028413e+04
-2.006673017848169548e+04
-2.006142567123740446e+04
-2.005647464747803679e+04
-2.005209993567371930e+04
-2.004854984746213813e+04
-2.004609994462256873e+04
-2.004505493693790413e+04
-2.004575071094286977e+04
-2.004855648955947981e+04
-2.005387712262016794e+04
-2.006215550827642437e+04
-2.007387514529636246e+04
-2.008956281624755138e+04
-2.010979140156775975e+04
-2.013518282452281710e+04
-2.016641112705084379e+04
-2.020420567649377335e+04
-2.024935450321624012e+04
-2.030270776911102439e+04
-2.036518136699147726e+04
-2.043776065087146708e+04
-2.052150429713157791e+04
-2.061754829657267328e+04
-2.072711007735705789e+04
-2.085149275883545852e+04
-2.099208953626192670e+04
-2.115038819639530266e+04
-2.132797576398797901e+04
-2.152654327916147304e+04
-2.174789070566869850e+04
-2.199393197004416288e+04
-2.226670013164022384e+04
-2.256835268355058361e+04
-2.290117698442132314e+04
-2.326759582114819568e+04
-2.367017310246132911e+04
-2.411161968339707528e+04
-2.459479932065622779e+04
-2.512273475885000880e+04
-2.032507745520810204e+04
-2.032467243265161596e+04
-2.032346468561645088e+04
-2.032147624241022640e+04
-2.031874403822773093e+04
-2.031532024717379682e+04
-2.031127274709569974e+04
-2.030668571722431807e+04
-2.030166036862500914e+04
-2.029631580745724932e+04
-2.029079003104395451e+04
-2.028524105674920793e+04
-2.027984818366614854e+04
-2.027481338711347053e+04
-2.027036284594137032e+04
-2.026674860264628660e+04
-2.026425035629568811e+04
-2.026317738826075220e+04
-2.026387062076004804e+04
-2.026670480821026285e+04
-2.027209086138852945e+04
-2.028047830440157122e+04
-2.029235786446583370e+04
-2.030826419449601599e+04
-2.032877872850276617e+04
-2.035453266980026092e+04
-2.038621011202196678e+04
-2.042455129294654762e+04
-2.047035598113235756e+04
-2.052448699536114145e+04
-2.058787385689188886e+04
-2.066151657452241125e+04
-2.074648956246113084e+04
-2.084394569100796070e+04
-2.095512047004388296e+04
-2.108133636533052777e+04
-2.122400724761811580e+04
-2.138464297456343775e+04
-2.156485410545601917e+04
-2.176635674875467885e+04
-2.199097754243222880e+04
-2.224065876713020043e+04
-2.251746359212212337e+04
-2.282358145408644486e+04
-2.316133356868851115e+04
-2.353317857497169825e+04
-2.394171831255789220e+04
-2.438970373165680940e+04
-2.488004093588523392e+04
-2.541579735789457845e+04
-2.054617273758565352e+04
-2.054576199680446371e+04
-2.054453720131111913e+04
-2.054252069907342593e+04
-2.053974996142691089e+04
-2.053627792015882005e+04
-2.053217343942532534e+04
-2.052752192250292865e+04
-2.052242605337253190e+04
-2.051700667313790473e+04
-2.051140379127713459e+04
-2.050577773172791058e+04
-2.050031041380634997e+04
-2.049520676795904728e+04
-2.049069628634934270e+04
-2.048703470827624915e+04
-2.048450584042816627e+04
-2.048342351196851450e+04
-2.048413366445633801e+04
-2.048701657660022829e+04
-2.049248922384447360e+04
-2.050100777279115573e+04
-2.051307021045339206e+04
-2.052921910834359733e+04
-2.055004452139497516e+04
-2.057618702171632322e+04
-2.060834086718041726e+04
-2.064725730484645828e+04
-2.069374800921536371e+04
-2.074868865531926713e+04
-2.081302262664356385e+04
-2.088776485788406353e+04
-2.097400581253637574e+04
-2.107291559531923485e+04
-2.118574819943171678e+04
-2.131384588864341640e+04
-2.145864371421862961e+04
-2.162167416667423822e+04
-2.180457196237043536e+04
-2.200907896493556837e+04
-2.223704924152451349e+04
-2.249045425391060417e+04
-2.277138818441061449e+04
-2.308207339664402389e+04
-2.342486603112529338e+04
-2.380226173569008461e+04
-2.421690153075474154e+04
-2.467157780940942393e+04
-2.516924047234480531e+04
-2.571300319761236460e+04
-2.076858727021496452e+04
-2.076817154368106276e+04
-2.076693189676195470e+04
-2.076489099596640881e+04
-2.076208684701316088e+04
-2.075857313713676922e+04
-2.075441971431656566e+04
-2.074971320342718900e+04
-2.074455775931225071e+04
-2.073907595678013604e+04
-2.073340981752218431e+04
-2.072772197395350304e+04
-2.072219696997609572e+04
-2.071704269866421964e+04
-2.071249197687300693e+04
-2.070880425676811501e+04
-2.070626747427901137e+04
-2.070520003447500494e+04
-2.070595293386145931e+04
-2.070891201960161925e+04
-2.071450038565794603e+04
-2.072318090585806203e+04
-2.073545890388186308e+04
-2.075188496017171929e+04
-2.077305785576459675e+04
-2.079962765304692948e+04
-2.083229891343225609e+04
-2.087183405196021704e+04
-2.091905682881944085e+04
-2.097485597779164891e+04
-2.104018897161882705e+04
-2.111608592429249984e+04
-2.120365363026589330e+04
-2.130407974058800755e+04
-2.141863707596068707e+04
-2.154868807671730610e+04
-2.169568938972487740e+04
-2.186119659220788162e+04
-2.204686905249485062e+04
-2.225447492768734446e+04
-2.248589629825101292e+04
-2.274313443953000751e+04
-2.302831523018262305e+04
-2.334369469754036982e+04
-2.369166469988897370e+04
-2.407475874567185383e+04
-2.449565794961632855e+04
-2.495719712578170584e+04
-2.546237101753074967e+04
-2.601434066442217227e+04
-2.099364618224097285e+04
-2.099322555300888052e+04
-2.099197130598796502e+04
-2.098990643271712179e+04
-2.098706948413512146e+04
-2.098351491814171459e+04
-2.097931358618402737e+04
-2.097455335886579269e+04
-2.096933989058266525e+04
-2.096379752318102692e+04
-2.095807032864181383e+04
-2.095232329078845214e+04
-2.094674362601955363e+04
-2.094154224306600008e+04
-2.093695534177226000e+04
-2.093324615090261068e+04
-2.093070680497184003e+04
-2.092966036009981326e+04
-2.093046294889115597e+04
-2.093350607433917321e+04
-2.093921904275465567e+04
-2.094807153571814342e+04
-2.096057632105776429e+04
-2.097729210285108638e+04
-2.099882651045133753e+04
-2.102583922653847912e+04
-2.105904525419426500e+04
-2.109921832300230744e+04
-2.114719443417217917e+04
-2.120387554468841699e+04
-2.127023339048356138e+04
-2.134731344863610138e+04
-2.143623903859245183e+04
-2.153821556241400322e+04
-2.165453488404791278e+04
-2.178657984762321576e+04
-2.193582893477058315e+04
-2.210386106096735239e+04
-2.229236051090619731e+04
-2.250312201288918732e+04
-2.273805595224562785e+04
-2.299919372377455875e+04
-2.328869322321203072e+04
-2.360884447772246494e+04
-2.396207541541483079e+04
-2.435095777388296483e+04
-2.477821314777059160e+04
-2.524671917536097681e+04
-2.575951586419056912e+04
-2.631981205568779842e+04
-2.122300479243730297e+04
-2.122257854030925955e+04
-2.122130753802982508e+04
-2.121921511845121495e+04
-2.121634040478927272e+04
-2.121273866331607496e+04
-2.120848179712927595e+04
-2.120365898099972037e+04
-2.119837743729483191e+04
-2.119276335298029153e+04
-2.118696293769755357e+04
-2.118114362291962607e+04
-2.117549540218323818e+04
-2.117023231239830056e+04
-2.116559405623441853e+04
-2.116184776558455633e+04
-2.115928990610578330e+04
-2.115824832283684009e+04
-2.115908442689348158e+04
-2.116219552324020333e+04
-2.116801727953903173e+04
-2.117702633607639291e+04
-2.118974305676570293e+04
-2.120673442122816778e+04
-2.122861705794991212e+04
-2.125606041851670307e+04
-2.128979009292537376e+04
-2.133059126597311842e+04
-2.137931231472213767e+04
-2.143686854704366851e+04
-2.150424608123755388e+04
-2.158250586672906502e+04
-2.167278784584343521e+04
-2.177631525665694789e+04
-2.189439907692531415e+04
-2.202844260908888828e+04
-2.217994620635543833e+04
-2.235051213985991853e+04
-2.254184960690078515e+04
-2.275577988025381273e+04
-2.299424159856344340e+04
-2.325929619781005749e+04
-2.355313348385576319e+04
-2.387807734606594022e+04
-2.423659161200874951e+04
-2.463128604323169930e+04
-2.506492247211443464e+04
-2.554042107980009678e+04
-2.606086681520208731e+04
-2.662951595508925311e+04
-2.145669655703537137e+04
-2.145626397271580936e+04
-2.145497409251733188e+04
-2.145285060626506311e+04
-2.144993323548305489e+04
-2.144627809111814713e+04
-2.144195817435154095e+04
-2.143706402050192992e+04
-2.143170448601602038e+04
-2.142600767854994410e+04
-2.142012203013848921e+04
-2.141421751345497250e+04
-2.140848700115978136e+04
-2.140314776833815267e+04
-2.139844313802797114e+04
-2.139464426983626618e+04
-2.139205209164472762e+04
-2.139099937440593567e+04
-2.139185295002733619e+04
-2.139501607234554831e+04
-2.140093092118972345e+04
-2.141008124953419610e+04
-2.142299517374035349e+04
-2.144024810688809885e+04
-2.146246583519668638e+04
-2.149032773753468791e+04
-2.152457014801898549e+04
-2.156598986170379794e+04
-2.161544778335904630e+04
-2.167387271933674856e+04
-2.174226531252858695e+04
-2.182170212041165360e+04
-2.191333983618357524e+04
-2.201841965298743162e+04
-2.213827177122610010e+04
-2.227432004896484796e+04
-2.242808679542462050e+04
-2.260119770756406069e+04
-2.279538694975047110e+04
-2.301250237652084252e+04
-2.325451089843196678e+04
-2.352350399099946662e+04
-2.382170334672674653e+04
-2.415146667022305701e+04
-2.451529361641053401e+04
-2.491583187182132679e+04
-2.535588337898352256e+04
-2.583841070389611195e+04
-2.636654354659447563e+04
-2.694358539480360196e+04
-2.169390378961285751e+04
-2.169346457453536277e+04
-2.169215492393126260e+04
-2.168999889423960485e+04
-2.168703682137221040e+04
-2.168332568348377754e+04
-2.167893960885010165e+04
-2.167397052885379162e+04
-2.166852897607925479e+04
-2.166274502751404361e+04
-2.165676939285963454e+04
-2.165077464794993284e+04
-2.164495661327689595e+04
-2.163953587762559619e+04
-2.163475946681618734e+04
-2.163090265755446671e+04
-2.162827093639059240e+04
-2.162720210378534830e+04
-2.162806852328449895e+04
-2.163127951580168883e+04
-2.163728389900913317e+04
-2.164657267183603108e+04
-2.165968184407523586e+04
-2.167719541109798956e+04
-2.169974847367709299e+04
-2.172803050291704858e+04
-2.176278875029351184e+04
-2.180483180279934095e+04
-2.185503328320039145e+04
-2.191433569539820382e+04
-2.198375441490042795e+04
-2.206438182440032688e+04
-2.215739159446400663e+04
-2.226404310932478256e+04
-2.238568603778689794e+04
-2.252376504923661196e+04
-2.267982467476102102e+04
-2.285551431337559552e+04
-2.305259338335936627e+04
-2.327293661869802236e+04
-2.351853951063552813e+04
-2.379152389433331336e+04
-2.409414368063768779e+04
-2.442879073295520720e+04
-2.479800088923625663e+04
-2.520446012906642500e+04
-2.565101088586615151e+04
-2.614065850419824346e+04
-2.667657784218344023e+04
-2.726212001902408883e+04
-2.193417923939147295e+04
-2.193373332668819057e+04
-2.193240370712112781e+04
-2.193021480989755946e+04
-2.192720759562888998e+04
-2.192343992422919109e+04
-2.191898706997423869e+04
-2.191394238371807296e+04
-2.190841810227145470e+04
-2.190254630493795776e+04
-2.189648001721091714e+04
-2.189039446162846070e+04
-2.188448845578958935e+04
-2.187898595752874826e+04
-2.187413775725019877e+04
-2.187022331742207098e+04
-2.186755275922925648e+04
-2.186646899638729519e+04
-2.186735001611348707e+04
-2.187061130726036208e+04
-2.187670843560550566e+04
-2.188613976630362595e+04
-2.189944933349702114e+04
-2.191722985708467968e+04
-2.194012590665267635e+04
-2.196883721256262652e+04
-2.200412212420056312e+04
-2.204680121538473759e+04
-2.209776103693296318e+04
-2.215795801639028650e+04
-2.222842250491488085e+04
-2.231026297132420223e+04
-2.240467034330126262e+04
-2.251292249575879396e+04
-2.263638888636441334e+04
-2.277653533822438476e+04
-2.293492896972758172e+04
-2.311324327154846105e+04
-2.331326333080967379e+04
-2.353689120240423654e+04
-2.378615142747719074e+04
-2.406319669906674608e+04
-2.437031367490517005e+04
-2.470992893737874329e+04
-2.508461510064754475e+04
-2.549709706492469559e+04
-2.595025841791515631e+04
-2.644714798341366622e+04
-2.699098651706308010e+04
-2.758517354927097404e+04
-2.217720466917892554e+04
-2.217675232732048607e+04
-2.217540354342455248e+04
-2.217318311717526012e+04
-2.217013263019830265e+04
-2.216631081928867934e+04
-2.216179409893142656e+04
-2.215667723311156442e+04
-2.215107415641651096e+04
-2.214511894442971970e+04
-2.213896693341569699e+04
-2.213279598929538042e+04
-2.212680792591455611e+04
-2.212123007260153463e+04
-2.211631699101819322e+04
-2.211235234130090248e+04
-2.210965089749296021e+04
-2.210856071226888162e+04
-2.210946543094968729e+04
-2.211278675480932725e+04
-2.211898705367274670e+04
-2.212857212780456030e+04
-2.214209411909077971e+04
-2.216015457150930888e+04
-2.218340764089368531e+04
-2.221256345398775375e+04
-2.224839161679090830e+04
-2.229172487219527102e+04
-2.234346290691462855e+04
-2.240457630770329342e+04
-2.247611066686753475e+04
-2.255919083706776291e+04
-2.265502533541221055e+04
-2.276491089684174221e+04
-2.289023717680609843e+04
-2.303249160323163596e+04
-2.319326437777974570e+04
-2.337425362639726154e+04
-2.357727069915807806e+04
-2.380424561939542036e+04
-2.405723268212643598e+04
-2.433841620176735523e+04
-2.465011640913996962e+04
-2.499479549777003194e+04
-2.537506381947627233e+04
-2.579368622925100499e+04
-2.625358857943254407e+04
-2.675786436316735490e+04
-2.730978150716600430e+04
-2.791278931374775857e+04
-2.242246662039526927e+04
-2.242200859979599045e+04
-2.242064289821414786e+04
-2.241839467208186034e+04
-2.241530610139544660e+04
-2.241143676862978464e+04
-2.240686418921852601e+04
-2.240168449360025625e+04
-2.239601326082967353e+04
-2.238998650375551370e+04
-2.238376180576336992e+04
-2.237751960908507317e+04
-2.237146465467280359e+04
-2.236582757364026475e+04
-2.236086663026815222e+04
-2.235686961657668871e+04
-2.235415589846325020e+04
-2.235307861340568707e+04
-2.235402701973190415e+04
-2.235742899745428804e+04
-2.236375370067131735e+04
-2.237351436153370378e+04
-2.238727124577607901e+04
-2.240563475981619922e+04
-2.242926870941788002e+04
-2.245889370992102340e+04
-2.249529074803677577e+04
-2.253930489520837000e+04
-2.259184917253855383e+04
-2.265390856728173094e+04
-2.272654420090263375e+04
-2.281089764870009822e+04
-2.290819541099720664e+04
-2.301975353589679435e+04
-2.314698239360307343e+04
-2.329139160230839116e+04
-2.345459510564674565e+04
-2.363831640171173058e+04
-2.384439392364156083e+04
-2.407478657176908382e+04
-2.433157939733756575e+04
-2.461698943778258035e+04
-2.493337170357952709e+04
-2.528322531665666611e+04
-2.566919980037423011e+04
-2.609410152106928945e+04
-2.656090028116577014e+04
-2.707273606385148742e+04
-2.763292592931958279e+04
-2.824497106257636915e+04
-2.267027733059961247e+04
-2.266981411145794482e+04
-2.266843293043055019e+04
-2.266615929367942226e+04
-2.266303596804857807e+04
-2.265912336592198699e+04
-2.265450008402638559e+04
-2.264926359617807611e+04
-2.264353109997277352e+04
-2.263744051741901785e+04
-2.263115164951579209e+04
-2.262484748477316680e+04
-2.261873566167740501e+04
-2.261305008509841718e+04
-2.260805269664238222e+04
-2.260403539894651476e+04
-2.260132213391878395e+04
-2.260027111492072436e+04
-2.260127721289287365e+04
-2.260477449642635474e+04
-2.261123892577517108e+04
-2.262119120081458823e+04
-2.263519976294152002e+04
-2.265388395091912025e+04
-2.267791731066552529e+04
-2.270803105898490321e+04
-2.274501770124424365e+04
-2.278973480299118819e+04
-2.284310891551764507e+04
-2.290613965536619071e+04
-2.297990393777986901e+04
-2.306556036409601074e+04
-2.316435376308399645e+04
-2.327761988622572244e+04
-2.340679025694045777e+04
-2.355339717375311011e+04
-2.371907886740631875e+04
-2.390558481191610190e+04
-2.411478118957033439e+04
-2.434865650987251502e+04
-2.460932738242795313e+04
-2.489904444377365508e+04
-2.522019843815213608e+04
-2.557532645222933206e+04
-2.596711830375494901e+04
-2.639842308416756350e+04
-2.687225585514302293e+04
-2.739180449908595256e+04
-2.796043672356593015e+04
-2.858170721969634906e+04
-2.292185937991963146e+04
-2.292139039211202908e+04
-2.291999202701055037e+04
-2.291769015772561761e+04
-2.291452816659484961e+04
-2.291056733591222655e+04
-2.290588739495150367e+04
-2.290058722327918804e+04
-2.289478571036131689e+04
-2.288862277146134875e+04
-2.288226051982998615e+04
-2.287588459518813033e+04
-2.286970564850014489e+04
-2.286396098304082989e+04
-2.285891635175321790e+04
-2.285486791089901817e+04
-2.285214433000085410e+04
-2.285110905807618110e+04
-2.285216274616447117e+04
-2.285574582614463725e+04
-2.286234124584583333e+04
-2.287247736044943667e+04
-2.288673098018419842e+04
-2.290573057431189955e+04
-2.293015963140625536e+04
-2.296076017592281642e+04
-2.299833644106205975e+04
-2.304375869792366211e+04
-2.309796724095253012e+04
-2.316197652967811518e+04
-2.323687948674446670e+04
-2.332385195223294431e+04
-2.342415729427658516e+04
-2.353915117596725031e+04
-2.367028647855339659e+04
-2.381911838093175174e+04
-2.398730959542898927e+04
-2.417663575987723743e+04
-2.438899098598019191e+04
-2.462639356397210940e+04
-2.489099182356838719e+04
-2.518507015120878714e+04
-2.551105516359152898e+04
-2.587152203750059198e+04
-2.626920099592441329e+04
-2.670698395046669248e+04
-2.718793130004917111e+04
-2.771527888590671500e+04
-2.829244510287417870e+04
-2.892303816696511058e+04
-2.317796273111352275e+04
-2.317748680680266989e+04
-2.317606776426388024e+04
-2.317373187395177592e+04
-2.317052318419387302e+04
-2.316650391754676821e+04
-2.316175502569372475e+04
-2.315637690288520753e+04
-2.315049025792052635e+04
-2.314423714467377067e+04
-2.313778215115912099e+04
-2.313131374714158665e+04
-2.312504579028704029e+04
-2.311921919085710397e+04
-2.311410373494389569e+04
-2.311000006624936213e+04
-2.310724182640462823e+04
-2.310619795383342716e+04
-2.310727514115704980e+04
-2.311092045114073699e+04
-2.311762409118442520e+04
-2.312792234635309069e+04
-2.314240067095134509e+04
-2.316169693864025612e+04
-2.318650485109431247e+04
-2.321757750520389163e+04
-2.325573111881659133e+04
-2.330184891502370374e+04
-2.335688516498724493e+04
-2.342186938930929318e+04
-2.349791071794453455e+04
-2.358620240865449887e+04
-2.368802652400351872e+04
-2.380475876689828146e+04
-2.393787347466796200e+04
-2.408894877168817766e+04
-2.425967188054624421e+04
-2.445184459174882068e+04
-2.466738889197217941e+04
-2.490835275085426110e+04
-2.517691606632938783e+04
-2.547539676850487012e+04
-2.580625708208034484e+04
-2.617210994730856692e+04
-2.657572559949954302e+04
-2.702003830706587178e+04
-2.750815326811115665e+04
-2.804335366555982182e+04
-2.862910788083045190e+04
-2.926907686604973060e+04
-2.343810806545579544e+04
-2.343762465430026350e+04
-2.343618328904492955e+04
-2.343381065470206886e+04
-2.343055149422297109e+04
-2.342646901039408476e+04
-2.342164542849077770e+04
-2.341618271969043053e+04
-2.341020348524341171e+04
-2.340385200140257803e+04
-2.339729542511129694e+04
-2.339072516044920485e+04
-2.338435838583746954e+04
-2.337843974200111916e+04
-2.337324318069103902e+04
-2.336907397416340973e+04
-2.336627088541761259e+04
-2.336520849919352986e+04
-2.336629971372534783e+04
-2.336999839325569337e+04
-2.337680218130722278e+04
-2.338725547471214668e+04
-2.340195255840119353e+04
-2.342154090095009451e+04
-2.344672461088492128e+04
-2.347826805374547621e+04
-2.351699962990751374e+04
-2.356381571316278496e+04
-2.361968475005813161e+04
-2.368565151999191585e+04
-2.376284155607020148e+04
-2.385246572672020920e+04
-2.395582497806260290e+04
-2.407431523704204301e+04
-2.420943247531654561e+04
-2.436277793390421357e+04
-2.453606350858963197e+04
-2.473111729608740279e+04
-2.494988930096540207e+04
-2.519445730332491075e+04
-2.546703288724031518e+04
-2.576996762995661993e+04
-2.610575945184576995e+04
-2.647705912712043573e+04
-2.688667695530755736e+04
-2.733758959347903874e+04
-2.783294704924141479e+04
-2.837607983448392042e+04
-2.897050627988461201e+04
-2.961994001017520714e+04
-2.370170724631324993e+04
-2.370121653983499709e+04
-2.369975342721527704e+04
-2.369734501040320902e+04
-2.369403673099106527e+04
-2.368989277773226058e+04
-2.368499665706456290e+04
-2.367945192664016940e+04
-2.367338309186381957e+04
-2.366693666543547442e+04
-2.366028238990210957e+04
-2.365361462321441650e+04
-2.364715388729154074e+04
-2.364114857959148503e+04
-2.363587684768943291e+04
-2.363164862686186825e+04
-2.362880784067774948e+04
-2.362773476459693484e+04
-2.362884855257429081e+04
-2.363260992667199753e+04
-2.363952402967680973e+04
-2.365014344072619497e+04
-2.366507135393939825e+04
-2.368496492005590699e+04
-2.371053875108161446e+04
-2.374256858793986612e+04
-2.378189513113087014e+04
-2.382942803439703130e+04
-2.388615006139544130e+04
-2.395312140537714367e+04
-2.403148417187241284e+04
-2.412246702438385546e+04
-2.422738999308576967e+04
-2.434766944653000246e+04
-2.448482322635917444e+04
-2.464047594502597713e+04
-2.481636444651987040e+04
-2.501434343010014709e+04
-2.523639123703564837e+04
-2.548461580035193037e+04
-2.576126075758425577e+04
-2.606871172653801477e+04
-2.640950274405551681e+04
-2.678632286778998969e+04
-2.720202294098561833e+04
-2.765962252026525675e+04
-2.816231696642429597e+04
-2.871348469823087362e+04
-2.931669460923432052e+04
-2.997571364757864285e+04
-2.396860472479359305e+04
-2.396810701468017942e+04
-2.396662302945577903e+04
-2.396418028712474916e+04
-2.396082492655104943e+04
-2.395662212074434501e+04
-2.395165665545926822e+04
-2.394603367310985050e+04
-2.393987958199738569e+04
-2.393334313085255417e+04
-2.392659664869298285e+04
-2.391983744999315604e+04
-2.391328940517001320e+04
-2.390720467638186528e+04
-2.390186561864210307e+04
-2.389758684624695888e+04
-2.389471746451739455e+04
-2.389364346685497003e+04
-2.389479029711270414e+04
-2.389862557727912645e+04
-2.390566200047718667e+04
-2.391646038927791233e+04
-2.393163291932644643e+04
-2.395184650828474696e+04
-2.397782637008615711e+04
-2.401035973450607707e+04
-2.405029973204561247e+04
-2.409856944413015299e+04
-2.415616611862136415e+04
-2.422416555064490240e+04
-2.430372662873036097e+04
-2.439609604626709552e+04
-2.450261317827328457e+04
-2.462471512347967291e+04
-2.476394191172734281e+04
-2.492194187667987717e+04
-2.510047719384945231e+04
-2.530142958393750087e+04
-2.552680618148916983e+04
-2.577874556886219216e+04
-2.605952397551053218e+04
-2.637156164258112767e+04
-2.671742935282568942e+04
-2.709985512582654701e+04
-2.752173107853650436e+04
-2.798612045113304339e+04
-2.849626479818699227e+04
-2.905559134514475591e+04
-2.966772051012561860e+04
-3.033647359103235067e+04
-2.423859266537411168e+04
-2.423808814382884884e+04
-2.423658386154908658e+04
-2.423410774946497986e+04
-2.423070663866859832e+04
-2.422644667972699972e+04
-2.422141392972020549e+04
-2.421571510700448198e+04
-2.420947851370004719e+04
-2.420285512590580765e+04
-2.419601985163693462e+04
-2.418917295648891741e+04
-2.418254165702678074e+04
-2.417638188189930952e+04
-2.417098020067758625e+04
-2.416665592042004937e+04
-2.416376334996219884e+04
-2.416269423193064358e+04
-2.416388034248369513e+04
-2.416779625877587750e+04
-2.417496229414832851e+04
-2.418594760104426678e+04
-2.420137344164922979e+04
-2.422191662625717072e+04
-2.424831311936024940e+04
-2.428136181346635567e+04
-2.432192847063873705e+04
-2.437094983176324604e+04
-2.442943789353906686e+04
-2.449848435319588316e+04
-2.457926522093531457e+04
-2.467304560009773559e+04
-2.478118463505448381e+04
-2.490514062682489748e+04
-2.504647631641880071e+04
-2.520686433590375964e+04
-2.538809282719811017e+04
-2.559207122858842558e+04
-2.582083622897270106e+04
-2.607655788982818194e+04
-2.636154593490496336e+04
-2.667825620764419727e+04
-2.702929729632170347e+04
-2.741743732691673358e+04
-2.784561092370579354e+04
-2.831692633758172087e+04
-2.883467274209799871e+04
-2.940232769723756428e+04
-3.002356478090823293e+04
-3.070226138816136881e+04
-2.451153534744789795e+04
-2.451102416415591142e+04
-2.450950003233232565e+04
-2.450699129126693879e+04
-2.450354545688167127e+04
-2.449922964739022063e+04
-2.449413117922079982e+04
-2.448835833320225356e+04
-2.448204129101442231e+04
-2.447533324190230996e+04
-2.446841165965283653e+04
-2.446147974983590393e+04
-2.445476806731001852e+04
-2.444853630398980749e+04
-2.444307524687833939e+04
-2.443870890636290278e+04
-2.443579681477446138e+04
-2.443473649521045445e+04
-2.443596610062167019e+04
-2.443996722316254818e+04
-2.444726787380504538e+04
-2.445844563221645149e+04
-2.447413096690078964e+04
-2.449501072560333705e+04
-2.452183179597989874e+04
-2.455540493652856094e+04
-2.459660877778591384e+04
-2.464639399378656890e+04
-2.470578764378644701e+04
-2.477589768424962313e+04
-2.485791765109879634e+04
-2.495313151222997840e+04
-2.506291869028990186e+04
-2.518875925571774496e+04
-2.533223929005037280e+04
-2.549505641949097480e+04
-2.567902551874188066e+04
-2.588608458510061973e+04
-2.611830078281961323e+04
-2.637787665772988839e+04
-2.666715652212798886e+04
-2.698863300992711447e+04
-2.734495380207105336e+04
-2.773892852221283101e+04
-2.817353580265617347e+04
-2.865193052056100350e+04
-2.917745120441259860e+04
-2.975362761075411981e+04
-3.038418847118353005e+04
-3.107306940961285727e+04
-2.478784010958372164e+04
-2.478732222890394769e+04
-2.478577814200944340e+04
-2.478323660076327724e+04
-2.477974581303409286e+04
-2.477537387484112696e+04
-2.477020937535713165e+04
-2.476436217476942329e+04
-2.475796435499930521e+04
-2.475117134327833628e+04
-2.474416320858456675e+04
-2.473714613093467415e+04
-2.473035404353550257e+04
-2.472405044779343007e+04
-2.471853040118111312e+04
-2.471412267796298693e+04
-2.471119210277786624e+04
-2.471014205708141890e+04
-2.471141715844377541e+04
-2.471550611270782247e+04
-2.472294473900423691e+04
-2.473431916762467517e+04
-2.475026921075280916e+04
-2.477149190605412150e+04
-2.479874523312282690e+04
-2.483285200278715638e+04
-2.487470391927305172e+04
-2.492526581522505876e+04
-2.498558005958608555e+04
-2.505677113833439216e+04
-2.514005040807952537e+04
-2.523672102251466640e+04
-2.534818303172950982e+04
-2.547593865437844579e+04
-2.562159772270873509e+04
-2.578688330044531176e+04
-2.597363747353512736e+04
-2.618382731374787545e+04
-2.641955101513570480e+04
-2.668304420335092800e+04
-2.697668641782124178e+04
-2.730300776678358307e+04
-2.766469575517547128e+04
-2.806460228538452793e+04
-2.850575083085625010e+04
-2.899134378255937190e+04
-2.952476996830984353e+04
-3.010961234495201643e+04
-3.074965586339849688e+04
-3.144889550652782418e+04
-2.506803919661957116e+04
-2.506751432595904407e+04
-2.506594941136853959e+04
-2.506337363273296796e+04
-2.505983591556475585e+04
-2.505540536955939388e+04
-2.505017190257500260e+04
-2.504424701003279552e+04
-2.503776473974072724e+04
-2.503088283213993054e+04
-2.502378403597282522e+04
-2.501667759937421579e+04
-2.500980093638456310e+04
-2.500342146888656498e+04
-2.499783864396263380e+04
-2.499338612667650523e+04
-2.499043416827604597e+04
-2.498939214981945770e+04
-2.499071130122291652e+04
-2.499488759573223797e+04
-2.500246481981536999e+04
-2.501403781847811479e+04
-2.503025591600254847e+04
-2.505182651210743643e+04
-2.507951885353131365e+04
-2.511416798103799374e+04
-2.515667885184494662e+04
-2.520803063747298438e+04
-2.526928119702034019e+04
-2.534157172585674925e+04
-2.542613157974249407e+04
-2.552428327436816835e+04
-2.563744766031752806e+04
-2.576714927345290198e+04
-2.591502186072290715e+04
-2.608281408139284031e+04
-2.627239538369696311e+04
-2.648576205691410723e+04
-2.672504345886506781e+04
-2.699250841883262547e+04
-2.729057181590447362e+04
-2.762180133273780666e+04
-2.798892438474715163e+04
-2.839483522471425022e+04
-2.884260222282042014e+04
-2.933547532210147619e+04
-2.987689366932535631e+04
-3.047049342129159049e+04
-3.112011572655383134e+04
-3.182981488256475131e+04
-2.535227271373046824e+04
-2.535174059242626026e+04
-2.535015407290271105e+04
-2.534754277730926333e+04
-2.534395637249669744e+04
-2.533946501492062816e+04
-2.533415997350632824e+04
-2.532815443047462031e+04
-2.532158446012858985e+04
-2.531461018560304365e+04
-2.530741711357361783e+04
-2.530021764692823490e+04
-2.529325277540009847e+04
-2.528679394415990464e+04
-2.528114510037325454e+04
-2.527664491771515895e+04
-2.527366919884882009e+04
-2.527263345586467767e+04
-2.527399566868005422e+04
-2.527825922140180046e+04
-2.528597601664879767e+04
-2.529774976783613965e+04
-2.531423946942152907e+04
-2.533616304511117778e+04
-2.536430117402932228e+04
-2.539950129484656281e+04
-2.544268178787185752e+04
-2.549483633510407162e+04
-2.555703845824555174e+04
-2.563044623467790007e+04
-2.571630719139656139e+04
-2.581596337690959990e+04
-2.593085661109631474e+04
-2.606253391302675300e+04
-2.621265310674395005e+04
-2.638298860500571027e+04
-2.657543737098992278e+04
-2.679202505795890829e+04
-2.703491232688657328e+04
-2.730640134204637434e+04
-2.760894244456058004e+04
-2.794514100391107058e+04
-2.831776444741116939e+04
-2.872974946763893968e+04
-2.918420940783189144e+04
-2.968444182524276039e+04
-3.023393623245663912e+04
-3.083638201667008980e+04
-3.149567653693012835e+04
-3.221593339933609241e+04
-2.564057097749325112e+04
-2.564003160433686935e+04
-2.563842347764707665e+04
-2.563577666602463796e+04
-2.563214158468819005e+04
-2.562758944679770866e+04
-2.562221289530933063e+04
-2.561612681535950105e+04
-2.560946932717865275e+04
-2.560240295953504756e+04
-2.559511600370864107e+04
-2.558782404799410142e+04
-2.558077169273444088e+04
-2.557423444588340863e+04
-2.556852079909878739e+04
-2.556397448436522245e+04
-2.556097691114600093e+04
-2.555994978406568771e+04
-2.556135790112255199e+04
-2.556571213242933300e+04
-2.557357257948649931e+04
-2.558555191498230852e+04
-2.560231890312484757e+04
-2.562460210050326714e+04
-2.565319373747799909e+04
-2.568895378010245622e+04
-2.573281417257262365e+04
-2.578578326020824170e+04
-2.584895039296241885e+04
-2.592349070946189022e+04
-2.601067010157683762e+04
-2.611185035952001272e+04
-2.622849449747714243e+04
-2.636217225976494228e+04
-2.651456580752127775e+04
-2.668747558592312998e+04
-2.688282637193547271e+04
-2.710267350259070372e+04
-2.734920928379519319e+04
-2.762476957966875489e+04
-2.793184058241196908e+04
-2.827306576270407095e+04
-2.865125300063037139e+04
-2.906938189713961037e+04
-2.953061126603113371e+04
-3.003828680647192596e+04
-3.059594895604315025e+04
-3.120734092431694444e+04
-3.187641690696277510e+04
-3.260735048038343666e+04
-2.593298208684509518e+04
-2.593243560856648401e+04
-2.593080631446503685e+04
-2.592812471832091978e+04
-2.592444198169697484e+04
-2.591983037183120177e+04
-2.591438390268728836e+04
-2.590821915916142461e+04
-2.590147630444777315e+04
-2.589432027055941580e+04
-2.588694213200832019e+04
-2.587956066264061883e+04
-2.587242407563017332e+04
-2.586581194663017232e+04
-2.586003732007978761e+04
-2.585544899866933702e+04
-2.585243401596345575e+04
-2.585142029217941672e+04
-2.585287947312417964e+04
-2.585732995228857544e+04
-2.586534007609771652e+04
-2.587753153231963370e+04
-2.589458292163055739e+04
-2.591723351233759604e+04
-2.594628717825852073e+04
-2.598261651975901987e+04
-2.602716716794657987e+04
-2.608096227202225418e+04
-2.614510716978894197e+04
-2.622079424131778796e+04
-2.630930794577056076e+04
-2.641203004138058532e+04
-2.653044498858949373e+04
-2.666614553634270123e+04
-2.682083849154013660e+04
-2.699635067164679276e+04
-2.719463504045732407e+04
-2.741777702702075476e+04
-2.766800102772081664e+04
-2.794767709151348754e+04
-2.825932778832229451e+04
-2.860563526059059950e+04
-2.898944845799112591e+04
-2.941379055529243851e+04
-2.988186655338283163e+04
-3.039707106345160355e+04
-3.096299627432730631e+04
-3.158344010297287241e+04
-3.226241452813864453e+04
-3.300415410717229679e+04
-2.622922202438316890e+04
-2.622866830716044569e+04
-2.622701744671713095e+04
-2.622430040964147338e+04
-2.622056911661848426e+04
-2.621589690698891354e+04
-2.621037918913095928e+04
-2.620413427666424104e+04
-2.619730441047882050e+04
-2.619005696658604211e+04
-2.618258584979388615e+04
-2.617511307320397464e+04
-2.616789052353358784e+04
-2.616120191225997041e+04
-2.615536491258869137e+04
-2.615073348224418805e+04
-2.614770037208418216e+04
-2.614669982053833519e+04
-2.614821043386814927e+04
-2.615275825225222434e+04
-2.616092000169342646e+04
-2.617332653174978623e+04
-2.619066643908935293e+04
-2.621368987686662877e+04
-2.624321254992464310e+04
-2.628011989581782109e+04
-2.632537145166032860e+04
-2.638000540679639380e+04
-2.644514334129446797e+04
-2.652199515026416702e+04
-2.661186415399719044e+04
-2.671615239393103184e+04
-2.683636611443608854e+04
-2.697412143042651951e+04
-2.713115018079354923e+04
-2.730930596766244707e+04
-2.751057038147359344e+04
-2.773705941188516226e+04
-2.799103004450071239e+04
-2.827488704341922494e+04
-2.859118991960859785e+04
-2.894266008510242318e+04
-2.933218819302015982e+04
-2.976284166341061064e+04
-3.023787239491828950e+04
-3.076072466227377299e+04
-3.133504319960702560e+04
-3.196468146958349098e+04
-3.265371011836441903e+04
-3.340642561638983170e+04
-2.652887059550098638e+04
-2.652830911972051399e+04
-2.652663514050323283e+04
-2.652388009647185390e+04
-2.652009669950277384e+04
-2.651535940598438538e+04
-2.650976507657807451e+04
-2.650343382448241027e+04
-2.649651005220060324e+04
-2.648916367681101838e+04
-2.648159154374180798e+04
-2.647401902904701637e+04
-2.646670183018733951e+04
-2.645992794531342588e+04
-2.645401984105231531e+04
-2.644933680879747408e+04
-2.644627750950148038e+04
-2.644528270697208791e+04
-2.644683818967225670e+04
-2.645147788102152845e+04
-2.645978713820226039e+04
-2.647240623946895357e+04
-2.649003405995936919e+04
-2.651343193601037638e+04
-2.654342771797624664e+04
-2.658092001154960235e+04
-2.662688260758752585e+04
-2.668236910043790704e+04
-2.674851769477193011e+04
-2.682655620091752280e+04
-2.691780721869700938e+04
-2.702369350976808346e+04
-2.714574355846731487e+04
-2.728559732115723455e+04
-2.744501216407689571e+04
-2.762586898969455797e+04
-2.783017855156487349e+04
-2.806008795768865821e+04
-2.831788736237523699e+04
-2.860601684660918181e+04
-2.892707348691908555e+04
-2.928381861275066331e+04
-2.967918525234170011e+04
-3.011628576710147536e+04
-3.059841967449243748e+04
-3.112908165941538755e+04
-3.171196977409862666e+04
-3.235099382648776373e+04
-3.305028395714258659e+04
-3.381419940463350213e+04
-2.683193344236456323e+04
-2.683136379351047071e+04
-2.682966545732716986e+04
-2.682687036055663339e+04
-2.682303203311880861e+04
-2.681822608613914781e+04
-2.681255088118416825e+04
-2.680612839070860718e+04
-2.679910524971356426e+04
-2.679165399861383776e+04
-2.678397451731674664e+04
-2.677629565051065947e+04
-2.676887702416507818e+04
-2.676201105323937009e+04
-2.675602514060418252e+04
-2.675128406717137113e+04
-2.674819257323564671e+04
-2.674719813102604166e+04
-2.674879390846789465e+04
-2.675352192415609534e+04
-2.676197639353707928e+04
-2.677480726630308345e+04
-2.679272395499594859e+04
-2.681649925482156323e+04
-2.684697345467426931e+04
-2.688505863937318645e+04
-2.693174318310683884e+04
-2.698809643409035561e+04
-2.705527359043148317e+04
-2.713452076720830883e+04
-2.722718025475662580e+04
-2.733469596816790727e+04
-2.745861908799812227e+04
-2.760061389218659315e+04
-2.776246377918544749e+04
-2.794607748229967910e+04
-2.815349547523727961e+04
-2.838689656887043020e+04
-2.864860469920643300e+04
-2.894109590656987712e+04
-2.926700550599451162e+04
-2.962913544882593487e+04
-3.003046187553522759e+04
-3.047414285974185259e+04
-3.096352634344818216e+04
-3.150215826348383780e+04
-3.209379086916081724e+04
-3.274239123113886308e+04
-3.345214994150098210e+04
-3.422749000504070136e+04
-2.713869352891360177e+04
-2.713811588986077550e+04
-2.713639374504271473e+04
-2.713355950847946588e+04
-2.712966752687006738e+04
-2.712479456458787899e+04
-2.711904048267737380e+04
-2.711252911184720142e+04
-2.710540931946434284e+04
-2.709785627054545330e+04
-2.709007288274673556e+04
-2.708229147535419543e+04
-2.707477561227081969e+04
-2.706782213900344868e+04
-2.706176341364801556e+04
-2.705696973187411641e+04
-2.705385194590744504e+04
-2.705286427751167503e+04
-2.705450732496802812e+04
-2.705933126405551593e+04
-2.706793924302784581e+04
-2.708099097159000667e+04
-2.709920650387377827e+04
-2.712337021541156719e+04
-2.715433497410891869e+04
-2.719302650521633041e+04
-2.724044795029887246e+04
-2.729768462020551669e+04
-2.736590894203654534e+04
-2.744638560011007212e+04
-2.754047687092662818e+04
-2.764964815213340626e+04
-2.777547368548687518e+04
-2.791964247381347741e+04
-2.808396439197013751e+04
-2.827037649180284279e+04
-2.848094950110384161e+04
-2.871789451656822348e+04
-2.898356989074858575e+04
-2.928048831300838356e+04
-2.961132408447503985e+04
-2.997892058699028712e+04
-3.038629794606038195e+04
-3.083666088780463178e+04
-3.133340678990248489e+04
-3.188013392653969640e+04
-3.248064990735325773e+04
-3.313898031037439796e+04
-3.385937750897091610e+04
-3.464632969278864766e+04
-2.744934059253598389e+04
-2.744875551361765974e+04
-2.744701120758127945e+04
-2.744414056503101892e+04
-2.744019873180356080e+04
-2.743526360121165271e+04
-2.742943650318648361e+04
-2.742284309031692828e+04
-2.741563442078632579e+04
-2.740798823820761754e+04
-2.740011044835550274e+04
-2.739223679279695352e+04
-2.738463471941800890e+04
-2.737760544985039451e+04
-2.737148624379306784e+04
-2.736665286023421868e+04
-2.736352221556867880e+04
-2.736255523861463371e+04
-2.736425992252632568e+04
-2.736919457360630258e+04
-2.737797125701385812e+04
-2.739125943937138072e+04
-2.740978982826925858e+04
-2.743435840866693616e+04
-2.746583067619342182e+04
-2.750514606734364497e+04
-2.755332258657387865e+04
-2.761146163029373565e+04
-2.768075300775690994e+04
-2.776248015884862252e+04
-2.785802556877096868e+04
-2.796887637962634108e+04
-2.809663019889822317e+04
-2.824300110482926175e+04
-2.840982584869768107e+04
-2.859907025399094709e+04
-2.881283581247698748e+04
-2.905336647717338201e+04
-2.932305565221399956e+04
-2.962445337961356563e+04
-2.996027372292910877e+04
-3.033340234782033440e+04
-3.074690429950630278e+04
-3.120403197712077963e+04
-3.170823330496469498e+04
-3.226316010065635419e+04
-3.287267664017967763e+04
-3.354086841982926126e+04
-3.427205111505396053e+04
-3.507077973619771365e+04
-2.776420199201569994e+04
-2.776360956144392912e+04
-2.776184335975327122e+04
-2.775893675693725163e+04
-2.775494570271598423e+04
-2.774994922613329982e+04
-2.774405013499191773e+04
-2.773737591512825384e+04
-2.773007982952412203e+04
-2.772234221725938187e+04
-2.771437199230249826e+04
-2.770640834213843482e+04
-2.769872262623693678e+04
-2.769162047435920613e+04
-2.768544408470304552e+04
-2.768057472188619431e+04
-2.767743541476946120e+04
-2.767649385411775802e+04
-2.767826549010005328e+04
-2.768331682962805644e+04
-2.769226893353400374e+04
-2.770580111358610884e+04
-2.772465482934395914e+04
-2.774963778485187504e+04
-2.778162822517084714e+04
-2.782157943275025536e+04
-2.787052442363655427e+04
-2.792958084352210790e+04
-2.799995606363257320e+04
-2.808295247645238487e+04
-2.817997299128899613e+04
-2.829252672967648323e+04
-2.842223492061745492e+04
-2.857083699566328141e+04
-2.874019688383394896e+04
-2.893230950637544447e+04
-2.914930747135726779e+04
-2.939346796810750675e+04
-2.966721986148679935e+04
-2.997315098600149213e+04
-3.031401563975527824e+04
-3.069274227823916226e+04
-3.111244140796091233e+04
-3.157641367991239531e+04
-3.208815818287606817e+04
-3.265138093657041463e+04
-3.327000358463318844e+04
-3.394817228744468594e+04
-3.469026681478841783e+04
-3.550090983835129009e+04
-2.808376141887754420e+04
-2.808316109765705187e+04
-2.808137139009582461e+04
-2.807842616586123404e+04
-2.807438221229056944e+04
-2.806931974122628162e+04
-2.806334309858720735e+04
-2.805658167667433372e+04
-2.804919102921006925e+04
-2.804135418911306988e+04
-2.803328318900644081e+04
-2.802522078446226078e+04
-2.801744237997895470e+04
-2.801025815769343171e+04
-2.800401540882873815e+04
-2.799910106787520999e+04
-2.799594444950688194e+04
-2.799502018823126491e+04
-2.799685138077558804e+04
-2.800201293120539776e+04
-2.801113509877918477e+04
-2.802490724853708889e+04
-2.804408180462374730e+04
-2.806947840634664317e+04
-2.810198826696744436e+04
-2.814257873522937734e+04
-2.819229805961854072e+04
-2.825228035535924209e+04
-2.832375077414458792e+04
-2.840803087660152960e+04
-2.850654420748988196e+04
-2.862082207363619091e+04
-2.875250952460242115e+04
-2.890337153608888912e+04
-2.907529939607132837e+04
-2.927031729367334992e+04
-2.949058911077235825e+04
-2.973842541634116424e+04
-3.001629066352341397e+04
-3.032681058944307006e+04
-3.067277981774985528e+04
-3.105716966389768641e+04
-3.148313614315858649e+04
-3.195402818137103168e+04
-3.247339602842206295e+04
-3.304499987446494924e+04
-3.367281866887111391e+04
-3.436105914191538614e+04
-3.511416502919804043e+04
-3.593682649879904056e+04
-2.840796040079641170e+04
-2.840735168213395082e+04
-2.840553695474661799e+04
-2.840255060723347560e+04
-2.839845029659241482e+04
-2.839331746221685898e+04
-2.838725804549398163e+04
-2.838040341500036448e+04
-2.837291149729843528e+04
-2.836496811333020014e+04
-2.835678852041170467e+04
-2.834861915982603387e+04
-2.834073961001621501e+04
-2.833346474537583708e+04
-2.832714710064026440e+04
-2.832217944087669457e+04
-2.831899753707286436e+04
-2.831808314732548752e+04
-2.831996720362808992e+04
-2.832523320425718339e+04
-2.833452081175852800e+04
-2.834852965653182036e+04
-2.836802334601543407e+04
-2.839383367946931321e+04
-2.842686506835852197e+04
-2.846809916233370313e+04
-2.851859968081367333e+04
-2.857951745016444693e+04
-2.865209564647924708e+04
-2.873767524395706278e+04
-2.883770066888022120e+04
-2.895372565919168119e+04
-2.908741932967112007e+04
-2.924057244271002492e+04
-2.941510388468702513e+04
-2.961306734794082877e+04
-2.983665821834372764e+04
-3.008822066847342649e+04
-3.037025495638473512e+04
-3.068542492997989757e+04
-3.103656573697819476e+04
-3.142669174048543937e+04
-3.185900464016132901e+04
-3.233690179898739007e+04
-3.286398477563318011e+04
-3.344406806242212042e+04
-3.408118802889601648e+04
-3.477961207098019077e+04
-3.554384796574540815e+04
-3.637865343177127943e+04
-2.873611991211586428e+04
-2.873550284472185740e+04
-2.873366324507677928e+04
-2.873063602505489689e+04
-2.872647971865985164e+04
-2.872127700334483234e+04
-2.871513542986072935e+04
-2.870818836063138951e+04
-2.870059611665815464e+04
-2.869254733295102415e+04
-2.868426052249002896e+04
-2.867598584871100320e+04
-2.866800710652322960e+04
-2.866064391185242857e+04
-2.865425409971263798e+04
-2.864923633080627769e+04
-2.864603290665172608e+04
-2.864513279323912138e+04
-2.864707485321423883e+04
-2.865245128659015609e+04
-2.866191127998697630e+04
-2.867616486439964137e+04
-2.869598698149339180e+04
-2.872222175842779689e+04
-2.875578699120827150e+04
-2.879767883656548656e+04
-2.884897671236331735e+04
-2.891084840653464198e+04
-2.898455539454420068e+04
-2.907145836538129879e+04
-2.917302295607815904e+04
-2.929082569475839773e+04
-2.942656015221248890e+04
-2.958204330200062032e+04
-2.975922208908492757e+04
-2.996018020698861437e+04
-3.018714508348375966e+04
-3.044249507480646207e+04
-3.072876686840048205e+04
-3.104866309418855963e+04
-3.140506014437189879e+04
-3.180101620175769858e+04
-3.223977947661440703e+04
-3.272479665205511992e+04
-3.325972153794884071e+04
-3.384842393336015812e+04
-3.449499869751640654e+04
-3.520377502930249466e+04
-3.597932595528520324e+04
-3.682647802626374323e+04
-2.906779715129549368e+04
-2.906717212698170624e+04
-2.906530882902254962e+04
-2.906224268815450341e+04
-2.905803310823022184e+04
-2.905276399515886442e+04
-2.904654449742062570e+04
-2.903950995815794158e+04
-2.903182307884163674e+04
-2.902367529451345763e+04
-2.901528836060351750e+04
-2.900691615132474908e+04
-2.899884666964115604e+04
-2.899140426881441090e+04
-2.898495208552341501e+04
-2.897989468456187751e+04
-2.897668091510975501e+04
-2.897580697858193162e+04
-2.897781970805177843e+04
-2.898332005925058911e+04
-2.899296681314273155e+04
-2.900748049007719237e+04
-2.902764747551302571e+04
-2.905432435732303566e+04
-2.908844247467139576e+04
-2.913101267846727569e+04
-2.918313030339456600e+04
-2.924598035151751537e+04
-2.932084288746150924e+04
-2.940909864516952803e+04
-2.951223484623520199e+04
-2.963185122981078166e+04
-2.976966629409089364e+04
-2.992752374937259083e+04
-3.010739918269049303e+04
-3.031140693402787292e+04
-3.054180718410364352e+04
-3.080101325373511645e+04
-3.109159911477583591e+04
-3.141630711262999830e+04
-3.177805590034204215e+04
-3.217994858426224164e+04
-3.262528108128775057e+04
-3.311755068767989724e+04
-3.366046485945630411e+04
-3.425795020435968763e+04
-3.491416168540208309e+04
-3.563349203598433814e+04
-3.642058138659167162e+04
-3.728032710306555964e+04
-2.940320046927429939e+04
-2.940256748730663094e+04
-2.940068049063438229e+04
-2.939757543429949146e+04
-2.939331260120461229e+04
-2.938797713886082056e+04
-2.938167981083535778e+04
-2.937455796289836871e+04
-2.936677670386957470e+04
-2.935853030116369700e+04
-2.935004379103485917e+04
-2.934157480352124185e+04
-2.933341560208855662e+04
-2.932589533797268086e+04
-2.931938251922188647e+04
-2.931428769443804413e+04
-2.931106635121770523e+04
-2.931022202929207560e+04
-2.931230964836616477e+04
-2.931793905065784566e+04
-2.932777875813571882e+04
-2.934255994445618853e+04
-2.936308062160070403e+04
-2.939021004121074293e+04
-2.942489331062432029e+04
-2.946815622360954148e+04
-2.952111030579926592e+04
-2.958495807482343662e+04
-2.966099851514247712e+04
-2.975063276757895801e+04
-2.985537003354822082e+04
-2.997683369398962168e+04
-3.011676764299565912e+04
-3.027704283614128872e+04
-3.045966405351280628e+04
-3.066677687743500428e+04
-3.090067488489833704e+04
-3.116380705468547967e+04
-3.145878538919689527e+04
-3.178839275097575228e+04
-3.215559091393253766e+04
-3.256352882926837628e+04
-3.301555110609795520e+04
-3.351520670677208545e+04
-3.406625785689899931e+04
-3.467268917006540869e+04
-3.533871698725665192e+04
-3.606879893097583408e+04
-3.686764367406368547e+04
-3.774022092321550008e+04
-2.974257890467116522e+04
-2.974193741801811848e+04
-2.974002508768546249e+04
-2.973687841147550716e+04
-2.973255858213702959e+04
-2.972715203198233576e+04
-2.972077119535208476e+04
-2.971355548892531442e+04
-2.970567250987822263e+04
-2.969731945188862665e+04
-2.968872473898803582e+04
-2.968014987725991159e+04
-2.967189152438566816e+04
-2.966428377703700244e+04
-2.965770067611530249e+04
-2.965255892983769445e+04
-2.964932085467076104e+04
-2.964849753411023630e+04
-2.965065219530802278e+04
-2.965640380354623994e+04
-2.966643087455792556e+04
-2.968147550469491398e+04
-2.970234761894225812e+04
-2.972992943677995208e+04
-2.976518015589106653e+04
-2.980914085371747205e+04
-2.986293960686148057e+04
-2.992779682833586048e+04
-3.000503082265891862e+04
-3.009606355879803596e+04
-3.020242666095944514e+04
-3.032576761722468291e+04
-3.046785620603476855e+04
-3.063059114052026052e+04
-3.081600693067875545e+04
-3.102628096339954209e+04
-3.126374080033472637e+04
-3.153087169361739871e+04
-3.183032431942677067e+04
-3.216492272939970644e+04
-3.253767251989034776e+04
-3.295176921907546784e+04
-3.341060689190707490e+04
-3.391778696291230153e+04
-3.447712725683947792e+04
-3.509267125715190195e+04
-3.576869758236841881e+04
-3.650972968024956208e+04
-3.732054573983255250e+04
-3.820618882131237478e+04
-3.008612830264989316e+04
-3.008547780036613403e+04
-3.008353860942522078e+04
-3.008034778806549730e+04
-3.007596746836977763e+04
-3.007048540879611028e+04
-3.006401576771907639e+04
-3.005670009798383398e+04
-3.004870856247075426e+04
-3.004024137067363336e+04
-3.003153043628882369e+04
-3.002284125581670014e+04
-3.001447500817418040e+04
-3.000677087532012956e+04
-3.000010858389297573e+04
-2.999491116785875420e+04
-2.999164795217217397e+04
-2.999083775744968443e+04
-2.999305232565382175e+04
-2.999891996678972282e+04
-3.000912942661365378e+04
-3.002443397535338590e+04
-3.004565571744080808e+04
-3.007369012225574261e+04
-3.010951077588197222e+04
-3.015417435387581281e+04
-3.020882581504572227e+04
-3.027470381624368383e+04
-3.035314634817009573e+04
-3.044559659218857632e+04
-3.055360899815357698e+04
-3.067885558325052261e+04
-3.082313245184659536e+04
-3.098836653635435141e+04
-3.117662255910714521e+04
-3.139011021524564057e+04
-3.163119157661763893e+04
-3.190238871668869251e+04
-3.220639155646494328e+04
-3.254606593142826023e+04
-3.292446187948244915e+04
-3.334482214991244837e+04
-3.381059093335439684e+04
-3.432542281277853908e+04
-3.489319193548311159e+04
-3.551800140610096423e+04
-3.620419290061789798e+04
-3.695635650140240614e+04
-3.777934075324756850e+04
-3.867826294042581867e+04
-3.043429919663791952e+04
-3.043363971922474957e+04
-3.043167379105333021e+04
-3.042843903643202430e+04
-3.042399853621791044e+04
-3.041844138833211764e+04
-3.041188349248045415e+04
-3.040446855908120779e+04
-3.039636934239811671e+04
-3.038778909787906014e+04
-3.037896326370213501e+04
-3.037016136652591740e+04
-3.036168915144795028e+04
-3.035389093616697573e+04
-3.034715218935272787e+04
-3.034190233322152926e+04
-3.033861777031721067e+04
-3.033782513449899488e+04
-3.034010476613463470e+04
-3.034609441150031489e+04
-3.035649314638557553e+04
-3.037206552390554134e+04
-3.039364594651794687e+04
-3.042214326224724937e+04
-3.045854558511382493e+04
-3.050392533976989944e+04
-3.055944453034118487e+04
-3.062636023347496666e+04
-3.070603031559322699e+04
-3.079991937435295404e+04
-3.090960490431160360e+04
-3.103678368679952837e+04
-3.118327840399726847e+04
-3.135104447721971155e+04
-3.154217712940611091e+04
-3.175891867181614725e+04
-3.200366601493142662e+04
-3.227897840356445522e+04
-3.258758537617171532e+04
-3.293239494837446546e+04
-3.331650202068461658e+04
-3.374319701043670648e+04
-3.421597470792667445e+04
-3.473854335675548646e+04
-3.531483395837957505e+04
-3.594900980086722120e+04
-3.664547621186138713e+04
-3.740889053574642458e+04
-3.824417233502440649e+04
-3.915651381589437369e+04
-3.078743333192876889e+04
-3.078676527498878932e+04
-3.078477379582243520e+04
-3.078149708310818824e+04
-3.077699916370245046e+04
-3.077137047122744843e+04
-3.076472864209516410e+04
-3.075721953896517152e+04
-3.074901850163988638e+04
-3.074033182539267000e+04
-3.073139846673297507e+04
-3.072249197660631762e+04
-3.071392266102851863e+04
-3.070603996915733296e+04
-3.069923510879669266e+04
-3.069394388933886876e+04
-3.069064979213985862e+04
-3.068988726833110195e+04
-3.069224526406577206e+04
-3.069837097320201065e+04
-3.070897381741825666e+04
-3.072482965376795619e+04
-3.074678520966552242e+04
-3.077576274531036324e+04
-3.081276494354512397e+04
-3.085888002714945833e+04
-3.091528710356814918e+04
-3.098326173707636190e+04
-3.106418174837826518e+04
-3.115953324164231526e+04
-3.127091685897092975e+04
-3.140005426230539888e+04
-3.154879484276737639e+04
-3.171912265743395983e+04
-3.191316359354867745e+04
-3.213319276016850199e+04
-3.238164210724471923e+04
-3.266110827214048550e+04
-3.297436065358251653e+04
-3.332434971304867213e+04
-3.371421550359090179e+04
-3.414729642609274742e+04
-3.462713821296300011e+04
-3.515750313926430681e+04
-3.574237946127656323e+04
-3.638599108249600977e+04
-3.709280744707035046e+04
-3.786755366066723218e+04
-3.871522083877983096e+04
-3.964107668246700632e+04
-3.114529096534343262e+04
-3.114461443792650971e+04
-3.114259773645661335e+04
-3.113927961862611119e+04
-3.113472506509339655e+04
-3.112902585623733830e+04
-3.112230137961651053e+04
-3.111469966812765051e+04
-3.110639866886828895e+04
-3.109760774270205002e+04
-3.108856939452392544e+04
-3.107956123423043027e+04
-3.107089816838986371e+04
-3.106293482261566169e+04
-3.105606819464226646e+04
-3.105074053810274563e+04
-3.104744247700842607e+04
-3.104671635093155783e+04
-3.104915979088957101e+04
-3.105542952593123482e+04
-3.106624542042610847e+04
-3.108239474205523584e+04
-3.110473666050468455e+04
-3.113420697686065250e+04
-3.117182308370744067e+04
-3.121868915592741541e+04
-3.127600157220306573e+04
-3.134505456722142117e+04
-3.142724611458023719e+04
-3.152408404039757079e+04
-3.163719236762215223e+04
-3.176831789104698328e+04
-3.191933698302449193e+04
-3.209226262988445524e+04
-3.228925169905408984e+04
-3.251261243687939714e+04
-3.276481219715044426e+04
-3.304848540032726305e+04
-3.336644172346889536e+04
-3.372167452086434059e+04
-3.411736947536566004e+04
-3.455691348042394384e+04
-3.504390375282586319e+04
-3.558215717613454035e+04
-3.617571987483134581e+04
-3.682887701916007791e+04
-3.754616286067387409e+04
-3.833237099848270736e+04
-3.919256487620662665e+04
-4.013208850962643191e+04
-3.150752413795483517e+04
-3.150683885043283226e+04
-3.150479606210796555e+04
-3.150143511270732415e+04
-3.149682195845764363e+04
-3.149104975710710278e+04
-3.148423968695587973e+04
-3.147654199989672634e+04
-3.146813730846196268e+04
-3.145923810688230151e+04
-3.145009052615135079e+04
-3.144097632310123663e+04
-3.143221510348661104e+04
-3.142416677907629128e+04
-3.141723425875508474e+04
-3.141186637363336195e+04
-3.140856103616640758e+04
-3.140786863328154868e+04
-3.141039565351539204e+04
-3.141680854815826751e+04
-3.142783782640876598e+04
-3.144428238453654922e+04
-3.146701406905418116e+04
-3.149698247389681637e+04
-3.153521997161295440e+04
-3.158284697856111234e+04
-3.164107745411743235e+04
-3.171122463389125915e+04
-3.179470699695006988e+04
-3.189305446705173381e+04
-3.200791484788757953e+04
-3.214106049233293015e+04
-3.229439520570727836e+04
-3.246996138304178749e+04
-3.266994738035794944e+04
-3.289669511995264475e+04
-3.315270792969349714e+04
-3.344065861632298765e+04
-3.376339777277040412e+04
-3.412396231947344495e+04
-3.452558427970834600e+04
-3.497169978892907238e+04
-3.546595833811472403e+04
-3.601223225112650834e+04
-3.661462639607250458e+04
-3.727748813068252639e+04
-3.800541748169107450e+04
-3.880327755822811014e+04
-3.967620519922128005e+04
-4.062962185480389599e+04
-3.187394855594278488e+04
-3.187325419310227880e+04
-3.187118437676608301e+04
-3.186777904217303148e+04
-3.186310514366514326e+04
-3.185725724810346946e+04
-3.185035836564988131e+04
-3.184256101791614492e+04
-3.183404854347794753e+04
-3.182503664075639608e+04
-3.181577514826579863e+04
-3.180655006222648808e+04
-3.179768579154538020e+04
-3.178954765016270176e+04
-3.178254458676417198e+04
-3.177713215185996160e+04
-3.177381570223049494e+04
-3.177315384273809832e+04
-3.177576210550404357e+04
-3.178231686645437003e+04
-3.179355949922933723e+04
-3.181030076646050293e+04
-3.183342544841494237e+04
-3.186389720900350949e+04
-3.190276369915770192e+04
-3.195116189757150278e+04
-3.201032368881017828e+04
-3.208158167878463428e+04
-3.216637524759343796e+04
-3.226625683972968545e+04
-3.238289849165512715e+04
-3.251809859674007021e+04
-3.267378890757032786e+04
-3.285204177561978577e+04
-3.305507762828916020e+04
-3.328527268331227970e+04
-3.354516690052695776e+04
-3.383747217101379647e+04
-3.416508074360037426e+04
-3.453107388873174204e+04
-3.493873079970786785e+04
-3.539153773128680041e+04
-3.589319737565424293e+04
-3.644763847576010448e+04
-3.705902567602023191e+04
-3.773176961038525042e+04
-3.847053722777630173e+04
-3.928026235488485690e+04
-4.016615649634174042e+04
-4.113371987225042540e+04
-3.224415125592048571e+04
-3.224344773996265212e+04
-3.224135066502666086e+04
-3.223790057032998448e+04
-3.223316542258469417e+04
-3.222724121802123409e+04
-3.222025282522334601e+04
-3.221235506877064472e+04
-3.220373405369320972e+04
-3.219460873073320545e+04
-3.218523270241954742e+04
-3.217589626994900755e+04
-3.216692872087873548e+04
-3.215870085762865347e+04
-3.215162776679259696e+04
-3.214617182926053647e+04
-3.214284597114828648e+04
-3.214221715553956528e+04
-3.214491011503590562e+04
-3.215161132511684264e+04
-3.216307321831000445e+04
-3.218011863917089067e+04
-3.220364554007152765e+04
-3.223463191780080524e+04
-3.227414099097159487e+04
-3.232332661824048046e+04
-3.238343895733554382e+04
-3.245583036489407823e+04
-3.254196153711031729e+04
-3.264340789119292458e+04
-3.276186618763161096e+04
-3.289916139327440033e+04
-3.305725378521347011e+04
-3.323824629548163648e+04
-3.344439209655837476e+04
-3.367810242768483295e+04
-3.394195466198986833e+04
-3.423870061442416045e+04
-3.457127509050559456e+04
-3.494280467587349267e+04
-3.535661676665258710e+04
-3.581624884062674391e+04
-3.632545796922306909e+04
-3.688823057030430937e+04
-3.750879240177261090e+04
-3.819161879598158703e+04
-3.894144513495909632e+04
-3.976327756643911562e+04
-4.066240396070341376e+04
-4.164440510823349905e+04
-3.261781569865039637e+04
-3.261710310346925326e+04
-3.261497899340960430e+04
-3.261148451710386871e+04
-3.260668866287438141e+04
-3.260068886963765544e+04
-3.259361188216762093e+04
-3.258561485072246433e+04
-3.257688667503085890e+04
-3.256764959264148638e+04
-3.255816101163095664e+04
-3.254871558767665556e+04
-3.253964754548749625e+04
-3.253133324459820142e+04
-3.252419398952383199e+04
-3.251869908427580594e+04
-3.251536913123948034e+04
-3.251477957441268518e+04
-3.251756448700581677e+04
-3.252442060340247554e+04
-3.253611159548286741e+04
-3.255347259330712768e+04
-3.257741495016012414e+04
-3.260893125195844914e+04
-3.264910057101773418e+04
-3.269909396418161850e+04
-3.276018021531171325e+04
-3.283373182213992550e+04
-3.292123122748034075e+04
-3.302427729480396374e+04
-3.314459202817365440e+04
-3.328402753654120170e+04
-3.344457324240473827e+04
-3.362836333482870396e+04
-3.383768446682372451e+04
-3.407498369708864630e+04
-3.434287667611382494e+04
-3.464415607664531126e+04
-3.498180026851017465e+04
-3.535898223780435364e+04
-3.577907875044022512e+04
-3.624567976005607488e+04
-3.676259806028714229e+04
-3.733387918139815156e+04
-3.796381153127567813e+04
-3.865693678078359517e+04
-3.941806049347936641e+04
-4.025226299968952662e+04
-4.116491051495083229e+04
-4.216166650280780595e+04
-3.299576034497396904e+04
-3.299503866541441676e+04
-3.299288750720493408e+04
-3.298934863573887560e+04
-3.298449207329197088e+04
-3.297841671895195032e+04
-3.297125121652045345e+04
-3.296315507038679789e+04
-3.295432000937387056e+04
-3.294497159855602513e+04
-3.293537109904770477e+04
-3.292581757576651580e+04
-3.291665025316584070e+04
-3.290825111894047586e+04
-3.290104777570442820e+04
-3.289551654063991737e+04
-3.289218579311920621e+04
-3.289163957029749872e+04
-3.289452141067874618e+04
-3.290153844565247709e+04
-3.291346573900284420e+04
-3.293115087439056515e+04
-3.295551879080503568e+04
-3.298757686599007866e+04
-3.302842024784084788e+04
-3.307923743377275969e+04
-3.314131609806197230e+04
-3.321604916715909349e+04
-3.330494114297343185e+04
-3.340961467412994534e+04
-3.353181737519799208e+04
-3.367342889389197808e+04
-3.383646822624409106e+04
-3.402310127974890929e+04
-3.423564868447990739e+04
-3.447659385217780073e+04
-3.474859128331142711e+04
-3.505447512210997229e+04
-3.539726795956700516e+04
-3.578018988441744295e+04
-3.620666778208538017e+04
-3.668034488160455658e+04
-3.720509055051022733e+04
-3.778501033770380309e+04
-3.842445626428868127e+04
-3.912803736237819976e+04
-3.990063046187562577e+04
-4.074739122522688558e+04
-4.167376543014306662e+04
-4.268550050029765407e+04
-3.337922229116705421e+04
-3.337849141706136288e+04
-3.337631288342946209e+04
-3.337272908211549657e+04
-3.336781108548757038e+04
-3.336165927537778771e+04
-3.335440422360137745e+04
-3.334620782404983765e+04
-3.333726467636211601e+04
-3.332780372117074148e+04
-3.331809012692701799e+04
-3.330842742829963390e+04
-3.329915991615163512e+04
-3.329067527909366618e+04
-3.328340749661273003e+04
-3.327783998377937678e+04
-3.327450898752897047e+04
-3.327400723452090460e+04
-3.327698783057401306e+04
-3.328416841167871462e+04
-3.329633554658469075e+04
-3.331434939096634480e+04
-3.333914859316361253e+04
-3.337175545149987738e+04
-3.341328132317597192e+04
-3.346493228474146599e+04
-3.352801504414119700e+04
-3.360394310433894861e+04
-3.369424317851829983e+04
-3.380056185685794480e+04
-3.392467252488622034e+04
-3.406848253340944939e+04
-3.423404062001874263e+04
-3.442354458217194770e+04
-3.463934920185303781e+04
-3.488397442180724465e+04
-3.516011377335328871e+04
-3.547064305577141931e+04
-3.581862926726861042e+04
-3.620733978751951508e+04
-3.664025181178499042e+04
-3.712106203660544998e+04
-3.765369659707245592e+04
-3.824232125567541516e+04
-3.889135184272564220e+04
-3.960546494835644262e+04
-4.038960886609971931e+04
-4.124901478803913051e+04
-4.218920825153992337e+04
-4.321602083755467174e+04
-3.376840156402507273e+04
-3.376766134206100105e+04
-3.376545497673755017e+04
-3.376182549734483473e+04
-3.375684504464668134e+04
-3.375061550879913557e+04
-3.374326942243901431e+04
-3.373497110893838544e+04
-3.372591808582861995e+04
-3.371634272339027666e+04
-3.370651415841272683e+04
-3.369674046312068822e+04
-3.368737106926859997e+04
-3.367879944740311475e+04
-3.367146604129330808e+04
-3.366586145752869197e+04
-3.366252991028493852e+04
-3.366207292125832464e+04
-3.366515327476617676e+04
-3.367249922801747744e+04
-3.368490897654968285e+04
-3.370325537483332300e+04
-3.372849091204619617e+04
-3.376165294301285758e+04
-3.380386917431418988e+04
-3.385636340556363575e+04
-3.392046152585156960e+04
-3.399759776535725541e+04
-3.408932120212951850e+04
-3.419730252403397026e+04
-3.432334104586914327e+04
-3.446937198164977599e+04
-3.463747397205862217e+04
-3.482987686706544628e+04
-3.504896976371420897e+04
-3.529730929907799873e+04
-3.557762819838198629e+04
-3.589284407829397242e+04
-3.624606850538268191e+04
-3.664061630974448053e+04
-3.708001515379735793e+04
-3.756801535624312237e+04
-3.810859997119683976e+04
-3.870599512248521933e+04
-3.936468059311154502e+04
-4.008940066988947365e+04
-4.088517524324433907e+04
-4.175731116218202078e+04
-4.271141384442576236e+04
-4.375339914172158024e+04
-3.416271509242668981e+04
-3.416196530492854799e+04
-3.415973045936810377e+04
-3.415605423593267915e+04
-3.415100986622006167e+04
-3.414470078016787738e+04
-3.413726151175290579e+04
-3.412885886346414190e+04
-3.411969332954412675e+04
-3.411000077800609870e+04
-3.410005439141778334e+04
-3.409016686646107701e+04
-3.408069287226033339e+04
-3.407203176748300757e+04
-3.406463057621265762e+04
-3.405898722259179340e+04
-3.405565402423769410e+04
-3.405524144442892430e+04
-3.405842210306370544e+04
-3.406593504638951708e+04
-3.407859027550431347e+04
-3.409727353362918075e+04
-3.412295135215327900e+04
-3.415667635544851510e+04
-3.419959282445732242e+04
-3.425294251905140118e+04
-3.431807075916179019e+04
-3.439643276468091790e+04
-3.448960025413519179e+04
-3.459926830213052017e+04
-3.472726245556795766e+04
-3.487554610863172275e+04
-3.504622813654797937e+04
-3.524157078811636893e+04
-3.546399783701148408e+04
-3.571610299185687472e+04
-3.600065856507006538e+04
-3.632062440047998098e+04
-3.667915705971400894e+04
-3.707961926735889574e+04
-3.752558961489111243e+04
-3.802087252337996324e+04
-3.856950846496167651e+04
-3.917578444308516919e+04
-3.984424473152925202e+04
-4.057970187219127547e+04
-4.138724793164742005e+04
-4.227226601648442011e+04
-4.324044204740277928e+04
-4.429777679209123744e+04
-3.456179434077569749e+04
-3.456103471844841988e+04
-3.455877058985561598e+04
-3.455504630136497144e+04
-3.454993620092626952e+04
-3.454354529407613882e+04
-3.453601016234602139e+04
-3.452750014407050912e+04
-3.451821877759946801e+04
-3.450840550691122917e+04
-3.449833764962774876e+04
-3.448833262743255909e+04
-3.447875045889047033e+04
-3.446999651466890646e+04
-3.446252453516165406e+04
-3.445683991051519115e+04
-3.445350322305585723e+04
-3.445313405212031648e+04
-3.445641504128748056e+04
-3.446409622801234946e+04
-3.447699963566228689e+04
-3.449602412795542477e+04
-3.452215052580057818e+04
-3.455644698654001695e+04
-3.460007464559320942e+04
-3.465429352050420857e+04
-3.472046867738922447e+04
-3.480007665978787554e+04
-3.489471217991568847e+04
-3.500609507231875614e+04
-3.513607750993025547e+04
-3.528665148253025836e+04
-3.545995653760537243e+04
-3.565828778361267905e+04
-3.588410415564447612e+04
-3.614003694349538273e+04
-3.642889858213129628e+04
-3.675369170456133725e+04
-3.711761845711051137e+04
-3.752409007709490834e+04
-3.797673673290025181e+04
-3.847941762646011921e+04
-3.903623135813832778e+04
-3.965152655401244556e+04
-4.032991275555899483e+04
-4.107627157174206513e+04
-4.189576809350274561e+04
-4.279386257065014070e+04
-4.377632235115742515e+04
-4.484923408285574260e+04
-3.496503933516844700e+04
-3.496426978194560070e+04
-3.496197608545742696e+04
-3.495820326830369595e+04
-3.495302681167766423e+04
-3.494655332065693801e+04
-3.493892145561007055e+04
-3.493030312971958483e+04
-3.492090497262220015e+04
-3.491097006016327941e+04
-3.490077991026971722e+04
-3.489065674493731058e+04
-3.488096601833562454e+04
-3.487211921102865017e+04
-3.486457689031125483e+04
-3.485885203666296002e+04
-3.485551363631653658e+04
-3.485519053994461865e+04
-3.485857558746066206e+04
-3.486642999893776869e+04
-3.487958803164266283e+04
-3.489896190318680601e+04
-3.492554698079233640e+04
-3.496042723667671817e+04
-3.500478096955056390e+04
-3.505988679223471991e+04
-3.512712988539112121e+04
-3.520800851737110497e+04
-3.530414083018054225e+04
-3.541727189155963424e+04
-3.554928101318037079e+04
-3.570218933495941747e+04
-3.587816767548766074e+04
-3.607954464857577113e+04
-3.630881504591618432e+04
-3.656864848586142034e+04
-3.686189832831818057e+04
-3.719161085575837205e+04
-3.756103472034572769e+04
-3.797363065717915742e+04
-3.843308146365194989e+04
-3.894330224492790148e+04
-3.950845092553287395e+04
-4.013293902706297376e+04
-4.082144271200920775e+04
-4.157891409369780740e+04
-4.241059281234806258e+04
-4.332201787724377209e+04
-4.431903977502466296e+04
-4.540783284409072803e+04
-3.537143004277716682e+04
-3.537065072905720444e+04
-3.536832797659907374e+04
-3.536450748650536116e+04
-3.535926587727638253e+04
-3.535271135980294639e+04
-3.534498468235680048e+04
-3.533626034557905223e+04
-3.532674808746420604e+04
-3.531669463834368071e+04
-3.530638574586478353e+04
-3.529614846996797132e+04
-3.528635374786068132e+04
-3.527741922898955818e+04
-3.526981238000878511e+04
-3.526405385974631645e+04
-3.526072116416753124e+04
-3.526045254133539856e+04
-3.526395117636938812e+04
-3.527198964639944461e+04
-3.528541464551999525e+04
-3.530515197973882459e+04
-3.533221183192465105e+04
-3.536769429675125866e+04
-3.541279518564012687e+04
-3.546881210169770202e+04
-3.553715078465382976e+04
-3.561933172579372331e+04
-3.571699705288979749e+04
-3.583191768512941053e+04
-3.596600075804061635e+04
-3.612129731841468310e+04
-3.630001028922618571e+04
-3.650450270455057034e+04
-3.673730621447898739e+04
-3.700112986002936668e+04
-3.729886911805652198e+04
-3.763361521615817037e+04
-3.800866471757893305e+04
-3.842752937611135712e+04
-3.889394626099471498e+04
-3.941188815180970414e+04
-3.998557420337242365e+04
-4.061948088062397437e+04
-4.131835316351838992e+04
-4.208721602190737758e+04
-4.293138616042194190e+04
-4.385648403335297917e+04
-4.486844612952667376e+04
-4.597353752717930183e+04
-3.578114031853392225e+04
-3.578035141226854466e+04
-3.577800010859298345e+04
-3.577413278988481034e+04
-3.576882721681878320e+04
-3.576219321343576303e+04
-3.575437362624020170e+04
-3.574554555732350855e+04
-3.573592187151625694e+04
-3.572575297756749933e+04
-3.571532888335168536e+04
-3.570498152510308137e+04
-3.569508737067850598e+04
-3.568607029684649024e+04
-3.567840474060528504e+04
-3.567261912452701654e+04
-3.566929955613101629e+04
-3.566909380128403427e+04
-3.567271553162716737e+04
-3.568094884603212995e+04
-3.569465306608366518e+04
-3.571476780559039616e+04
-3.574231831412338943e+04
-3.577842109458074265e+04
-3.582428979478202382e+04
-3.588124137308920035e+04
-3.595070253805450193e+04
-3.603421646209691244e+04
-3.613344976920655608e+04
-3.625019979667503503e+04
-3.638640213085485448e+04
-3.654413841694637813e+04
-3.672564444281155011e+04
-3.693331849681503809e+04
-3.716972999969531520e+04
-3.743762841045967070e+04
-3.773995240631015622e+04
-3.807983933659499598e+04
-3.846063495078893902e+04
-3.888590340049954830e+04
-3.935943751550334127e+04
-3.988526935380812210e+04
-4.046768102574204386e+04
-4.111121579207262403e+04
-4.182068943615160242e+04
-4.260120191008786787e+04
-4.345814925494791532e+04
-4.439723579498396430e+04
-4.542448660589020437e+04
-4.654626025708534144e+04
-3.619601527873033774e+04
-3.619521666484281013e+04
-3.619283646858556313e+04
-3.618892176521033980e+04
-3.618355147692402534e+04
-3.617683706807107956e+04
-3.616892351838648756e+04
-3.615999057432315021e+04
-3.615025427845077502e+04
-3.613996877692778071e+04
-3.612942840504609921e+04
-3.611897005084757257e+04
-3.610897579681405477e+04
-3.609987583962936333e+04
-3.609215168801427353e+04
-3.608633963863359531e+04
-3.608303453007662029e+04
-3.608289377490928746e+04
-3.608664166979975562e+04
-3.609507398371550516e+04
-3.610906282419418858e+04
-3.612956178168688348e+04
-3.615761135197257681e+04
-3.619434463664751092e+04
-3.624099332168462570e+04
-3.629889393406816816e+04
-3.636949437649872561e+04
-3.645436074017175270e+04
-3.655518439562903950e+04
-3.667378936168245855e+04
-3.681213995240912482e+04
-3.697234870222169411e+04
-3.715668456900917226e+04
-3.736758141535096365e+04
-3.760764676780282025e+04
-3.787967085425772530e+04
-3.818663591937591264e+04
-3.853172581809054100e+04
-3.891833588718389365e+04
-3.935008309493739944e+04
-3.983081646885345981e+04
-4.036462780145074794e+04
-4.095586263413120469e+04
-4.160913151911959721e+04
-4.232932155947676802e+04
-4.312160822718468262e+04
-4.399146745930355974e+04
-4.494468803220245172e+04
-4.598738421386294795e+04
-4.712600869425319979e+04
-3.661743654511576460e+04
-3.661662791145619121e+04
-3.661421789203115623e+04
-3.661025427252434747e+04
-3.660481716581634828e+04
-3.659801971709791542e+04
-3.659000909102759033e+04
-3.658096774093370186e+04
-3.657111496006289963e+04
-3.656070871487202385e+04
-3.655004776036689873e+04
-3.653947403748393117e+04
-3.652937535251880036e+04
-3.652018833859885490e+04
-3.651240169920150220e+04
-3.650655973371653090e+04
-3.650326614505448379e+04
-3.650318812929906562e+04
-3.650706074740632903e+04
-3.651569157894665841e+04
-3.652996565789332817e+04
-3.655085069045493583e+04
-3.657940255495515885e+04
-3.661677108375414537e+04
-3.666420612721781072e+04
-3.672306389973085606e+04
-3.679481360775496432e+04
-3.688104435993221705e+04
-3.698347235923318658e+04
-3.710394837715127505e+04
-3.724446550993967685e+04
-3.740716721689609403e+04
-3.759435564069028624e+04
-3.780850020973895880e+04
-3.805224652262227028e+04
-3.832842551454956265e+04
-3.864006290586654359e+04
-3.899038893260980694e+04
-3.938284835910492257e+04
-3.982111077261020546e+04
-4.030908116000633163e+04
-4.085091076652898482e+04
-4.145100823654844135e+04
-4.211405103639336448e+04
-4.284499715921927418e+04
-4.364909711192278337e+04
-4.453190618410116440e+04
-4.549929699905494635e+04
-4.655747234683818533e+04
-4.771297829935216578e+04
-3.704482649569062050e+04
-3.704400760926363000e+04
-3.704156707274629298e+04
-3.703755339742760407e+04
-3.703204791211744305e+04
-3.702516547813490615e+04
-3.701705549029851682e+04
-3.700790316390695079e+04
-3.699793110772025830e+04
-3.698740118293595151e+04
-3.697661664815973199e+04
-3.696592459037611115e+04
-3.695571864191233908e+04
-3.694644198339953437e+04
-3.693859063273098582e+04
-3.693271702001539234e+04
-3.692943384852700547e+04
-3.692941824165279104e+04
-3.693341617583441257e+04
-3.694224719950831786e+04
-3.695680943804030539e+04
-3.697808488465745177e+04
-3.700714497737646889e+04
-3.704515646192814165e+04
-3.709338754067764239e+04
-3.715321430754123139e+04
-3.722612746890065318e+04
-3.731373935051156150e+04
-3.741779119041036029e+04
-3.754016071781538631e+04
-3.768287001802679151e+04
-3.784809368332047598e+04
-3.803816724983933818e+04
-3.825559592048046034e+04
-3.850306357378031680e+04
-3.878344205879290530e+04
-3.909980077596759656e+04
-3.945541654402098357e+04
-3.985378375280684850e+04
-4.029862480218025303e+04
-4.079390082686008827e+04
-4.134382270728721778e+04
-4.195286236647752958e+04
-4.262576435287384811e+04
-4.336755770919217321e+04
-4.418356812726490170e+04
-4.507943038888051524e+04
-4.606110109261903563e+04
-4.713487166668492137e+04
-4.830738166773440753e+04
-3.747729061055138300e+04
-3.747646134922835336e+04
-3.747398993321475427e+04
-3.746992561137179291e+04
-3.746435094845546701e+04
-3.745738255009648128e+04
-3.744917207777159638e+04
-3.743990755376926973e+04
-3.742981495614400774e+04
-3.741916010366653791e+04
-3.740825083076255396e+04
-3.739743945244611677e+04
-3.738712551924339641e+04
-3.737775886210938916e+04
-3.736984292733629263e+04
-3.736393840145377908e+04
-3.736066712612212723e+04
-3.736071630301630648e+04
-3.736484298870258499e+04
-3.737387887950737058e+04
-3.738873538637773891e+04
-3.741040899973462365e+04
-3.743998694431695912e+04
-3.747865312401857955e+04
-3.752769435671794054e+04
-3.758850689909768698e+04
-3.766260326145857834e+04
-3.775161931252382783e+04
-3.785732167423707142e+04
-3.798161540655000135e+04
-3.812655198220463353e+04
-3.829433755150578509e+04
-3.848734149708708719e+04
-3.870810527866649500e+04
-3.895935156779801036e+04
-3.924399367261052248e+04
-3.956514525254264299e+04
-3.992613032306760579e+04
-4.033049355041074887e+04
-4.078201083625898173e+04
-4.128470019246223092e+04
-4.184283290572676196e+04
-4.246094499230130896e+04
-4.314384894265407638e+04
-4.389664575614268688e+04
-4.472473726567592530e+04
-4.563383875236734457e+04
-4.662999185018082062e+04
-4.771957774056896596e+04
-4.890933063710250281e+04
-3.791442220029978489e+04
-3.791358249838439224e+04
-3.791108000924356747e+04
-3.790696472972306219e+04
-3.790132047800370492e+04
-3.789426562875859963e+04
-3.788595414237065415e+04
-3.787657688821674674e+04
-3.786636326201015618e+04
-3.785558309720878606e+04
-3.784454887048531964e+04
-3.783361820125838858e+04
-3.782319664528891735e+04
-3.781374078233716136e+04
-3.780576159788307268e+04
-3.779982815890987695e+04
-3.779657158374902792e+04
-3.779668930598887528e+04
-3.780094963244539395e+04
-3.781019659519594279e+04
-3.782535509767562326e+04
-3.784743635483529215e+04
-3.787754362736420444e+04
-3.791687824997341522e+04
-3.796674595374243654e+04
-3.802856348252938187e+04
-3.810386550344237912e+04
-3.819431181137428939e+04
-3.830169482760022220e+04
-3.842794739243789809e+04
-3.857515085196904693e+04
-3.874554343882614194e+04
-3.894152894703925267e+04
-3.916568570094717143e+04
-3.942077581816984457e+04
-3.970975476664522284e+04
-4.003578121572700911e+04
-4.040222718134562456e+04
-4.081268846523261891e+04
-4.127099538820621092e+04
-4.178122381752140063e+04
-4.234770648828020785e+04
-4.297504461890725361e+04
-4.366811982068596990e+04
-4.443210630135847896e+04
-4.527248336278762872e+04
-4.619504819268191204e+04
-4.720592895038301504e+04
-4.831159814671592176e+04
-4.951888631790177169e+04
-3.835547659061406739e+04
-3.835462649379317736e+04
-3.835209307095221448e+04
-3.834792707408599381e+04
-3.834221358695476374e+04
-3.833507277073754085e+04
-3.832666090794518823e+04
-3.831717174459639500e+04
-3.830683813065457070e+04
-3.829593395872491965e+04
-3.828477640101373981e+04
-3.827372844454814185e+04
-3.826320172465790529e+04
-3.825365965671742742e+04
-3.824562086614983855e+04
-3.823966291669146449e+04
-3.823642633691783703e+04
-3.823661894503146323e+04
-3.824102047190953454e+04
-3.825048748241418070e+04
-3.826595859496286721e+04
-3.828845999936056614e+04
-3.831911127289250726e+04
-3.835913149467926269e+04
-3.840984565829179337e+04
-3.847269138262794877e+04
-3.854922592105116928e+04
-3.864113346878925222e+04
-3.875023276859389443e+04
-3.887848501466368180e+04
-3.902800205482514866e+04
-3.920105489097788814e+04
-3.940008247779907106e+04
-3.962770081970976025e+04
-3.988671236610227061e+04
-4.018011570482869865e+04
-4.051111555395129108e+04
-4.088313305175270216e+04
-4.129981634500850487e+04
-4.176505147552074050e+04
-4.228297356491195387e+04
-4.285797829768188240e+04
-4.349473370252314635e+04
-4.419819223190033517e+04
-4.497360313988888811e+04
-4.582652515827591560e+04
-4.676283947092125891e+04
-4.778876298638133449e+04
-4.891086190879211790e+04
-5.013606560701526178e+04
-3.879980863890759065e+04
-3.879894828429894551e+04
-3.879638434064272587e+04
-3.879216831976264075e+04
-3.878638657907670859e+04
-3.877916107816607109e+04
-3.877065043797016551e+04
-3.876105130260947044e+04
-3.875060000383609440e+04
-3.873957452811127587e+04
-3.872829678630958369e+04
-3.871713518605182617e+04
-3.870650750666386739e+04
-3.869688407676351198e+04
-3.868879125447450497e+04
-3.868281521026806149e+04
-3.867960601243095880e+04
-3.867988201516213303e+04
-3.868443454929566360e+04
-3.869413291565095278e+04
-3.870992968101105362e+04
-3.873286627672769100e+04
-3.876407889995361620e+04
-3.880480471750238212e+04
-3.885638837233594677e+04
-3.892028879267779121e+04
-3.899808630375613575e+04
-3.909149004217154288e+04
-3.920234567289434199e+04
-3.933264340888757579e+04
-3.948452633335856081e+04
-3.966029902463542385e+04
-3.986243648367522837e+04
-4.009359336419432657e+04
-4.035661350543014123e+04
-4.065453976752786548e+04
-4.099062416955505614e+04
-4.136833833014468837e+04
-4.179138421076300438e+04
-4.226370516160761326e+04
-4.278949727013013762e+04
-4.337322101218878379e+04
-4.401961320582612825e+04
-4.473369926767502329e+04
-4.552080577199178515e+04
-4.638657331231717399e+04
-4.733696966576365958e+04
-4.837830325993059523e+04
-4.951723694244708167e+04
-5.076080205314100021e+04
-3.924843858020986954e+04
-3.924756794216189883e+04
-3.924497340400678513e+04
-3.924070724725223408e+04
-3.923485711954714498e+04
-3.922754680238240690e+04
-3.921893728587823716e+04
-3.920922815064710448e+04
-3.919865925674188475e+04
-3.918751273968286114e+04
-3.917611531356743217e+04
-3.916484088125970447e+04
-3.915411345166261890e+04
-3.914441036407046340e+04
-3.913626581960241310e+04
-3.913027471971829073e+04
-3.912709681181456108e+04
-3.912746114190164371e+04
-3.913217081436294393e+04
-3.914210805879514373e+04
-3.915823960392859590e+04
-3.918162235863020032e+04
-3.921340939998689282e+04
-3.925485626847060485e+04
-3.930732757018416305e+04
-3.937230388618826692e+04
-3.945138898891022109e+04
-3.954631736563329468e+04
-3.965896204906841012e+04
-3.979134275500437798e+04
-3.994563432704361912e+04
-4.012417548841463577e+04
-4.032947790086833265e+04
-4.056423553065549640e+04
-4.083133432158399228e+04
-4.113386217515885801e+04
-4.147511923780191864e+04
-4.185862849515466951e+04
-4.228814667346056376e+04
-4.276767544802876364e+04
-4.330147295878053410e+04
-4.389406563287482277e+04
-4.455026031441672239e+04
-4.527515670124632015e+04
-4.607416008880866138e+04
-4.695299442110538803e+04
-4.791771564872707677e+04
-4.897472539396779030e+04
-5.013078492301908409e+04
-5.139302942524720856e+04
-3.970303791690618527e+04
-3.970215671041502355e+04
-3.969953072863300622e+04
-3.969521304038913513e+04
-3.968929261291118019e+04
-3.968189509059584088e+04
-3.967318388528563082e+04
-3.966336157805460971e+04
-3.965267163250122394e+04
-3.964140041954909975e+04
-3.962987955375680758e+04
-3.961848854113341804e+04
-3.960765773846379307e+04
-3.959787162414001796e+04
-3.958967238050292508e+04
-3.958366378768901632e+04
-3.958051542898688785e+04
-3.958096720770074171e+04
-3.958583417552187893e+04
-3.959601167240858194e+04
-3.961248077797267615e+04
-3.963631407437547750e+04
-3.966868172072924790e+04
-3.971085783901030663e+04
-3.976422721147534321e+04
-3.983029228958905151e+04
-3.991068051445842138e+04
-4.000715194877501926e+04
-4.012160722026393341e+04
-4.025609577664320386e+04
-4.041282445208775607e+04
-4.059416634520490334e+04
-4.080267000851356715e+04
-4.104106894943561201e+04
-4.131229144279132743e+04
-4.161947065480492165e+04
-4.196595507861730584e+04
-4.235531928130661981e+04
-4.279137496241652116e+04
-4.327818232399280532e+04
-4.382006175212697417e+04
-4.442160581000888487e+04
-4.508769154248588166e+04
-4.582349309213091328e+04
-4.663449462681762816e+04
-4.752650357880414958e+04
-4.850566419532423606e+04
-4.957847140068544832e+04
-5.075178496987716062e+04
-5.203284401368460385e+04
-4.016397668899844575e+04
-4.016308460060993821e+04
-4.016042624101427646e+04
-4.015605548486862972e+04
-4.015006264975729573e+04
-4.014257528592742892e+04
-4.013375928191644198e+04
-4.012382028607427492e+04
-4.011300544398014608e+04
-4.010160545175159496e+04
-4.008995692524834885e+04
-4.007844508517031500e+04
-4.006750675804784260e+04
-4.005763369312792202e+04
-4.004937619515213009e+04
-4.004334707303025789e+04
-4.004022590440615750e+04
-4.004076361611865286e+04
-4.004578738055549911e+04
-4.005620582790123444e+04
-4.007301457427977584e+04
-4.009730206578868092e+04
-4.013025573843057646e+04
-4.017316849393428856e+04
-4.022744549147395446e+04
-4.029461125527865079e+04
-4.037631709813771158e+04
-4.047434886079908756e+04
-4.059063496726204176e+04
-4.072725479596322111e+04
-4.088644736685635871e+04
-4.107062034438669798e+04
-4.128235935635862552e+04
-4.152443762869659258e+04
-4.179982593610114418e+04
-4.211170286859730550e+04
-4.246346541397857800e+04
-4.285873985614303092e+04
-4.330139298932351085e+04
-4.379554364821327181e+04
-4.434557455398301681e+04
-4.495614447619361454e+04
-4.563220071060193732e+04
-4.637899187286041706e+04
-4.720208100811042095e+04
-4.810735901646966522e+04
-4.910105839441474382e+04
-5.018976729205289303e+04
-5.138044388629427704e+04
-5.268043106991242530e+04
-4.063063212774933345e+04
-4.062972903381902142e+04
-4.062703792986452754e+04
-4.062261350954430964e+04
-4.061654746279148094e+04
-4.060896927656458865e+04
-4.060004735590128985e+04
-4.058999046527151950e+04
-4.057904949023208610e+04
-4.056751951938236016e+04
-4.055574224661992048e+04
-4.054410869369767897e+04
-4.053306225308109424e+04
-4.052310205110781681e+04
-4.051478663144630264e+04
-4.050873795885588333e+04
-4.050564574324781279e+04
-4.050627208404801786e+04
-4.051145643485824257e+04
-4.052212088842030789e+04
-4.053927578188074403e+04
-4.056402562235465302e+04
-4.059757533279294148e+04
-4.064123681814796146e+04
-4.069643585184156109e+04
-4.076471928253346414e+04
-4.084776256119007303e+04
-4.094737758845428471e+04
-4.106552088231719972e+04
-4.120430206608847948e+04
-4.136599267666987726e+04
-4.155303529312702449e+04
-4.176805298556524212e+04
-4.201385908430290874e+04
-4.229346726934791513e+04
-4.261010198017372022e+04
-4.296720914579654345e+04
-4.336846723515452322e+04
-4.381779862778503593e+04
-4.431938130480531254e+04
-4.487766086019328941e+04
-4.549736283236814052e+04
-4.618350535607282654e+04
-4.694141213455735851e+04
-4.777672573206219386e+04
-4.869542118660283450e+04
-4.970381994305561966e+04
-5.080860410654372390e+04
-5.201683101612405153e+04
-5.333594813877550769e+04
-4.110260375342719635e+04
-4.110168966462201934e+04
-4.109896585150521423e+04
-4.109448783635432483e+04
-4.108834869757856359e+04
-4.108067988163673726e+04
-4.107165233972365240e+04
-4.106147798922346556e+04
-4.105041149993080762e+04
-4.103875240503920941e+04
-4.102684753689749778e+04
-4.101509378753251804e+04
-4.100394119394056906e+04
-4.099389634814525198e+04
-4.098552613202419889e+04
-4.097946177690118202e+04
-4.097640324790770683e+04
-4.097712395311081491e+04
-4.098247577740857378e+04
-4.099339444119417749e+04
-4.101090518378485285e+04
-4.103612877162189397e+04
-4.107028783123415633e+04
-4.111471350697269372e+04
-4.117085244351008441e+04
-4.124027409310907387e+04
-4.132467834765705629e+04
-4.142590349547001097e+04
-4.154593450286191364e+04
-4.168691162048259866e+04
-4.185113931442350440e+04
-4.204109552208956302e+04
-4.225944123283984663e+04
-4.250903039339490351e+04
-4.279292013801215944e+04
-4.311438134342792910e+04
-4.347690950856755808e+04
-4.388423595902325906e+04
-4.434033937629849243e+04
-4.484945765182023752e+04
-4.541610006571959093e+04
-4.604505979037819634e+04
-4.674142671874327789e+04
-4.751060061741014943e+04
-4.835830460447144287e+04
-4.929059895213448908e+04
-5.031389521410558518e+04
-5.143497067774254538e+04
-5.266098314097392722e+04
-5.399948601398603932e+04
-4.157933003611327877e+04
-4.157840496015133249e+04
-4.157564846436447988e+04
-4.157111690971063945e+04
-4.156490477999323775e+04
-4.155714550516882446e+04
-4.154801261398153292e+04
-4.153772121591864561e+04
-4.152652981249068398e+04
-4.151474243783569545e+04
-4.150271112864602037e+04
-4.149083872342023824e+04
-4.147958199103768857e+04
-4.146945508865617740e+04
-4.146103334893511783e+04
-4.145495739658073580e+04
-4.145193759421567665e+04
-4.145275881757212483e+04
-4.145828556000797835e+04
-4.146946736634842819e+04
-4.148734459604918811e+04
-4.151305451568393619e+04
-4.154783772075681190e+04
-4.159304488683641102e+04
-4.165014385001522169e+04
-4.172072701669135131e+04
-4.180651910267558560e+04
-4.190938520161967608e+04
-4.203133918277100020e+04
-4.217455241804909019e+04
-4.234136283844571153e+04
-4.253428431975062995e+04
-4.275601639759817044e+04
-4.300945431183990149e+04
-4.329769938023950090e+04
-4.362406970149152039e+04
-4.399211118756463111e+04
-4.440560892536767642e+04
-4.486859886773975450e+04
-4.538537985376322467e+04
-4.596052595840227877e+04
-4.659889917146268999e+04
-4.730566240587706125e+04
-4.808629283531281544e+04
-4.894659556110449921e+04
-4.989271760850895953e+04
-5.093116225228521944e+04
-5.206880367159649904e+04
-5.331290193423780875e+04
-5.467111831018551311e+04
-4.205982717923142627e+04
-4.205889112262624985e+04
-4.205610196718652151e+04
-4.205151692304819881e+04
-4.204523189713170723e+04
-4.203738232818361575e+04
-4.202814435583321756e+04
-4.201773632366687525e+04
-4.200642061631818069e+04
-4.199450583057526819e+04
-4.198234928050271992e+04
-4.197035983658202167e+04
-4.195900109886717109e+04
-4.194879490415768669e+04
-4.194032516718582337e+04
-4.193424205582383729e+04
-4.193126650030356541e+04
-4.193219503645641089e+04
-4.193790498296611622e+04
-4.194935995264029771e+04
-4.196761569769795460e+04
-4.199382628907349135e+04
-4.202925062973493914e+04
-4.207525930202296877e+04
-4.213334174900207290e+04
-4.220511378983093891e+04
-4.229232546914722479e+04
-4.239686924047132197e+04
-4.252078848362239660e+04
-4.266628635615651001e+04
-4.283573497881550429e+04
-4.303168495499621349e+04
-4.325687522423429618e+04
-4.351424324970505404e+04
-4.380693553974023962e+04
-4.413831850336214848e+04
-4.451198963983258000e+04
-4.493178906222047226e+04
-4.540181135498345975e+04
-4.592641776556765399e+04
-4.651024873002299864e+04
-4.715823673263589444e+04
-4.787561949957655452e+04
-4.866795352656465548e+04
-4.954112794055033009e+04
-5.050137869541192777e+04
-5.155530310166969139e+04
-5.270987469021708966e+04
-5.397245841006678529e+04
-5.535082616011458595e+04
-4.254403200467520219e+04
-4.254308495726744877e+04
-4.254026311542032636e+04
-4.253562454968415841e+04
-4.252926660904420714e+04
-4.252132676802363858e+04
-4.251198381262704788e+04
-4.250145936512513435e+04
-4.249001974768025684e+04
-4.247797818481375725e+04
-4.246569734471344418e+04
-4.245359221938228438e+04
-4.244213334362849128e+04
-4.243185035289678490e+04
-4.242333587993952096e+04
-4.241724979033093405e+04
-4.241432375682028942e+04
-4.241536617252749420e+04
-4.242126740297892684e+04
-4.243300537698495464e+04
-4.245165151635774964e+04
-4.247837700447110547e+04
-4.251445939366117818e+04
-4.256128955146632507e+04
-4.262037894571080687e+04
-4.269336726842827920e+04
-4.278203039862561127e+04
-4.288828870388887299e+04
-4.301421568083019520e+04
-4.316204693437480455e+04
-4.333418949589009571e+04
-4.353323148015502375e+04
-4.376195208117208676e+04
-4.402333190681694396e+04
-4.432056365233362885e+04
-4.465706311266667763e+04
-4.503648053363709187e+04
-4.546271230195807584e+04
-4.593991297409214167e+04
-4.647250764394875296e+04
-4.706520464942387480e+04
-4.772300861778017133e+04
-4.845123384986815654e+04
-4.925551804318834911e+04
-5.014183635379445332e+04
-5.111651579703795869e+04
-5.218624998715396941e+04
-5.335811421568602236e+04
-5.463958086875562731e+04
-5.603853518316926056e+04
-4.303312453676719451e+04
-4.303216640367679793e+04
-4.302931159531987214e+04
-4.302461905630366527e+04
-4.301818760051437130e+04
-4.301015677043132746e+04
-4.300070804016438342e+04
-4.299006636221724330e+04
-4.297850205797603849e+04
-4.296633305192198895e+04
-4.295392744957133255e+04
-4.294170645913778571e+04
-4.293014765692245419e+04
-4.291978859642741736e+04
-4.291123076119521284e+04
-4.290514386137296970e+04
-4.290227047400253650e+04
-4.290343102703362820e+04
-4.290952912706607458e+04
-4.292155723081270116e+04
-4.294060266029094055e+04
-4.296785396173633490e+04
-4.300460760824538738e+04
-4.305227504613936617e+04
-4.311239008505539823e+04
-4.318661663176271395e+04
-4.327675676770364953e+04
-4.338475917025955277e+04
-4.351272787774252356e+04
-4.366293139811129367e+04
-4.383781216141425830e+04
-4.403999631595384562e+04
-4.427230386818133411e+04
-4.453775916631196014e+04
-4.483960172766799951e+04
-4.518129740974579181e+04
-4.556654992500859953e+04
-4.599931269940413767e+04
-4.648380107460765430e+04
-4.702450485398995079e+04
-4.762620119231005810e+04
-4.829396782913414063e+04
-4.903319666597868490e+04
-4.984960768717913015e+04
-5.074926322448374412e+04
-5.173858256537230773e+04
-5.282435690510115819e+04
-5.401376464247025433e+04
-5.531438701931989635e+04
-5.673422410374910396e+04
-4.352802100627616892e+04
-4.352705162606771046e+04
-4.352416337206456228e+04
-4.351941607844238024e+04
-4.351291004985905602e+04
-4.350478693300091982e+04
-4.349523093675039127e+04
-4.348447040096911951e+04
-4.347277971390298626e+04
-4.346048157820418419e+04
-4.344794962557269901e+04
-4.343561138001724612e+04
-4.342395156973351550e+04
-4.341351578760298435e+04
-4.340491450031014392e+04
-4.339882740607759479e+04
-4.339600814102093136e+04
-4.339728933412248443e+04
-4.340358801082408172e+04
-4.341591134523762594e+04
-4.343536276097538939e+04
-4.346314838059991598e+04
-4.350058382369039464e+04
-4.354910135353122314e+04
-4.361025737241645402e+04
-4.368574026557401521e+04
-4.377737859370989463e+04
-4.388714963417002582e+04
-4.401718827072210843e+04
-4.416979623195385648e+04
-4.434745167829361162e+04
-4.455281913764697674e+04
-4.478875978965362447e+04
-4.505834209856332745e+04
-4.536485279472911498e+04
-4.571180820472117193e+04
-4.610296593005908653e+04
-4.654233687456238840e+04
-4.703419762031969003e+04
-4.758310315227889078e+04
-4.819389993145289918e+04
-4.887173931674753840e+04
-4.962209133540557377e+04
-5.045075880207151931e+04
-5.136389178647428344e+04
-5.236800242972930573e+04
-5.346998010925859126e+04
-5.467710695233143633e+04
-5.599707369822146575e+04
-5.743799590898502356e+04
-4.402873865291534457e+04
-4.402775789483793051e+04
-4.402483580797314062e+04
-4.402003313118626829e+04
-4.401345168513168755e+04
-4.400523525606992189e+04
-4.399557083321244863e+04
-4.398469019959415891e+04
-4.397287187647123937e+04
-4.396044342124862305e+04
-4.394778407893114490e+04
-4.393532778710519051e+04
-4.392356653444498079e+04
-4.391305407274713798e+04
-4.390440998249237600e+04
-4.389832409193265630e+04
-4.389556124970779638e+04
-4.389696645098868612e+04
-4.390347031714430341e+04
-4.391609492894076539e+04
-4.393596001326420082e+04
-4.396428948337158363e+04
-4.400241833266853064e+04
-4.405179988201388187e+04
-4.411401338055348606e+04
-4.419077196007676685e+04
-4.428393094290487352e+04
-4.439549650330281293e+04
-4.452763468241953524e+04
-4.468268075675767614e+04
-4.486314896016407874e+04
-4.507174255935473775e+04
-4.531136428296205122e+04
-4.558512710410990985e+04
-4.589636537651748949e+04
-4.624864632412842184e+04
-4.664578188426772249e+04
-4.709184090432626544e+04
-4.759116169197125419e+04
-4.814836491888396267e+04
-4.876836687802592496e+04
-4.945639309443037928e+04
-5.021799228952181875e+04
-5.105905069896230998e+04
-5.198580674402488512e+04
-5.300486605649410922e+04
-5.412321685709388112e+04
-5.534824568744161661e+04
-5.668775349553022534e+04
-5.814997207473703020e+04
-4.453531219103546755e+04
-4.453431997347284050e+04
-4.453136381371070456e+04
-4.452650536975328578e+04
-4.451984800236343290e+04
-4.451153767119724216e+04
-4.450176418939176801e+04
-4.449076283660629269e+04
-4.447881633051796962e+04
-4.446625715676971595e+04
-4.445347025737418153e+04
-4.444089607756798068e+04
-4.442903397112405219e+04
-4.441844596411281964e+04
-4.440976087712077424e+04
-4.440367880592039728e+04
-4.440097596059568605e+04
-4.440250986311932502e+04
-4.440922490338531497e+04
-4.442215825369404774e+04
-4.444244614169232955e+04
-4.447133048176416196e+04
-4.451016586487994937e+04
-4.456042690689455776e+04
-4.462371595530220657e+04
-4.470177115444427182e+04
-4.479647486916913476e+04
-4.490986246694887814e+04
-4.504413145844580140e+04
-4.520165099653617654e+04
-4.538497173378596926e+04
-4.559683603837901319e+04
-4.584018856850202428e+04
-4.611818720518055488e+04
-4.643421434356919053e+04
-4.679188854269637523e+04
-4.719507653366222803e+04
-4.764790558628928557e+04
-4.815477623422926990e+04
-4.872037535852034489e+04
-4.934968962960073259e+04
-5.004801930777415691e+04
-5.082099240213041776e+04
-5.167457918791863631e+04
-5.261510708237429208e+04
-5.364927587900024810e+04
-5.478417334030135680e+04
-5.602729114897293039e+04
-5.738654121754162770e+04
-5.887027235646244662e+04
-4.504756139933402301e+04
-4.504655766016546113e+04
-4.504356724585396296e+04
-4.503865274768580275e+04
-4.503191909016425780e+04
-4.502351443954408751e+04
-4.501363147578251665e+04
-4.500250902790554392e+04
-4.499043407278580707e+04
-4.497774409733861103e+04
-4.496482982413061836e+04
-4.495213830040208268e+04
-4.494017635050582612e+04
-4.492951439175864652e+04
-4.492079061370875570e+04
-4.491471552081759728e+04
-4.491207683855467621e+04
-4.491374478290817206e+04
-4.492067769331092859e+04
-4.493392802897806541e+04
-4.495464872866243240e+04
-4.498409993382252287e+04
-4.502365607520482445e+04
-4.507481332284250675e+04
-4.513919739946605114e+04
-4.521857175733036274e+04
-4.531484611845637119e+04
-4.543008537828446424e+04
-4.556651887274756882e+04
-4.572655000875250698e+04
-4.591276625808138488e+04
-4.612794951470331580e+04
-4.637508681550379697e+04
-4.665738142442683602e+04
-4.697826428003174078e+04
-4.734140580646449962e+04
-4.775072808784485096e+04
-4.821041740606589156e+04
-4.872493714200901741e+04
-4.929904104017461941e+04
-4.993778683672538318e+04
-5.064655025094491430e+04
-5.143103934011091769e+04
-5.229730921778307675e+04
-5.325177713550504268e+04
-5.430123792792109452e+04
-5.545287982130706223e+04
-5.671430060551653878e+04
-5.809352416934053326e+04
-5.959901739928231109e+04
-4.556447261394951056e+04
-4.556345731182672898e+04
-4.556043252328970266e+04
-4.555546178607129696e+04
-4.554865161051102768e+04
-4.554015240073684254e+04
-4.553015974431481300e+04
-4.551891607037372160e+04
-4.550671267620027356e+04
-4.549389212230603152e+04
-4.548085099596564396e+04
-4.546804304322935059e+04
-4.545598266940343456e+04
-4.544524880800656683e+04
-4.543648915819570539e+04
-4.543042479066451051e+04
-4.542785512201261008e+04
-4.542966325758938910e+04
-4.543682170280556602e+04
-4.545039844292105408e+04
-4.547156339130082051e+04
-4.550159520614600478e+04
-4.554188847569381323e+04
-4.559396127189158869e+04
-4.565946307254107523e+04
-4.574018305191634863e+04
-4.583805873985193466e+04
-4.595518504930339259e+04
-4.609382367237994185e+04
-4.625641284484892094e+04
-4.644557747911195474e+04
-4.666413966565259761e+04
-4.691512954295768577e+04
-4.720179653590729868e+04
-4.752762096263939748e+04
-4.789632600988565537e+04
-4.831189007677787595e+04
-4.877855948712839745e+04
-4.930086157018029917e+04
-4.988361810983087344e+04
-5.053195916232621676e+04
-5.125133724242827157e+04
-5.204754187805291440e+04
-5.292671453338088031e+04
-5.389536390043956635e+04
-5.496038155915775860e+04
-5.612905800589166029e+04
-5.740909905042131868e+04
-5.880864258142276958e+04
-6.033627570040783030e+04
-4.608517949621353182e+04
-4.608415260964381741e+04
-4.608109338651494181e+04
-4.607606632340548822e+04
-4.606917953739957011e+04
-4.606058570026756206e+04
-4.605048334632159822e+04
-4.603911855393793667e+04
-4.602678700075900997e+04
-4.601383639255893650e+04
-4.600066926579034771e+04
-4.598774616379785584e+04
-4.597558918670545972e+04
-4.596478591497687739e+04
-4.595599370664721937e+04
-4.594994436822817079e+04
-4.594744919928443414e+04
-4.594940441068312794e+04
-4.595679691651552275e+04
-4.597071049969196611e+04
-4.599233235120681638e+04
-4.602295998307767150e+04
-4.606400851495716051e+04
-4.611701833441611234e+04
-4.618366313089909090e+04
-4.626575830335339560e+04
-4.636526974152824550e+04
-4.648432298094973521e+04
-4.662521273156486131e+04
-4.679041278005930508e+04
-4.698258626584798913e+04
-4.720459633073737496e+04
-4.745951714225969044e+04
-4.775064529068157572e+04
-4.808151155968171952e+04
-4.845589307070433279e+04
-4.887782580098260223e+04
-4.935161747523567465e+04
-4.988186083103758574e+04
-5.047344725785838091e+04
-5.113158080977863574e+04
-5.186179259187447315e+04
-5.266995552027694794e+04
-5.356229945590258285e+04
-5.454542671185650397e+04
-5.562632793450790632e+04
-5.681239835823887552e+04
-5.811145443386303668e+04
-5.953175083071997506e+04
-6.108199781243918551e+04
-4.661007598953662819e+04
-4.660903748210916820e+04
-4.660594371955774113e+04
-4.660086017056352284e+04
-4.659389658124130801e+04
-4.658520792260463350e+04
-4.657499571701972309e+04
-4.656350974364492868e+04
-4.655105012285641715e+04
-4.653796977966297709e+04
-4.652467728610512859e+04
-4.651164008264023141e+04
-4.649938807851821184e+04
-4.648851763113883499e+04
-4.647969590439920285e+04
-4.647366560602592654e+04
-4.647125010389590170e+04
-4.647335892134164169e+04
-4.648099361144450813e+04
-4.649525401031359070e+04
-4.651734486935300811e+04
-4.654858286651376693e+04
-4.659040399653359054e+04
-4.664437134016226628e+04
-4.671218321237608325e+04
-4.679568168957486341e+04
-4.689686151576969132e+04
-4.701787938775445218e+04
-4.716106361926613317e+04
-4.732892418412960978e+04
-4.752416313839107170e+04
-4.774968542143633385e+04
-4.800861003609701584e+04
-4.830428160774330900e+04
-4.864028232236262556e+04
-4.902044424362518475e+04
-4.944886200893718342e+04
-4.992990590447819704e+04
-5.046823531922883558e+04
-5.106881257798069419e+04
-5.173691715333741013e+04
-5.247816025669921510e+04
-5.329849980823449732e+04
-5.420425578583958850e+04
-5.520212595308376331e+04
-5.629920196614141605e+04
-5.750298585971045395e+04
-5.882140691191836959e+04
-6.026283888821347500e+04
-6.183611766424376401e+04
-4.713986799909413094e+04
-4.713881780788258038e+04
-4.713568932194888475e+04
-4.713054899658427166e+04
-4.712350823122521979e+04
-4.711472433038058807e+04
-4.710440184893021069e+04
-4.709279432179455762e+04
-4.708020637797303789e+04
-4.706699623895785771e+04
-4.705357860151315981e+04
-4.704042790482863347e+04
-4.702808198204427754e+04
-4.701714609614342771e+04
-4.700829736021997815e+04
-4.700228954211359815e+04
-4.699995825341751333e+04
-4.700222652285711956e+04
-4.701011075403860741e+04
-4.702472706756986008e+04
-4.704729802755108540e+04
-4.707915975243643334e+04
-4.712176941026795976e+04
-4.717671309827848745e+04
-4.724571410686664603e+04
-4.733064156794264272e+04
-4.743351948764514964e+04
-4.755653616342772148e+04
-4.770205398551853432e+04
-4.787261962274913822e+04
-4.807097459275396977e+04
-4.830006621654325136e+04
-4.856305895744355803e+04
-4.886334614441121812e+04
-4.920456207971668482e+04
-4.959059453099898383e+04
-5.002559760769161949e+04
-5.051400502181917545e+04
-5.106054373316493729e+04
-5.167024797880966798e+04
-5.234847368704029213e+04
-5.310091327563138475e+04
-5.393361083449555736e+04
-5.485297769270595018e+04
-5.586580836988938245e+04
-5.697929691199021909e+04
-5.820105361140578316e+04
-5.953912211149139330e+04
-6.100199689543790009e+04
-6.259864115951937856e+04
-4.767489711915326916e+04
-4.767383517201717041e+04
-4.767067175131475233e+04
-4.766547431406789838e+04
-4.765835593832305312e+04
-4.764947629766470345e+04
-4.763904302553689922e+04
-4.762731346936973569e+04
-4.761459683450975717e+04
-4.760125671795952076e+04
-4.758771403192034632e+04
-4.757445031714242941e+04
-4.756201144607944298e+04
-4.755101171585102566e+04
-4.754213833100752527e+04
-4.753615627610556112e+04
-4.753391357808453904e+04
-4.753634695845263195e+04
-4.754448787527563400e+04
-4.755946895497471269e+04
-4.758253081392659806e+04
-4.761502926987341198e+04
-4.765844294313363935e+04
-4.771438124762479856e+04
-4.778459277168611879e+04
-4.787097404871053732e+04
-4.797557871758199326e+04
-4.810062707291732659e+04
-4.824851600511576544e+04
-4.842182933021297504e+04
-4.862334850954056310e+04
-4.885606375919342827e+04
-4.912318554930091341e+04
-4.942815649310429581e+04
-4.977466362584085437e+04
-5.016665107343301497e+04
-5.060833311098328704e+04
-5.110420761107599537e+04
-5.165906988188323885e+04
-5.227802689507786999e+04
-5.296651190355262952e+04
-5.373029944894332584e+04
-5.457552075895987218e+04
-5.550867953452207439e+04
-5.653666812670098443e+04
-5.766678410346704914e+04
-5.890674720624368638e+04
-6.026471669626553194e+04
-6.174930909074493684e+04
-6.336961628884176753e+04
-4.821575688901800459e+04
-4.821468310436991305e+04
-4.821148450940025941e+04
-4.820622957865984063e+04
-4.819903309516671288e+04
-4.819005713855719659e+04
-4.817951246849273593e+04
-4.816766030333226081e+04
-4.815481449405937747e+04
-4.814134409347269684e+04
-4.812767632063495694e+04
-4.811429992058225616e+04
-4.810176891929205158e+04
-4.809070677391366917e+04
-4.808181091825526528e+04
-4.807585770353382395e+04
-4.807370773438309698e+04
-4.807631160012187320e+04
-4.808471600128296268e+04
-4.810007027140047285e+04
-4.812363329405883997e+04
-4.815678081520006526e+04
-4.820101315069232078e+04
-4.825796328915662889e+04
-4.832940539005569735e+04
-4.841726367704116274e+04
-4.852362172656056646e+04
-4.865073215172482014e+04
-4.880102668143573828e+04
-4.897712663477315800e+04
-4.918185379064187146e+04
-4.941824165267774515e+04
-4.968954710941645317e+04
-4.999926248971777386e+04
-5.035112801345404296e+04
-5.074914463745548710e+04
-5.119758729671715992e+04
-5.170101854086503590e+04
-5.226430256588215707e+04
-5.289261964109466498e+04
-5.359148093141749268e+04
-5.436674371486081509e+04
-5.522462699529470410e+04
-5.617172751047607017e+04
-5.721503613533290627e+04
-5.836195468051024363e+04
-5.962031308617592003e+04
-6.099838701108421083e+04
-6.250491581690279418e+04
-6.414912094779621111e+04
-4.876302172772814811e+04
-4.876193601466642576e+04
-4.875870197820489557e+04
-4.875338912686888943e+04
-4.874611397604367812e+04
-4.873704104974280199e+04
-4.872638428307700087e+04
-4.871440882543607586e+04
-4.870143324437296542e+04
-4.868783213019449613e+04
-4.867403910126161645e+04
-4.866055020999175031e+04
-4.864792774956978246e+04
-4.863680446136612591e+04
-4.862788814306057611e+04
-4.862196665747115912e+04
-4.861991334209132037e+04
-4.862269281933282764e+04
-4.863136720747347135e+04
-4.864710273231577594e+04
-4.867117673954626662e+04
-4.870498510780429933e+04
-4.875005006245810364e+04
-4.880802839008561568e+04
-4.888072005366081430e+04
-4.897007720844919095e+04
-4.907821361860788602e+04
-4.920741447449213592e+04
-4.936014661066872213e+04
-4.953906912463596382e+04
-4.974704439624839142e+04
-4.998714950785126712e+04
-5.026268806511767616e+04
-5.057720241859499947e+04
-5.093448628595517948e+04
-5.133859777495415619e+04
-5.179387280709530751e+04
-5.230493894200114300e+04
-5.287672960248948220e+04
-5.351449870035835920e+04
-5.422383566287498252e+04
-5.501068085997272283e+04
-5.588134143215409858e+04
-5.684250751909907558e+04
-5.790126888898232573e+04
-5.906513196849390079e+04
-6.034203727356804302e+04
-6.174037724081850320e+04
-6.326901445967924519e+04
-6.493730030525244365e+04
-4.931597131873176113e+04
-4.931487360436620656e+04
-4.931160391310210980e+04
-4.930623280353484733e+04
-4.929887855030821811e+04
-4.928970815959404717e+04
-4.927893879076236044e+04
-4.926683958424206503e+04
-4.925373389557600603e+04
-4.924000193566432426e+04
-4.922608381720009493e+04
-4.921248300729838957e+04
-4.919977018631537067e+04
-4.918858751285678591e+04
-4.917965329498275241e+04
-4.917376706760009984e+04
-4.917181507604623039e+04
-4.917477616586872318e+04
-4.918372807879102766e+04
-4.919985415487208229e+04
-4.922445044085849804e+04
-4.925893320472603227e+04
-4.930484685641431861e+04
-4.936387227475160034e+04
-4.943783554057309811e+04
-4.952871707602742390e+04
-4.963866119007822999e+04
-4.976998603019493748e+04
-4.992519394023580389e+04
-5.010698222452243499e+04
-5.031825431810513692e+04
-5.056213136322118226e+04
-5.084196419194307236e+04
-5.116134571501865139e+04
-5.152412371690435248e+04
-5.193441405698659946e+04
-5.239661427699789783e+04
-5.291541761462283466e+04
-5.349582742329586472e+04
-5.414317199819069356e+04
-5.486311980840082106e+04
-5.566169513531179109e+04
-5.654529411716545292e+04
-5.752070119981454627e+04
-5.859510599366965471e+04
-5.977612053683787963e+04
-6.107179696445127047e+04
-6.249064558419012610e+04
-6.404165335799310560e+04
-6.573430278996354900e+04
-4.987328949658705824e+04
-4.987217973641371645e+04
-4.986887426195577427e+04
-4.986344469729252160e+04
-4.985601110220180271e+04
-4.984674300162764848e+04
-4.983586082693822391e+04
-4.982363776896584022e+04
-4.981040204284043284e+04
-4.979653956460560585e+04
-4.978249703962403873e+04
-4.976878546277084388e+04
-4.975598403041324491e+04
-4.974474446417806030e+04
-4.973579574650544964e+04
-4.972994926799221139e+04
-4.972810438652101584e+04
-4.973125439817585720e+04
-4.974049291994860687e+04
-4.975702068422813318e+04
-4.978215274508122093e+04
-4.981732609631727973e+04
-4.986410770134307677e+04
-4.992420293480246619e+04
-4.999946443600680504e+04
-5.009190137414853962e+04
-5.020368912530542002e+04
-5.033717936123085383e+04
-5.049491054993167199e+04
-5.067961886803312518e+04
-5.089424952493200544e+04
-5.114196849873528117e+04
-5.142617468398976780e+04
-5.175051245119367377e+04
-5.211888461810140871e+04
-5.253546583281162020e+04
-5.300471636864349421e+04
-5.353139633080256317e+04
-5.412058027483017941e+04
-5.477767223684393684e+04
-5.550842117556332232e+04
-5.631893682612333942e+04
-5.721570596567486064e+04
-5.820560909077404358e+04
-5.929593750655728945e+04
-6.049441082770445792e+04
-6.180919489118947240e+04
-6.324892008081753011e+04
-6.482270006355090300e+04
-6.654015093762135075e+04
-5.043452679941178940e+04
-5.043340496782256378e+04
-5.043006363837423123e+04
-5.042457551578203129e+04
-5.041706247042915493e+04
-5.040769658215060190e+04
-5.039670160153576580e+04
-5.038435482874135050e+04
-5.037098940981915803e+04
-5.035699705056118546e+04
-5.034283114785563521e+04
-5.032901033855786955e+04
-5.031612246587683330e+04
-5.030482896327590424e+04
-5.029586965588665043e+04
-5.029006797943641868e+04
-5.028833661669318826e+04
-5.029168355142253859e+04
-5.030121853985750931e+04
-5.031815999968720280e+04
-5.034384231655446638e+04
-5.037972356807234610e+04
-5.042739366535151203e+04
-5.048858291204413399e+04
-5.056517098090035142e+04
-5.065919630784165201e+04
-5.077286590354505461e+04
-5.090856558254414995e+04
-5.106887060984363779e+04
-5.125655676504842995e+04
-5.147461182400626421e+04
-5.172624745796555362e+04
-5.201491155024700129e+04
-5.234430093043013039e+04
-5.271837452605219733e+04
-5.314136693182506133e+04
-5.361780239636187616e+04
-5.415250922642205114e+04
-5.475063460866775858e+04
-5.541765984893605491e+04
-5.615941602902510203e+04
-5.698210008099477272e+04
-5.789229127898116712e+04
-5.889696814852511307e+04
-6.000352579341638193e+04
-6.121979364005089883e+04
-6.255405359930254053e+04
-6.401505864590939746e+04
-6.561205181537476892e+04
-6.735478561838090536e+04
-5.099980375028157869e+04
-5.099866986021841876e+04
-5.099529271940537001e+04
-5.098974612765251368e+04
-5.098215379025073344e+04
-5.097269037638098962e+04
-5.096158300088533724e+04
-5.094911312940788048e+04
-5.093561890689134452e+04
-5.092149790944570850e+04
-5.090721031957356900e+04
-5.089328252476418857e+04
-5.088031113944906247e+04
-5.086896745032096806e+04
-5.086000228501853417e+04
-5.085425130417392938e+04
-5.085264071682249050e+04
-5.085619341917950078e+04
-5.086603555677773693e+04
-5.088340350997077621e+04
-5.090965130279835284e+04
-5.094625843521836941e+04
-5.099483813869841833e+04
-5.105714605517618475e+04
-5.113508933937827533e+04
-5.123073618450775393e+04
-5.134632577129225683e+04
-5.148427864039645647e+04
-5.164720748820034351e+04
-5.183792838593801571e+04
-5.205947242220303451e+04
-5.231509776881574362e+04
-5.260830217005586019e+04
-5.294283585525782837e+04
-5.332271487477026676e+04
-5.375223485927934234e+04
-5.423598520249564899e+04
-5.477886366720491787e+04
-5.538609141468342568e+04
-5.606322845747517567e+04
-5.681618953553505708e+04
-5.765126041573470138e+04
-5.857511461473202507e+04
-5.959483054520499718e+04
-6.071790908544888953e+04
-6.195229157233771548e+04
-6.330637821764873661e+04
-6.478904694775190001e+04
-6.640967266666164505e+04
-6.817814694245398277e+04
-5.156911041171651596e+04
-5.156796451353668090e+04
-5.156455171701848303e+04
-5.155894693089347857e+04
-5.155127571860566968e+04
-5.154171537164748588e+04
-5.153049641223148501e+04
-5.151790452529514005e+04
-5.150428291984223324e+04
-5.149003511961684853e+04
-5.147562818311382580e+04
-5.146159635292195162e+04
-5.144854513440344454e+04
-5.143715580370701355e+04
-5.142819034511540667e+04
-5.142249681772845361e+04
-5.142101515148125327e+04
-5.142478337249289325e+04
-5.143494425775614218e+04
-5.145275241915658262e+04
-5.147958181682810391e+04
-5.151693370184441301e+04
-5.156644498824223410e+04
-5.162989705438198871e+04
-5.170922497364105948e+04
-5.180652717444198788e+04
-5.192407552961693727e+04
-5.206432587510450685e+04
-5.222992895798251266e+04
-5.242374181383453833e+04
-5.264883957345240924e+04
-5.290852769887147588e+04
-5.320635464874184981e+04
-5.354612497303415148e+04
-5.393191283707920229e+04
-5.436807597494198126e+04
-5.485927007213263278e+04
-5.541046357764810091e+04
-5.602695294535272842e+04
-5.671437830468962056e+04
-5.747873956072896544e+04
-5.832641292355043697e+04
-5.926416786696005875e+04
-6.029918451654120872e+04
-6.143907146704095794e+04
-6.269188402909105935e+04
-6.406614290526265540e+04
-6.557085329545647255e+04
-6.721552443162727286e+04
-6.901018954184319591e+04
-5.214324207949861739e+04
-5.214208416303859121e+04
-5.213863568559981650e+04
-5.213297268069193524e+04
-5.212522259645500890e+04
-5.211556538409108907e+04
-5.210423502167637344e+04
-5.209152147333804169e+04
-5.207777308381455805e+04
-5.206339940838052280e+04
-5.204887447815253836e+04
-5.203474050076481944e+04
-5.202161199641885469e+04
-5.201018036930818926e+04
-5.200121891441644402e+04
-5.199558825968729798e+04
-5.199424224357171624e+04
-5.199823422794532235e+04
-5.200872384640105156e+04
-5.202698418791613949e+04
-5.205440941589226713e+04
-5.209252282256804756e+04
-5.214298531880844530e+04
-5.220760435926370701e+04
-5.228834330290628714e+04
-5.238733120893827436e+04
-5.250687306807318237e+04
-5.264946046919470245e+04
-5.281778270138236985e+04
-5.301473829131950333e+04
-5.324344697606610862e+04
-5.350726211121318192e+04
-5.380978351440544066e+04
-5.415487074424003367e+04
-5.454665681453962316e+04
-5.498956234399595269e+04
-5.548831014119184692e+04
-5.604794022499275161e+04
-5.667382528031398397e+04
-5.737168654926191084e+04
-5.814761015764785407e+04
-5.900806387687585084e+04
-5.995991432120510581e+04
-6.101044458038526500e+04
-6.216737228766533372e+04
-6.343886812317705335e+04
-6.483357475269107817e+04
-6.636062620174782933e+04
-6.802966766516123607e+04
-6.985087575189655763e+04
-5.272370882512764365e+04
-5.272253876872479304e+04
-5.271905425178117002e+04
-5.271333245179088408e+04
-5.270550273356363323e+04
-5.269574775271088583e+04
-5.268430500051873241e+04
-5.267146879021904169e+04
-5.265759268465076457e+04
-5.264309236531486386e+04
-5.262844894282238238e+04
-5.261421270873722824e+04
-5.260100732880939904e+04
-5.258953447760277777e+04
-5.258057891451640171e+04
-5.257501400119830214e+04
-5.257380766035075067e+04
-5.257802877593356243e+04
-5.258885403475412750e+04
-5.260757520945506985e+04
-5.263560688289433165e+04
-5.267449461391563091e+04
-5.272592354451612482e+04
-5.279172744840349333e+04
-5.287389822094923147e+04
-5.297459581053255533e+04
-5.309615859127783187e+04
-5.324111417718784651e+04
-5.341219067766562512e+04
-5.361232839443336707e+04
-5.384469195984241378e+04
-5.411268291657658119e+04
-5.441995273874898703e+04
-5.477041629439165990e+04
-5.516826574933918164e+04
-5.561798491250355437e+04
-5.612436402254377026e+04
-5.669251497592840315e+04
-5.732788699639021797e+04
-5.803628274577496632e+04
-5.882387487628285453e+04
-5.969722302410329576e+04
-6.066329124444237823e+04
-6.172946588794362469e+04
-6.290357391850245767e+04
-6.419390167247263162e+04
-6.560921405926697480e+04
-6.715877420334989438e+04
-6.885236352762492606e+04
-7.070030227821266453e+04
-5.331083042920420121e+04
-5.330964808688004268e+04
-5.330612709918731707e+04
-5.330034580765506689e+04
-5.329243552713341342e+04
-5.328258166425056697e+04
-5.327102528324683226e+04
-5.325806511919466720e+04
-5.324406003859680641e+04
-5.322943194736921578e+04
-5.321466914620444004e+04
-5.320033013331661641e+04
-5.318704785456898389e+04
-5.317553440098305873e+04
-5.316658615362901037e+04
-5.316108937589846755e+04
-5.316002625315915066e+04
-5.316448137979063904e+04
-5.317564869360284501e+04
-5.319483885763582657e+04
-5.322348708934115712e+04
-5.326316143714576901e+04
-5.331557150439694669e+04
-5.338257762068947341e+04
-5.346620046057450236e+04
-5.356863110965087253e+04
-5.369224157803671551e+04
-5.383959576122416911e+04
-5.401346084831586631e+04
-5.421681917764208629e+04
-5.445288053976118681e+04
-5.472509492784139002e+04
-5.503716573542332480e+04
-5.539306340156545048e+04
-5.579703950337180140e+04
-5.625364129589998629e+04
-5.676772669945188682e+04
-5.734447973424674274e+04
-5.798942640247425152e+04
-5.870845101773180795e+04
-5.950781298184153275e+04
-6.039416400905034970e+04
-6.137456579761146713e+04
-6.245650814874715434e+04
-6.364792753299446485e+04
-6.495722610393216746e+04
-6.639329115928814281e+04
-6.796551504943240434e+04
-6.968381553324694687e+04
-7.155865658138111758e+04
-5.390334436272748280e+04
-5.390214965693800332e+04
-5.389859197191899148e+04
-5.389275083142849326e+04
-5.388475953076412407e+04
-5.387480627031193580e+04
-5.386313574251747195e+04
-5.385005117227491428e+04
-5.383591681073774089e+04
-5.382116088254910574e+04
-5.380627898649184499e+04
-5.379183794955774647e+04
-5.377848013443949458e+04
-5.376692820043843676e+04
-5.375799031779785582e+04
-5.375256583545036847e+04
-5.375165140218968008e+04
-5.375634754126143525e+04
-5.376786567837165785e+04
-5.378753562311841233e+04
-5.381681350384190591e+04
-5.385729015589486517e+04
-5.391069996333321615e+04
-5.397893015402524179e+04
-5.406403054818361124e+04
-5.416822376031510066e+04
-5.429391585459053749e+04
-5.444370745363614697e+04
-5.462040530074395792e+04
-5.482703427550191554e+04
-5.506684986284439219e+04
-5.534335107552310365e+04
-5.566029382999781228e+04
-5.602170477574635879e+04
-5.643189557799553586e+04
-5.689547765387222171e+04
-5.741737736197310733e+04
-5.800285164535638614e+04
-5.865750412795149168e+04
-5.938730166439070308e+04
-6.019859134325912601e+04
-6.109811794376597391e+04
-6.209304184583525785e+04
-6.319095739361643064e+04
-6.439991171241496340e+04
-6.572842397904401878e+04
-6.718550514559485600e+04
-6.878067811662668828e+04
-7.052399837977984862e+04
-7.242607508980463899e+04
-5.450021741066519462e+04
-5.449901031484914711e+04
-5.449541585844352085e+04
-5.448951476436053053e+04
-5.448144233672817063e+04
-5.447138960980695265e+04
-5.445960495646753407e+04
-5.444639615623647114e+04
-5.443213292290808749e+04
-5.441724989171995549e+04
-5.440225006609544653e+04
-5.438770872395166225e+04
-5.437427778357278294e+04
-5.436269062904884049e+04
-5.435376739528069447e+04
-5.434842071255047631e+04
-5.434766191065660678e+04
-5.435260768261696649e+04
-5.436448720793428220e+04
-5.438464973543021188e+04
-5.441457262564249686e+04
-5.445586985279044893e+04
-5.451030096630387561e+04
-5.457978051191809936e+04
-5.466638791233502707e+04
-5.477237780744988413e+04
-5.490019085414343863e+04
-5.505246498563948262e+04
-5.523204713042818184e+04
-5.544200539075527922e+04
-5.568564168067679566e+04
-5.596650482367924997e+04
-5.628840410986474308e+04
-5.665542331270463183e+04
-5.707193516535375966e+04
-5.754261629653544514e+04
-5.807246262598881731e+04
-5.866680521948338719e+04
-5.933132660339801805e+04
-6.007207753886666615e+04
-6.089549425548929867e+04
-6.180841614460795245e+04
-6.281810391214893752e+04
-6.393225819103123649e+04
-6.515903861313906236e+04
-6.650708334086094692e+04
-6.798552905819511216e+04
-6.960403142141854914e+04
-7.137278596932366781e+04
-7.330254949302000750e+04
-5.510095260330639576e+04
-5.509973314552866213e+04
-5.509610200716801774e+04
-5.509014112606448180e+04
-5.508198784169403370e+04
-5.507183605978070409e+04
-5.505993788275559200e+04
-5.504660570606112015e+04
-5.503221478029785067e+04
-5.501720623922120285e+04
-5.500209059357809747e+04
-5.498745169079356856e+04
-5.497395114049997210e+04
-5.496233320591130905e+04
-5.495343016104478011e+04
-5.494816811378498096e+04
-5.494757329479587497e+04
-5.495277881227597391e+04
-5.496503187256037927e+04
-5.498570146656635916e+04
-5.501628652208592393e+04
-5.505842452192206838e+04
-5.511390058787218004e+04
-5.518465703055400809e+04
-5.527280336507985339e+04
-5.538062679257319542e+04
-5.551060314753308194e+04
-5.566540831104196695e+04
-5.584793008981911407e+04
-5.606128056112056947e+04
-5.630880888348234294e+04
-5.659411457331027486e+04
-5.692106124731450109e+04
-5.729379083078957774e+04
-5.771673823174004792e+04
-5.819464648084974760e+04
-5.873258233729856875e+04
-5.933595236042217584e+04
-6.001051944721972541e+04
-6.076241983570341108e+04
-6.159818057409658650e+04
-6.252473745587511075e+04
-6.354945342065418663e+04
-6.468013742092061875e+04
-6.592506375461112475e+04
-6.729299186353480036e+04
-6.879318659764055337e+04
-7.043543894513165287e+04
-7.223008722842320276e+04
-7.418803876594666508e+04
-5.570467199020051339e+04
-5.570344029620813671e+04
-5.569977285761890380e+04
-5.569375284074877709e+04
-5.568551964330061310e+04
-5.567527007512786076e+04
-5.566326001130246732e+04
-5.564980651749260142e+04
-5.563529044764004357e+04
-5.562015951394806325e+04
-5.560493182917207741e+04
-5.559019992121655378e+04
-5.557663522003758408e+04
-5.556499301685037790e+04
-5.555611789564407809e+04
-5.555094963699936488e+04
-5.555052959421261039e+04
-5.555600754172826419e+04
-5.556864899587251421e+04
-5.558984300789418921e+04
-5.562111042931250995e+04
-5.566411264956841478e+04
-5.572066080598274129e+04
-5.579272546601927024e+04
-5.588244678185272642e+04
-5.599214511724383919e+04
-5.612433214671914175e+04
-5.628172242705502867e+04
-5.646724544107016118e+04
-5.668405811372050812e+04
-5.693555780050182511e+04
-5.722539574815622473e+04
-5.755749102768657758e+04
-5.793604493967273447e+04
-5.836555589189729653e+04
-5.885083474927398493e+04
-5.939702065608304838e+04
-6.000959733051143121e+04
-6.069440983149878593e+04
-6.145768179788936686e+04
-6.230603315988827671e+04
-6.324649832282458374e+04
-6.428654482321965043e+04
-6.543409245715978614e+04
-6.669753288097592304e+04
-6.808574968422844540e+04
-6.960813893499723054e+04
-7.127463019747578073e+04
-7.309570802187602385e+04
-7.508243390663052560e+04
-5.631136874263311620e+04
-5.631012494416797563e+04
-5.630642160516709555e+04
-5.630034313428196765e+04
-5.629203101082245848e+04
-5.628168498209527752e+04
-5.626956473967788043e+04
-5.625599207462246704e+04
-5.624135351160301070e+04
-5.622610342198986473e+04
-5.621076761586392968e+04
-5.619594741296384746e+04
-5.618232419256967842e+04
-5.617066442231991823e+04
-5.616182516596461937e+04
-5.615676007005400606e+04
-5.615652582956026163e+04
-5.616228913243691204e+04
-5.617533408311046514e+04
-5.619707010490985704e+04
-5.622904032142889628e+04
-5.627293041682470357e+04
-5.633057797504961491e+04
-5.640398229802199057e+04
-5.649531470272749721e+04
-5.660692929725747672e+04
-5.674137423578416929e+04
-5.690140345246576180e+04
-5.708998887429367460e+04
-5.731033311286808748e+04
-5.756588263511288824e+04
-5.786034141292356071e+04
-5.819768505175127211e+04
-5.858217539812113682e+04
-5.901837562608598819e+04
-5.951116580261465424e+04
-6.006575893191658542e+04
-6.068771747869980027e+04
-6.138297037036505208e+04
-6.215783047813420126e+04
-6.301901257711488870e+04
-6.397365178529856348e+04
-6.502932248149497900e+04
-6.619405770220133127e+04
-6.747636901740523172e+04
-6.888526688532487606e+04
-7.043028148608296760e+04
-7.212148403431510087e+04
-7.396950857071467908e+04
-7.598557423251151340e+04
-5.692320244435266795e+04
-5.692194649500966625e+04
-5.691820712276089762e+04
-5.691206999774687574e+04
-5.690367871286047739e+04
-5.689323599773236492e+04
-5.688100541831673036e+04
-5.686731356206548662e+04
-5.685255270870242384e+04
-5.683718398658916703e+04
-5.682174101468914887e+04
-5.680683403012280178e+04
-5.679315450132154365e+04
-5.678148022677318659e+04
-5.677268091936531710e+04
-5.676772427632172912e+04
-5.676768253473452933e+04
-5.677373951269128884e+04
-5.678719813599616464e+04
-5.680948845048816293e+04
-5.684217611995137850e+04
-5.688697140962365665e+04
-5.694573865529701288e+04
-5.702050621801384113e+04
-5.711347692436058423e+04
-5.722703899235295830e+04
-5.736377744291781710e+04
-5.752648599696993188e+04
-5.771817945808319200e+04
-5.794210658075789979e+04
-5.820176342428140924e+04
-5.850090719218461163e+04
-5.884357055729409331e+04
-5.923407647237781202e+04
-5.967705346638654737e+04
-6.017745142629047768e+04
-6.074055786450995220e+04
-6.137201467194208089e+04
-6.207783535658194160e+04
-6.286442276773846243e+04
-6.373858730584549630e+04
-6.470756561786855309e+04
-6.577903977830457734e+04
-6.696115695577945735e+04
-6.826254956523745204e+04
-6.969235590572815272e+04
-7.126024128378779278e+04
-7.297641962241302826e+04
-7.485167555563405040e+04
-7.689738700867899752e+04
-5.754213916852274269e+04
-5.754087086813256610e+04
-5.753709487000833178e+04
-5.753089812937864917e+04
-5.752242639191506896e+04
-5.751188542416537530e+04
-5.749954273616215505e+04
-5.748572979620724072e+04
-5.747084473782476562e+04
-5.745535555889510579e+04
-5.743980381295449479e+04
-5.742480879267667478e+04
-5.741107220552289800e+04
-5.739938334156711062e+04
-5.739062473349622451e+04
-5.738577830878309032e+04
-5.738593203403343796e+04
-5.739228705150747555e+04
-5.740616530781451729e+04
-5.742901767478098918e+04
-5.746243256249413389e+04
-5.750814502451750741e+04
-5.756804635528278595e+04
-5.764419417965241882e+04
-5.773882303465779114e+04
-5.785435544341276545e+04
-5.799341348119671602e+04
-5.815883083371762041e+04
-5.835366534754224995e+04
-5.858121207270597370e+04
-5.884501679749242612e+04
-5.914889007538963779e+04
-5.949692174421842356e+04
-5.989349593743551668e+04
-6.034330658760980441e+04
-6.085137342207354959e+04
-6.142305845074645185e+04
-6.206408294613381440e+04
-6.278054491549871454e+04
-6.357893706520846899e+04
-6.446616525725381507e+04
-6.544956745794306335e+04
-6.653693317876981746e+04
-6.773652340945407923e+04
-6.905709104315764853e+04
-7.050790179387325770e+04
-7.209875560598858283e+04
-7.384000855602089723e+04
-7.574259524653074914e+04
-7.781805169220414246e+04
-5.816752093764767051e+04
-5.816624013987701619e+04
-5.816242708431775100e+04
-5.815617003359072260e+04
-5.814761692326523917e+04
-5.813697660866563820e+04
-5.812452061039602268e+04
-5.811058535859043332e+04
-5.809557493587967474e+04
-5.807996431908591330e+04
-5.806430311963468557e+04
-5.804921982268974534e+04
-5.803542652501124394e+04
-5.802372417153410061e+04
-5.801500829066817823e+04
-5.801027522832142859e+04
-5.801062888064393337e+04
-5.801728792549340142e+04
-5.803159355262364988e+04
-5.805501769259353750e+04
-5.808917174439985683e+04
-5.813581580182829930e+04
-5.819686837852971803e+04
-5.827441663181756303e+04
-5.837072708518508443e+04
-5.848825684954630560e+04
-5.862966534319866332e+04
-5.879782651050551067e+04
-5.899584153930422326e+04
-5.922705207703146152e+04
-5.949505394557364343e+04
-5.980371135483798571e+04
-6.015717161504553223e+04
-6.055988034774544940e+04
-6.101659719555178890e+04
-6.153241203060194675e+04
-6.211276166173649835e+04
-6.276344704040157376e+04
-6.349065096527217247e+04
-6.430095628559731995e+04
-6.520136460326814267e+04
-6.619931547360670811e+04
-6.730270610487644444e+04
-6.851991155651540612e+04
-6.985980543609056622e+04
-7.133178109497347032e+04
-7.294577332273966749e+04
-7.471228054028676706e+04
-7.664238749167804781e+04
-7.874778843470406719e+04
-5.879798023880716937e+04
-5.879668690021034854e+04
-5.879283666344659287e+04
-5.878651911825372372e+04
-5.877788442306878278e+04
-5.876714456833677104e+04
-5.875457514514381910e+04
-5.874051761917378462e+04
-5.872538210999109288e+04
-5.870965067564187484e+04
-5.869388110258581582e+04
-5.867871120094560320e+04
-5.866486360508410144e+04
-5.865315107950435777e+04
-5.864448233007142699e+04
-5.863986832056253479e+04
-5.864042909453458560e+04
-5.864740110252126760e+04
-5.866214503455109661e+04
-5.868615415799027687e+04
-5.872106316070680623e+04
-5.876865749956378568e+04
-5.883088325423006609e+04
-5.890985748631852039e+04
-5.900787910384904535e+04
-5.912744023103079235e+04
-5.927123808337366791e+04
-5.944218734811882314e+04
-5.964343306999614288e+04
-5.987836404230414337e+04
-6.015062670331431582e+04
-6.046413953799786395e+04
-6.082310798507804429e+04
-6.123203984940526425e+04
-6.169576121965634957e+04
-6.221943289135623490e+04
-6.280856729522632668e+04
-6.346904593085366650e+04
-6.420713730568540632e+04
-6.502951537934694352e+04
-6.594327851328341058e+04
-6.695596892572543584e+04
-6.807559265197816421e+04
-6.931064001003451995e+04
-7.067010657151213672e+04
-7.216351463791371498e+04
-7.380093522221136664e+04
-7.559301053575590777e+04
-7.755097698050663166e+04
-7.968668864658960956e+04
-5.943270395319898671e+04
-5.943139809269901889e+04
-5.942751073762234591e+04
-5.942113282325092587e+04
-5.941241676176477631e+04
-5.940157772230449336e+04
-5.938889542306086514e+04
-5.937471643538893113e+04
-5.935945699994883034e+04
-5.934360635487075342e+04
-5.932773057594534475e+04
-5.931247692884085700e+04
-5.929857873334546457e+04
-5.928686073963284434e+04
-5.927824501655670610e+04
-5.927375735196736059e+04
-5.927453416505685163e+04
-5.928182993072713725e+04
-5.929702511598521960e+04
-5.932163462836257531e+04
-5.935731677636120003e+04
-5.940588274192385143e+04
-5.946930656493162678e+04
-5.954973563972400734e+04
-5.964950172364793252e+04
-5.977113245763006125e+04
-5.991736339877411956e+04
-6.009115056498542253e+04
-6.029568349161976221e+04
-6.053439880015832023e+04
-6.081099427890677180e+04
-6.112944347572189872e+04
-6.149401080276198627e+04
-6.190926715326287376e+04
-6.238010603034071391e+04
-6.291176018781837774e+04
-6.350981878307888110e+04
-6.418024504194346810e+04
-6.492939443557478080e+04
-6.576403336940659210e+04
-6.669135838409836288e+04
-6.771901586851508182e+04
-6.885512228473280265e+04
-7.010828490506949311e+04
-7.148762306114184321e+04
-7.300278990494653408e+04
-7.466399468196847010e+04
-7.648202551631259848e+04
-7.846827270786251756e+04
-8.063475254146457883e+04
-6.006996915288662422e+04
-6.006865092918667506e+04
-6.006472693701312528e+04
-6.005828947261025314e+04
-6.004949322791866871e+04
-6.003855658787649008e+04
-6.002576344664314092e+04
-6.001146554274058144e+04
-5.999608531311701518e+04
-5.998011926612989919e+04
-5.996414187345266691e+04
-5.994880998089657078e+04
-5.993486773815921333e+04
-5.992315204748879478e+04
-5.991459853127172391e+04
-5.991024801853897952e+04
-5.991125355039645365e+04
-5.991888790437079297e+04
-5.993455163767968770e+04
-5.995978164942203148e+04
-5.999626026168718818e+04
-6.004582481958711287e+04
-6.011047781020637922e+04
-6.019239750047607231e+04
-6.029394909396440926e+04
-6.041769640659187280e+04
-6.056641406126380753e+04
-6.074310020142541180e+04
-6.095098972353646968e+04
-6.119356802846721257e+04
-6.147458529181471386e+04
-6.179807125313885626e+04
-6.216835052412050572e+04
-6.259005841563972353e+04
-6.306815728377293271e+04
-6.360795339471357147e+04
-6.421511430861106783e+04
-6.489568678233129322e+04
-6.565611519113776740e+04
-6.650326046929279983e+04
-6.744441956957911316e+04
-6.848734544174415350e+04
-6.964026752986169595e+04
-7.091191278861637693e+04
-7.231152721850827220e+04
-7.384889791997792781e+04
-7.553437566645094194e+04
-7.737889799630652124e+04
-7.939401282376174640e+04
-8.159190256868045253e+04
-6.070796036753211229e+04
-6.070663008018487017e+04
-6.070267035369452060e+04
-6.069617485776519607e+04
-6.068730058539666061e+04
-6.067626916812792479e+04
-6.066336871737401816e+04
-6.064895619186218391e+04
-6.063346029116286809e+04
-6.061738487531813735e+04
-6.060131291056606278e+04
-6.058591094116394379e+04
-6.057193408730388910e+04
-6.056023156913033017e+04
-6.055175275685048109e+04
-6.054755374694208149e+04
-6.054880446445898269e+04
-6.055679629143292550e+04
-6.057295022137074557e+04
-6.059882553985044797e+04
-6.063612903121102136e+04
-6.068672471134261286e+04
-6.075264408657009335e+04
-6.083609693863480061e+04
-6.093948263577267062e+04
-6.106540196988918615e+04
-6.121666951983066974e+04
-6.139632654075271421e+04
-6.160765437958471739e+04
-6.185418841659083409e+04
-6.213973253302894591e+04
-6.246837410490508046e+04
-6.284449952282458253e+04
-6.327281023794056091e+04
-6.375833933399830858e+04
-6.430646862547649653e+04
-6.492294628182583983e+04
-6.561390497780358419e+04
-6.638588056990403857e+04
-6.724583129888832627e+04
-6.820115751840686426e+04
-6.925972194972293801e+04
-7.042987046252854634e+04
-7.172045338186093431e+04
-7.314084732111243648e+04
-7.470097754113920382e+04
-7.641134083546641341e+04
-7.828302894158721028e+04
-8.032775247836382187e+04
-8.255786540951936331e+04
-6.134846904695137346e+04
-6.134712684432417882e+04
-6.134313183416838729e+04
-6.133657907637296012e+04
-6.132762789313207031e+04
-6.131650320251536323e+04
-6.130349738546345179e+04
-6.128897268621331750e+04
-6.127336414614912792e+04
-6.125718307108531735e+04
-6.124102103196921234e+04
-6.122555439902070066e+04
-6.121154940929289296e+04
-6.119986776766234107e+04
-6.119147278124877630e+04
-6.118743602726003155e+04
-6.118894455426481727e+04
-6.119730861689544690e+04
-6.121396994397581147e+04
-6.124051054007838684e+04
-6.127866202050798165e+04
-6.133031547971331020e+04
-6.139753189312776522e+04
-6.148255305243533076e+04
-6.158781303426630620e+04
-6.171595020231934905e+04
-6.186981974291188817e+04
-6.205250673395826743e+04
-6.226733974737491371e+04
-6.251790498491357721e+04
-6.280806094742246205e+04
-6.314195363753459242e+04
-6.352403229578401078e+04
-6.395906567015017208e+04
-6.445215881902864203e+04
-6.500877044763127924e+04
-6.563473077781208849e+04
-6.633625995132300886e+04
-6.711998696649537305e+04
-6.799296914834900235e+04
-6.896271215213226969e+04
-7.003719050028490892e+04
-7.122486865283221414e+04
-7.253472261120467738e+04
-7.397626205548783764e+04
-7.555955301509644778e+04
-7.729524107287866354e+04
-7.919457510264815937e+04
-8.126943154014184256e+04
-8.353233918740729860e+04
-6.199532932289077144e+04
-6.199397504811021645e+04
-6.198994429185030458e+04
-6.198333352869818918e+04
-6.197430445078026969e+04
-6.196308531947863958e+04
-6.194997285783829284e+04
-6.193533468366159650e+04
-6.191961228328858124e+04
-6.190332452606470906e+04
-6.188707171950146585e+04
-6.187154020511514682e+04
-6.185750749496160279e+04
-6.184584794885361043e+04
-6.183753899226804060e+04
-6.183366787493896845e+04
-6.183543897014029062e+04
-6.184418161465378944e+04
-6.186135848942523444e+04
-6.188857454090941610e+04
-6.192758644310147793e+04
-6.198031260025500524e+04
-6.204884369028943183e+04
-6.213545374888349761e+04
-6.224261179425810406e+04
-6.237299399264319072e+04
-6.252949636443576310e+04
-6.271524803104392777e+04
-6.293362500241850648e+04
-6.318826450527175621e+04
-6.348307985198363895e+04
-6.382227585019754770e+04
-6.421036475310014066e+04
-6.465218275039151195e+04
-6.515290699994186434e+04
-6.571807320013520075e+04
-6.635359370290186780e+04
-6.706577616743667750e+04
-6.786134275460688514e+04
-6.874744986204557063e+04
-6.973170839993332629e+04
-7.082220460746852041e+04
-7.202752141002329881e+04
-7.335676031698790030e+04
-7.481956386030232534e+04
-7.642613857367685705e+04
-7.818727851249781088e+04
-8.011438931442159810e+04
-8.221951280065785977e+04
-8.451535211793793133e+04
-6.264974007323625847e+04
-6.264837348068603751e+04
-6.264430625042555039e+04
-6.263763629853610473e+04
-6.262852773152149166e+04
-6.261721221585484454e+04
-6.260399089535074017e+04
-6.258923685635291622e+04
-6.257339814074640890e+04
-6.255700130678449204e+04
-6.254065553773958527e+04
-6.252505729837247782e+04
-6.251099553921981715e+04
-6.249935744870675990e+04
-6.249113475307277258e+04
-6.248743056412284204e+04
-6.248946677479452046e+04
-6.249859200254875032e+04
-6.251629008057781903e+04
-6.254418909683288803e+04
-6.258407098087518534e+04
-6.263788163854255254e+04
-6.270774163443854923e+04
-6.279595742224015703e+04
-6.290503312282863772e+04
-6.303768285023442877e+04
-6.319684358540720132e+04
-6.338568859780390630e+04
-6.360764141479644604e+04
-6.386639033889981511e+04
-6.416590351281972835e+04
-6.451044453232012165e+04
-6.490458860691260634e+04
-6.535323926836104511e+04
-6.586164562701250543e+04
-6.643542017594196659e+04
-6.708055714292134508e+04
-6.780345139020653733e+04
-6.861091786214383319e+04
-6.951021158059866866e+04
-7.050904818820109358e+04
-7.161562503941364412e+04
-7.283864283941817121e+04
-7.418732783082270180e+04
-7.567145452818833292e+04
-7.730136900037554733e+04
-7.908801270071104227e+04
-8.104294684497520211e+04
-8.317837733720627148e+04
-8.550718024332952336e+04
-6.330980032623169245e+04
-6.330842132533178665e+04
-6.330431735697406111e+04
-6.329758780165782082e+04
-6.328839921846317884e+04
-6.327698673242294171e+04
-6.326365597684348904e+04
-6.324878559057399252e+04
-6.323283027022392343e+04
-6.321632437733154802e+04
-6.319988610047721886e+04
-6.318422217234942946e+04
-6.317013314175828418e+04
-6.315851920059553231e+04
-6.315038656574727793e+04
-6.314685441595168959e+04
-6.314916238360817079e+04
-6.315867860153366928e+04
-6.317690830466926855e+04
-6.320550298673284124e+04
-6.324627011182365095e+04
-6.330118338097388187e+04
-6.337239355364948278e+04
-6.346223982419865206e+04
-6.357326175325034274e+04
-6.370821175406247494e+04
-6.387006813381586835e+04
-6.406204868985932262e+04
-6.428762486090246239e+04
-6.455053643315794034e+04
-6.485480680143236532e+04
-6.520475878516503144e+04
-6.560503099941631081e+04
-6.606059478080514236e+04
-6.657677166839316487e+04
-6.715925143952082726e+04
-6.781411070058993937e+04
-6.854783203279481677e+04
-6.936732369280385319e+04
-7.027993986838836281e+04
-7.129350148900167551e+04
-7.241631759130422142e+04
-7.365720723964148783e+04
-7.502552200146626274e+04
-7.653116897771318327e+04
-7.818463438812052482e+04
-7.999700771149934735e+04
-8.198000638095571776e+04
-8.414600103405620030e+04
-8.650804131794588466e+04
-6.397396080288774101e+04
-6.397256942409770272e+04
-6.396842881568903249e+04
-6.396163984262546001e+04
-6.395237155012043513e+04
-6.394086256904814218e+04
-6.392742308351649262e+04
-6.391243736060711672e+04
-6.389636684227746446e+04
-6.387975379942787549e+04
-6.386322554813265742e+04
-6.384749922803579830e+04
-6.383338714290977805e+04
-6.382180266337930516e+04
-6.381376669180948375e+04
-6.381041468935649027e+04
-6.381300426518553286e+04
-6.382292332784826431e+04
-6.384169879882970417e+04
-6.387100588825580780e+04
-6.391267793276445445e+04
-6.396871679554505681e+04
-6.404130382853658375e+04
-6.413281139679583430e+04
-6.424581496502275695e+04
-6.438310574625697336e+04
-6.454770391273331916e+04
-6.474287236890495114e+04
-6.497213108662755985e+04
-6.523927200251095928e+04
-6.554837447743129451e+04
-6.590382131821122312e+04
-6.631031536146053986e+04
-6.677289661958401848e+04
-6.729695998895127559e+04
-6.788827352023117419e+04
-6.855299725089264393e+04
-6.929770259986596648e+04
-7.012939232437014289e+04
-7.105552103890525177e+04
-7.208401629640774627e+04
-7.322330023156944662e+04
-7.448231176632191637e+04
-7.587052937748470868e+04
-7.739799442657663894e+04
-7.907533505179303756e+04
-8.091379062214581063e+04
-8.292523675376741448e+04
-8.512221088838092692e+04
-8.751793843393132556e+04
-6.464117723335957271e+04
-6.463977359337487724e+04
-6.463559670111104788e+04
-6.462874892440272379e+04
-6.461940182550901955e+04
-6.460779758491585380e+04
-6.459425099466241954e+04
-6.457915202118345769e+04
-6.456296893767942674e+04
-6.454625202600134071e+04
-6.452963784806161129e+04
-6.451385408676356019e+04
-6.449972495645209710e+04
-6.448817718288805918e+04
-6.448024655274041288e+04
-6.447708503260153520e+04
-6.447996845752515947e+04
-6.449030478908064833e+04
-6.450964294293414423e+04
-6.453968218594812060e+04
-6.458228210280047642e+04
-6.463947313212932931e+04
-6.471346767219416506e+04
-6.480667175606210367e+04
-6.492169729631307564e+04
-6.506137489926643320e+04
-6.522876724872943305e+04
-6.542718305926695029e+04
-6.566019159899221268e+04
-6.593163778187762364e+04
-6.624565782958889031e+04
-6.660669550283801800e+04
-6.701951890226063551e+04
-6.748923783881020790e+04
-6.802132177367807890e+04
-6.862161832773029164e+04
-6.929637236046959879e+04
-7.005224561851695762e+04
-7.089633695361207356e+04
-7.183620311013887112e+04
-7.287988008217079914e+04
-7.403590504003588285e+04
-7.531333882640486991e+04
-7.672178902189934161e+04
-7.827143358022208849e+04
-7.997304503280756762e+04
-8.183801526299501711e+04
-8.387838084972040087e+04
-8.610684898073224758e+04
-8.853682393532717833e+04
-6.530952841481867654e+04
-6.530811278757918626e+04
-6.530390043832611991e+04
-6.529699525301523681e+04
-6.528757133676503145e+04
-6.527587445665329869e+04
-6.526222406162132393e+04
-6.524701587950323301e+04
-6.523072509116597939e+04
-6.521391008177021286e+04
-6.519721676914604905e+04
-6.518138350928541331e+04
-6.516724657895279233e+04
-6.515574623541104665e+04
-6.514793335326565284e+04
-6.514497663842397742e+04
-6.514817041917291499e+04
-6.515894301437315880e+04
-6.517886567876946356e+04
-6.520966212541799905e+04
-6.525321862523087475e+04
-6.531159468363755150e+04
-6.538703429436245642e+04
-6.548197777032032172e+04
-6.559907415162735560e+04
-6.574119419072986057e+04
-6.591144391464951332e+04
-6.611317876434569189e+04
-6.635001831119379494e+04
-6.662586155058171425e+04
-6.694490277262180462e+04
-6.731164800998060673e+04
-6.773093206282494066e+04
-6.820793610088514106e+04
-6.874820584263421188e+04
-6.935767031158617465e+04
-7.004266116970642179e+04
-7.080993262794584734e+04
-7.166668193388522195e+04
-7.262057043649996922e+04
-7.367974522804116714e+04
-7.485286136303297826e+04
-7.614910465438711981e+04
-7.757821504663387896e+04
-7.915051056627028447e+04
-8.087691184922486718e+04
-8.276896724543966411e+04
-8.483887850056870957e+04
-8.709952701479266398e+04
-8.956450067875189416e+04
-6.597852281250320084e+04
-6.597709550186846172e+04
-6.597284861220556195e+04
-6.596588756271550665e+04
-6.595638902699589380e+04
-6.594460239543503849e+04
-6.593085182256072585e+04
-6.591553885934982100e+04
-6.589914567049368634e+04
-6.588223883661933360e+04
-6.586547374147159280e+04
-6.584959954404951714e+04
-6.583546473570101080e+04
-6.582402328217479226e+04
-6.581634135063168651e+04
-6.581360462160911993e+04
-6.581712618594629748e+04
-6.582835502666597313e+04
-6.584888508581287169e+04
-6.588046491625058115e+04
-6.592500791841435421e+04
-6.598460316202192917e+04
-6.606152679274306865e+04
-6.615825402382366883e+04
-6.627747171266919759e+04
-6.642209152238580282e+04
-6.659526366827682068e+04
-6.680039124929845275e+04
-6.704114516447168717e+04
-6.732147961425254471e+04
-6.764564818685849605e+04
-6.801822052955333493e+04
-6.844409960488862998e+04
-6.892853953190291941e+04
-6.947716401227818278e+04
-7.009598534145303711e+04
-7.079142400469515997e+04
-7.157032885812839959e+04
-7.243999789471935946e+04
-7.340819959522012505e+04
-7.448319486406900978e+04
-7.567375955024866562e+04
-7.698920755310075765e+04
-7.843941451309886179e+04
-8.003484208757801389e+04
-8.178656281142236548e+04
-8.370628554270973837e+04
-8.580638149331296154e+04
-8.809991084446001332e+04
-9.060064994725007273e+04
-6.665089830142751453e+04
-6.664945936143553990e+04
-6.664517810065987578e+04
-6.663816149313366623e+04
-6.662858881702148938e+04
-6.661671313677936269e+04
-6.660286337818612810e+04
-6.658744699623098131e+04
-6.657095323587521852e+04
-6.655395698567290674e+04
-6.653712322425705497e+04
-6.652121205969467701e+04
-6.650708436170211644e+04
-6.649570798672817182e+04
-6.648816459590097656e+04
-6.648565706584152940e+04
-6.648951749233955343e+04
-6.650121578689734451e+04
-6.652236886613492970e+04
-6.655475043406459736e+04
-6.660030135722730483e+04
-6.666114063269451435e+04
-6.673957694893571897e+04
-6.683812083955126582e+04
-6.695949742986934143e+04
-6.710665977640713390e+04
-6.728280279919983877e+04
-6.749137780699103314e+04
-6.773610761529183947e+04
-6.802100225730122474e+04
-6.835037528769417258e+04
-6.872886067927377007e+04
-6.916143031248824263e+04
-6.965341205781245662e+04
-7.021050845099719299e+04
-7.083881596117781010e+04
-7.154484485185376252e+04
-7.233553963473136537e+04
-7.321830011642840691e+04
-7.420100303804756550e+04
-7.529202430761342112e+04
-7.650026182537483692e+04
-7.783515890197080444e+04
-7.930672826946366695e+04
-8.092557668523536995e+04
-8.270293012874986744e+04
-8.465065959118025785e+04
-8.678130745789916546e+04
-8.910811448383853713e+04
-9.164504736170869728e+04
-6.732925220714631723e+04
-6.732780146271722333e+04
-6.732348531471012393e+04
-6.731641231930887443e+04
-6.730676440463833569e+04
-6.729479837248756667e+04
-6.728084800072715734e+04
-6.726532674641435733e+04
-6.724873104958853219e+04
-6.723164423775894102e+04
-6.721474103107838891e+04
-6.719879264821164543e+04
-6.718467251289260457e+04
-6.717336256116867298e+04
-6.716596014933985134e+04
-6.716368556258504395e+04
-6.716789012427954003e+04
-6.718006490600228426e+04
-6.720185003823430452e+04
-6.723504462174481887e+04
-6.728161723967138096e+04
-6.734371707028734090e+04
-6.742368560045884806e+04
-6.752406893979452434e+04
-6.764763073548504326e+04
-6.779736568783006805e+04
-6.797651366645871894e+04
-6.818857442723801068e+04
-6.843732292987262190e+04
-6.872682525619441003e+04
-6.906145512914189021e+04
-6.944591103243005637e+04
-6.988523393091143225e+04
-7.038482559162493271e+04
-7.095046750553681341e+04
-7.158834040997168631e+04
-7.230504441173272789e+04
-7.310761971091263695e+04
-7.400356792539510934e+04
-7.500087401604584011e+04
-7.610802881259407150e+04
-7.733405214020356652e+04
-7.868851654673554003e+04
-8.018157163069974922e+04
-8.182396896989688685e+04
-8.362708765075106930e+04
-8.560296039833172108e+04
-8.776430030706625257e+04
-9.012452817214469542e+04
-9.269780042160970333e+04
-6.801315678284547175e+04
-6.801169411824256531e+04
-6.800734274449379882e+04
-6.800021282601117855e+04
-6.799048898426018422e+04
-6.797843181892843859e+04
-6.796438003755910904e+04
-6.794875319365538599e+04
-6.793205503324927122e+04
-6.791487744993757224e+04
-6.789790504838808556e+04
-6.788192031630847487e+04
-6.786780940488657507e+04
-6.785656851769433706e+04
-6.784931090806322754e+04
-6.784727448492233816e+04
-6.785183002710519941e+04
-6.786449000612623058e+04
-6.788691801742208190e+04
-6.792093882005900377e+04
-6.796854898491033236e+04
-6.803192815129966766e+04
-6.811345089211192681e+04
-6.821569918736895488e+04
-6.834147550627787132e+04
-6.849381649774020480e+04
-6.867600728933259961e+04
-6.889159639475418953e+04
-6.914441122973876190e+04
-6.943857423643673246e+04
-6.977851961626359844e+04
-7.016901067121460801e+04
-7.061515775364790170e+04
-7.112243682453414658e+04
-7.169670862017456966e+04
-7.234423842738276289e+04
-7.307171646713941300e+04
-7.388627888670851826e+04
-7.479552936022431822e+04
-7.580756129774365399e+04
-7.693098066276778991e+04
-7.817492939822826884e+04
-7.954910946094288374e+04
-8.106380746453657048e+04
-8.272991993083120906e+04
-8.455897914970184502e+04
-8.656317964740066964e+04
-8.875540526334677998e+04
-9.114925683538465819e+04
-9.375908049351003137e+04
-6.870148386237317754e+04
-6.870000929868599633e+04
-6.869562277014195570e+04
-6.868843607242785220e+04
-6.867863655880060105e+04
-6.866648868075496284e+04
-6.865233614496093651e+04
-6.863660468646431400e+04
-6.861980545815829828e+04
-6.860253903652195004e+04
-6.858550004362376058e+04
-6.856948238539423619e+04
-6.855538510616627173e+04
-6.854421885948117415e+04
-6.853711299516356667e+04
-6.853532326266312157e+04
-6.854024013066274347e+04
-6.855339772295609873e+04
-6.857648337058944162e+04
-6.861134778027448920e+04
-6.866001581906546198e+04
-6.872469791530477232e+04
-6.880780207583669107e+04
-6.891194651948746468e+04
-6.903997292681128602e+04
-6.919496030610775051e+04
-6.938023947570243035e+04
-6.959940816249682393e+04
-6.985634671678562881e+04
-7.015523444334062515e+04
-7.050056654876208631e+04
-7.089717170509819698e+04
-7.135023022973099432e+04
-7.186529288152992376e+04
-7.244830027327263087e+04
-7.310560290033411002e+04
-7.384398178564001864e+04
-7.467066974089258292e+04
-7.559337324405810796e+04
-7.662029493312635168e+04
-7.776015671613423910e+04
-7.902222349745896645e+04
-8.041632752037695900e+04
-8.195289332589093829e+04
-8.364296332782355603e+04
-8.549822400418028701e+04
-8.753103270477685146e+04
-8.975444507513633289e+04
-9.218224309665166948e+04
-9.482896374301798642e+04
-6.939349752203970274e+04
-6.939201115242930246e+04
-6.938758975580647530e+04
-6.938034678086364875e+04
-6.937047234897325689e+04
-6.935823481451481348e+04
-6.934398294933458965e+04
-6.932814875133495661e+04
-6.931125087719512521e+04
-6.929389869922355865e+04
-6.927679698634096712e+04
-6.926075120919353503e+04
-6.924667346939971321e+04
-6.923558905292453710e+04
-6.922864360758845578e+04
-6.922711094470464741e+04
-6.923240146484985598e+04
-6.924607120776321972e+04
-6.926983152637869352e+04
-6.930555938498796604e+04
-6.935530828153381299e+04
-6.942131979403496371e+04
-6.950603575114170962e+04
-6.961211102682336059e+04
-6.974242695918615209e+04
-6.990010539342158881e+04
-7.008852334888758196e+04
-7.031132831031904789e+04
-7.057245414317082032e+04
-7.087613763308992202e+04
-7.122693564952147426e+04
-7.162974293344217585e+04
-7.208981050922896247e+04
-7.261276472065591952e+04
-7.320462689102205331e+04
-7.387183360741235083e+04
-7.462125762908742763e+04
-7.546022942000725016e+04
-7.639655930548244214e+04
-7.743856025295818108e+04
-7.859507127693136863e+04
-7.987548146799429378e+04
-8.128975464601386921e+04
-8.284845463743925211e+04
-8.456277117674033798e+04
-8.644454643197989208e+04
-8.850630215451464755e+04
-9.076126745282615593e+04
-9.322340719048745814e+04
-9.590745100825534610e+04
-7.008728497475528275e+04
-7.008578701293299673e+04
-7.008133139590482460e+04
-7.007403324506554054e+04
-7.006408548300026450e+04
-7.005176041387667647e+04
-7.003741193599175313e+04
-7.002147838647756726e+04
-7.000448601816089649e+04
-6.998705310858115263e+04
-6.996989470116505981e+04
-6.995382797855627723e+04
-6.993977826810254192e+04
-6.992878567950107390e+04
-6.992201237459554977e+04
-6.992075046933590784e+04
-6.992643056788993999e+04
-6.994063092891256383e+04
-6.996508726397450664e+04
-7.000170316814242688e+04
-7.005256118271980085e+04
-7.011993449014292855e+04
-7.020629924103277153e+04
-7.031434751340369985e+04
-7.044700090403057402e+04
-7.060742475196905434e+04
-7.079904299423510383e+04
-7.102555365363968303e+04
-7.129094495878156158e+04
-7.159951209619318251e+04
-7.195587459464851418e+04
-7.236499434162199032e+04
-7.283219423190686211e+04
-7.336317744839015359e+04
-7.396404737498312898e+04
-7.464132814170855272e+04
-7.540198580194539682e+04
-7.625345014182836167e+04
-7.720363712180580478e+04
-7.826097195035230834e+04
-7.943441278984042583e+04
-8.073347509456546686e+04
-8.216825658092963567e+04
-8.374946282978214731e+04
-8.548843352091487031e+04
-8.739716929971500940e+04
-8.948835927597491536e+04
-9.177540915485788719e+04
-9.427247000002037385e+04
-9.699446762889066304e+04
-7.078079013032186776e+04
-7.077928092033613939e+04
-7.077479212084488245e+04
-7.076744054346324992e+04
-7.075742194161361840e+04
-7.074501261161836737e+04
-7.073057163423291058e+04
-7.071454375661493395e+04
-7.069746291473056772e+04
-7.067995639620114525e+04
-7.066274964358436409e+04
-7.064667169809542247e+04
-7.063266128376353299e+04
-7.062177353202975064e+04
-7.061518734677795146e+04
-7.061421340980811510e+04
-7.062030282674261252e+04
-7.063505641337463749e+04
-7.066023462245066185e+04
-7.069776811089293915e+04
-7.074976894745853497e+04
-7.081854246083644102e+04
-7.090659972818240931e+04
-7.101667070409137523e+04
-7.115171799000742612e+04
-7.131495124407114054e+04
-7.150984223140581162e+04
-7.174014051484009542e+04
-7.200988978606845194e+04
-7.232344483725080499e+04
-7.268548917304660426e+04
-7.310105326309113298e+04
-7.357553343490556290e+04
-7.411471140724535508e+04
-7.472477446388948010e+04
-7.541233626786233799e+04
-7.618445831609769084e+04
-7.704867203453851107e+04
-7.801300151367294893e+04
-7.908598688451184717e+04
-8.027670833499914443e+04
-8.159481076686538290e+04
-8.305052909291289689e+04
-8.465471417474429472e+04
-8.641885940092435339e+04
-8.835512790558239794e+04
-9.047638042745122220e+04
-9.279620380934207060e+04
-9.532894013806217117e+04
-9.808971652476338204e+04
-7.147488663584942697e+04
-7.147336642931382812e+04
-7.146884520884888479e+04
-7.146144149633189954e+04
-7.145135390972599271e+04
-7.143886278533328732e+04
-7.142433244894936797e+04
-7.140821413591696182e+04
-7.139104956008313457e+04
-7.137347513165531564e+04
-7.135622682396006712e+04
-7.134014568910250091e+04
-7.132618402252631495e+04
-7.131541217647408484e+04
-7.130902602235191443e+04
-7.130835506199180963e+04
-7.131487118781564641e+04
-7.133019809190307569e+04
-7.135612132395552180e+04
-7.139459899816663528e+04
-7.144777314899022167e+04
-7.151798173580995353e+04
-7.160777129651130235e+04
-7.171991024995331827e+04
-7.185740284734242596e+04
-7.202350377250646125e+04
-7.222173339107005449e+04
-7.245589364853240841e+04
-7.273008461724342487e+04
-7.304872169228331768e+04
-7.341655343624266970e+04
-7.383868007290257083e+04
-7.432057262981797976e+04
-7.486809272979956586e+04
-7.548751303129845473e+04
-7.618553831769202952e+04
-7.696932723546904163e+04
-7.784651468131841102e+04
-7.882523483811759797e+04
-7.991414485982106999e+04
-8.112244920525228372e+04
-8.245992462079570396e+04
-8.393694577198827756e+04
-8.556451152401472791e+04
-8.735427187110215891e+04
-8.931855551481613657e+04
-9.147039809125801548e+04
-9.382357104716470349e+04
-9.639261116490412678e+04
-9.919285073638080212e+04
-7.217191883759516350e+04
-7.217038767110575282e+04
-7.216583414782056934e+04
-7.215837852498830762e+04
-7.214822232702448673e+04
-7.213564998901379295e+04
-7.212103115761297522e+04
-7.210482364935448277e+04
-7.208757706634998613e+04
-7.206993706939746335e+04
-7.205265030848491006e+04
-7.203657001069856051e+04
-7.202266222553078842e+04
-7.201201272758723644e+04
-7.200583457669748168e+04
-7.200547633542385302e+04
-7.201243094397340610e+04
-7.202834525250791921e+04
-7.205503021085874934e+04
-7.209447171563752636e+04
-7.214884211475144548e+04
-7.222051236931890890e+04
-7.231206487298372667e+04
-7.242630692863170407e+04
-7.256628488250856753e+04
-7.273529891573832720e+04
-7.293691849324075156e+04
-7.317499847005261108e+04
-7.345369585504660790e+04
-7.377748723205407441e+04
-7.415118683838541619e+04
-7.457996530075547344e+04
-7.506936902860346891e+04
-7.562534026482237095e+04
-7.625423779387917602e+04
-7.696285830734382034e+04
-7.775845842681656359e+04
-7.864877738425305870e+04
-7.964206035969578079e+04
-8.074708247640103218e+04
-8.197317345337002189e+04
-8.333024291527995956e+04
-8.482880635981571686e+04
-8.648001178240112495e+04
-8.829566695833409904e+04
-9.028826738231928903e+04
-9.247102486540430982e+04
-9.485789678931325034e+04
-9.746361601818645431e+04
-1.003037214677144511e+05
-7.287283960470774036e+04
-7.287129743721449631e+04
-7.286671149694452470e+04
-7.285920380346772436e+04
-7.284897883253774489e+04
-7.283632518079875445e+04
-7.282161789636874164e+04
-7.280532147531482042e+04
-7.278799352400156204e+04
-7.277028908732564014e+04
-7.275296564283350017e+04
-7.273688876071783307e+04
-7.272303842969995458e+04
-7.271251604879132356e+04
-7.270655208493900136e+04
-7.270651439655292779e+04
-7.271391722291504266e+04
-7.273043083947067498e+04
-7.275789187900187972e+04
-7.279831431868473010e+04
-7.285390113302449754e+04
-7.292705661267859978e+04
-7.302039934915742197e+04
-7.313677588540953002e+04
-7.327927503228714340e+04
-7.345124285089585464e+04
-7.365629830082583067e+04
-7.389834955426493252e+04
-7.418161097599263303e+04
-7.451062076925997098e+04
-7.489025928754673805e+04
-7.532576801220478956e+04
-7.582276919598164386e+04
-7.638728617242694600e+04
-7.702576433118074783e+04
-7.774509275914294994e+04
-7.855262654752764502e+04
-7.945620976479673118e+04
-8.046419909547807765e+04
-8.158548814486333868e+04
-8.282953240959020332e+04
-8.420637491410574876e+04
-8.572667251301257056e+04
-8.740172285929549253e+04
-8.924349203843306168e+04
-9.126464286838824046e+04
-9.347856386548430601e+04
-9.589939887616023771e+04
-9.854207737460974022e+04
-1.014223454263029853e+05
-7.357774617388586921e+04
-7.357619302475161385e+04
-7.357157473395712441e+04
-7.356401510849886108e+04
-7.355372161728824722e+04
-7.354098707702480897e+04
-7.352619201241976407e+04
-7.350980769077096193e+04
-7.349239983088479494e+04
-7.347463298634855892e+04
-7.345727560315567825e+04
-7.344120575167491916e+04
-7.342741753297380637e+04
-7.341702815949062642e+04
-7.341128571005449339e+04
-7.341157755925686797e+04
-7.341943948117208492e+04
-7.343656542742847523e+04
-7.346481797962667770e+04
-7.350623947611075710e+04
-7.356306381308677373e+04
-7.363772892009213683e+04
-7.373288990981316601e+04
-7.385143290225576493e+04
-7.399648952326169820e+04
-7.417145207737568126e+04
-7.437998939506456372e+04
-7.462606335428336752e+04
-7.491394607639206515e+04
-7.524823779642191948e+04
-7.563388540769205429e+04
-7.607620168077439303e+04
-7.658088515680991986e+04
-7.715404071517295961e+04
-7.780220081548689632e+04
-7.853234741398807091e+04
-7.935193455423900741e+04
-8.026891163219403825e+04
-8.129174733561155153e+04
-8.242945425781804079e+04
-8.369161418581951875e+04
-8.508840406276501017e+04
-8.663062262475876196e+04
-8.832971771202211676e+04
-9.019781425440417661e+04
-9.224774293124434189e+04
-9.449306950558170502e+04
-9.694812483271729434e+04
-9.962803554312261986e+04
-1.025487553997005598e+05
-7.428697807565840776e+04
-7.428541400650639844e+04
-7.428076355796343705e+04
-7.427315234816548764e+04
-7.426279087866454211e+04
-7.424997624141511915e+04
-7.423509450855823525e+04
-7.421862380499666324e+04
-7.420113806376868160e+04
-7.418331146421552694e+04
-7.416592355294172012e+04
-7.414986504757487273e+04
-7.413614432331596618e+04
-7.412589458228695730e+04
-7.412038170567314955e+04
-7.412101278866037319e+04
-7.412934535816594143e+04
-7.414709727336677315e+04
-7.417615730902156793e+04
-7.421859642158544739e+04
-7.427667969812511001e+04
-7.435287898802275595e+04
-7.444988621748004516e+04
-7.457062738681316841e+04
-7.471827725054565235e+04
-7.489627468029543525e+04
-7.510833871045433625e+04
-7.535848526666680118e+04
-7.565104457710147835e+04
-7.599067926651657035e+04
-7.638240313312117360e+04
-7.683160060823346430e+04
-7.734404689873103052e+04
-7.792592881229642080e+04
-7.858386626546029584e+04
-7.932493447443652258e+04
-8.015668682875417289e+04
-8.108717844768313807e+04
-8.212499041945580393e+04
-8.327925472328207979e+04
-8.455967983416332572e+04
-8.597657701049564639e+04
-8.754088726447132649e+04
-8.926420901527687965e+04
-9.115882642508178833e+04
-9.323773841782531235e+04
-9.551468838079823763e+04
-9.800419454901700374e+04
-1.007215810723964241e+05
-1.036830097657139413e+05
-7.499917151326392195e+04
-7.499759665543673327e+04
-7.499291445079899859e+04
-7.498525235152963432e+04
-7.497482393007641076e+04
-7.496193060738308122e+04
-7.494696407240620465e+04
-7.493040939291953691e+04
-7.491284881761462020e+04
-7.489496626948604535e+04
-7.487755253051051113e+04
-7.486151111761458742e+04
-7.484786484993439808e+04
-7.483776310736394953e+04
-7.483248978039613576e+04
-7.483347191125126847e+04
-7.484228902629895310e+04
-7.486068315976712620e+04
-7.489056956874601019e+04
-7.493404813947717776e+04
-7.499341548493760638e+04
-7.507117773371055955e+04
-7.517006401015057054e+04
-7.529304060583414685e+04
-7.544332584230539214e+04
-7.562440562511025928e+04
-7.584004968911965261e+04
-7.609432853514532326e+04
-7.639163105784571962e+04
-7.673668286492026527e+04
-7.713456528759704088e+04
-7.759073508240800584e+04
-7.811104482425708557e+04
-7.870176399077709357e+04
-7.936960073797787481e+04
-8.012172436718276003e+04
-8.096578848326073785e+04
-8.190995484414153907e+04
-8.296291790162753023e+04
-8.413393003349268110e+04
-8.543282746687285544e+04
-8.687005689294681360e+04
-8.845670277290689410e+04
-9.020451533521978126e+04
-9.212593926417981857e+04
-9.423414307975054544e+04
-9.654304920869624766e+04
-9.906736474700851250e+04
-1.018226129136141535e+05
-1.048251651953845721e+05
-7.571138677144612302e+04
-7.570980139146751026e+04
-7.570508823736468912e+04
-7.569737661662256869e+04
-7.568688320834620390e+04
-7.567391381320565415e+04
-7.565886580335583130e+04
-7.564223127234156709e+04
-7.562460088497007382e+04
-7.560666842717026884e+04
-7.558923605582627351e+04
-7.557322024858700752e+04
-7.555965845365732093e+04
-7.554971643956426124e+04
-7.554469634490183671e+04
-7.554604542805426172e+04
-7.555536551689646149e+04
-7.557442315847252030e+04
-7.560516046865071985e+04
-7.564970668175994069e+04
-7.571039040019926324e+04
-7.578975254402878636e+04
-7.589056000053648313e+04
-7.601581997378461529e+04
-7.616879503413190832e+04
-7.635301886773348087e+04
-7.657231272602337413e+04
-7.683080257516590063e+04
-7.713293694549458451e+04
-7.748350548092219105e+04
-7.788765818833102821e+04
-7.835092538694119139e+04
-7.887923835765557305e+04
-7.947895069238406722e+04
-8.015686034334565920e+04
-8.092023237234540284e+04
-8.177682240003233892e+04
-8.273490075513607007e+04
-8.380327732367627323e+04
-8.499132709815629642e+04
-8.630901642672804883e+04
-8.776692996234132443e+04
-8.937629831186562660e+04
-9.114902638519280299e+04
-9.309772244431573199e+04
-9.523572785238675715e+04
-9.757714752275210049e+04
-1.001368810679652233e+05
-1.029306546487771411e+05
-1.059750535231058893e+05
-7.642234926121786702e+04
-7.642075368070034892e+04
-7.641601054888009094e+04
-7.640825104940948950e+04
-7.639769500320906809e+04
-7.638465264072228456e+04
-7.636952708306894056e+04
-7.635281753210016177e+04
-7.633512316935557465e+04
-7.631714776392071508e+04
-7.629970498918462545e+04
-7.628372444850060856e+04
-7.627025840974703897e+04
-7.626048924878946855e+04
-7.625573760184456478e+04
-7.625747122674368438e+04
-7.626731457309782854e+04
-7.628705906136706471e+04
-7.631867407082521822e+04
-7.636431863643204269e+04
-7.642635385460031102e+04
-7.650735599787080719e+04
-7.661013033848098712e+04
-7.673772568084207887e+04
-7.689344960291238385e+04
-7.708088440647283278e+04
-7.730390377630593139e+04
-7.756669014827179490e+04
-7.787375278628904198e+04
-7.822994656821680837e+04
-7.864049148063315079e+04
-7.911099282252106059e+04
-7.964746211785198830e+04
-8.025633873706890154e+04
-8.094451222747578868e+04
-8.171934535252398928e+04
-8.258869784000028449e+04
-8.356095083911772235e+04
-8.464503208650686429e+04
-8.585044178110713256e+04
-8.718727916796080535e+04
-8.866626983090749127e+04
-9.029879369417981070e+04
-9.209691373290013871e+04
-9.407340539247890410e+04
-9.624178671691348427e+04
-9.861634918598845252e+04
-1.012121892613785167e+05
-1.040452406416479789e+05
-1.071323072261579218e+05
-7.713327871373701782e+04
-7.713167318340312340e+04
-7.712690083359871642e+04
-7.711909474690197385e+04
-7.710847792422855855e+04
-7.709536507976226858e+04
-7.708016515385507955e+04
-7.706338454389775870e+04
-7.704563105316720612e+04
-7.702761855763963831e+04
-7.701017239077942213e+04
-7.699423544629615208e+04
-7.698087499887887680e+04
-7.697129024289321387e+04
-7.696682054906053236e+04
-7.696895443910043105e+04
-7.697933927834863425e+04
-7.699979168634612870e+04
-7.703230866539891576e+04
-7.707907944711188611e+04
-7.714249805689102504e+04
-7.722517659641955106e+04
-7.732995924410418957e+04
-7.745993697349599097e+04
-7.761846298967863549e+04
-7.780916888363090402e+04
-7.803598150456143776e+04
-7.830314055021380773e+04
-7.861521687514174846e+04
-7.897713151696010027e+04
-7.939417544056450424e+04
-7.987203000032147975e+04
-8.041678812023581122e+04
-8.103497619208140532e+04
-8.173357669151150913e+04
-8.252005151213560021e+04
-8.340236601757045719e+04
-8.438901381146069616e+04
-8.548904222547356039e+04
-8.671207852526352508e+04
-8.806835683440908906e+04
-8.956874577632105502e+04
-9.122477683412283659e+04
-9.304867342850193381e+04
-9.505338071353336272e+04
-9.725259609047463164e+04
-9.966080043953245331e+04
-1.022932900696016877e+05
-1.051662093859732558e+05
-1.082965842760184314e+05
-7.784522101009482867e+04
-7.784360572098358534e+04
-7.783880473443737719e+04
-7.783095305637645652e+04
-7.782027690853239619e+04
-7.780709554624634620e+04
-7.779182380338330404e+04
-7.777497536436910741e+04
-7.775716676334287331e+04
-7.773912211042970011e+04
-7.772167854513283237e+04
-7.770579241684361477e+04
-7.769254619247135997e+04
-7.768315609119131113e+04
-7.767898044631061202e+04
-7.768152879425582069e+04
-7.769247169067748473e+04
-7.771365125367260771e+04
-7.774709243412819342e+04
-7.779501501318310329e+04
-7.785984632680688810e+04
-7.794423471750048338e+04
-7.805106371311338444e+04
-7.818346693278028397e+04
-7.834484371997830749e+04
-7.853887550270000065e+04
-7.876954288074708893e+04
-7.904114344014559174e+04
-7.935831029467331246e+04
-7.972603135451127309e+04
-8.014966932201485906e+04
-8.063498241459784913e+04
-8.118814581474334409e+04
-8.181577384712699859e+04
-8.252494288286114170e+04
-8.332321497085962619e+04
-8.421866219632051070e+04
-8.521989176632525050e+04
-8.633607182256020315e+04
-8.757695798115507932e+04
-8.895292059964052169e+04
-9.047497277102564112e+04
-9.215479904499283293e+04
-9.400478487621214299e+04
-9.603804679977468913e+04
-9.826846333374525420e+04
-1.007107066088321881e+05
-1.033802747251796391e+05
-1.062935248362729617e+05
-1.094677069599692768e+05
-7.855888509543772670e+04
-7.855726020021887962e+04
-7.855243104336567922e+04
-7.854453457944180991e+04
-7.853380029320972972e+04
-7.852055204037357180e+04
-7.850521062461214024e+04
-7.848829711091115314e+04
-7.847043687518869410e+04
-7.845236439021800470e+04
-7.843492874784537707e+04
-7.841909991750394693e+04
-7.840597574102241197e+04
-7.839678966373164440e+04
-7.839291920186456991e+04
-7.839589514625252923e+04
-7.840741150231874781e+04
-7.842933616636562510e+04
-7.846372233815932123e+04
-7.851282066980734817e+04
-7.857909215093738749e+04
-7.866522173016410670e+04
-7.877413267286054906e+04
-7.890900165521590679e+04
-7.907327459459716920e+04
-7.927068321620239294e+04
-7.950526235600865039e+04
-7.978136800001922529e+04
-8.010369605980484630e+04
-8.047730188433993317e+04
-8.090762050813445239e+04
-8.140048763566442358e+04
-8.196216136209278193e+04
-8.259934463029382459e+04
-8.331920842416345840e+04
-8.412941569823431200e+04
-8.503814604358140787e+04
-8.605412109002507350e+04
-8.718663064462895272e+04
-8.844555956649495056e+04
-8.984141537785231776e+04
-9.138535661144462938e+04
-9.308922189420936047e+04
-9.496555976725710207e+04
-9.702765924214239931e+04
-9.928958109343334218e+04
-1.017661898875774787e+05
-1.044731867480574147e+05
-1.074271428568515257e+05
-1.106455336921829876e+05
-7.927587822174534085e+04
-7.927424379102794046e+04
-7.926938668462769419e+04
-7.926144583250670985e+04
-7.925065402696303499e+04
-7.923733978616497188e+04
-7.922192996311058232e+04
-7.920495309999200981e+04
-7.918704352798272157e+04
-7.916894621243842994e+04
-7.915152234351086372e+04
-7.913575567218050128e+04
-7.912275959170286660e+04
-7.911378496446873760e+04
-7.911022869428474223e+04
-7.911364304406325391e+04
-7.912574569893217995e+04
-7.914843057475905516e+04
-7.918377937208799995e+04
-7.923407387549665873e+04
-7.930180899836546450e+04
-7.938970657306158682e+04
-7.950072988654192886e+04
-7.963809896136810130e+04
-7.980530658213890274e+04
-8.000613506733576651e+04
-8.024467378658744565e+04
-8.052533742334645649e+04
-8.085288498298273771e+04
-8.123243954629385553e+04
-8.166950876842696744e+04
-8.217000612321992230e+04
-8.274027289295587980e+04
-8.338710090353435953e+04
-8.411775600505681359e+04
-8.494000229782768292e+04
-8.586212710377165058e+04
-8.689296668326575309e+04
-8.804193269738677191e+04
-8.931903941557518556e+04
-9.073493166871246649e+04
-9.230091354761594266e+04
-9.402897784694781876e+04
-9.593183625453943387e+04
-9.802295028613283648e+04
-1.003165629655348457e+05
-1.028277312501895212e+05
-1.055723592021636578e+05
-1.085672319045490731e+05
-1.118300501232800307e+05
-7.999660204180414439e+04
-7.999495812584587839e+04
-7.999007322978603770e+04
-7.998208828629563504e+04
-7.997123944059660425e+04
-7.995785993660852546e+04
-7.994238275756173243e+04
-7.992534402106884227e+04
-7.990738712865460548e+04
-7.988926766974997008e+04
-7.987185908014255983e+04
-7.985615905488946009e+04
-7.984329671569072525e+04
-7.983454053272193414e+04
-7.983130700092733605e+04
-7.983517007077320886e+04
-7.984787133346268092e+04
-7.987133096060910611e+04
-7.990765939837129554e+04
-7.995916981604706962e+04
-8.002839130912929249e+04
-8.011808285682139103e+04
-8.023124803401183453e+04
-8.037115047771132959e+04
-8.054133010794810252e+04
-8.074562010312540224e+04
-8.098816462983681413e+04
-8.127343732714450744e+04
-8.160626054531666159e+04
-8.199182533902334399e+04
-8.243571221499770763e+04
-8.294391263415050344e+04
-8.352285126815203694e+04
-8.417940901046805084e+04
-8.492094674186088378e+04
-8.575532985034689773e+04
-8.669095350561931264e+04
-8.773676868792432651e+04
-8.890230897140422894e+04
-9.019771806189657946e+04
-9.163377808919502422e+04
-9.322193865377150360e+04
-9.497434662795651820e+04
-9.690387671158098965e+04
-9.902416274207863898e+04
-1.013496297590481699e+05
-1.038955268232755916e+05
-1.066779605902170297e+05
-1.097139296379425796e+05
-1.130213595495383342e+05
-8.071818003772255906e+04
-8.071652681724056310e+04
-8.071161468229111051e+04
-8.070358659415383590e+04
-8.069268209425562236e+04
-8.067923921311694721e+04
-8.066369714286876842e+04
-8.064659967335438705e+04
-8.062859939180329093e+04
-8.061046264608291676e+04
-8.059307527153138653e+04
-8.057744908136437880e+04
-8.056472912065743003e+04
-8.055620168391296465e+04
-8.055330309619662876e+04
-8.055762925785523839e+04
-8.057094595281101647e+04
-8.059519992043491220e+04
-8.063253069099437562e+04
-8.068528318467955978e+04
-8.075602107420918765e+04
-8.084754091100909864e+04
-8.096288701497411239e+04
-8.110536712780181551e+04
-8.127856882990660961e+04
-8.148637672091039713e+04
-8.173299036371173861e+04
-8.202294299212913029e+04
-8.236112098212708952e+04
-8.275278408661337744e+04
-8.320358643381830188e+04
-8.371959828924898466e+04
-8.430732858122320613e+04
-8.497374818997670081e+04
-8.572631400035263505e+04
-8.657299371806441923e+04
-8.752229144953802461e+04
-8.858327404533246590e+04
-8.976559820713386580e+04
-9.107953835833235644e+04
-9.253601527817011811e+04
-9.414662549947336083e+04
-9.592367146995643270e+04
-9.788019247710501077e+04
-1.000299963366385491e+05
-1.023876918445468473e+05
-1.049687219927062688e+05
-1.077893979480728012e+05
-1.108669337954517832e+05
-1.142194820438463212e+05
-8.143765228412643773e+04
-8.143599006374845339e+04
-8.143105161198502174e+04
-8.142298194339472684e+04
-8.141202403707518533e+04
-8.139852076891230536e+04
-8.138291761672927532e+04
-8.136576613833445299e+04
-8.134772822247090517e+04
-8.132958111266362539e+04
-8.131222320396784926e+04
-8.129668061261667754e+04
-8.128411451856841450e+04
-8.127582928095188981e+04
-8.127328132641616685e+04
-8.127808881037442188e+04
-8.129204205115098739e+04
-8.131711473702691728e+04
-8.135547590618532558e+04
-8.140950269955873955e+04
-8.148179388656921219e+04
-8.157518416377880203e+04
-8.169275922642921796e+04
-8.183787161288849893e+04
-8.201415732199439663e+04
-8.222555320329681854e+04
-8.247631512020219816e+04
-8.277103688601645990e+04
-8.311466997288516723e+04
-8.351254399364106939e+04
-8.397038795654008572e+04
-8.449435229290672578e+04
-8.509103165767548489e+04
-8.576748850283033971e+04
-8.653127742374720401e+04
-8.739047027843358228e+04
-8.835368207966895716e+04
-8.943009766004548874e+04
-9.062949910990722128e+04
-9.196229398818917980e+04
-9.343954430615741876e+04
-9.507299628404703981e+04
-9.687511088060178736e+04
-9.885909509551097290e+04
-1.010389340447482537e+05
-1.034294238088097918e+05
-1.060462050538504845e+05
-1.089057974257224123e+05
-1.120256347169107903e+05
-1.154241008063701593e+05
-8.215470936808650731e+04
-8.215303851000929717e+04
-8.214807483589772892e+04
-8.213996543732204009e+04
-8.212895677093790437e+04
-8.211539661454333691e+04
-8.209973680555859755e+04
-8.208253676192993589e+04
-8.206446778545493726e+04
-8.204631814753178332e+04
-8.202899895732988080e+04
-8.201355081238610728e+04
-8.200115123162182863e+04
-8.199312287078214285e+04
-8.199094252030079952e+04
-8.199625088558577409e+04
-8.201086314972845139e+04
-8.203678031863496290e+04
-8.207620134858180245e+04
-8.213153605619502196e+04
-8.220541881084736087e+04
-8.230072300948580960e+04
-8.242057633387515671e+04
-8.256837679026942351e+04
-8.274780953150158166e+04
-8.296286446150323900e+04
-8.321785462223744253e+04
-8.351743536306364695e+04
-8.386662429251993308e+04
-8.427082201252959203e+04
-8.473583363503144938e+04
-8.526789108103291073e+04
-8.587367616208415711e+04
-8.656034444417787017e+04
-8.733554989406889945e+04
-8.820747030802012887e+04
-8.918483352296901285e+04
-9.027694441011689196e+04
-9.149371265094311093e+04
-9.284568129563891853e+04
-9.434405610396849806e+04
-9.600073566854870296e+04
-9.782834232055400207e+04
-9.984025381784487399e+04
-1.020506358155162161e+05
-1.044744751188722730e+05
-1.071276137188215071e+05
-1.100267836096961255e+05
-1.131896423894938780e+05
-1.166348096425429248e+05
-8.286953455589263467e+04
-8.286785551814419159e+04
-8.286286800299445167e+04
-8.285472120079649903e+04
-8.284366508234120556e+04
-8.283005237916240003e+04
-8.281434135596689885e+04
-8.279709937518305378e+04
-8.277900725363267702e+04
-8.276086441132564505e+04
-8.274359481237686123e+04
-8.272825369804380171e+04
-8.271603511188933044e+04
-8.270828021706323489e+04
-8.270648640570844873e+04
-8.271231720048794523e+04
-8.272761294823573553e+04
-8.275440230572695145e+04
-8.279491451757479808e+04
-8.285159248624248721e+04
-8.292710663418790500e+04
-8.302436955811848748e+04
-8.314655147537865560e+04
-8.329709646245237673e+04
-8.347973948559173732e+04
-8.369852422356567695e+04
-8.395782168253375858e+04
-8.426234960303740809e+04
-8.461719265911879484e+04
-8.502782344955776352e+04
-8.550012428123256541e+04
-8.604040974460315192e+04
-8.665545008131607028e+04
-8.735249534393209615e+04
-8.813930034777539549e+04
-8.902415041490444855e+04
-9.001588791020715144e+04
-9.112393956961677759e+04
-9.235834462044957036e+04
-9.372978369386559643e+04
-9.524960852945172519e+04
-9.692987247192602081e+04
-9.878336175996542443e+04
-1.008236276071545435e+05
-1.030650190750576294e+05
-1.055227167384120403e+05
-1.082127671424448054e+05
-1.111521180523087532e+05
-1.143586544946467766e+05
-1.178512355912696949e+05
-8.358230010706270696e+04
-8.358061337045329856e+04
-8.357560346382160787e+04
-8.356742169773999194e+04
-8.355632159311445139e+04
-8.354266088611143641e+04
-8.352690433505082910e+04
-8.350962732927870820e+04
-8.349152030000191007e+04
-8.347339393309754087e+04
-8.345618518389179371e+04
-8.344096409391025372e+04
-8.342894140959772631e+04
-8.342147700300847646e+04
-8.342008909446869802e+04
-8.342646427720642532e+04
-8.344246834395654150e+04
-8.347015791553139570e+04
-8.351179287136549829e+04
-8.356984958202898270e+04
-8.364703494371201668e+04
-8.374630121468135621e+04
-8.387086165370486560e+04
-8.402420696044576471e+04
-8.421012251783422835e+04
-8.443270643640038907e+04
-8.469638840058335336e+04
-8.500594931701096357e+04
-8.536654176474703127e+04
-8.578371124751103343e+04
-8.626341824787056248e+04
-8.681206108339750790e+04
-8.743649956480282708e+04
-8.814407945603656117e+04
-8.894265773636146332e+04
-8.984062866439425852e+04
-9.084695064411891508e+04
-9.197117389287144761e+04
-9.322346891129473806e+04
-9.461465575526145403e+04
-9.615623410977184540e+04
-9.786041416481838678e+04
-9.974014829322263540e+04
-1.018091635304427182e+05
-1.040819948563507496e+05
-1.065740192789810390e+05
-1.093014907202486938e+05
-1.122815757036399009e+05
-1.155323898438703472e+05
-1.190730351385169779e+05
-8.429547959476067626e+04
-8.429378537441263325e+04
-8.428875373036932433e+04
-8.428053811954139383e+04
-8.426939565647846030e+04
-8.425568914291389228e+04
-8.423988990913369344e+04
-8.422258146715709881e+04
-8.420446397574254661e+04
-8.418635951720680168e+04
-8.416921818606730085e+04
-8.415412498950076406e+04
-8.414230755962079274e+04
-8.413514467757317470e+04
-8.413417560945442528e+04
-8.414111025404256361e+04
-8.415784010235022288e+04
-8.418645000899917795e+04
-8.422923077540588565e+04
-8.428869254479435040e+04
-8.436757900902153051e+04
-8.446888242722318682e+04
-8.459585945628097397e+04
-8.475204779310547747e+04
-8.494128362873641890e+04
-8.516771991426756722e+04
-8.543584543858366669e+04
-8.575050471792057215e+04
-8.611691869724271237e+04
-8.654070626343695039e+04
-8.702790657033037860e+04
-8.758500217552302638e+04
-8.821894298903764866e+04
-8.893717103379397304e+04
-8.974764601789644803e+04
-9.065887171874260821e+04
-9.167992317895214364e+04
-9.282047471410883009e+04
-9.409082873232976999e+04
-9.550194536564497685e+04
-9.706547291320087970e+04
-9.879377909628127236e+04
-1.006999831251454743e+05
-1.027979885776880838e+05
-1.051025170899143995e+05
-1.076291428582368535e+05
-1.103943279535891779e+05
-1.134154584473582072e+05
-1.167108813491384644e+05
-1.202999423562990851e+05
-8.501191414095964865e+04
-8.501021237256599125e+04
-8.500515880846821528e+04
-8.499690908267747727e+04
-8.498572395440675609e+04
-8.497197136186341231e+04
-8.495612929756115773e+04
-8.493878950514458120e+04
-8.492066199773375411e+04
-8.490258039778612147e+04
-8.488550809847394703e+04
-8.487054524658000446e+04
-8.485893654691017582e+04
-8.485207988822170591e+04
-8.485153579067168175e+04
-8.485903767477947986e+04
-8.487650295190705219e+04
-8.490604493625814212e+04
-8.494998557839254499e+04
-8.501086902025752352e+04
-8.509147597173802205e+04
-8.519483890872358461e+04
-8.532425809268759622e+04
-8.548331841179345793e+04
-8.567590704350901069e+04
-8.590623193873933633e+04
-8.617884112748308689e+04
-8.649864284599651000e+04
-8.687092648548330180e+04
-8.730138436229524086e+04
-8.779613430965239240e+04
-8.836174309088077280e+04
-8.900525063416761986e+04
-8.973419508883063099e+04
-9.055663870310722268e+04
-9.148119452346122125e+04
-9.251705391540389974e+04
-9.367401490583558916e+04
-9.496251134689906030e+04
-9.639364290135768533e+04
-9.797920584948374017e+04
-9.973172471746662632e+04
-1.016644847273395862e+05
-1.037915650684203138e+05
-1.061278729902713530e+05
-1.086891787171760661e+05
-1.114921511841323663e+05
-1.145543945943641738e+05
-1.178944857983469556e+05
-1.215320124943552655e+05
-8.573040641833255359e+04
-8.572869710718662827e+04
-8.572362164887925610e+04
-8.571533788437198382e+04
-8.570411026715495973e+04
-8.569031194108682394e+04
-8.567442764935918967e+04
-8.565705747460451676e+04
-8.563892141013208311e+04
-8.562086476230129483e+04
-8.560386438402553904e+04
-8.558903573941461218e+04
-8.557764079954840417e+04
-8.557109676938602934e+04
-8.557098564580855600e+04
-8.557906460679517477e+04
-8.559727723173469712e+04
-8.562776555287285009e+04
-8.567288293788777082e+04
-8.573520780360793287e+04
-8.581755816085610422e+04
-8.592300699043426721e+04
-8.605489845023810631e+04
-8.621686491350746655e+04
-8.641284483821078902e+04
-8.664710146756502218e+04
-8.692424236168604693e+04
-8.724923976037630928e+04
-8.762745177704693924e+04
-8.806464442377290106e+04
-8.856701446748127637e+04
-8.914121311727442662e+04
-8.979437054288934451e+04
-9.053412122428875591e+04
-9.136863013238634448e+04
-9.230661974090844160e+04
-9.335739786938624457e+04
-9.453088635728738154e+04
-9.583765056927528349e+04
-9.728892973160724796e+04
-9.889666809966664005e+04
-1.006735469566264946e+05
-1.026330174432488566e+05
-1.047893342188191164e+05
-1.071575899532125040e+05
-1.097537506500968302e+05
-1.125946918012678652e+05
-1.156982353721190011e+05
-1.190831876182469859e+05
-1.227693777331884776e+05
-8.644761990931723267e+04
-8.644590326892489975e+04
-8.644080656590918079e+04
-8.643248987516693887e+04
-8.642122138959073345e+04
-8.640737952215573750e+04
-8.639145584885207063e+04
-8.637405889244964055e+04
-8.635591874709681724e+04
-8.633789254376334429e+04
-8.632097075651446357e+04
-8.630628434962077881e+04
-8.629511276551015908e+04
-8.628889275355260179e+04
-8.628922803968131484e+04
-8.629789983685353945e+04
-8.631687819634516200e+04
-8.634833419988329115e+04
-8.639465299261716427e+04
-8.645844765692125657e+04
-8.654257392704136146e+04
-8.665014574456961418e+04
-8.678455165476739057e+04
-8.694947204371025146e+04
-8.714889721628317784e+04
-8.738714631500585529e+04
-8.766888707969409006e+04
-8.799915644796179549e+04
-8.838338199655515200e+04
-8.882740422352809401e+04
-8.933749967125093099e+04
-8.992040489025718125e+04
-9.058334124392863305e+04
-9.133404055401278310e+04
-9.218077158698231506e+04
-9.313236738122680981e+04
-9.419825341508403653e+04
-9.538847661570730270e+04
-9.671373520876851398e+04
-9.818540940899954876e+04
-9.981559295156806184e+04
-1.016171254642936110e+05
-1.036036256806963502e+05
-1.057895254938859725e+05
-1.081901048512847628e+05
-1.108215274901893281e+05
-1.137008775141676160e+05
-1.168461968102940882e+05
-1.202765233072195406e+05
-1.240119300740801991e+05
-8.716172418404185737e+04
-8.716000055028969655e+04
-8.715488361863592581e+04
-8.714653572323803382e+04
-8.713522883886173076e+04
-8.712134670763288159e+04
-8.710538781649083830e+04
-8.708796922534433543e+04
-8.706983124592772219e+04
-8.705184297135652741e+04
-8.703500865638896357e+04
-8.702047494838299463e+04
-8.700953896895711659e+04
-8.700365724635476363e+04
-8.700445549850258976e+04
-8.701373926677869167e+04
-8.703350540047728282e+04
-8.706595439197125961e+04
-8.711350356258406828e+04
-8.717880109915665525e+04
-8.726474094131517631e+04
-8.737447851944518334e+04
-8.751144734336002148e+04
-8.767937644167788676e+04
-8.788230865189203178e+04
-8.812461976114740537e+04
-8.841103849771838577e+04
-8.874666737318455125e+04
-8.913700437531011994e+04
-8.958796551162347896e+04
-9.010590820369774883e+04
-9.069765553213344538e+04
-9.137052133224096906e+04
-9.213233614042580302e+04
-9.299147399127233075e+04
-9.395688006533139560e+04
-9.503809918760748405e+04
-9.624530517674864677e+04
-9.758933104493431165e+04
-9.908170004846731899e+04
-1.007346575890663662e+05
-1.025612039658586436e+05
-1.045751279780744808e+05
-1.067910413784425182e+05
-1.092244141772862931e+05
-1.118916107973224134e+05
-1.148099270791594608e+05
-1.179976281374960090e+05
-1.214739870680253516e+05
-1.252593245050336554e+05
-8.787131407804116316e+04
-8.786958403140399605e+04
-8.786444861960039998e+04
-8.785607245734681783e+04
-8.784473133714018331e+04
-8.783081438121879182e+04
-8.781482705429730413e+04
-8.779739503708959091e+04
-8.777926896061708976e+04
-8.776133000129282300e+04
-8.774459633679364924e+04
-8.773023046271227940e+04
-8.771954736999268061e+04
-8.771402358315020683e+04
-8.771530705927177041e+04
-8.772522794779913966e+04
-8.774581021109550784e+04
-8.777928410579706542e+04
-8.782809952494045137e+04
-8.789494020088334219e+04
-8.798273876899655443e+04
-8.809469269214772794e+04
-8.823428104596071353e+04
-8.840528216486485326e+04
-8.861179214892191521e+04
-8.885824423143443710e+04
-8.914942900734391878e+04
-8.949051552240304591e+04
-8.988707322313764598e+04
-9.034509476758610981e+04
-9.087101969682687195e+04
-9.147175896728271618e+04
-9.215472034381171397e+04
-9.292783465358066314e+04
-9.379958290071901865e+04
-9.477902424175865599e+04
-9.587582482185176923e+04
-9.710028747177765763e+04
-9.846338226572697749e+04
-9.997677793987099722e+04
-1.016528741717124649e+05
-1.035048347202213918e+05
-1.055466214267510950e+05
-1.077930290767377155e+05
-1.102597211221831385e+05
-1.129632662649196573e+05
-1.159211759006592183e+05
-1.191519424238207430e+05
-1.226750783931472834e+05
-1.265111565580991592e+05
-8.857448599099219427e+04
-8.857275040621952212e+04
-8.856759914398717228e+04
-8.855919911612609576e+04
-8.854782996094902046e+04
-8.853388622113442398e+04
-8.851788039277543430e+04
-8.850044684557290748e+04
-8.848234661419407348e+04
-8.846447306077860412e+04
-8.844785840860674216e+04
-8.843368114691533265e+04
-8.842327430687633750e+04
-8.841813460872368887e+04
-8.841993248004434281e+04
-8.843052294521464501e+04
-8.845195738599824836e+04
-8.848649617329906323e+04
-8.853662217006529681e+04
-8.860505510535453504e+04
-8.869476681955075765e+04
-8.880899738073535264e+04
-8.895127207221700519e+04
-8.912541925121367967e+04
-8.933558907869337418e+04
-8.958627312036542571e+04
-8.988232481883111177e+04
-9.022898083688950283e+04
-9.063188327199430205e+04
-9.109710274187117466e+04
-9.163116234128685028e+04
-9.224106246997611015e+04
-9.293430653172178427e+04
-9.371892750459069794e+04
-9.460351538232597522e+04
-9.559724548689382209e+04
-9.670990765218513843e+04
-9.795193627887274488e+04
-9.933444126042499556e+04
-1.008692397802724881e+05
-1.025688889801324694e+05
-1.044467194994866441e+05
-1.065168698862152087e+05
-1.087943218783858174e+05
-1.112949365571982780e+05
-1.140354913710837864e+05
-1.170337180309598771e+05
-1.203083412766416732e+05
-1.238791185144057235e+05
-1.277668803257124237e+05
-8.927282026790478267e+04
-8.927107980257687450e+04
-8.926591466968899476e+04
-8.925749409937355085e+04
-8.924610161134217924e+04
-8.923213721911884204e+04
-8.921612051596847596e+04
-8.919869464252136822e+04
-8.918063113608589629e+04
-8.916283566166112723e+04
-8.914635462463850854e+04
-8.913238266520148318e+04
-8.912227103441706276e+04
-8.911753685201825283e+04
-8.911987324588626507e+04
-8.913116037322262127e+04
-8.915347732341435039e+04
-8.918911490259881248e+04
-8.924058929991343757e+04
-8.931065663544552808e+04
-8.940232838987708965e+04
-8.951888771581856417e+04
-8.966390663083680556e+04
-8.984126409218361368e+04
-9.005516495320916874e+04
-9.031015980147616938e+04
-9.061116567856175243e+04
-9.096348768156074220e+04
-9.137284144627541536e+04
-9.184537651210327749e+04
-9.238770056861802004e+04
-9.300690458384310477e+04
-9.371058881422187551e+04
-9.450688969627648476e+04
-9.540450761996716028e+04
-9.641273558373915148e+04
-9.754148873126898252e+04
-9.880133476990029158e+04
-1.002035252707755863e+05
-1.017600278506610921e+05
-1.034835592354661785e+05
-1.053876192054557469e+05
-1.074865254221578361e+05
-1.097954491369628813e+05
-1.123304517814185820e+05
-1.151085224392185482e+05
-1.181476161998836906e+05
-1.214666933941382449e+05
-1.250857597109799390e+05
-1.290259071964429604e+05
-8.997108042185049271e+04
-8.996933513851401221e+04
-8.996415633349752170e+04
-8.995571558783939690e+04
-8.994430035679330467e+04
-8.993031620012344501e+04
-8.991428990450050333e+04
-8.989687349802971585e+04
-8.987884915687971807e+04
-8.986113500403898070e+04
-8.984479180017820909e+04
-8.983103052663474227e+04
-8.982122086050863436e+04
-8.981690054187882924e+04
-8.981978563312796177e+04
-8.983178167038899846e+04
-8.985499570710424450e+04
-8.989174924970074790e+04
-8.994459208538345410e+04
-9.001631700203591026e+04
-9.010997540024892078e+04
-9.022889379745358019e+04
-9.037669122417675680e+04
-9.055729751240642508e+04
-9.077497247607968166e+04
-9.103432598368206527e+04
-9.134033892295835540e+04
-9.169838505774819350e+04
-9.211425377693063638e+04
-9.259417373548526666e+04
-9.314483738767105388e+04
-9.377342641231675225e+04
-9.448763803023309447e+04
-9.529571221373334993e+04
-9.620645978827493673e+04
-9.722929142621337087e+04
-9.837424753267275810e+04
-9.965202902353412355e+04
-1.010740289955335757e+05
-1.026523652884825133e+05
-1.043999139395992679e+05
-1.063303435299569683e+05
-1.084581504230483260e+05
-1.107986948954641994e+05
-1.133682381596895575e+05
-1.161839802790123940e+05
-1.192640989745514235e+05
-1.226277893243973667e+05
-1.262953043548678688e+05
-1.302879965238834702e+05
-9.067134228339535184e+04
-9.066959198336872214e+04
-9.066439892270308337e+04
-9.065593707080240711e+04
-9.064449788052112854e+04
-9.063049254394107265e+04
-9.061445515045689535e+04
-9.059704674716910813e+04
-9.057906030159285001e+04
-9.056142656666992116e+04
-9.054522084809603984e+04
-9.053167067395607592e+04
-9.052216436666747904e+04
-9.051826051723901764e+04
-9.052169836183360894e+04
-9.053440906064552837e+04
-9.055852787908528990e+04
-9.059640727127429273e+04
-9.065063086585282872e+04
-9.072402835409485851e+04
-9.081969128033297602e+04
-9.094098973469395423e+04
-9.109158994814794278e+04
-9.127547278985950106e+04
-9.149695316685744911e+04
-9.176070032600937702e+04
-9.207175905830747797e+04
-9.243557180546547170e+04
-9.285800166882370831e+04
-9.334535632056686154e+04
-9.390441281724849250e+04
-9.454244331562863954e+04
-9.526724169081942819e+04
-9.608715105674150982e+04
-9.701109218889137264e+04
-9.804859284941716760e+04
-9.920981801450406783e+04
-1.005056010040727851e+05
-1.019474755137861357e+05
-1.035477085493628983e+05
-1.053193342632085551e+05
-1.072761886933491187e+05
-1.094329454046792234e+05
-1.118051520325180027e+05
-1.144092677284771344e+05
-1.172627015086371684e+05
-1.203838515040341590e+05
-1.237921451134576928e+05
-1.275080800585567486e+05
-1.315532663412577240e+05
-9.137084846532365191e+04
-9.136909319579137082e+04
-9.136388603208145651e+04
-9.135540336506787571e+04
-9.134394070025961264e+04
-9.132991493887858815e+04
-9.131386757136773667e+04
-9.129646878333034692e+04
-9.127852247390273260e+04
-9.126097218655506731e+04
-9.124490795232441451e+04
-9.123157404547891929e+04
-9.122237765161501011e+04
-9.121889844817982521e+04
-9.122289909743258613e+04
-9.123633665183151606e+04
-9.126137487185221107e+04
-9.130039745624132047e+04
-9.135602218469488434e+04
-9.143111597297470144e+04
-9.152881084044813178e+04
-9.165252079006787972e+04
-9.180595960077385826e+04
-9.199315953233258915e+04
-9.221849094260642596e+04
-9.248668281724920962e+04
-9.280284421184055100e+04
-9.317248660644522170e+04
-9.360154717260686448e+04
-9.409641295277065365e+04
-9.466394595213804860e+04
-9.531150914295468829e+04
-9.604699338122451445e+04
-9.687884523585959687e+04
-9.781609573025752616e+04
-9.886838999631395563e+04
-1.000460178408623906e+05
-1.013599452245462016e+05
-1.028218466531229060e+05
-1.044441384811986063e+05
-1.062400131283922819e+05
-1.082234742079347634e+05
-1.104093725676942413e+05
-1.128134432436364586e+05
-1.154523433257139695e+05
-1.183436907361878257e+05
-1.215061039203777473e+05
-1.249592424498491891e+05
-1.287238485380226339e+05
-1.328217894682227052e+05
-9.206695333711069543e+04
-9.206519335201359354e+04
-9.205997285694335005e+04
-9.205147069386659132e+04
-9.203998647040754440e+04
-9.202594286636504694e+04
-9.200988886284343607e+04
-9.199250389398443804e+04
-9.197460292130993912e+04
-9.195714243067249481e+04
-9.194122735181413009e+04
-9.192811890053025854e+04
-9.191924334344291128e+04
-9.191620168538282451e+04
-9.192078027937871229e+04
-9.193496235925018846e+04
-9.196094049481741968e+04
-9.200112996970652603e+04
-9.205818308177393919e+04
-9.213500436613254715e+04
-9.223476674078442738e+04
-9.236092857486590219e+04
-9.251725167949823663e+04
-9.270782022124236391e+04
-9.293706055816877051e+04
-9.320976199852746504e+04
-9.353109848203259753e+04
-9.390665118374790472e+04
-9.434243204058575793e+04
-9.484490820041100960e+04
-9.542102739375179226e+04
-9.607824422812025296e+04
-9.682454740494086582e+04
-9.766848785908424179e+04
-9.861920782101043733e+04
-9.968647080151848786e+04
-1.008806924991071573e+05
-1.022129726299392933e+05
-1.036951276804147928e+05
-1.053397245823541598e+05
-1.071601153107857972e+05
-1.091704724043440365e+05
-1.113858254082730127e+05
-1.138220982400387584e+05
-1.164961474775499519e+05
-1.194258015699852112e+05
-1.226299009712284605e+05
-1.261283391959119035e+05
-1.299421047980670119e+05
-1.340933242723833828e+05
-9.275751374513980409e+04
-9.275574957836708927e+04
-9.275051736184998299e+04
-9.274199841346350149e+04
-9.273049648456473369e+04
-9.271644009234159603e+04
-9.270038578510245134e+04
-9.268302234050293919e+04
-9.266517589671297173e+04
-9.264781601652505924e+04
-9.263206268440050189e+04
-9.261919423645465577e+04
-9.261065622338344110e+04
-9.260807120632748411e+04
-9.261324948567790852e+04
-9.262820076282063383e+04
-9.265514673481893260e+04
-9.269653462203766685e+04
-9.275505162870525965e+04
-9.283364033641759306e+04
-9.293551503057873924e+04
-9.306417895978265733e+04
-9.322344252813323692e+04
-9.341744242050763569e+04
-9.365066166075365618e+04
-9.392795060283009661e+04
-9.425454885488528816e+04
-9.463610813627799507e+04
-9.507871606753345986e+04
-9.558892089324194239e+04
-9.617375713789592555e+04
-9.684077219466617680e+04
-9.759805384711983788e+04
-9.845425872387546406e+04
-9.941864168619824341e+04
-1.005010861485342466e+05
-1.017121353319871996e+05
-1.030630244507300959e+05
-1.045657138313606119e+05
-1.062329229651935457e+05
-1.080781654934926337e+05
-1.101157851256444555e+05
-1.123609924902692437e+05
-1.148299029192718881e+05
-1.175395751648335572e+05
-1.205080510493413167e+05
-1.237543960482582188e+05
-1.272987408059341687e+05
-1.311623235843518924e+05
-1.353675336448181770e+05
-9.343830770194561046e+04
-9.343654049930874316e+04
-9.343130000352794013e+04
-9.342277002280420857e+04
-9.341125847685021290e+04
-9.339719975595759752e+04
-9.338115802368486766e+04
-9.336383146318046784e+04
-9.334605746712413384e+04
-9.332881877130009525e+04
-9.331325053179312090e+04
-9.330064834581180185e+04
-9.329247721614147304e+04
-9.329038145921638352e+04
-9.329619555682585633e+04
-9.331195595144052641e+04
-9.333991378516919212e+04
-9.338254858234029962e+04
-9.344258287571021356e+04
-9.352299777629447635e+04
-9.362704948683246039e+04
-9.375828675887262216e+04
-9.392056929348368431e+04
-9.411808708559660590e+04
-9.435538071196901728e+04
-9.463736256277882785e+04
-9.496933901684125885e+04
-9.535703356045202236e+04
-9.580661084986291826e+04
-9.632470171737519559e+04
-9.691842912106402218e+04
-9.759543503812982817e+04
-9.836390830187298707e+04
-9.923261338229758258e+04
-1.002109201103400410e+05
-1.013088343457232113e+05
-1.025370295884402294e+05
-1.039068795338605705e+05
-1.054304915714641684e+05
-1.071207412272031070e+05
-1.089913075494877266e+05
-1.110567094387997204e+05
-1.133323429209316528e+05
-1.158345193638529745e+05
-1.185805046382012079e+05
-1.215885592214018397e+05
-1.248779792454122944e+05
-1.284691384880917176e+05
-1.323835313081999775e+05
-1.366438165240213857e+05
-9.410734903191251215e+04
-9.410558018617889320e+04
-9.410033559291830170e+04
-9.409180156131078547e+04
-9.408029019786880235e+04
-9.406624179325150908e+04
-9.405022816380702716e+04
-9.403295694784070656e+04
-9.401527685661027499e+04
-9.399818388004601002e+04
-9.398282844719974673e+04
-9.397052354141577962e+04
-9.396275377023447072e+04
-9.396118539001431782e+04
-9.396767728528939188e+04
-9.398429290284312447e+04
-9.401331314051650406e+04
-9.405725019073890871e+04
-9.411886233878764324e+04
-9.420116971576766809e+04
-9.430747100632681395e+04
-9.444136111108923797e+04
-9.460674976382056775e+04
-9.480788110331610369e+04
-9.504935420001645980e+04
-9.533614453734965355e+04
-9.567362644780111441e+04
-9.606759650370531017e+04
-9.652429786276799859e+04
-9.705044556831486989e+04
-9.765325280426300014e+04
-9.834045810482147499e+04
-9.912035351891742903e+04
-1.000018137293491454e+05
-1.009943261266642658e+05
-1.021080218377648416e+05
-1.033537077092380496e+05
-1.047428992454162944e+05
-1.062878545011583046e+05
-1.080016089293611440e+05
-1.098980111831967370e+05
-1.119917598730740283e+05
-1.142984412783292064e+05
-1.168345680136410374e+05
-1.196176186501718912e+05
-1.226660782914367737e+05
-1.259994801038986479e+05
-1.296384478022863623e+05
-1.336047390896449215e+05
-1.379212900521075935e+05
-9.477048699225555174e+04
-9.476871702167940384e+04
-9.476346989444278006e+04
-9.475493444695448852e+04
-9.474342701635335106e+04
-9.472939385518804193e+04
-9.471341451197578863e+04
-9.469620617762887559e+04
-9.467862899775849655e+04
-9.466169235084917455e+04
-9.464656209230805689e+04
-9.463456876438570907e+04
-9.462721677197047393e+04
-9.462619452425806958e+04
-9.463338554228938301e+04
-9.465088053236954147e+04
-9.468099042534816545e+04
-9.472626038178738963e+04
-9.478948476298793685e+04
-9.487372306790147559e+04
-9.498231683590661851e+04
-9.511890751546405954e+04
-9.528745529864093987e+04
-9.549225892150987056e+04
-9.573797643042393611e+04
-9.602964691415708512e+04
-9.637271320192619169e+04
-9.677304552728254930e+04
-9.723696615787403425e+04
-9.777127499108573829e+04
-9.838327611554888426e+04
-9.908080533852637745e+04
-9.987225867916858988e+04
-1.007666218276443688e+05
-1.017735005701443006e+05
-1.029031521797580208e+05
-1.041665177732218581e+05
-1.055752556335444096e+05
-1.071417754985002102e+05
-1.088792738149993820e+05
-1.108017699593305151e+05
-1.129241434232749452e+05
-1.152621719660957897e+05
-1.178325707323996758e+05
-1.206530323358704190e+05
-1.237422679088777222e+05
-1.271200491179582605e+05
-1.308072511451683531e+05
-1.348258966353130236e+05
-1.391992006090441428e+05
-9.543445910320215626e+04
-9.543268756693776231e+04
-9.542743659746550838e+04
-9.541889760109678900e+04
-9.540739121617877390e+04
-9.539336975483354763e+04
-9.537742062139911286e+04
-9.536027070756118337e+04
-9.534279176418491988e+04
-9.532600674984123907e+04
-9.531109715603268705e+04
-9.529941130911180517e+04
-9.529247364889903110e+04
-9.529199498399594449e+04
-9.529988372379400244e+04
-9.531825808718203916e+04
-9.534945928794892097e+04
-9.539606569688339368e+04
-9.546090798056835774e+04
-9.554708521687550819e+04
-9.565798198715153558e+04
-9.579728644510600134e+04
-9.596900936239241855e+04
-9.617750415088493901e+04
-9.642748786165668571e+04
-9.672406316064909333e+04
-9.707274128103800467e+04
-9.747946595230288222e+04
-9.795063830598344794e+04
-9.849314275813964196e+04
-9.911437386850414623e+04
-9.982226417633325036e+04
-1.006253130129547790e+05
-1.015326162910108542e+05
-1.025538972703968757e+05
-1.036995383009001962e+05
-1.049806135415309691e+05
-1.064089226565539284e+05
-1.079970254882122535e+05
-1.097582777061511588e+05
-1.117068674335374235e+05
-1.138578528498741944e+05
-1.162272007705127471e+05
-1.188318262028622121e+05
-1.216896328792936692e+05
-1.248195547667420760e+05
-1.282415985530048929e+05
-1.319768871097355150e+05
-1.360477039321355987e+05
-1.404775385553416272e+05
-9.609844183833184070e+04
-9.609666842256209929e+04
-9.609141268260411744e+04
-9.608286863414355321e+04
-9.607136128208982700e+04
-9.605734908872842789e+04
-9.604142742913722759e+04
-9.602433303385475301e+04
-9.600694941881975683e+04
-9.599031330256497313e+04
-9.597562201067262504e+04
-9.596424186749309592e+04
-9.595771757512188924e+04
-9.595778257964081422e+04
-9.596637042461402598e+04
-9.598562709185259882e+04
-9.601792432943399763e+04
-9.606587396698417433e+04
-9.613234321822237689e+04
-9.622047097076449427e+04
-9.633368506318720756e+04
-9.647572054935450433e+04
-9.665063895000523189e+04
-9.686284849159934674e+04
-9.711712533242601785e+04
-9.741863577597514086e+04
-9.777295947156472539e+04
-9.818611360223271186e+04
-9.866457805989001645e+04
-9.921532160773195210e+04
-9.984582902991160518e+04
-1.005641292684751097e+05
-1.013788245475560107e+05
-1.022991204848318739e+05
-1.033348571902415715e+05
-1.044965413519615540e+05
-1.057953793096463196e+05
-1.072433111149268079e+05
-1.088530455791714921e+05
-1.106380963085058902e+05
-1.126128187260975974e+05
-1.147924480816964788e+05
-1.171931384484399168e+05
-1.198320027069165662e+05
-1.227271535164924571e+05
-1.258977452738973225e+05
-1.293640170590719063e+05
-1.331473365682745061e+05
-1.372702450344531389e+05
-1.417565031348712801e+05
-9.675837433659915405e+04
-9.675659931906231213e+04
-9.675133965106823598e+04
-9.674279198536890908e+04
-9.673128573954693275e+04
-9.671728559052123455e+04
-9.670139496684104961e+04
-9.668436053878799430e+04
-9.666707770627413993e+04
-9.665059708454264910e+04
-9.663613198766281130e+04
-9.662506690983218141e+04
-9.661896700447170588e+04
-9.661958856112704962e+04
-9.662889048016420566e+04
-9.664904674526877352e+04
-9.668245989374202327e+04
-9.673177548459930404e+04
-9.679989756446826505e+04
-9.689000513128252351e+04
-9.700556959578319220e+04
-9.715037324081279803e+04
-9.732852867841007537e+04
-9.754449930471123662e+04
-9.780312075264204759e+04
-9.810962334241525969e+04
-9.846965552982734516e+04
-9.888930835235158156e+04
-9.937514087303604174e+04
-9.993420662219845690e+04
-1.005740810369200626e+05
-1.013028898983408581e+05
-1.021293387667562201e+05
-1.030627434145087464e+05
-1.041130612566851487e+05
-1.052909237796081579e+05
-1.066076699671325623e+05
-1.080753807247381046e+05
-1.097069143014231959e+05
-1.115159427093984996e+05
-1.135169891415805032e+05
-1.157254663868843054e+05
-1.181577162433166959e+05
-1.208310499288699357e+05
-1.237637894902123808e+05
-1.269753102091825276e+05
-1.304860840070811828e+05
-1.343177238467624120e+05
-1.384930291325269209e+05
-1.430360321078127890e+05
-9.741190303344742279e+04
-9.741012700358530856e+04
-9.740486518314096611e+04
-9.739631688375397061e+04
-9.738481597220528056e+04
-9.737083339148282539e+04
-9.735498069028751343e+04
-9.733801456095202593e+04
-9.732084238580093370e+04
-9.730452879192885302e+04
-9.729030321441430715e+04
-9.727956846795833553e+04
-9.727391032695115427e+04
-9.727510811396509234e+04
-9.728514629668075941e+04
-9.730622709323633171e+04
-9.734078408600877447e+04
-9.739149684381771658e+04
-9.746130655256654427e+04
-9.755343265429971507e+04
-9.767139049469953170e+04
-9.781900997900369111e+04
-9.800045523635379504e+04
-9.822024529257016547e+04
-9.848327575135798543e+04
-9.879484148393897340e+04
-9.916066032710975560e+04
-9.958689778973374632e+04
-1.000801927676543710e+05
-1.006476842670410406e+05
-1.012970391361638904e+05
-1.020364808055901667e+05
-1.028748190368172363e+05
-1.038214806793279422e+05
-1.048865414360753493e+05
-1.060807586373968516e+05
-1.074156050233546994e+05
-1.089033035345071112e+05
-1.105568631111028226e+05
-1.123901155007099005e+05
-1.144177530742669478e+05
-1.166553676505668409e+05
-1.191194903291655355e+05
-1.218276323317198694e+05
-1.247983268517550459e+05
-1.280511719128574623e+05
-1.316068742352983099e+05
-1.354872941110815445e+05
-1.397154912874267029e+05
-1.443157718586705450e+05
-9.805578819404005480e+04
-9.805401207317312947e+04
-9.804875087041364168e+04
-9.804020657492319879e+04
-9.802871753410031670e+04
-9.801476100176732871e+04
-9.799895670564219472e+04
-9.798207143407696276e+04
-9.796502464208223682e+04
-9.794889507661905373e+04
-9.793492842117589316e+04
-9.792454595961184532e+04
-9.791935425928553741e+04
-9.792115587345619861e+04
-9.793196106295958452e+04
-9.795400053716279217e+04
-9.798973921419534599e+04
-9.804189100045453233e+04
-9.811343458938781987e+04
-9.820763027955511643e+04
-9.832803781196022464e+04
-9.847853522666539357e+04
-9.866333873867933289e+04
-9.888702363312081434e+04
-9.915454617965893704e+04
-9.947126656623184681e+04
-9.984297285203954380e+04
-1.002759059398133541e+05
-1.007767855673625163e+05
-1.013528373183945514e+05
-1.020118206526173890e+05
-1.027620579551122210e+05
-1.036124646049840958e+05
-1.045725800632921164e+05
-1.056525999802512088e+05
-1.068634093217126501e+05
-1.082166165149216831e+05
-1.097245886135503097e+05
-1.114004874820052937e+05
-1.132583069990147487e+05
-1.153129112804900069e+05
-1.175800739216628135e+05
-1.200765182585015136e+05
-1.228199586483999738e+05
-1.258291427701457869e+05
-1.291238949431636574e+05
-1.327251604660357407e+05
-1.366550509742953291e+05
-1.409368908175023389e+05
-1.455952644555899024e+05
-9.868583235846110620e+04
-9.868405750703871308e+04
-9.867880100788312848e+04
-9.867026754158668336e+04
-9.865879995997686638e+04
-9.864488186238153139e+04
-9.862914120239698968e+04
-9.861235492516633531e+04
-9.859545463515298616e+04
-9.857953329443215625e+04
-9.856585295147908619e+04
-9.855585350046619715e+04
-9.855116247106295486e+04
-9.855360584874650522e+04
-9.856521992561322986e+04
-9.858826418169506360e+04
-9.862523519678687444e+04
-9.867888159277227533e+04
-9.875222000646020751e+04
-9.884855209292472864e+04
-9.897148255935027555e+04
-9.912493822938375524e+04
-9.931318813798818155e+04
-9.954086465680864058e+04
-9.981298565003741533e+04
-1.001349776607865933e+05
-1.005127001279677788e+05
-1.009524706336750387e+05
-1.014610911810746766e+05
-1.020458755027996231e+05
-1.027146773998496938e+05
-1.034759201109973801e+05
-1.043386267126994208e+05
-1.053124515495117230e+05
-1.064077126950149104e+05
-1.076354254432374582e+05
-1.090073368305921904e+05
-1.105359611883126927e+05
-1.122346167253989697e+05
-1.141174631420644291e+05
-1.161995402736934047e+05
-1.184968077652996290e+05
-1.210261857764925080e+05
-1.238055967169491923e+05
-1.268540080123891385e+05
-1.301914759010587150e+05
-1.338391902607180527e+05
-1.378195204661328171e+05
-1.421560622770742048e+05
-1.468736857568230189e+05
-9.930331415870008641e+04
-9.930154167484716163e+04
-9.929629318007055554e+04
-9.928777606570196804e+04
-9.927633772060908086e+04
-9.926246813615888823e+04
-9.924680355317314388e+04
-9.923013115086845937e+04
-9.921339477778275614e+04
-9.919770172469096724e+04
-9.918433053950445901e+04
-9.917473988416050270e+04
-9.917057843349511677e+04
-9.917369581610376190e+04
-9.918615459719303180e+04
-9.921024330341003952e+04
-9.924849048966923147e+04
-9.930367984795662051e+04
-9.937886635812874010e+04
-9.947739348069115658e+04
-9.960291139157074213e+04
-9.975939625886683643e+04
-9.995117056159838103e+04
-1.001829244504288945e+05
-1.004597381503857468e+05
-1.007871054055605928e+05
-1.011709579657997965e+05
-1.016176911153798428e+05
-1.021341902436722448e+05
-1.027278584577921720e+05
-1.034066452372339263e+05
-1.041790761304967164e+05
-1.050542834936938016e+05
-1.060420382711478887e+05
-1.071527828179786302e+05
-1.083976647646698693e+05
-1.097885719236278383e+05
-1.113381682377261895e+05
-1.130599307708363776e+05
-1.149681877403449034e+05
-1.170781575916586153e+05
-1.194059891146955051e+05
-1.219688026023630664e+05
-1.247847320510228601e+05
-1.278729684029423806e+05
-1.312538038307330862e+05
-1.349486770637768786e+05
-1.389802197566358955e+05
-1.433723038994543604e+05
-1.481500902703405882e+05
-9.991381652829816449e+04
-9.991204666868616187e+04
-9.990680695976479910e+04
-9.989830753796520003e+04
-9.988690038630613708e+04
-9.987308196783522726e+04
-9.985749691245632130e+04
-9.984094275712754461e+04
-9.982437573944553151e+04
-9.980891764460179547e+04
-9.979586370571701264e+04
-9.978669155756001419e+04
-9.978307124363908952e+04
-9.978687627667178458e+04
-9.980019575243486906e+04
-9.982534751699503977e+04
-9.986489238730852958e+04
-9.992164942521096964e+04
-9.999871226477740856e+04
-1.000994664930608997e+05
-1.002276080842133524e+05
-1.003871628869833512e+05
-1.005825071655870561e+05
-1.008183891939659370e+05
-1.010999519034159166e+05
-1.014327565835962305e+05
-1.018228076369195333e+05
-1.022765783863167890e+05
-1.028010379363809334e+05
-1.034036790878907195e+05
-1.040925473057091585e+05
-1.048762707400657964e+05
-1.057640913012111996e+05
-1.067658967874525988e+05
-1.078922540665676061e+05
-1.091544433105970238e+05
-1.105644932840124384e+05
-1.121352176852671255e+05
-1.138802525417199504e+05
-1.158140946579409647e+05
-1.179521411173947126e+05
-1.203107298374998500e+05
-1.229071811780696735e+05
-1.257598406031279446e+05
-1.288881223961061769e+05
-1.323125544284160133e+05
-1.360548239814012195e+05
-1.401378246216703556e+05
-1.445857041298001132e+05
-1.494239134824281500e+05
-1.005201111484512367e+05
-1.005183437587917288e+05
-1.005131123866230046e+05
-1.005046299546432710e+05
-1.004932531082177011e+05
-1.004794848766893556e+05
-1.004639783992074663e+05
-1.004475417150828143e+05
-1.004311436186605424e+05
-1.004159205787221726e+05
-1.004031847224068770e+05
-1.003944328836534696e+05
-1.003913567161749525e+05
-1.003958538709414279e+05
-1.004100402381981985e+05
-1.004362632540032791e+05
-1.004771162712837977e+05
-1.005354539954199572e+05
-1.006144089843506663e+05
-1.007174092132024816e+05
-1.008481967034384143e+05
-1.010108472165349085e+05
-1.012097910121776513e+05
-1.014498346709824109e+05
-1.017361839817350992e+05
-1.020744678931634990e+05
-1.024707635302187846e+05
-1.029316222748943692e+05
-1.034640969115558837e+05
-1.040757698368002748e+05
-1.047747823338366288e+05
-1.055698649113886349e+05
-1.064703687071233871e+05
-1.074862979555977654e+05
-1.086283435207326838e+05
-1.099079174928077118e+05
-1.113371888499786583e+05
-1.129291201843199524e+05
-1.146975054923878633e+05
-1.166570090303062607e+05
-1.188232052333790489e+05
-1.212126197002211848e+05
-1.238427712414142443e+05
-1.267322149926864804e+05
-1.299005865926127444e+05
-1.333686474248403683e+05
-1.371583309248352598e+05
-1.412927899511540891e+05
-1.457964452212354518e+05
-1.506950348117179819e+05
-1.011207164659994742e+05
-1.011189517303498433e+05
-1.011137292580434587e+05
-1.011052647907642677e+05
-1.010939196905210119e+05
-1.010802036284492642e+05
-1.010647783491330047e+05
-1.010484625104490988e+05
-1.010322375989326247e+05
-1.010172549206586555e+05
-1.010048436676529527e+05
-1.009965200598147931e+05
-1.009939975623670471e+05
-1.009991981788236444e+05
-1.010142648194777430e+05
-1.010415747454143275e+05
-1.010837540880382876e+05
-1.011436934441273042e+05
-1.012245645464042318e+05
-1.013298380096305336e+05
-1.014633021522201598e+05
-1.016290828933722078e+05
-1.018316647257305740e+05
-1.020759127635569021e+05
-1.023670958664287173e+05
-1.027109108384588326e+05
-1.031135077030321845e+05
-1.035815160530660069e+05
-1.041220724767909560e+05
-1.047428490590511501e+05
-1.054520829581280559e+05
-1.062586070580799860e+05
-1.071718816966092272e+05
-1.082020274684439501e+05
-1.093598591042442567e+05
-1.106569204250287439e+05
-1.121055203721208527e+05
-1.137187701126149914e+05
-1.155106212203674077e+05
-1.174959049325040251e+05
-1.196903724814491725e+05
-1.221107365024802566e+05
-1.247747135167942615e+05
-1.277010674901043967e+05
-1.309096544667502312e+05
-1.344214682793337561e+05
-1.382586873338737932e+05
-1.424447224704797263e+05
-1.470042658995499078e+05
-1.519633412134886021e+05
-1.017144517938302597e+05
-1.017126902205579681e+05
-1.017074781813267618e+05
-1.016990342611137894e+05
-1.016877245789671288e+05
-1.016740655041278806e+05
-1.016587274586068088e+05
-1.016425398062093882e+05
-1.016264968280122994e+05
-1.016117647842876322e+05
-1.015996900628764415e+05
-1.015918084140202845e+05
-1.015898552716302365e+05
-1.015957771610197960e+05
-1.016117441930730274e+05
-1.016401636448756908e+05
-1.016836946267909952e+05
-1.017452638359837583e+05
-1.018280823963976000e+05
-1.019356637851816195e+05
-1.020718428455660469e+05
-1.022407958861887164e+05
-1.024470618668728857e+05
-1.026955646708507556e+05
-1.029916364634451893e+05
-1.033410421371903794e+05
-1.037500048434136843e+05
-1.042252326102596271e+05
-1.047739460471684579e+05
-1.054039071358021029e+05
-1.061234491074221878e+05
-1.069415074067164969e+05
-1.078676517420766468e+05
-1.089121192223263351e+05
-1.100858485798965557e+05
-1.114005154804551421e+05
-1.128685689189833502e+05
-1.145032687023047765e+05
-1.163187240180609369e+05
-1.183299330901416251e+05
-1.205528239205606660e+05
-1.230042961177852558e+05
-1.257022638115131995e+05
-1.286656996539026150e+05
-1.319146799072477152e+05
-1.354704306181081920e+05
-1.393553748778907757e+05
-1.435931811698701349e+05
-1.482088128026755585e+05
-1.532285784302147804e+05
-1.022989734354443499e+05
-1.022972157454143307e+05
-1.022920163091718860e+05
-1.022835965769742033e+05
-1.022723274615956179e+05
-1.022587320818598964e+05
-1.022434896035734855e+05
-1.022274401778755564e+05
-1.022115909769915161e+05
-1.021971233274059196e+05
-1.021854009404395765e+05
-1.021779792402372550e+05
-1.021766157891697221e+05
-1.021832818106421037e+05
-1.022001748093171191e+05
-1.022297322887434566e+05
-1.022746465663991403e+05
-1.023378806861445919e+05
-1.024226854280846892e+05
-1.025326174158400681e+05
-1.026715583212342463e+05
-1.028437351663868467e+05
-1.030537417232168082e+05
-1.033065610103601648e+05
-1.036075888874935335e+05
-1.039626587470719533e+05
-1.043780673034763313e+05
-1.048606014795680676e+05
-1.054175663906596310e+05
-1.060568144258927350e+05
-1.067867754270235600e+05
-1.076164879646281333e+05
-1.085556317117063154e+05
-1.096145609147065406e+05
-1.108043389619543595e+05
-1.121367740494934551e+05
-1.136244559443397884e+05
-1.152807938451416703e+05
-1.171200553402542137e+05
-1.191574064632209192e+05
-1.214089528456699481e+05
-1.238917819676168147e+05
-1.266240065051794954e+05
-1.296248087757034518e+05
-1.329144862803001015e+05
-1.365144983437887277e+05
-1.404475138520584442e+05
-1.447374600868302514e+05
-1.494095726578397444e+05
-1.544904465324230550e+05
-1.028688020116757834e+05
-1.028670493581686751e+05
-1.028618659911146533e+05
-1.028534762452289724e+05
-1.028422558594149450e+05
-1.028287347483224439e+05
-1.028136008825381723e+05
-1.027977052773984906e+05
-1.027820680904271721e+05
-1.027678858273964142e+05
-1.027565396570199373e+05
-1.027496048342603608e+05
-1.027488612322710542e+05
-1.027563049829583033e+05
-1.027741612261721311e+05
-1.028048979675152950e+05
-1.028512410447859147e+05
-1.029161902030389756e+05
-1.030030362782766751e+05
-1.031153794897618936e+05
-1.032571488409558660e+05
-1.034326226290830091e+05
-1.036464500633223215e+05
-1.039036739916175575e+05
-1.042097547361187462e+05
-1.045705950372469379e+05
-1.049925661063836451e+05
-1.054825347871845879e+05
-1.060478918255185999e+05
-1.066965812480346358e+05
-1.074371308493502729e+05
-1.082786837878662918e+05
-1.092310312902074365e+05
-1.103046464642866049e+05
-1.115107192209967325e+05
-1.128611923045233561e+05
-1.143687984312874614e+05
-1.160470985375096061e+05
-1.179105211354007624e+05
-1.199744027779776079e+05
-1.222550296325030940e+05
-1.247696801625531807e+05
-1.275366689187068696e+05
-1.305753914378616319e+05
-1.339063702511753072e+05
-1.375513020006323641e+05
-1.415331056642333278e+05
-1.458759718898134888e+05
-1.506054134374828427e+05
-1.557483167306921969e+05
-1.034207874249086017e+05
-1.034190411822031601e+05
-1.034138780130366213e+05
-1.034055251543500635e+05
-1.033943632013603492e+05
-1.033809289080360904e+05
-1.033659191077559371e+05
-1.033501957541658048e+05
-1.033347920822180022e+05
-1.033209198894012807e+05
-1.033099779371632321e+05
-1.033035614725184714e+05
-1.033034728698503168e+05
-1.033117333928949811e+05
-1.033305960769248486e+05
-1.033625597311118327e+05
-1.034103840610850602e+05
-1.034771059116786928e+05
-1.035660566298635677e+05
-1.036808805478776048e+05
-1.038255545865350723e+05
-1.040044089787329431e+05
-1.042221491131427465e+05
-1.044838784980936180e+05
-1.047951228456442332e+05
-1.051618552758446021e+05
-1.055905226411827025e+05
-1.060880729712307802e+05
-1.066619840374712076e+05
-1.073202930383133207e+05
-1.080716274043058802e+05
-1.089252367235311249e+05
-1.098910257871940703e+05
-1.109795887553974026e+05
-1.122022444431071053e+05
-1.135710727263087756e+05
-1.150989520683508454e+05
-1.167995981664784049e+05
-1.186876037185579480e+05
-1.207784793099883536e+05
-1.230886954208033858e+05
-1.256357255529632093e+05
-1.284380904778355325e+05
-1.315154036038651539e+05
-1.348884174644336454e+05
-1.385790713259089389e+05
-1.426105399158820510e+05
-1.470072832715973782e+05
-1.517950977085667546e+05
-1.570011679093788262e+05
-1.039583246278540464e+05
-1.039565856770085520e+05
-1.039514453570707701e+05
-1.039431338317818590e+05
-1.039320365938392060e+05
-1.039186972945974267e+05
-1.039038217056456924e+05
-1.038882828122627398e+05
-1.038731270387533004e+05
-1.038595816056636977e+05
-1.038490630188751675e+05
-1.038431866905756469e+05
-1.038437776921168697e+05
-1.038528826387416775e+05
-1.038727827061965363e+05
-1.039060077792226512e+05
-1.039553517319238017e+05
-1.040238888400177093e+05
-1.041149913249606470e+05
-1.042323480299555813e+05
-1.043799842278394644e+05
-1.045622825608493149e+05
-1.047840051122640580e+05
-1.050503166099310765e+05
-1.053668087616692064e+05
-1.057395257225500245e+05
-1.061749906940598448e+05
-1.066802336551402987e+05
-1.072628202251102339e+05
-1.079308816584631859e+05
-1.086931459715457022e+05
-1.095589702011152549e+05
-1.105383737947789778e+05
-1.116420731333073054e+05
-1.128815171848311875e+05
-1.142689242909154564e+05
-1.158173200845133833e+05
-1.175405765397991199e+05
-1.194534521538807603e+05
-1.215716332603908086e+05
-1.239117764749580674e+05
-1.264915522725562041e+05
-1.293296896967341600e+05
-1.324460222007225966e+05
-1.358615346204242087e+05
-1.395984112792775559e+05
-1.436800852250067110e+05
-1.481312885982411099e+05
-1.529781041330257140e+05
-1.582480177892005304e+05
-1.044853470791155705e+05
-1.044836157358596101e+05
-1.044784992231786455e+05
-1.044702306640646857e+05
-1.044592005026191036e+05
-1.044459593627164868e+05
-1.044312220501379052e+05
-1.044158726981735672e+05
-1.044009710566876747e+05
-1.043877599246570899e+05
-1.043776737261666858e+05
-1.043723482298799936e+05
-1.043736314119735180e+05
-1.043835954625380255e+05
-1.044045499354455533e+05
-1.044390560416862718e+05
-1.044899420861675171e+05
-1.045603200479838270e+05
-1.046536033041532210e+05
-1.047735254968164518e+05
-1.049241605439071864e+05
-1.051099437932877772e+05
-1.053356943203526462e+05
-1.056066383690947550e+05
-1.059284339366435888e+05
-1.063071965012670698e+05
-1.067495258938416227e+05
-1.072625343127878441e+05
-1.078538754824741627e+05
-1.085317749550862936e+05
-1.093050615559642902e+05
-1.101831999724057823e+05
-1.111763244859354309e+05
-1.122952738480434346e+05
-1.135516272993891471e+05
-1.149577417324697308e+05
-1.165267899977599445e+05
-1.182728003533154551e+05
-1.202106970578430337e+05
-1.223563421072396595e+05
-1.247265781145955261e+05
-1.273392723336670606e+05
-1.302133618258143251e+05
-1.333688997704045614e+05
-1.368271029186863452e+05
-1.406104001911265950e+05
-1.447424824182140874e+05
-1.492483532247375115e+05
-1.541543810575166717e+05
-1.594883523566135555e+05
-1.050028586159574334e+05
-1.050011351596426102e+05
-1.049960433023484948e+05
-1.049878191564756853e+05
-1.049768581675348687e+05
-1.049637180014028563e+05
-1.049491225864913285e+05
-1.049339673108128773e+05
-1.049193253739551874e+05
-1.049064552939572168e+05
-1.048968095690912160e+05
-1.048920444945493509e+05
-1.048940311340303160e+05
-1.049048674462340423e+05
-1.049268915662627405e+05
-1.049626962419201736e+05
-1.050151444249175256e+05
-1.050873860169847321e+05
-1.051828757708861085e+05
-1.053053923463382089e+05
-1.054590585208326229e+05
-1.056483625553640886e+05
-1.058781807150600362e+05
-1.061538009447180957e+05
-1.064809476992444834e+05
-1.068658079289985326e+05
-1.073150582200404897e+05
-1.078358930892829812e+05
-1.084360544345493836e+05
-1.091238621395318187e+05
-1.099082458336575655e+05
-1.107987778068576299e+05
-1.118057070792382292e+05
-1.129399946256617550e+05
-1.142133497552232875e+05
-1.156382676456406480e+05
-1.172280680325402645e+05
-1.189969350536546262e+05
-1.209599582479171804e+05
-1.231331747094672901e+05
-1.255336123965542502e+05
-1.281793345953494718e+05
-1.310894855386607233e+05
-1.342843371795515704e+05
-1.377853371198629029e+05
-1.416151576936419588e+05
-1.457977462054734060e+05
-1.503583763237136009e+05
-1.553237006286322721e+05
-1.607218043154553161e+05
-1.055124550403088797e+05
-1.055107398689058318e+05
-1.055056738682707946e+05
-1.054974961622036062e+05
-1.054866072339477250e+05
-1.054735718415649026e+05
-1.054591230994501384e+05
-1.054441677259981807e+05
-1.054297924574200297e+05
-1.054172716277033469e+05
-1.054080759147229546e+05
-1.054038822524998832e+05
-1.054065849096081802e+05
-1.054183077337280702e+05
-1.054414175623508345e+05
-1.054785387996269710e+05
-1.055325691593668598e+05
-1.056066965741868626e+05
-1.057044172708032565e+05
-1.058295550114765647e+05
-1.059862815016026434e+05
-1.061791379634508921e+05
-1.064130578760495409e+05
-1.066933908812245936e+05
-1.070259278557810758e+05
-1.074169271498335584e+05
-1.078731419912856363e+05
-1.084018490564586391e+05
-1.090108782068661822e+05
-1.097086433921366697e+05
-1.105041747190868628e+05
-1.114071516869395127e+05
-1.124279375886911439e+05
-1.135776150786293874e+05
-1.148680229059953999e+05
-1.163117938147952518e+05
-1.179223936097605329e+05
-1.197141613884564140e+05
-1.217023509395366273e+05
-1.239031733071479393e+05
-1.263338405214831582e+05
-1.290126104954792681e+05
-1.319588330876669788e+05
-1.351929973311670183e+05
-1.387367798288337071e+05
-1.426130943145475758e+05
-1.468461423806546663e+05
-1.514614653715580935e+05
-1.564859974434502365e+05
-1.619481197902009299e+05
-1.060148025597139058e+05
-1.060130961408375006e+05
-1.060080574056249461e+05
-1.059999285069215839e+05
-1.059891149947744270e+05
-1.059761887593992869e+05
-1.059618921513287351e+05
-1.059471432787436352e+05
-1.059330424819910841e+05
-1.059208799852923257e+05
-1.059121447256292740e+05
-1.059085343588164105e+05
-1.059119664427635289e+05
-1.059245907979208860e+05
-1.059488030449040234e+05
-1.059872593193154316e+05
-1.060428921637406311e+05
-1.061189275969336450e+05
-1.062189033601900737e+05
-1.063466883408993745e+05
-1.065065031732896168e+05
-1.067029420163514587e+05
-1.069409955089508876e+05
-1.072260749021229276e+05
-1.075640373685583036e+05
-1.079612124892668653e+05
-1.084244299174309126e+05
-1.089610482194421638e+05
-1.095789848931253509e+05
-1.102867475631459674e+05
-1.110934663536014123e+05
-1.120089274378033879e+05
-1.130436077652364766e+05
-1.142087109657095571e+05
-1.155162044306905882e+05
-1.169788575718229404e+05
-1.186102812566313660e+05
-1.204249684214119043e+05
-1.224383358613049932e+05
-1.246667671975562989e+05
-1.271276570219622517e+05
-1.298394562184994720e+05
-1.328217184621404158e+05
-1.360951478948546574e+05
-1.396816479787939170e+05
-1.436043715266640938e+05
-1.478877719092810585e+05
-1.525576554403109185e+05
-1.576412349382003595e+05
-1.631671844652839936e+05
-1.065038720074340672e+05
-1.065021751521686529e+05
-1.064971661223011179e+05
-1.064890901197509811e+05
-1.064783577948104212e+05
-1.064655482167831506e+05
-1.064514130328833708e+05
-1.064368818153901666e+05
-1.064230685970537888e+05
-1.064112795947609993e+05
-1.064030221214579651e+05
-1.064000146863305272e+05
-1.064041982832313370e+05
-1.064177488673772459e+05
-1.064430910202921223e+05
-1.064829128030087886e+05
-1.065401817975312588e+05
-1.066181623365461273e+05
-1.067204339213966596e+05
-1.068509108283090463e+05
-1.070138629028749710e+05
-1.072139375427939667e+05
-1.074561828688691166e+05
-1.077460720842562441e+05
-1.080895290219777817e+05
-1.084929548806819512e+05
-1.089632561486690101e+05
-1.095078737161639292e+05
-1.101348131758525851e+05
-1.108526763116708462e+05
-1.116706937758500571e+05
-1.125987589542182250e+05
-1.136474630197611987e+05
-1.148281311744331906e+05
-1.161528600792307261e+05
-1.176345564725175209e+05
-1.192869769766087848e+05
-1.211247690926099458e+05
-1.231635133835129091e+05
-1.254197668455460662e+05
-1.279111074677845318e+05
-1.306561799800129374e+05
-1.336747427888460224e+05
-1.369877161021047505e+05
-1.406172312414506741e+05
-1.445866811432732793e+05
-1.489207720478356350e+05
-1.536455763766776945e+05
-1.587885867982704658e+05
-1.643787714819326939e+05
-1.069721784248486074e+05
-1.069704923677941988e+05
-1.069655167544593423e+05
-1.069574998581340478e+05
-1.069468574670274393e+05
-1.069341758833387430e+05
-1.069202161219729605e+05
-1.069059193088807078e+05
-1.068924132790335862e+05
-1.068810203740283905e+05
-1.068732664393237646e+05
-1.068708910211104230e+05
-1.068758587628115347e+05
-1.068903720012127596e+05
-1.069168845622272347e+05
-1.069581167562897899e+05
-1.070170715733848483e+05
-1.070970520777038473e+05
-1.072016800019346701e+05
-1.073349155411855318e+05
-1.075010783465347486e+05
-1.077048697182180913e+05
-1.079513959984438843e+05
-1.082461931638436945e+05
-1.085952526175459934e+05
-1.090050481808931945e+05
-1.094825642847827985e+05
-1.100353253606399812e+05
-1.106714264310257277e+05
-1.113995648998739198e+05
-1.122290735423597507e+05
-1.131699546944014874e+05
-1.142329156417927588e+05
-1.154294052089664910e+05
-1.167716515473911277e+05
-1.182727011235963291e+05
-1.199464589068340283e+05
-1.218077297563676111e+05
-1.238722610083940526e+05
-1.261567862625982234e+05
-1.286790703683375177e+05
-1.314579556104598450e+05
-1.345134090947514633e+05
-1.378665713330167055e+05
-1.415398060277907935e+05
-1.455567510566823184e+05
-1.499423706563491432e+05
-1.547230088061040151e+05
-1.599264438111530326e+05
-1.655819440854671120e+05
-1.074191342663955293e+05
-1.074174602475800493e+05
-1.074125217784757260e+05
-1.074045702267456218e+05
-1.073940265572843637e+05
-1.073814843604005873e+05
-1.073677140912764735e+05
-1.073536685206960974e+05
-1.073404893970492412e+05
-1.073295153196110041e+05
-1.073222908230909234e+05
-1.073205766734585923e+05
-1.073263613750412187e+05
-1.073418738888938096e+05
-1.073695975624457933e+05
-1.074122852704180987e+05
-1.074729757670147956e+05
-1.075550112493909692e+05
-1.076620561323863803e+05
-1.077981170345423161e+05
-1.079675639753842406e+05
-1.081751527839829068e+05
-1.084260487187849212e+05
-1.087258512987196445e+05
-1.090806203455800860e+05
-1.094969032376728719e+05
-1.099817633747461223e+05
-1.105428098541905929e+05
-1.111882283585104306e+05
-1.119268132540716178e+05
-1.127680009011216025e+05
-1.137219041750838078e+05
-1.147993481991224835e+05
-1.160119072879861342e+05
-1.173719431031203567e+05
-1.188926440190552530e+05
-1.205880657010655850e+05
-1.224731728941077454e+05
-1.245638824230248720e+05
-1.268771074040300300e+05
-1.294308026674603316e+05
-1.322440113918052521e+05
-1.353369129490088671e+05
-1.387308719610444678e+05
-1.424484885677639104e+05
-1.465136499060189235e+05
-1.509515828000566689e+05
-1.557889076631917269e+05
-1.610536936107430374e+05
-1.667755147842556762e+05
-1.078474989825276425e+05
-1.078458380453898571e+05
-1.078409398591192439e+05
-1.078330589106435073e+05
-1.078226213831676432e+05
-1.078102282136548019e+05
-1.077966593733113405e+05
-1.077828793710550817e+05
-1.077700439799888991e+05
-1.077595081868587295e+05
-1.077528353645129100e+05
-1.077518076673484902e+05
-1.077584376497589110e+05
-1.077749811075740872e+05
-1.078039511424903176e+05
-1.078481334494982293e+05
-1.079106028273053380e+05
-1.079947409117498028e+05
-1.081042551322125946e+05
-1.082431988910184591e+05
-1.084159929658361652e+05
-1.086274481350676506e+05
-1.088827890262404835e+05
-1.091876791873794718e+05
-1.095482473813902325e+05
-1.099711151034234354e+05
-1.104634253212364711e+05
-1.110328724385541573e+05
-1.116877334814193600e+05
-1.124369005075364839e+05
-1.132899142386134190e+05
-1.142569989156944357e+05
-1.153490983774886554e+05
-1.165779133616919280e+05
-1.179559400293032522e+05
-1.194965097119354468e+05
-1.212138298821204517e+05
-1.231230263466080651e+05
-1.252401866626572591e+05
-1.275824047773266939e+05
-1.301678268897536473e+05
-1.330156985364308057e+05
-1.361464128994755156e+05
-1.395815603378938977e+05
-1.433439791418392851e+05
-1.474578075098640111e+05
-1.519485367491652723e+05
-1.568430656988298288e+05
-1.621697563760618505e+05
-1.679584908454177785e+05
-1.082586594544162508e+05
-1.082570125339998776e+05
-1.082521574442239362e+05
-1.082443518168531882e+05
-1.082340270959800691e+05
-1.082217916247520479e+05
-1.082084349667913484e+05
-1.081949334623030154e+05
-1.081824570188739162e+05
-1.081723771369681344e+05
-1.081662761701049749e+05
-1.081659578197342344e+05
-1.081734588648005592e+05
-1.081910621259964100e+05
-1.082213106647119275e+05
-1.082670232166681672e+05
-1.083313108602475259e+05
-1.084175949195110588e+05
-1.085296261019107333e+05
-1.086715048706872913e+05
-1.088477030519652762e+05
-1.090630866765337560e+05
-1.093229400563201925e+05
-1.096329910955565720e+05
-1.099994378366335004e+05
-1.104289762406485097e+05
-1.109288292026430136e+05
-1.115067768015306210e+05
-1.121711877847160358e+05
-1.129310522874080052e+05
-1.137960157866188383e+05
-1.147764142898569262e+05
-1.158833107585119287e+05
-1.171285327659265749e+05
-1.185247113901643897e+05
-1.200853213414649363e+05
-1.218247223243908084e+05
-1.237582016346672463e+05
-1.259020179907102429e+05
-1.282734465998459200e+05
-1.308908254592241865e+05
-1.337736028914189665e+05
-1.369423863147218945e+05
-1.404189922481259855e+05
-1.442264975510010845e+05
-1.483892918974610802e+05
-1.529331314854167285e+05
-1.578851939803278656e+05
-1.632741346936425252e+05
-1.691301439959218260e+05
-1.086554948899526498e+05
-1.086538626748161332e+05
-1.086490527551588166e+05
-1.086413259313510353e+05
-1.086311189477189910e+05
-1.086190476081098022e+05
-1.086059111376806395e+05
-1.085926977909147827e+05
-1.085805917058616469e+05
-1.085709810046051280e+05
-1.085654671399541694e+05
-1.085658754883643123e+05
-1.085742671890780766e+05
-1.085929522294943890e+05
-1.086245037767669564e+05
-1.086717737556234060e+05
-1.087379096724098345e+05
-1.088263726853669650e+05
-1.089409569211229100e+05
-1.090858100374223577e+05
-1.092654550320704875e+05
-1.094848132981117960e+05
-1.097492289252283954e+05
-1.100644942473668489e+05
-1.104368766365897463e+05
-1.108731465431524266e+05
-1.113806067818093143e+05
-1.119671230643379677e+05
-1.126411557782982418e+05
-1.134117930120081583e+05
-1.142887848257538863e+05
-1.152825787692172453e+05
-1.164043566451363731e+05
-1.176660725191860402e+05
-1.190804919760876801e+05
-1.206612326219419192e+05
-1.224228058327906474e+05
-1.243806597494003072e+05
-1.265512235182747099e+05
-1.289519527788911364e+05
-1.316013763971616572e+05
-1.345191444451235002e+05
-1.377260774268517853e+05
-1.412442167505991820e+05
-1.450968764471594477e+05
-1.493086961344612937e+05
-1.539056952283841674e+05
-1.589153283997962135e+05
-1.643665422778284992e+05
-1.702898333993639972e+05
-1.090423245183921827e+05
-1.090407073606094345e+05
-1.090359436745855201e+05
-1.090282974509961059e+05
-1.090182107700063789e+05
-1.090063069448102178e+05
-1.089933949226091354e+05
-1.089804749429941294e+05
-1.089687454537604935e+05
-1.089596112841286376e+05
-1.089546930754000059e+05
-1.089558379690205475e+05
-1.089651315520687058e+05
-1.089849110601667780e+05
-1.090177798378021107e+05
-1.090666230560789845e+05
-1.091346246878835664e+05
-1.092252857404707320e+05
-1.093424437454707804e+05
-1.094902935063148616e+05
-1.096734091030818672e+05
-1.098967671547614736e+05
-1.101657713389439887e+05
-1.104862781689217954e+05
-1.108646240282159415e+05
-1.113076534625198983e+05
-1.118227487290649879e+05
-1.124178606034039840e+05
-1.131015404436162789e+05
-1.138829735119295947e+05
-1.147720135537645401e+05
-1.157792186341989873e+05
-1.169158882318497926e+05
-1.181941015901752689e+05
-1.196267573261993530e+05
-1.212276142966527987e+05
-1.230113337215350912e+05
-1.249935225650978246e+05
-1.271907781742444495e+05
-1.296207341743523866e+05
-1.323021076225162833e+05
-1.352547474182042351e+05
-1.384996839713436493e+05
-1.420591801278183702e+05
-1.459567833523897571e+05
-1.502173791690373619e+05
-1.548672458587175934e+05
-1.599341104145446152e+05
-1.654472057543886476e+05
-1.714373291908949614e+05
-1.094169219827512861e+05
-1.094153203487828869e+05
-1.094106043030928122e+05
-1.094030410485129541e+05
-1.093930780370442371e+05
-1.093813461407839786e+05
-1.093686640912199509e+05
-1.093560441868967318e+05
-1.093446992694485816e+05
-1.093360509680069517e+05
-1.093317392119746219e+05
-1.093336330121690262e+05
-1.093438425103426562e+05
-1.093647322970612295e+05
-1.093989359979661385e+05
-1.094493721283938503e+05
-1.095192612163733284e+05
-1.096121441939941433e+05
-1.097319020571369620e+05
-1.098827767935818993e+05
-1.100693935794830031e+05
-1.102967842442155816e+05
-1.105704120035868254e+05
-1.108961974614275387e+05
-1.112805458795417799e+05
-1.117303757160371752e+05
-1.122531484320166783e+05
-1.128568995666473202e+05
-1.135502710805924726e+05
-1.143425449678199366e+05
-1.152436781357767613e+05
-1.162643385539352166e+05
-1.174159426707066596e+05
-1.187106940987303387e+05
-1.201616235685259744e+05
-1.217826301505219599e+05
-1.235885237454489397e+05
-1.255950688431071903e+05
-1.278190295495023893e+05
-1.302782158823493228e+05
-1.329915313349501230e+05
-1.359790217084402393e+05
-1.392619252124013146e+05
-1.428627238338505267e+05
-1.468051959745941858e+05
-1.511144703569547855e+05
-1.558170811978682759e+05
-1.609410246513443126e+05
-1.665158165193103487e+05
-1.725725512308126781e+05
-1.097708291553697927e+05
-1.097692439984929370e+05
-1.097645784610320407e+05
-1.097571029822078417e+05
-1.097472704264003696e+05
-1.097357192816755269e+05
-1.097232781377151841e+05
-1.097109714431587054e+05
-1.097000265423500387e+05
-1.096918819915036438e+05
-1.096881971542661486e+05
-1.096908630766972346e+05
-1.097020146416549542e+05
-1.097240440025922871e+05
-1.097596152967605740e+05
-1.098116806378252077e+05
-1.098834973878867168e+05
-1.099786467089139915e+05
-1.101010533935850399e+05
-1.102550069755371806e+05
-1.104451841190270497e+05
-1.106766722879989975e+05
-1.109549946945614356e+05
-1.112861365268751688e+05
-1.116765724564490374e+05
-1.121332954248425813e+05
-1.126638467097841203e+05
-1.132763472706907050e+05
-1.139795303736020433e+05
-1.147827754955201817e+05
-1.156961435081615782e+05
-1.167304131411161361e+05
-1.178971187244163011e+05
-1.192085892105142557e+05
-1.206779884756690299e+05
-1.223193569007423794e+05
-1.241476542314045219e+05
-1.261788037177482620e+05
-1.284297375333110685e+05
-1.309184434735099203e+05
-1.336640129334802041e+05
-1.366866901653281529e+05
-1.400079228147909744e+05
-1.436504137373038684e+05
-1.476381740934795816e+05
-1.519965777239947056e+05
-1.567524168038876087e+05
-1.619339587762608135e+05
-1.675710045653972484e+05
-1.736949480692844954e+05
-1.100988325625837606e+05
-1.100972651238897233e+05
-1.100926538261540118e+05
-1.100852723697628535e+05
-1.100755790732081950e+05
-1.100642200998504413e+05
-1.100520339753964072e+05
-1.100400573960763722e+05
-1.100295323275353003e+05
-1.100219143944247044e+05
-1.100188825607054750e+05
-1.100223501006568258e+05
-1.100344768605896970e+05
-1.100576828112703224e+05
-1.100946628910487634e+05
-1.101484031396939245e+05
-1.102221981229387166e+05
-1.103196696477250371e+05
-1.104447867681659991e+05
-1.106018870822038443e+05
-1.107956993189835921e+05
-1.110313672169283964e+05
-1.113144746925235959e+05
-1.116510722998079000e+05
-1.120477049805715069e+05
-1.125114411052585347e+05
-1.130499028045797168e+05
-1.136712975918308948e+05
-1.143844512759173522e+05
-1.151988421650868258e+05
-1.161246365613664675e+05
-1.171727255457092979e+05
-1.183547630538472149e+05
-1.196832052428503375e+05
-1.211713511483926559e+05
-1.228333846327248029e+05
-1.246844176233555772e+05
-1.267405346424364980e+05
-1.290188386268588074e+05
-1.315374980390487181e+05
-1.343157952684817719e+05
-1.373741763238905114e+05
-1.407343018161901855e+05
-1.444190992321046651e+05
-1.484528164985014591e+05
-1.528610768374340842e+05
-1.576709349118897808e+05
-1.629109342622471449e+05
-1.686111660334347398e+05
-1.748033289928040467e+05
-1.104019955862857896e+05
-1.104004472650188545e+05
-1.103958944104480615e+05
-1.103886140013595577e+05
-1.103790698393733910e+05
-1.103679158044088690e+05
-1.103560004123400577e+05
-1.103443726748323534e+05
-1.103342892613707227e+05
-1.103272229634679825e+05
-1.103248724610687641e+05
-1.103291733911284682e+05
-1.103423107183904503e+05
-1.103667324083389394e+05
-1.104051644023495610e+05
-1.104606268950137601e+05
-1.105364519136608578e+05
-1.106363022000612691e+05
-1.107641913943143736e+05
-1.109245055209300481e+05
-1.111220257770862663e+05
-1.113619526230855990e+05
-1.116499311749845510e+05
-1.119920778994229622e+05
-1.123950086106287054e+05
-1.128658677696152154e+05
-1.134123590855646034e+05
-1.140427774193948862e+05
-1.147660419895155501e+05
-1.155917308797697769e+05
-1.165301168495631719e+05
-1.175922044461774494e+05
-1.187897684192712186e+05
-1.201353934375691460e+05
-1.216425151077351475e+05
-1.233254622954327497e+05
-1.251995007485731039e+05
-1.272808780227474199e+05
-1.295868697088486224e+05
-1.321358269628757844e+05
-1.349472253379284812e+05
-1.380417149183872680e+05
-1.414411717562765698e+05
-1.451687506098205340e+05
-1.492489389841795200e+05
-1.537076124743773253e+05
-1.585720914104110270e+05
-1.638711988045518810e+05
-1.696353196008277882e+05
-1.758964612266963522e+05
-1.106812468338807521e+05
-1.106797192874732573e+05
-1.106752298510212422e+05
-1.106680587897350924e+05
-1.106586754019502696e+05
-1.106477413035996142e+05
-1.106361150264808675e+05
-1.106248579303137085e+05
-1.106152414285827545e+05
-1.106087555281746463e+05
-1.106071186828049103e+05
-1.106122889602342475e+05
-1.106264765232725331e+05
-1.106521574245779339e+05
-1.106920887152433279e+05
-1.107493248671725160e+05
-1.108272355092452344e+05
-1.109295244772792357e+05
-1.110602501777728903e+05
-1.112238472654445650e+05
-1.114251496345602645e+05
-1.116694147240509337e+05
-1.119623491364200308e+05
-1.123101355704425659e+05
-1.127194610676526790e+05
-1.131975465726208931e+05
-1.137521778070243599e+05
-1.143917374575049034e+05
-1.151252386773171893e+05
-1.159623599017671513e+05
-1.169134809774432215e+05
-1.179897206052329129e+05
-1.192029750971340691e+05
-1.205659584468535031e+05
-1.220922437141960690e+05
-1.237963057232459396e+05
-1.256935650743348378e+05
-1.278004334698035091e+05
-1.301343603535514558e+05
-1.327138808643767261e+05
-1.355586651031065267e+05
-1.386895687135192857e+05
-1.421286847770533932e+05
-1.458993970213095308e+05
-1.500264343423416140e+05
-1.545359266407369578e+05
-1.594554619714892178e+05
-1.648141450076588371e+05
-1.706426568178246671e+05
-1.769733159573270823e+05
-1.109385203788596846e+05
-1.109370149924131692e+05
-1.109325931323580007e+05
-1.109255383592402650e+05
-1.109163254829601792e+05
-1.109056238762539724e+05
-1.108943021135656600e+05
-1.108834339353187243e+05
-1.108743055375771946e+05
-1.108684241870954866e+05
-1.108675281617686123e+05
-1.108735980164714565e+05
-1.108888691742893425e+05
-1.109158458431453910e+05
-1.109573162578166666e+05
-1.110163692473478877e+05
-1.110964121278530074e+05
-1.112011899207131646e+05
-1.113348058961676725e+05
-1.115017434422928927e+05
-1.117068892593826604e+05
-1.119555578797131020e+05
-1.122535175127065013e+05
-1.126070172154827160e+05
-1.130228153888092056e+05
-1.135082095984384941e+05
-1.140710677218430210e+05
-1.147198604203399154e+05
-1.154636949366104527e+05
-1.163123502176102484e+05
-1.172763133628744545e+05
-1.183668173982165608e+05
-1.195958803748149658e+05
-1.209763457937008934e+05
-1.225219243556298752e+05
-1.242472370363537630e+05
-1.261678594872805115e+05
-1.283003677615303022e+05
-1.306623853653818514e+05
-1.332726316351150745e+05
-1.361509714392413152e+05
-1.393184662061314157e+05
-1.427974262770354399e+05
-1.466114645844924380e+05
-1.507855516561374534e+05
-1.553460719438987144e+05
-1.603208814785881550e+05
-1.657393668498836050e+05
-1.716325055117089069e+05
-1.780329274129988335e+05
-1.111800774391221057e+05
-1.111785946369987360e+05
-1.111742416322951904e+05
-1.111673052983523521e+05
-1.111582659852146899e+05
-1.111478008613382553e+05
-1.111367885919921682e+05
-1.111263153543336521e+05
-1.111176821891779255e+05
-1.111124136894484691e+05
-1.111122680253093131e+05
-1.111192483059866645e+05
-1.111356152782728459e+05
-1.111639013617165328e+05
-1.112069260204940219e+05
-1.112678124719688203e+05
-1.113500057319360203e+05
-1.114572919965469191e+05
-1.115938193609247974e+05
-1.117641198744588328e+05
-1.119731329327881976e+05
-1.122262300064675219e+05
-1.125292407063173159e+05
-1.128884801854606194e+05
-1.133107778780431981e+05
-1.138035075746382645e+05
-1.143746188343360263e+05
-1.150326697335187200e+05
-1.157868609513191186e+05
-1.166470711917650042e+05
-1.176238939426058641e+05
-1.187286755708282872e+05
-1.199735547548517061e+05
-1.213715032534114580e+05
-1.229363680111268332e+05
-1.246829146007514209e+05
-1.266268720021095360e+05
-1.287849787177192047e+05
-1.311750302250940586e+05
-1.338159277657375787e+05
-1.367277284708175284e+05
-1.399316968235239619e+05
-1.434503574581141002e+05
-1.473075492956423259e+05
-1.515284810163736984e+05
-1.561397878688818018e+05
-1.611695898158323253e+05
-1.666475510164506850e+05
-1.726049406456742436e+05
-1.790746950499897939e+05
-1.114096729850260454e+05
-1.114082126287096762e+05
-1.114039280710908206e+05
-1.113971095199091214e+05
-1.113882429005671147e+05
-1.113780132248764276e+05
-1.113673093073126656e+05
-1.113572298287665471e+05
-1.113490907477934088e+05
-1.113444340593679517e+05
-1.113450379011370678e+05
-1.113529280071687390e+05
-1.113703905092107889e+05
-1.113999860854397848e+05
-1.114445654567183665e+05
-1.115072862303470902e+05
-1.115916310913207562e+05
-1.117014273410819878e+05
-1.118408677837770665e+05
-1.120145329600127006e+05
-1.122274147281087644e+05
-1.124849411928593618e+05
-1.127930029817846516e+05
-1.131579808688904886e+05
-1.135867747459266102e+05
-1.140868339411411871e+05
-1.146661888855410798e+05
-1.153334841266505246e+05
-1.160980126897681912e+05
-1.169697517867270944e+05
-1.179593998721542594e+05
-1.190784150472291658e+05
-1.203390548109461379e+05
-1.217544171588712343e+05
-1.233384830294070416e+05
-1.251061600975497568e+05
-1.270733279161550745e+05
-1.292568844046948070e+05
-1.316747936855234730e+05
-1.343461352676378447e+05
-1.372911545779394801e+05
-1.405313148400021892e+05
-1.440893503003302903e+05
-1.479893208021247119e+05
-1.522566677065470431e+05
-1.569182711614840664e+05
-1.620025087178114045e+05
-1.675393152931610821e+05
-1.735602444831845060e+05
-1.800985312203200883e+05
-1.116212338463796768e+05
-1.116197963154696045e+05
-1.116155813506066625e+05
-1.116088825144415605e+05
-1.116001913415471790e+05
-1.115902007336601964e+05
-1.115798097130092501e+05
-1.115701295337440097e+05
-1.115624911514559935e+05
-1.115584540507937782e+05
-1.115598164311765577e+05
-1.115686267505988653e+05
-1.115871966275300656e+05
-1.116181151009125751e+05
-1.116642642482521769e+05
-1.117288361618004565e+05
-1.118153512828384119e+05
-1.119276780940500466e+05
-1.120700541699913738e+05
-1.122471085856565624e+05
-1.124638856831374869e+05
-1.127258701963754575e+05
-1.130390137340141810e+05
-1.134097626203410618e+05
-1.138450870943267655e+05
-1.143525118667589850e+05
-1.149401480354706000e+05
-1.156167263586639892e+05
-1.163916318863273336e+05
-1.172749399497489503e+05
-1.182774535091250291e+05
-1.194107418592612230e+05
-1.206871806933718763e+05
-1.221199935249699629e+05
-1.237232944678565254e+05
-1.255121323742003733e+05
-1.275025363307154184e+05
-1.297115625129358668e+05
-1.321573423975756450e+05
-1.348591323329968145e+05
-1.378373644677598495e+05
-1.411136990372776054e+05
-1.447110780085613078e+05
-1.486537800830601773e+05
-1.529674770575948933e+05
-1.576792915433927265e+05
-1.628178560432074300e+05
-1.684133733865412069e+05
-1.744976785229614470e+05
-1.811043016735064157e+05
-1.118071834083970898e+05
-1.118057696634695021e+05
-1.118016271798476664e+05
-1.117950528953955945e+05
-1.117865439877965546e+05
-1.117768012964330119e+05
-1.117667341130031273e+05
-1.117574663408920460e+05
-1.117503440232927387e+05
-1.117469442400746775e+05
-1.117490853733985859e+05
-1.117588387420871004e+05
-1.117785416047358012e+05
-1.118108115315824107e+05
-1.118585621451157494e+05
-1.119250202294423943e+05
-1.120137442083943315e+05
-1.121286439923936268e+05
-1.122740021940577426e+05
-1.124544967125602998e+05
-1.126752246867400099e+05
-1.129417278169539059e+05
-1.132600190556847374e+05
-1.136366106668967259e+05
-1.140785436541356321e+05
-1.145934185573854775e+05
-1.151894276186665520e+05
-1.158753883163873397e+05
-1.166607782684453414e+05
-1.175557715040735784e+05
-1.185712761044393992e+05
-1.197189732119895052e+05
-1.210113574085485889e+05
-1.224617784621604806e+05
-1.240844844426828640e+05
-1.258946662061324023e+05
-1.279085032477713394e+05
-1.301432109239518759e+05
-1.326170890427061240e+05
-1.353495718230795756e+05
-1.383612792232271458e+05
-1.416740696372409584e+05
-1.453110939607413311e+05
-1.492968510252102569e+05
-1.536572444010738691e+05
-1.584196405695357535e+05
-1.636129284631612245e+05
-1.692675803752003412e+05
-1.754157142376768461e+05
-1.820911572682100232e+05
-1.119648344314187125e+05
-1.119634458213032485e+05
-1.119593798704848450e+05
-1.119529369073139969e+05
-1.119446197782749805e+05
-1.119351372968251235e+05
-1.119254090717838990e+05
-1.119165717152513826e+05
-1.119099864300678310e+05
-1.119072479768116609e+05
-1.119101950203353626e+05
-1.119209218558380089e+05
-1.119417915144792642e+05
-1.119754502485268749e+05
-1.120248433960456314e+05
-1.120932326251245104e+05
-1.121842145576399198e+05
-1.123017407725566882e+05
-1.124501391887703794e+05
-1.126341368274850975e+05
-1.128588839541295310e+05
-1.131299795998118498e+05
-1.134534984623120399e+05
-1.138360191866137320e+05
-1.142846540249724785e+05
-1.148070798765200889e+05
-1.154115707064158050e+05
-1.161070313445222273e+05
-1.169030326636316313e+05
-1.178098481372233073e+05
-1.188384917767612496e+05
-1.200007574485288060e+05
-1.213092595700032543e+05
-1.227774751857674855e+05
-1.244197874229587615e+05
-1.262515303262558009e+05
-1.282890350724089076e+05
-1.305496775642974244e+05
-1.330519274045379716e+05
-1.358153982486195455e+05
-1.388608995375852392e+05
-1.422104896102473431e+05
-1.458875301949414134e+05
-1.499167422808182600e+05
-1.543242633686766203e+05
-1.591377061013292987e+05
-1.643862182735118258e+05
-1.701005442213253700e+05
-1.763130875912218471e+05
-1.830579754885232833e+05
-1.120912344511161209e+05
-1.120898731713894231e+05
-1.120858903409010818e+05
-1.120795896810002159e+05
-1.120714797115201363e+05
-1.120622772271605209e+05
-1.120529121644219267e+05
-1.120445338590855099e+05
-1.120385186942546570e+05
-1.120364791389399907e+05
-1.120402741772040026e+05
-1.120520211278510396e+05
-1.120741088546748506e+05
-1.121092123672550078e+05
-1.121603088123071648e+05
-1.122306948555837735e+05
-1.123240054543295118e+05
-1.124442340202860942e+05
-1.125957539732520818e+05
-1.127833416851902002e+05
-1.130122008148926107e+05
-1.132879880331956083e+05
-1.136168401387438935e+05
-1.140054025643119676e+05
-1.144608592736735591e+05
-1.149909640490263555e+05
-1.156040731689653621e+05
-1.163091794770131819e+05
-1.171159478406961571e+05
-1.180347520011786110e+05
-1.190767128134462400e+05
-1.202537378770421783e+05
-1.215785625573538564e+05
-1.230647923974563600e+05
-1.247269469205014029e+05
-1.265805048226645013e+05
-1.286419505566395965e+05
-1.309288223056910647e+05
-1.334597613482501765e+05
-1.362545628130738914e+05
-1.393342278249447700e+05
-1.427210170409325219e+05
-1.464385055772009364e+05
-1.505116393263718055e+05
-1.549667926654359908e+05
-1.598318275542230986e+05
-1.651361540244162024e+05
-1.709107920591241564e+05
-1.771884348630046879e+05
-1.840035135229354782e+05
-1.121841772857696342e+05
-1.121828460478914494e+05
-1.121789544703062420e+05
-1.121728096620783908e+05
-1.121649258080388536e+05
-1.121560276733674109e+05
-1.121470555100129568e+05
-1.121391713649433223e+05
-1.121337667902330868e+05
-1.121324719549790898e+05
-1.121371661590581061e+05
-1.121499897487081471e+05
-1.121733574339530460e+05
-1.122099730078545253e+05
-1.122628454675997928e+05
-1.123353065374231373e+05
-1.124310295933615416e+05
-1.125540499898444250e+05
-1.127087867881125567e+05
-1.129000658864794677e+05
-1.131331445524174196e+05
-1.134137373564825393e+05
-1.137480435080727329e+05
-1.141427755930186686e+05
-1.146051897130070429e+05
-1.151431170268428687e+05
-1.157649966935360571e+05
-1.164799102172336425e+05
-1.172976171939752239e+05
-1.182285924602884334e+05
-1.192840646436141687e+05
-1.204760561145699030e+05
-1.218174243410428026e+05
-1.233219046441183746e+05
-1.250041543558422127e+05
-1.268797983788151178e+05
-1.289654761476253334e+05
-1.312788899921077536e+05
-1.338388549024438253e+05
-1.366653496960905322e+05
-1.397795695865446760e+05
-1.432039801539431792e+05
-1.469623727174908854e+05
-1.510799211097299412e+05
-1.555832398526359466e+05
-1.605004437355520495e+05
-1.658612087949566485e+05
-1.716968346960618219e+05
-1.780403085162473435e+05
-1.849263699303303147e+05
-1.122500277674898680e+05
-1.122487279939387663e+05
-1.122449319398746011e+05
-1.122389501115699677e+05
-1.122313023745149403e+05
-1.122227214859635133e+05
-1.122141580404992565e+05
-1.122067868286264275e+05
-1.122020146083723812e+05
-1.122014892899162805e+05
-1.122071105332349834e+05
-1.122210417587651464e+05
-1.122457235710886744e+05
-1.122838885956362356e+05
-1.123385777284103824e+05
-1.124131577987270430e+05
-1.125113406449765898e+05
-1.126372036034078337e+05
-1.127952114099225291e+05
-1.129902395149016957e+05
-1.132275988110400649e+05
-1.135130617742065369e+05
-1.138528900173208094e+05
-1.142538632572517963e+05
-1.147233096947343729e+05
-1.152691378073022352e+05
-1.158998695552490535e+05
-1.166246750005958893e+05
-1.174534083390923915e+05
-1.183966453452246787e+05
-1.194657222302516457e+05
-1.206727759132549836e+05
-1.220307857052127947e+05
-1.235536164060882584e+05
-1.252560628149424156e+05
-1.271538956530605501e+05
-1.292639089001052635e+05
-1.316039685432819242e+05
-1.341930627395283664e+05
-1.370513533907206438e+05
-1.402002291318991047e+05
-1.436623597325169249e+05
-1.474617519107041298e+05
-1.516238065605503798e+05
-1.561753773924123670e+05
-1.611448309862352617e+05
-1.665621082578951609e+05
-1.724587873385631246e+05
-1.788681478670846845e+05
-1.858252366953824821e+05
-1.122978526279192301e+05
-1.122965840530792193e+05
-1.122928827351458604e+05
-1.122870626057141053e+05
-1.122796492568833928e+05
-1.122713835004277935e+05
-1.122632263506238523e+05
-1.122563654307518154e+05
-1.122522228032581334e+05
-1.122524642235873325e+05
-1.122590098176777392e+05
-1.122740461831282882e+05
-1.123000399140236113e+05
-1.123397525494325091e+05
-1.123962569455694611e+05
-1.124729550716237864e+05
-1.125735972292537190e+05
-1.127023026957472466e+05
-1.128635817908493045e+05
-1.130623593672569259e+05
-1.133039997247760766e+05
-1.135943329481511173e+05
-1.139396826685532869e+05
-1.143468952487439965e+05
-1.148233703918963874e+05
-1.153770931740869128e+05
-1.160166675004535937e+05
-1.167513509850202681e+05
-1.175910912541850557e+05
-1.185465636738779867e+05
-1.196292105003826291e+05
-1.208512814548258320e+05
-1.222258757213319041e+05
-1.237669853688451258e+05
-1.254895401966160571e+05
-1.274094540033570811e+05
-1.295436722800610441e+05
-1.319102213264892052e+05
-1.345282587913211610e+05
-1.374181256359798717e+05
-1.406013995221106452e+05
-1.441009496227343625e+05
-1.479409928570691845e+05
-1.521471515490091115e+05
-1.567465125092780800e+05
-1.617676875412454538e+05
-1.672408753704107075e+05
-1.731979249975482235e+05
-1.796724004755284113e+05
-1.866996471097954491e+05
-1.123274241714324307e+05
-1.123261864478607458e+05
-1.123225788330451905e+05
-1.123169187115766254e+05
-1.123097374474309472e+05
-1.123017839684516221e+05
-1.122940297846300818e+05
-1.122876754401763028e+05
-1.122841583993880195e+05
-1.122851623663076462e+05
-1.122926280381783581e+05
-1.123087652926905866e+05
-1.123360668090253021e+05
-1.123773231226872886e+05
-1.124356391141381318e+05
-1.125144519312153279e+05
-1.126175503453536949e+05
-1.127490955415930803e+05
-1.129136433423865528e+05
-1.131161678651949769e+05
-1.133620866138834972e+05
-1.136572870039072441e+05
-1.140081543212902470e+05
-1.144216011154012376e+05
-1.149050980255210452e+05
-1.154667060412055143e+05
-1.161151101964396075e+05
-1.168596546975903475e+05
-1.177103794851462590e+05
-1.186780582292593172e+05
-1.197742377590721298e+05
-1.210112789258460252e+05
-1.224023988998799032e+05
-1.239617149012218288e+05
-1.257042893641768605e+05
-1.276461765356068790e+05
-1.298044705070279306e+05
-1.321973546804950456e+05
-1.348441526682862605e+05
-1.377653806263780571e+05
-1.409828010217185656e+05
-1.445194778332863352e+05
-1.483998331869519025e+05
-1.526497054241284204e+05
-1.572964086042170238e+05
-1.623687934408459987e+05
-1.678973096719040477e+05
-1.739140698633692227e+05
-1.804529146469276166e+05
-1.875494793913883623e+05
-1.123322065020723094e+05
-1.123310001038068585e+05
-1.123274876203013846e+05
-1.123219899072817934e+05
-1.123150441304559936e+05
-1.123074073747552175e+05
-1.123000616972838325e+05
-1.122942206239576044e+05
-1.122913370898446155e+05
-1.122931128232047777e+05
-1.123015091732278815e+05
-1.123187593814636493e+05
-1.123473822969616449e+05
-1.123901975350976863e+05
-1.124503420801073662e+05
-1.125312883313116181e+05
-1.126368635930430610e+05
-1.127712710082732665e+05
-1.129391119359326403e+05
-1.131454097719323181e+05
-1.133956352138840302e+05
-1.136957329695176304e+05
-1.140521499087975826e+05
-1.144718646597333573e+05
-1.149624186478977936e+05
-1.155319485796317895e+05
-1.161892203689565067e+05
-1.169436645081797033e+05
-1.178054128822012281e+05
-1.187853370265151316e+05
-1.198950878289135289e+05
-1.211471366748845176e+05
-1.225548180367123568e+05
-1.241323735062728956e+05
-1.258949972715296317e+05
-1.278588830367232149e+05
-1.300412723862672719e+05
-1.324605045923358703e+05
-1.351360678661502316e+05
-1.380886520529655681e+05
-1.413402027707565576e+05
-1.449139769925988512e+05
-1.488346000727485807e+05
-1.531281242164232244e+05
-1.578220883932778088e+05
-1.629455796945811308e+05
-1.685292961340891488e+05
-1.746056108926158922e+05
-1.812086380063065735e+05
-1.883742994986015256e+05
-1.123080137919365661e+05
-1.123068396785472723e+05
-1.123034252089774964e+05
-1.122980947217972134e+05
-1.122913912038612470e+05
-1.122840799241654604e+05
-1.122771535212462186e+05
-1.122718385441253631e+05
-1.122696034467915597e+05
-1.122721680362320476e+05
-1.122815143740009080e+05
-1.122998991313353181e+05
-1.123298673978085571e+05
-1.123742679435326572e+05
-1.124362699348982569e+05
-1.125193811038593412e+05
-1.126274673707617185e+05
-1.127647739207124541e+05
-1.129359477334948606e+05
-1.131460615670210827e+05
-1.134006393943340809e+05
-1.137056832941464090e+05
-1.140677017949265573e+05
-1.144937396725241997e+05
-1.149914092013412592e+05
-1.155689228590442362e+05
-1.162351274848185712e+05
-1.169995398911675147e+05
-1.178723839292534976e+05
-1.188646290077804879e+05
-1.199880300654223829e+05
-1.212551689967895072e+05
-1.226794975319441728e+05
-1.242753815694513323e+05
-1.260581469629793428e+05
-1.280441267614411772e+05
-1.302507099026707001e+05
-1.326963913606597343e+05
-1.354008237463154946e+05
-1.383848703617803694e+05
-1.416706597082809021e+05
-1.452816414475275378e+05
-1.492426438166552398e+05
-1.535799324967027933e+05
-1.583212709346397896e+05
-1.634959821189368959e+05
-1.691350118086727452e+05
-1.752709932161920588e+05
-1.819383131432971859e+05
-1.891731795709928265e+05
-1.122504400828408543e+05
-1.122493002526073396e+05
-1.122459897898717027e+05
-1.122408365102839452e+05
-1.122343892124604463e+05
-1.122274213367820630e+05
-1.122209360877111467e+05
-1.122161730196274148e+05
-1.122146160861852841e+05
-1.122180031531887071e+05
-1.122283369749865669e+05
-1.122478976343840332e+05
-1.122792564460780559e+05
-1.123252913236089516e+05
-1.123892036098318349e+05
-1.124745363709079684e+05
-1.125851941538136161e+05
-1.127254642073717841e+05
-1.129000391667994409e+05
-1.131140412017758936e+05
-1.133730476280282310e+05
-1.136831179824426508e+05
-1.140508225616843847e+05
-1.144832724243474077e+05
-1.149881508566156990e+05
-1.155737463014496025e+05
-1.162489867512859491e+05
-1.170234756042625959e+05
-1.179075289839583565e+05
-1.189122145226543362e+05
-1.200493916081141651e+05
-1.213317530938818672e+05
-1.227728684731034737e+05
-1.243872285158614832e+05
-1.261902913700324279e+05
-1.281985301256664388e+05
-1.304294818428790895e+05
-1.329017980432681798e+05
-1.356352966648470028e+05
-1.386510154804992781e+05
-1.419712669799504220e+05
-1.456196947152596258e+05
-1.496213311098316044e+05
-1.540026567309486563e+05
-1.587916610258164583e+05
-1.640179045211364573e+05
-1.697125824861966248e+05
-1.759085900594688719e+05
-1.826405888387498562e+05
-1.899450749347959063e+05
-1.121528250357241777e+05
-1.121517230208394176e+05
-1.121485271515543427e+05
-1.121435686909190263e+05
-1.121374022005307197e+05
-1.121308092252898641e+05
-1.121248034520719812e+05
-1.121206373422962788e+05
-1.121198102384046360e+05
-1.121240779442441417e+05
-1.121354637793520815e+05
-1.121562711071515077e+05
-1.121890973370450083e+05
-1.122368494004175736e+05
-1.123027607005436585e+05
-1.123904095364012028e+05
-1.125037390003833134e+05
-1.126470783499249374e+05
-1.128251658530262648e+05
-1.130431731076880969e+05
-1.133067308352426044e+05
-1.136219561476005183e+05
-1.139954812883950799e+05
-1.144344838480331673e+05
-1.149467184526516357e+05
-1.155405499269811262e+05
-1.162249879311072145e+05
-1.170097230711483571e+05
-1.179051644838251377e+05
-1.189224788949473586e+05
-1.200736311517950380e+05
-1.213714262294130458e+05
-1.228295527108046517e+05
-1.244626277410353505e+05
-1.262862434552348568e+05
-1.283170148805094650e+05
-1.305726293117604364e+05
-1.330718971614000911e+05
-1.358348042829814367e+05
-1.388825657687239291e+05
-1.422376812209555064e+05
-1.459239914974480635e+05
-1.499667369306636101e+05
-1.543926170209057746e+05
-1.592298516033750202e+05
-1.645082434891278390e+05
-1.702592425799433840e+05
-1.765160114570923033e+05
-1.833134924440114119e+05
-1.906884761428864149e+05
-1.120169348211684701e+05
-1.120158736403654184e+05
-1.120128014126479684e+05
-1.120080528243645531e+05
-1.120021881603192742e+05
-1.119959970151139423e+05
-1.119905034890173702e+05
-1.119869728683801368e+05
-1.119869197905752517e+05
-1.119921178934779600e+05
-1.120046109494832926e+05
-1.120267254840579408e+05
-1.120610848788206349e+05
-1.121106249591720116e+05
-1.121786110664431762e+05
-1.122686566145946854e+05
-1.123847431314405840e+05
-1.125312417844127340e+05
-1.127129363908590749e+05
-1.129350479128766747e+05
-1.132032604366839514e+05
-1.135237486365213845e+05
-1.139032067230937246e+05
-1.143488788765467907e+05
-1.148685911639746919e+05
-1.154707849414686934e+05
-1.161645517406984291e+05
-1.169596696400281216e+05
-1.178666411201699811e+05
-1.188967324043705448e+05
-1.200620142831362900e+05
-1.213754044234884932e+05
-1.228507111627612321e+05
-1.245026787869263353e+05
-1.263470342934634973e+05
-1.284005356387545617e+05
-1.306810214700231154e+05
-1.332074623418028932e+05
-1.360000134169480298e+05
-1.390800686521674797e+05
-1.424703164681087073e+05
-1.461947969039682066e+05
-1.502789602566373942e+05
-1.547497272043888224e+05
-1.596355504150903726e+05
-1.649664776389645413e+05
-1.707742162858752999e+05
-1.770921994871501229e+05
-1.839556536419450131e+05
-1.914016674481368391e+05
-1.118547696647027915e+05
-1.118537495733948308e+05
-1.118508017575812119e+05
-1.118462643389868899e+05
-1.118407033450947929e+05
-1.118349164460744505e+05
-1.118299381864661700e+05
-1.118270467116390064e+05
-1.118277719890200387e+05
-1.118339055240841844e+05
-1.118475115711214603e+05
-1.118709398387611727e+05
-1.119068396902791574e+05
-1.119581758386581787e+05
-1.120282455364295893e+05
-1.121206972602728638e+05
-1.122395508903899463e+05
-1.123892193846481678e+05
-1.125745319474867865e+05
-1.128007586935949221e+05
-1.130736368063583213e+05
-1.133993981910731673e+05
-1.137847986229286180e+05
-1.142371483897579310e+05
-1.147643444295581285e+05
-1.153749039627759776e+05
-1.160779996193660918e+05
-1.168834960606123495e+05
-1.178019880957244168e+05
-1.188448402931944001e+05
-1.200242280869303795e+05
-1.213531803771496488e+05
-1.228456236260483129e+05
-1.245164274482334440e+05
-1.263814516959259781e+05
-1.284575950389342179e+05
-1.307628450393880776e+05
-1.333163297212508332e+05
-1.361383706345940009e+05
-1.392505374146429822e+05
-1.426757038355841651e+05
-1.464381053591538221e+05
-1.505633981779822207e+05
-1.550787197537121538e+05
-1.600127508498862735e+05
-1.653957790595994738e+05
-1.712597638279238599e+05
-1.776384029690974858e+05
-1.845672006784854457e+05
-1.920835370393064804e+05
-1.116742240123145602e+05
-1.116732435171494726e+05
-1.116704156442151871e+05
-1.116660819833026617e+05
-1.116608143577808805e+05
-1.116554185851709772e+05
-1.116509397419543966e+05
-1.116486689326043415e+05
-1.116501515628508641e+05
-1.116571971171815676e+05
-1.116718904405597859e+05
-1.116966045243834233e+05
-1.117340147966729128e+05
-1.117871149164804083e+05
-1.118592340725418908e+05
-1.119540557861474663e+05
-1.120756382182507223e+05
-1.122284359808012814e+05
-1.124173234523125138e+05
-1.126476195976570598e+05
-1.129251142920927232e+05
-1.132560961495161173e+05
-1.136473818549518473e+05
-1.141063470012656762e+05
-1.146409584301110881e+05
-1.152598080771069071e+05
-1.159721483212416497e+05
-1.167879288385098771e+05
-1.177178349597774795e+05
-1.187733275328812451e+05
-1.199666842889489781e+05
-1.213110427129637392e+05
-1.228204444185412431e+05
-1.245098810269545502e+05
-1.263953415503730939e+05
-1.284938612793450884e+05
-1.308235721744998009e+05
-1.334037547624875442e+05
-1.362548915361416875e+05
-1.393987218588799587e+05
-1.428582983733288129e+05
-1.466580449141784047e+05
-1.508238159252743353e+05
-1.553829573809277499e+05
-1.603643692114681180e+05
-1.657985692330168094e+05
-1.717177585814938648e+05
-1.781558886508582800e+05
-1.851487295355692622e+05
-1.927339399772883044e+05
-1.114706993504935381e+05
-1.114697580914396822e+05
-1.114670490855661919e+05
-1.114629174033321906e+05
-1.114579406841383752e+05
-1.114529329192861769e+05
-1.114489497481176222e+05
-1.114472952673399996e+05
-1.114495303535294661e+05
-1.114574824988208711e+05
-1.114732571597787319e+05
-1.114992506194548187e+05
-1.115381643626203586e+05
-1.115930209641930123e+05
-1.116671814908348460e+05
-1.117643644157417293e+05
-1.118886660466111935e+05
-1.120445824667946144e+05
-1.122370329896329786e+05
-1.124713851259738585e+05
-1.127534810648719285e+05
-1.130896656674753904e+05
-1.134868159740881674e+05
-1.139523722244220698e+05
-1.144943703910306067e+05
-1.151214762259209965e+05
-1.158430208203536313e+05
-1.166690376778242353e+05
-1.176103013002273947e+05
-1.186783672872021853e+05
-1.198856139486632892e+05
-1.212452854305135261e+05
-1.227715363535401993e+05
-1.244794779654908343e+05
-1.263852258063385962e+05
-1.285059488867223990e+05
-1.308599203795784124e+05
-1.334665698249466368e+05
-1.363465368479659082e+05
-1.395217263900485996e+05
-1.430153654532417131e+05
-1.468520613577651384e+05
-1.510578615127400553e+05
-1.556603147000932659e+05
-1.606885338716490951e+05
-1.661732604594042350e+05
-1.721469301989791857e+05
-1.786437404662649205e+05
-1.856997191272371856e+05
-1.933527949009665463e+05
-1.112384987146673957e+05
-1.112375977370385663e+05
-1.112350107303375262e+05
-1.112310862340739986e+05
-1.112264076839674090e+05
-1.112217972167438857e+05
-1.112183209968564188e+05
-1.112172960651233007e+05
-1.112202987092921394e+05
-1.112291743565134966e+05
-1.112460489877467044e+05
-1.112733420740736037e+05
-1.113137810349407227e+05
-1.113704172183202172e+05
-1.114466434027854848e+05
-1.115462128215130651e+05
-1.116732597082002612e+05
-1.118323213649073004e+05
-1.120283617518108367e+05
-1.122667965988891956e+05
-1.125535200395166321e+05
-1.128949327659834526e+05
-1.132979717069372709e+05
-1.137701412267375999e+05
-1.143195458467391436e+05
-1.149549244884852087e+05
-1.156856862388313020e+05
-1.165219476369799522e+05
-1.174745714834409591e+05
-1.185552071709098091e+05
-1.197763325370665407e+05
-1.211512972392890952e+05
-1.226943676513008395e+05
-1.244207732817193319e+05
-1.263467547145403078e+05
-1.284896130715327163e+05
-1.308677609965593583e+05
-1.335007751618114999e+05
-1.364094502959692618e+05
-1.396158547342780803e+05
-1.431433874905471748e+05
-1.470168368510673463e+05
-1.512624404904468101e+05
-1.559079471093717148e+05
-1.609826795942799072e+05
-1.665175996989616251e+05
-1.725453742480771616e+05
-1.791004428625880391e+05
-1.862190872071235208e+05
-1.939395017592502700e+05
-1.109738822862472443e+05
-1.109730232403815608e+05
-1.109705631776957744e+05
-1.109668540882099769e+05
-1.109624851729178336e+05
-1.109582866702335305e+05
-1.109553352130075800e+05
-1.109549607161213935e+05
-1.109587547946667473e+05
-1.109685807126906438e+05
-1.109865848625250364e+05
-1.110152097746923973e+05
-1.110572086583851778e+05
-1.111156614725237305e+05
-1.111939925273946865e+05
-1.112959896168600390e+05
-1.114258246811488934e+05
-1.115880760002230236e+05
-1.117877519177199283e+05
-1.120303160954715713e+05
-1.123217142986080726e+05
-1.126684027112221956e+05
-1.130773777826294390e+05
-1.135562076041917608e+05
-1.141130648167244799e+05
-1.147567610484769975e+05
-1.154967828836949193e+05
-1.163433293617536110e+05
-1.173073510068717733e+05
-1.184005903884037834e+05
-1.196356242117051588e+05
-1.210259069395762490e+05
-1.225858159442861070e+05
-1.243306981901675317e+05
-1.262769184467946179e+05
-1.284419090327329905e+05
-1.308442210898716148e+05
-1.335035773883273068e+05
-1.364409266619267000e+05
-1.396784994742692797e+05
-1.432398656153620395e+05
-1.471499930288357427e+05
-1.514353082697341742e+05
-1.561237584928830620e+05
-1.612448749718362524e+05
-1.668298381483942212e+05
-1.729115442127101996e+05
-1.795246732139567612e+05
-1.867057587015876488e+05
-1.944932588971625373e+05
-1.106684967795387493e+05
-1.106676823819184065e+05
-1.106653574057000806e+05
-1.106618772705298034e+05
-1.106578369081763813e+05
-1.106540746110684704e+05
-1.106516774202484230e+05
-1.106519880527440546e+05
-1.106566133683511434e+05
-1.106674343758326431e+05
-1.106866177785366599e+05
-1.107166290594240854e+05
-1.107602471055164206e+05
-1.108205803717556410e+05
-1.109010845842825220e+05
-1.110055819831282133e+05
-1.111382821043212607e+05
-1.113038041014088667e+05
-1.115072006063989102e+05
-1.117539831301105587e+05
-1.120501490019428602e+05
-1.124022098490619537e+05
-1.128172216149967717e+05
-1.133028161176569265e+05
-1.138672341467621736e+05
-1.145193601006873942e+05
-1.152687581627250329e+05
-1.161257100167603348e+05
-1.171012541023643425e+05
-1.182072264092990808e+05
-1.194563028114430781e+05
-1.208620429401259462e+05
-1.224389355968833261e+05
-1.242024457056275132e+05
-1.261690628042268945e+05
-1.283563510755098832e+05
-1.307830009176752501e+05
-1.334688820541267050e+05
-1.364350981827147189e+05
-1.397040431643995107e+05
-1.432994587513266888e+05
-1.472464938543174649e+05
-1.515717653497784340e+05
-1.563034204260205734e+05
-1.614712004689994792e+05
-1.671065064874672389e+05
-1.732424660775390803e+05
-1.799140019266834424e+05
-1.871579018571104098e+05
-1.950128904085978284e+05
-1.103162386811198230e+05
-1.103154723972780193e+05
-1.103132928960673598e+05
-1.103100590027292492e+05
-1.103063713403220172e+05
-1.103030762012028572e+05
-1.103012709671050834e+05
-1.103023110778083937e+05
-1.103078185484006681e+05
-1.103196920351359004e+05
-1.103401184498817602e+05
-1.103715861231641466e+05
-1.104168995158023754e+05
-1.104791954791398166e+05
-1.105619610638642334e+05
-1.106690528774268896e+05
-1.108047179900486080e+05
-1.109736163893244811e+05
-1.111808449834190396e+05
-1.114319631528561440e+05
-1.117330198508980975e+05
-1.120905822525268304e+05
-1.125117659520066809e+05
-1.130042667090517352e+05
-1.135763937435787811e+05
-1.142371045790561329e+05
-1.149960414344452438e+05
-1.158635691647381027e+05
-1.168508147500836494e+05
-1.179697083335099887e+05
-1.192330258072414144e+05
-1.206544329476042913e+05
-1.222485310985289980e+05
-1.240309044036484265e+05
-1.260181685869810899e+05
-1.282280212822156318e+05
-1.306792939105865808e+05
-1.333920051073386567e+05
-1.363874156967920135e+05
-1.396880852159948845e+05
-1.433179299869717215e+05
-1.473022827375648485e+05
-1.516679537708684802e+05
-1.564432936832574778e+05
-1.616582576310055447e+05
-1.673444711455034849e+05
-1.735352974970641080e+05
-1.802659066073241702e+05
-1.875733455102372100e+05
-1.954966103616629844e+05
-1.099238547817622893e+05
-1.099231385477418517e+05
-1.099211103267863073e+05
-1.099181323410734039e+05
-1.099148108904484106e+05
-1.099120002467458980e+05
-1.099108081058452517e+05
-1.099126025974466174e+05
-1.099190208525834169e+05
-1.099319791288622218e+05
-1.099536844934302644e+05
-1.099866480636734923e+05
-1.100336998056432640e+05
-1.100980048902109120e+05
-1.101830816069549037e+05
-1.102928208357723197e+05
-1.104315070762235409e+05
-1.106038410346046585e+05
-1.108149637687483337e+05
-1.110704823905535886e+05
-1.113764973262472195e+05
-1.117396311343708949e+05
-1.121670588814995281e+05
-1.126665400756894232e+05
-1.132464521576519473e+05
-1.139158255496613856e+05
-1.146843802621878131e+05
-1.155625640582604829e+05
-1.165615921755615273e+05
-1.176934886062461155e+05
-1.189711289344945399e+05
-1.204082847317926062e+05
-1.220196695099386270e+05
-1.238209862317832594e+05
-1.258289763796981715e+05
-1.280614705817674985e+05
-1.305374407957196527e+05
-1.332770540505796671e+05
-1.363017277460485930e+05
-1.396341865096236870e+05
-1.432985206114368048e+05
-1.473202459368241252e+05
-1.517263655166297976e+05
-1.565454326152342546e+05
-1.618076153763103939e+05
-1.675447630263141473e+05
-1.737904736357009679e+05
-1.805801634378697490e+05
-1.879511377058400831e+05
-1.959426631866552634e+05
-1.095012007864607003e+05
-1.095005343990929687e+05
-1.094986568535404949e+05
-1.094959337826339906e+05
-1.094929771849935059e+05
-1.094906493408871756e+05
-1.094900682944326836e+05
-1.094926149021381570e+05
-1.094999414477913233e+05
-1.095139818236828723e+05
-1.095369632781866530e+05
-1.095714197296676866e+05
-1.096202066467404948e+05
-1.096865174948729109e+05
-1.097739017493282299e+05
-1.098862844744506583e+05
-1.100279874692950980e+05
-1.102037519796006818e+05
-1.104187629761034623e+05
-1.106786749991977704e+05
-1.109896395699347922e+05
-1.113583341673671675e+05
-1.117919927722356224e+05
-1.122984379769995285e+05
-1.128861146622100641e+05
-1.135641252392227179e+05
-1.143422664592591609e+05
-1.152310677888082573e+05
-1.162418313513687317e+05
-1.173866734355379012e+05
-1.186785675694410602e+05
-1.201313891615049652e+05
-1.217599617075744172e+05
-1.235801045643687830e+05
-1.256086822892877535e+05
-1.278636555465536658e+05
-1.303641335796967614e+05
-1.331304282503934810e+05
-1.361841096436314983e+05
-1.395480632392301050e+05
-1.432465486497004458e+05
-1.473052599244454759e+05
-1.517513874203060404e+05
-1.566136812384502846e+05
-1.619225162276025221e+05
-1.677099585536186933e+05
-1.740098338354027364e+05
-1.808577968471653294e+05
-1.882914027870291611e+05
-1.963501801119712763e+05
-1.090505026537099620e+05
-1.090498856570160278e+05
-1.090481574220773473e+05
-1.090456870015056775e+05
-1.090430921069281030e+05
-1.090412430448973755e+05
-1.090412682271670783e+05
-1.090445612553316314e+05
-1.090527895798299869e+05
-1.090679047333143826e+05
-1.090921541383799340e+05
-1.091280944896651054e+05
-1.091786067103107343e+05
-1.092469124827870255e+05
-1.093365923540811636e+05
-1.094516054152526340e+05
-1.095963105553526839e+05
-1.097754892897063110e+05
-1.099943701625575050e+05
-1.102586547240834043e+05
-1.105745450817695819e+05
-1.109487730261497054e+05
-1.113886307309083786e+05
-1.119020030273519515e+05
-1.124974012532427732e+05
-1.131839986759932362e+05
-1.139716674902294471e+05
-1.148710173897175118e+05
-1.158934357136533508e+05
-1.170511291673182568e+05
-1.183571671170958725e+05
-1.198255264598583308e+05
-1.214711380667128833e+05
-1.233099348011134716e+05
-1.253589011113369197e+05
-1.276361241973254655e+05
-1.301608467518894322e+05
-1.329535212762780138e+05
-1.360358659701140714e+05
-1.394309221956889960e+05
-1.431631135166273161e+05
-1.472583063109153300e+05
-1.517438719582867343e+05
-1.566487506019827852e+05
-1.620035164848704007e+05
-1.678404448599248717e+05
-1.741935804750831448e+05
-1.810988076324467256e+05
-1.885939218218706083e+05
-1.967187029288955964e+05
-1.085713641269817017e+05
-1.085707969686589786e+05
-1.085692193814873026e+05
-1.085670038198054244e+05
-1.085647736773560027e+05
-1.085634072420505108e+05
-1.085640432326392620e+05
-1.085680879172888235e+05
-1.085772238140661211e+05
-1.085934199733262503e+05
-1.086189438420099323e+05
-1.086563747098411550e+05
-1.087086187374386936e+05
-1.087789255663272197e+05
-1.088709065108572977e+05
-1.089885543320295255e+05
-1.091362645932281739e+05
-1.093188585978575575e+05
-1.095416079088861588e+05
-1.098102604502951290e+05
-1.101310681904343655e+05
-1.105108164072855143e+05
-1.109568545356276736e+05
-1.114771285961130488e+05
-1.120802152062447276e+05
-1.127753571732651471e+05
-1.135725006689441216e+05
-1.144823339862806897e+05
-1.155163278781052941e+05
-1.166867774775893486e+05
-1.180068458006619767e+05
-1.194906088303324068e+05
-1.211531021829154342e+05
-1.230103693561696855e+05
-1.250795115593352093e+05
-1.273787391250793153e+05
-1.299274245033511834e+05
-1.327461568371359317e+05
-1.358567981201252551e+05
-1.392825409362808568e+05
-1.430479677813150920e+05
-1.471791119660726690e+05
-1.517035201018191874e+05
-1.566503161674337171e+05
-1.620502671585125790e+05
-1.679358503183727444e+05
-1.743413219509666960e+05
-1.813027878156990919e+05
-1.888582751041541924e+05
-1.970478059987236338e+05
-1.080639952998819208e+05
-1.080634789531680581e+05
-1.080620549214350758e+05
-1.080600990244198329e+05
-1.080582402767224121e+05
-1.080573648603586189e+05
-1.080586216863446316e+05
-1.080634295452937367e+05
-1.080734858470432519e+05
-1.080907769492988446e+05
-1.081175900753066962e+05
-1.081565268205411558e+05
-1.082105182484224060e+05
-1.082828415750512358e+05
-1.083771384429696627e+05
-1.084974347839426919e+05
-1.086481622707606148e+05
-1.088341813580684830e+05
-1.090608059122145642e+05
-1.093338294301235146e+05
-1.096595528471886355e+05
-1.100448139341910282e+05
-1.104970182832389983e+05
-1.110241718827302102e+05
-1.116349152813353576e+05
-1.123385593410071888e+05
-1.131451225790102471e+05
-1.140653700989721256e+05
-1.151108541109590733e+05
-1.162939560405741358e+05
-1.176279302270761546e+05
-1.191269492105251265e+05
-1.208061506079423707e+05
-1.226816855785030639e+05
-1.247707688777444564e+05
-1.270917305007984251e+05
-1.296640689146486402e+05
-1.325085058794071083e+05
-1.356470428586133348e+05
-1.391030190185613174e+05
-1.429011708166414755e+05
-1.470676931787100038e+05
-1.516303022654803353e+05
-1.566182998279355525e+05
-1.620626391517643933e+05
-1.679959925908192236e+05
-1.744528206895990006e+05
-1.814694428947482374e+05
-1.890841098555886711e+05
-1.973370773136626522e+05
-1.075209587209676974e+05
-1.075204948487475631e+05
-1.075192293495473423e+05
-1.075175413737327763e+05
-1.075160654985464789e+05
-1.075156957180490572e+05
-1.075175910290438042e+05
-1.075231826129808614e+05
-1.075341826138293400e+05
-1.075525945119418029e+05
-1.075807250938842917e+05
-1.076211980182528641e+05
-1.076769689774631261e+05
-1.077513424555204983e+05
-1.078479900817652524e+05
-1.079709705806022685e+05
-1.081247513171997125e+05
-1.083142314391738910e+05
-1.085447666142463277e+05
-1.088221953638829000e+05
-1.091528669929085736e+05
-1.095436711151011841e+05
-1.100020687747629127e+05
-1.105361251642692514e+05
-1.111545439375975402e+05
-1.118667031198325858e+05
-1.126826926126492181e+05
-1.136133532957756543e+05
-1.146703177244328108e+05
-1.158660524227499263e+05
-1.172139017731624044e+05
-1.187281335017863603e+05
-1.204239857597693917e+05
-1.223177158006186364e+05
-1.244266502535127220e+05
-1.267692369925840467e+05
-1.293650986021828867e+05
-1.322350874381244648e+05
-1.354013422849015624e+05
-1.388873466088876303e+05
-1.427179884075104492e+05
-1.469196216544085473e+05
-1.515201293405607285e+05
-1.565489881113980373e+05
-1.620373344998906832e+05
-1.680180327556151315e+05
-1.745257442697995575e+05
-1.815969985963420768e+05
-1.892702660688158649e+05
-1.975860320134434733e+05
-1.069309118741228303e+05
-1.069305032208038465e+05
-1.069294044763566344e+05
-1.069279980888756400e+05
-1.069269241437564342e+05
-1.069270843715485389e+05
-1.069296477589508286e+05
-1.069360577629502222e+05
-1.069480411281015258e+05
-1.069676183069441468e+05
-1.069971154835718771e+05
-1.070391782003322733e+05
-1.070967865876720607e+05
-1.071732721971286956e+05
-1.072723364374575613e+05
-1.073980706139027316e+05
-1.075549775706115033e+05
-1.077479949361879990e+05
-1.079825199723878468e+05
-1.082644360259593814e+05
-1.086001405836199265e+05
-1.089965749301800097e+05
-1.094612554098038527e+05
-1.100023062904169929e+05
-1.106284942312479106e+05
-1.113492643535221578e+05
-1.121747779142875224e+05
-1.131159515833861806e+05
-1.141844983235705586e+05
-1.153929698737553554e+05
-1.167548008354144113e+05
-1.182843543621199933e+05
-1.199969694522234204e+05
-1.219090098446735064e+05
-1.240379145179828338e+05
-1.264022497923322517e+05
-1.290217630348153471e+05
-1.319174379678299301e+05
-1.351115515806073963e+05
-1.386277326438819873e+05
-1.424910218277074455e+05
-1.467279334224099584e+05
-1.513665186626860814e+05
-1.564364306548410968e+05
-1.619689909071691800e+05
-1.679972574634750781e+05
-1.745560946397384687e+05
-1.816822443639163976e+05
-1.894143991188973887e+05
-1.977932764885801589e+05
-1.062930660343341151e+05
-1.062927151879895537e+05
-1.062917909519052337e+05
-1.062906790401779144e+05
-1.062900249937455810e+05
-1.062907382065666025e+05
-1.062939975622622296e+05
-1.063012586812290974e+05
-1.063142627782230702e+05
-1.063350471304120438e+05
-1.063659571558951284e+05
-1.064096601026971039e+05
-1.064691603482291248e+05
-1.065478163092166651e+05
-1.066493589621047577e+05
-1.067779119739236630e+05
-1.069380134436294466e+05
-1.071346392539156077e+05
-1.073732280334874813e+05
-1.076597077298142103e+05
-1.080005237923451932e+05
-1.084026689661974815e+05
-1.088737146963123523e+05
-1.094218441420840827e+05
-1.100558868024546537e+05
-1.107853547514772945e+05
-1.116204804843585298e+05
-1.125722563739562174e+05
-1.136524757377577189e+05
-1.148737755153251346e+05
-1.162496805562056543e+05
-1.177946495183181687e+05
-1.195241223768043710e+05
-1.214545695433525834e+05
-1.236035425959897839e+05
-1.259897266193427204e+05
-1.286329941553696844e+05
-1.315544607645616925e+05
-1.347765421976131620e+05
-1.383230131775620393e+05
-1.422190677923995827e+05
-1.464913814981485775e+05
-1.511681747324152966e+05
-1.562792781384042173e+05
-1.618561993994094082e+05
-1.679321916837710014e+05
-1.745423237003013492e+05
-1.817235513641849393e+05
-1.895147910733420285e+05
-1.979569945952667622e+05
-1.056157054152160272e+05
-1.056154134534205223e+05
-1.056146669511285436e+05
-1.056138548664105183e+05
-1.056136281586514378e+05
-1.056149038324580906e+05
-1.056188705991208844e+05
-1.056269961556434573e+05
-1.056410360813324223e+05
-1.056630443519486726e+05
-1.056953854714162444e+05
-1.057407482210988092e+05
-1.058021610266354983e+05
-1.058830089423377503e+05
-1.059870522531487513e+05
-1.061184466941629944e+05
-1.062817652877084474e+05
-1.064820217979907466e+05
-1.067246958033022529e+05
-1.070157593857823231e+05
-1.073617054387518583e+05
-1.077695775916014682e+05
-1.082470017522441776e+05
-1.088022192671280209e+05
-1.094441216988150409e+05
-1.101822872211128124e+05
-1.110270186317787593e+05
-1.119893829827758309e+05
-1.130812528280981060e+05
-1.143153490891535766e+05
-1.157052855377082742e+05
-1.172656148963929008e+05
-1.190118765567750961e+05
-1.209606459149840375e+05
-1.231295853249083448e+05
-1.255374966689452849e+05
-1.282043755463186826e+05
-1.311514670789532538e+05
-1.344013233349149523e+05
-1.379778623694113339e+05
-1.419064288833520550e+05
-1.462138564994734188e+05
-1.509285316560232022e+05
-1.560804591180077405e+05
-1.617013291059982439e+05
-1.678245860425043211e+05
-1.744854989159033285e+05
-1.817212332619338413e+05
-1.895709247627521399e+05
-1.980757544635471713e+05
-1.049045496191600105e+05
-1.049043165824139141e+05
-1.049037479298611288e+05
-1.049032358466283040e+05
-1.049034366815439862e+05
-1.049052750075553340e+05
-1.049099493063165573e+05
-1.049189392769442493e+05
-1.049340147689417063e+05
-1.049572463392882055e+05
-1.049910174337044155e+05
-1.050380381920730870e+05
-1.051013608780390787e+05
-1.051843969327714149e+05
-1.052909356528936041e+05
-1.054251644925848668e+05
-1.055916909898474260e+05
-1.057955663169390318e+05
-1.060423104549807176e+05
-1.063379389927228622e+05
-1.066889915494875459e+05
-1.071025618222756020e+05
-1.075863292570404155e+05
-1.081485923441310588e+05
-1.087983035379029607e+05
-1.095451058004989027e+05
-1.103993707697915961e+05
-1.113722385515036440e+05
-1.124756591354856500e+05
-1.137224354361688456e+05
-1.151262679571834742e+05
-1.167018010801474011e+05
-1.184646709776158241e+05
-1.204315551502085291e+05
-1.226202235878966749e+05
-1.250495915554629028e+05
-1.277397740021276404e+05
-1.307121415953444666e+05
-1.339893783787579159e+05
-1.375955410543392936e+05
-1.415561198886797938e+05
-1.458981012434600852e+05
-1.506500317300821771e+05
-1.558420839884725574e+05
-1.615061240900512203e+05
-1.676757805648698413e+05
-1.743865150529177918e+05
-1.816756945795943320e+05
-1.895826654553528351e+05
-1.981488287995090650e+05
-1.041638078315705789e+05
-1.041636338460551342e+05
-1.041632434095009085e+05
-1.041630318969825894e+05
-1.041636609839556913e+05
-1.041660627217496949e+05
-1.041714452432660619e+05
-1.041813000988661661e+05
-1.041974112224646815e+05
-1.042218655278153601e+05
-1.042570651349989785e+05
-1.043057412271095236e+05
-1.043709695371356647e+05
-1.044561874650420650e+05
-1.045652128250491369e+05
-1.047022642231134960e+05
-1.048719830645991606e+05
-1.050794571921575116e+05
-1.053302461537938070e+05
-1.056304081011439121e+05
-1.059865283179376274e+05
-1.064057493786702835e+05
-1.068958029374669859e+05
-1.074650431471452757e+05
-1.081224817084769602e+05
-1.088778245496505406e+05
-1.097415101359257678e+05
-1.107247494094943686e+05
-1.118395673595327244e+05
-1.130988462224539981e+05
-1.145163703123613814e+05
-1.161068724816948525e+05
-1.178860822120847297e+05
-1.198707753353904845e+05
-1.220788253849492467e+05
-1.245292565770158690e+05
-1.272422984224060492e+05
-1.302394419683330780e+05
-1.335434976704475703e+05
-1.371786548950685537e+05
-1.411705430516216147e+05
-1.455462943552664656e+05
-1.503346082197304931e+05
-1.555658172803352645e+05
-1.612719550472224364e+05
-1.674868251887804654e+05
-1.742460724452664726e+05
-1.815872551726242236e+05
-1.895499195165109995e+05
-1.981756752165073412e+05
-1.034006380567875312e+05
-1.034005233102803468e+05
-1.034003116316158703e+05
-1.034004015211188816e+05
-1.034014598718335765e+05
-1.034044260582710704e+05
-1.034105176606685272e+05
-1.034212378247412125e+05
-1.034383842569345143e+05
-1.034640598551865114e+05
-1.035006849751796399e+05
-1.035510113320998789e+05
-1.036181375378961238e+05
-1.037055262740403996e+05
-1.038170230997877225e+05
-1.039568768959390582e+05
-1.041297619441023562e+05
-1.043408016414561862e+05
-1.045955938510152191e+05
-1.049002378873966081e+05
-1.052613631380840379e+05
-1.056861593201939977e+05
-1.061824083727487596e+05
-1.067585179844415543e+05
-1.074235567569083942e+05
-1.081872910034975648e+05
-1.090602231835426501e+05
-1.100536319721352338e+05
-1.111796139654002473e+05
-1.124511270212671952e+05
-1.138820352357501833e+05
-1.154871555547191383e+05
-1.172823060211828706e+05
-1.192843556580643199e+05
-1.215112759864818217e+05
-1.239821941795275197e+05
-1.267174478515495139e+05
-1.297386414829346468e+05
-1.330687044803906174e+05
-1.367319508727314824e+05
-1.407541406421618303e+05
-1.451625426910623792e+05
-1.499859994442769384e+05
-1.552549930869015807e+05
-1.610017134375717433e+05
-1.672601274572523835e+05
-1.740660503935294691e+05
-1.814572185604010883e+05
-1.894733637535687594e+05
-1.981562893012330169e+05
-1.026129599312471837e+05
-1.026129048820030002e+05
-1.026128733138732787e+05
-1.026132667857557099e+05
-1.026147572961181577e+05
-1.026182913834616193e+05
-1.026250958669602405e+05
-1.026366852272930846e+05
-1.026548706276507874e+05
-1.026817705749353481e+05
-1.027198232211370341e+05
-1.027718003048985265e+05
-1.028408227332621464e+05
-1.029303778035999712e+05
-1.030443380657310627e+05
-1.031869818242182810e+05
-1.033630152808517305e+05
-1.035775963173158962e+05
-1.038363599180407764e+05
-1.041454452332351793e+05
-1.045115242821066204e+05
-1.049418322962634265e+05
-1.054441997032994987e+05
-1.060270857505671302e+05
-1.066996137691309559e+05
-1.074716080779024633e+05
-1.083536325279673765e+05
-1.093570306870874920e+05
-1.104939676643925632e+05
-1.117774735752547858e+05
-1.132214886463417788e+05
-1.148409099608658871e+05
-1.166516398440021003e+05
-1.186706358885040827e+05
-1.209159626204911765e+05
-1.234068448054318433e+05
-1.261637223943001300e+05
-1.292083071099244989e+05
-1.325636406735113414e+05
-1.362541546713658608e+05
-1.403057320617819496e+05
-1.447457703221267730e+05
-1.496032462361037324e+05
-1.549087823212024814e+05
-1.606947148963305808e+05
-1.669951637896297616e+05
-1.738461036864755442e+05
-1.812854371176664426e+05
-1.893530690877830493e+05
-1.980909833437502384e+05
-1.017836379122880462e+05
-1.017836441486630065e+05
-1.017837974422850675e+05
-1.017845023690308153e+05
-1.017864359633087879e+05
-1.017905518299945543e+05
-1.017980859011189605e+05
-1.018105638373446127e+05
-1.018298100742019451e+05
-1.018579585130987252e+05
-1.018974648571016878e+05
-1.019511205914919265e+05
-1.020220686090819509e+05
-1.021138204803128319e+05
-1.022302753681177855e+05
-1.023757405875578261e+05
-1.025549538102255465e+05
-1.027731069134262361e+05
-1.030358714741209697e+05
-1.033494259076462040e+05
-1.037204842512052273e+05
-1.041563265921263373e+05
-1.046648311408937734e+05
-1.052545079489490599e+05
-1.059345342712651909e+05
-1.067147915736880968e+05
-1.076059041850519716e+05
-1.086192795940637443e+05
-1.097671503909583116e+05
-1.110626178539253742e+05
-1.125196971803082997e+05
-1.141533643625700643e+05
-1.159796047090321663e+05
-1.180154630093878368e+05
-1.202790953449797526e+05
-1.227898225438489608e+05
-1.255681852805646486e+05
-1.286360008208103973e+05
-1.320164214107505977e+05
-1.357339943111646571e+05
-1.398147234763539163e+05
-1.442861328778156894e+05
-1.491773314726930403e+05
-1.545190798169889895e+05
-1.603438583235597180e+05
-1.666859371648707020e+05
-1.735814478205289633e+05
-1.810684562695833447e+05
-1.891870378275970579e+05
-1.979793536284897709e+05
-1.009002070164894976e+05
-1.009002769251914142e+05
-1.009006222316781932e+05
-1.009016505018951430e+05
-1.009040437617429125e+05
-1.009087626210723975e+05
-1.009170520472689095e+05
-1.009304487884384580e+05
-1.009507904461883882e+05
-1.009802261980025796e+05
-1.010212291692187282e+05
-1.010766104545943235e+05
-1.011495347894766310e+05
-1.012435378705639450e+05
-1.013625453262646624e+05
-1.015108933366555721e+05
-1.016933509030327114e+05
-1.019151437670601008e+05
-1.021819799795160652e+05
-1.025000771186362399e+05
-1.028761911580502201e+05
-1.033176469843162340e+05
-1.038323705640551489e+05
-1.044289227606755157e+05
-1.051165348006998393e+05
-1.059051453896859603e+05
-1.068054394777412090e+05
-1.078288886746394564e+05
-1.089877933145318966e+05
-1.102953261702507298e+05
-1.117655778172136343e+05
-1.134136036469276587e+05
-1.152554725300793507e+05
-1.173083171292285988e+05
-1.195903858611034666e+05
-1.221210965084797499e+05
-1.249210914816649456e+05
-1.280122947295795457e+05
-1.314179703004289477e+05
-1.351627825519755133e+05
-1.392728580114100478e+05
-1.437758488848105480e+05
-1.487009982162109809e+05
-1.540792066962513782e+05
-1.599431011204367096e+05
-1.663271044969863724e+05
-1.732675078042784298e+05
-1.808025433979008521e+05
-1.889724600672816450e+05
-1.978195997419320047e+05
-9.996866771946627705e+04
-9.996880320484278491e+04
-9.996934622416559432e+04
-9.997070729422257864e+04
-9.997357336701729218e+04
-9.997891196579360985e+04
-9.998797697548632277e+04
-1.000023160875694739e+05
-1.000237798993310280e+05
-1.000545326675477845e+05
-1.000970647165821574e+05
-1.001542065008840436e+05
-1.002291443219102657e+05
-1.003254376994534687e+05
-1.004470383973852877e+05
-1.005983111038094648e+05
-1.007840557656284946e+05
-1.010095315775251074e+05
-1.012804826253516803e+05
-1.016031651839340047e+05
-1.019843766692901117e+05
-1.024314862452562520e+05
-1.029524670845281944e+05
-1.035559302841164899e+05
-1.042511604352103604e+05
-1.050481528474559746e+05
-1.059576524276484852e+05
-1.069911942128316732e+05
-1.081611455578167515e+05
-1.094807499771087314e+05
-1.109641726412428106e+05
-1.126265475275417120e+05
-1.144840262252794928e+05
-1.165538283952539059e+05
-1.188542938837802794e+05
-1.214049364910937729e+05
-1.242264993941570865e+05
-1.273410122238955810e+05
-1.307718497968299052e+05
-1.345437925011276966e+05
-1.386830883370708907e+05
-1.432175166119268688e+05
-1.481764532892384450e+05
-1.535909379925269168e+05
-1.594937426634001604e+05
-1.659194418740820256e+05
-1.729044847943462373e+05
-1.804872688128719165e+05
-1.887082148129994748e+05
-1.976098441029099922e+05
-9.899775515089320834e+04
-9.899795747203844076e+04
-9.899870196357755049e+04
-9.900040203927748371e+04
-9.900374948693125043e+04
-9.900971861562873528e+04
-9.901957206194096943e+04
-9.903486825500596024e+04
-9.905747054053172178e+04
-9.908955796370151802e+04
-9.913363771099140286e+04
-9.919255921089513868e+04
-9.926952989355809405e+04
-9.936813260932384583e+04
-9.949234470618178602e+04
-9.964655876613206055e+04
-9.983560500045225490e+04
-1.000647753038799710e+05
-1.003398489676976606e+05
-1.006671200517296820e+05
-1.010534264152480901e+05
-1.015061804067884659e+05
-1.020334012128714385e+05
-1.026437488656356581e+05
-1.033465599093786295e+05
-1.041518847260067560e+05
-1.050705265193941887e+05
-1.061140819586505822e+05
-1.072949834802969999e+05
-1.086265432493543194e+05
-1.101229987793342734e+05
-1.117995602111413900e+05
-1.136724592508918431e+05
-1.157589997666295531e+05
-1.180776100439547299e+05
-1.206478967005670420e+05
-1.234907002597115352e+05
-1.266281523825330951e+05
-1.300837347593457816e+05
-1.338823396598048275e+05
-1.380503321419896383e+05
-1.426156139203979983e+05
-1.476076888928449480e+05
-1.530577303262739442e+05
-1.589986497014759807e+05
-1.654651672167166835e+05
-1.724938839502711198e+05
-1.801233556818737998e+05
-1.883941683730695804e+05
-1.973490153064766200e+05
-9.799237804144874099e+04
-9.799264802394139406e+04
-9.799359644329285948e+04
-9.799563954658395960e+04
-9.799947385050443700e+04
-9.800608029868120502e+04
-9.801673008194116119e+04
-9.803299212150387757e+04
-9.805674221510784992e+04
-9.809017384606876294e+04
-9.813581065526726888e+04
-9.819652057607434108e+04
-9.827553163219978160e+04
-9.837644939848146169e+04
-9.850327612460106320e+04
-9.866043152173391718e+04
-9.885277521213106229e+04
-9.908563084163084568e+04
-9.936481185510590149e+04
-9.969664893483936612e+04
-1.000880191018337064e+05
-1.005463764800522476e+05
-1.010797847235933878e+05
-1.016969511067928834e+05
-1.024072622772640461e+05
-1.032208216718629701e+05
-1.041484885955929349e+05
-1.052019189634353679e+05
-1.063936077051135071e+05
-1.077369328327917028e+05
-1.092462011717025016e+05
-1.109366957537076087e+05
-1.128247248737885529e+05
-1.149276728094756108e+05
-1.172640522032003209e+05
-1.198535581075834634e+05
-1.227171236936603091e+05
-1.258769776220268686e+05
-1.293567030769278936e+05
-1.331812984632724838e+05
-1.373772397665813041e+05
-1.419725445758671267e+05
-1.469968377694473020e+05
-1.524814188636871113e+05
-1.584593310246755718e+05
-1.649654317428350041e+05
-1.720364651704585121e+05
-1.797111361221827101e+05
-1.880301857383931929e+05
-1.970364688115567842e+05
-9.696178745378181338e+04
-9.696212501394760329e+04
-9.696327708448572957e+04
-9.696566266862596967e+04
-9.696998288211027102e+04
-9.697722511872315954e+04
-9.698866888204644783e+04
-9.700589328342131921e+04
-9.703078620612258965e+04
-9.706555513575466466e+04
-9.711273965685532312e+04
-9.717522561571745609e+04
-9.725626094942090276e+04
-9.735947318108040781e+04
-9.748888858131237794e+04
-9.764895299590611830e+04
-9.784455433971680759e+04
-9.808104675677037449e+04
-9.836427644658245845e+04
-9.870060915668983944e+04
-9.909695934139919700e+04
-9.956082098674737790e+04
-1.001003001016763446e+05
-1.007241488754241291e+05
-1.014418015011269890e+05
-1.022634116656369879e+05
-1.031998917055544880e+05
-1.042629534294744226e+05
-1.054651506064450077e+05
-1.068199231206423283e+05
-1.083416427922586736e+05
-1.100456608646064851e+05
-1.119483571574320958e+05
-1.140671908864462457e+05
-1.164207531490727852e+05
-1.190288210764028045e+05
-1.219124136513701815e+05
-1.250938491931387107e+05
-1.285968045077015267e+05
-1.324463757046978862e+05
-1.366691406804428552e+05
-1.412932232671692327e+05
-1.463483590484868328e+05
-1.518659628410531732e+05
-1.578791978424593399e+05
-1.644230464453314780e+05
-1.715343827176423511e+05
-1.792520465492435906e+05
-1.876169194646026299e+05
-1.966720021017641702e+05
-9.591405967248658999e+04
-9.591446398344518093e+04
-9.591581719493147102e+04
-9.591854097705798631e+04
-9.592334089427231811e+04
-9.593121057675212796e+04
-9.594343756035208935e+04
-9.596161079511366552e+04
-9.598762982232646027e+04
-9.602371562015166273e+04
-9.607242311779600277e+04
-9.613665537824896455e+04
-9.621967944957707368e+04
-9.632514388476857857e+04
-9.645709793014124443e+04
-9.662001238230681338e+04
-9.681880211369020981e+04
-9.705885026660465519e+04
-9.734603411588926974e+04
-9.768675260009929480e+04
-9.808795552125327231e+04
-9.855717441313953896e+04
-9.910255507817845501e+04
-9.973289179284160491e+04
-1.004576631816289591e+05
-1.012870697596031387e+05
-1.022320731434765767e+05
-1.033044369312640192e+05
-1.045167692504836014e+05
-1.058825669749212539e+05
-1.074162616099469597e+05
-1.091332668463918671e+05
-1.110500277829839179e+05
-1.131840718173321948e+05
-1.155540612054787780e+05
-1.181798472900006891e+05
-1.210825263966708735e+05
-1.242844973996785411e+05
-1.278095209554016474e+05
-1.316827804047404206e+05
-1.359309443440066825e+05
-1.405822308643705619e+05
-1.456664734598632203e+05
-1.512151886039386736e+05
-1.572616449945885979e+05
-1.638409344680196664e+05
-1.709900445808851509e+05
-1.787479328610699449e+05
-1.871556027270421328e+05
-1.962561810757503263e+05
-9.483860358839943365e+04
-9.483907461924210656e+04
-9.484062885392202588e+04
-9.484369055405861582e+04
-9.484896960623627820e+04
-9.485746569783287123e+04
-9.487047416317416355e+04
-9.488959350002671999e+04
-9.491673455641376495e+04
-9.495413138776979758e+04
-9.500435378441971261e+04
-9.507032146939139056e+04
-9.515531996655896364e+04
-9.526301813911963836e+04
-9.539748739839332120e+04
-9.556322258296514337e+04
-9.576516450814521522e+04
-9.600872418577356439e+04
-9.629980871434138680e+04
-9.664484883945723413e+04
-9.705082818463216245e+04
-9.752531415240337083e+04
-9.807649049578573613e+04
-9.871319156005476543e+04
-9.944493819486071880e+04
-1.002819753366716759e+05
-1.012353112615513237e+05
-1.023167585082633741e+05
-1.035389764717100334e+05
-1.049155156667000556e+05
-1.064608636620473699e+05
-1.081904926850004558e+05
-1.101209088960039080e+05
-1.122697033337907778e+05
-1.146556045308032335e+05
-1.172985327989474463e+05
-1.202196561856766348e+05
-1.234414481004073168e+05
-1.269877466112647235e+05
-1.308838154121598054e+05
-1.351564064601961582e+05
-1.398338242834111152e+05
-1.449459919588415069e+05
-1.505245187609273707e+05
-1.566027694802418409e+05
-1.632159354125527316e+05
-1.704011070182144758e+05
-1.781973482518979290e+05
-1.866457725626372849e+05
-1.957896205642191053e+05
-9.371782683557424753e+04
-9.371836579326947685e+04
-9.372012465480685933e+04
-9.372353022156962834e+04
-9.372929661596661026e+04
-9.373842946158329141e+04
-9.375223173539551499e+04
-9.377231129204416357e+04
-9.380059006017213687e+04
-9.383931491081809509e+04
-9.389107019787756144e+04
-9.395879197061891318e+04
-9.404578385826482554e+04
-9.415573462663200917e+04
-9.429273740683433425e+04
-9.446131059604499023e+04
-9.466642043031813228e+04
-9.491350522947910940e+04
-9.520850131406504079e+04
-9.555787059433438117e+04
-9.596862983133477974e+04
-9.644838157003199740e+04
-9.700534674449884915e+04
-9.764839895516815886e+04
-9.838710041814349825e+04
-9.923173958657271578e+04
-1.001933704440819420e+05
-1.012838534702710604e+05
-1.025158982782694802e+05
-1.039031079243544955e+05
-1.054600248896280536e+05
-1.072021787337575224e+05
-1.091461354207744880e+05
-1.113095483169361105e+05
-1.137112108606508118e+05
-1.163711109044561599e+05
-1.193104867290685652e+05
-1.225518847294852021e+05
-1.261192187731531303e+05
-1.300378312301932892e+05
-1.343345556756933511e+05
-1.390377812640539487e+05
-1.441775187754011422e+05
-1.497854683340574265e+05
-1.558950887990737392e+05
-1.625416688268248981e+05
-1.697623996056623000e+05
-1.775964492626302817e+05
-1.860850389422451262e+05
-1.952715205573291460e+05
-9.254886590141861234e+04
-9.254947434290165256e+04
-9.255144248315649747e+04
-9.255519960651449219e+04
-9.256146397655135661e+04
-9.257124702063445875e+04
-9.258585918827811838e+04
-9.260691748332012503e+04
-9.263635466991289286e+04
-9.267643015233371989e+04
-9.272974252860725392e+04
-9.279924381795139925e+04
-9.288825536203267984e+04
-9.300048540004299139e+04
-9.314004831759413355e+04
-9.331148556942075083e+04
-9.351978827591547451e+04
-9.377042149346090446e+04
-9.406935015859620762e+04
-9.442306670598954952e+04
-9.483862036023169640e+04
-9.532364810144502553e+04
-9.588640730470945709e+04
-9.653581005330623884e+04
-9.728145912577491254e+04
-9.813368565679140738e+04
-9.910358847186143976e+04
-1.002030750958283315e+05
-1.014449044351995690e+05
-1.028427311342911853e+05
-1.044111516051868966e+05
-1.061657517315119039e+05
-1.081231562460323330e+05
-1.103010797820580046e+05
-1.127183795986732730e+05
-1.153951099797797651e+05
-1.183525783069554309e+05
-1.216134028061319259e+05
-1.252015719680882321e+05
-1.291425056427594827e+05
-1.334631178073674382e+05
-1.381918810083588469e+05
-1.433588924771706515e+05
-1.489959419198035612e+05
-1.551365809802180447e+05
-1.618161943775430263e+05
-1.690720727171068429e+05
-1.769434869752753584e+05
-1.854717646581158042e+05
-1.947003676338762452e+05
-9.133903583879691723e+04
-9.133971554436326551e+04
-9.134189827466662973e+04
-9.134601570821519999e+04
-9.135279010150901740e+04
-9.136323847752054280e+04
-9.137867848956859962e+04
-9.140073596057985560e+04
-9.143135409774855361e+04
-9.147280438258268987e+04
-9.152769913634854311e+04
-9.159900576090007962e+04
-9.169006265490630176e+04
-9.180459680546808522e+04
-9.194674305512760475e+04
-9.212106504427002801e+04
-9.233257782891805982e+04
-9.258677217391580052e+04
-9.288964052150875796e+04
-9.324770463531417772e+04
-9.366804491968188086e+04
-9.415833141444818466e+04
-9.472685646508500213e+04
-9.538256906823655299e+04
-9.613511089265125338e+04
-9.699485397550395282e+04
-9.797294009411000297e+04
-9.908132181303545076e+04
-1.003328052065941447e+05
-1.017410942567383609e+05
-1.033208369263461500e+05
-1.050876729078920762e+05
-1.070582830475192750e+05
-1.092504404444968677e+05
-1.116830632260743441e+05
-1.143762689977228001e+05
-1.173514309687743662e+05
-1.206312357534487965e+05
-1.242397428472745232e+05
-1.282024457789030857e+05
-1.325463349373102828e+05
-1.372999620743975684e+05
-1.424935064829781477e+05
-1.481588428501597082e+05
-1.543296107861168275e+05
-1.610412860282582114e+05
-1.683312533207829692e+05
-1.762388809696302342e+05
-1.848055970728225657e+05
-1.940749674261992623e+05
-9.009353143605777586e+04
-9.009428440655012673e+04
-9.009668769177726062e+04
-9.010117525132253650e+04
-9.010847314559496590e+04
-9.011960372748709051e+04
-9.013589151069604850e+04
-9.015897071470036462e+04
-9.019079448641081399e+04
-9.023364579847562709e+04
-9.029015002424997510e+04
-9.036328918942867313e+04
-9.045641790034582664e+04
-9.057328094892698573e+04
-9.071803259431531478e+04
-9.089525752115460637e+04
-9.110999347453276278e+04
-9.136775557159460732e+04
-9.167456228981158347e+04
-9.203696313191772788e+04
-9.246206796750584908e+04
-9.295757805128960172e+04
-9.353181871802287060e+04
-9.419377375408823718e+04
-9.495312144574345439e+04
-9.582027230403470458e+04
-9.680640846636702190e+04
-9.792352477474088664e+04
-9.918447153065536986e+04
-1.006029989266639168e+05
-1.021938031546032726e+05
-1.039725741904776805e+05
-1.059560452560116246e+05
-1.081620439568596339e+05
-1.106095450974807318e+05
-1.133187251726828981e+05
-1.163110185358137678e+05
-1.196091752436333481e+05
-1.232373205778324336e+05
-1.272210162432268553e+05
-1.315873232426067698e+05
-1.363648664282503596e+05
-1.415839007301014208e+05
-1.472763790606092371e+05
-1.534760218962295912e+05
-1.602183885355907842e+05
-1.675409500343224499e+05
-1.754831638165426557e+05
-1.840865499630139384e+05
-1.933947691759575391e+05
-8.882017980829656881e+04
-8.882100657477107598e+04
-8.882363197139572003e+04
-8.882849212845630245e+04
-8.883631672536936821e+04
-8.884813318409305066e+04
-8.886527253989917517e+04
-8.888937698951436323e+04
-8.892240911661929567e+04
-8.896666279471800954e+04
-8.902477576736627088e+04
-8.909974390576698352e+04
-8.919493714372767136e+04
-8.931411708998518588e+04
-8.946145631788928586e+04
-8.964155933245738561e+04
-8.985948521478459588e+04
-9.012077194382705784e+04
-9.043146239554160275e+04
-9.079813201939337887e+04
-9.122791819222751656e+04
-9.172855124950503523e+04
-9.230838719389944163e+04
-9.297644208126114972e+04
-9.374242808394663734e+04
-9.461679123150467058e+04
-9.561075082873787323e+04
-9.673634055111762427e+04
-9.800645121756833396e+04
-9.943487524061658769e+04
-1.010363527539012284e+05
-1.028266194170488889e+05
-1.048224558979144786e+05
-1.070417390321851708e+05
-1.095034946603449498e+05
-1.122279521420117817e+05
-1.152366005476294958e+05
-1.185522465275291906e+05
-1.221990738583536004e+05
-1.262027046668418770e+05
-1.305902623309870396e+05
-1.353904360585483664e+05
-1.406335471429333556e+05
-1.463516168964399549e+05
-1.525784362608671945e+05
-1.593496370954861341e+05
-1.667027651423781936e+05
-1.746773546691310476e+05
-1.833150047889102134e+05
-1.926594574578812462e+05
-8.753147417668465641e+04
-8.753237297856762598e+04
-8.753521517044083157e+04
-8.754043894952847040e+04
-8.754877743970858864e+04
-8.756126288426826068e+04
-8.757923251576384064e+04
-8.760433610298356507e+04
-8.763854517500825750e+04
-8.768416392237886612e+04
-8.774384177537020878e+04
-8.782058765935551492e+04
-8.791778592728398507e+04
-8.803921396925968293e+04
-8.818906149921720498e+04
-8.837195151870498376e+04
-8.859296295777041814e+04
-8.885765499294520123e+04
-8.917209304233697185e+04
-8.954287643781905354e+04
-8.997716777432699746e+04
-9.048272393625380937e+04
-9.106792880095222790e+04
-9.174182761933424626e+04
-9.251416307357727783e+04
-9.339541301193200343e+04
-9.439682986063069256e+04
-9.553048171290112077e+04
-9.680929509508056799e+04
-9.824709940983467095e+04
-9.985867305647523608e+04
-1.016597912283848418e+05
-1.036672753875423514e+05
-1.058990444161478081e+05
-1.083741674453571613e+05
-1.111129183611083572e+05
-1.141368319870660926e+05
-1.174687619446501340e+05
-1.211329401901825331e+05
-1.251550382291284332e+05
-1.295622300074396626e+05
-1.343832564800064138e+05
-1.396484918562050443e+05
-1.453900115225535410e+05
-1.516416616424649546e+05
-1.584391304331078718e+05
-1.658200211193658761e+05
-1.738239265649009612e+05
-1.824925055803211289e+05
-1.918695609084464086e+05
-8.622987074679558282e+04
-8.623083938455409952e+04
-8.623389173797836702e+04
-8.623946796544696554e+04
-8.624830445739059360e+04
-8.626143802598321054e+04
-8.628021177071565762e+04
-8.630628261984836718e+04
-8.634163054773709155e+04
-8.638856946803942265e+04
-8.644975980280141812e+04
-8.652822272741812048e+04
-8.662735609147402283e+04
-8.675095201546070166e+04
-8.690321616337429441e+04
-8.708878869118574949e+04
-8.731276687119857525e+04
-8.758072939227161987e+04
-8.789876233593348297e+04
-8.827348682836210355e+04
-8.871208836825202161e+04
-8.922234783055410662e+04
-8.981267414609395200e+04
-9.049213865707273362e+04
-9.127051114843711548e+04
-9.215829755513634882e+04
-9.316677934525102319e+04
-9.430805457900221518e+04
-9.559508064363882295e+04
-9.704171866420151491e+04
-9.866277959016563545e+04
-1.004740719579607248e+05
-1.024924513293700729e+05
-1.047358714058074256e+05
-1.072234368184682971e+05
-1.099754575943647651e+05
-1.130135052982349007e+05
-1.163604708503295260e+05
-1.200406240200793400e+05
-1.240796745956371742e+05
-1.285048352293020725e+05
-1.333448859588158084e+05
-1.386302404045420699e+05
-1.443930136425216624e+05
-1.506670917534047912e+05
-1.574882030472636397e+05
-1.648939909642801795e+05
-1.729240886513146979e+05
-1.816201952143486415e+05
-1.910261536468082340e+05
-8.490440754305213341e+04
-8.490544513908321096e+04
-8.490870498623045569e+04
-8.491462909871770535e+04
-8.492395695713727036e+04
-8.493772969377285335e+04
-8.495729595205729129e+04
-8.498431942016017274e+04
-8.502078803870323463e+04
-8.506902488260882092e+04
-8.513170071707657189e+04
-8.521184822769250604e+04
-8.531287792466716201e+04
-8.543859572120384837e+04
-8.559322218599905318e+04
-8.578141346987150609e+04
-8.600828390652163944e+04
-8.627943028742172464e+04
-8.660095781083774636e+04
-8.697950770498003112e+04
-8.742228652528318344e+04
-8.793709712581981148e+04
-8.853237130484236695e+04
-8.921720412445401598e+04
-9.000138990441359056e+04
-9.089545989006807213e+04
-9.191072159441396070e+04
-9.305929981429580948e+04
-9.435417932072724216e+04
-9.580924922334564326e+04
-9.743934900899865897e+04
-9.926031625445895770e+04
-1.012890360132696951e+05
-1.035434918767222844e+05
-1.060428187089585554e+05
-1.088073570562142122e+05
-1.118587092301814264e+05
-1.152197970655065728e+05
-1.189149213514203439e+05
-1.229698229374953371e+05
-1.274117455135334312e+05
-1.322695000635867473e+05
-1.375735309941059386e+05
-1.433559839362205530e+05
-1.496507752221486589e+05
-1.564936630357382237e+05
-1.639223202371376974e+05
-1.719764088615957007e+05
-1.806976562923961901e+05
-1.901299331079169933e+05
-8.354744134621598641e+04
-8.354854786932776915e+04
-8.355201508111311705e+04
-8.355828674499741464e+04
-8.356810525360726751e+04
-8.358251580914214719e+04
-8.360287227590514522e+04
-8.363084470497070288e+04
-8.366842853101558285e+04
-8.371795544128991605e+04
-8.378210591674297757e+04
-8.386392344529822003e+04
-8.396683040727673506e+04
-8.409464563297459972e+04
-8.425160363238427090e+04
-8.444237549707107246e+04
-8.467209147419661167e+04
-8.494636521269535297e+04
-8.527131968159423559e+04
-8.565361476049417979e+04
-8.610047650218731724e+04
-8.661972806743645924e+04
-8.721982233189708495e+04
-8.790987616519254516e+04
-8.869970638213565690e+04
-8.959986736610815569e+04
-9.062169036457951006e+04
-9.177732445678314252e+04
-9.307977919354221376e+04
-9.454296890923977480e+04
-9.618175870594693697e+04
-9.801201210969340173e+04
-1.000506403988935053e+05
-1.023156536049200222e+05
-1.048262131848276622e+05
-1.076026863662241376e+05
-1.106667021642990876e+05
-1.140412090709957411e+05
-1.177505344163306872e+05
-1.218204454018746619e+05
-1.262782118063704547e+05
-1.311526703635092999e+05
-1.364742908118532505e+05
-1.422752436169097491e+05
-1.485894693653538998e+05
-1.554527498314025288e+05
-1.629027807153384783e+05
-1.709792460541825276e+05
-1.797238943045165797e+05
-1.891806160974590748e+05
-8.216094258822291158e+04
-8.216211878633053857e+04
-8.216579556220764061e+04
-8.217241829548655369e+04
-8.218273206878894416e+04
-8.219778584257580223e+04
-8.221893829993819236e+04
-8.224786536133036134e+04
-8.228656936923976173e+04
-8.233738994279928738e+04
-8.240301650233982946e+04
-8.248650246388417145e+04
-8.259128110357672267e+04
-8.272118309205897094e+04
-8.288045569878388778e+04
-8.307378366626743809e+04
-8.330631175428310235e+04
-8.358366895399805799e+04
-8.391199437204684364e+04
-8.429796478454479075e+04
-8.474882386104681063e+04
-8.527241305843963346e+04
-8.587720418477941712e+04
-8.657233363306785759e+04
-8.736763828496984206e+04
-8.827369308446715877e+04
-8.930185028145898832e+04
-9.046428034529712750e+04
-9.177401454826620466e+04
-9.324498921899798734e+04
-9.489209166583376646e+04
-9.673120777012065810e+04
-9.877927124945138348e+04
-1.010543145908421720e+05
-1.035755216538555833e+05
-1.063632819436577556e+05
-1.094392465540170524e+05
-1.128263857802509883e+05
-1.165490484020991717e+05
-1.206330226365494600e+05
-1.251055987605987611e+05
-1.299956334039529902e+05
-1.353336155116709124e+05
-1.411517339767448138e+05
-1.474839469426251890e+05
-1.543660527756820084e+05
-1.618357627076088393e+05
-1.699327751477654674e+05
-1.786988516654635605e+05
-1.881778946421892615e+05
-8.074669507649999287e+04
-8.074794314780735294e+04
-8.075183602545212489e+04
-8.075882053436709975e+04
-8.076964416200411506e+04
-8.078535922718187794e+04
-8.080732871646569401e+04
-8.083723378809059795e+04
-8.087708294342255977e+04
-8.092922286595412879e+04
-8.099635092784458539e+04
-8.108152936398834572e+04
-8.118820111363433534e+04
-8.132020732953181141e+04
-8.148180655462035793e+04
-8.167769556625900441e+04
-8.191303188798924384e+04
-8.219345796883864386e+04
-8.252512703016443993e+04
-8.291473058002998005e+04
-8.336952759512589546e+04
-8.389737537022432662e+04
-8.450676203517337854e+04
-8.520684073942908435e+04
-8.600746550412855868e+04
-8.691922874169467832e+04
-8.795350044298633293e+04
-8.912246903198221116e+04
-9.043918388800302637e+04
-9.191759953547647456e+04
-9.357262150123098399e+04
-9.542015383933940029e+04
-9.747714832349175413e+04
-9.976165530690923333e+04
-1.022928762497972057e+05
-1.050912179143357353e+05
-1.081783482272079127e+05
-1.115772538096668286e+05
-1.153122991751402296e+05
-1.194092875943723920e+05
-1.238955236281082762e+05
-1.287998773273096303e+05
-1.341528501009157335e+05
-1.399866422511359851e+05
-1.463352221762863919e+05
-1.532343972411600989e+05
-1.607218863149392419e+05
-1.688373939766399271e+05
-1.776226863881027093e+05
-1.871216688345161674e+05
-7.930884373909549322e+04
-7.931016549577731348e+04
-7.931427985263387382e+04
-7.932163490251637995e+04
-7.933298024156806059e+04
-7.934937113130344369e+04
-7.937217432552772516e+04
-7.940307556208364258e+04
-7.944408871943704435e+04
-7.949756663809093880e+04
-7.956621360683445528e+04
-7.965309951382799773e+04
-7.976167566251470998e+04
-7.989579225237399805e+04
-8.005971752450018539e+04
-8.025815857201744802e+04
-8.049628381533245556e+04
-8.077974714221419708e+04
-8.111471371270611417e+04
-8.150788742887844273e+04
-8.196654006940730324e+04
-8.249854208899106015e+04
-8.311239508259715512e+04
-8.381726591454391018e+04
-8.462302251241359045e+04
-8.554027132580288162e+04
-8.658039644990063971e+04
-8.775560041390458355e+04
-8.907894663426642364e+04
-9.056440353277402755e+04
-9.222689031946448085e+04
-9.408232444037136156e+04
-9.614767069010512205e+04
-9.844099198926652025e+04
-1.009815018266932166e+05
-1.037896183665389981e+05
-1.068870202201884822e+05
-1.102967038830022066e+05
-1.140430428358977952e+05
-1.181518483117606665e+05
-1.226504317266916187e+05
-1.275676687760862987e+05
-1.329340651955466019e+05
-1.387818241866278986e+05
-1.451449155074164737e+05
-1.520591462279432162e+05
-1.595622331504265894e+05
-1.676938768943574978e+05
-1.764958376464017492e+05
-1.860120125751535816e+05
-7.785874615864346561e+04
-7.786014007347021834e+04
-7.786447128149142372e+04
-7.787218900401680730e+04
-7.788404471215911326e+04
-7.790109628023892583e+04
-7.792471380054496694e+04
-7.795658705945601105e+04
-7.799873467492012423e+04
-7.805351489530327672e+04
-7.812363805958339071e+04
-7.821218071892170701e+04
-7.832260141958107124e+04
-7.845875814721001370e+04
-7.862492743248933402e+04
-7.882582511813509336e+04
-7.906662878726160852e+04
-7.935300185311066161e+04
-7.969111931013398862e+04
-8.008769514643953880e+04
-8.055001141759929305e+04
-8.108594898181236931e+04
-8.170401989643697743e+04
-8.241340147587301908e+04
-8.322397201081349340e+04
-8.414634814884954540e+04
-8.519192393644069671e+04
-8.637291152224181860e+04
-8.770238352179505455e+04
-8.919431704357717535e+04
-9.086363937640858057e+04
-9.272627533822559053e+04
-9.479919628620974254e+04
-9.710047078827963560e+04
-9.964931695593986660e+04
-1.024661564384962257e+05
-1.055726700786243455e+05
-1.089918552293023386e+05
-1.127480847321065521e+05
-1.168671675568602659e+05
-1.213764111026507453e+05
-1.263046851602005336e+05
-1.316824875356021221e+05
-1.375420113354137866e+05
-1.439172139131112781e+05
-1.508438874769069371e+05
-1.583597313589215046e+05
-1.665044259457226435e+05
-1.753197082702197949e+05
-1.848494492649208405e+05
-7.640678989691304741e+04
-7.640825177752489981e+04
-7.641278722152777482e+04
-7.642084646381181665e+04
-7.643318265715037705e+04
-7.645085601413971744e+04
-7.647523960590934439e+04
-7.650802681760824635e+04
-7.655124046066663868e+04
-7.660724354183337709e+04
-7.667875168898582342e+04
-7.676884723371494329e+04
-7.688099495068933174e+04
-7.701905945378690376e+04
-7.718732424900673504e+04
-7.739051244415606197e+04
-7.763380911530595040e+04
-7.792288533003035991e+04
-7.826392382741373149e+04
-7.866364635483513121e+04
-7.912934266152772761e+04
-7.966890114891395206e+04
-8.029084117771187448e+04
-8.100434703182092926e+04
-8.181930353898061730e+04
-8.274633334820062737e+04
-8.379683586397318868e+04
-8.498302783725310292e+04
-8.631798561321543821e+04
-8.781568903578988102e+04
-8.949106700896617258e+04
-9.136004471487634873e+04
-9.343959248865411791e+04
-9.574777635006247147e+04
-9.830381019190448569e+04
-1.011281096252001444e+05
-1.042423474811482301e+05
-1.076695109698519518e+05
-1.114339604958271666e+05
-1.155614901302829239e+05
-1.200793897401762515e+05
-1.250165087740438466e+05
-1.304033217046044592e+05
-1.362719951281415415e+05
-1.426564565206555417e+05
-1.495924646507956495e+05
-1.571176816495626408e+05
-1.652717467367862409e+05
-1.740963516043848067e+05
-1.836353174563869252e+05
-7.494900870648919954e+04
-7.495053537960068206e+04
-7.495526549847508431e+04
-7.496365018739341758e+04
-7.497644407235046674e+04
-7.499470940934064856e+04
-7.501982186396497127e+04
-7.505347794234759931e+04
-7.509770407337430515e+04
-7.515486734223582607e+04
-7.522768787530163536e+04
-7.531925287629303057e+04
-7.543303231378496275e+04
-7.557289626001349825e+04
-7.574313388100574957e+04
-7.594847407801987720e+04
-7.619410778030467918e+04
-7.648571188917069230e+04
-7.682947487337971688e+04
-7.723212401584928739e+04
-7.770095431167072093e+04
-7.824385901744336297e+04
-7.886936185192679113e+04
-7.958665084800389013e+04
-8.040561385596127366e+04
-8.133687569808855187e+04
-8.239183697458586539e+04
-8.358271452079352457e+04
-8.492258351573403343e+04
-8.642542124196732766e+04
-8.810615249676718668e+04
-8.998069665460649412e+04
-9.206601638096451643e+04
-9.438016799744192394e+04
-9.694235349819947442e+04
-9.977297421770534129e+04
-1.028936861497985519e+05
-1.063274569180774852e+05
-1.100986243975857215e+05
-1.142329569878315087e+05
-1.187577155371101981e+05
-1.237017169181484060e+05
-1.290953992550609400e+05
-1.349708888016245037e+05
-1.413620684708647314e+05
-1.483046480159605562e+05
-1.558362358624658373e+05
-1.639964125918382197e+05
-1.728268060762948007e+05
-1.823711682649748400e+05
-7.347669404079610831e+04
-7.347828407243521360e+04
-7.348320452000455407e+04
-7.349190726412671211e+04
-7.350514818140261923e+04
-7.352399125775361608e+04
-7.354981434710633766e+04
-7.358431657540990273e+04
-7.362952738999261055e+04
-7.368781725425695186e+04
-7.376190998771370505e+04
-7.385489675134833669e+04
-7.397025167833062005e+04
-7.411184915005863877e+04
-7.428398271754392772e+04
-7.449138566812803037e+04
-7.473925323754284182e+04
-7.503326646730548237e+04
-7.537961770745209651e+04
-7.578503776460724475e+04
-7.625682469539495651e+04
-7.680287424518159241e+04
-7.743171193216126994e+04
-7.815252677677775500e+04
-7.897520667648126255e+04
-7.991037542582818423e+04
-8.096943138191133039e+04
-8.216458777513507812e+04
-8.350891466532350751e+04
-8.501638254316736129e+04
-8.670190757700894028e+04
-8.858139850496395957e+04
-9.067180517238219909e+04
-9.299116871464482392e+04
-9.555867338529846165e+04
-9.839470002953139192e+04
-1.015208812029788241e+05
-1.049601579358750460e+05
-1.087368381425381085e+05
-1.128766566761920258e+05
-1.174068370291289466e+05
-1.223561546782065852e+05
-1.277550020756864542e+05
-1.336354552854046342e+05
-1.400313422642859805e+05
-1.469783127891913755e+05
-1.545139100291052600e+05
-1.626776437626599509e+05
-1.715110652409972390e+05
-1.810578436959677492e+05
-7.198803653913162998e+04
-7.198968936626131472e+04
-7.199479840424080612e+04
-7.200381614232763241e+04
-7.201749946090881713e+04
-7.203691372894389497e+04
-7.206343854037654819e+04
-7.209877508952873177e+04
-7.214495518546608218e+04
-7.220435190534006688e+04
-7.227969188670857693e+04
-7.237406925882825453e+04
-7.249096121292555472e+04
-7.263424521144297614e+04
-7.280821783625954413e+04
-7.301761527589079924e+04
-7.326763545165897813e+04
-7.356396178284540656e+04
-7.391278859081343398e+04
-7.432084814210924378e+04
-7.479543933053924411e+04
-7.534445799822277331e+04
-7.597642889561914490e+04
-7.670053928053181153e+04
-7.752667415609059390e+04
-7.846545314770312689e+04
-7.952826901898931828e+04
-8.072732782668851723e+04
-8.207569071454100776e+04
-8.358731734614800371e+04
-8.527711097680554667e+04
-8.716096516431668715e+04
-8.925581211877505120e+04
-9.157967269132929505e+04
-9.415170800191951275e+04
-9.699227270599147596e+04
-1.001229699001866975e+05
-1.035667076670070965e+05
-1.073477572584552108e+05
-1.114918129186526203e+05
-1.160260533454327524e+05
-1.209792047909077082e+05
-1.263816058010140696e+05
-1.322652735940330022e+05
-1.386639720780853240e+05
-1.456132815076033003e+05
-1.531506697787791200e+05
-1.613155653639885422e+05
-1.701494318851877179e+05
-1.796958443262904475e+05
-7.048038060034501541e+04
-7.048209776545273780e+04
-7.048739996077091200e+04
-7.049674010249543062e+04
-7.051087577164317190e+04
-7.053087329508225957e+04
-7.055811345898485160e+04
-7.059429885468554858e+04
-7.064146285695594270e+04
-7.070198023469677719e+04
-7.077857939403585624e+04
-7.087435625384755258e+04
-7.099278975367810926e+04
-7.113775899409620615e+04
-7.131356200944092416e+04
-7.152493617299880134e+04
-7.177708023458489333e+04
-7.207567799054265197e+04
-7.242692358615279954e+04
-7.283754845045950788e+04
-7.331484986351088446e+04
-7.386672115600797406e+04
-7.450168354137461574e+04
-7.522891958023264306e+04
-7.605830827729901648e+04
-7.700046181069075828e+04
-7.806676389364569332e+04
-7.926940976865767152e+04
-8.062144783402243047e+04
-8.213682290280185407e+04
-8.383042109419568442e+04
-8.571811635733347794e+04
-8.781681862747512059e+04
-9.014452361462729459e+04
-9.272036422457336448e+04
-9.556466361231601331e+04
-9.869898986793542281e+04
-1.021462123348583264e+05
-1.059305595605451672e+05
-1.100776788795821340e+05
-1.146146976291997416e+05
-1.195702859971940052e+05
-1.249747215022643359e+05
-1.308599551067689608e+05
-1.372596789618898183e+05
-1.442093957852114982e+05
-1.517464898707132670e+05
-1.599102997311830986e+05
-1.687421923730271519e+05
-1.782856392035140307e+05
-6.895146237180440221e+04
-6.895324725580877566e+04
-6.895875268051971216e+04
-6.896843177692666359e+04
-6.898304247302544536e+04
-6.900365155833553581e+04
-6.903164037421754620e+04
-6.906871213000871649e+04
-6.911690084495447809e+04
-6.917858191595360404e+04
-6.925648431110628007e+04
-6.935370438907276548e+04
-6.947372134422988165e+04
-6.962041427764459513e+04
-6.979808089385107451e+04
-7.001145782342634629e+04
-7.026574257138371468e+04
-7.056661709136726859e+04
-7.092027298565259844e+04
-7.133343833095568698e+04
-7.181340613004750048e+04
-7.236806438917560445e+04
-7.300592782129158149e+04
-7.373617117508749652e+04
-7.456866418983286712e+04
-7.551400817602862662e+04
-7.658357422185382165e+04
-7.778954302543343510e+04
-7.914494635290124279e+04
-8.066371012227478786e+04
-8.236069911313656485e+04
-8.425176330212080211e+04
-8.635378582420712337e+04
-8.868473255981950206e+04
-9.126370334773510695e+04
-9.411098482379590860e+04
-9.724810488542882376e+04
-1.006978887819733936e+05
-1.044845168308131251e+05
-1.086335837593154865e+05
-1.131721596725784329e+05
-1.181288526469830540e+05
-1.235338729495526786e+05
-1.294190988831182331e+05
-1.358181442572907545e+05
-1.427664274852416129e+05
-1.503012423062852467e+05
-1.584618301342751656e+05
-1.672894540317973297e+05
-1.768274743101808417e+05
-6.741059982340656279e+04
-6.741245284666282532e+04
-6.741816270162533328e+04
-6.742818255327129737e+04
-6.744327037455629034e+04
-6.746449299341021106e+04
-6.749323175852265558e+04
-6.753118982393003535e+04
-6.758040105239876721e+04
-6.764324053760606330e+04
-6.772243674511434801e+04
-6.782108527214643254e+04
-6.794266422615692136e+04
-6.809105122219710029e+04
-6.827054199908062583e+04
-6.848587065434601391e+04
-6.874223149801266845e+04
-6.904530252513565938e+04
-6.940127050715993391e+04
-6.981685770206792222e+04
-7.029935018332413165e+04
-7.085662778761885420e+04
-7.149719568140733463e+04
-7.223021754624643654e+04
-7.306555038292860263e+04
-7.401378093441016972e+04
-7.508626372753940814e+04
-7.629516073357948335e+04
-7.765348264753338299e+04
-7.917513178625523869e+04
-8.087494660537058371e+04
-8.276874783498361649e+04
-8.487338623418960196e+04
-8.720679196437697101e+04
-8.978802558133106504e+04
-9.263733064613380702e+04
-9.577618795485718874e+04
-9.922737138705996040e+04
-1.030150053730734362e+05
-1.071646239800923358e+05
-1.117032316170539998e+05
-1.166593653583227861e+05
-1.220631588861649070e+05
-1.279464080520240677e+05
-1.343426380565920263e+05
-1.412871722486762737e+05
-1.488172025428673951e+05
-1.569718614559971902e+05
-1.657922957623999682e+05
-1.753217417679681967e+05
-6.587194910670473473e+04
-6.587386574197618756e+04
-6.587976640508395212e+04
-6.589010417333141959e+04
-6.590563686028063239e+04
-6.592743104283469438e+04
-6.595686769916093908e+04
-6.599564945744123543e+04
-6.604580945546022849e+04
-6.610972181102742616e+04
-6.619011370322974108e+04
-6.629007906452067255e+04
-6.641309388364656479e+04
-6.656303311940094864e+04
-6.674418922521542117e+04
-6.696129228458642319e+04
-6.721953175733369426e+04
-6.752457983669218083e+04
-6.788261641724167566e+04
-6.830035567366452597e+04
-6.878507425034392509e+04
-6.934464106179220835e+04
-6.998754870391293662e+04
-7.072294647609749518e+04
-7.156067501415990409e+04
-7.251130253409697616e+04
-7.358616268669257988e+04
-7.479739402294611500e+04
-7.615798107034295390e+04
-7.768179701995501819e+04
-7.938364802437380422e+04
-8.127931910648323537e+04
-8.338562167905966635e+04
-8.572044267521135043e+04
-8.830279528964721248e+04
-9.115287133078512852e+04
-9.429209518368951103e+04
-9.774317938384349691e+04
-1.015301818017587357e+05
-1.056785644384144107e+05
-1.102152538315336715e+05
-1.151687030726933153e+05
-1.205689554352660198e+05
-1.264477096131970466e+05
-1.328383865706185752e+05
-1.397761980022918433e+05
-1.472982164048862760e+05
-1.554434467590981221e+05
-1.642528998225894175e+05
-1.737696670337766409e+05
-6.434399235331462114e+04
-6.434596667668446753e+04
-6.435204033369093668e+04
-6.436266618592098530e+04
-6.437860167235351400e+04
-6.440091281385232287e+04
-6.443097981946404616e+04
-6.447050429451146920e+04
-6.452151805048665847e+04
-6.458639351674013596e+04
-6.466785575397622597e+04
-6.476899606953712646e+04
-6.489328723449217068e+04
-6.504460030252533033e+04
-6.522722303061842103e+04
-6.544587990153596911e+04
-6.570575374810707581e+04
-6.601250897930569772e+04
-6.637231640813300328e+04
-6.679187968129402725e+04
-6.727846331067383289e+04
-6.783992230661606300e+04
-6.848473341299546883e+04
-6.922202794409202761e+04
-7.006162622326226847e+04
-7.101407362341119733e+04
-7.209067820926070272e+04
-7.330354998141809483e+04
-7.466564172224130016e+04
-7.619079144350749266e+04
-7.789376643587357830e+04
-7.979030892014197889e+04
-8.189718330032093218e+04
-8.423222501848456159e+04
-8.681439101143271546e+04
-8.966381176914698153e+04
-9.280184499504858104e+04
-9.625113086805408238e+04
-1.000356489064256602e+05
-1.041807764334271633e+05
-1.087133486447738251e+05
-1.136617202778818319e+05
-1.190558288829176745e+05
-1.249272596956441557e+05
-1.313093121120668948e+05
-1.382370677648799901e+05
-1.457474602017075231e+05
-1.538793461651460384e+05
-1.626735784746073186e+05
-1.721730805099536956e+05
-6.283477232189255301e+04
-6.283680008167277265e+04
-6.284303390531887999e+04
-6.285392622170562390e+04
-6.287023373215795436e+04
-6.289302139025159704e+04
-6.292366797353047878e+04
-6.296387324714811984e+04
-6.301566671942769608e+04
-6.308141798933729297e+04
-6.316384868589595135e+04
-6.326604599948837131e+04
-6.339147780510384473e+04
-6.354400937749773584e+04
-6.372792169826891040e+04
-6.394793135486010578e+04
-6.420921203147424967e+04
-6.451741759191678284e+04
-6.487870675434952136e+04
-6.529976935797563056e+04
-6.578785422163151088e+04
-6.635079859430935176e+04
-6.699705919759534299e+04
-6.773574486002494814e+04
-6.857665074336429825e+04
-6.953029416080770898e+04
-7.060795198709315446e+04
-7.182169966054291581e+04
-7.318445177702102228e+04
-7.471000427580933319e+04
-7.641307821740706277e+04
-7.830936515324714128e+04
-8.041557408733395278e+04
-8.274948002980141609e+04
-8.532997414238915371e+04
-8.817711547584091022e+04
-9.131218429921966163e+04
-9.475773702114827756e+04
-9.853766270296274161e+04
-1.026772411637902405e+05
-1.072032026775466511e+05
-1.121437892618538026e+05
-1.175288175588734739e+05
-1.233897433080667251e+05
-1.297597274108688871e+05
-1.366737035872855922e+05
-1.441684476244102407e+05
-1.522826482168601942e+05
-1.610569793991309998e+05
-1.705341745698743907e+05
-6.135328441382090386e+04
-6.135536238036477880e+04
-6.136174658570381143e+04
-6.137288873763209995e+04
-6.138954431803176703e+04
-6.141277653622181970e+04
-6.144396186363416200e+04
-6.148479714983550366e+04
-6.153730831988021964e+04
-6.160386065300628979e+04
-6.168717064266248781e+04
-6.179031943787736236e+04
-6.191676786596630700e+04
-6.207037303656930453e+04
-6.225540652703599335e+04
-6.247657414914016408e+04
-6.273903729713468056e+04
-6.304843587714427849e+04
-6.341091281789279310e+04
-6.383314016277308110e+04
-6.432234674324929074e+04
-6.488634743359730055e+04
-6.553357398698668840e+04
-6.627310745289582701e+04
-6.711471217586276180e+04
-6.806887137557993992e+04
-6.914682430832109821e+04
-7.036060500970711291e+04
-7.172308261880934879e+04
-7.324800328359042760e+04
-7.495003364768193569e+04
-7.684480591849825578e+04
-7.894896451669312955e+04
-8.128021430694585433e+04
-8.385737041009048698e+04
-8.670040959658029897e+04
-8.983052326129040739e+04
-9.327017197965686501e+04
-9.704314164515500306e+04
-1.011746011881114828e+05
-1.056911618758569384e+05
-1.106209381942161854e+05
-1.159936103103348578e+05
-1.218404881168401917e+05
-1.281945768573460518e+05
-1.350906443332897616e+05
-1.425652896921080246e+05
-1.506570137967509218e+05
-1.594062911765323661e+05
-1.688556435593182978e+05
-5.989504333333431714e+04
-5.989716923940706329e+04
-5.990369693242257927e+04
-5.991507712187961442e+04
-5.993206360731885070e+04
-5.995571720388338144e+04
-5.998741123810697172e+04
-6.002883861392482504e+04
-6.008202044890832622e+04
-6.014931628073059255e+04
-6.023343584384709538e+04
-6.033745241641107714e+04
-6.046481773740611970e+04
-6.061937849400921550e+04
-6.080539437917312898e+04
-6.102755771943864966e+04
-6.129101467296836199e+04
-6.160138799780598492e+04
-6.196480139036283072e+04
-6.238790539412379439e+04
-6.287790487858450797e+04
-6.344258808840905840e+04
-6.409035726281172538e+04
-6.483026082516844326e+04
-6.567202714284943067e+04
-6.662609985727512685e+04
-6.770367478420122643e+04
-6.891673838422528934e+04
-7.027810780352086294e+04
-7.180147248479144764e+04
-7.350143734845597646e+04
-7.539356754405368702e+04
-7.749443477187705867e+04
-7.982166517482601921e+04
-8.239398880049334548e+04
-8.523129063346603652e+04
-8.835466319785937958e+04
-9.178646073007157247e+04
-9.555035492176389380e+04
-9.967139223306736676e+04
-1.041760527760105906e+05
-1.090923107681770634e+05
-1.144496965565833525e+05
-1.202793602117842238e+05
-1.266141366922007874e+05
-1.334886125786766643e+05
-1.409391943792567763e+05
-1.490041784041874635e+05
-1.577238222111492651e+05
-1.671404176207084383e+05
-5.844785339146347542e+04
-5.845002689816872589e+04
-5.845669697814145184e+04
-5.846831309038626932e+04
-5.848562693137257884e+04
-5.850969633222200355e+04
-5.854189071477557445e+04
-5.858389810653190943e+04
-5.863773371446855163e+04
-5.870575005772907753e+04
-5.879064865919775912e+04
-5.889549329593993025e+04
-5.902372480852289300e+04
-5.917917746921417711e+04
-5.936609690904954914e+04
-5.958915960378368618e+04
-5.985349391871449188e+04
-6.016470271237801353e+04
-6.052888749912787898e+04
-6.095267417058425781e+04
-6.144324027596118685e+04
-6.200834386126819300e+04
-6.265635386739071691e+04
-6.339628208704138524e+04
-6.423781668059265940e+04
-6.519135725078131509e+04
-6.626805147629117710e+04
-6.747983330420759739e+04
-6.883946270135453960e+04
-7.036056696450205345e+04
-7.205768358945006912e+04
-7.394630469899142918e+04
-7.604292302974528866e+04
-7.836507947787278681e+04
-8.093141220366295602e+04
-8.376170729499761364e+04
-8.687695098969040555e+04
-9.029938345670327544e+04
-9.405255413623747882e+04
-9.816137863870075671e+04
-1.026521972025491268e+05
-1.075528347110094182e+05
-1.128926622676694242e+05
-1.187026603309511993e+05
-1.250154834074563987e+05
-1.318655263041882426e+05
-1.392889919396511104e+05
-1.473239607138201827e+05
-1.560104614369969058e+05
-1.653905438175282616e+05
-5.701160778327207663e+04
-5.701382848987894977e+04
-5.702063967398748355e+04
-5.703248930211252446e+04
-5.705012656394636724e+04
-5.707460574061325315e+04
-5.710729162021652883e+04
-5.714986646069791459e+04
-5.720433849998847290e+04
-5.727305201346371905e+04
-5.735869891870103311e+04
-5.746433192753289768e+04
-5.759337924540916720e+04
-5.774966081804934947e+04
-5.793740612540623988e+04
-5.816127352292148134e+04
-5.842637113008886809e+04
-5.873827926631308947e+04
-5.910307443407399114e+04
-5.952735484938619629e+04
-6.001826751956502267e+04
-6.058353686828905484e+04
-6.123149490796471218e+04
-6.197111295939389674e+04
-6.281203491873847815e+04
-6.376461207178666518e+04
-6.483993945552378136e+04
-6.604989376699933200e+04
-6.740717281949400785e+04
-6.892533654599482543e+04
-7.061884954996171291e+04
-7.250312520340146148e+04
-7.459457129223959055e+04
-7.691063720899351756e+04
-7.946986269274589722e+04
-8.229192811642101151e+04
-8.539770632135827327e+04
-8.880931599918939173e+04
-9.255017662101656606e+04
-9.664506491388776340e+04
-1.011201728845770995e+05
-1.060031673906629148e+05
-1.113232512589103862e+05
-1.171112259509482683e+05
-1.233995557762532553e+05
-1.302224336524322571e+05
-1.376158484128054406e+05
-1.456176536612867785e+05
-1.542676381745750550e+05
-1.636075978516332398e+05
-5.559470341157129587e+04
-5.559696798666921677e+04
-5.560391021490483399e+04
-5.561597637267716345e+04
-5.563391281257526134e+04
-5.565876980126455601e+04
-5.569190689252606535e+04
-5.573499983545075520e+04
-5.579004901778828935e+04
-5.585938944445119705e+04
-5.594570225116894289e+04
-5.605202775330160512e+04
-5.618178002980685415e+04
-5.633876304235586576e+04
-5.652718828961325926e+04
-5.675169399666129902e+04
-5.701736583958259143e+04
-5.732975920520247018e+04
-5.769492298597462650e+04
-5.811942491003002942e+04
-5.861037840637605404e+04
-5.917547100525219867e+04
-5.982299427363650466e+04
-6.056187528590970032e+04
-6.140170962967423111e+04
-6.235279594672223902e+04
-6.342617200916314323e+04
-6.463365233070647810e+04
-6.598786731309120660e+04
-6.750230392767785816e+04
-6.919134793219140556e+04
-7.107032762261634343e+04
-7.315555912025124417e+04
-7.546439319391263416e+04
-7.801526361729562632e+04
-8.082773706148841302e+04
-8.392256452264227846e+04
-8.732173428479224094e+04
-9.104852641783602303e+04
-9.512756881066567439e+04
-9.958489473945298232e+04
-1.044480019710896013e+05
-1.097459134017824981e+05
-1.155092392308018461e+05
-1.217702406693841622e+05
-1.285628951847894059e+05
-1.359229632795161160e+05
-1.438880568056596967e+05
-1.524977088144414593e+05
-1.617934449408772052e+05
-5.420476332865663426e+04
-5.420706595451528847e+04
-5.421412171963426954e+04
-5.422637504773150431e+04
-5.424456918196515471e+04
-5.426974999037710950e+04
-5.430327129351135227e+04
-5.434680171421292471e+04
-5.440233304959978705e+04
-5.447219016521509911e+04
-5.455904241135614575e+04
-5.466591656157877151e+04
-5.479621127337784856e+04
-5.495371307105165761e+04
-5.514261385073338170e+04
-5.536752990760760440e+04
-5.563352248530078214e+04
-5.594611984744862275e+04
-5.631134087144122168e+04
-5.673572016434538818e+04
-5.722633470100247359e+04
-5.779083198430772609e+04
-5.843745972765982151e+04
-5.917509705959437997e+04
-6.001328725058927375e+04
-6.096227196205123619e+04
-6.203302701747577521e+04
-6.323729969578710734e+04
-6.458764754685456865e+04
-6.609747872918371286e+04
-6.778109386978836847e+04
-6.965372944623731019e+04
-7.173160269087781489e+04
-7.403195801723716431e+04
-7.657311496860282205e+04
-7.937451768877592986e+04
-8.245678591500470066e+04
-8.584176749309517618e+04
-8.955259241469632252e+04
-9.361372837676558993e+04
-9.805103786320872314e+04
-1.028918367486996576e+05
-1.081649544246736332e+05
-1.139007954475002480e+05
-1.201314027088344883e+05
-1.268905221281410486e+05
-1.342136688673993631e+05
-1.421381950679837901e+05
-1.507033591097212920e+05
-1.599503963921268878e+05
-5.284740132787016046e+04
-5.284973671524564270e+04
-5.285689008494646987e+04
-5.286930381390464754e+04
-5.288771771101852937e+04
-5.291317278818207706e+04
-5.294701653971459746e+04
-5.299090973020526872e+04
-5.304683469076383335e+04
-5.311710512368365744e+04
-5.320437741551239742e+04
-5.331166345853252278e+04
-5.344234498065277876e+04
-5.360018938370520482e+04
-5.378936709015684755e+04
-5.401447039822955412e+04
-5.428053384542278945e+04
-5.459305608045683766e+04
-5.495802324361832143e+04
-5.538193385551519168e+04
-5.587182521424541483e+04
-5.643530130097089568e+04
-5.708056219390267506e+04
-5.781643499069764948e+04
-5.865240623926018452e+04
-5.959865587695732393e+04
-6.066609267824107519e+04
-6.186639121068158420e+04
-6.321203029940988927e+04
-6.471633299996787537e+04
-6.639350807957020879e+04
-6.825869300677636056e+04
-7.032799844956894231e+04
-7.261855428184373886e+04
-7.514855709830901469e+04
-7.793731923779456702e+04
-8.100531931496944162e+04
-8.437425426046906796e+04
-8.806709286943348707e+04
-9.210813085845281603e+04
-9.652304743092384888e+04
-1.013389633508160478e+05
-1.065845005248466477e+05
-1.122898430930643372e+05
-1.184868000278429099e+05
-1.252088692412876117e+05
-1.324913032010457537e+05
-1.403711760545297584e+05
-1.488874522615499445e+05
-1.580810567353547085e+05
-5.152948652729119931e+04
-5.153185058164564543e+04
-5.153908919104626693e+04
-5.155164244146739657e+04
-5.157024629938924045e+04
-5.159593634658437077e+04
-5.163005300882134907e+04
-5.167424827847939741e+04
-5.173049393107979267e+04
-5.180109123572977842e+04
-5.188868215948548459e+04
-5.199626206562384323e+04
-5.212719390583499626e+04
-5.228522390632366296e+04
-5.247449874782940606e+04
-5.269958423956237675e+04
-5.296548548704697168e+04
-5.327766855388882686e+04
-5.364208361745038565e+04
-5.406518961844431760e+04
-5.455398040443954233e+04
-5.511601236728410004e+04
-5.575943357444144931e+04
-5.649301439423934789e+04
-5.732617961503936385e+04
-5.826904205831488071e+04
-5.933243768564659695e+04
-6.052796219963288604e+04
-6.186800913871392549e+04
-6.336580946591155953e+04
-6.503547265148253791e+04
-6.689202924948677537e+04
-6.895147496827266878e+04
-7.123081623487264733e+04
-7.374811725331773050e+04
-7.652254855686302471e+04
-7.957443705413151474e+04
-8.292531756917024904e+04
-8.659798587542216410e+04
-9.061655322361025901e+04
-9.500650236354133813e+04
-9.979474505981903349e+04
-1.050096811014755949e+05
-1.106812588055169326e+05
-1.168410370143798209e+05
-1.235222485873083933e+05
-1.307598653856441088e+05
-1.385906647520250408e+05
-1.470532974835088826e+05
-1.561883572986033687e+05
-5.025266120230164961e+04
-5.025505040860865847e+04
-5.026236362821323564e+04
-5.027503840255830437e+04
-5.029380643202243664e+04
-5.031969727287614660e+04
-5.035404351302339637e+04
-5.039848742652808141e+04
-5.045498910691901983e+04
-5.052583607928385754e+04
-5.061365439114147739e+04
-5.072142118210246554e+04
-5.085247873230649566e+04
-5.101054998964903643e+04
-5.119975557578813459e+04
-5.142463227093401656e+04
-5.169015297742513940e+04
-5.200174816208468110e+04
-5.236532877735960938e+04
-5.278731066124713107e+04
-5.327464041599902703e+04
-5.383482276561326580e+04
-5.447594939210842131e+04
-5.520672925057860266e+04
-5.603652036303438945e+04
-5.697536309102537052e+04
-5.803401488704932854e+04
-5.922398652473870607e+04
-6.055757980783568928e+04
-6.204792675794776005e+04
-6.370903028108827129e+04
-6.555580631299818924e+04
-6.760412744325234962e+04
-6.987086801814996579e+04
-7.237395072238548892e+04
-7.513239463950615027e+04
-7.816636479115035036e+04
-8.149722315507002349e+04
-8.514758116193626483e+04
-8.914135367092918023e+04
-9.350381442410851014e+04
-9.826165297957052826e+04
-1.034430331233854959e+05
-1.090776527603210270e+05
-1.151968052833458933e+05
-1.218334424219192733e+05
-1.290222385690631927e+05
-1.367996565872158972e+05
-1.452040150928701623e+05
-1.542755572199978342e+05
-4.899807813496130984e+04
-4.900049084353123180e+04
-4.900787366028678662e+04
-4.902066139006071899e+04
-4.903958114656858379e+04
-4.906565601089873235e+04
-4.910021015340035956e+04
-4.914487541896436596e+04
-4.920159937570421607e+04
-4.927265482703225280e+04
-4.936065078713012917e+04
-4.946854491981690808e+04
-4.959965744081289449e+04
-4.975768648340197979e+04
-4.994672492748843797e+04
-5.017127869204707531e+04
-5.043628649097499147e+04
-5.074714105233646114e+04
-5.110971180100525089e+04
-5.153036900470104592e+04
-5.201600938342471636e+04
-5.257408318228960707e+04
-5.321262270774658828e+04
-5.394027232720705797e+04
-5.476631993206568586e+04
-5.570072986410924932e+04
-5.675417730533408030e+04
-5.793808413115250005e+04
-5.926465622699496453e+04
-6.074692226831313747e+04
-6.239877396397449047e+04
-6.423500776305617183e+04
-6.627136802503488434e+04
-6.852459165337003651e+04
-7.101245419248766848e+04
-7.375381738815705467e+04
-7.676867821126437047e+04
-8.007821934498498740e+04
-8.370486113534797914e+04
-8.767231500519916881e+04
-9.200563833156216424e+04
-9.673129078639128420e+04
-1.018771921407239715e+05
-1.074727815322290116e+05
-1.135490781961506436e+05
-1.201387436596464395e+05
-1.272761453995291668e+05
-1.349974219633927278e+05
-1.433405495541459532e+05
-1.523454100779370929e+05
-4.774945036485831952e+04
-4.775188660464707209e+04
-4.775933905681382021e+04
-4.777223964379358222e+04
-4.779131064974603214e+04
-4.781756834071454068e+04
-4.785232803284333204e+04
-4.789721060865715845e+04
-4.795415048140666477e+04
-4.802540500747071201e+04
-4.811356534682764322e+04
-4.822156877158140560e+04
-4.835271242255845573e+04
-4.851066851395899721e+04
-4.869950098607537802e+04
-4.892368360607285285e+04
-4.918811951683060033e+04
-4.949816223384445766e+04
-4.985963809019697510e+04
-5.027887012958411651e+04
-5.076270344740750443e+04
-5.131853197992658534e+04
-5.195432674147839862e+04
-5.267866550975266728e+04
-5.350076395913385204e+04
-5.443050824210564315e+04
-5.547848901871406269e+04
-5.665603693409798143e+04
-5.797525954407846439e+04
-5.944907968881061242e+04
-6.109127531450053357e+04
-6.291652074318120867e+04
-6.494042939055278111e+04
-6.717959793188644107e+04
-6.965165191598547972e+04
-7.237529282721607888e+04
-7.537034659559348074e+04
-7.865781355493605952e+04
-8.225991984907780716e+04
-8.620017028614578885e+04
-9.050340264089763514e+04
-9.519584340512473136e+04
-1.003051649861136393e+05
-1.058605443531726050e+05
-1.118927231322214502e+05
-1.184340691484399140e+05
-1.255186394169813721e+05
-1.331822445817494590e+05
-1.414625148022334906e+05
-1.503989670884109801e+05
-4.651498644211579813e+04
-4.651744488184912188e+04
-4.652496292585419724e+04
-4.653796946484543150e+04
-4.655718170435052889e+04
-4.658360874621051335e+04
-4.661855660268386418e+04
-4.666363464315336023e+04
-4.672076347342969530e+04
-4.679218424765778764e+04
-4.688046941282578337e+04
-4.698853488587528409e+04
-4.711965366340798209e+04
-4.727747086399974069e+04
-4.746602020310945227e+04
-4.768974190059463581e+04
-4.795350202082534088e+04
-4.826261324539702036e+04
-4.862285707844889839e+04
-4.904050748457996815e+04
-4.952235595936920436e+04
-5.007573803249160846e+04
-5.070856120344065130e+04
-5.142933430984956794e+04
-5.224719832841362222e+04
-5.317195860841234389e+04
-5.421411853783590050e+04
-5.538491464210890990e+04
-5.669635311541881674e+04
-5.816124778464187693e+04
-5.979325950587168336e+04
-6.160693699355161516e+04
-6.361775908220128622e+04
-6.584217842075193767e+04
-6.829766659947780136e+04
-7.100276070952907321e+04
-7.397711133506905753e+04
-7.724153197800801718e+04
-8.081804991534168948e+04
-8.472995848908727930e+04
-8.900187082882535469e+04
-9.365977500683761900e+04
-9.873109062584905769e+04
-1.042447268393700797e+05
-1.102311418046388862e+05
-1.167224035681677778e+05
-1.237522523838864145e+05
-1.313561644638887083e+05
-1.395714171617810789e+05
-1.484371555886297137e+05
-4.530742810057289898e+04
-4.530990507299738238e+04
-4.531747765787872777e+04
-4.533057156639957975e+04
-4.534989867839016370e+04
-4.537646058411691047e+04
-4.541155354278227605e+04
-4.545677485774905654e+04
-4.551403066846996080e+04
-4.558554515913810610e+04
-4.567387118405263755e+04
-4.578190230969592085e+04
-4.591288627352927870e+04
-4.607043985950341448e+04
-4.625856519028668845e+04
-4.648166743619939371e+04
-4.674457394087388093e+04
-4.705255476362757327e+04
-4.741134463854358182e+04
-4.782716635027709708e+04
-4.830675552657034132e+04
-4.885738684748568630e+04
-4.948690167135113734e+04
-5.020373707742580154e+04
-5.101695632527439739e+04
-5.193628073086517543e+04
-5.297212295937197632e+04
-5.413562173470381094e+04
-5.543867796573939995e+04
-5.689399228928468074e+04
-5.851510402974013414e+04
-6.031643157548501040e+04
-6.231331417198023701e+04
-6.452205513157934183e+04
-6.695996646006251103e+04
-6.964541489987974637e+04
-7.259786939011345385e+04
-7.583794994315353688e+04
-7.938747793808983988e+04
-8.326952783081714006e+04
-8.750848028085852275e+04
-9.213007669490226544e+04
-9.716147518705378752e+04
-1.026313079558036552e+05
-1.085697400777099392e+05
-1.150085297177975444e+05
-1.219810897566702333e+05
-1.295225508343411784e+05
-1.376698258107734728e+05
-1.464616756431434187e+05
-4.413864949023957161e+04
-4.414114008425269276e+04
-4.414875241921241104e+04
-4.416190885401743435e+04
-4.418131565394449717e+04
-4.420796649132243328e+04
-4.424314734647688601e+04
-4.428844280893362884e+04
-4.434574377890414326e+04
-4.441725656903005438e+04
-4.450551340640320268e+04
-4.461338433484810957e+04
-4.474409051748165803e+04
-4.490121893953168183e+04
-4.508873851143498905e+04
-4.531101757219749561e+04
-4.557284279302330106e+04
-4.587943948121735593e+04
-4.623649328435328789e+04
-4.665017329471030826e+04
-4.712715655397983210e+04
-4.767465395824391453e+04
-4.830043756321706314e+04
-4.901286928976052877e+04
-4.982093102966500737e+04
-5.073425615170341916e+04
-5.176316240794857731e+04
-5.291868624036520487e+04
-5.421261848766765615e+04
-5.565754149244672590e+04
-5.726686760856624460e+04
-5.905487910882786673e+04
-6.103676949290616903e+04
-6.322868619555250916e+04
-6.564777469506418856e+04
-6.831222402202896774e+04
-7.124131366833247012e+04
-7.445546189643931575e+04
-7.797627544893919548e+04
-8.182660065836546710e+04
-8.603057595727923035e+04
-9.061368578862665163e+04
-9.560281591635991936e+04
-1.010263101363320457e+05
-1.069140283874573506e+05
-1.132974062631427514e+05
-1.202095159229888377e+05
-1.276851284047535737e+05
-1.357607773365960747e+05
-1.444748240495790669e+05
-4.303709876490490569e+04
-4.303959660809658817e+04
-4.304722948073737643e+04
-4.306041610356093588e+04
-4.307985664957854169e+04
-4.310653620176411641e+04
-4.314172959380964312e+04
-4.318700763395802642e+04
-4.324424471190385520e+04
-4.331562778877606615e+04
-4.340366677018227347e+04
-4.351120626234058727e+04
-4.364143871127170860e+04
-4.379791892507506418e+04
-4.398457997926934331e+04
-4.420575050521420781e+04
-4.446617336160247214e+04
-4.477102568902178609e+04
-4.512594034759797796e+04
-4.553702873770460428e+04
-4.601090500375085685e+04
-4.655471162103659299e+04
-4.717614636569299910e+04
-4.788349066767949262e+04
-4.868563934687135043e+04
-4.959213173220722092e+04
-5.061318416392097424e+04
-5.175972387883647752e+04
-5.304342427874551504e+04
-5.447674158185403940e+04
-5.607295285730033356e+04
-5.784619544275218504e+04
-5.981150774507292954e+04
-6.198487142406249768e+04
-6.438325495927249722e+04
-6.702465859989350429e+04
-6.992816069771800539e+04
-7.311396542317280546e+04
-7.660345186443040438e+04
-8.041922450958804984e+04
-8.458516511192561302e+04
-8.912648593823320698e+04
-9.406978440021333518e+04
-9.944309906895735185e+04
-1.052759670724943571e+05
-1.115994828764141130e+05
-1.184463584475628304e+05
-1.258509848008145054e+05
-1.338494949289115029e+05
-1.424798281153837452e+05
-4.203165071922173956e+04
-4.203414787104463903e+04
-4.204177733060954779e+04
-4.205495379268259421e+04
-4.207437069011635322e+04
-4.210100360621243453e+04
-4.213611505203091656e+04
-4.218126060864712053e+04
-4.223829643434743048e+04
-4.230938813677836151e+04
-4.239702101003586722e+04
-4.250401163670040842e+04
-4.263352085482051189e+04
-4.278906808983987139e+04
-4.297454705146834749e+04
-4.319424279550118081e+04
-4.345285015058107092e+04
-4.375549350991036044e+04
-4.410774798790047498e+04
-4.451566194177613943e+04
-4.498578085811816709e+04
-4.552517260435489879e+04
-4.614145404519626754e+04
-4.684281902402012929e+04
-4.763806770919388509e+04
-4.853663730534927163e+04
-4.954863412960151618e+04
-5.068486705270982930e+04
-5.195688230518814817e+04
-5.337699964835858555e+04
-5.495834991035047278e+04
-5.671491388704680139e+04
-5.866156260797366122e+04
-6.081409896713623311e+04
-6.318930071880025935e+04
-6.580496483821902075e+04
-6.867995324730494758e+04
-7.183423990524905093e+04
-7.528895926408159721e+04
-7.906645608918232028e+04
-8.319033664473371755e+04
-8.768552124412081321e+04
-9.257829816527632647e+04
-9.789637893096994958e+04
-1.036689549540450244e+05
-1.099267555475997797e+05
-1.167021073001128243e+05
-1.240289948155171878e+05
-1.319431228182160994e+05
-1.404819796230460634e+05
-4.110691894131464505e+04
-4.110940887930511235e+04
-4.111701525325985858e+04
-4.113014841623351822e+04
-4.114949453367139358e+04
-4.117601894893284771e+04
-4.121097089503444295e+04
-4.125588955259766226e+04
-4.131261145401198883e+04
-4.138327923380410357e+04
-4.147035172522580251e+04
-4.157661540304459049e+04
-4.170519717255096475e+04
-4.185957850477618922e+04
-4.204361091791914077e+04
-4.226153280498705863e+04
-4.251798760764169856e+04
-4.281804333626660082e+04
-4.316721343623637222e+04
-4.357147900039887463e+04
-4.403731232777301921e+04
-4.457170182845456293e+04
-4.518217827473058423e+04
-4.587684239841015369e+04
-4.666439383436281059e+04
-4.755416141026950936e+04
-4.855613478258261603e+04
-4.968099741870036087e+04
-5.094016092535093776e+04
-5.234580072318627208e+04
-5.391089306758832390e+04
-5.564925341568679869e+04
-5.757557613958785078e+04
-5.970547558581303019e+04
-6.205552848095016088e+04
-6.464331768351537175e+04
-6.748747728202487633e+04
-7.060773903928103391e+04
-7.402498018286554725e+04
-7.776127254184783669e+04
-8.183993302970039076e+04
-8.628557547342858743e+04
-9.112416378891059139e+04
-9.638306650244738557e+04
-1.020911126185254689e+05
-1.082786488337894407e+05
-1.149775980972262041e+05
-1.222215195165620098e+05
-1.300456696108664910e+05
-1.384870649093714310e+05
-4.022528769617427315e+04
-4.022776695300306892e+04
-4.023533978130855394e+04
-4.024841201826412725e+04
-4.026766227156558307e+04
-4.029404523804475321e+04
-4.032879634971664927e+04
-4.037343774728226708e+04
-4.042978558106887795e+04
-4.049995863941709831e+04
-4.058638830450922251e+04
-4.069182983564455208e+04
-4.081937497995626472e+04
-4.097246591057398473e+04
-4.115491049222958100e+04
-4.137089887430684757e+04
-4.162502141133616533e+04
-4.192228791093036125e+04
-4.226814820916951430e+04
-4.266851407342436869e+04
-4.312978243262706383e+04
-4.365885993498544121e+04
-4.426318883314078994e+04
-4.495077419676816498e+04
-4.573021245262485172e+04
-4.661072125203710311e+04
-4.760217066583769338e+04
-4.871511570673935057e+04
-4.996083017916022800e+04
-5.135134185648775019e+04
-5.289946898578958644e+04
-5.461885811996548728e+04
-5.652402327734745631e+04
-5.863038642873937351e+04
-6.095431931190495379e+04
-6.351318657349464047e+04
-6.632539023842268216e+04
-6.941041550668152922e+04
-7.278887787760586070e+04
-7.648257160157711769e+04
-8.051451945917442208e+04
-8.490902386776682397e+04
-8.969171931555164338e+04
-9.488962612303603964e+04
-1.005312055319630745e+05
-1.066464161216808861e+05
-1.132667715529559500e+05
-1.204253996392322151e+05
-1.281571027453309944e+05
-1.364984195135977352e+05
-3.937747984880388685e+04
-3.937994573237163422e+04
-3.938747689364069083e+04
-3.940047451870191435e+04
-3.941960943236012827e+04
-3.944582537010907254e+04
-3.948034355890216830e+04
-3.952466860670798633e+04
-3.958059570086310850e+04
-3.965021911521365109e+04
-3.973594202604476595e+04
-3.984048763680509001e+04
-3.996691161161937634e+04
-4.011861581759493856e+04
-4.029936337591437041e+04
-4.051329502172532375e+04
-4.076494677281573968e+04
-4.105926890708279825e+04
-4.140164624879084295e+04
-4.179791976362584683e+04
-4.225440946253055881e+04
-4.277793861434135761e+04
-4.337585926720719726e+04
-4.405607907880775747e+04
-4.482708945535449311e+04
-4.569799499938878580e+04
-4.667854426636597782e+04
-4.777916183003706101e+04
-4.901098165661140229e+04
-5.038588178772140964e+04
-5.191652033217046119e+04
-5.361637276647278486e+04
-5.549977054418891203e+04
-5.758194101404510729e+04
-5.987904864685094799e+04
-6.240823757120039954e+04
-6.518767541797077865e+04
-6.823659847360807180e+04
-7.157535814220448083e+04
-7.522546871636708966e+04
-7.920965645687755023e+04
-8.355190998114278773e+04
-8.827753196043535718e+04
-9.341319212592656550e+04
-9.898698158350885205e+04
-1.050284684374111384e+05
-1.115687547226015595e+05
-1.186405346459864959e+05
-1.262781541363943106e+05
-1.345176717033550376e+05
-3.857791815503337421e+04
-3.858036691476989654e+04
-3.858784510158601188e+04
-3.860074908330784820e+04
-3.861974162297979638e+04
-3.864575510387562827e+04
-3.867999604450603510e+04
-3.872395090363346389e+04
-3.877939317528374522e+04
-3.884839177376744919e+04
-3.893332070869904419e+04
-3.903687005002144724e+04
-3.916205818303189881e+04
-3.931224535341119918e+04
-3.949114850225544069e+04
-3.970285739111097064e+04
-3.995185201701219194e+04
-4.024302131752217247e+04
-4.058168316577474616e+04
-4.097360565552033950e+04
-4.142502967617662216e+04
-4.194269277787565079e+04
-4.253385432652433519e+04
-4.320632194885548233e+04
-4.396847926749043108e+04
-4.482931492600280762e+04
-4.579845290397936333e+04
-4.688618412209372036e+04
-4.810349933717276144e+04
-4.946212332727250759e+04
-5.097455036675451265e+04
-5.265408099136338569e+04
-5.451486005331125489e+04
-5.657191606636092183e+04
-5.884120184091381088e+04
-6.133963640910089453e+04
-6.408514823987330601e+04
-6.709671974410257826e+04
-7.039443306967604440e+04
-7.399951718659832841e+04
-7.793439626209744893e+04
-8.222273932573066850e+04
-8.688951122449408285e+04
-9.196102486793609569e+04
-9.746499476327150478e+04
-1.034305918405007833e+05
-1.098884995675316168e+05
-1.168709713552990288e+05
-1.244118892528968572e+05
-1.325468239327036426e+05
-3.783855500730416679e+04
-3.784098206992242922e+04
-3.784839349921810935e+04
-3.786118065496925556e+04
-3.787999792163786333e+04
-3.790576588562491816e+04
-3.793967578342293564e+04
-3.798319522066913487e+04
-3.803807516210131871e+04
-3.810635819241020363e+04
-3.819038804800197249e+04
-3.829282041964949167e+04
-3.841663502605372923e+04
-3.856514895830252499e+04
-3.874203129523072857e+04
-3.895131898967908637e+04
-3.919743402565733413e+04
-3.948520184640769730e+04
-3.981987105336730747e+04
-4.020713437603053171e+04
-4.065315091271811252e+04
-4.116456964223933755e+04
-4.174855420646107086e+04
-4.241280896377477620e+04
-4.316560631346674199e+04
-4.401581529098267492e+04
-4.497293143410379707e+04
-4.604710792001500522e+04
-4.724918797327669745e+04
-4.859073854469893558e+04
-5.008408526111476385e+04
-5.174234864605377516e+04
-5.357948161131914821e+04
-5.561030821946306969e+04
-5.785056371716379363e+04
-6.031693583950505126e+04
-6.302710738515340199e+04
-6.599980006243800744e+04
-6.925481960633303970e+04
-7.281310216633728123e+04
-7.669676196525740670e+04
-8.092914022889157059e+04
-8.553485538661280589e+04
-9.053985454285383457e+04
-9.597146621949398832e+04
-1.018584543691449799e+05
-1.082310736593382026e+05
-1.151211260276149551e+05
-1.225620185075132322e+05
-1.305888223254598706e+05
-3.716575778654472379e+04
-3.716815796660198248e+04
-3.717548701693896146e+04
-3.718813109377291403e+04
-3.720673587654785661e+04
-3.723220969655626686e+04
-3.726572791701182723e+04
-3.730873856456589419e+04
-3.736296921228188148e+04
-3.743043511404903256e+04
-3.751344859044985787e+04
-3.761462966607753333e+04
-3.773691795829965849e+04
-3.788358581747049175e+04
-3.805825271859696659e+04
-3.826490090444694215e+04
-3.850789228011019441e+04
-3.879198655900797166e+04
-3.912236066035270051e+04
-3.950462935805303277e+04
-3.994486718106919579e+04
-4.044963156522129430e+04
-4.102598725643973739e+04
-4.168153196546832623e+04
-4.242442327401990769e+04
-4.326340679237146105e+04
-4.420784556841669837e+04
-4.526775074816403503e+04
-4.645381348768433963e+04
-4.777743811650462885e+04
-4.925077655245768256e+04
-5.088676396797172492e+04
-5.269915570781614224e+04
-5.470256545829231618e+04
-5.691250466787465848e+04
-5.934542321929964965e+04
-6.201875135310649057e+04
-6.495094284262206929e+04
-6.816151942039957794e+04
-7.167111645610247797e+04
-7.550152988583933620e+04
-7.967576439294702141e+04
-8.421808284022322914e+04
-8.915405695360693790e+04
-9.451061925730794610e+04
-1.003161162603871053e+05
-1.066003628947835823e+05
-1.133946982047903875e+05
-1.207320422879817488e+05
-1.286469544875863940e+05
-3.656788749166495109e+04
-3.657025465802647523e+04
-3.657748286836182524e+04
-3.658995287221593753e+04
-3.660830130479524087e+04
-3.663342376592075743e+04
-3.666647913055585377e+04
-3.670889509092202934e+04
-3.676237493018480745e+04
-3.682890552772903175e+04
-3.691076659600730636e+04
-3.701054114897472027e+04
-3.713112720210007683e+04
-3.727575070395587682e+04
-3.744797969939434552e+04
-3.765173972429615969e+04
-3.789133043190874741e+04
-3.817144345075348974e+04
-3.849718147412146209e+04
-3.887407858114904957e+04
-3.930812178946890344e+04
-3.980577383944395115e+04
-4.037399720998376142e+04
-4.102027936593712366e+04
-4.175265923706536705e+04
-4.257975492860203667e+04
-4.351079266338226444e+04
-4.455563695556121820e+04
-4.572482201590889599e+04
-4.702958438868579833e+04
-4.848189682009760872e+04
-5.009450335833423014e+04
-5.188095568518280925e+04
-5.385565067922551680e+04
-5.603386921061741305e+04
-5.843181616744217899e+04
-6.106666171364808542e+04
-6.395658377856857260e+04
-6.712081177801670856e+04
-7.057967156696501479e+04
-7.435463162380264839e+04
-7.846835046617325861e+04
-8.294472529839379422e+04
-8.780894189045412350e+04
-9.308752568859382882e+04
-9.880839415746289887e+04
-1.050009103538619966e+05
-1.116959377320572967e+05
-1.189258961806861626e+05
-1.267248192912333325e+05
-3.604657647774575162e+04
-3.604890437637273862e+04
-3.605601292057013779e+04
-3.606827726095706748e+04
-3.608632466746351565e+04
-3.611103755767334951e+04
-3.614355773650862102e+04
-3.618529184725209780e+04
-3.623791803390330460e+04
-3.630339381488075014e+04
-3.638396516805316787e+04
-3.648217682711485395e+04
-3.660088378929787723e+04
-3.674326403442156152e+04
-3.691283245527968393e+04
-3.711345599936671351e+04
-3.734937002194118395e+04
-3.762519585043020197e+04
-3.794595956016556738e+04
-3.831711196146591101e+04
-3.874454979804970208e+04
-3.923463815679223626e+04
-3.979423408881643991e+04
-4.043071144192434440e+04
-4.115198690436396282e+04
-4.196654725993788452e+04
-4.288347785444668989e+04
-4.391249227347298438e+04
-4.506396323150017997e+04
-4.634895467237393314e+04
-4.777925508109698421e+04
-4.936741200696534361e+04
-5.112676779804051330e+04
-5.307149654696327343e+04
-5.521664224809876760e+04
-5.757815816602761333e+04
-6.017294741536883521e+04
-6.301890475194540340e+04
-6.613495957528387953e+04
-6.954112014245524188e+04
-7.325851899325210252e+04
-7.730945958670484833e+04
-8.171746414893532346e+04
-8.650732273234857712e+04
-9.170514348616343341e+04
-9.733840413827923476e+04
-1.034360046884842159e+05
-1.100283213129970682e+05
-1.171472614803518518e+05
-1.248263202786157635e+05
-3.557607836145926558e+04
-3.557836317380070250e+04
-3.558534056505175977e+04
-3.559737999344208220e+04
-3.561509920786735893e+04
-3.563936722565548553e+04
-3.567130850143922726e+04
-3.571230828713811206e+04
-3.576401918304510036e+04
-3.582836888002025808e+04
-3.590756909279396496e+04
-3.600412568437134905e+04
-3.612084998154865025e+04
-3.626087128153401864e+04
-3.642765054967597098e+04
-3.662499530829891592e+04
-3.685707571664146963e+04
-3.712844184190912347e+04
-3.744404212142728647e+04
-3.780924301590233517e+04
-3.822984985379375576e+04
-3.871212886678568611e+04
-3.926283041637150018e+04
-3.988921341154268157e+04
-4.059907091758545721e+04
-4.140075695598102902e+04
-4.230321449541825859e+04
-4.331600463390791265e+04
-4.444933697200629103e+04
-4.571410117714451917e+04
-4.712189973906622618e+04
-4.868508191637108393e+04
-5.041677887416302110e+04
-5.233094001280966040e+04
-5.444237048780508485e+04
-5.676676992073991278e+04
-5.932077230137964943e+04
-6.212198708084781538e+04
-6.518904145591887936e+04
-6.854162384441267932e+04
-7.220052855170241673e+04
-7.618770162832338247e+04
-8.052628791869262932e+04
-8.524067930093315954e+04
-9.035656411780571216e+04
-9.590097779874708795e+04
-1.019023546730161615e+05
-1.083905809739442193e+05
-1.153970490342962003e+05
-1.229547126727337309e+05
-3.513187065146879468e+04
-3.513411073533864692e+04
-3.514095204511014163e+04
-3.515275834087849944e+04
-3.517013784148855484e+04
-3.519394615256771067e+04
-3.522529036576960061e+04
-3.526553432922840148e+04
-3.531630508923166781e+04
-3.537950050309664221e+04
-3.545729802326927893e+04
-3.555216465262778365e+04
-3.566686807100137230e+04
-3.580448893290388514e+04
-3.596843433647403435e+04
-3.616245246363800834e+04
-3.639064839147268503e+04
-3.665750107478957216e+04
-3.696788149993006664e+04
-3.732707200976918102e+04
-3.774078679993881087e+04
-3.821519358625568566e+04
-3.875693644336652505e+04
-3.937315981460663897e+04
-4.007153369306687819e+04
-4.086027997387762298e+04
-4.174819997769986367e+04
-4.274470314543589484e+04
-4.385983690414660668e+04
-4.510431770418277301e+04
-4.648956322753134737e+04
-4.802772576737107011e+04
-4.973172677884216682e+04
-5.161529260102860280e+04
-5.369299135015261709e+04
-5.598027098398133239e+04
-5.849349853744704160e+04
-6.125000052947815857e+04
-6.426810454104571545e+04
-6.756718196441822511e+04
-7.116769192363326147e+04
-7.509122636617878743e+04
-7.936055632588716981e+04
-8.399967935704422416e+04
-8.903386813970748335e+04
-9.448972025623924856e+04
-1.003952091390504502e+05
-1.067797361895595677e+05
-1.136741840683612681e+05
-1.211109711566089100e+05
-3.472064532005654473e+04
-3.472283886091828754e+04
-3.472953863492705568e+04
-3.474110267214621854e+04
-3.475812960864200431e+04
-3.478146156542854442e+04
-3.481218817898895941e+04
-3.485165178337389807e+04
-3.490145374387766060e+04
-3.496346194229182584e+04
-3.503981941373480367e+04
-3.513295413506296609e+04
-3.524558996485429816e+04
-3.538075873497298744e+04
-3.554181349370971293e+04
-3.573244290049978008e+04
-3.595668677222022961e+04
-3.621895278106103069e+04
-3.652403430397830380e+04
-3.687712942371969984e+04
-3.728386108143188176e+04
-3.775029838084305811e+04
-3.828297904402528366e+04
-3.888893301872820302e+04
-3.957570723729964811e+04
-4.035139152717542311e+04
-4.122464567295052984e+04
-4.220472763002637657e+04
-4.330152288983885956e+04
-4.452557499665751675e+04
-4.588811721596801362e+04
-4.740110535442976106e+04
-4.907725173141095001e+04
-5.093006030210085737e+04
-5.297386293220058724e+04
-5.522385682418985380e+04
-5.769614309517372749e+04
-6.040776650630348740e+04
-6.337675634377665119e+04
-6.662216845141675731e+04
-7.016412841482523072e+04
-7.402387589711620240e+04
-7.822381012622512935e+04
-8.278753653379621392e+04
-8.773991454564807646e+04
-9.310710652381513501e+04
-9.891662786016864993e+04
-1.051973982216106815e+05
-1.119797939468540426e+05
-1.192957015947694890e+05
-3.435701480851082306e+04
-3.435915957621490816e+04
-3.436571109465476184e+04
-3.437702157582624204e+04
-3.439367992645021877e+04
-3.441651457805863174e+04
-3.444659744911895541e+04
-3.448524903919354256e+04
-3.453404465513303876e+04
-3.459482176930684363e+04
-3.466968850986797042e+04
-3.476103328305290779e+04
-3.487153552751765528e+04
-3.500417760070905206e+04
-3.516225779727121699e+04
-3.534940449948539026e+04
-3.556959145974992134e+04
-3.582715421509013686e+04
-3.612680763370725617e+04
-3.647366459356183623e+04
-3.687325579298935190e+04
-3.733155069335844018e+04
-3.785497959375593200e+04
-3.845045683771291078e+04
-3.912540515196416527e+04
-3.988778111724338669e+04
-4.074610177111363737e+04
-4.170947234283232683e+04
-4.278761512025241973e+04
-4.399089944876034860e+04
-4.533037286224495620e+04
-4.681779334610712249e+04
-4.846566273230004299e+04
-5.028726122640894027e+04
-5.229668306676253269e+04
-5.450887331558112055e+04
-5.693966578216264315e+04
-5.960582207809959073e+04
-6.252507180453346518e+04
-6.571615387144523265e+04
-6.919885894898045808e+04
-7.299407305080877268e+04
-7.712382224952099205e+04
-8.161131852405867539e+04
-8.648100673918104440e+04
-9.175861275696732628e+04
-9.747119268035217829e+04
-1.036471832287011348e+05
-1.103164532454143482e+05
-1.175103563375730009e+05
-3.404776643087922275e+04
-3.404985980639209447e+04
-3.405625517743542150e+04
-3.406729883378512022e+04
-3.408356977927804110e+04
-3.410588251312718785e+04
-3.413529092376211338e+04
-3.417309329519602761e+04
-3.422083842591998109e+04
-3.428033286031967145e+04
-3.435364923262342927e+04
-3.444313572337084042e+04
-3.455142662841138372e+04
-3.468145404042686278e+04
-3.483646064298051351e+04
-3.502001361709227785e+04
-3.523601966034064390e+04
-3.548874111848793109e+04
-3.578281322963643470e+04
-3.612326248090522131e+04
-3.651552607763506239e+04
-3.696547252512245905e+04
-3.747942332287308091e+04
-3.806417577138930210e+04
-3.872702689147487399e+04
-3.947579845607398602e+04
-4.031886313462989347e+04
-4.126517174997458642e+04
-4.232428164774017205e+04
-4.350638617829860596e+04
-4.482234529122777167e+04
-4.628371724230206019e+04
-4.790279141301038908e+04
-4.969262224259853247e+04
-5.166706427263998194e+04
-5.384080830412977957e+04
-5.622941866710659815e+04
-5.884937160280080570e+04
-6.171809475830711744e+04
-6.485400779378370498e+04
-6.827656410217843950e+04
-7.200629364148034074e+04
-7.606484687949596264e+04
-8.047503985115449177e+04
-8.526090032833618170e+04
-9.044771510222750658e+04
-9.606207837820472196e+04
-1.021319412832375383e+05
-1.086866624858279683e+05
-1.157570599284644850e+05
-3.379489626347661397e+04
-3.379693425488797220e+04
-3.380316147719438595e+04
-3.381391822111666988e+04
-3.382977345952698670e+04
-3.385152757995759021e+04
-3.388021621011452953e+04
-3.391711513638930774e+04
-3.396374631537828100e+04
-3.402188497840474884e+04
-3.409356782904258580e+04
-3.418110233364491432e+04
-3.428707710487555596e+04
-3.441437337824207498e+04
-3.456617758163526014e+04
-3.474599499786992237e+04
-3.495766452022895101e+04
-3.520537450101118884e+04
-3.549367969308220199e+04
-3.582751928442935605e+04
-3.621223602571857919e+04
-3.665359645085554803e+04
-3.715781219054969552e+04
-3.773156237888304167e+04
-3.838201715287839761e+04
-3.911686224507540464e+04
-3.994432466910743096e+04
-4.087319949828166864e+04
-4.191287773716462834e+04
-4.307337528616705822e+04
-4.436536299913573748e+04
-4.580019783394689148e+04
-4.738995509610498993e+04
-4.914746177534069284e+04
-5.108633097521486343e+04
-5.322099743572733860e+04
-5.556675414892602566e+04
-5.813979006751979614e+04
-6.095722890649663168e+04
-6.403716903774275852e+04
-6.739872447766640107e+04
-7.106206696782563813e+04
-7.504846914855572686e+04
-7.938034882560497499e+04
-8.408131432977055374e+04
-8.917621096953756933e+04
-9.469116857672380866e+04
-1.006536501451238000e+05
-1.070925015621616767e+05
-1.140380024335414782e+05
-3.360179439858684782e+04
-3.360377161351274844e+04
-3.360981449098393205e+04
-3.362025726578884496e+04
-3.363565878492983757e+04
-3.365680519115667994e+04
-3.368471367991324223e+04
-3.372063732969858393e+04
-3.376607100583842839e+04
-3.382275833767326549e+04
-3.389269976915744337e+04
-3.397816168287338223e+04
-3.408168659745647165e+04
-3.420610443843835674e+04
-3.435454488249636051e+04
-3.453045077512315765e+04
-3.473759262170457805e+04
-3.498008415201565367e+04
-3.526239895812318719e+04
-3.558938820570886310e+04
-3.596629941880449769e+04
-3.639879633793172252e+04
-3.689297985166920989e+04
-3.745541000162143609e+04
-3.809312906080803077e+04
-3.881368568546184542e+04
-3.962516014024350443e+04
-4.053619059686700348e+04
-4.155600050614063366e+04
-4.269442704341994249e+04
-4.396195062747474003e+04
-4.536972551276763261e+04
-4.692961145514895179e+04
-4.865420645096326189e+04
-5.055688054956810083e+04
-5.265181073926782119e+04
-5.495401690666162176e+04
-5.747939886940136057e+04
-6.024477448236614873e+04
-6.326791881724850100e+04
-6.656760441555427678e+04
-7.016364261501708825e+04
-7.407692594942291908e+04
-7.832947162185162597e+04
-8.294446605132923287e+04
-8.794631049289598013e+04
-9.336066773108496272e+04
-9.921450984681517002e+04
-1.055361670576995239e+05
-1.123553776317639713e+05
-3.346071856825314899e+04
-3.346263061825289333e+04
-3.346847597688286623e+04
-3.347858279697906255e+04
-3.349349975642110076e+04
-3.351399869285763270e+04
-3.354107829232321819e+04
-3.357596883174759569e+04
-3.362013797535422782e+04
-3.367529762495055911e+04
-3.374341182410644251e+04
-3.382670571622777788e+04
-3.392767555651540169e+04
-3.404909977782101487e+04
-3.419405111038697214e+04
-3.436590975548238202e+04
-3.456837761292608047e+04
-3.480549356250348501e+04
-3.508164979927225795e+04
-3.540160922275736812e+04
-3.577052388004133536e+04
-3.619395446273994457e+04
-3.667789085787217482e+04
-3.722877375261948328e+04
-3.785351729297709244e+04
-3.855953279629288591e+04
-3.935475351770115958e+04
-4.024766047044374864e+04
-4.124730930008408905e+04
-4.236335821260995726e+04
-4.360609695642847510e+04
-4.498647685825237568e+04
-4.651614191287465655e+04
-4.820746092683485767e+04
-5.007356071597883420e+04
-5.212836035690362041e+04
-5.438660649229861156e+04
-5.686390969017477619e+04
-5.957678185698352172e+04
-6.254267470462945494e+04
-6.578001927137009625e+04
-6.930826649661012925e+04
-7.314792884958320064e+04
-7.732062301192607265e+04
-8.184911361414316343e+04
-8.675735802596148278e+04
-9.207055220057806582e+04
-9.781517757279209036e+04
-1.040190490110392129e+05
-1.107113638233032834e+05
-3.335362931287990068e+04
-3.335547406260564458e+04
-3.336111550658608030e+04
-3.337087574657052755e+04
-3.338529334327472316e+04
-3.340512590308072686e+04
-3.343135369941686804e+04
-3.346518432881779154e+04
-3.350805840166433336e+04
-3.356165626760380110e+04
-3.362790577564881823e+04
-3.370899106895994919e+04
-3.380736241430262453e+04
-3.392574706618790515e+04
-3.406716116569501173e+04
-3.423492267396739044e+04
-3.443266534039565886e+04
-3.466435370547551429e+04
-3.493429913834981562e+04
-3.524717690902714094e+04
-3.560804429528063338e+04
-3.602235972423110798e+04
-3.649600294860389113e+04
-3.703529625767146354e+04
-3.764702672287110181e+04
-3.833846947810576239e+04
-3.911741203472446068e+04
-3.999217963118154876e+04
-4.097166161737667426e+04
-4.206533887367603893e+04
-4.328331226460976904e+04
-4.463633212725442718e+04
-4.613582879429122113e+04
-4.779394415174677124e+04
-4.962356423141306732e+04
-5.163835283794718271e+04
-5.385278621065038897e+04
-5.628218871993022185e+04
-5.894276959843748773e+04
-6.185166070688894979e+04
-6.502695533456564590e+04
-6.848774803449281899e+04
-7.225417549330092152e+04
-7.634745843576379411e+04
-8.078994456402053765e+04
-8.560515253147415933e+04
-9.081781695137171482e+04
-9.645393444006345817e+04
-1.025408106949452485e+05
-1.091071086070753081e+05
-3.327440086013588007e+04
-3.327617705271542945e+04
-3.328161082720819832e+04
-3.329101828181002202e+04
-3.330492793995824468e+04
-3.332408328999952209e+04
-3.334944634072473127e+04
-3.338220219276951684e+04
-3.342376462588270078e+04
-3.347578270206190064e+04
-3.354014838455573772e+04
-3.361900517273155128e+04
-3.371475775281451934e+04
-3.383008266448711220e+04
-3.396793998336192453e+04
-3.413158601931721932e+04
-3.432458703070182673e+04
-3.455083395440491586e+04
-3.481455815179485944e+04
-3.512034817052292055e+04
-3.547316752219718182e+04
-3.587837347591909929e+04
-3.634173686768891639e+04
-3.686946292568104400e+04
-3.746821311138196324e+04
-3.814512797659530770e+04
-3.890785103631891252e+04
-3.976455365748173790e+04
-4.072396096355387999e+04
-4.179537875502003590e+04
-4.298872144572042453e+04
-4.431454101505939616e+04
-4.578405697608218179e+04
-4.740918735941468913e+04
-4.920258071307394130e+04
-5.117764911814493826e+04
-5.334860222032238380e+04
-5.573048227732180385e+04
-5.833920022215621429e+04
-6.119157274227991002e+04
-6.430536037459933141e+04
-6.769930661635247816e+04
-7.139317805185135512e+04
-7.540780549509609409e+04
-7.976512614825177297e+04
-8.448822677599533927e+04
-8.960138789573020767e+04
-9.513012898365953879e+04
-1.011012546967417002e+05
-1.075429021104962740e+05
-3.323359309975511133e+04
-3.323529937607331522e+04
-3.324052140226477059e+04
-3.324956926872626354e+04
-3.326296145506866742e+04
-3.328142732354425243e+04
-3.330591060984221986e+04
-3.333757391125386494e+04
-3.337780417221231619e+04
-3.342821916719645378e+04
-3.349067498101128876e+04
-3.356727448643341631e+04
-3.366037681923039054e+04
-3.377260785054933513e+04
-3.390687165667497902e+04
-3.406636298615960550e+04
-3.425458072432178597e+04
-3.447534235511619772e+04
-3.473279942037447472e+04
-3.503145397641506861e+04
-3.537617604802404821e+04
-3.577222207980699750e+04
-3.622525438490938541e+04
-3.674136159110773588e+04
-3.732708008427541063e+04
-3.798941644920928229e+04
-3.873587090783744497e+04
-3.957446175479100930e+04
-4.051375079034538066e+04
-4.156286975073718349e+04
-4.273154773584553914e+04
-4.403013963424908434e+04
-4.546965554564818740e+04
-4.706179120066225005e+04
-4.881895937799407693e+04
-5.075432231896476878e+04
-5.288182513942159130e+04
-5.521623023901345732e+04
-5.777315270783742017e+04
-6.056909673045616364e+04
-6.362149298728534632e+04
-6.694873705335121485e+04
-7.057022879441891564e+04
-7.450641276049005683e+04
-7.877881957667297684e+04
-8.341010833142024057e+04
-8.842410996213849285e+04
-9.384587163816929387e+04
-9.970170214113703696e+04
-1.060192182426711806e+05
-3.324127025406069879e+04
-3.324290529878157395e+04
-3.324791161311390169e+04
-3.325659322713270376e+04
-3.326945848951450171e+04
-3.328722251536445401e+04
-3.331081061317642161e+04
-3.334136269092106522e+04
-3.338023864126791887e+04
-3.342902470593542967e+04
-3.348954081917568692e+04
-3.356384893038674636e+04
-3.365426230585770099e+04
-3.376335580964576366e+04
-3.389397716358100297e+04
-3.404925918640632881e+04
-3.423263301204534946e+04
-3.444784228700310632e+04
-3.469895834689596813e+04
-3.499039637211500667e+04
-3.532693252261824091e+04
-3.571372205185510393e+04
-3.615631839982197562e+04
-3.666069326524729695e+04
-3.723325765690977278e+04
-3.788088392408832442e+04
-3.861092876613570843e+04
-3.943125722119652346e+04
-4.035026763404250960e+04
-4.137691760304885975e+04
-4.252075090629454644e+04
-4.379192540679940430e+04
-4.520124193688832747e+04
-4.676017416168812633e+04
-4.848089942175553006e+04
-5.037633055483526550e+04
-5.246014869674936926e+04
-5.474683706142003211e+04
-5.725171570001819055e+04
-5.999097723924869933e+04
-6.298172359876376868e+04
-6.624200368770616478e+04
-6.979085208038773271e+04
-7.364832867109442304e+04
-7.783555930802434159e+04
-8.237477740635821829e+04
-8.728936654045729665e+04
-9.260390401519625448e+04
-9.834420541642465105e+04
-1.045373701405593747e+05
-3.329000104665647086e+04
-3.329156334737964789e+04
-3.329634941368065483e+04
-3.330465721853805007e+04
-3.331698498553197715e+04
-3.333403359176462982e+04
-3.335670993195467599e+04
-3.338613124369626166e+04
-3.342363039388836478e+04
-3.347076212633578689e+04
-3.352931027051420097e+04
-3.360129591150923807e+04
-3.368898652112144919e+04
-3.379490605014128960e+04
-3.392184598179291788e+04
-3.407287734634843946e+04
-3.425136369690854190e+04
-3.446097504635479709e+04
-3.470570276546938112e+04
-3.498987544222359429e+04
-3.531817570223772782e+04
-3.569565799040731508e+04
-3.612776731370022026e+04
-3.662035894512085360e+04
-3.717971908884565346e+04
-3.781258650652713550e+04
-3.852617510476567986e+04
-3.932819748374952178e+04
-4.022688944706943585e+04
-4.123103547269464616e+04
-4.234999514512384485e+04
-4.359373054870148189e+04
-4.497283462210623838e+04
-4.649856047400501848e+04
-4.818285165987964137e+04
-5.003837342001999787e+04
-5.207854487868677825e+04
-5.431757220444439736e+04
-5.677048273166151193e+04
-5.945316004318095656e+04
-6.238238001415982581e+04
-6.557584781707717048e+04
-6.905223588791117072e+04
-7.283122285348564037e+04
-7.693353341998576070e+04
-8.138097922264208319e+04
-8.619650063658435829e+04
-9.140420954886329127e+04
-9.702943309164338280e+04
-1.030987583365626342e+05
-3.336357207000913331e+04
-3.336505957989317540e+04
-3.336961929487738234e+04
-3.337754324271596852e+04
-3.338931970885185001e+04
-3.340563559519353294e+04
-3.342737972240592353e+04
-3.345564707571204781e+04
-3.349174399420274131e+04
-3.353719430366285087e+04
-3.359374639290464984e+04
-3.366338123361432372e+04
-3.374832134371022403e+04
-3.385104069420960150e+04
-3.397427555961215694e+04
-3.412103631178831711e+04
-3.429462015738310583e+04
-3.449862481873093930e+04
-3.473696315828072693e+04
-3.501387874653218023e+04
-3.533396237348363502e+04
-3.570216950359262410e+04
-3.612383867424554774e+04
-3.660471083773982537e+04
-3.715094964677782991e+04
-3.776916268347045116e+04
-3.846642363185458817e+04
-3.925029539391849539e+04
-4.012885414914220746e+04
-4.111071435754653066e+04
-4.220505470625402813e+04
-4.342164499956220970e+04
-4.477087399252790783e+04
-4.626377816806038754e+04
-4.791207145753045916e+04
-4.972817590488585120e+04
-5.172525327428246237e+04
-5.391723760122345993e+04
-5.631886868721171049e+04
-5.894572653791241464e+04
-6.181426674482800445e+04
-6.494185681048320112e+04
-6.834681341712341236e+04
-7.204844063892104896e+04
-7.606706909769677441e+04
-8.042409606215052190e+04
-8.514202649060272961e+04
-9.024451501724892296e+04
-9.575640888192430430e+04
-1.017037918033800088e+05
-3.345231137981321081e+04
-3.345372217249756068e+04
-3.345804981147810031e+04
-3.346558054263613303e+04
-3.347679298609562829e+04
-3.349236045170802390e+04
-3.351315418072589091e+04
-3.354024751367693534e+04
-3.357492098442521819e+04
-3.361866834042767005e+04
-3.367320348918683885e+04
-3.374046837089159817e+04
-3.382264175725496170e+04
-3.392214897654636297e+04
-3.404167256481250661e+04
-3.418416384329598804e+04
-3.435285542204559897e+04
-3.455127462971945351e+04
-3.478325786958325625e+04
-3.505296590170002310e+04
-3.536490005131356884e+04
-3.572391934342717286e+04
-3.613525856357203156e+04
-3.660454724477423588e+04
-3.713782958070893073e+04
-3.774158526505337795e+04
-3.842275125702879450e+04
-3.918874447314118152e+04
-4.004748540510850580e+04
-4.100742266398646461e+04
-4.207755845048699121e+04
-4.326747495148649614e+04
-4.458736166273331764e+04
-4.604804363774271042e+04
-4.766101066288968286e+04
-4.943844735869141732e+04
-5.139326420728680387e+04
-5.353912950610718690e+04
-5.589050224773972150e+04
-5.846266592598567513e+04
-6.127176326811304170e+04
-6.433483189329864399e+04
-6.766984089726743696e+04
-7.129572836312446452e+04
-7.523243979837716324e+04
-7.950096749815549992e+04
-8.412339083462375856e+04
-8.912291747258162650e+04
-9.452392551126690523e+04
-1.003520065523437224e+05
-3.354427096006205829e+04
-3.354560523842804832e+04
-3.354970147223019740e+04
-3.355684031224477803e+04
-3.356749102531734388e+04
-3.358231376769092458e+04
-3.360216276766589726e+04
-3.362809041758703825e+04
-3.366135227516821760e+04
-3.370341297414344444e+04
-3.375595304424906499e+04
-3.382087664054137713e+04
-3.390032018203877669e+04
-3.399666189970231062e+04
-3.411253229374083458e+04
-3.425082550025235105e+04
-3.441471156719328428e+04
-3.460764963967929361e+04
-3.483340205461918231e+04
-3.509604934467899875e+04
-3.540000615157491120e+04
-3.575003804870128806e+04
-3.615127927308634389e+04
-3.660925136668146297e+04
-3.712988272698037326e+04
-3.771952906696916034e+04
-3.838499478440918028e+04
-3.913355524044767662e+04
-3.997297994756569096e+04
-4.091155666684817697e+04
-4.195811641459427483e+04
-4.312205937825280853e+04
-4.441338174169143895e+04
-4.584270341979608202e+04
-4.742129670240110136e+04
-4.916111580755321484e+04
-5.107482734410201374e+04
-5.317584168362565833e+04
-5.547834524168710050e+04
-5.799733366841792304e+04
-6.074864594843791565e+04
-6.374899941010415205e+04
-6.701602564408919716e+04
-7.056830733129344299e+04
-7.442541598008708388e+04
-7.860795057288274984e+04
-8.313757712204093696e+04
-8.803706913510491722e+04
-9.333034898936728132e+04
-9.904253021576852188e+04
-3.362575690551096341e+04
-3.362701694333486375e+04
-3.363088866573089035e+04
-3.363764734598889481e+04
-3.364775326131343172e+04
-3.366185392540698376e+04
-3.368078721408707497e+04
-3.370558538393431809e+04
-3.373747998397638003e+04
-3.377790766040218296e+04
-3.382851685431268561e+04
-3.389117539250200207e+04
-3.396797897127371107e+04
-3.406126053328849957e+04
-3.417360053744672769e+04
-3.430783812180370296e+04
-3.446708315951678378e+04
-3.465472920782903384e+04
-3.487446735008106043e+04
-3.513030093076179037e+04
-3.542656118358760432e+04
-3.576792375261675625e+04
-3.615942610639886698e+04
-3.660648584515301627e+04
-3.711491990098276437e+04
-3.769096463112461788e+04
-3.834129680422619276e+04
-3.907305547966099402e+04
-3.989386477987442049e+04
-4.081185755576594966e+04
-4.183569994509834214e+04
-4.297461682394782110e+04
-4.423841815118088562e+04
-4.563752620597041096e+04
-4.718300371833719691e+04
-4.888658289273300761e+04
-5.076069532465095836e+04
-5.281850281027189340e+04
-5.507392904914275277e+04
-5.754169223988978047e+04
-6.023733856896126963e+04
-6.317727659240888897e+04
-6.637881251069766586e+04
-6.986018633655091980e+04
-7.364060895582893863e+04
-7.774030008143954910e+04
-8.218052710028363799e+04
-8.698364481323104701e+04
-9.217313606813375372e+04
-9.777365328586798569e+04
-3.369660906389786396e+04
-3.369779756178960088e+04
-3.370145294097316219e+04
-3.370784529662472778e+04
-3.371742624953432824e+04
-3.373083113935281290e+04
-3.374888209513401671e+04
-3.377259198317895789e+04
-3.380316923217523436e+04
-3.384202353563500219e+04
-3.389077243163510866e+04
-3.395124875984776736e+04
-3.402550899587935419e+04
-3.411584246289764997e+04
-3.422478142056558136e+04
-3.435511203126658074e+04
-3.450988620363385417e+04
-3.469243431337458605e+04
-3.490637880139182380e+04
-3.515564864920789842e+04
-3.544449473168356781e+04
-3.577750604703526187e+04
-3.615962682415247400e+04
-3.659617450721261412e+04
-3.709285861759275576e+04
-3.765580049308139132e+04
-3.829155390438823088e+04
-3.900712654895131709e+04
-3.981000242204369715e+04
-4.070816506517655216e+04
-4.171012169180352066e+04
-4.282492819031990075e+04
-4.406221500436225324e+04
-4.543221389040551003e+04
-4.694578555266081821e+04
-4.861444815526525781e+04
-5.045040671177790500e+04
-5.246658335196827829e+04
-5.467664846590578964e+04
-5.709505272534624237e+04
-5.973705998241796624e+04
-6.261878104560454813e+04
-6.575720833302718529e+04
-6.917025140302430373e+04
-7.287677336203071172e+04
-7.689662814975345100e+04
-8.125069870164724125e+04
-8.596093598868775007e+04
-9.105039893444265181e+04
-9.654329520944172691e+04
-3.376401039572864829e+04
-3.376513032917564851e+04
-3.376857833944626327e+04
-3.377461948737673811e+04
-3.378369697785130120e+04
-3.379643431504137698e+04
-3.381363831973538618e+04
-3.383630300876709225e+04
-3.386561433653750282e+04
-3.390295579863076273e+04
-3.394991489752641064e+04
-3.400829047040524893e+04
-3.408010087905160617e+04
-3.416759306184812885e+04
-3.427325244786893018e+04
-3.439981373306360911e+04
-3.455027251853847702e+04
-3.472789781093412603e+04
-3.493624538489356928e+04
-3.517917200762881839e+04
-3.546085052558168536e+04
-3.578578581317861244e+04
-3.615883158368011937e+04
-3.658520806212707248e+04
-3.707052052038039255e+04
-3.762077867425435397e+04
-3.824241694274809561e+04
-3.894231556936896231e+04
-3.972782260555271932e+04
-4.060677675617679779e+04
-4.158753108717074792e+04
-4.267897759521864646e+04
-4.389057263956058887e+04
-4.523236323588272353e+04
-4.671501421230965207e+04
-4.834983622748621565e+04
-5.014881465075554297e+04
-5.212463930443315621e+04
-5.429073506817535235e+04
-5.666129334544127778e+04
-5.925130439205149014e+04
-6.207659050684102840e+04
-6.515384008440688194e+04
-6.850064252995022980e+04
-7.213552403621407575e+04
-7.607798422251628654e+04
-8.034853363587566128e+04
-8.496873211423544853e+04
-8.996122801177791553e+04
-9.534979828633934085e+04
-3.382612486727410578e+04
-3.382717955263816839e+04
-3.383043019039379578e+04
-3.383613694923996809e+04
-3.384473485604148300e+04
-3.385683591437878204e+04
-3.387323207051632926e+04
-3.389489902679307124e+04
-3.392300090243124578e+04
-3.395889574176448514e+04
-3.400414186988645815e+04
-3.406050509572117880e+04
-3.412996676250915334e+04
-3.421473264571680920e+04
-3.431724269836350868e+04
-3.444018164377199719e+04
-3.458649041573151044e+04
-3.475937844608951127e+04
-3.496233679975710402e+04
-3.519915215713616635e+04
-3.547392164396624139e+04
-3.579106850859247788e+04
-3.615535864665059489e+04
-3.657191797317442979e+04
-3.704625064212202415e+04
-3.758425811332118610e+04
-3.819225906683596259e+04
-3.887701016475251527e+04
-3.964572766038370173e+04
-4.050610985489622544e+04
-4.146636040135343501e+04
-4.253521245618303510e+04
-4.372195367805934802e+04
-4.503645207421100349e+04
-4.648918269414170936e+04
-4.809125517077832774e+04
-4.985444210903276689e+04
-5.179120832178634009e+04
-5.391474091329446674e+04
-5.623898021000957669e+04
-5.877865153882415325e+04
-6.154929785273550806e+04
-6.456731320392747875e+04
-6.784997706427432422e+04
-7.141548949326266302e+04
-7.528300715333483822e+04
-7.947268017265159870e+04
-8.400568985527280893e+04
-8.890428723876159347e+04
-9.419183249920462549e+04
-3.386446797309474641e+04
-3.386546061664599983e+04
-3.386852358370267029e+04
-3.387391240010426554e+04
-3.388205433101277595e+04
-3.389355046406250040e+04
-3.390917862576433981e+04
-3.392989713116971689e+04
-3.395684936679521343e+04
-3.399136920680444746e+04
-3.403498726244865247e+04
-3.408943796476685384e+04
-3.415666748054353229e+04
-3.423884246152833657e+04
-3.433835962690853921e+04
-3.445785617904759420e+04
-3.460022105247706349e+04
-3.476860699614887562e+04
-3.496644348894766154e+04
-3.519745048846067948e+04
-3.546565301300628926e+04
-3.577539655692194356e+04
-3.613136333911099064e+04
-3.653858938484705868e+04
-3.700248244083994359e+04
-3.752884072355654644e+04
-3.812387250080388912e+04
-3.879421650656893326e+04
-3.954696318911852723e+04
-4.038967679235676769e+04
-4.133041827044257661e+04
-4.237776903566534747e+04
-4.354085553957862430e+04
-4.482937468739422184e+04
-4.625362008563432755e+04
-4.782450912304135272e+04
-4.955361088474939606e+04
-5.145317489971098985e+04
-5.353616072138500749e+04
-5.581626834168329515e+04
-5.830796943817481952e+04
-6.102653945454960194e+04
-6.398809051434084540e+04
-6.720960516790671682e+04
-7.070897097267028585e+04
-7.450501590661786031e+04
-7.861754461505735526e+04
-8.306737549063378538e+04
-8.787637858660596248e+04
-9.306751436337899941e+04
-3.385955269526345364e+04
-3.386048641405596572e+04
-3.386337117929564556e+04
-3.386845822736890841e+04
-3.387616765159129136e+04
-3.388709045121118834e+04
-3.390199140001824708e+04
-3.392181273455348855e+04
-3.394767866191976645e+04
-3.398090068719740520e+04
-3.402298376045963960e+04
-3.407563324339053361e+04
-3.414076269550655707e+04
-3.422050247997803672e+04
-3.431720918905567669e+04
-3.443347588909541082e+04
-3.457214318518911023e+04
-3.473631110539572546e+04
-3.492935180457365641e+04
-3.515492308781803877e+04
-3.541698275349762116e+04
-3.571980375589390314e+04
-3.606799018744512432e+04
-3.646649408058932022e+04
-3.692063302921043942e+04
-3.743610862968802394e+04
-3.801902574154691683e+04
-3.867591256771105691e+04
-3.941374155435821012e+04
-4.023995111037632887e+04
-4.116246814642457321e+04
-4.218973143359312962e+04
-4.333071578166906693e+04
-4.459495703699916339e+04
-4.599257789996157953e+04
-4.753431456203254493e+04
-4.923154416246066830e+04
-5.109631306454241712e+04
-5.314136595149500499e+04
-5.538017574193957262e+04
-5.782697432497923000e+04
-6.049678411488341226e+04
-6.340545042537333211e+04
-6.656967466350819450e+04
-7.000704834317634231e+04
-7.373608791818624013e+04
-7.777627043495987891e+04
-8.214807000483101001e+04
-8.687299509593969560e+04
-9.197362664473701443e+04
-3.380924479799832625e+04
-3.381012329883321945e+04
-3.381284109482316126e+04
-3.381764546964023612e+04
-3.382494990678651811e+04
-3.383533610566610150e+04
-3.384955680408699118e+04
-3.386853940719365346e+04
-3.389339042282420269e+04
-3.392540070330172603e+04
-3.396605149365180114e+04
-3.401702128624882607e+04
-3.408019348189374432e+04
-3.415766485731767898e+04
-3.425175483911860647e+04
-3.436501558412302984e+04
-3.450024286617957841e+04
-3.466048776938025549e+04
-3.484906918771138589e+04
-3.506958713113380509e+04
-3.532593683809180220e+04
-3.562232369444992946e+04
-3.596327895886236365e+04
-3.635367629456723080e+04
-3.679874910761321371e+04
-3.730410869151273073e+04
-3.787576317832604400e+04
-3.852013729617457284e+04
-3.924409293318075652e+04
-4.005495050784091291e+04
-4.096051114582287846e+04
-4.196907966319677507e+04
-4.308948835609172238e+04
-4.433112159678358148e+04
-4.570394123621049221e+04
-4.721851281291945634e+04
-4.888603256843873532e+04
-5.071835526908241445e+04
-5.272802283418370644e+04
-5.492829377075408411e+04
-5.733317341457612929e+04
-5.995744497772241448e+04
-6.281670140250428085e+04
-6.592737802185045439e+04
-6.930678602611258975e+04
-7.297314673630266043e+04
-7.694562668375810608e+04
-8.124437349623489717e+04
-8.589055259043221304e+04
-9.090638467094380758e+04
-3.372041267048737791e+04
-3.372124042979459773e+04
-3.372380477531956421e+04
-3.372834930671544862e+04
-3.373528134620212222e+04
-3.374517392277102772e+04
-3.375876855006378901e+04
-3.377697879793583706e+04
-3.380089465769793605e+04
-3.383178770103798888e+04
-3.387111703262630181e+04
-3.392053603639711218e+04
-3.398189991551300045e+04
-3.405727402601043286e+04
-3.414894300412231678e+04
-3.425942068728475715e+04
-3.439146082882252813e+04
-3.454806860631414747e+04
-3.473251292363966786e+04
-3.494833950670534978e+04
-3.519938479285292851e+04
-3.548979061394647579e+04
-3.582401967313981731e+04
-3.620687181532604154e+04
-3.664350109126561438e+04
-3.713943361539595935e+04
-3.770058621732098254e+04
-3.833328588698142994e+04
-3.904429001350457838e+04
-3.984080741773635964e+04
-4.073052017845203227e+04
-4.172160625224739488e+04
-4.282276288711212692e+04
-4.404323082968140079e+04
-4.539281932616903214e+04
-4.688193191698118608e+04
-4.852159302501006459e+04
-5.032347533760759688e+04
-5.229992798224061698e+04
-5.446400549582616804e+04
-5.682949758774643851e+04
-5.941095969654379587e+04
-6.222374434029900294e+04
-6.528403326068622118e+04
-6.860887036071108014e+04
-7.221619543612757116e+04
-7.612487870053635561e+04
-8.035475610416260315e+04
-8.492666544631539728e+04
-8.986248328152636532e+04
-3.359006923988192284e+04
-3.359085158650510130e+04
-3.359327855350849859e+04
-3.359759031297163892e+04
-3.360418845395217068e+04
-3.361363793587542023e+04
-3.362666982327723963e+04
-3.364418480190432456e+04
-3.366725747616792796e+04
-3.369714144795572065e+04
-3.373527517679474840e+04
-3.378328862137522810e+04
-3.384301066242493107e+04
-3.391647730694189522e+04
-3.400594067378129694e+04
-3.411387876059859263e+04
-3.424300599214656540e+04
-3.439628454993007472e+04
-3.457693648321363435e+04
-3.478845660138668609e+04
-3.503462614768236381e+04
-3.531952725425359677e+04
-3.564755817860276147e+04
-3.602344932136774878e+04
-3.645228002546372591e+04
-3.693949615657918184e+04
-3.749092846502906468e+04
-3.811281172896068165e+04
-3.881180467891888838e+04
-3.959501070376205462e+04
-4.046999933793732635e+04
-4.144482853010990948e+04
-4.252806769314691337e+04
-4.372882153545804613e+04
-4.505675467368966201e+04
-4.652211702677764697e+04
-4.813576999135177175e+04
-4.990921339849905053e+04
-5.185461325187885086e+04
-5.398483024719679088e+04
-5.631344907303237414e+04
-5.885480849302226852e+04
-6.162403220939821767e+04
-6.463706050788201537e+04
-6.791068268393461767e+04
-7.146257025036169216e+04
-7.531131092627324688e+04
-7.947644340739889594e+04
-8.397849291776050813e+04
-8.883900754269772733e+04
-3.339971659738661401e+04
-3.340046081744176627e+04
-3.340277236660245399e+04
-3.340688829663730576e+04
-3.341320497644193529e+04
-3.342228001596537797e+04
-3.343483495969962678e+04
-3.345175874974444741e+04
-3.347411195843760652e+04
-3.350313179055803630e+04
-3.354023785509399750e+04
-3.358703870658531378e+04
-3.364533915603137575e+04
-3.371714835137106274e+04
-3.380468862753070425e+04
-3.391040512604109244e+04
-3.403697618422620872e+04
-3.418732449395867297e+04
-3.436462902998531354e+04
-3.457233774782476394e+04
-3.481418105122961424e+04
-3.509418602922229911e+04
-3.541669146269839257e+04
-3.578636360059988510e+04
-3.620821270565728628e+04
-3.668761036970220448e+04
-3.723030759854787902e+04
-3.784245366644064052e+04
-3.853061574008001480e+04
-3.930179927220843092e+04
-4.016346916476948536e+04
-4.112357170163745468e+04
-4.219055725091457862e+04
-4.337340373679879121e+04
-4.468164088101971720e+04
-4.612537521384553111e+04
-4.771531585465860553e+04
-4.946280106209941732e+04
-5.137982555378221150e+04
-5.347906859557841381e+04
-5.577392286046918161e+04
-5.827852405696945061e+04
-6.100778132711855142e+04
-6.397740841404294042e+04
-6.720395559908599535e+04
-7.070484240850943024e+04
-7.449839108976215357e+04
-7.860386085732087668e+04
-8.304148290809612081e+04
-8.783249620641311049e+04
-3.312966223826212808e+04
-3.313037776143856900e+04
-3.313260230028110527e+04
-3.313657014195052034e+04
-3.314267302911173465e+04
-3.315146205602708505e+04
-3.316365032309393428e+04
-3.318011634981237148e+04
-3.320190824619839259e+04
-3.323024864262893971e+04
-3.326654037812987372e+04
-3.331237294709981506e+04
-3.336952970447275584e+04
-3.343999582931832992e+04
-3.352596704688084719e+04
-3.362985910905566561e+04
-3.375431803330484399e+04
-3.390223110001010355e+04
-3.407673860826464806e+04
-3.428124639010120882e+04
-3.451943908316206944e+04
-3.479529416180271073e+04
-3.511309672663632227e+04
-3.547745505251777649e+04
-3.589331689496042236e+04
-3.636598655499757297e+04
-3.690114270247790409e+04
-3.750485695779984235e+04
-3.818361323208502290e+04
-3.894432782578925980e+04
-3.979437028575156728e+04
-4.074158502068127564e+04
-4.179431367508415860e+04
-4.296141826162525103e+04
-4.425230505193163845e+04
-4.567694922583131120e+04
-4.724592027903191047e+04
-4.897040818923783809e+04
-5.086225034070240508e+04
-5.293395920722170558e+04
-5.519875079356652714e+04
-5.767057383534885594e+04
-6.036413975733056577e+04
-6.329495339016780053e+04
-6.647934444559467374e+04
-6.993449975004425505e+04
-7.367849623670942674e+04
-7.773033469603811682e+04
-8.210997428467274585e+04
-8.683836779282114003e+04
-3.277549548361060442e+04
-3.277619154521280143e+04
-3.277835690099228668e+04
-3.278222343780428491e+04
-3.278817888019800739e+04
-3.279676866009975492e+04
-3.280869853437098209e+04
-3.282483795024196297e+04
-3.284622415861489571e+04
-3.287406707524469675e+04
-3.290975488979250076e+04
-3.295486042275044019e+04
-3.301114823024488578e+04
-3.308058245670777978e+04
-3.316533543542724510e+04
-3.326779703696821525e+04
-3.339058476546811289e+04
-3.353655460280458647e+04
-3.370881260064222442e+04
-3.391072722034530307e+04
-3.414594242077013769e+04
-3.441839149392979743e+04
-3.473231164853071823e+04
-3.509225934138466255e+04
-3.550312635669626616e+04
-3.597015663321819738e+04
-3.649896383928763680e+04
-3.709554969573179551e+04
-3.776632304664742696e+04
-3.851811967805607128e+04
-3.935822288443151774e+04
-4.029438478310162463e+04
-4.133484837652328133e+04
-4.248837036243202601e+04
-4.376424469186456554e+04
-4.517232687505532522e+04
-4.672305903520667198e+04
-4.842749571013361856e+04
-5.029733040178174269e+04
-5.234492287361688068e+04
-5.458332719589240878e+04
-5.702632053878775332e+04
-5.968843271342116350e+04
-6.258497646073576470e+04
-6.573207848826037662e+04
-6.914671125474292785e+04
-7.284672550265950849e+04
-7.685088353859361087e+04
-8.117889326149347471e+04
-8.585144293880010082e+04
-3.234155075931976171e+04
-3.234223498563004250e+04
-3.234436415576382933e+04
-3.234816811216166388e+04
-3.235403115500532294e+04
-3.236249388638770324e+04
-3.237425579214887694e+04
-3.239017856138387651e+04
-3.241129014361440204e+04
-3.243878954363248340e+04
-3.247405235400865786e+04
-3.251863702526939232e+04
-3.257429187374300091e+04
-3.264296282707330829e+04
-3.272680190740014950e+04
-3.282817645220860140e+04
-3.294967907284774992e+04
-3.309413835071356152e+04
-3.326463027110287658e+04
-3.346449039473543235e+04
-3.369732676694108522e+04
-3.396703356451741274e+04
-3.427780548025520693e+04
-3.463415284512985090e+04
-3.504091748816330801e+04
-3.550328933395218337e+04
-3.602682373786338576e+04
-3.661745955890072219e+04
-3.728153797023541119e+04
-3.802582200740755798e+04
-3.885751685419372370e+04
-3.978429086614400876e+04
-4.081429733178555034e+04
-4.195619697149509011e+04
-4.321918117403894576e+04
-4.461299597078068473e+04
-4.614796674755772256e+04
-4.783502369422438642e+04
-4.968572799186486372e+04
-5.171229873767209210e+04
-5.392764060749558121e+04
-5.634537225605707499e+04
-5.897985545483469468e+04
-6.184622496761355433e+04
-6.496041916370624676e+04
-6.833921136883924191e+04
-7.200024195370887173e+04
-7.596205116020483547e+04
-8.024411266530018474e+04
-8.486686788261207403e+04
-3.182499978422422646e+04
-3.182567953553864572e+04
-3.182779472073025681e+04
-3.183157349740955760e+04
-3.183739734114601379e+04
-3.184580286479539063e+04
-3.185748436556010711e+04
-3.187329709977732637e+04
-3.189426128544235689e+04
-3.192156683246001921e+04
-3.195657880062711774e+04
-3.200084358534987041e+04
-3.205609583108675724e+04
-3.212426607252801114e+04
-3.220748910350190636e+04
-3.230811307361553190e+04
-3.242870931262288650e+04
-3.257208288253028513e+04
-3.274128385742474347e+04
-3.293961933104036143e+04
-3.317066615205337439e+04
-3.343828438710685441e+04
-3.374663151156872482e+04
-3.410017732802071987e+04
-3.450371961247663421e+04
-3.496240048833448964e+04
-3.548172352805695118e+04
-3.606757158258513664e+04
-3.672622533848250168e+04
-3.746438260281003022e+04
-3.828917831573256990e+04
-3.920820529085662565e+04
-4.022953568329886912e+04
-4.136174318548550946e+04
-4.261392595068408264e+04
-4.399573024426492339e+04
-4.551737482269451721e+04
-4.718967604026002664e+04
-4.902407368352448248e+04
-5.103265753351403691e+04
-5.322819465563497943e+04
-5.562415741732333117e+04
-5.823475223342455865e+04
-6.107494903930489090e+04
-6.416051149169324344e+04
-6.750802789725604816e+04
-7.113494286890013609e+04
-7.505958970981012681e+04
-7.930122352521380526e+04
-8.388005506188143045e+04
-3.122528673492366943e+04
-3.122597019578627805e+04
-3.122809605964880393e+04
-3.123189112932839635e+04
-3.123773460616649027e+04
-3.124615988500270760e+04
-3.125785706713072068e+04
-3.127367619124937119e+04
-3.129463118239733012e+04
-3.132190451887797462e+04
-3.135685261717305912e+04
-3.140101193484489340e+04
-3.145610579142535789e+04
-3.152405190729409514e+04
-3.160697066054788593e+04
-3.170719406185328990e+04
-3.182727544729164947e+04
-3.196999988919169118e+04
-3.213839532494973537e+04
-3.233574440383855836e+04
-3.256559705180563469e+04
-3.283178375425882405e+04
-3.313842955684010667e+04
-3.348996878418947745e+04
-3.389116047669610998e+04
-3.434710454523676890e+04
-3.486325864390590141e+04
-3.544545576073063421e+04
-3.609992252637645288e+04
-3.683329824084047141e+04
-3.765265461813364527e+04
-3.856551624895018176e+04
-3.957988178132743633e+04
-4.070424581929212582e+04
-4.194762153949657659e+04
-4.331956402584186435e+04
-4.483019432209136721e+04
-4.649022420247110131e+04
-4.831098166025862156e+04
-5.030443711436145531e+04
-5.248323033388300246e+04
-5.486069808067738632e+04
-5.745090246989123261e+04
-6.026866004849789169e+04
-6.332957159181396128e+04
-6.665005261800985318e+04
-7.024736462060698250e+04
-7.413964701895939652e+04
-7.834594982673290360e+04
-8.288626703836202796e+04
-3.054247064076307652e+04
-3.054316675677822423e+04
-3.054533023678140671e+04
-3.054918683081954805e+04
-3.055511396956523095e+04
-3.056364253520281272e+04
-3.057545934067406051e+04
-3.059141031727725203e+04
-3.061250441062226309e+04
-3.063991818494042673e+04
-3.067500113575209252e+04
-3.071928171088566887e+04
-3.077447403985632991e+04
-3.084248537159780972e+04
-3.092542422054939743e+04
-3.102560922109984676e+04
-3.114557869038659555e+04
-3.128810089944849460e+04
-3.145618505273628398e+04
-3.165309297597727709e+04
-3.188235151239604602e+04
-3.214776562729063153e+04
-3.245343222096344107e+04
-3.280375465000752592e+04
-3.320345795695063862e+04
-3.365760480825148989e+04
-3.417161214065327658e+04
-3.475126851589279249e+04
-3.540275218376435078e+04
-3.613264985353908560e+04
-3.694797617374014953e+04
-3.785619392027365393e+04
-3.886523489291380247e+04
-3.998352152014467720e+04
-4.121998917235786939e+04
-4.258410918340305943e+04
-4.408591258049782482e+04
-4.573601452248910209e+04
-4.754563944647336029e+04
-4.952664692276918504e+04
-5.169155821824854502e+04
-5.405358356802047638e+04
-5.662665015547257644e+04
-5.942543080066575931e+04
-6.246537335708781029e+04
-6.576273081675742287e+04
-6.933459212368940644e+04
-7.319891369571002724e+04
-7.737455165463195590e+04
-8.188129476478217111e+04
-2.976926574735353643e+04
-2.976998427257012008e+04
-2.977221473184699062e+04
-2.977618212550463795e+04
-2.978226261886824432e+04
-2.979098528945073485e+04
-2.980303457301598246e+04
-2.981925340850959765e+04
-2.984064708186849748e+04
-2.986838776870287620e+04
-2.990381977585210188e+04
-2.994846548181649632e+04
-3.000403197606041067e+04
-3.007241839719218115e+04
-3.015572397001765057e+04
-3.025625674146686652e+04
-3.037654301539480366e+04
-3.051933748625904263e+04
-3.068763407166867546e+04
-3.088467744380720251e+04
-3.111397525973239681e+04
-3.137931109054821718e+04
-3.168475804945176060e+04
-3.203469311865322743e+04
-3.243381217517100231e+04
-3.288714571550275286e+04
-3.340007527916572144e+04
-3.397835057111650531e+04
-3.462810728304219083e+04
-3.535588561352621764e+04
-3.616864948708805605e+04
-3.707380647209859308e+04
-3.807922839756773465e+04
-3.919327266880701063e+04
-4.042480428196732828e+04
-4.178321853744881810e+04
-4.327846445218680310e+04
-4.492106887081150489e+04
-4.672216127568054071e+04
-4.869349929578790761e+04
-5.084749491454520467e+04
-5.319724137643781432e+04
-5.575654079255625402e+04
-5.853993244499860157e+04
-6.156272179015140864e+04
-6.484101016084136063e+04
-6.839172516736270336e+04
-7.223265179737897415e+04
-7.638246421469714551e+04
-8.086075825691860518e+04
-2.889823455995084805e+04
-2.889898616325408148e+04
-2.890131570665524850e+04
-2.890544773545498902e+04
-2.891175764122969849e+04
-2.892077338594896719e+04
-2.893317791573619252e+04
-2.894981226427794172e+04
-2.897167934587614582e+04
-2.899994843815071363e+04
-2.903596035438503895e+04
-2.908123330551858817e+04
-2.913746945178739406e+04
-2.920656214400784665e+04
-2.929060385450931062e+04
-2.939189479771221522e+04
-2.951295224035039428e+04
-2.965652050134314777e+04
-2.982558164131093145e+04
-3.002336684173813410e+04
-3.025336847378182938e+04
-3.051935285672741884e+04
-3.082537370608930723e+04
-3.117578627135966235e+04
-3.157526216340070823e+04
-3.202880487148577595e+04
-3.254176596998576861e+04
-3.311986201470057858e+04
-3.376919212883879663e+04
-3.449625627864265698e+04
-3.530797423865881137e+04
-3.621170524665490666e+04
-3.721526834818528732e+04
-3.832696343079931830e+04
-3.955559294789739943e+04
-4.091048433223432949e+04
-4.240151309906650567e+04
-4.403912663894780417e+04
-4.583436870016984176e+04
-4.779890456084952166e+04
-4.994504689066224091e+04
-5.228578230222167622e+04
-5.483479859210534778e+04
-5.760651267152762011e+04
-6.061609918665672740e+04
-6.387951982858029078e+04
-6.741355333291456918e+04
-7.123582616906527255e+04
-7.536484391912528372e+04
-7.982002334642858477e+04
-2.792268427424967012e+04
-2.792348028592101764e+04
-2.792594300201471196e+04
-2.793029680611465665e+04
-2.793691680535094201e+04
-2.794633053213133462e+04
-2.795922032656891679e+04
-2.797642639960329325e+04
-2.799895057681130857e+04
-2.802796072291602832e+04
-2.806479584698725012e+04
-2.811097188833187465e+04
-2.816818818308441041e+04
-2.823833461148513015e+04
-2.832349942585360623e+04
-2.842597775925692622e+04
-2.854828081486859446e+04
-2.869314573602225573e+04
-2.886354615695966640e+04
-2.906270343426936597e+04
-2.929409855902206618e+04
-2.956148474959677333e+04
-2.986890072520047397e+04
-3.022068466008308678e+04
-3.062148881844396237e+04
-3.107629487003204122e+04
-3.159042988643959688e+04
-3.216958301809032855e+04
-3.281982285191849951e+04
-3.354761544974320714e+04
-3.435984306733604899e+04
-3.526382355418109364e+04
-3.626733043392853870e+04
-3.737861366554246342e+04
-3.860642108514122083e+04
-3.996002052853073110e+04
-4.144922263443323027e+04
-4.308440432840624999e+04
-4.487653298745735810e+04
-4.683719128535129130e+04
-4.897860271861120418e+04
-5.131365781321164104e+04
-5.385594101196655538e+04
-5.661975824260992522e+04
-5.962016516657004831e+04
-6.287299610843668052e+04
-6.639489366612069716e+04
-7.020333900171193818e+04
-7.431668281302131072e+04
-7.875417698582615412e+04
-2.685327694546498969e+04
-2.685412714590660107e+04
-2.685675245782683487e+04
-2.686137734891049695e+04
-2.686837705162512066e+04
-2.687827924270995209e+04
-2.689176639446144691e+04
-2.690967879781204101e+04
-2.693301825720952547e+04
-2.696295245728503141e+04
-2.700082000132403118e+04
-2.704813612152841597e+04
-2.710659906107393545e+04
-2.717809712796738313e+04
-2.726471642069419613e+04
-2.736874922566712121e+04
-2.749270308646555350e+04
-2.763931054487426809e+04
-2.781153955371600387e+04
-2.801260456148013327e+04
-2.824597826874608290e+04
-2.851540405640497920e+04
-2.882490908567453153e+04
-2.917881806991008489e+04
-2.958176771821226794e+04
-3.003872185082935903e+04
-3.055498718635571277e+04
-3.113622980072558130e+04
-3.178849225800418935e+04
-3.251821141297115901e+04
-3.333223688550268707e+04
-3.423785020674866246e+04
-3.524278463710453070e+04
-3.635524565597941546e+04
-3.758393212336050783e+04
-3.893805811317178450e+04
-4.042737541842920473e+04
-4.206219672819306288e+04
-4.385341947631195944e+04
-4.581255036196712172e+04
-4.795173054200933984e+04
-5.028376149509267270e+04
-5.282213155760364316e+04
-5.558104313138633734e+04
-5.857544056326223654e+04
-6.182103869634796865e+04
-6.533435209316516557e+04
-6.913272493055014638e+04
-7.323436156635596126e+04
-7.765835777795131435e+04
-2.570105586779589066e+04
-2.570196849861889859e+04
-2.570478119842947126e+04
-2.570971872063120463e+04
-2.571715675881869174e+04
-2.572762360366602661e+04
-2.574180246256382088e+04
-2.576053444201463935e+04
-2.578482219278103003e+04
-2.581583421778839329e+04
-2.585490984278012183e+04
-2.590356484973046463e+04
-2.596349777300810456e+04
-2.603659685829629962e+04
-2.612494768426624796e+04
-2.623084144700444449e+04
-2.635678390719543313e+04
-2.650550500005733920e+04
-2.667996910803240462e+04
-2.688338599623283517e+04
-2.711922241063713591e+04
-2.739121433904555670e+04
-2.770337993478674252e+04
-2.806003310317893192e+04
-2.846579775074572171e+04
-2.892562269718645621e+04
-2.944479725010036782e+04
-3.002896744246430171e+04
-3.068415293286622182e+04
-3.141676456849221722e+04
-3.223362261086671788e+04
-3.314197562434781867e+04
-3.414952002737822477e+04
-3.526442030648732180e+04
-3.649532989305005322e+04
-3.785141270279906166e+04
-3.934236533809092361e+04
-4.097843995292660838e+04
-4.277046778072726738e+04
-4.472988332486164290e+04
-4.686874921193127375e+04
-4.919978170780665823e+04
-5.173637689641956240e+04
-5.449263752130913781e+04
-5.748340048992139782e+04
-6.072426504066451889e+04
-6.423162157271768956e+04
-6.802268113859165169e+04
-7.211550559944925772e+04
-7.652903844317387848e+04
-2.447233915880779386e+04
-2.447332198786396111e+04
-2.447634543332632529e+04
-2.448163469680092021e+04
-2.448956620338367429e+04
-2.450066923528781626e+04
-2.451562821892232387e+04
-2.453528566542280896e+04
-2.456064576463185949e+04
-2.459287863253228352e+04
-2.463332521212915890e+04
-2.468350282778494147e+04
-2.474511139300592549e+04
-2.482004027167755703e+04
-2.491037579275347889e+04
-2.501840941839342122e+04
-2.514664656555419424e+04
-2.529781608103035251e+04
-2.547488036994696813e+04
-2.568104617770202094e+04
-2.591977602536317136e+04
-2.619480029851071231e+04
-2.651012998953568967e+04
-2.687007009338834541e+04
-2.727923365677618858e+04
-2.774255648081466643e+04
-2.826531247712795812e+04
-2.885312967740204840e+04
-2.951200689638713811e+04
-3.024833104835369159e+04
-3.106889511699695868e+04
-3.198091677879415511e+04
-3.299205767981286772e+04
-3.411044336596980429e+04
-3.534468386674040812e+04
-3.670389493232116365e+04
-3.819771992424183554e+04
-3.983635235942827421e+04
-4.163055910771795607e+04
-4.359170424282502063e+04
-4.573177354675818060e+04
-4.806339966768744489e+04
-5.059988793126431119e+04
-5.335524280539149186e+04
-5.634419501844451588e+04
-5.958222933094391192e+04
-6.308561296067912190e+04
-6.687142466128339584e+04
-7.095758445425910759e+04
-7.536288401445478667e+04
-2.318580385900404872e+04
-2.318686333957120223e+04
-2.319011691622340368e+04
-2.319579031564878460e+04
-2.320426082178342767e+04
-2.321605888499260982e+04
-2.323187037492777381e+04
-2.325253947705596875e+04
-2.327907223285884538e+04
-2.331264072371117800e+04
-2.335458789842688566e+04
-2.340643304448062554e+04
-2.346987790290257180e+04
-2.354681342684466290e+04
-2.363932718382163876e+04
-2.374971140162493975e+04
-2.388047165790813597e+04
-2.403433621344712083e+04
-2.421426598907355947e+04
-2.442346518627935438e+04
-2.466539255149565724e+04
-2.494377328404673244e+04
-2.526261158777130913e+04
-2.562620386632448935e+04
-2.603915256214615874e+04
-2.650638063910692290e+04
-2.703314670882422433e+04
-2.762506080065351489e+04
-2.828810077535139135e+04
-2.902862938241216398e+04
-2.985341196107739961e+04
-3.076963478501894861e+04
-3.178492405069382949e+04
-3.290736550937475113e+04
-3.414552474285022618e+04
-3.550846808280063851e+04
-3.700578417384569184e+04
-3.864760618026660813e+04
-4.044463463639877591e+04
-4.240816094070032705e+04
-4.455009149349236395e+04
-4.688297247837208124e+04
-4.942001528729891288e+04
-5.217512258935532009e+04
-5.516291504317831277e+04
-5.839875865306594642e+04
-6.189879276875642245e+04
-6.567995872887784208e+04
-6.976002914807705383e+04
-7.415763784781402501e+04
-2.185007228134503748e+04
-2.185121433586406783e+04
-2.185471582251431028e+04
-2.186080302724238209e+04
-2.186985414884755664e+04
-2.188240088231976188e+04
-2.189913063550578590e+04
-2.192088937911230460e+04
-2.194868513004368288e+04
-2.198369206807109003e+04
-2.202725528583870982e+04
-2.208089617220030777e+04
-2.214631842889279869e+04
-2.222541472054224505e+04
-2.232027395800485829e+04
-2.243318921503841921e+04
-2.256666627831500227e+04
-2.272343283075833097e+04
-2.290644826822215691e+04
-2.311891414950100807e+04
-2.336428527967158516e+04
-2.364628142677171491e+04
-2.396889967181330940e+04
-2.433642739212554443e+04
-2.475345587803645685e+04
-2.522489458288552123e+04
-2.575598600637108029e+04
-2.635232121123187244e+04
-2.701985597326312927e+04
-2.776492756466391074e+04
-2.859427217072235362e+04
-2.951504293983135358e+04
-3.053482866684001056e+04
-3.166167310973948042e+04
-3.290409493968018069e+04
-3.427110832432621100e+04
-3.577224414454086218e+04
-3.741757184440882702e+04
-3.921772191458938323e+04
-4.118390900900536508e+04
-4.332795569486618479e+04
-4.566231683602407429e+04
-4.820010460966426763e+04
-5.095511415632909484e+04
-5.394184986327672232e+04
-5.717555228117312072e+04
-6.067222567411873024e+04
-6.444866620300694922e+04
-6.852249074221994670e+04
-7.291216632965524332e+04
-2.046885829754971201e+04
-2.047008829951147709e+04
-2.047385381468654668e+04
-2.048038168223882894e+04
-2.049005100509600743e+04
-2.050339470642691595e+04
-2.052110170871416994e+04
-2.054401973541601183e+04
-2.057315873522241964e+04
-2.060969492890024776e+04
-2.065497547873282383e+04
-2.071052378054906512e+04
-2.077804537834486473e+04
-2.085943450149890487e+04
-2.095678122457552308e+04
-2.107237924972383553e+04
-2.120873431166463706e+04
-2.136857320527383490e+04
-2.155485343575233492e+04
-2.177077349139150829e+04
-2.201978373892980380e+04
-2.230559794149911613e+04
-2.263220539916573762e+04
-2.300388371206009469e+04
-2.342521216610247575e+04
-2.390108574131487694e+04
-2.443672974272994907e+04
-2.503771505388826699e+04
-2.570997401292947325e+04
-2.645981691127341037e+04
-2.729394911489412698e+04
-2.821948880818584803e+04
-2.924398536041990155e+04
-3.037543831479355867e+04
-3.162231700007187101e+04
-3.299358076481923490e+04
-3.449869983422441146e+04
-3.614767678951642301e+04
-3.795106866997318139e+04
-3.992000969751995581e+04
-4.206623462392218062e+04
-4.440210270056799345e+04
-4.694062227084350889e+04
-4.969547598509976524e+04
-5.268104663821104623e+04
-5.591244362972527597e+04
-5.940553004660702572e+04
-6.317695036856933439e+04
-6.724415879600250628e+04
-7.162544820048855036e+04
-1.904645266567440922e+04
-1.904777543293371491e+04
-1.905181941435479166e+04
-1.905881195467025100e+04
-1.906913298111022596e+04
-1.908331653241161621e+04
-1.910205289943539901e+04
-1.912619137738850986e+04
-1.915674362964845568e+04
-1.919488766319316710e+04
-1.924197241563624266e+04
-1.929952295386729747e+04
-1.936924628429419317e+04
-1.945303777469347915e+04
-1.955298818766248587e+04
-1.967139132567967681e+04
-1.981075228776368021e+04
-1.997379633774442118e+04
-2.016347838413252612e+04
-2.038299307159701857e+04
-2.063578548404626417e+04
-2.092556245931486774e+04
-2.125630451545218239e+04
-2.163227838861980490e+04
-2.205805018258989367e+04
-2.253849912985051560e+04
-2.307883196431429678e+04
-2.368459790563224306e+04
-2.436170425511241774e+04
-2.511643260324328003e+04
-2.595545564882076360e+04
-2.688585462968087450e+04
-2.791513736503704058e+04
-2.905125690942147048e+04
-3.030263081823118773e+04
-3.167816102487993703e+04
-3.318725432955249562e+04
-3.483984349956623919e+04
-3.664640898133481824e+04
-3.861800122393852507e+04
-4.076626361429792451e+04
-4.310345602395337482e+04
-4.564247896744769241e+04
-4.839689837231469573e+04
-5.138097096067185339e+04
-5.460967024241801118e+04
-5.809871312003457570e+04
-6.186458710499326844e+04
-6.592457814576670353e+04
-7.029679906744480832e+04
-1.759520722268949976e+04
-1.759662638417648486e+04
-1.760095968601351706e+04
-1.760843488046429411e+04
-1.761943255508313086e+04
-1.763448763339527432e+04
-1.765429147583950544e+04
-1.767969458098591349e+04
-1.771170988702362956e+04
-1.775151667351626747e+04
-1.780046506343150031e+04
-1.786008112543778043e+04
-1.793207257647399820e+04
-1.801833508458638244e+04
-1.812095917203916906e+04
-1.824223771869283155e+04
-1.838467406565550118e+04
-1.855099071920106508e+04
-1.874413865496067956e+04
-1.896730722238460658e+04
-1.922393464947099346e+04
-1.951771914776927588e+04
-1.985263061765222301e+04
-2.023292295385667967e+04
-2.066314695129766187e+04
-2.114816381115025433e+04
-2.169315924720366456e+04
-2.230365819248457410e+04
-2.298554010615114385e+04
-2.374505488065750251e+04
-2.458883934918815430e+04
-2.552393439336396477e+04
-2.655780265121609773e+04
-2.769834682543354575e+04
-2.895392859187785507e+04
-3.033338810837029450e+04
-3.184606412374881620e+04
-3.350181468719457916e+04
-3.531103845783075667e+04
-3.728469661458874907e+04
-3.943433536634807388e+04
-4.177210906234380673e+04
-4.431080390284656460e+04
-4.706386225011100032e+04
-5.004540753959571157e+04
-5.327026979145364749e+04
-5.675401172229200893e+04
-6.051295545720357040e+04
-6.456420984206704452e+04
-6.892569835611901362e+04
-1.614279581566413617e+04
-1.614431227933640184e+04
-1.614893756048193973e+04
-1.615689962365661631e+04
-1.616857939035878007e+04
-1.618451220988415298e+04
-1.620538991852672552e+04
-1.623206348711850296e+04
-1.626554625691443653e+04
-1.630701776381924356e+04
-1.635782815095658952e+04
-1.641950316958097756e+04
-1.649374976833224355e+04
-1.658246227083170015e+04
-1.668772914162318193e+04
-1.681184034045411317e+04
-1.695729526490062563e+04
-1.712681128133480161e+04
-1.732333284423420628e+04
-1.755004120383488407e+04
-1.781036470212620770e+04
-1.810798965718770341e+04
-1.844687183587031177e+04
-1.883124851481822407e+04
-1.926565112983515428e+04
-1.975491851359068460e+04
-2.030421072167213424e+04
-2.091902344697692388e+04
-2.160520302244800405e+04
-2.236896201215264227e+04
-2.321689539070191677e+04
-2.415599731101560974e+04
-2.519367846042689780e+04
-2.633778400513057204e+04
-2.759661212297571547e+04
-2.897893312459675508e+04
-3.049400916289220186e+04
-3.215161453084132154e+04
-3.396205654766669613e+04
-3.593619703333728830e+04
-3.808547437141522823e+04
-4.042192616024491144e+04
-4.295821245248423656e+04
-4.570763958297907084e+04
-4.868418458497975371e+04
-5.190252019470040977e+04
-5.537804044422065635e+04
-5.912688684273069521e+04
-6.316597514611700171e+04
-6.751302271489361010e+04
-1.470767445322515050e+04
-1.470928742203114598e+04
-1.471420220647416863e+04
-1.472264672847794645e+04
-1.473500181740740663e+04
-1.475180264930431804e+04
-1.477374076181931378e+04
-1.480166664483924978e+04
-1.483659290680693084e+04
-1.487969801673896654e+04
-1.493233062193424121e+04
-1.499601444138104489e+04
-1.507245373485735763e+04
-1.516353934772427237e+04
-1.527135533141782071e+04
-1.539818613963220560e+04
-1.554652440019886490e+04
-1.571907926266224240e+04
-1.591878532154661661e+04
-1.614881211532084490e+04
-1.641257420105658093e+04
-1.671374180478131893e+04
-1.705625204752609352e+04
-1.744432074706804997e+04
-1.788245479536821949e+04
-1.837546511170416125e+04
-1.892848017149516090e+04
-1.954696011082632322e+04
-2.023671140666284919e+04
-2.100390213276239956e+04
-2.185507779128124821e+04
-2.279717772007413078e+04
-2.383755207569103004e+04
-2.498397939206612136e+04
-2.624468471490360389e+04
-2.762835831175771818e+04
-2.914417495780614263e+04
-3.080181379732114874e+04
-3.261147878083197793e+04
-3.458391967798474070e+04
-3.673045366609554912e+04
-3.906298749439924723e+04
-4.159404022399233509e+04
-4.433676654347097792e+04
-4.730498066026348533e+04
-5.051318076765845763e+04
-5.397657408752565971e+04
-5.771110248873451928e+04
-6.173346868126487243e+04
-6.606116298601377639e+04
-1.331353039475936021e+04
-1.331523617120647759e+04
-1.332042925683169233e+04
-1.332933720160390658e+04
-1.334234019253255974e+04
-1.335997245925858806e+04
-1.338292424188344012e+04
-1.341204432103294675e+04
-1.344834311015847197e+04
-1.349299631007665084e+04
-1.354734912574070040e+04
-1.361292104525439936e+04
-1.369141118111827745e+04
-1.378470417371490839e+04
-1.389487665702877348e+04
-1.402420428660467223e+04
-1.417516932974098745e+04
-1.435046881792114073e+04
-1.455302326148074644e+04
-1.478598592651118452e+04
-1.505275267400056327e+04
-1.535697236121020978e+04
-1.570255780528949981e+04
-1.609369730912488012e+04
-1.653486674942750324e+04
-1.703084222705702996e+04
-1.758671327958077745e+04
-1.820789665607093048e+04
-1.890015065413927368e+04
-1.966959001920432274e+04
-2.052270140600006926e+04
-2.146635940231814311e+04
-2.250784311498791794e+04
-2.365485331809258423e+04
-2.491553016342227056e+04
-2.629847145316360547e+04
-2.781275147482566535e+04
-2.946794039840267942e+04
-3.127412423577380105e+04
-3.324192536233837018e+04
-3.538252360088912246e+04
-3.770767786772071850e+04
-4.022974838097617612e+04
-4.296171943122857920e+04
-4.591722271430013643e+04
-4.911056122631801554e+04
-5.255673372100677807e+04
-5.627145972921542852e+04
-6.027120514068546618e+04
-6.457320834805038612e+04
-1.198862350475876519e+04
-1.199041507402482239e+04
-1.199586527909873621e+04
-1.200520088573294197e+04
-1.201880074993673406e+04
-1.203719718760853357e+04
-1.206107789202070126e+04
-1.209128839915802746e+04
-1.212883510090975687e+04
-1.217488880611223794e+04
-1.223078884944715901e+04
-1.229804774819058366e+04
-1.237835640681685618e+04
-1.247358986945374636e+04
-1.258581362019156586e+04
-1.271729043124514646e+04
-1.287048775896841471e+04
-1.304808568772149010e+04
-1.325298542159174758e+04
-1.348831832396739628e+04
-1.375745550496460419e+04
-1.406401795670518914e+04
-1.441188723645036225e+04
-1.480521669758556163e+04
-1.524844326845873002e+04
-1.574629977907181456e+04
-1.630382783562469194e+04
-1.692639124291092958e+04
-1.761968997457017394e+04
-1.838977469118991576e+04
-1.924306180626083369e+04
-2.018634909998590956e+04
-2.122683188094336947e+04
-2.237211969559947465e+04
-2.363025358567771764e+04
-2.500972389337855202e+04
-2.651948861445322837e+04
-2.816899229913052113e+04
-2.996818550089546625e+04
-3.192754477312218660e+04
-3.405809321355937573e+04
-3.637142155666789040e+04
-3.887970981381252932e+04
-4.159574946130588796e+04
-4.453296617630538822e+04
-4.770544312056329363e+04
-5.112794477202984126e+04
-5.481594130430903897e+04
-5.878563351396698272e+04
-6.305397829569458554e+04
-1.074399449358213678e+04
-1.074586374138837709e+04
-1.075154657634240357e+04
-1.076126853937171836e+04
-1.077540641975026301e+04
-1.079448958669443527e+04
-1.081920185359275638e+04
-1.085038387487714499e+04
-1.088903607552852191e+04
-1.093632211322243165e+04
-1.099357287311133769e+04
-1.106229099524401317e+04
-1.114415593462279139e+04
-1.124102955389998897e+04
-1.135496224871007871e+04
-1.148819960564015128e+04
-1.164318959283778167e+04
-1.182259028325800682e+04
-1.202927811054568883e+04
-1.226635665755629452e+04
-1.253716597751546215e+04
-1.284529244781554735e+04
-1.319457915644821333e+04
-1.358913682107792556e+04
-1.403335524074947534e+04
-1.453191528023601859e+04
-1.508980138702335898e+04
-1.571231464093233080e+04
-1.640508633637742241e+04
-1.717409209726592962e+04
-1.802566652453236384e+04
-1.896651837631098533e+04
-2.000374628074659267e+04
-2.114485498144237863e+04
-2.239777211554522728e+04
-2.377086552446982387e+04
-2.527296109725882343e+04
-2.691336114658217411e+04
-2.870186331737318687e+04
-3.064878002810152248e+04
-3.276495844468593714e+04
-3.506180098704309785e+04
-3.755128636827378068e+04
-4.024599116648804920e+04
-4.315911192926685908e+04
-4.630448781076211162e+04
-4.969662374143403576e+04
-5.335071413042560016e+04
-5.728266710057595628e+04
-6.150912925607022771e+04
-9.585422175281724776e+03
-9.587360166776536062e+03
-9.593248674014095741e+03
-9.603311553678111522e+03
-9.617922761659388925e+03
-9.637607645181575208e+03
-9.663044751776731573e+03
-9.695068155113247485e+03
-9.734670297671949811e+03
-9.783005350274052034e+03
-9.841393088459510182e+03
-9.911323285714253871e+03
-9.994460623549584852e+03
-1.009265011843117827e+04
-1.020792306555860341e+04
-1.034250349949480369e+04
-1.049881517164625984e+04
-1.067948904459406913e+04
-1.088737130327453269e+04
-1.112553188301111732e+04
-1.139727351439498671e+04
-1.170614128501888626e+04
-1.205593271805777840e+04
-1.245070836770330425e+04
-1.289480293144629832e+04
-1.339283687921088494e+04
-1.394972859933782820e+04
-1.457070706141984920e+04
-1.526132499598651339e+04
-1.602747259103850956e+04
-1.687539170543385990e+04
-1.781169059912442026e+04
-1.884335918024115017e+04
-1.997778476903201590e+04
-2.122276837864871050e+04
-2.258654151278344943e+04
-2.407778348015844676e+04
-2.570563922586308036e+04
-2.747973767954266077e+04
-2.941021062043849088e+04
-3.150771205927598930e+04
-3.378343813700561441e+04
-3.624914754039261607e+04
-3.891718243445796543e+04
-4.180048991176904383e+04
-4.491264395858137141e+04
-4.826786793783013854e+04
-5.188105758897288615e+04
-5.576780454468139214e+04
-5.994442036438512878e+04
-8.523306544157316239e+03
-8.525303304307853978e+03
-8.531367396986424865e+03
-8.541720509177299391e+03
-8.556732953521139279e+03
-8.576924919822246011e+03
-8.602968227151079191e+03
-8.635688576551750884e+03
-8.676068304351203551e+03
-8.725249636067233951e+03
-8.784538440920339781e+03
-8.855408486946733319e+03
-8.939506196712496603e+03
-9.038655903628463420e+03
-9.154865608867428818e+03
-9.290333238883915328e+03
-9.447453403532344964e+03
-9.628824654791300418e+03
-9.837257246083030623e+03
-1.007578139220085723e+04
-1.034765602983435383e+04
-1.065637807869634344e+04
-1.100569220325307469e+04
-1.139960107505281485e+04
-1.184237613565973516e+04
-1.233856886018658406e+04
-1.289302252142936777e+04
-1.351088445460437651e+04
-1.419761882268580302e+04
-1.495901988234475357e+04
-1.580122575049163061e+04
-1.673073267141626275e+04
-1.775440978453360367e+04
-1.887951439272860080e+04
-2.011370773130278030e+04
-2.146507123752277039e+04
-2.294212332076995881e+04
-2.455383663329247429e+04
-2.630965584155688339e+04
-2.821951589820337540e+04
-3.029386081460125206e+04
-3.254366293400623181e+04
-3.498044270531904476e+04
-3.761628895744578767e+04
-4.046387967425968236e+04
-4.353650327016436495e+04
-4.684808036625831301e+04
-5.041318606710145104e+04
-5.424707273808238097e+04
-5.836569328338780906e+04
-7.576405074100937782e+03
-7.578448875991842215e+03
-7.584653197425705002e+03
-7.595237027598923305e+03
-7.610566154881289549e+03
-7.631154376376849541e+03
-7.657665191313943069e+03
-7.690913978256714472e+03
-7.731870656142757070e+03
-7.781662829146967852e+03
-7.841579415369447815e+03
-7.913074759348131920e+03
-7.997773228397079947e+03
-8.097474292770410102e+03
-8.214158089649426984e+03
-8.349991470957193087e+03
-8.507334534997047740e+03
-8.688747641914331325e+03
-8.896998912988190568e+03
-9.135072213741834275e+03
-9.406175620883914235e+03
-9.713750373071081412e+03
-1.006148030549726536e+04
-1.045330176830767596e+04
-1.089341402883817136e+04
-1.138629015767864621e+04
-1.193668839856268460e+04
-1.254966402208231011e+04
-1.323058166322643228e+04
-1.398512814274619814e+04
-1.481932577234356359e+04
-1.573954614368695547e+04
-1.675252440124968780e+04
-1.786537399897597788e+04
-1.908560194076974949e+04
-2.042112450481005362e+04
-2.188028345169065869e+04
-2.347186271638558173e+04
-2.520510558403862524e+04
-2.708973234957897512e+04
-2.913595846116102621e+04
-3.135451314743009789e+04
-3.375665852861278108e+04
-3.635420921143201849e+04
-3.915955236784808221e+04
-4.218566829762388807e+04
-4.544615147471606178e+04
-4.895523207748987625e+04
-5.272779800276124297e+04
-5.677941736366163968e+04
-6.765383696797332959e+03
-6.767460963392117264e+03
-6.773764590692706406e+03
-6.784510294476789568e+03
-6.800058378474626807e+03
-6.820914900517651404e+03
-6.847733305149089574e+03
-6.881316522694211017e+03
-6.922619534788955207e+03
-6.972752406370647805e+03
-7.032983784127874969e+03
-7.104744861409206351e+03
-7.189633809594040940e+03
-7.289420675921151997e+03
-7.406052747779136553e+03
-7.541660383455586270e+03
-7.698563309346922324e+03
-7.879277383626707888e+03
-8.086521826377476827e+03
-8.323226916178125975e+03
-8.592542153153299296e+03
-8.897844888484825788e+03
-9.242749420378371724e+03
-9.631116556494675024e+03
-1.006706364283782750e+04
-1.055497505910507243e+04
-1.109951318049551992e+04
-1.170562980597972273e+04
-1.237857805302799170e+04
-1.312392471880123412e+04
-1.394756310779776686e+04
-1.485572632596384574e+04
-1.585500104126243605e+04
-1.695234171070167577e+04
-1.815508527382419197e+04
-1.947096631265596807e+04
-2.090813267811476544e+04
-2.247516158287975850e+04
-2.418107616071955272e+04
-2.603536249228112138e+04
-2.804798709733890428e+04
-3.022941489350284246e+04
-3.259062762138783000e+04
-3.514314273624122143e+04
-3.789903276603260019e+04
-4.087094513600174832e+04
-4.407212245966631599e+04
-4.751642329629239248e+04
-5.121834337482081901e+04
-5.519303728425690497e+04
-6.103958534273286205e+03
-6.106053796628912096e+03
-6.112410127582614223e+03
-6.123239383067477320e+03
-6.138895403880920639e+03
-6.159875137049457408e+03
-6.186820205736632488e+03
-6.220518927698361949e+03
-6.261908782283717301e+03
-6.312079325979917485e+03
-6.372275556503667758e+03
-6.443901725438943686e+03
-6.528525599418109778e+03
-6.627883169850101694e+03
-6.743883811194351438e+03
-6.878615887779000332e+03
-7.034352809164473001e+03
-7.213559534055853874e+03
-7.418899522754782083e+03
-7.653242138163524942e+03
-7.919670495328871766e+03
-8.221489759535579651e+03
-8.562235892942957435e+03
-8.945684849767912965e+03
-9.375862220013306796e+03
-9.857053321742241678e+03
-1.039381374189652706e+04
-1.099098032566272741e+04
-1.165368261438181798e+04
-1.238735473200456909e+04
-1.319774772009475782e+04
-1.409094232137415383e+04
-1.507336221181603833e+04
-1.615178768128291267e+04
-1.733336976270973901e+04
-1.862564480983288740e+04
-2.003654952346517894e+04
-2.157443642631484181e+04
-2.324808978635175299e+04
-2.506674198871822955e+04
-2.704009035618522103e+04
-2.917831441815452126e+04
-3.149209362820638489e+04
-3.399262553019220650e+04
-3.669164437287295004e+04
-3.960144017310361232e+04
-4.273487822756283276e+04
-4.610541907302664913e+04
-4.972713889519051736e+04
-5.361475038603458233e+04
-5.601654293916722963e+03
-5.603749415653695905e+03
-5.610103852204203577e+03
-5.620925032681632729e+03
-5.636559389263242338e+03
-5.657493432668856258e+03
-5.684355257834442455e+03
-5.717916479776380584e+03
-5.759094599648575240e+03
-5.808955800991028809e+03
-5.868718176171903906e+03
-5.939755383020077716e+03
-6.023600731650432863e+03
-6.121951701482823410e+03
-6.236674888450641447e+03
-6.369811382402891468e+03
-6.523582574699401448e+03
-6.700396395995921921e+03
-6.902853984222718282e+03
-7.133756782756099710e+03
-7.396114068780334492e+03
-7.693150911842654750e+03
-8.028316562600877660e+03
-8.405293271761944197e+03
-8.828005539213845623e+03
-9.300629793349013198e+03
-9.827604500579996966e+03
-1.041364070504727715e+04
-1.106373299851966294e+04
-1.178317092048602353e+04
-1.257755078843994852e+04
-1.345278795835602796e+04
-1.441512951535881803e+04
-1.547116739458354277e+04
-1.662785193222900489e+04
-1.789250584680269458e+04
-1.927283865055797287e+04
-2.077696149112440617e+04
-2.241340242332816342e+04
-2.419112211120636493e+04
-2.611952996021323634e+04
-2.820850067961800960e+04
-3.046839127509481114e+04
-3.291005847150572663e+04
-3.554487656587499805e+04
-3.838475571055549517e+04
-4.144216062658853480e+04
-4.473012974725374079e+04
-4.826229479181303032e+04
-5.205290076944575412e+04
-5.270133756562387134e+03
-5.272208619406628713e+03
-5.278500618275058514e+03
-5.289212189909281733e+03
-5.304681414659575239e+03
-5.325383045155325817e+03
-5.351929946446620306e+03
-5.385074947609675291e+03
-5.425713104826289054e+03
-5.474884375926758366e+03
-5.533776706404976721e+03
-5.603729526899769553e+03
-5.686237662145875220e+03
-5.782955651393021981e+03
-5.895702480292937253e+03
-6.026466724256300949e+03
-6.177412103276714333e+03
-6.350883448223485175e+03
-6.549413078604095062e+03
-6.775727591792863677e+03
-7.032755063731114205e+03
-7.323632661091898626e+03
-7.651714664917635673e+03
-8.020580905722916214e+03
-8.434045610067223606e+03
-8.896166658594942419e+03
-9.411255255546770059e+03
-9.983886009735215339e+03
-1.061890742699248221e+04
-1.132145281408489973e+04
-1.209695159409655025e+04
-1.295114103327990233e+04
-1.389007837937760996e+04
-1.492015341141050521e+04
-1.604810140093474911e+04
-1.728101648476811170e+04
-1.862636544918342770e+04
-2.009200192557207265e+04
-2.168618099757487289e+04
-2.341757421968160634e+04
-2.529528504729918495e+04
-2.732886467828863533e+04
-2.952832830596989515e+04
-3.190417178359564787e+04
-3.446738870029308600e+04
-3.722948786847510928e+04
-4.020251122271834902e+04
-4.339905213011248998e+04
-4.683227411207391560e+04
-5.051592997763235326e+04
-5.098661491901042609e+03
-5.100697570640524646e+03
-5.106871391347998724e+03
-5.117379903784451017e+03
-5.132552011868414411e+03
-5.152849555152373796e+03
-5.178868682886655733e+03
-5.211341620677227183e+03
-5.251138829730352882e+03
-5.299271558689637459e+03
-5.356894788062025327e+03
-5.425310567234966584e+03
-5.505971744082606165e+03
-5.600486087163462798e+03
-5.710620800507324020e+03
-5.838307430992561422e+03
-5.985647168313978909e+03
-6.154916537540892023e+03
-6.348573484264405124e+03
-6.569263852336312993e+03
-6.819828254197280330e+03
-7.103309333795430575e+03
-7.422959422094627371e+03
-7.782248585174529580e+03
-8.184873064918909222e+03
-8.634764112295699306e+03
-9.136097213225399173e+03
-9.693301707042308408e+03
-1.031107079754402366e+04
-1.099437195663046441e+04
-1.174845772053550172e+04
-1.257887687864771578e+04
-1.349148605491983471e+04
-1.449246168187049989e+04
-1.558831236717584397e+04
-1.678589165284945193e+04
-1.809241116701499777e+04
-1.951545416826796281e+04
-2.106298948262671911e+04
-2.274338583307536101e+04
-2.456542656169590191e+04
-2.653832474439026919e+04
-2.867173869819354877e+04
-3.097578788117676959e+04
-3.346106918493962439e+04
-3.613867361969400372e+04
-3.902020339193809195e+04
-4.211778937471812242e+04
-4.544410897048446350e+04
-4.901240436653444340e+04
-5.072961049847930553e+03
-5.074941590556067240e+03
-5.080946832346191513e+03
-5.091167821109418583e+03
-5.105923589644255117e+03
-5.125662092127317010e+03
-5.150961512371002755e+03
-5.182531945871214702e+03
-5.221217455640700791e+03
-5.267998501832840702e+03
-5.323994745152282121e+03
-5.390468224053343874e+03
-5.468826905728190468e+03
-5.560628610881096392e+03
-5.667585312292863819e+03
-5.791567807171155437e+03
-5.934610763291144394e+03
-6.098918138922828803e+03
-6.286868976546440535e+03
-6.501023570357632707e+03
-6.744130007557927456e+03
-7.019131083436714107e+03
-7.329171590238169301e+03
-7.677605979818421474e+03
-8.068006400089856470e+03
-8.504171105254179565e+03
-8.990133239822975156e+03
-9.530169996426080615e+03
-1.012881214741025906e+04
-1.079085395022279044e+04
-1.152136342658489957e+04
-1.232569301545453345e+04
-1.320949059977438446e+04
-1.417871090701052890e+04
-1.523962728347747179e+04
-1.639884384245280671e+04
-1.766330798607842007e+04
-1.904032330105141955e+04
-2.053756282810184712e+04
-2.216308270525950502e+04
-2.392533618490786830e+04
-2.583318802462732856e+04
-2.789592925182574254e+04
-3.012329230215661664e+04
-3.252546653172758306e+04
-3.511311410309385974e+04
-3.789738624504244945e+04
-4.088993988616357819e+04
-4.410295466220946400e+04
-4.754915029724230408e+04
-5.194299074006918090e+03
-5.196207427575554902e+03
-5.201994012657916755e+03
-5.211843579943335499e+03
-5.226064639106283721e+03
-5.245090346597236930e+03
-5.269479748547804775e+03
-5.299919378792521456e+03
-5.337225212005891080e+03
-5.382344971956594236e+03
-5.436360794875839929e+03
-5.500492247943438997e+03
-5.576099702888495813e+03
-5.664688064706202567e+03
-5.767910855491158145e+03
-5.887574653386302089e+03
-6.025643886647107138e+03
-6.184245982822620135e+03
-6.365676873052223527e+03
-6.572406851477142482e+03
-6.807086789770306495e+03
-7.072554706778977561e+03
-7.371842693286576832e+03
-7.708184191887190536e+03
-8.085021631978819642e+03
-8.506014419870458369e+03
-8.975047284006359405e+03
-9.496238975305735948e+03
-1.007395132261769322e+04
-1.071279864329407428e+04
-1.141765750887580725e+04
-1.219367686589617369e+04
-1.304628851180095808e+04
-1.398121792598278262e+04
-1.500449545593268340e+04
-1.612246785850677406e+04
-1.734181019630927767e+04
-1.866953808919098810e+04
-2.011302032086436520e+04
-2.167999180063409585e+04
-2.337856688024332834e+04
-2.521725302583614393e+04
-2.720496484503608735e+04
-2.935103846914011228e+04
-3.166524629042886227e+04
-3.415781205459295597e+04
-3.683942630827372341e+04
-3.972126220172346075e+04
-4.281499164657622896e+04
-4.613280182873993181e+04
-5.455915922050407971e+03
-5.457736630494582641e+03
-5.463258073734235950e+03
-5.472658373798654793e+03
-5.486234961765603657e+03
-5.504405419305261603e+03
-5.527708656839280593e+03
-5.556806428320094710e+03
-5.592485182625761809e+03
-5.635658251571796427e+03
-5.687368374541911180e+03
-5.748790559734934504e+03
-5.821235282028912479e+03
-5.906152017463402444e+03
-6.005133114338106679e+03
-6.119918000929588743e+03
-6.252397729824890121e+03
-6.404619858872349141e+03
-6.578793668750517099e+03
-6.777295717153050646e+03
-7.002675729592436255e+03
-7.257662826819501788e+03
-7.545172088861789234e+03
-7.868311455677790946e+03
-8.230388964429588668e+03
-8.634920323372312851e+03
-9.085636822360600490e+03
-9.586493579973412125e+03
-1.014167812725475233e+04
-1.075561932807335324e+04
-1.143299663609767958e+04
-1.217874968839042413e+04
-1.299808823561828467e+04
-1.389650240888056578e+04
-1.487977332315436797e+04
-1.595398401735695734e+04
-1.712553073102663620e+04
-1.840113451761860415e+04
-1.978785319442102991e+04
-2.129309362908545154e+04
-2.292462436277745292e+04
-2.469058856994226517e+04
-2.659951735468875995e+04
-2.866034338379084511e+04
-3.088241485630549869e+04
-3.327550980980922759e+04
-3.584985076325063710e+04
-3.861611969642053737e+04
-4.158547336604038719e+04
-4.476955895846712519e+04
-5.856488528184108873e+03
-5.858206419714555523e+03
-5.863417105792250368e+03
-5.872291780043844483e+03
-5.885116295741907379e+03
-5.902291961644983530e+03
-5.924336656177380064e+03
-5.951886259941136814e+03
-5.985696406569055398e+03
-6.026644551911227609e+03
-6.075732361559061246e+03
-6.134088416705428244e+03
-6.202971238342681318e+03
-6.283772629795177636e+03
-6.378021337590307667e+03
-6.487387030664132908e+03
-6.613684597905670671e+03
-6.758878764035620407e+03
-6.925089023823078605e+03
-7.114594894638088590e+03
-7.329841487341225729e+03
-7.573445395509072114e+03
-7.848200902996766672e+03
-8.157086509836670302e+03
-8.503271776474117360e+03
-8.890124486339045689e+03
-9.321218126754687546e+03
-9.800339688182146347e+03
-1.033149778180268186e+04
-1.091893107543512451e+04
-1.156711704779036882e+04
-1.228078106106338964e+04
-1.306490575185966372e+04
-1.392474074046062196e+04
-1.486581265842330140e+04
-1.589393549451803483e+04
-1.701522125900221727e+04
-1.823609096623078585e+04
-1.956328593560287118e+04
-2.100387941084487102e+04
-2.256528849763077233e+04
-2.425528641953858096e+04
-2.608201509234296100e+04
-2.805399801664506958e+04
-3.018015348883821935e+04
-3.246980813041057991e+04
-3.493271073558479839e+04
-3.757904643729241798e+04
-4.041945119148695812e+04
-4.346502657979265496e+04
-6.375968474299930676e+03
-6.377569571683190588e+03
-6.382427509084234771e+03
-6.390706372478889534e+03
-6.402680139230076747e+03
-6.418733429193038319e+03
-6.439362556263458828e+03
-6.465176880366700061e+03
-6.496900459888871410e+03
-6.535374004551737016e+03
-6.581557128727963573e+03
-6.636530905199349945e+03
-6.701500719356990885e+03
-6.777799423843440309e+03
-6.866890793637947354e+03
-6.970373281581683841e+03
-7.089984074347801652e+03
-7.227603448851372377e+03
-7.385259429102705326e+03
-7.565132743502381345e+03
-7.769562082578126137e+03
-8.001049657164880045e+03
-8.262267057025503163e+03
-8.556061409914782416e+03
-8.885461841084914340e+03
-9.253686233233489475e+03
-9.664148286893501790e+03
-1.012046488126522672e+04
-1.062646373549043710e+04
-1.118619137036933171e+04
-1.180392137051795726e+04
-1.248416294696930163e+04
-1.323166980021678137e+04
-1.405144928369748231e+04
-1.494877186772058849e+04
-1.592918090383597337e+04
-1.699850268964463976e+04
-1.816285683405353120e+04
-1.942866692296970723e+04
-2.080267148543879739e+04
-2.229193526022416336e+04
-2.390386076282927388e+04
-2.564620015296108613e+04
-2.752706740243648892e+04
-2.955495076353070544e+04
-3.173872553776710629e+04
-3.408766714515015337e+04
-3.661146449384011794e+04
-3.932023365026905958e+04
-4.222453180970053654e+04
-6.989215482247615000e+03
-6.990687161640460545e+03
-6.995154463592414686e+03
-7.002774320979537151e+03
-7.013808760454558069e+03
-7.028625610233033512e+03
-7.047699490996179520e+03
-7.071613089908332768e+03
-7.101058717748925119e+03
-7.136840149159343127e+03
-7.179874746005840279e+03
-7.231195863856002688e+03
-7.291955541570874630e+03
-7.363427474012347375e+03
-7.447010267864392517e+03
-7.544230980570493557e+03
-7.656748942385333066e+03
-7.786359861541928694e+03
-7.935000212532399019e+03
-8.104751907505637064e+03
-8.297847250778409943e+03
-8.516674176462398464e+03
-8.763781769205201272e+03
-9.041886068047009758e+03
-9.353876153392662673e+03
-9.702820517096923140e+03
-1.009197371566656511e+04
-1.052478330657679180e+04
-1.100489706770175326e+04
-1.153617049986156053e+04
-1.212267461248305881e+04
-1.276870399237551464e+04
-1.347878515562266875e+04
-1.425768518258774748e+04
-1.511042063603491079e+04
-1.604226676236533058e+04
-1.705876697596731901e+04
-1.816574262668294250e+04
-1.936930305038841834e+04
-2.067585590268956730e+04
-2.209211777573284053e+04
-2.362512509813107317e+04
-2.528224531800359546e+04
-2.707118836913183623e+04
-2.900001842023005884e+04
-3.107716590733052726e+04
-3.331143984928383725e+04
-3.571204044637464540e+04
-3.828857196205123182e+04
-4.105105588777131925e+04
-7.682040807916240738e+03
-7.683372289499900944e+03
-7.687416624076839071e+03
-7.694323614330493001e+03
-7.704343375417574862e+03
-7.717827000997003779e+03
-7.735227495666797040e+03
-7.757100973814449389e+03
-7.784108124877337104e+03
-7.817015945014300087e+03
-7.856699735187648912e+03
-7.904145365656779177e+03
-7.960451806882883830e+03
-8.026833926844770758e+03
-8.104625554764072149e+03
-8.195282811244345794e+03
-8.300387704817785561e+03
-8.421651994906183972e+03
-8.560921321190642630e+03
-8.720179599392951786e+03
-8.901553683468566305e+03
-9.107318294209409942e+03
-9.339901214258796244e+03
-9.601888749536361502e+03
-9.896031457075190701e+03
-1.022525013926877182e+04
-1.059264210452926818e+04
-1.100148769435738541e+04
-1.145525707682277607e+04
-1.195761730645463649e+04
-1.251243965054552427e+04
-1.312380718186347076e+04
-1.379602263777686312e+04
-1.453361654579041897e+04
-1.534135561549039812e+04
-1.622425139690290598e+04
-1.718756920526242902e+04
-1.823683731218997491e+04
-1.937785640328523004e+04
-2.061670930212637904e+04
-2.195977096068326500e+04
-2.341371871614075644e+04
-2.498554281413296849e+04
-2.668255719838854202e+04
-2.851241056678711539e+04
-3.048309769382675950e+04
-3.260297101950239812e+04
-3.488075250459468953e+04
-3.732554575237103563e+04
-3.994684839669650682e+04
-8.422983416684994154e+03
-8.424168966900693704e+03
-8.427773181133450635e+03
-8.433938875330766678e+03
-8.442904493373713194e+03
-8.455004733029263662e+03
-8.470671422284198343e+03
-8.490434646059662555e+03
-8.514924123306700494e+03
-8.544870834483770523e+03
-8.581108899413611653e+03
-8.624577705522820906e+03
-8.676324286461544034e+03
-8.737505951104116320e+03
-8.809393162931832194e+03
-8.893372669795357069e+03
-8.990950884058744123e+03
-9.103757513125054174e+03
-9.233549440342161688e+03
-9.382214856290120224e+03
-9.551777640449645332e+03
-9.744401993250779924e+03
-9.962397318503906718e+03
-1.020822335621101411e+04
-1.048449556575752285e+04
-1.079399075948677091e+04
-1.113965298665377486e+04
-1.152459966776085093e+04
-1.195212797927507563e+04
-1.242572148872454454e+04
-1.294905704017818789e+04
-1.352601189010529197e+04
-1.416067109361568509e+04
-1.485733514108247073e+04
-1.562052784514442828e+04
-1.645500447808946046e+04
-1.736576015962063684e+04
-1.835803849500142678e+04
-1.943734046358285923e+04
-2.060943355771190545e+04
-2.188036117202007881e+04
-2.325645224309422701e+04
-2.474433113952745043e+04
-2.635092780235131795e+04
-2.808348813584933669e+04
-2.994958464875120626e+04
-3.195712734580803590e+04
-3.411437486974969943e+04
-3.642994589362044644e+04
-3.891283076349985640e+04
-9.190931732366767392e+03
-9.191968616140697122e+03
-9.195124578355831545e+03
-9.200535669224826052e+03
-9.208429030876426623e+03
-9.219123485016403720e+03
-9.233030355654373125e+03
-9.250654526892934882e+03
-9.272595735783830605e+03
-9.299550100246553484e+03
-9.332311882052903456e+03
-9.371775484875632173e+03
-9.418937687400984942e+03
-9.474900111506898611e+03
-9.540871925505083709e+03
-9.618172782447545615e+03
-9.708235993498106836e+03
-9.812611936368088209e+03
-9.932971698816676508e+03
-1.007111095721568017e+04
-1.022895409017937527e+04
-1.040855852725807199e+04
-1.061211933269654037e+04
-1.084197402425738437e+04
-1.110060762710870586e+04
-1.139065796277572554e+04
-1.171492117315782707e+04
-1.207635747960945082e+04
-1.247809717708628341e+04
-1.292344686335537881e+04
-1.341589590326923826e+04
-1.395912312810648291e+04
-1.455700376997487001e+04
-1.521361663127941574e+04
-1.593325148925657413e+04
-1.672041673557055037e+04
-1.757984725097591581e+04
-1.851651251504405082e+04
-1.953562495095434133e+04
-2.064264850534989819e+04
-2.184330746325749715e+04
-2.314359549807254371e+04
-2.454978495660821864e+04
-2.606843637920940091e+04
-2.770640825493101147e+04
-2.947086701178078511e+04
-3.136929724202695070e+04
-3.340951216256979387e+04
-3.559966431037850998e+04
-3.794825647299225238e+04
-9.964789955204429134e+03
-9.965678705781161625e+03
-9.968388114935170961e+03
-9.973047765157627509e+03
-9.979873994665063947e+03
-9.989170448497457983e+03
-1.000132885005443677e+04
-1.001682999307078353e+04
-1.003624495403083893e+04
-1.006023652502204095e+04
-1.008956086702758330e+04
-1.012506938365784663e+04
-1.016771081532040625e+04
-1.021853355383028611e+04
-1.027868817745762863e+04
-1.034943020641582552e+04
-1.043212307878778120e+04
-1.052824134689091443e+04
-1.063937409408253734e+04
-1.076722857200253748e+04
-1.091363405825583686e+04
-1.108054593453452799e+04
-1.127004998517778404e+04
-1.148436691617107863e+04
-1.172585709458541533e+04
-1.199702550845410951e+04
-1.230052694708949457e+04
-1.263917140183823722e+04
-1.301592968727583502e+04
-1.343393928284027970e+04
-1.389651039490404582e+04
-1.440713223928569096e+04
-1.496947954420061615e+04
-1.558741927364996809e+04
-1.626501757124940741e+04
-1.700654692449626600e+04
-1.781649354947627944e+04
-1.869956499600887764e+04
-1.966069797323126841e+04
-2.070506639562237251e+04
-2.183808964946494962e+04
-2.306544107974699000e+04
-2.439305669750225206e+04
-2.582714410758935992e+04
-2.737419165691065427e+04
-2.904097780306912318e+04
-3.083458070346532986e+04
-3.276238802483197651e+04
-3.483210697320928011e+04
-3.705177454435763502e+04
-1.071869288057618905e+04
-1.071943800268163977e+04
-1.072171450126119817e+04
-1.072564587634388772e+04
-1.073143830544380035e+04
-1.073938115975892470e+04
-1.074984772684768541e+04
-1.076329613978724592e+04
-1.078027051280935302e+04
-1.080140228341631882e+04
-1.082741176097632160e+04
-1.085910988179741980e+04
-1.089740017068228735e+04
-1.094328090896056347e+04
-1.099784750900222753e+04
-1.106229509520900137e+04
-1.113792129148585263e+04
-1.122612921519178417e+04
-1.132843067756952769e+04
-1.144644959065571857e+04
-1.158192558066823585e+04
-1.173671780787549687e+04
-1.191280899294393203e+04
-1.211230964976409450e+04
-1.233746252475677466e+04
-1.259064724265940094e+04
-1.287438515879008628e+04
-1.319134441779262670e+04
-1.354434521885893264e+04
-1.393636528743331110e+04
-1.437054555339386570e+04
-1.485019603571435437e+04
-1.537880193360541853e+04
-1.596002992413505490e+04
-1.659773466632756754e+04
-1.729596551174381239e+04
-1.805897342153860154e+04
-1.889121808999919449e+04
-1.979737527456194948e+04
-2.078234433230936702e+04
-2.185125596294550633e+04
-2.300948015825138282e+04
-2.426263435801971355e+04
-2.561659181246848675e+04
-2.707749015113450878e+04
-2.865174015824617891e+04
-3.034603475457548484e+04
-3.216735818576829479e+04
-3.412299541715732630e+04
-3.622054173504993378e+04
-1.143045734711236582e+04
-1.143106602331241265e+04
-1.143293131185047241e+04
-1.143617108913960146e+04
-1.144098213786977794e+04
-1.144764063000950591e+04
-1.145650280300779013e+04
-1.146800582919810950e+04
-1.148266887840179879e+04
-1.150109437373240689e+04
-1.152396944060128590e+04
-1.155206754892392382e+04
-1.158625034852556564e+04
-1.162746969774968966e+04
-1.167676988526537025e+04
-1.173529004507659374e+04
-1.180426676473092448e+04
-1.188503688673076795e+04
-1.197904050314324741e+04
-1.208782414341233198e+04
-1.221304415537143177e+04
-1.235647027945561058e+04
-1.251998941611557166e+04
-1.270560958643247795e+04
-1.291546408593244450e+04
-1.315181583160287119e+04
-1.341706190210834939e+04
-1.371373827120841270e+04
-1.404452473437549088e+04
-1.441225002861271241e+04
-1.481989714547420226e+04
-1.527060883728458248e+04
-1.576769331655946735e+04
-1.631463014862774435e+04
-1.691507633745270869e+04
-1.757287260465546569e+04
-1.829204986173829820e+04
-1.907683587550898301e+04
-1.993166212670555979e+04
-2.086117086182203275e+04
-2.187022233813488492e+04
-2.296390226192982664e+04
-2.414752941992960041e+04
-2.542666350392272943e+04
-2.680711312859210011e+04
-2.829494404254540495e+04
-2.989648753254547773e+04
-3.161834902094104837e+04
-3.346741685629967105e+04
-3.545087129723948601e+04
-1.206423508165385465e+04
-1.206471891527710432e+04
-1.206620799769554287e+04
-1.206881516386617477e+04
-1.207272877308878196e+04
-1.207821316056365504e+04
-1.208560926957041374e+04
-1.209533546427240981e+04
-1.210788852314108590e+04
-1.212384481300547486e+04
-1.214386164372343592e+04
-1.216867880347643586e+04
-1.219912027468600536e+04
-1.223609613055464797e+04
-1.228060461222791491e+04
-1.233373438658156374e+04
-1.239666698462907516e+04
-1.247067942055371532e+04
-1.255714699136295712e+04
-1.265754625716600458e+04
-1.277345820207366160e+04
-1.290657157572149481e+04
-1.305868641541586294e+04
-1.323171774890247070e+04
-1.342769947775848232e+04
-1.364878844140646106e+04
-1.389726866175237774e+04
-1.417555576844522693e+04
-1.448620160476079582e+04
-1.483189901410739913e+04
-1.521548680715438604e+04
-1.563995490958464325e+04
-1.610844969046863116e+04
-1.662427947126181971e+04
-1.719092021542554721e+04
-1.781202139866971993e+04
-1.849141205981906751e+04
-1.923310703230223953e+04
-2.004131335626346481e+04
-2.092043687129705359e+04
-2.187508898980548111e+04
-2.291009365097927730e+04
-2.403049445540050510e+04
-2.524156198026908532e+04
-2.654880127525149510e+04
-2.795795953895288403e+04
-2.947503397601198594e+04
-3.110627983481812043e+04
-3.285821862585252529e+04
-3.473764652065109112e+04
-1.259107894916916484e+04
-1.259145291297654330e+04
-1.259261093018711108e+04
-1.259466146254566411e+04
-1.259778556088932055e+04
-1.260223728704169662e+04
-1.260834430446536862e+04
-1.261650863767057490e+04
-1.262720760038262779e+04
-1.264099489246684789e+04
-1.265850186561087139e+04
-1.268043895776477984e+04
-1.270759729633922143e+04
-1.274085047015993587e+04
-1.278115647018244636e+04
-1.282955979896069402e+04
-1.288719374887768208e+04
-1.295528284912997697e+04
-1.303514548147230016e+04
-1.312819666471828168e+04
-1.323595100800023829e+04
-1.336002583278552811e+04
-1.350214446365083677e+04
-1.366413968781467156e+04
-1.384795738342659570e+04
-1.405566031661491434e+04
-1.428943210729178463e+04
-1.455158136371554065e+04
-1.484454598581142454e+04
-1.517089763724941076e+04
-1.553334638628036737e+04
-1.593474551532819896e+04
-1.637809649934256959e+04
-1.686655415290616656e+04
-1.740343194610176579e+04
-1.799220748913590796e+04
-1.863652818572073011e+04
-1.934021705521328477e+04
-2.010727872351235783e+04
-2.094190558271340342e+04
-2.184848411952045717e+04
-2.283160141241655947e+04
-2.389605179759096427e+04
-2.504684370362464324e+04
-2.628920665493329579e+04
-2.762859844396779954e+04
-2.907071247217263590e+04
-3.062148525970159608e+04
-3.228710412389172052e+04
-3.407401502649426402e+04
-1.299590531944044596e+04
-1.299618784333776239e+04
-1.299707031240610559e+04
-1.299865749749629322e+04
-1.300112427910176848e+04
-1.300471604097189083e+04
-1.300974922117038659e+04
-1.301661202057845912e+04
-1.302576526884467967e+04
-1.303774344777862825e+04
-1.305315587219020381e+04
-1.307268802817460892e+04
-1.309710306884242164e+04
-1.312724346749464530e+04
-1.316403282824339658e+04
-1.320847785407742413e+04
-1.326167047237360566e+04
-1.332479011785268085e+04
-1.339910617298124816e+04
-1.348598056581849050e+04
-1.358687052530808796e+04
-1.370333149401572518e+04
-1.383702019831173311e+04
-1.398969787599901974e+04
-1.416323366138583515e+04
-1.435960812780468223e+04
-1.458091698757566155e+04
-1.482937494941518889e+04
-1.510731973329100219e+04
-1.541721624272061854e+04
-1.576166089451675543e+04
-1.614338610597703519e+04
-1.656526493951884186e+04
-1.703031590476079509e+04
-1.754170791804761393e+04
-1.810276541942141193e+04
-1.871697364703813219e+04
-1.938798406902901115e+04
-2.011961997280722426e+04
-2.091588221182014604e+04
-2.178095510974672652e+04
-2.271921252213987100e+04
-2.373522405551450356e+04
-2.483376144388058310e+04
-2.601980508272142470e+04
-2.729855072041754829e+04
-2.867541630711543257e+04
-3.015604900104162152e+04
-3.174633233226242010e+04
-3.345239352388825500e+04
-1.326162892792766252e+04
-1.326184250090726709e+04
-1.326251712237054926e+04
-1.326375457314598498e+04
-1.326572473212885416e+04
-1.326866594255425116e+04
-1.327288552477682060e+04
-1.327876043556173863e+04
-1.328673807388274327e+04
-1.329733723322991318e+04
-1.331114920042696031e+04
-1.332883900095484569e+04
-1.335114679078754671e+04
-1.337888939473425853e+04
-1.341296199129137676e+04
-1.345433994400389020e+04
-1.350408077933394634e+04
-1.356332631104028223e+04
-1.363330491106508998e+04
-1.371533392693034330e+04
-1.381082224564273747e+04
-1.392127300410806492e+04
-1.404828644605335649e+04
-1.419356292545905308e+04
-1.435890605649943973e+04
-1.454622600999172209e+04
-1.475754295635442395e+04
-1.499499065507483829e+04
-1.526082019068438967e+04
-1.555740385524397789e+04
-1.588723917733716553e+04
-1.625295309757317227e+04
-1.665730629059815328e+04
-1.710319763361520745e+04
-1.759366882141382666e+04
-1.813190912790786388e+04
-1.872126031418203638e+04
-1.936522168304814113e+04
-2.006745528010927956e+04
-2.083179124133327423e+04
-2.166223328713524097e+04
-2.256296436296852335e+04
-2.353835242642469166e+04
-2.459295638084273014e+04
-2.573153215542623002e+04
-2.695903893187056383e+04
-2.828064551749794191e+04
-2.970173686490195905e+04
-3.122792073810065995e+04
-3.286503452519874554e+04
-1.337082007884774248e+04
-1.337099015844936912e+04
-1.337153354467531972e+04
-1.337254974773643335e+04
-1.337420484447553463e+04
-1.337673181810420101e+04
-1.338043103383497146e+04
-1.338567085040767051e+04
-1.339288836751136478e+04
-1.340259030909958710e+04
-1.341535404260298492e+04
-1.343182873403428312e+04
-1.345273663898857376e+04
-1.347887452953986394e+04
-1.351111525703126063e+04
-1.355040945075933996e+04
-1.359778735255471838e+04
-1.365436078725722837e+04
-1.372132526908447471e+04
-1.379996224389741110e+04
-1.389164146735853137e+04
-1.399782351898668276e+04
-1.412006245210550696e+04
-1.426000857968725177e+04
-1.441941139609131278e+04
-1.460012263469732170e+04
-1.480409946143347588e+04
-1.503340780419936345e+04
-1.529022581818385515e+04
-1.557684748707718609e+04
-1.589568636017895915e+04
-1.624927942539969445e+04
-1.664029111815848228e+04
-1.707151746617422396e+04
-1.754589037015242502e+04
-1.806648202036674411e+04
-1.863650944913507556e+04
-1.925933921919090426e+04
-1.993849224794848124e+04
-2.067764876766448651e+04
-2.148065342149262506e+04
-2.235152049543448084e+04
-2.329443928618442806e+04
-2.431377960486969823e+04
-2.541409741668486458e+04
-2.660014061642169690e+04
-2.787685493989355746e+04
-2.924939001125403956e+04
-3.072310552621177339e+04
-3.230357757113865591e+04
-1.330982626064876240e+04
-1.330998179143975176e+04
-1.331048101227982625e+04
-1.331142187132717299e+04
-1.331296782470654580e+04
-1.331534815029984020e+04
-1.331885838705492824e+04
-1.332386089980821635e+04
-1.333078556962678522e+04
-1.334013060966433477e+04
-1.335246350653500122e+04
-1.336842208720428243e+04
-1.338871571139420485e+04
-1.341412658950758123e+04
-1.344551122606627905e+04
-1.348380198866829232e+04
-1.353000880245934241e+04
-1.358522097012234190e+04
-1.365060911738242794e+04
-1.372742726402884546e+04
-1.381701502045354027e+04
-1.392079990970555809e+04
-1.404029981506285367e+04
-1.417712555311936376e+04
-1.433298357238988319e+04
-1.450967877743064673e+04
-1.470911747847608422e+04
-1.493331046659278218e+04
-1.518437621434993889e+04
-1.546454420200551249e+04
-1.577615836920930451e+04
-1.612168069222307167e+04
-1.650369488665568497e+04
-1.692491023571666301e+04
-1.738816554398436710e+04
-1.789643321669177385e+04
-1.845282346452850106e+04
-1.906058863395915978e+04
-1.972312766305825062e+04
-2.044399066286133530e+04
-2.122688362423336002e+04
-2.207567325025248647e+04
-2.299439191411122374e+04
-2.398724274253362091e+04
-2.505860482470895658e+04
-2.621303854674194008e+04
-2.745529105161978805e+04
-2.879030182469467036e+04
-3.022320840468416645e+04
-3.175935222018696004e+04
-1.306201658874442910e+04
-1.306218964522245733e+04
-1.306274116293118641e+04
-1.306376824435775779e+04
-1.306543291918485193e+04
-1.306796243259776929e+04
-1.307164964891438285e+04
-1.307685357053689404e+04
-1.308399997222727870e+04
-1.309358215070550068e+04
-1.310616178956917793e+04
-1.312236993953731144e+04
-1.314290811401737665e+04
-1.316854949999210658e+04
-1.320014028423282434e+04
-1.323860109483279666e+04
-1.328492855806491934e+04
-1.334019697056065343e+04
-1.340556008681348794e+04
-1.348225302200369697e+04
-1.357159427014641551e+04
-1.367498783756243938e+04
-1.379392549167184916e+04
-1.392998912511024537e+04
-1.408485323516738936e+04
-1.426028751854977054e+04
-1.445815958146408593e+04
-1.468043776502519358e+04
-1.492919408598580412e+04
-1.520660729278942381e+04
-1.551496603694545956e+04
-1.585667215972777922e+04
-1.623424409419553194e+04
-1.665032038253670180e+04
-1.710766330873496190e+04
-1.760916264655823397e+04
-1.815783952287142893e+04
-1.875685039627034348e+04
-1.940949115103962686e+04
-2.011920130643263838e+04
-2.088956834127460024e+04
-2.172433213388802687e+04
-2.262738951734115835e+04
-2.360279895001936893e+04
-2.465478530151868108e+04
-2.578774475386262202e+04
-2.700624981804177150e+04
-2.831505446587525512e+04
-2.971909937719631853e+04
-3.122351730235960349e+04
-1.263644605451444841e+04
-1.263666763066994645e+04
-1.263736463810835085e+04
-1.263863396634541459e+04
-1.264063727323590138e+04
-1.264360124796647688e+04
-1.264781797924715283e+04
-1.265364542869825164e+04
-1.266150800943585091e+04
-1.267189726985435482e+04
-1.268537268260559904e+04
-1.270256253877599374e+04
-1.272416494726084420e+04
-1.275094893933582716e+04
-1.278375567842589226e+04
-1.282349977507083895e+04
-1.287117070708892061e+04
-1.292783434493812820e+04
-1.299463458227277079e+04
-1.307279507169996941e+04
-1.316362106573149504e+04
-1.326850136293356263e+04
-1.338891035927413759e+04
-1.352641020466700320e+04
-1.368265306471388067e+04
-1.385938348764243710e+04
-1.405844087644345382e+04
-1.428176206620398989e+04
-1.453138400663786342e+04
-1.480944654981389613e+04
-1.511819534308167204e+04
-1.545998482719322055e+04
-1.583728133962411448e+04
-1.625266632308955377e+04
-1.670883963925966964e+04
-1.720862298767093307e+04
-1.775496342983493378e+04
-1.835093701854565734e+04
-1.899975253238197183e+04
-1.970475531540930024e+04
-2.046943122207759734e+04
-2.129741066731675164e+04
-2.219247278182946320e+04
-2.315854967258128090e+04
-2.419973078848787191e+04
-2.532026739129970156e+04
-2.652457713168398186e+04
-2.781724873050374663e+04
-2.920304676529450808e+04
-3.068691656193778545e+04
-1.204739732631270999e+04
-1.204769699417296943e+04
-1.204862838590098909e+04
-1.205028871344096478e+04
-1.205284015504172748e+04
-1.205651009276873629e+04
-1.206159144502230083e+04
-1.206844309405987042e+04
-1.207749040852340295e+04
-1.208922586097200110e+04
-1.210420974041987211e+04
-1.212307095987847788e+04
-1.214650795890425798e+04
-1.217528970115136326e+04
-1.221025676692901106e+04
-1.225232254076480058e+04
-1.230247449397118908e+04
-1.236177556221950545e+04
-1.243136561811668435e+04
-1.251246303878802064e+04
-1.260636636846538750e+04
-1.271445607607958846e+04
-1.283819640785799857e+04
-1.297913733492741267e+04
-1.313891659592184442e+04
-1.331926183459526874e+04
-1.352199283243909667e+04
-1.374902383630540862e+04
-1.400236598103451979e+04
-1.428412980708748000e+04
-1.459652787318453193e+04
-1.494187746394731948e+04
-1.532260339254697828e+04
-1.574124089835698032e+04
-1.620043863961101306e+04
-1.670296178106572916e+04
-1.725169517666866159e+04
-1.784964664723121314e+04
-1.849995035310637468e+04
-1.920587026187163065e+04
-1.997080371101709170e+04
-2.079828506563834526e+04
-2.169198947113423128e+04
-2.265573670090985252e+04
-2.369349509908473919e+04
-2.480938561820555333e+04
-2.600768595196432580e+04
-2.729283476292113482e+04
-2.866943600523239729e+04
-3.014226334238379422e+04
-1.130238772305886232e+04
-1.130279416410863814e+04
-1.130404613916576454e+04
-1.130624164630296582e+04
-1.130954415680487364e+04
-1.131418282691459717e+04
-1.132045279427678361e+04
-1.132871555908109440e+04
-1.133939944990164440e+04
-1.135300017423689133e+04
-1.137008145374675223e+04
-1.139127574418758923e+04
-1.141728504004673050e+04
-1.144888176387434578e+04
-1.148690974031393307e+04
-1.153228525483065823e+04
-1.158599819713994657e+04
-1.164911328933057121e+04
-1.172277139869017628e+04
-1.180819093522663024e+04
-1.190666933388788493e+04
-1.201958462148105355e+04
-1.214839706828924682e+04
-1.229465092438668034e+04
-1.245997624065203308e+04
-1.264609077448030257e+04
-1.285480198019298950e+04
-1.308800908414624791e+04
-1.334770524453794860e+04
-1.363597979591228614e+04
-1.395502057836310269e+04
-1.430711635143585590e+04
-1.469465929272693393e+04
-1.512014758118238751e+04
-1.558618806509398200e+04
-1.609549901479419714e+04
-1.665091296004961623e+04
-1.725537961215157338e+04
-1.791196887070657613e+04
-1.862387391512383329e+04
-1.939441438080199805e+04
-2.022703962001309264e+04
-2.112533204748627395e+04
-2.209301057068824957e+04
-2.313393410480325838e+04
-2.425210517241062553e+04
-2.545167358786123077e+04
-2.673694022635139845e+04
-2.811236087769588630e+04
-2.958255018479903083e+04
-1.043941661821952221e+04
-1.043995357393691302e+04
-1.044159744864791719e+04
-1.044444730212802278e+04
-1.044866835767126577e+04
-1.045449218759038922e+04
-1.046221697291903911e+04
-1.047220783731347365e+04
-1.048489725515596911e+04
-1.050078553385628402e+04
-1.052044137035646236e+04
-1.054450248183447911e+04
-1.057367631060807980e+04
-1.060874080324036549e+04
-1.065054526384467499e+04
-1.070001128159039763e+04
-1.075813373240924375e+04
-1.082598185490215110e+04
-1.090470040044613597e+04
-1.099551085750217317e+04
-1.109971275012322803e+04
-1.121868501066272438e+04
-1.135388742668355553e+04
-1.150686216206766039e+04
-1.167923535232608810e+04
-1.187271877410905290e+04
-1.208911158891699779e+04
-1.233030216101213045e+04
-1.259826994952969108e+04
-1.289508747479090380e+04
-1.322292235881483066e+04
-1.358403944003261495e+04
-1.398080296220007767e+04
-1.441567883751257250e+04
-1.489123698391911967e+04
-1.541015373663760329e+04
-1.597521433387014440e+04
-1.658931547671957378e+04
-1.725546796330488723e+04
-1.797679939707899757e+04
-1.875655696934566367e+04
-1.959811031597751571e+04
-2.050495444833391230e+04
-2.148071275838015936e+04
-2.252914009800644999e+04
-2.365412593254753301e+04
-2.485969756850276826e+04
-2.615002345545699791e+04
-2.752941656220121149e+04
-2.900233782705426711e+04
-9.480260877448999963e+03
-9.480949514044796160e+03
-9.483048841645590073e+03
-9.486659145426699979e+03
-9.491947673137461607e+03
-9.499148793785408998e+03
-9.508564219794492601e+03
-9.520563292637341874e+03
-9.535583331941561482e+03
-9.554130048069313489e+03
-9.576778018171562508e+03
-9.604171225715057517e+03
-9.637023663484345889e+03
-9.676120000056149365e+03
-9.722316309749445281e+03
-9.776540866047798772e+03
-9.839794998495821346e+03
-9.913154013070699875e+03
-9.997768176025228968e+03
-1.009486376120737623e+04
-1.020574416085127086e+04
-1.033179105984406851e+04
-1.047446567346471056e+04
-1.063531004859821587e+04
-1.081594842842255639e+04
-1.101808868057027939e+04
-1.124352378876313560e+04
-1.149413340792155941e+04
-1.177188548274656932e+04
-1.207883792977710254e+04
-1.241714038291992074e+04
-1.278903600245367852e+04
-1.319686334750771130e+04
-1.364305831201299588e+04
-1.413015612412850533e+04
-1.466079340914037130e+04
-1.523771031583531294e+04
-1.586375270634812841e+04
-1.654187440948231597e+04
-1.727513953750523433e+04
-1.806672486641645082e+04
-1.891992227969077430e+04
-1.983814127549416662e+04
-2.082491153737410787e+04
-2.188388556842354228e+04
-2.301884138891888870e+04
-2.423368529743164618e+04
-2.553245469541370039e+04
-2.691932097525704376e+04
-2.839859247182659965e+04
-8.461502982908532431e+03
-8.462358208936360825e+03
-8.464957713008469000e+03
-8.469402999431731587e+03
-8.475863329857764256e+03
-8.484575854991962842e+03
-8.495845798986900263e+03
-8.510046696519671968e+03
-8.527620682552480503e+03
-8.549078834777754309e+03
-8.575001568746280100e+03
-8.606039085680040444e+03
-8.642911872967737509e+03
-8.686411257345351260e+03
-8.737400010759412908e+03
-8.796813008915263708e+03
-8.865657942507516054e+03
-8.945016081135794593e+03
-9.036043089904100270e+03
-9.139969898702134742e+03
-9.258103624173982098e+03
-9.391828544366584538e+03
-9.542607126065377088e+03
-9.711981104811346086e+03
-9.901572617603407707e+03
-1.011308538828361998e+04
-1.034830596560707090e+04
-1.060910501399454552e+04
-1.089743865697032561e+04
-1.121534987328232637e+04
-1.156496994570717288e+04
-1.194851996253837569e+04
-1.236831237175868046e+04
-1.282675258789652798e+04
-1.332634065156516590e+04
-1.386967294168698209e+04
-1.445944394040086991e+04
-1.509844805065317269e+04
-1.578958146647310059e+04
-1.653584409593156306e+04
-1.734034153678396251e+04
-1.820628710479641813e+04
-1.913700391475645301e+04
-2.013592701416683485e+04
-2.120660556962369083e+04
-2.235270510587806712e+04
-2.357800979758165340e+04
-2.488642481371615941e+04
-2.628197871470596874e+04
-2.776882590221594000e+04
-7.433102623856570062e+03
-7.434131347559112328e+03
-7.437251680654320808e+03
-7.442566130112008977e+03
-7.450245610905894864e+03
-7.460529551050820373e+03
-7.473726038653076102e+03
-7.490212010976380043e+03
-7.510433485522617048e+03
-7.534905833125916615e+03
-7.564214093062775646e+03
-7.599013330175719602e+03
-7.640029034012577540e+03
-7.688057559979302823e+03
-7.743966612507481841e+03
-7.808695770238118712e+03
-7.883257053217448629e+03
-7.968735532109170890e+03
-8.066289979420733289e+03
-8.177153562744153533e+03
-8.302634580011515936e+03
-8.444117236765105190e+03
-8.603062465442126268e+03
-8.781008786673637587e+03
-8.979573212598945247e+03
-9.200452192193926749e+03
-9.445422598613975424e+03
-9.716342758551547377e+03
-1.001515352360899851e+04
-1.034387938368498362e+04
-1.070462962237589636e+04
-1.109959951439258475e+04
-1.153107156499010853e+04
-1.200141679141391432e+04
-1.251309604635898540e+04
-1.306866138344471256e+04
-1.367075746470398553e+04
-1.432212301008679788e+04
-1.502559228897840330e+04
-1.578409665373219286e+04
-1.660066611521758023e+04
-1.747843096038158546e+04
-1.842062341182565433e+04
-1.943057932939714374e+04
-2.051173995379480402e+04
-2.166765369218967317e+04
-2.290197794585973315e+04
-2.421848097984015476e+04
-2.562104383458679513e+04
-2.711366227965578946e+04
-6.424396408399701613e+03
-6.425600274541324325e+03
-6.429246264736602825e+03
-6.435437570070613219e+03
-6.444346228264037563e+03
-6.456213202541672217e+03
-6.471348492048773551e+03
-6.490131273813762164e+03
-6.513010076259666675e+03
-6.540502984261407619e+03
-6.573197875752259279e+03
-6.611752689876404474e+03
-6.656895726689333969e+03
-6.709425978405433852e+03
-6.770213492193999627e+03
-6.840199764520479221e+03
-6.920398167038052634e+03
-7.011894404024113101e+03
-7.115847001364922107e+03
-7.233487827088923950e+03
-7.366122643444979985e+03
-7.515131690530990454e+03
-7.681970301466917590e+03
-7.868169549117805218e+03
-8.075336924362345599e+03
-8.305157045910147644e+03
-8.559392401665079888e+03
-8.839884121637995122e+03
-9.148552782404249228e+03
-9.487399243111249234e+03
-9.858505513031579540e+03
-1.026403565066411466e+04
-1.070623669438314755e+04
-1.118743962463362732e+04
-1.171006035767538924e+04
-1.227660077087295576e+04
-1.288964975953480644e+04
-1.355188432529812781e+04
-1.426607069606247387e+04
-1.503506547746977958e+04
-1.586181683593226080e+04
-1.674936571320814983e+04
-1.770084707252357475e+04
-1.871949117624331848e+04
-1.980862489508796352e+04
-2.097167304889878142e+04
-2.221215977895026663e+04
-2.353370995180964019e+04
-2.494005059474390509e+04
-2.643501236267475906e+04
-5.489701843167242259e+03
-5.491071392700307115e+03
-5.495214501952445062e+03
-5.502234563583722775e+03
-5.512303934364481393e+03
-5.525663988679303657e+03
-5.542625193435167603e+03
-5.563567204368739112e+03
-5.588938983758151153e+03
-5.619258939535637182e+03
-5.655115085801209716e+03
-5.697165224740101621e+03
-5.746137149941156167e+03
-5.802828871116893424e+03
-5.868108860226002435e+03
-5.942916318998002680e+03
-6.028261467859036202e+03
-6.125225856260518412e+03
-6.234962694409327014e+03
-6.358697206399261631e+03
-6.497727004746091552e+03
-6.653422486322862824e+03
-6.827227249697923980e+03
-7.020658533875492139e+03
-7.235307678436482092e+03
-7.472840605083143600e+03
-7.734998320584394605e+03
-8.023597441123711178e+03
-8.340530738048802959e+03
-8.687767705022770315e+03
-9.067355146578465792e+03
-9.481417788073049451e+03
-9.932158907046059539e+03
-1.042186098597865021e+04
-1.095288638645485116e+04
-1.152767804472472926e+04
-1.214876018866986487e+04
-1.281873907617039367e+04
-1.354030375487402489e+04
-1.431622684336741440e+04
-1.514936533374872124e+04
-1.604266141560282267e+04
-1.699914332137840029e+04
-1.802192619316643322e+04
-1.911421297088114079e+04
-2.027929530184286705e+04
-2.152055447176215966e+04
-2.284146235712775160e+04
-2.424558239899343607e+04
-2.573657059816989931e+04
-4.670798999557831849e+03
-4.672316977348878936e+03
-4.676905240744566981e+03
-4.684666785646608332e+03
-4.695773291332759982e+03
-4.710465149621537421e+03
-4.729051505699415429e+03
-4.751910310617236973e+03
-4.779488385447668406e+03
-4.812301497112010111e+03
-4.850934445869608680e+03
-4.896041164473766912e+03
-4.948344828993398551e+03
-5.008637981299405510e+03
-5.077782663216708897e+03
-5.156710562341304467e+03
-5.246423169523513934e+03
-5.347991948015969683e+03
-5.462558514287091384e+03
-5.591334830500147291e+03
-5.735603408657645559e+03
-5.896717526410568098e+03
-6.076101454534595177e+03
-6.275250696069499099e+03
-6.495732237125277607e+03
-6.739184809354108438e+03
-7.007319164086260571e+03
-7.301918358132752473e+03
-7.624838051252370860e+03
-7.978006815284696131e+03
-8.363426454948448736e+03
-8.783172340305112812e+03
-9.239393750887746137e+03
-9.734314231495689455e+03
-1.027023195965427658e+04
-1.084952012473996911e+04
-1.147462731877111219e+04
-1.214807793886361469e+04
-1.287247260135282704e+04
-1.365048856757954491e+04
-1.448488018134320373e+04
-1.537847931801858795e+04
-1.633419584533882517e+04
-1.735501809584437797e+04
-1.844401335099613789e+04
-1.960432833695463705e+04
-2.083918973202477355e+04
-2.215190468576559579e+04
-2.354586134976542962e+04
-2.502452942008294485e+04
-3.998383011602067199e+03
-4.000024911112790505e+03
-4.004984586923441384e+03
-4.013363972158475008e+03
-4.025332959656279854e+03
-4.041129408416049046e+03
-4.061059152622807233e+03
-4.085496013250925898e+03
-4.114881812247107518e+03
-4.149726389291299711e+03
-4.190607621136250600e+03
-4.238171443526225630e+03
-4.293131875693336042e+03
-4.356271047433667263e+03
-4.428439228761713821e+03
-4.510554862142620550e+03
-4.603604597304316485e+03
-4.708643328627054871e+03
-4.826794235112372917e+03
-4.959248822931143877e+03
-5.107266970548302197e+03
-5.272176976428674607e+03
-5.455375609319746218e+03
-5.658328161113255192e+03
-5.882568502286670991e+03
-6.129699139921274764e+03
-6.401391278300616250e+03
-6.699384882086780635e+03
-7.025488742075700429e+03
-7.381580543530188152e+03
-7.769606937092965381e+03
-8.191583612277026987e+03
-8.649595373535750696e+03
-9.145796218910718380e+03
-9.682409421258533257e+03
-1.026172761205657662e+04
-1.088611286778702561e+04
-1.155799679889924846e+04
-1.227988064135161039e+04
-1.305433535073118037e+04
-1.388400169895229010e+04
-1.477159037353411986e+04
-1.571988207945621798e+04
-1.673172764359307621e+04
-1.781004812172742095e+04
-1.895783490814182369e+04
-2.017814984778916551e+04
-2.147412535104160270e+04
-2.284896451101812272e+04
-2.430594122349114696e+04
-3.512779812647793733e+03
-3.514511600932526562e+03
-3.519740337841303699e+03
-3.528566136748200734e+03
-3.541155843984806779e+03
-3.557743024900652017e+03
-3.578627944350000689e+03
-3.604177541600864060e+03
-3.634825399670884508e+03
-3.671071709085910697e+03
-3.713483226064170594e+03
-3.762693225124374294e+03
-3.819401446118888998e+03
-3.884374035690334495e+03
-3.958443483153987472e+03
-4.042508550803991966e+03
-4.137534198644138087e+03
-4.244551503543094441e+03
-4.364657572814710875e+03
-4.499015452221517990e+03
-4.648854028404261044e+03
-4.815467925735247263e+03
-5.000217397595866714e+03
-5.204528212079079822e+03
-5.429891532116582312e+03
-5.677863790029679876e+03
-5.950066556505687913e+03
-6.248186403997809975e+03
-6.573974764550515829e+03
-6.929247782048869340e+03
-7.315886158891966261e+03
-7.735834997092097183e+03
-8.191103633796834401e+03
-8.683765471237393285e+03
-9.215957801099757489e+03
-9.789881623321562074e+03
-1.040780145931281004e+04
-1.107204515960165008e+04
-1.178500370590394596e+04
-1.254913100761798705e+04
-1.336694369274353448e+04
-1.424102089322479878e+04
-1.517400402471919369e+04
-1.616859656078917214e+04
-1.722756380151956546e+04
-1.835373263655893243e+04
-1.954999130258559308e+04
-2.081928913519827620e+04
-2.216463631523094591e+04
-2.358910360949244205e+04
-3.229489291930694890e+03
-3.231273398165791150e+03
-3.236658231084567888e+03
-3.245741326989567824e+03
-3.258685225256858757e+03
-3.275717436644246845e+03
-3.297130398921948654e+03
-3.323281419827750142e+03
-3.354592607343825875e+03
-3.391550787297672287e+03
-3.434707408286400096e+03
-3.484678433923065313e+03
-3.542144222407890993e+03
-3.607849393420716297e+03
-3.682602682338971135e+03
-3.767276781776274220e+03
-3.862808170446074655e+03
-3.970196929347941477e+03
-4.090506545276881297e+03
-4.224863701655869590e+03
-4.374458056691844831e+03
-4.540542008854514279e+03
-4.724430449678631703e+03
-4.927500503889596075e+03
-5.151191256851489015e+03
-5.397003469339153526e+03
-5.666499279633268088e+03
-5.961301892938352466e+03
-6.283095258123697931e+03
-6.633623731788646182e+03
-7.014691729649644913e+03
-7.428163365251408322e+03
-7.875962076000841989e+03
-8.360070236524548818e+03
-8.882528759349055690e+03
-9.445436682904603003e+03
-1.005095074685183681e+04
-1.070128495473185467e+04
-1.139871012393961064e+04
-1.214555342302005010e+04
-1.294419789628782382e+04
-1.379708197577008468e+04
-1.470669898047235984e+04
-1.567559660296775837e+04
-1.670637638330939444e+04
-1.780169317026580757e+04
-1.896425456987961297e+04
-2.019682038134959294e+04
-2.150220202023583624e+04
-2.288326192898762747e+04
-3.138662672735406886e+03
-3.140460978142469685e+03
-3.145887333321985352e+03
-3.155036045864741027e+03
-3.168064264135105986e+03
-3.185191930841305293e+03
-3.206701718034199075e+03
-3.232938943533363272e+03
-3.264311468781363146e+03
-3.301289578126925335e+03
-3.344405839535285850e+03
-3.394254946726565322e+03
-3.451493542743171929e+03
-3.516840024944847755e+03
-3.591074331430856546e+03
-3.675037708892139563e+03
-3.769632461889552360e+03
-3.875821683562233375e+03
-3.994628967761498643e+03
-4.127138102615963362e+03
-4.274492745521936740e+03
-4.437896079563470266e+03
-4.618610451360093066e+03
-4.817956990342705467e+03
-5.037315209457334277e+03
-5.278122587297088103e+03
-5.541874131662603759e+03
-5.830121924549757750e+03
-6.144474648566341784e+03
-6.486597094776045196e+03
-6.858209651971321364e+03
-7.261087777373650169e+03
-7.697061448762055079e+03
-8.168014598030242269e+03
-8.675884526170968456e+03
-9.222661299689114458e+03
-9.810387128442815083e+03
-1.044115572491223975e+04
-1.111711164489692601e+04
-1.184044960964105303e+04
-1.261341380938659677e+04
-1.343829718835511085e+04
-1.431744071115678526e+04
-1.525323261062844176e+04
-1.624810761709892904e+04
-1.730454616908316893e+04
-1.842507360540399532e+04
-1.961225933874169277e+04
-2.086871601061279580e+04
-2.219709862777548187e+04
-3.241743180998484604e+03
-3.243515760892558319e+03
-3.248863664048572900e+03
-3.257877369311219809e+03
-3.270707636170507612e+03
-3.287565446883225377e+03
-3.308721925444926455e+03
-3.334508233409373133e+03
-3.365315442558419818e+03
-3.401594384419173366e+03
-3.443855476631528290e+03
-3.492668526164166906e+03
-3.548662509378676987e+03
-3.612525328944066132e+03
-3.685003547598562363e+03
-3.766902098762206151e+03
-3.859083973996344866e+03
-3.962469887313798608e+03
-4.078037916337010756e+03
-4.206823120305025441e+03
-4.349917134930128668e+03
-4.508467744102901634e+03
-4.683678428445791724e+03
-4.876807890716887414e+03
-5.089169558061406860e+03
-5.322131061112442694e+03
-5.577113689940872064e+03
-5.855591826854266401e+03
-6.159092356044020562e+03
-6.489194050082292961e+03
-6.847526933267394270e+03
-7.235771621818279527e+03
-7.655658640917517914e+03
-8.108967718603844332e+03
-8.597527056513372372e+03
-9.123212577469519601e+03
-9.687947149922274548e+03
-1.029369978923577219e+04
-1.094248483582565495e+04
-1.163636111014451308e+04
-1.237743104451681756e+04
-1.316783979182240728e+04
-1.400977431102935589e+04
-1.490546242957529466e+04
-1.585717188259777322e+04
-1.686720932901384367e+04
-1.793791934444829894e+04
-1.907168339101084712e+04
-2.027091876392207269e+04
-2.153807751498898870e+04
-3.522804363191595257e+03
-3.524513160417329345e+03
-3.529668280855983539e+03
-3.538355897563678809e+03
-3.550719588208834466e+03
-3.566960268934144551e+03
-3.587336101762828548e+03
-3.612162375550800789e+03
-3.641811360482533928e+03
-3.676712136112499138e+03
-3.717350392950751484e+03
-3.764268207593926491e+03
-3.818063791400601986e+03
-3.879391212711187109e+03
-3.948960092613620873e+03
-4.027535274252817544e+03
-4.115936465685330404e+03
-4.215037856278564504e+03
-4.325767706655571601e+03
-4.449107912183235385e+03
-4.586093540006668263e+03
-4.737812339627531401e+03
-4.905404227027143861e+03
-5.090060742334950191e+03
-5.293024481041366016e+03
-5.515588498755485489e+03
-5.759095689507021234e+03
-6.024938137594444925e+03
-6.314556442976796461e+03
-6.629439020209891169e+03
-6.971121370928547549e+03
-7.341185329873167575e+03
-7.741258284460394862e+03
-8.173012367899273158e+03
-8.638163625852424957e+03
-9.138471156640840491e+03
-9.675736224995034718e+03
-1.025180134934975831e+04
-1.086854936268363599e+04
-1.152790244690472900e+04
-1.223182114077914594e+04
-1.298230332140576138e+04
-1.378138315923531081e+04
-1.463113004663394167e+04
-1.553364749999224659e+04
-1.649107203537837268e+04
-1.750557201773636916e+04
-1.857934648362910957e+04
-1.971462393752629941e+04
-2.091366112163665093e+04
-3.955642789446135794e+03
-3.957252622424082801e+03
-3.962109308858103759e+03
-3.970294396985280400e+03
-3.981943752986377149e+03
-3.997247489665867761e+03
-4.016449866601633403e+03
-4.039849161768332124e+03
-4.067797514631027298e+03
-4.100700740710926766e+03
-4.139018117623034414e+03
-4.183262142584901085e+03
-4.233998261397602619e+03
-4.291844568898002763e+03
-4.357471480882637479e+03
-4.431601377503506228e+03
-4.515008218135561037e+03
-4.608517127715242168e+03
-4.713003954551359129e+03
-4.829394799607665846e+03
-4.958665517256269595e+03
-5.101841187503303445e+03
-5.259995559686680281e+03
-5.434250467644375021e+03
-5.625775216355132216e+03
-5.835785940050946010e+03
-6.065544931800764971e+03
-6.316359944565459955e+03
-6.589583463726185073e+03
-6.886611951081911684e+03
-7.208885060320688353e+03
-7.557884823961385337e+03
-7.935134811767928113e+03
-8.342199260633971790e+03
-8.780682175940870366e+03
-9.252226404385650312e+03
-9.758512678281678745e+03
-1.030125863133109306e+04
-1.088221778586770961e+04
-1.150317851157286714e+04
-1.216596295566268964e+04
-1.287242594454601385e+04
-1.362445385695522782e+04
-1.442396346854815783e+04
-1.527290076798148584e+04
-1.617323974445618296e+04
-1.712698114673452801e+04
-1.813615121362820355e+04
-1.920280037595919202e+04
-2.032900192999122373e+04
-4.524842989434864649e+03
-4.526320984855015922e+03
-4.530780542260605216e+03
-4.538298360380613303e+03
-4.549002221405628006e+03
-4.563070917452154390e+03
-4.580734147612152810e+03
-4.602272385587861208e+03
-4.628016717912951208e+03
-4.658348652758508251e+03
-4.693699899325027218e+03
-4.734552117820063359e+03
-4.781436640020836421e+03
-4.834934160423397771e+03
-4.895674397976650653e+03
-4.964335728401985762e+03
-5.041644787098830420e+03
-5.128376042635905833e+03
-5.225351340827270178e+03
-5.333439419394890137e+03
-5.453555393216176526e+03
-5.586660210157537222e+03
-5.733760077492974233e+03
-5.895905858908747177e+03
-6.074192442093690261e+03
-6.269758076914175035e+03
-6.483783684176465613e+03
-6.717492134972515487e+03
-6.972147500612873046e+03
-7.249054273144778563e+03
-7.549556556455493592e+03
-7.875037227961678582e+03
-8.226917070884064742e+03
-8.606653877107924927e+03
-9.015741520628656872e+03
-9.455709001584054931e+03
-9.928119460870490002e+03
-1.043456916534615993e+04
-1.097668646361958236e+04
-1.155613071242269507e+04
-1.217459117357101059e+04
-1.283378588150838004e+04
-1.353546048143761800e+04
-1.428138703803669705e+04
-1.507336281476062322e+04
-1.591320902372874480e+04
-1.680276954619764365e+04
-1.774390962361990751e+04
-1.873851451928815004e+04
-1.978848815056451713e+04
-5.180026032064428364e+03
-5.181348625817556240e+03
-5.185340356769742357e+03
-5.192073059367012320e+03
-5.201666408911580220e+03
-5.214287848400021176e+03
-5.230152486096902066e+03
-5.249522963843581238e+03
-5.272709296102280859e+03
-5.300068679735790283e+03
-5.332005274521805404e+03
-5.368969954403222800e+03
-5.411460029473302711e+03
-5.460018938696523037e+03
-5.515235913364176668e+03
-5.577745611286018175e+03
-5.648227721716226370e+03
-5.727406541015781841e+03
-5.816050519049178547e+03
-5.914971776316850082e+03
-6.025025591823330615e+03
-6.147109861679577079e+03
-6.282164528441782750e+03
-6.431170981184814082e+03
-6.595151426311023897e+03
-6.775168229094546405e+03
-6.972323225960724812e+03
-7.187757007500891632e+03
-7.422648172222493486e+03
-7.678212551034731405e+03
-7.955702402468554283e+03
-8.256405578633319237e+03
-8.581644661907714180e+03
-8.932776072366517838e+03
-9.311189145942156756e+03
-9.718305183322238008e+03
-1.015557646958197438e+04
-1.062448526455163665e+04
-1.112654276391968597e+04
-1.166328803107167187e+04
-1.223628689966307866e+04
-1.284713084692878692e+04
-1.349743583772723650e+04
-1.418884113931993124e+04
-1.492300810688613274e+04
-1.570161893977331420e+04
-1.652637540848246863e+04
-1.739899755238862053e+04
-1.832122234819714140e+04
-1.929480234913502136e+04
-5.886544344862482831e+03
-5.887693768339620874e+03
-5.891164408340187947e+03
-5.897023359487164271e+03
-5.905382399206875562e+03
-5.916397917310801859e+03
-5.930270817410057134e+03
-5.947246390162948956e+03
-5.967614158354908795e+03
-5.991707693811153149e+03
-6.019904406142642983e+03
-6.052625303323966364e+03
-6.090334724104643101e+03
-6.133540042252791864e+03
-6.182791342631764564e+03
-6.238681069109218697e+03
-6.301843644299389780e+03
-6.372955061137517077e+03
-6.452732446287733183e+03
-6.541933595382770363e+03
-6.641356480097537315e+03
-6.751838727054272567e+03
-6.874257068561383676e+03
-7.009526765184373289e+03
-7.158601000150076288e+03
-7.322470245583121141e+03
-7.502161600575274861e+03
-7.698738101087815267e+03
-7.913298001686292992e+03
-8.146974029108281684e+03
-8.400932607663686213e+03
-8.676373056467773495e+03
-8.974526758507205159e+03
-9.296656301538539992e+03
-9.644054590819774603e+03
-1.001804393367401281e+04
-1.041997509588671164e+04
-1.085122632993528168e+04
-1.131320237505078694e+04
-1.180733342911371074e+04
-1.233507409238148830e+04
-1.289790228304897209e+04
-1.349731812464158793e+04
-1.413484280524180213e+04
-1.481201740854747368e+04
-1.553040171676333193e+04
-1.629157298532571440e+04
-1.709712468945888759e+04
-1.794866524256521734e+04
-1.884781668644754245e+04
-6.597338174384399281e+03
-6.598308414000811354e+03
-6.601240014976835482e+03
-6.606195610455697533e+03
-6.613279544884887400e+03
-6.622637807828760742e+03
-6.634457941307153305e+03
-6.648968920658822753e+03
-6.666441008929494274e+03
-6.687185584786337131e+03
-6.711554943956529314e+03
-6.739942074191573738e+03
-6.772780403756763008e+03
-6.810543523445617211e+03
-6.853744882119856811e+03
-6.902937455774247610e+03
-6.958713390126998092e+03
-7.021703616734796014e+03
-7.092577442633825740e+03
-7.172042113505341149e+03
-7.260842350366528990e+03
-7.359759859787013738e+03
-7.469612817630045356e+03
-7.591255326319159394e+03
-7.725576845629863783e+03
-7.873501597006817065e+03
-8.035987941405815945e+03
-8.214027730661387977e+03
-8.408645632379240851e+03
-8.620898428354032148e+03
-8.851874286512524122e+03
-9.102692006381639658e+03
-9.374500238081833231e+03
-9.668476674845798698e+03
-9.985827219062128279e+03
-1.032778512184437022e+04
-1.069561009612523412e+04
-1.109058740327592386e+04
-1.151402691325089108e+04
-1.196726213825715786e+04
-1.245164923994986566e+04
-1.296856601015228080e+04
-1.351941082510098931e+04
-1.410560157321659062e+04
-1.472857455639965337e+04
-1.538978336485144791e+04
-1.609069772542010105e+04
-1.683280232347251513e+04
-1.761759559829012505e+04
-1.844658851199138007e+04
-7.245012193064216262e+03
-7.245813462296629950e+03
-7.248236826007359923e+03
-7.252340939922612051e+03
-7.258223522538489306e+03
-7.266021293549129041e+03
-7.275909887645863819e+03
-7.288103743688870964e+03
-7.302855969248902511e+03
-7.320458180521004579e+03
-7.341240317609387603e+03
-7.365570435183238260e+03
-7.393854468504784563e+03
-7.426535974827443169e+03
-7.464095850166411765e+03
-7.507052021439835698e+03
-7.555959113981466544e+03
-7.611408094424897172e+03
-7.674025888958661199e+03
-7.744474976953265468e+03
-7.823452959958679457e+03
-7.911692106073970535e+03
-8.009958869687585320e+03
-8.119053386589734146e+03
-8.239808944455169694e+03
-8.373091428697764059e+03
-8.519798743696585007e+03
-8.680860209392896650e+03
-8.857235933258558362e+03
-9.049916157635934724e+03
-9.259920582448943605e+03
-9.488297663285437011e+03
-9.736123884850911054e+03
-1.000450300979363601e+04
-1.029456530290081901e+04
-1.060746673066638505e+04
-1.094438813622991620e+04
-1.130653438968690898e+04
-1.169513351377041909e+04
-1.211143578490387699e+04
-1.255671280962533638e+04
-1.303225657638301709e+04
-1.353937848270220820e+04
-1.407940833772331462e+04
-1.465369334011129104e+04
-1.526359703133657240e+04
-1.591049822432696783e+04
-1.659578990749138757e+04
-1.732087812411404593e+04
-1.808718082712103205e+04
-7.800395348789063064e+03
-7.801044717454334204e+03
-7.803011236146071496e+03
-7.806350131556057022e+03
-7.811153410184439963e+03
-7.817549801360357378e+03
-7.825704677471102514e+03
-7.835819951398694684e+03
-7.848133951166234510e+03
-7.862921271790904939e+03
-7.880492604346504777e+03
-7.901194542233457469e+03
-7.925409364657363767e+03
-7.953554797316088298e+03
-7.986083750294525998e+03
-8.023484033168198039e+03
-8.066278047314768628e+03
-8.115022455434067524e+03
-8.170307828276128930e+03
-8.232758268577701529e+03
-8.303031012206982268e+03
-8.381816006516613925e+03
-8.469835465904841840e+03
-8.567843404584988093e+03
-8.676625146563590533e+03
-8.796996812826033420e+03
-8.929804785731041193e+03
-9.075925150613551523e+03
-9.236263114594981744e+03
-9.411752402602975053e+03
-9.603354630598380027e+03
-9.812058656011211497e+03
-1.003887990538435770e+04
-1.028485967922601412e+04
-1.055106443407004554e+04
-1.083858504174469272e+04
-1.114853602584971122e+04
-1.148205477544161477e+04
-1.184030073592728513e+04
-1.222445457716557030e+04
-1.263571733877781844e+04
-1.307530955266580713e+04
-1.354447034273861209e+04
-1.404445650184745682e+04
-1.457654154592905979e+04
-1.514201474535671150e+04
-1.574218013350027104e+04
-1.637835549249423275e+04
-1.705187131621352091e+04
-1.776406975045863510e+04
-8.237426348447068449e+03
-8.237949555439481628e+03
-8.239536635833101172e+03
-8.242239957280336967e+03
-8.246146763880509752e+03
-8.251379123198190428e+03
-8.258093852087909909e+03
-8.266482421327174961e+03
-8.276770839055683609e+03
-8.289219513022660976e+03
-8.304123091640358325e+03
-8.321810283846290986e+03
-8.342643657770655409e+03
-8.367019418213087192e+03
-8.395367162924932927e+03
-8.428149617699717055e+03
-8.465862350270668685e+03
-8.509033463014953668e+03
-8.558223264465768807e+03
-8.614023919631288663e+03
-8.677059079120883325e+03
-8.747983487078683538e+03
-8.827482567924222167e+03
-8.916271991900157445e+03
-9.015097219427680102e+03
-9.124733024268512963e+03
-9.245982995494672650e+03
-9.379679018265043851e+03
-9.526680733409637469e+03
-9.687874975820326654e+03
-9.864175191649608678e+03
-1.005652083431595747e+04
-1.026587673931697464e+04
-1.049323247784882551e+04
-1.073960168923417586e+04
-1.100602139215620264e+04
-1.129355127470036314e+04
-1.160327296320338428e+04
-1.193628926990923901e+04
-1.229372341943251013e+04
-1.267671825402895229e+04
-1.308643541767319402e+04
-1.352405451894370708e+04
-1.399077227271495394e+04
-1.448780162065680997e+04
-1.501637083054125651e+04
-1.557772257435577376e+04
-1.617311298522521429e+04
-1.680381069313897387e+04
-1.747109583948732325e+04
-8.529681411843366732e+03
-8.530111459982965243e+03
-8.531418311294968589e+03
-8.533652076464481070e+03
-8.536896239986475848e+03
-8.541267610195023735e+03
-8.546916249304325902e+03
-8.554025383461827005e+03
-8.562811292812757529e+03
-8.573523181576441857e+03
-8.586443028134592168e+03
-8.601885415131251648e+03
-8.620197339584363363e+03
-8.641758003008966625e+03
-8.666978581552863034e+03
-8.696301976143193315e+03
-8.730202542645147332e+03
-8.769185802032494394e+03
-8.813788130569697387e+03
-8.864576430005910879e+03
-8.922147777780586694e+03
-8.987129057240987095e+03
-9.060176567871407315e+03
-9.141975615534014651e+03
-9.233240082721691579e+03
-9.334711978822509991e+03
-9.447160970395791082e+03
-9.571383891460116502e+03
-9.708204233793234380e+03
-9.858471617243345463e+03
-1.002306124005242054e+04
-1.020287330919105807e+04
-1.039883245070551675e+04
-1.061188710007595182e+04
-1.084300887258658986e+04
-1.109319191370802582e+04
-1.136345222949083472e+04
-1.165482699697106364e+04
-1.196837385458742210e+04
-1.230517017261047658e+04
-1.266631230358324865e+04
-1.305291481277393359e+04
-1.346610968863995731e+04
-1.390704553330423187e+04
-1.437688673304271470e+04
-1.487681260878415924e+04
-1.540801654662124747e+04
-1.597170510833377193e+04
-1.656909712192334700e+04
-1.720142275215997506e+04
-8.662051333787563635e+03
-8.662427114182111836e+03
-8.663570603426705929e+03
-8.665530236037306167e+03
-8.668386703979143931e+03
-8.672252908326541728e+03
-8.677273891585591628e+03
-8.683626750679835823e+03
-8.691520530601181235e+03
-8.701196098722732131e+03
-8.712925999776301978e+03
-8.727014291493011115e+03
-8.743796360908494535e+03
-8.763638721329938562e+03
-8.786938789968568017e+03
-8.814124646234868123e+03
-8.845654770697314234e+03
-8.882017764705222362e+03
-8.923732050674987477e+03
-8.971345553039904189e+03
-9.025435359863589838e+03
-9.086607365117204608e+03
-9.155495891620343173e+03
-9.232763294645093993e+03
-9.319099546184404971e+03
-9.415221799883307540e+03
-9.521873936634783604e+03
-9.639826090838234450e+03
-9.769874157321888561e+03
-9.912839278929499415e+03
-1.006956731476972709e+04
-1.024092828912954428e+04
-1.042781582105144844e+04
-1.063114653457416898e+04
-1.085185944963688780e+04
-1.109091535364704760e+04
-1.134929615371203545e+04
-1.162800420953450521e+04
-1.192806164697102213e+04
-1.225050965225452455e+04
-1.259640774688039164e+04
-1.296683304315624264e+04
-1.336287948041528216e+04
-1.378565704189305143e+04
-1.423629095226825666e+04
-1.471592085586691064e+04
-1.522569997553007124e+04
-1.576679425214555886e+04
-1.634038146484282515e+04
-1.694765033185177890e+04
-8.617475768397354841e+03
-8.617843911137739269e+03
-8.618964112875313731e+03
-8.620883684433258168e+03
-8.623681444765454216e+03
-8.627467672329295965e+03
-8.632384037007577717e+03
-8.638603512579358721e+03
-8.646330269740108633e+03
-8.655799549670997294e+03
-8.667277518157176019e+03
-8.681061100254959456e+03
-8.697477795508917552e+03
-8.716885473717054992e+03
-8.739672151245649729e+03
-8.766255747893190346e+03
-8.797083824303474103e+03
-8.832633299927378175e+03
-8.873410151534295437e+03
-8.919949092272432608e+03
-8.972813231278090825e+03
-9.032593713834296068e+03
-9.099909342078342888e+03
-9.175406176258624328e+03
-9.259757116540493371e+03
-9.353661465361030423e+03
-9.457844470333253412e+03
-9.573056847699446735e+03
-9.700074286333196142e+03
-9.839696932290840778e+03
-9.992748853912016784e+03
-1.016007748746938159e+04
-1.034255306336703870e+04
-1.054106801288867973e+04
-1.075653635549439969e+04
-1.098989306666671109e+04
-1.124209342630576975e+04
-1.151411234767352653e+04
-1.180694368688732357e+04
-1.212159953296216736e+04
-1.245910947840248627e+04
-1.282051987034263766e+04
-1.320689304223695581e+04
-1.361930652609857498e+04
-1.405885224528736398e+04
-1.452663568784723429e+04
-1.502377506039234868e+04
-1.555140042254233595e+04
-1.611065280190699559e+04
-1.670268328961974476e+04
-8.390713777985594788e+03
-8.391123304479089711e+03
-8.392367451590420387e+03
-8.394492912036650523e+03
-8.397577473097800976e+03
-8.401729965742757486e+03
-8.407090193407224433e+03
-8.413828840421261702e+03
-8.422147360088152709e+03
-8.432277842413346661e+03
-8.444482861484844761e+03
-8.459055302503598796e+03
-8.476318168464415066e+03
-8.496624366488424130e+03
-8.520356473805277346e+03
-8.547926483386498148e+03
-8.579775529229318636e+03
-8.616373591291354387e+03
-8.658219180075437180e+03
-8.705839000865918933e+03
-8.759787597614878905e+03
-8.820646976479392833e+03
-8.889026209009363811e+03
-8.965561014985883958e+03
-9.050913324910596202e+03
-9.145770822145403145e+03
-9.250846464702661251e+03
-9.366877986686824443e+03
-9.494627379385645327e+03
-9.634880352013076845e+03
-9.788445772101986222e+03
-9.956155085548150964e+03
-1.013886171630459648e+04
-1.033744044572654093e+04
-1.055278677156727099e+04
-1.078581624662435752e+04
-1.103746379703693856e+04
-1.130868302023312754e+04
-1.160044546252841792e+04
-1.191373987637488244e+04
-1.224957145726065392e+04
-1.260896106026027337e+04
-1.299294439623567087e+04
-1.340257120768785717e+04
-1.383890442425918081e+04
-1.430301929788620691e+04
-1.479600251760349238e+04
-1.531895130399766822e+04
-1.587297248331245464e+04
-1.645918154120430336e+04
-8.012226831190597295e+03
-8.012722521876645260e+03
-8.014225064371131339e+03
-8.016780859024486745e+03
-8.020467203224261539e+03
-8.025392236600819160e+03
-8.031694864314634287e+03
-8.039544658426507340e+03
-8.049141737349391406e+03
-8.060716623382628313e+03
-8.074530078328270065e+03
-8.090872917189757572e+03
-8.110065799952612906e+03
-8.132459001447526134e+03
-8.158432159295091878e+03
-8.188393999933751729e+03
-8.222782042728560555e+03
-8.262062282163507916e+03
-8.306728848115033543e+03
-8.357303644208182959e+03
-8.414335964254740247e+03
-8.478402086773807241e+03
-8.550104847594484454e+03
-8.630073190540304495e+03
-8.718961696196518460e+03
-8.817450088759183927e+03
-8.926242720966598426e+03
-9.046068037112525417e+03
-9.177678014142376924e+03
-9.321847580830619336e+03
-9.479374015041299572e+03
-9.651076319070069076e+03
-9.837794573068706086e+03
-1.004038926655180148e+04
-1.025974060798540449e+04
-1.049674781245835402e+04
-1.075232836743521329e+04
-1.102741727659179560e+04
-1.132296628173258068e+04
-1.163994306279069315e+04
-1.197933041590967150e+04
-1.234212540960763363e+04
-1.272933851902362221e+04
-1.314199273824601187e+04
-1.358112267072332179e+04
-1.404777359775700097e+04
-1.454300052507641340e+04
-1.506786720749627239e+04
-1.562344515165582743e+04
-1.621081259684060933e+04
-7.498391749717029597e+03
-7.499016859004800608e+03
-7.500907631070625030e+03
-7.504110386475562336e+03
-7.508702285999472224e+03
-7.514791270408022683e+03
-7.522515976126771420e+03
-7.532045626822312443e+03
-7.543579900889135388e+03
-7.557348774844981563e+03
-7.573612342631767206e+03
-7.592660610823893876e+03
-7.614813269743477576e+03
-7.640419440482041864e+03
-7.669857397829659021e+03
-7.703534269110009518e+03
-7.741885708923448874e+03
-7.785375549795930056e+03
-7.834495428735475798e+03
-7.889764389694990314e+03
-7.951728461942219838e+03
-8.020960214336500940e+03
-8.098058285512368457e+03
-8.183646889970027587e+03
-8.278375300072384562e+03
-8.382917303949518100e+03
-8.497970639309420221e+03
-8.624256403155897715e+03
-8.762518437413442371e+03
-8.913522690458446959e+03
-9.078056554557777417e+03
-9.256928179214010015e+03
-9.450965760417469937e+03
-9.661016805805322292e+03
-9.887947375726969767e+03
-1.013264130021714300e+04
-1.039599937187515388e+04
-1.067893851465131957e+04
-1.098239092853997863e+04
-1.130730321017977076e+04
-1.165463544936041762e+04
-1.202536030143643256e+04
-1.242046203564775169e+04
-1.284093555934720644e+04
-1.328778541813470292e+04
-1.376202477189850833e+04
-1.426467434676321682e+04
-1.479676136294439129e+04
-1.535931843851061603e+04
-1.595338246905169581e+04
-6.899620958140530092e+03
-6.900404470487415892e+03
-6.902770439868915673e+03
-6.906765150059843108e+03
-6.912465696522536746e+03
-6.919979920164450050e+03
-6.929446314598259050e+03
-6.941033906904507603e+03
-6.954942111897672476e+03
-6.971400559894668731e+03
-6.990668897986603042e+03
-7.013036564812856341e+03
-7.038822538838910077e+03
-7.068375060135819695e+03
-7.102071325663984680e+03
-7.140317158058664972e+03
-7.183546647918683448e+03
-7.232221769598393621e+03
-7.286831970502164040e+03
-7.347893733881521257e+03
-7.415950115135812666e+03
-7.491570251615087727e+03
-7.575348845926221657e+03
-7.667905622741898696e+03
-7.769884759112415850e+03
-7.881954288280113360e+03
-8.004805476997154074e+03
-8.139152176345757653e+03
-8.285730146061676351e+03
-8.445296352360179299e+03
-8.618628239265046432e+03
-8.806522973440631176e+03
-9.009796662526532600e+03
-9.229283546975259014e+03
-9.465835165392822091e+03
-9.720319493381861321e+03
-9.993620055888412026e+03
-1.028663501305046339e+04
-1.060027621955045288e+04
-1.093546825746984541e+04
-1.129314744264707224e+04
-1.167426080453813302e+04
-1.207976503958002831e+04
-1.251062543805721543e+04
-1.296781478447087648e+04
-1.345231223141098417e+04
-1.396510214693131275e+04
-1.450717293542757579e+04
-1.507951583201757967e+04
-1.568312367042554615e+04
-6.293565881645605259e+03
-6.294516334336590262e+03
-6.297383048137375226e+03
-6.302212075909098530e+03
-6.309080124679604523e+03
-6.318094484031706088e+03
-6.329392925847626429e+03
-6.343143575408251309e+03
-6.359544753848126675e+03
-6.378824791965890654e+03
-6.401241815390030752e+03
-6.427083501100495596e+03
-6.456666805304896116e+03
-6.490337662671232465e+03
-6.528470656915076688e+03
-6.571468662742943707e+03
-6.619762459150724681e+03
-6.673810314077534713e+03
-6.734097540415280491e+03
-6.801136023373634089e+03
-6.875463719199908155e+03
-6.957644125255250401e+03
-7.048265721445631243e+03
-7.147941383008384037e+03
-7.257307764654667153e+03
-7.377024656066526404e+03
-7.507774308750215823e+03
-7.650260734244542618e+03
-7.805208973684631928e+03
-7.973364338721406057e+03
-8.155491623796234308e+03
-8.352374289771163603e+03
-8.564813618914591643e+03
-8.793627841242334398e+03
-9.039651232214340780e+03
-9.303733181786405112e+03
-9.586737234817808712e+03
-9.889540102834158461e+03
-1.021303064714574248e+04
-1.055810883332123194e+04
-1.092568465701698551e+04
-1.131667704116162531e+04
-1.173201270449635012e+04
-1.217262500147018000e+04
-1.263945273349129639e+04
-1.313343893153332101e+04
-1.365552961009717910e+04
-1.420667249252853071e+04
-1.478781570769060272e+04
-1.539990645799230697e+04
-5.716835580935369762e+03
-5.717950598618031108e+03
-5.721310839150564789e+03
-5.726961849825552235e+03
-5.734979492261172709e+03
-5.745469866597593864e+03
-5.758569205370190502e+03
-5.774443737063324988e+03
-5.793289519340330116e+03
-5.815332241953580706e+03
-5.840826999331638945e+03
-5.870058032845616253e+03
-5.903338442753339223e+03
-5.941009869822228211e+03
-5.983442146630479328e+03
-6.031032918546419751e+03
-6.084207234386312848e+03
-6.143417106750524908e+03
-6.209141042038204432e+03
-6.281883540140039258e+03
-6.362174563809539904e+03
-6.450568977712708147e+03
-6.547645957155918040e+03
-6.654008366492272216e+03
-6.770282107206416185e+03
-6.897115435677172172e+03
-7.035178250619573191e+03
-7.185161350203827169e+03
-7.347775658854321591e+03
-7.523751423725204404e+03
-7.713837380855888114e+03
-7.918799891003858647e+03
-8.139422045156384229e+03
-8.376502739720312093e+03
-8.630855721390247709e+03
-8.903308601695558536e+03
-9.194701841224798045e+03
-9.505887703529409919e+03
-9.837729178705252707e+03
-1.019109887665271526e+04
-1.056687789001506826e+04
-1.096595462679518096e+04
-1.138922361265071595e+04
-1.183758426286760368e+04
-1.231193962401171484e+04
-1.281319508525925448e+04
-1.334225705940511216e+04
-1.390003163354994831e+04
-1.448742318946524210e+04
-1.510533299363707920e+04
-5.228631723313761540e+03
-5.229887565259490657e+03
-5.233669994773552389e+03
-5.240023707289563390e+03
-5.249023143207662542e+03
-5.260772409910226997e+03
-5.275405172584151842e+03
-5.293084513849379618e+03
-5.314002762194468232e+03
-5.338381289216999903e+03
-5.366470275672063508e+03
-5.398548446325940859e+03
-5.434922773616650375e+03
-5.475928150120624196e+03
-5.521927029826147191e+03
-5.573309038212680207e+03
-5.630490551136469549e+03
-5.693914242523390385e+03
-5.764048600866948618e+03
-5.841387414533605806e+03
-5.926449225873984687e+03
-6.019776754140511912e+03
-6.121936287211548915e+03
-6.233517042121692612e+03
-6.355130494398619703e+03
-6.487409676206146287e+03
-6.631008443293858363e+03
-6.786600710752643863e+03
-6.954879657577273974e+03
-7.136556900034727732e+03
-7.332361633839253955e+03
-7.543039745133495671e+03
-7.769352890276354628e+03
-8.012077544436855533e+03
-8.272004018994557555e+03
-8.549935447746251157e+03
-8.846686741919203996e+03
-9.163083513990486608e+03
-9.499960970312704376e+03
-9.858162772546391352e+03
-1.023853986789844203e+04
-1.064194928816701940e+04
-1.106925291759276297e+04
-1.152131622951652571e+04
-1.199900699184323821e+04
-1.250319394131238369e+04
-1.303474542657461643e+04
-1.359452802007482387e+04
-1.418340509874160489e+04
-1.480223539348301529e+04
-4.878534972303586983e+03
-4.879891488343811034e+03
-4.883975520233848329e+03
-4.890830503769701863e+03
-4.900528780237811588e+03
-4.913171518854735950e+03
-4.928888608182607641e+03
-4.947838516520279882e+03
-4.970208121271064556e+03
-4.996212507285109496e+03
-5.026094734178793260e+03
-5.060125572629302042e+03
-5.098603209645355491e+03
-5.141852922813517580e+03
-5.190226723520593623e+03
-5.244102969151933394e+03
-5.303885944265244689e+03
-5.370005410740762272e+03
-5.442916126906726277e+03
-5.523097335641144127e+03
-5.611052221449250283e+03
-5.707307336516582836e+03
-5.812411995738553742e+03
-5.926937640725181154e+03
-6.051477172781984336e+03
-6.186644254866847405e+03
-6.333072582522406265e+03
-6.491415123784716343e+03
-6.662343328067406219e+03
-6.846546304021750984e+03
-7.044729966372936360e+03
-7.257616151731619539e+03
-7.485941703381865409e+03
-7.730457525044539580e+03
-7.991927603616909437e+03
-8.271128000887729286e+03
-8.568845814228543531e+03
-8.885878106260535787e+03
-9.223030803497527813e+03
-9.581117563964427973e+03
-9.960958613792012329e+03
-1.036337955278728259e+04
-1.078921012897960463e+04
-1.123928298214295137e+04
-1.171443235629378614e+04
-1.221549278116495043e+04
-1.274329772265533393e+04
-1.329867820225529249e+04
-1.388246138544823407e+04
-1.449546913908767965e+04
-4.672272286151569460e+03
-4.673684867469776691e+03
-4.677936561027965581e+03
-4.685069200724918119e+03
-4.695152460020663966e+03
-4.708283777379602725e+03
-4.724588251890611900e+03
-4.744218509064698992e+03
-4.767354536809320962e+03
-4.794203491580983609e+03
-4.824999474713582458e+03
-4.860003278925086306e+03
-4.899502105001329255e+03
-4.943809248656579257e+03
-4.993263757571246060e+03
-5.048230058607502542e+03
-5.109097555201714385e+03
-5.176280194933697203e+03
-5.250216007273889772e+03
-5.331366611507452035e+03
-5.420216694835261478e+03
-5.517273460652795620e+03
-5.623066047005545443e+03
-5.738144915222104828e+03
-5.863081208724391217e+03
-5.998466082014841049e+03
-6.144909999841126591e+03
-6.303042006537948510e+03
-6.473508965546063337e+03
-6.656974769108394867e+03
-6.854119518143710593e+03
-7.065638672297221092e+03
-7.292242170168255143e+03
-7.534653519715749098e+03
-7.793608858840312678e+03
-8.069855986143757036e+03
-8.364153361865961415e+03
-8.677269078998840996e+03
-9.009979804577471441e+03
-9.363069691148575657e+03
-9.737329258416028097e+03
-1.013355424506385680e+04
-1.055254443075612289e+04
-1.099510242831435608e+04
-1.146203244607196029e+04
-1.195413902040588982e+04
-1.247222571844573213e+04
-1.301709381095952995e+04
-1.358954091541760317e+04
-1.419035960923264793e+04
-4.615241963498353471e+03
-4.616659758975159093e+03
-4.620926475961972756e+03
-4.628082092336187998e+03
-4.638193191922387996e+03
-4.651352895534831077e+03
-4.667680764438876395e+03
-4.687322676227448937e+03
-4.710450673116612052e+03
-4.737262782657160642e+03
-4.767982810864396015e+03
-4.802860107764186068e+03
-4.842169305356967016e+03
-4.886210027998922669e+03
-4.935306575199990220e+03
-4.989807576839473768e+03
-5.050085620798951823e+03
-5.116536853011920357e+03
-5.189580549931272799e+03
-5.269658663413724753e+03
-5.357235338021494499e+03
-5.452796400741364778e+03
-5.556848823120653833e+03
-5.669920155820821492e+03
-5.792557935588067267e+03
-5.925329064641407967e+03
-6.068819162477419923e+03
-6.223631890093201037e+03
-6.390388246625514512e+03
-6.569725838407990523e+03
-6.762298120444954293e+03
-6.968773610303178430e+03
-7.189835074420022465e+03
-7.426178686829583967e+03
-7.678513160305747078e+03
-7.947558849922314948e+03
-8.234046829030850859e+03
-8.538717937655186688e+03
-8.862321803303671913e+03
-9.205615834198368248e+03
-9.569364184921596461e+03
-9.954336694479718062e+03
-1.036130779678409635e+04
-1.079105540354929508e+04
-1.124435975960871838e+04
-1.172200227064721184e+04
-1.222476430335108853e+04
-1.275342595797514150e+04
-1.330876481332752701e+04
-1.389155464417100848e+04
-4.707520845653973993e+03
-4.708891671107036927e+03
-4.713016793828234768e+03
-4.719934140704383026e+03
-4.729706882548211979e+03
-4.742423373099996752e+03
-4.758197063630956109e+03
-4.777166393146503651e+03
-4.799494654190611072e+03
-4.825369834251043358e+03
-4.855004432765354068e+03
-4.888635253727946292e+03
-4.926523173897042398e+03
-4.968952886603634397e+03
-5.016232621160557756e+03
-5.068693837872171571e+03
-5.126690898645538255e+03
-5.190600713201664803e+03
-5.260822360888178991e+03
-5.337776688092255426e+03
-5.421905881254772794e+03
-5.513673015485037467e+03
-5.613561578776293572e+03
-5.722074971822025873e+03
-5.839735983433522961e+03
-5.967086241557306494e+03
-6.104685639894260930e+03
-6.253111740119191381e+03
-6.412959149700832313e+03
-6.584838875323637694e+03
-6.769377651909063388e+03
-6.967217247238816526e+03
-7.179013742178222856e+03
-7.405436786500539711e+03
-7.647168830312347382e+03
-7.904904331079139411e+03
-8.179348936252383282e+03
-8.471218641497001954e+03
-8.781238924519586362e+03
-9.110143854497731809e+03
-9.458675177109907963e+03
-9.827581375166111684e+03
-1.021761670483964008e+04
-1.062954020749923802e+04
-1.106411469714229497e+04
-1.152210572342878004e+04
-1.200428051031611903e+04
-1.251140687029444052e+04
-1.304425209422319494e+04
-1.360358181676820823e+04
-4.915053706215837337e+03
-4.916333768458849590e+03
-4.920185903737785338e+03
-4.926645947380931830e+03
-4.935773590527136548e+03
-4.947652328514343026e+03
-4.962389388622744264e+03
-4.980115637173672440e+03
-5.000985465983260838e+03
-5.025176658171948475e+03
-5.052890233328523209e+03
-5.084350272030049382e+03
-5.119803719716812338e+03
-5.159520169922358036e+03
-5.203791626859117969e+03
-5.252932247358958193e+03
-5.307278062169206351e+03
-5.367186676604174863e+03
-5.433036950550949769e+03
-5.505228657831828968e+03
-5.584182124921039758e+03
-5.670337849016871587e+03
-5.764156095469316824e+03
-5.866116474562970325e+03
-5.976717497654615727e+03
-6.096476112667050074e+03
-6.225927218937309590e+03
-6.365623161420468023e+03
-6.516133204248796574e+03
-6.678042983645876120e+03
-6.851953940196461190e+03
-7.038482730471085233e+03
-7.238260618006112054e+03
-7.451932843639255225e+03
-7.680157975199945213e+03
-7.923607236555495547e+03
-8.182963816011726522e+03
-8.458922154069863609e+03
-8.752187210537736973e+03
-9.063473710996939189e+03
-9.393505372624762458e+03
-9.743014109371695668e+03
-1.011273921649402291e+04
-1.050342653444176904e+04
-1.091582759210187032e+04
-1.135069872939649213e+04
-1.180880019923677173e+04
-1.229089524883189006e+04
-1.279774918035286646e+04
-1.333012839095249547e+04
-5.215874985543924595e+03
-5.217025109773894656e+03
-5.220486755657342655e+03
-5.226293734495610806e+03
-5.234502370860078372e+03
-5.245191461196654927e+03
-5.258462215870938053e+03
-5.274438184655732584e+03
-5.293265165659887316e+03
-5.315111097698604681e+03
-5.340165936105757282e+03
-5.368641511987447302e+03
-5.400771374917402682e+03
-5.436810619073732596e+03
-5.477035692817536983e+03
-5.521744191713220062e+03
-5.571254634990019440e+03
-5.625906225445424752e+03
-5.686058592790311195e+03
-5.752091520435206803e+03
-5.824404655718733011e+03
-5.903417203577516375e+03
-5.989567603657241307e+03
-6.083313190866087098e+03
-6.185129839369081310e+03
-6.295511590024450015e+03
-6.414970261261549240e+03
-6.544035043400254835e+03
-6.683252076412143651e+03
-6.833184011123038545e+03
-6.994409553857495666e+03
-7.167522994524661044e+03
-7.353133718145791136e+03
-7.551865699823410978e+03
-7.764356983151990789e+03
-7.991259142070509370e+03
-8.233236726156312216e+03
-8.490966689360651799e+03
-8.765137802185963665e+03
-9.056450047304742839e+03
-9.365613998619841368e+03
-9.693350183766586269e+03
-1.004038843005641138e+04
-1.040746719386207042e+04
-1.079533287344460769e+04
-1.120473910522181541e+04
-1.163644604347822133e+04
-1.209121962351697039e+04
-1.256983080825296202e+04
-1.307305481824788876e+04
-5.575090070659941375e+03
-5.576083348181321526e+03
-5.579073828538265843e+03
-5.584093448875139075e+03
-5.591195416988247416e+03
-5.600454180158078088e+03
-5.611965381515607078e+03
-5.625845803941393569e+03
-5.642233301497604771e+03
-5.661286718393827869e+03
-5.683185795485177550e+03
-5.708131064304116080e+03
-5.736343728625351105e+03
-5.768065533563649296e+03
-5.803558622204996936e+03
-5.843105379770590844e+03
-5.887008265314714663e+03
-5.935589630954383210e+03
-5.989191528633794405e+03
-6.048175504420650213e+03
-6.112922380336181050e+03
-6.183832023717995071e+03
-6.261323104116608192e+03
-6.345832837724130513e+03
-6.437816719337730319e+03
-6.537748241854095795e+03
-6.646118603298717971e+03
-6.763436401387863043e+03
-6.890227315623211325e+03
-7.027033776920214223e+03
-7.174414624769313377e+03
-7.332944751930225721e+03
-7.503214736659630944e+03
-7.685830462471767532e+03
-7.881412725432334810e+03
-8.090596828985208049e+03
-8.314032166312899790e+03
-8.552381790229366743e+03
-8.806321970606724790e+03
-9.076541739334470549e+03
-9.363742422812258155e+03
-9.668637161975706476e+03
-9.991950419855184009e+03
-1.033441747666789888e+04
-1.069678391244311024e+04
-1.107980507718043918e+04
-1.148424554854126836e+04
-1.191087857707331386e+04
-1.236048551896858226e+04
-1.283385525635389786e+04
-5.936629490428939789e+03
-5.937457623952896938e+03
-5.939952137177288932e+03
-5.944143363651190157e+03
-5.950081844593953974e+03
-5.957838306852171627e+03
-5.967503632038504293e+03
-5.979188816854381912e+03
-5.993024924593746618e+03
-6.009163027831199543e+03
-6.027774142291248609e+03
-6.049049151901237565e+03
-6.073198725026569264e+03
-6.100453221888610642e+03
-6.131062593165224825e+03
-6.165296269774040411e+03
-6.203443043838267840e+03
-6.245810940835448491e+03
-6.292727082928439813e+03
-6.344537543479205851e+03
-6.401607192745825159e+03
-6.464319534761080831e+03
-6.533076535394684470e+03
-6.608298441597692545e+03
-6.690423591829444376e+03
-6.779908217667769350e+03
-6.877226236601210985e+03
-6.982869036004098234e+03
-7.097345248294598605e+03
-7.221180517274882732e+03
-7.354917255654469045e+03
-7.499114393755848141e+03
-7.654347119402988028e+03
-7.821206608992277324e+03
-8.000299749746473026e+03
-8.192248853151004369e+03
-8.397691359572967485e+03
-8.617279534062989114e+03
-8.851680153339439130e+03
-9.101574183955623084e+03
-9.367656451649305382e+03
-9.650635301875292498e+03
-9.951232251520255886e+03
-1.027018163180039846e+04
-1.060823022234191012e+04
-1.096613687644387392e+04
-1.134467213752396674e+04
-1.174461784674663431e+04
-1.216676674183421892e+04
-1.261192204706044140e+04
-6.272885133897683772e+03
-6.273549949378648307e+03
-6.275554074121429949e+03
-6.278926540129400564e+03
-6.283715724421164850e+03
-6.289989334550713465e+03
-6.297834388334951655e+03
-6.307357187789179079e+03
-6.318683287270976507e+03
-6.331957455831310654e+03
-6.347343633773992224e+03
-6.365024883423217034e+03
-6.385203334098592677e+03
-6.408100121297978149e+03
-6.433955320089080487e+03
-6.463027872708043105e+03
-6.495595510366367307e+03
-6.531954669265778648e+03
-6.572420400820899886e+03
-6.617326276089945168e+03
-6.667024284412973429e+03
-6.721884726258816954e+03
-6.782296100278916128e+03
-6.848664984570192246e+03
-6.921415912144665526e+03
-7.000991240608050248e+03
-7.087851016045427968e+03
-7.182472831115623194e+03
-7.285351677352477054e+03
-7.396999791675356391e+03
-7.517946497106142488e+03
-7.648738037695413368e+03
-7.789937407655782408e+03
-7.942124174703178141e+03
-8.105894297606409964e+03
-8.281859937944527701e+03
-8.470649266071763122e+03
-8.672906261290876500e+03
-8.889290506234125132e+03
-9.120476975452173065e+03
-9.367155818210991129e+03
-9.630032135496632691e+03
-9.909825751228021545e+03
-1.020727097767744453e+04
-1.052311637509910361e+04
-1.085812450556567092e+04
-1.121307168101253046e+04
-1.158874770549027926e+04
-1.198595561162453305e+04
-1.240551139128447539e+04
-6.541863164296511059e+03
-6.542386462095861134e+03
-6.543965692244451930e+03
-6.546628863180538247e+03
-6.550422649591377194e+03
-6.555412383347394098e+03
-6.561682040811811930e+03
-6.569334226522486460e+03
-6.578490153248816569e+03
-6.589289618422340936e+03
-6.601890976940776454e+03
-6.616471110346985370e+03
-6.633225392380534686e+03
-6.652367650904276161e+03
-6.674130126204430780e+03
-6.698763425664494207e+03
-6.726536474813301538e+03
-6.757736464746947604e+03
-6.792668795924017104e+03
-6.831657018336333749e+03
-6.875042768051683197e+03
-6.923185700131763952e+03
-6.976463417923572706e+03
-7.035271398724930805e+03
-7.100022915823616131e+03
-7.171148956910834386e+03
-7.249098138868144815e+03
-7.334336618928728967e+03
-7.427348002212335814e+03
-7.528633245634135164e+03
-7.638710558187898641e+03
-7.758115297602217652e+03
-7.887399863371805623e+03
-8.027133586161709900e+03
-8.177902613586014013e+03
-8.340309792360249048e+03
-8.514974546827843369e+03
-8.702532753860423327e+03
-8.903636614131970418e+03
-9.118954519767095917e+03
-9.349170918363008241e+03
-9.594986173385545044e+03
-9.857116420939128147e+03
-1.013629342291060857e+04
-1.043326441648697255e+04
-1.074879196004702317e+04
-1.108365377542716124e+04
-1.143864258656061611e+04
-1.181456595449120687e+04
-1.221224610876049337e+04
-6.706374873821830079e+03
-6.706794424294271266e+03
-6.708062161483723685e+03
-6.710205341456453425e+03
-6.713269386822388697e+03
-6.717317880483739827e+03
-6.722432556883841244e+03
-6.728713290755317757e+03
-6.736278083367438740e+03
-6.745263046273786131e+03
-6.755822382559115795e+03
-6.768128365585795109e+03
-6.782371315239559408e+03
-6.798759571675811458e+03
-6.817519466564264803e+03
-6.838895291834041927e+03
-6.863149265918018500e+03
-6.890561497497097662e+03
-6.921429946743179244e+03
-6.956070384062892117e+03
-6.994816346340183372e+03
-7.038019090678625616e+03
-7.086047545643265039e+03
-7.139288260002351308e+03
-7.198145348968241706e+03
-7.263040437938187097e+03
-7.334412603734584991e+03
-7.412718313344810667e+03
-7.498431360160854638e+03
-7.592042797717878784e+03
-7.694060870933435581e+03
-7.805010944845258564e+03
-7.925435430849139266e+03
-8.055893710436484071e+03
-8.196962056431026213e+03
-8.349233551725475991e+03
-8.513318005517732672e+03
-8.689841867046528932e+03
-8.879448136826649716e+03
-9.082796275384091132e+03
-9.300562109490234434e+03
-9.533437735896091908e+03
-9.782131422565926187e+03
-1.004736750741046490e+04
-1.032988629451978704e+04
-1.063044394789562284e+04
-1.094981238268338348e+04
-1.128877915390388080e+04
-1.164814734268433676e+04
-1.202873543998913010e+04
-6.760271152078994419e+03
-6.760630313169780493e+03
-6.761716694510194429e+03
-6.763556989152122696e+03
-6.766195681676086679e+03
-6.769695042430989815e+03
-6.774135119471475264e+03
-6.779613728190368420e+03
-6.786246438647916875e+03
-6.794166560596731870e+03
-6.803525126203663604e+03
-6.814490870466750494e+03
-6.827250209329807149e+03
-6.842007215491712486e+03
-6.858983591912892734e+03
-6.878418643017646900e+03
-6.900569243592623025e+03
-6.925709805381580736e+03
-6.954132241376497404e+03
-6.986145927804260282e+03
-7.022077663810268859e+03
-7.062271628837867866e+03
-7.107089337704050195e+03
-7.156909593371114170e+03
-7.212128437415057306e+03
-7.273159098189439646e+03
-7.340431936685989058e+03
-7.414394390091380956e+03
-7.495510913039611296e+03
-7.584262916561465317e+03
-7.681148704729356723e+03
-7.786683408998818777e+03
-7.901398920246054331e+03
-8.025843818501595706e+03
-8.160583300380490073e+03
-8.306199104208049903e+03
-8.463289432842393580e+03
-8.632468874192940348e+03
-8.814368319435026933e+03
-9.009634878920751362e+03
-9.218931795786134899e+03
-9.442938357254286529e+03
-9.682349803634897398e+03
-9.937877235019763248e+03
-1.021024751567473868e+04
-1.050020317612767576e+04
-1.080850231295258163e+04
-1.113591848624990780e+04
-1.148324061482349862e+04
-1.185127286905281289e+04
-6.697411025419498401e+03
-6.697761353187368513e+03
-6.698821069741313295e+03
-6.700616373384593317e+03
-6.703190923131272029e+03
-6.706605831469344594e+03
-6.710939654228377549e+03
-6.716288377553378268e+03
-6.722765401982884214e+03
-6.730501523632854514e+03
-6.739644912485133318e+03
-6.750361087781702736e+03
-6.762832890524107825e+03
-6.777260453077176862e+03
-6.793861165879112377e+03
-6.812869641255809256e+03
-6.834537674341214370e+03
-6.859134201101720464e+03
-6.886945253466868962e+03
-6.918273911564861010e+03
-6.953440253062644842e+03
-6.992781299612028306e+03
-7.036650960400678741e+03
-7.085419972807903832e+03
-7.139475840166330272e+03
-7.199222766627991405e+03
-7.265081589136410912e+03
-7.337489706502929039e+03
-7.416901005589113993e+03
-7.503785784593630524e+03
-7.598630673444824424e+03
-7.701938551298088896e+03
-7.814228461138643979e+03
-7.936035521489384337e+03
-8.067910835223897266e+03
-8.210421395484860113e+03
-8.364149988707149532e+03
-8.529695094746730319e+03
-8.707670784114152411e+03
-8.898706612313704682e+03
-9.103447511287458838e+03
-9.322553677964428061e+03
-9.556700459915186002e+03
-9.806578238111485916e+03
-1.007289230679096545e+04
-1.035636275042730995e+04
-1.065772431780521583e+04
-1.097772629320106171e+04
-1.131713236466792296e+04
-1.167672048942682886e+04
-6.520806776442863338e+03
-6.521199793243817112e+03
-6.522387417230536812e+03
-6.524395367087212435e+03
-6.527266500390666806e+03
-6.531060803266795119e+03
-6.535855375908489805e+03
-6.541744413955786513e+03
-6.548839185739003369e+03
-6.557268005383326454e+03
-6.567176201776472226e+03
-6.578726083398155424e+03
-6.592096899011898131e+03
-6.607484794219453761e+03
-6.625102763877477628e+03
-6.645180600376113944e+03
-6.667964837780275047e+03
-6.693718691833131743e+03
-6.722721995822033932e+03
-6.755271132306354048e+03
-6.791678960708113664e+03
-6.832274740764680246e+03
-6.877404051843559500e+03
-6.927428708120150077e+03
-6.982726669617032712e+03
-7.043691949105990716e+03
-7.110734514872542604e+03
-7.184280189342090125e+03
-7.264770543569185975e+03
-7.352662787588587889e+03
-7.448429656628549310e+03
-7.552559293187010553e+03
-7.665555124969453573e+03
-7.787935738689444406e+03
-7.920234749731331249e+03
-8.063000667675265504e+03
-8.216796757684674958e+03
-8.382200897755807091e+03
-8.559805431829821828e+03
-8.750217018766828915e+03
-8.954056477182828530e+03
-9.171958626148458279e+03
-9.404572121750066799e+03
-9.652559289513488693e+03
-9.916595952689680416e+03
-1.019737125640292288e+04
-1.049558748766145800e+04
-1.081195989122980609e+04
-1.114721648136425574e+04
-1.150209784941010548e+04
-6.275437178624802073e+03
-6.275907474548181199e+03
-6.277326751506860091e+03
-6.279720174254523954e+03
-6.283129674672978581e+03
-6.287613937710840219e+03
-6.293248381697796503e+03
-6.300125133033960083e+03
-6.308352995255016140e+03
-6.318057412472815486e+03
-6.329380427191231320e+03
-6.342480632497571605e+03
-6.357533118629527053e+03
-6.374729413917460988e+03
-6.394277420102373071e+03
-6.416401342028995714e+03
-6.441341611714471583e+03
-6.469354806792965974e+03
-6.500713563334807077e+03
-6.535706483041847605e+03
-6.574638034818193773e+03
-6.617828450715946019e+03
-6.665613616256994646e+03
-6.718344955129698064e+03
-6.776389308261665064e+03
-6.840128807267339653e+03
-6.909960742271461640e+03
-6.986297424108042833e+03
-7.069566040894259459e+03
-7.160208508980662373e+03
-7.258681318276113416e+03
-7.365455371948430184e+03
-7.481015820500646441e+03
-7.605861890222461625e+03
-7.740506706017475153e+03
-7.885477108605505236e+03
-8.041313466100702499e+03
-8.208569479964873608e+03
-8.387811985336595171e+03
-8.579620745735270248e+03
-8.784588242141178853e+03
-9.003319456450699363e+03
-9.236431649307083717e+03
-9.484554132306533575e+03
-9.748328034580084932e+03
-1.002840606375056632e+04
-1.032545226126528541e+04
-1.064014175210410394e+04
-1.097316048886279896e+04
-1.132520499021228170e+04
-5.994011596704815020e+03
-5.994582394664091225e+03
-5.996302945254265978e+03
-5.999197715074473308e+03
-6.003307469999333989e+03
-6.008689257492465913e+03
-6.015416381845194337e+03
-6.023578372341647992e+03
-6.033280944348269259e+03
-6.044645953329578333e+03
-6.057811341788927166e+03
-6.072931079134754327e+03
-6.090175094472621822e+03
-6.109729202322092533e+03
-6.131795021259758869e+03
-6.156589885487347601e+03
-6.184346749325088240e+03
-6.215314084631059814e+03
-6.249755771145345534e+03
-6.287950979760416885e+03
-6.330194048716244652e+03
-6.376794352721188261e+03
-6.428076164998359673e+03
-6.484378512257322654e+03
-6.546055022591491252e+03
-6.613473766300523494e+03
-6.687017089638631660e+03
-6.767081441488049677e+03
-6.854077192958228807e+03
-6.948428449909930350e+03
-7.050572858405672378e+03
-7.160961403084649646e+03
-7.280058198463773806e+03
-7.408340273163987149e+03
-7.546297347061874461e+03
-7.694431601366866744e+03
-7.853257441624000421e+03
-8.023301253641877338e+03
-8.205101152346145682e+03
-8.399206723558711019e+03
-8.606178758701995321e+03
-8.826588982428895179e+03
-9.061019773178117248e+03
-9.310063876654967316e+03
-9.574324112237611189e+03
-9.854413072308758274e+03
-1.015095281451290248e+04
-1.046457454693871478e+04
-1.079591830622741691e+04
-1.114563262860594477e+04
-5.707705131239556067e+03
-5.708383805642151856e+03
-5.710427712912806783e+03
-5.713860501074339481e+03
-5.718721569612514941e+03
-5.725066048647120624e+03
-5.732964769772235741e+03
-5.742504228564463119e+03
-5.753786538760130497e+03
-5.766929378100641770e+03
-5.782065925846747632e+03
-5.799344791961295414e+03
-5.818929937960407187e+03
-5.841000589433202549e+03
-5.865751140230017882e+03
-5.893391048319641413e+03
-5.924144723314428120e+03
-5.958251405664332196e+03
-5.995965037519647012e+03
-6.037554125261796798e+03
-6.083301593703101389e+03
-6.133504631955001969e+03
-6.188474530964835139e+03
-6.248536512720930659e+03
-6.314029551126609476e+03
-6.385306184542429037e+03
-6.462732319997325249e+03
-6.546687029067907133e+03
-6.637562335426577192e+03
-6.735762994058086406e+03
-6.841706262144729408e+03
-6.955821661620029772e+03
-7.078550733390797177e+03
-7.210346783228240383e+03
-7.351674619327003711e+03
-7.503010281533197485e+03
-7.664840762240883123e+03
-7.837663718957019228e+03
-8.021987178534853228e+03
-8.218329233076288801e+03
-8.427217727502315029e+03
-8.649189938792304019e+03
-8.884792246891693139e+03
-9.134579797288362897e+03
-9.399116155257346691e+03
-9.678972951774368994e+03
-9.974729521097686302e+03
-1.028697253001866738e+04
-1.061629559878073633e+04
-1.096329891366707488e+04
-5.468137743935971230e+03
-5.468906691841913926e+03
-5.471221117035782299e+03
-5.475103759367586463e+03
-5.480592503326490259e+03
-5.487740355149742754e+03
-5.496615410774849806e+03
-5.507300814635480492e+03
-5.519894709300761861e+03
-5.534510175958159380e+03
-5.551275165739782096e+03
-5.570332421892479033e+03
-5.591839392791156570e+03
-5.615968135795585113e+03
-5.642905211951116144e+03
-5.672851571532246453e+03
-5.706022430430558416e+03
-5.742647137385478345e+03
-5.782969032058747871e+03
-5.827245293952668362e+03
-5.875746782171399900e+03
-5.928757866026355259e+03
-5.986576246484315561e+03
-6.049512768460182997e+03
-6.117891223951943175e+03
-6.192048146020330023e+03
-6.272332593611066841e+03
-6.359105927221550701e+03
-6.452741575409935649e+03
-6.553624792148832057e+03
-6.662152405021712184e+03
-6.778732554263568090e+03
-6.903784422644121150e+03
-7.037737956195627703e+03
-7.181033575783313609e+03
-7.334121879519814684e+03
-7.497463336023100055e+03
-7.671527968517762929e+03
-7.856795029779822471e+03
-8.053752667925134119e+03
-8.262897583041394682e+03
-8.484734674663515761e+03
-8.719776680092430979e+03
-8.968543803557788124e+03
-9.231563336223691294e+03
-9.509369267038371618e+03
-9.802501884427130790e+03
-1.011150736882881029e+04
-1.043693737607594267e+04
-1.077934861161824665e+04
-5.296743311751777583e+03
-5.297574109200663770e+03
-5.300073763026890447e+03
-5.304264052904206437e+03
-5.310181262408617840e+03
-5.317876155197606749e+03
-5.327413941660683122e+03
-5.338874236042520351e+03
-5.352351004037056555e+03
-5.367952500853686615e+03
-5.385801199755003836e+03
-5.406033711066191245e+03
-5.428800691656204435e+03
-5.454266744890766859e+03
-5.482610311056791943e+03
-5.514023548258881419e+03
-5.548712203787039471e+03
-5.586895475956514929e+03
-5.628805866419126687e+03
-5.674689022946562545e+03
-5.724803572684833853e+03
-5.779420945880934596e+03
-5.838825190081119217e+03
-5.903312774800649095e+03
-5.973192386665594313e+03
-6.048784715025849437e+03
-6.130422228040424670e+03
-6.218448939233924648e+03
-6.313220164525208020e+03
-6.415102269727373823e+03
-6.524472408519301098e+03
-6.641718250889773117e+03
-6.767237702052179884e+03
-6.901438611831609705e+03
-7.044738474523690456e+03
-7.197564119224456590e+03
-7.360351390632802577e+03
-7.533544820324053944e+03
-7.717597288495351677e+03
-7.912969676182881813e+03
-8.120130507950696483e+03
-8.339555585051206435e+03
-8.571727609057514201e+03
-8.817135795967249578e+03
-9.076275480778384008e+03
-9.349647712536378094e+03
-9.637758839853411700e+03
-9.941120086899036323e+03
-1.026024711986271359e+04
-1.059565960388794156e+04
-5.207507705575700129e+03
-5.208360171212974819e+03
-5.210924533205929038e+03
-5.215221681983244707e+03
-5.221286418876713469e+03
-5.229167432046604517e+03
-5.238927262777840951e+03
-5.250642262146294343e+03
-5.264402538055170226e+03
-5.280311892642108432e+03
-5.298487750056008736e+03
-5.319061074604358510e+03
-5.342176279271274325e+03
-5.367991124605125151e+03
-5.396676607976847663e+03
-5.428416843208400678e+03
-5.463408930571706151e+03
-5.501862817157449172e+03
-5.544001147614761067e+03
-5.590059105260337674e+03
-5.640284243559138304e+03
-5.694936307973627663e+03
-5.754287048184995001e+03
-5.818620020683449184e+03
-5.888230381729488727e+03
-5.963424670685130877e+03
-6.044520583715378962e+03
-6.131846737860345456e+03
-6.225742425477110373e+03
-6.326557359052392712e+03
-6.434651406385093651e+03
-6.550394316139294460e+03
-6.674165433767657305e+03
-6.806353407804834205e+03
-6.947355886531357100e+03
-7.097579205007697965e+03
-7.257438062478722713e+03
-7.427355190148333349e+03
-7.607761009324319275e+03
-7.799093279933781560e+03
-8.001796739408522626e+03
-8.216322731940745143e+03
-8.443128828109309325e+03
-8.682678434875946550e+03
-8.935440395951989558e+03
-9.201888582535206297e+03
-9.482501474416949350e+03
-9.777761731459819202e+03
-1.008815575544513376e+04
-1.041417324229119549e+04
-5.216531265412453649e+03
-5.217354035322030541e+03
-5.219829068235987506e+03
-5.223976528922895341e+03
-5.229830009371062260e+03
-5.237436504850105848e+03
-5.246856380396894565e+03
-5.258163327725895215e+03
-5.271444312564212851e+03
-5.286799512411120304e+03
-5.304342244722416581e+03
-5.324198885518770112e+03
-5.346508778419052760e+03
-5.371424134098115246e+03
-5.399109920169179532e+03
-5.429743741490394314e+03
-5.463515710896554083e+03
-5.500628310354982204e+03
-5.541296242545818131e+03
-5.585746272867258085e+03
-5.634217061865137111e+03
-5.686958988087129910e+03
-5.744233961361157526e+03
-5.806315226498933043e+03
-5.873487157423610370e+03
-5.946045041722177302e+03
-6.024294855622241812e+03
-6.108553029393451652e+03
-6.199146203173776485e+03
-6.296410973219604784e+03
-6.400693628581075245e+03
-6.512349878201622232e+03
-6.631744568442260061e+03
-6.759251391030072227e+03
-6.895252581431723229e+03
-7.040138607651197162e+03
-7.194307849451946822e+03
-7.358166268004290032e+03
-7.532127065956259685e+03
-7.716610337930165770e+03
-7.912042711442846667e+03
-8.118856978250826614e+03
-8.337491716120001001e+03
-8.568390901019847661e+03
-8.812003509742095048e+03
-9.068783112944167442e+03
-9.339187458616906952e+03
-9.623678045976974317e+03
-9.922719689783907597e+03
-1.023678007508144401e+04
-5.303249846918695766e+03
-5.304001094923398341e+03
-5.306261381678983525e+03
-5.310050330628617303e+03
-5.315400631572298153e+03
-5.322358016759728343e+03
-5.330981227419461902e+03
-5.341341970725252395e+03
-5.353524867199916116e+03
-5.367627388554996287e+03
-5.383759785968838514e+03
-5.402045008800627329e+03
-5.422618613741582521e+03
-5.445628664403524454e+03
-5.471235621343913408e+03
-5.499612222528580787e+03
-5.530943354230405930e+03
-5.565425912365977638e+03
-5.603268654268696991e+03
-5.644692040898895357e+03
-5.689928069491166752e+03
-5.739220096638508039e+03
-5.792822651813356970e+03
-5.851001241325933734e+03
-5.914032142719164767e+03
-5.982202189600868223e+03
-6.055808546912947349e+03
-6.135158476637179774e+03
-6.220569093938516744e+03
-6.312367113745099232e+03
-6.410888587765109150e+03
-6.516478631940897685e+03
-6.629491144339985112e+03
-6.750288513482864801e+03
-6.879241317108055227e+03
-7.016728011374148991e+03
-7.163134610498475013e+03
-7.318854356833072416e+03
-7.484287381377756901e+03
-7.659840354729602950e+03
-7.845926128470199728e+03
-8.042963366989071801e+03
-8.251376169744802610e+03
-8.471593683962679279e+03
-8.704049707769392626e+03
-8.949182283764914246e+03
-9.207433283031190513e+03
-9.479247979577772639e+03
-9.765074615224690206e+03
-1.006536395492190968e+04
-5.430383604207905591e+03
-5.431037405975981528e+03
-5.433005246484177405e+03
-5.436306426400173223e+03
-5.440973097023530499e+03
-5.447050235566262018e+03
-5.454595610545382442e+03
-5.463679737287260650e+03
-5.474385823544791492e+03
-5.486809705226150072e+03
-5.501059772235847049e+03
-5.517256884428155900e+03
-5.535534277672478311e+03
-5.556037460030648617e+03
-5.578924098047022198e+03
-5.604363893150033618e+03
-5.632538448166187663e+03
-5.663641123946320477e+03
-5.697876886103920697e+03
-5.735462141865369631e+03
-5.776624567032522464e+03
-5.821602923057718726e+03
-5.870646864230404390e+03
-5.924016734976079533e+03
-5.981983357267793508e+03
-6.044827808149042539e+03
-6.112841187369602267e+03
-6.186324375133002832e+03
-6.265587779956089435e+03
-6.350951076641143118e+03
-6.442742934360028812e+03
-6.541300734850068693e+03
-6.646970280722582174e+03
-6.760105493883456802e+03
-6.881068104065639091e+03
-7.010227327473855439e+03
-7.147959535541860532e+03
-7.294647913801076356e+03
-7.450682110862225272e+03
-7.616457877508506499e+03
-7.792376695901106359e+03
-7.978845398896901315e+03
-8.176275779478319237e+03
-8.385084190295205190e+03
-8.605691133319061919e+03
-8.838520839609191171e+03
-9.084000839191159685e+03
-9.342561521047251517e+03
-9.614635683219425118e+03
-9.900658073023843826e+03
-5.579927164945618642e+03
-5.580466562011520182e+03
-5.582091149391566432e+03
-5.584820110323124027e+03
-5.588685399169906304e+03
-5.593731714873892997e+03
-5.600016463788610054e+03
-5.607609711892780979e+03
-5.616594126384890842e+03
-5.627064906658908512e+03
-5.639129704660341304e+03
-5.652908534623764353e+03
-5.668533672190520520e+03
-5.686149542907967771e+03
-5.705912600108925290e+03
-5.727991192172259616e+03
-5.752565419164600826e+03
-5.779826978862283795e+03
-5.809979002154608679e+03
-5.843235877827917648e+03
-5.879823066730081337e+03
-5.919976905316506418e+03
-5.963944398576530148e+03
-6.011983002340630264e+03
-6.064360394968804940e+03
-6.121354238419531612e+03
-6.183251928699622113e+03
-6.250350335695053218e+03
-6.322955532382539786e+03
-6.401382513421836848e+03
-6.485954903129139893e+03
-6.577004652831199564e+03
-6.674871727600309896e+03
-6.779903782369883629e+03
-6.892455827431540456e+03
-7.012889883312259371e+03
-7.141574625032865697e+03
-7.278885015747301622e+03
-7.425201929762419240e+03
-7.580911764939181012e+03
-7.746406044474303599e+03
-7.922081008062701585e+03
-8.108337192441053958e+03
-8.305579001312111359e+03
-8.514214264649677716e+03
-8.734653787384755560e+03
-8.967310887472171089e+03
-9.212600923338488428e+03
-9.470940810710253572e+03
-9.742748528823547531e+03
-5.716355798875381879e+03
-5.716785904921418478e+03
-5.718082609212924581e+03
-5.720265064363662532e+03
-5.723365171908988486e+03
-5.727427553073857780e+03
-5.732509507848178146e+03
-5.738680962369956433e+03
-5.746024404615153799e+03
-5.754634808395153414e+03
-5.764619545661462325e+03
-5.776098287117504697e+03
-5.789202891138023915e+03
-5.804077280995648835e+03
-5.820877310394540473e+03
-5.839770617311693059e+03
-5.860936466145220038e+03
-5.884565578170071603e+03
-5.910859950301079152e+03
-5.940032662163055647e+03
-5.972307671468718581e+03
-6.007919597703001273e+03
-6.047113494115630601e+03
-6.090144608020543274e+03
-6.137278129402146988e+03
-6.188788927829969907e+03
-6.244961277679496561e+03
-6.306088571660777234e+03
-6.372473022654613487e+03
-6.444425353855558569e+03
-6.522264477222028290e+03
-6.606317160234606490e+03
-6.696917680960807047e+03
-6.794407471427283781e+03
-6.899134749299605573e+03
-7.011454137869150145e+03
-7.131726274347188337e+03
-7.260317406466422653e+03
-7.397598977389819083e+03
-7.543947198926491183e+03
-7.699742613055163019e+03
-7.865369641754864460e+03
-8.041216125142658711e+03
-8.227672847918993284e+03
-8.425133054120233282e+03
-8.633991950178326078e+03
-8.854646196287940256e+03
-9.087493386080828714e+03
-9.332931514607544159e+03
-9.591358434626263261e+03
-5.808287386556532510e+03
-5.808631364882903654e+03
-5.809669676801008791e+03
-5.811421446587715764e+03
-5.813918526238379854e+03
-5.817205462767421523e+03
-5.821339452429351695e+03
-5.826390281860034520e+03
-5.832440256138179393e+03
-5.839584113767085000e+03
-5.847928928576953695e+03
-5.857593998547070441e+03
-5.868710721548522088e+03
-5.881422458006940360e+03
-5.895884380486029841e+03
-5.912263310190872289e+03
-5.930737540391595758e+03
-5.951496646767562197e+03
-5.974741284671608810e+03
-6.000682973314705123e+03
-6.029543866870784768e+03
-6.061556512501832913e+03
-6.096963595303407601e+03
-6.136017670170349447e+03
-6.178980880582748796e+03
-6.226124664312181267e+03
-6.277729446048246245e+03
-6.334084316945547471e+03
-6.395486701090406314e+03
-6.462242008888796590e+03
-6.534663277373542769e+03
-6.613070797432453219e+03
-6.697791727956468094e+03
-6.789159696908265687e+03
-6.887514389310864317e+03
-6.993201122156829115e+03
-7.106570406237547104e+03
-7.227977494892745199e+03
-7.357781919680524879e+03
-7.496347012967444243e+03
-7.644039417438964847e+03
-7.801228582530131462e+03
-7.968286247776753953e+03
-8.145585913086393703e+03
-8.333502295930204127e+03
-8.532410775454609393e+03
-8.742686823513307900e+03
-8.964705422620112586e+03
-9.198840470821034614e+03
-9.445464173487645894e+03
-5.849469825216287063e+03
-5.849756881451718073e+03
-5.850624391583480246e+03
-5.852091372591177787e+03
-5.854189495117571823e+03
-5.856963046983388267e+03
-5.860468882108884827e+03
-5.864776354840548265e+03
-5.869967239684383458e+03
-5.876135636445338605e+03
-5.883387860771895248e+03
-5.891842320108059539e+03
-5.901629375050023555e+03
-5.912891186109872251e+03
-5.925781545884480693e+03
-5.940465696631119499e+03
-5.957120133249001810e+03
-5.975932391666201511e+03
-5.997100822633445205e+03
-6.020834350923398233e+03
-6.047352219936211441e+03
-6.076883721711064936e+03
-6.109667912343526041e+03
-6.145953312809266208e+03
-6.185997595193633970e+03
-6.230067254327206683e+03
-6.278437264827405670e+03
-6.331390723546330264e+03
-6.389218477424251432e+03
-6.452218736749442542e+03
-6.520696673823906167e+03
-6.594964007035143368e+03
-6.675338570334003634e+03
-6.762143868118405408e+03
-6.855708615523344633e+03
-6.956366264116662933e+03
-7.064454513000951010e+03
-7.180314805321681888e+03
-7.304291810180860011e+03
-7.436732889957280349e+03
-7.577987553032469805e+03
-7.728406891922672003e+03
-7.888343006816996422e+03
-8.058148414521538143e+03
-8.238175442809410015e+03
-8.428775610177033741e+03
-8.630298991006106007e+03
-8.843093566132196429e+03
-9.067504558818545775e+03
-9.303873756136605152e+03
-5.831601570952940165e+03
-5.831870346016847179e+03
-5.832682907683270059e+03
-5.834057957397985774e+03
-5.836026637642643436e+03
-5.838632492042648664e+03
-5.841931409517834254e+03
-5.845991552477038567e+03
-5.850893269055148266e+03
-5.856728989393595839e+03
-5.863603105964150018e+03
-5.871631837935175099e+03
-5.880943079582075370e+03
-5.891676232739853731e+03
-5.903982023299657158e+03
-5.918022301747846541e+03
-5.933969827748411262e+03
-5.952008038768854021e+03
-5.972330802748789210e+03
-5.995142154811755063e+03
-6.020656018020330521e+03
-6.049095908174407668e+03
-6.080694622652428734e+03
-6.115693913295846869e+03
-6.154344143336775232e+03
-6.196903928368835295e+03
-6.243639761361049750e+03
-6.294825621714697263e+03
-6.350742568363868486e+03
-6.411678316918427299e+03
-6.477926800850932523e+03
-6.549787716725875725e+03
-6.627566053472759450e+03
-6.711571605701868066e+03
-6.802118471063443394e+03
-6.899524531649815799e+03
-7.004110919440829093e+03
-7.116201465792375529e+03
-7.236122134967964485e+03
-7.364200441713652253e+03
-7.500764852875881843e+03
-7.646144173062637492e+03
-7.800666914347638340e+03
-7.964660650017813168e+03
-8.138451352363703336e+03
-8.322362714513275932e+03
-8.516715456308618741e+03
-8.721826614225972662e+03
-8.938008815338906061e+03
-9.165569535324410026e+03
-5.754755027078062085e+03
-5.755044978894064116e+03
-5.755920886140273069e+03
-5.757400895678235429e+03
-5.759515223832080665e+03
-5.762306113722293958e+03
-5.765827775531433872e+03
-5.770146309703724910e+03
-5.775339613077983813e+03
-5.781497267953076516e+03
-5.788720414087599238e+03
-5.797121603631489052e+03
-5.806824638992407017e+03
-5.817964393633717009e+03
-5.830686615806999725e+03
-5.845147715217142832e+03
-5.861514532620402861e+03
-5.879964092356513902e+03
-5.900683337813226899e+03
-5.923868849824487370e+03
-5.949726548001646734e+03
-5.978471374997869134e+03
-6.010326963706087554e+03
-6.045525287389688856e+03
-6.084306292746750842e+03
-6.126917515907153756e+03
-6.173613681363684918e+03
-6.224656283835225622e+03
-6.280313153064149446e+03
-6.340858001546204832e+03
-6.406569955194221620e+03
-6.477733066934731141e+03
-6.554635813237556249e+03
-6.637570573579156189e+03
-6.726833092838819539e+03
-6.822721926628065376e+03
-6.925537869553610108e+03
-7.035583366413026852e+03
-7.153161906324068696e+03
-7.278577399786945534e+03
-7.412133538679961930e+03
-7.554133139188272253e+03
-7.704877467665877703e+03
-7.864665549430901592e+03
-8.033793460494006467e+03
-8.212553602220012181e+03
-8.401233958922905003e+03
-8.600117338393607497e+03
-8.809480595361734231e+03
-9.029593837889739007e+03
-5.646730145831859772e+03
-5.647064540112190116e+03
-5.648073528587261535e+03
-5.649774519239448637e+03
-5.652196495641002912e+03
-5.655379972356169674e+03
-5.659376932504778779e+03
-5.664250747486115870e+03
-5.670076078864092779e+03
-5.676938762413545192e+03
-5.684935674326754452e+03
-5.694174579581760554e+03
-5.704773962470925653e+03
-5.716862839290874945e+03
-5.730580553192926345e+03
-5.746076551194959393e+03
-5.763510143353959393e+03
-5.783050244099222255e+03
-5.804875095727060398e+03
-5.829171974055811916e+03
-5.856136876242540893e+03
-5.885974190759820885e+03
-5.918896349533984903e+03
-5.955123462244342591e+03
-5.994882932782834359e+03
-6.038409057875200233e+03
-6.085942607862725708e+03
-6.137730389644951174e+03
-6.194024791783476758e+03
-6.255083311766526094e+03
-6.321168065434412711e+03
-6.392545278566160960e+03
-6.469484760626893149e+03
-6.552259360676076540e+03
-6.641144405436838497e+03
-6.736417119526267925e+03
-6.838356027846245524e+03
-6.947240340135907900e+03
-7.063349317684314883e+03
-7.186961622204448759e+03
-7.318354646868151576e+03
-7.457803829501758628e+03
-7.605581947942893748e+03
-7.761958397558037177e+03
-7.927198450921117001e+03
-8.101562499653005034e+03
-8.285305278421961702e+03
-8.478675071104844392e+03
-8.681912899109556747e+03
-8.895251691858142294e+03
-5.529334026142087168e+03
-5.529724331515365520e+03
-5.530900755937726899e+03
-5.532879815220412638e+03
-5.535689005395113782e+03
-5.539366757233025055e+03
-5.543962372571435480e+03
-5.549535942448655078e+03
-5.556158247045773351e+03
-5.563910637436605612e+03
-5.572884899145243253e+03
-5.583183097511109736e+03
-5.594917404861684190e+03
-5.608209909493116356e+03
-5.623192406458281766e+03
-5.640006170162452690e+03
-5.658801708766943193e+03
-5.679738500400080738e+03
-5.702984711175980010e+03
-5.728716895021178971e+03
-5.757119675308324076e+03
-5.788385408298473521e+03
-5.822713828389952141e+03
-5.860311675175911660e+03
-5.901392302308771832e+03
-5.946175268172855795e+03
-5.994885908364278293e+03
-6.047754889978734354e+03
-6.105017747706995578e+03
-6.166914401737905791e+03
-6.233688657469039754e+03
-6.305587687025139530e+03
-6.382861492584285770e+03
-6.465762351511421002e+03
-6.554544243299834307e+03
-6.649462258320219007e+03
-6.750771988377287926e+03
-6.858728899074177207e+03
-6.973587683984527757e+03
-7.095601600632095142e+03
-7.225021788278133499e+03
-7.362096567516459800e+03
-7.507070721676028370e+03
-7.660184760031390397e+03
-7.821674162820603669e+03
-7.991768608070919072e+03
-8.170691180232236547e+03
-8.358657560617799390e+03
-8.555875199653220989e+03
-8.762542470932527067e+03
-5.418396497871915926e+03
-5.418841726862385258e+03
-5.420182611162761532e+03
-5.422434733597312515e+03
-5.425624034996691989e+03
-5.429786768383153685e+03
-5.434969434830041791e+03
-5.441228700995223335e+03
-5.448631298328839875e+03
-5.457253903954887392e+03
-5.467183003227255540e+03
-5.478514733959600562e+03
-5.491354712329383801e+03
-5.505817840456267731e+03
-5.522028095654204662e+03
-5.540118301358127610e+03
-5.560229879724179227e+03
-5.582512585904685693e+03
-5.607124223996808723e+03
-5.634230344665411394e+03
-5.664003924440119590e+03
-5.696625026686294404e+03
-5.732280444250685832e+03
-5.771163323780179780e+03
-5.813472771715884846e+03
-5.859413441960214186e+03
-5.909195105218916069e+03
-5.963032200016726165e+03
-6.021143365387284575e+03
-6.083750955237378548e+03
-6.151080534384868770e+03
-6.223360356270992270e+03
-6.300820822346909154e+03
-6.383693923134080251e+03
-6.472212660958903143e+03
-6.566610454361400116e+03
-6.667120524178266351e+03
-6.773975261299545309e+03
-6.887405576099914470e+03
-7.007640229543811074e+03
-7.134905145964701660e+03
-7.269422707518586321e+03
-7.411411030311474860e+03
-7.561083222201057652e+03
-7.718646622272477543e+03
-7.884302021988219167e+03
-8.058242868012037434e+03
-8.240654446707212628e+03
-8.431713050308599122e+03
-8.631585124769126196e+03
-5.341690726346088923e+03
-5.342168818066630593e+03
-5.343608026452577178e+03
-5.346023141905169723e+03
-5.349438784187990677e+03
-5.353889356069072164e+03
-5.359418978420135318e+03
-5.366081406772191258e+03
-5.373939929328669677e+03
-5.383067246434928165e+03
-5.393545331504834394e+03
-5.405465273404372965e+03
-5.418927100291580246e+03
-5.434039584914064108e+03
-5.450920031362940790e+03
-5.469694043283677274e+03
-5.490495273544079282e+03
-5.513465155358768243e+03
-5.538752614870923935e+03
-5.566513765190493359e+03
-5.596911581889740773e+03
-5.630115559955193021e+03
-5.666301352196791413e+03
-5.705650389113880010e+03
-5.748349480217819291e+03
-5.794590396811876417e+03
-5.844569436227571714e+03
-5.898486967518289021e+03
-5.956546958609373178e+03
-6.018956484905382240e+03
-6.085925219354221554e+03
-6.157664903967969622e+03
-6.234388802800569465e+03
-6.316311136382739278e+03
-6.403646497613282918e+03
-6.496609249107612413e+03
-6.595412902003021372e+03
-6.700269476220837532e+03
-6.811388842185479007e+03
-6.928978044000357841e+03
-7.053240604080591766e+03
-7.184375809242803371e+03
-7.322577978251528293e+03
-7.468035710822701731e+03
-7.620931118083868569e+03
-7.781439034491422717e+03
-7.949726211204519132e+03
-8.125950490916206036e+03
-8.310259964140894226e+03
-8.502792106959232115e+03
-5.308260543651385888e+03
-5.308742644920479506e+03
-5.310193686176223309e+03
-5.312627870278240152e+03
-5.316068837041306324e+03
-5.320549615808184171e+03
-5.326112559051684002e+03
-5.332809257006018015e+03
-5.340700433327189785e+03
-5.349855821782624844e+03
-5.360354023969804075e+03
-5.372282348064440157e+03
-5.385736628597442177e+03
-5.400821027261212294e+03
-5.417647814745176220e+03
-5.436337133600231027e+03
-5.457016742132816944e+03
-5.479821739327702744e+03
-5.504894270799961305e+03
-5.532383215776691941e+03
-5.562443855107112540e+03
-5.595237520302431221e+03
-5.630931223604537081e+03
-5.669697269084041181e+03
-5.711712844767380375e+03
-5.757159595793195876e+03
-5.806223178597885635e+03
-5.859092796130073111e+03
-5.915960714094637297e+03
-5.977021758225602753e+03
-6.042472792588377160e+03
-6.112512178911052615e+03
-6.187339216944896179e+03
-6.267153565854157023e+03
-6.352154646634753590e+03
-6.442541025562427421e+03
-6.538509778669877051e+03
-6.640255837253132995e+03
-6.747971314407033788e+03
-6.861844812590100446e+03
-6.982060712218199114e+03
-7.108798441287715832e+03
-7.242231726027743207e+03
-7.382527822581439978e+03
-7.529846729716615300e+03
-7.684340382565427717e+03
-7.846151827393227904e+03
-8.015414377396823511e+03
-8.192250749531431211e+03
-8.376772182367294590e+03
-5.309080148561553870e+03
-5.309541223486627132e+03
-5.310929065445117885e+03
-5.313257516102168665e+03
-5.316549611950522376e+03
-5.320837534886883077e+03
-5.326162543019001532e+03
-5.332574881703010760e+03
-5.340133674811386300e+03
-5.348906796231692169e+03
-5.358970721595531359e+03
-5.370410360238186513e+03
-5.383318867389079060e+03
-5.397797436592270969e+03
-5.413955072357773133e+03
-5.431908343043620334e+03
-5.451781113967965211e+03
-5.473704260752378104e+03
-5.497815362895047656e+03
-5.524258377574899896e+03
-5.553183293686352044e+03
-5.584745766104253562e+03
-5.619106730179704755e+03
-5.656431996466209966e+03
-5.696891825676577355e+03
-5.740660483870096868e+03
-5.787915777870586680e+03
-5.838838570914717820e+03
-5.893612278531058109e+03
-5.952422344649544357e+03
-6.015455697941575636e+03
-6.082900188390773110e+03
-6.154944004093849799e+03
-6.231775068292653486e+03
-6.313580416636302289e+03
-6.400545554673897641e+03
-6.492853795578128484e+03
-6.590685578098975384e+03
-6.694217764748300397e+03
-6.803622920214750593e+03
-6.919068570009474570e+03
-7.040716439342049853e+03
-7.168721672227304225e+03
-7.303232030822394336e+03
-7.444387074994645445e+03
-7.592317322119797609e+03
-7.747143387110941148e+03
-7.908975102677740324e+03
-8.077910619816549115e+03
-8.254035488530889779e+03
-5.338774199878862419e+03
-5.339190591848961049e+03
-5.340444350605854197e+03
-5.342549214148683859e+03
-5.345528044008106008e+03
-5.349412772544286781e+03
-5.354244329164263945e+03
-5.360072545458240711e+03
-5.366956039255384894e+03
-5.374962077598860560e+03
-5.384166418639872063e+03
-5.394653132450937846e+03
-5.406514400758578631e+03
-5.419850295595006173e+03
-5.434768536869368290e+03
-5.451384228857711605e+03
-5.469819575612511471e+03
-5.490203575291414381e+03
-5.512671693405114638e+03
-5.537365514984412584e+03
-5.564432375666398002e+03
-5.594024971700430797e+03
-5.626300948872294612e+03
-5.661422470348781644e+03
-5.699555763440394003e+03
-5.740870645284080638e+03
-5.785540027444735642e+03
-5.833739399436089116e+03
-5.885646291160757755e+03
-5.941439714269536125e+03
-6.001299582439909500e+03
-6.065406110573845581e+03
-6.133939192914619525e+03
-6.207077760083038811e+03
-6.284999115032873306e+03
-6.367878247925380492e+03
-6.455887129923156863e+03
-6.549193985903174507e+03
-6.647962546089075659e+03
-6.752351276602543294e+03
-6.862512588934120686e+03
-6.978592028333036978e+03
-7.100727441116379850e+03
-7.229048120897417903e+03
-7.363673933733194644e+03
-7.504714422191322228e+03
-7.652267888335875796e+03
-7.806420455632854100e+03
-7.967245109774368757e+03
-8.134800718422422506e+03
-5.384505764633147919e+03
-5.384864278962779281e+03
-5.385944423585226104e+03
-5.387759992043129387e+03
-5.390333935714952531e+03
-5.393698307025530085e+03
-5.397894179941144102e+03
-5.402971547749038109e+03
-5.408989198121108529e+03
-5.416014565461701750e+03
-5.424123560540181643e+03
-5.433400377407453561e+03
-5.443937277596897729e+03
-5.455834351609454643e+03
-5.469199257683518226e+03
-5.484146937848407106e+03
-5.500799311262791889e+03
-5.519284944837028888e+03
-5.539738701140051489e+03
-5.562301363590359870e+03
-5.587119238931396467e+03
-5.614343736991326296e+03
-5.644130927727093876e+03
-5.676641075552579423e+03
-5.712038150951417265e+03
-5.750489319373731632e+03
-5.792164407417558323e+03
-5.837235346294314695e+03
-5.885875592578681790e+03
-5.938259526242725769e+03
-5.994561825974497879e+03
-6.054956821780642713e+03
-6.119617824873686004e+03
-6.188716434843309798e+03
-6.262421824112076138e+03
-6.340899999675492836e+03
-6.424313042126309483e+03
-6.512818321963230119e+03
-6.606567693183656957e+03
-6.705706664161236404e+03
-6.810373545807147821e+03
-6.920698577016150011e+03
-7.036803027396683319e+03
-7.158798277285376571e+03
-7.286784875045817898e+03
-7.420851571651715858e+03
-7.561074332554283501e+03
-7.707515326833873587e+03
-7.860221893636162349e+03
-8.019225485892367942e+03
-5.422534561695591037e+03
-5.422840438871757215e+03
-5.423762689228449744e+03
-5.425315157060244019e+03
-5.427520875557880572e+03
-5.430412005857819167e+03
-5.434029751711579593e+03
-5.438424249775376666e+03
-5.443654435518892569e+03
-5.449787884754448896e+03
-5.456900630785739850e+03
-5.465076957176614087e+03
-5.474409166139395893e+03
-5.484997322543509654e+03
-5.496948973543389002e+03
-5.510378843826661068e+03
-5.525408506482042867e+03
-5.542166029487010746e+03
-5.560785597815336587e+03
-5.581407111164613525e+03
-5.604175757303393766e+03
-5.629241561038327745e+03
-5.656758908801120924e+03
-5.686886048855261834e+03
-5.719784567122729641e+03
-5.755618838630386563e+03
-5.794555454576267039e+03
-5.836762625015810045e+03
-5.882409557167842650e+03
-5.931665809340398482e+03
-5.984700620476319273e+03
-6.041682215318952331e+03
-6.102777085197359156e+03
-6.168149244431604529e+03
-6.237959462357834127e+03
-6.312364470973088828e+03
-6.391516148200066709e+03
-6.475560676771791805e+03
-6.564637678735957707e+03
-6.658879325579158831e+03
-6.758409423971131218e+03
-6.863342477128565406e+03
-6.973782721799014325e+03
-7.089823140864470588e+03
-7.211544451564877818e+03
-7.339014069341415961e+03
-7.472285047299799771e+03
-7.611394991293035673e+03
-7.756364950624588346e+03
-7.907198284370828333e+03
-5.443386872511755428e+03
-5.443652686826730132e+03
-5.444454740978626432e+03
-5.445806855622380681e+03
-5.447732021961905048e+03
-5.450262336919731752e+03
-5.453438912373512721e+03
-5.457311758460366036e+03
-5.461939640949040040e+03
-5.467389912679649569e+03
-5.473738319070828766e+03
-5.481068777694919845e+03
-5.489473131920400192e+03
-5.499050878622358141e+03
-5.509908869960183438e+03
-5.522160989223404613e+03
-5.535927800744700107e+03
-5.551336173880721617e+03
-5.568518881060760577e+03
-5.587614169902762114e+03
-5.608765309397199417e+03
-5.632120110158399257e+03
-5.657830418743684277e+03
-5.686051586040167422e+03
-5.716941909718942043e+03
-5.750662050757292491e+03
-5.787374424028203975e+03
-5.827242562957728296e+03
-5.870430458249872572e+03
-5.917101870679353851e+03
-5.967419617951679356e+03
-6.021544835631037131e+03
-6.079636212135886126e+03
-6.141849197802157505e+03
-6.208335188013936204e+03
-6.279240680402096586e+03
-6.354706406110275566e+03
-6.434866435128657031e+03
-6.519847255695456624e+03
-6.609766827765851303e+03
-6.704733610548722027e+03
-6.804845564110992200e+03
-6.910189125049582799e+03
-7.020838156231047833e+03
-7.136852870598855588e+03
-7.258278729048258356e+03
-7.385145312368930718e+03
-7.517465167255076267e+03
-7.655232626383337447e+03
-7.798422602558315702e+03
-5.443864476681786982e+03
-5.444107607238986020e+03
-5.444841550119777821e+03
-5.446079945384995881e+03
-5.447845481248828946e+03
-5.450169826247514720e+03
-5.453093534275802085e+03
-5.456665922490816229e+03
-5.460944922083685924e+03
-5.465996901918562799e+03
-5.471896465039164468e+03
-5.478726218043035260e+03
-5.486576513323198924e+03
-5.495545164177226980e+03
-5.505737132784325695e+03
-5.517264191049500369e+03
-5.530244554315419009e+03
-5.544802487941895379e+03
-5.561067886752922277e+03
-5.579175827351011321e+03
-5.599266093299493150e+03
-5.621482673171962233e+03
-5.645973231469518396e+03
-5.672888552405458540e+03
-5.702381956557528611e+03
-5.734608690387720344e+03
-5.769725288629674651e+03
-5.807888909543531554e+03
-5.849256643038354014e+03
-5.893984791662163843e+03
-5.942228124459498758e+03
-5.994139103696456004e+03
-6.049867084453286225e+03
-6.109557487084726745e+03
-6.173350942547533123e+03
-6.241382410595845613e+03
-6.313780270844072220e+03
-6.390665386697130998e+03
-6.472150142148433588e+03
-6.558337451445358965e+03
-6.649319741622212860e+03
-6.745177907900831087e+03
-6.845980241958626721e+03
-6.951781333064292085e+03
-7.062620942080944587e+03
-7.178522848336924653e+03
-7.299493669364006564e+03
-7.425521653503324160e+03
-7.556575445378703989e+03
-7.692602824237555978e+03
-5.419174892723036464e+03
-5.419418212937570388e+03
-5.420152586250766035e+03
-5.421391236783668319e+03
-5.423156158445415713e+03
-5.425478045493769059e+03
-5.428396195320742663e+03
-5.431958383461877020e+03
-5.436220710830302778e+03
-5.441247423174920186e+03
-5.447110702763153313e+03
-5.453890432287703334e+03
-5.461673930998089418e+03
-5.470555663056218691e+03
-5.480636918116392735e+03
-5.492025464129604188e+03
-5.504835172372379020e+03
-5.519185614699826147e+03
-5.535201633022909846e+03
-5.553012881010354249e+03
-5.572753338014654219e+03
-5.594560795222686465e+03
-5.618576314030286085e+03
-5.644943656641594316e+03
-5.673808688892460850e+03
-5.705318755298383621e+03
-5.739622026326616833e+03
-5.776866817892756444e+03
-5.817200883081729444e+03
-5.860770676092857684e+03
-5.907720588409638367e+03
-5.958192157193612729e+03
-6.012323245902672170e+03
-6.070247197133647205e+03
-6.132091957689484843e+03
-6.197979175870365907e+03
-6.268023270989547200e+03
-6.342330475113350985e+03
-6.420997847025547344e+03
-6.504112258416158511e+03
-6.591749352294467826e+03
-6.683972473626511601e+03
-6.780831572196868365e+03
-6.882362077694748223e+03
-6.988583747024550576e+03
-7.099499483840620996e+03
-7.215094130306530133e+03
-7.335333231078497192e+03
-7.460161769513364561e+03
-7.589502876100787034e+03
-5.376987613161507397e+03
-5.377247260647510302e+03
-5.378030421479712459e+03
-5.379349736780481180e+03
-5.381226228417945094e+03
-5.383689229002820866e+03
-5.386776283883544238e+03
-5.390533025140190148e+03
-5.395013017577017308e+03
-5.400277576713610870e+03
-5.406395558774589517e+03
-5.413443122678158034e+03
-5.421503464023126071e+03
-5.430666521074788761e+03
-5.441028652748991590e+03
-5.452692288595382706e+03
-5.465765550778862234e+03
-5.480361848060095326e+03
-5.496599441774208572e+03
-5.514600983808462843e+03
-5.534493026578384161e+03
-5.556405505002683640e+03
-5.580471190476763695e+03
-5.606825116844585864e+03
-5.635603978369827018e+03
-5.666945499704922440e+03
-5.700987777859309972e+03
-5.737868596166070347e+03
-5.777724710247154690e+03
-5.820691105977454754e+03
-5.866900229447344827e+03
-5.916481188923989976e+03
-5.969558928811098667e+03
-6.026253375607549970e+03
-6.086678555864486043e+03
-6.150941686141221908e+03
-6.219142234959494999e+03
-6.291370956756738451e+03
-6.367708897837682343e+03
-6.448226374324731296e+03
-6.532981922106979255e+03
-6.622021218787860562e+03
-6.715375977631390924e+03
-6.813062813507118335e+03
-6.915082080833687542e+03
-7.021416683520971674e+03
-7.132030856911045703e+03
-7.246868921717463309e+03
-7.365854009963574754e+03
-7.488886762919179091e+03
-5.332830247789844179e+03
-5.333109784564714573e+03
-5.333952402598339177e+03
-5.335370111000584075e+03
-5.337382878230704591e+03
-5.340018562011781796e+03
-5.343312811210524160e+03
-5.347308939683133758e+03
-5.352057772086777732e+03
-5.357617461656696833e+03
-5.364053279949081116e+03
-5.371437378549733694e+03
-5.379848522748236974e+03
-5.389371797178212546e+03
-5.400098283422916211e+03
-5.412124709586767494e+03
-5.425553071832517162e+03
-5.440490227884193700e+03
-5.457047462495654145e+03
-5.475340024885063940e+03
-5.495486638134794703e+03
-5.517608980557313771e+03
-5.541831139026669916e+03
-5.568279034275674348e+03
-5.597079818158815215e+03
-5.628361242880999271e+03
-5.662251002191816951e+03
-5.698876044545746481e+03
-5.738361858227816811e+03
-5.780831728445245062e+03
-5.826405966384596468e+03
-5.875201110234811495e+03
-5.927329098175863692e+03
-5.982896413333115561e+03
-6.042003200697450666e+03
-6.104742356011120137e+03
-6.171198586619267189e+03
-6.241447444287211511e+03
-6.315554329983431671e+03
-6.393573470628233736e+03
-6.475546867808201569e+03
-6.561503218456336981e+03
-6.651456807497886984e+03
-6.745406372461941828e+03
-6.843333940058701046e+03
-6.945203634722512106e+03
-7.050960459120520682e+03
-7.160529046627306343e+03
-7.273812385764742430e+03
-7.390690516608137841e+03
-5.293122077440935755e+03
-5.293419571144046131e+03
-5.294315852087240273e+03
-5.295822305772888285e+03
-5.297957861374054119e+03
-5.300748921738400895e+03
-5.304229265393618334e+03
-5.308439920553850243e+03
-5.313429011128535421e+03
-5.319251574732044901e+03
-5.325969352695102316e+03
-5.333650552077768225e+03
-5.342369579683860138e+03
-5.352206748076857366e+03
-5.363247953597521700e+03
-5.375584326382721883e+03
-5.389311852386192186e+03
-5.404530967400349255e+03
-5.421346123080020334e+03
-5.439865324967457127e+03
-5.460199642518981818e+03
-5.482462691133070621e+03
-5.506770086180065846e+03
-5.533238869033297306e+03
-5.561986905101782213e+03
-5.593132253864523591e+03
-5.626792510906078860e+03
-5.663084121953903377e+03
-5.702121668917265197e+03
-5.744017127927188085e+03
-5.788879099378711544e+03
-5.836812009973773456e+03
-5.887915286766414283e+03
-5.942282503209038623e+03
-6.000000497200273458e+03
-6.061148461134348508e+03
-6.125797003952225168e+03
-6.194007185193848272e+03
-6.265829521052225573e+03
-6.341302962428967476e+03
-6.420453844991166079e+03
-6.503294811230099185e+03
-6.589823704521169930e+03
-6.680022435185584982e+03
-6.773855818553368408e+03
-6.871270385028041346e+03
-6.972193162152789228e+03
-7.076530428678011049e+03
-7.184166440630684519e+03
-7.294962129384884975e+03
-5.263827998072206356e+03
-5.264134626446089896e+03
-5.265058139301238953e+03
-5.266609405755483749e+03
-5.268806494063168429e+03
-5.271674601201840233e+03
-5.275245954293817704e+03
-5.279559683862576094e+03
-5.284661668923468824e+03
-5.290604353909619022e+03
-5.297446537432366313e+03
-5.305253132876190648e+03
-5.314094900828909886e+03
-5.324048153346026083e+03
-5.335194430050055416e+03
-5.347620146064773508e+03
-5.361416211783727704e+03
-5.376677624473870310e+03
-5.393503031713777091e+03
-5.411994266666531985e+03
-5.432255855187302586e+03
-5.454394494765952004e+03
-5.478518505303954953e+03
-5.504737251726239265e+03
-5.533160538427834581e+03
-5.563897975555066296e+03
-5.597058317121569416e+03
-5.632748770959012290e+03
-5.671074280502580223e+03
-5.712136778411073465e+03
-5.756034412021837852e+03
-5.802860740640408039e+03
-5.852703904664806942e+03
-5.905645766544543221e+03
-5.961761023574561477e+03
-6.021116292523625816e+03
-6.083769166097558809e+03
-6.149767241237213966e+03
-6.219147119251196273e+03
-6.291933377783175274e+03
-6.368137514614134489e+03
-6.447756863299065117e+03
-6.530773480638630645e+03
-6.617153005985491291e+03
-6.706843492385244645e+03
-6.799774209552202592e+03
-6.895854418679846276e+03
-6.994972119086050952e+03
-7.096992766692915211e+03
-7.201757964341502884e+03
-5.251455492601829974e+03
-5.251755561519898947e+03
-5.252659289808593712e+03
-5.254177227689340725e+03
-5.256326910924921322e+03
-5.259132788909767442e+03
-5.262626123996402384e+03
-5.266844862058609579e+03
-5.271833474289829610e+03
-5.277642770238553567e+03
-5.284329682079511258e+03
-5.291957020120951711e+03
-5.300593199548304256e+03
-5.310311938403867316e+03
-5.321191926802761373e+03
-5.333316467384947828e+03
-5.346773087003357432e+03
-5.361653119648455686e+03
-5.378051260608639495e+03
-5.396065091867042611e+03
-5.415794578734386960e+03
-5.437341537718027212e+03
-5.460809075627124912e+03
-5.486300999914127715e+03
-5.513921200252163544e+03
-5.543773001348808975e+03
-5.575958486996055399e+03
-5.610577795356183742e+03
-5.647728385483986131e+03
-5.687504275085258087e+03
-5.729995249511135626e+03
-5.775286041988974830e+03
-5.823455485089013564e+03
-5.874575633427602043e+03
-5.928710857606138234e+03
-5.985916909386671250e+03
-6.046239958103243225e+03
-6.109715598309629058e+03
-6.176367828663124783e+03
-6.246208002044661953e+03
-6.319233746914878793e+03
-6.395427859906489175e+03
-6.474757169652764787e+03
-6.557171371852258744e+03
-6.642601835569565083e+03
-6.730960380772338794e+03
-6.822138027104502726e+03
-6.916003713895466717e+03
-7.012402991405674584e+03
-7.111156683308291576e+03
-5.251599388569535222e+03
-5.251881303276759354e+03
-5.252730513275797421e+03
-5.254157401353855676e+03
-5.256179222674309131e+03
-5.258820030553482866e+03
-5.262110572548741402e+03
-5.266088156856549176e+03
-5.270796489022111928e+03
-5.276285478959403008e+03
-5.282611018281815632e+03
-5.289834727944125007e+03
-5.298023676194634390e+03
-5.307250066838591010e+03
-5.317590897812053299e+03
-5.329127590066627818e+03
-5.341945586765274129e+03
-5.356133922788323616e+03
-5.371784764550774526e+03
-5.388992920130127459e+03
-5.407855319705233342e+03
-5.428470466305416267e+03
-5.450937856871069926e+03
-5.475357373624509819e+03
-5.501828645751788827e+03
-5.530450381395346085e+03
-5.561319669957289079e+03
-5.594531254713677299e+03
-5.630176775739307232e+03
-5.668343983143594414e+03
-5.709115920616942276e+03
-5.752570079288118905e+03
-5.798777521892187906e+03
-5.847801977249504489e+03
-5.899698905055311116e+03
-5.954514530980017298e+03
-6.012284852080601013e+03
-6.073034612522413227e+03
-6.136776249611961248e+03
-6.203508810140536298e+03
-6.273216837038462472e+03
-6.345869226340180830e+03
-6.421418054460174062e+03
-6.499797375779602589e+03
-6.580921990543769425e+03
-6.664686183070370134e+03
-6.750962430268403295e+03
-6.839600080468124361e+03
-6.930424002561435373e+03
-7.023233205453412666e+03
-5.255076256188644038e+03
-5.255336487417855096e+03
-5.256120613626739214e+03
-5.257438916996190528e+03
-5.259308483219236223e+03
-5.261753124588106402e+03
-5.264803272316434231e+03
-5.268495838095789622e+03
-5.272874044887959826e+03
-5.277987226951016055e+03
-5.283890599101385305e+03
-5.290644995209695480e+03
-5.298316575932363776e+03
-5.306976505677588648e+03
-5.316700598806235575e+03
-5.327568935067785787e+03
-5.339665444270930493e+03
-5.353077460189253543e+03
-5.367895243701604159e+03
-5.384211475167335266e+03
-5.402120716036493832e+03
-5.421718839695008683e+03
-5.443102431544369210e+03
-5.466368158316533481e+03
-5.491612106623410000e+03
-5.518929090741616164e+03
-5.548411929631542989e+03
-5.580150693191792016e+03
-5.614231917748174055e+03
-5.650737790777731789e+03
-5.689745304867509731e+03
-5.731325380908316220e+03
-5.775541960523261878e+03
-5.822451067731111834e+03
-5.872099839844768212e+03
-5.924525527604201670e+03
-5.979754464544677830e+03
-6.037801005599549171e+03
-6.098666434938045313e+03
-6.162337843037891616e+03
-6.228786972992837036e+03
-6.297969036054961180e+03
-6.369821496411969747e+03
-6.444262825199253712e+03
-6.521191223746843207e+03
-6.600483316061221558e+03
-6.681992810542140433e+03
-6.765549130933974993e+03
-6.850956016512362112e+03
-6.937990091505328564e+03
-5.257916302500758320e+03
-5.258154890921025071e+03
-5.258874063926152303e+03
-5.260084028803861656e+03
-5.261801744549153227e+03
-5.264050842137719883e+03
-5.266861512908364602e+03
-5.270270365055248476e+03
-5.274320248228872515e+03
-5.279060046246746424e+03
-5.284544437913303227e+03
-5.290833625949145244e+03
-5.297993034029483169e+03
-5.306092971932035653e+03
-5.315208268794263859e+03
-5.325417874479778220e+03
-5.336804429054152024e+03
-5.349453800370110912e+03
-5.363454589761986426e+03
-5.378897605849369938e+03
-5.395875306450383505e+03
-5.414481208603933737e+03
-5.434809266701479828e+03
-5.456953218728176580e+03
-5.481005900613119593e+03
-5.507058528689014565e+03
-5.535199950261391677e+03
-5.565515862286650190e+03
-5.598087998159926428e+03
-5.632993282611938412e+03
-5.670302954715286432e+03
-5.710081659000099535e+03
-5.752386504678934216e+03
-5.797266092980990834e+03
-5.844759512595685010e+03
-5.894895303225608586e+03
-5.947690387248577281e+03
-6.003148969489295268e+03
-6.061261405100090997e+03
-6.122003035551143512e+03
-6.185332992729962825e+03
-6.251192971150099766e+03
-6.319505968269359073e+03
-6.390174992917181044e+03
-6.463081741831450017e+03
-6.538085244304500520e+03
-6.615020474938516600e+03
-6.693696934510385290e+03
-6.773897198945489436e+03
-6.855375436401278421e+03
-5.256552905669911524e+03
-5.256774553328135880e+03
-5.257442862594445614e+03
-5.258567915926785645e+03
-5.260166462697559837e+03
-5.262261837107620522e+03
-5.264883843265783980e+03
-5.268068607433901889e+03
-5.271858397437315034e+03
-5.276301409241281362e+03
-5.281451520692497070e+03
-5.287368012426655696e+03
-5.294115255941036594e+03
-5.301762368833356959e+03
-5.310382837205303076e+03
-5.320054105232547954e+03
-5.330857131899694650e+03
-5.342875914901063879e+03
-5.356196981706920269e+03
-5.370908847795391921e+03
-5.387101442049930483e+03
-5.404865499322102551e+03
-5.424291920160451809e+03
-5.445471097704324166e+03
-5.468492211743779990e+03
-5.493442489944746740e+03
-5.520406436239859431e+03
-5.549465026384902558e+03
-5.580694870680657914e+03
-5.614167343860572146e+03
-5.649947682143735619e+03
-5.688094047453609164e+03
-5.728656558802243126e+03
-5.771676290840082402e+03
-5.817184239571258331e+03
-5.865200255234596625e+03
-5.915731942350088502e+03
-5.968773526930955086e+03
-6.024304690861296876e+03
-6.082289373439226438e+03
-6.142674540085720764e+03
-6.205388918218905019e+03
-6.270341700293928625e+03
-6.337421214008481002e+03
-6.406493559673813252e+03
-6.477401214751318548e+03
-6.549961605554706694e+03
-6.623965646117783763e+03
-6.699176244227630377e+03
-6.775326774623633355e+03
-5.247007363623077254e+03
-5.247221447002102650e+03
-5.247866982162874592e+03
-5.248953807477229020e+03
-5.250498264567766455e+03
-5.252523114812023778e+03
-5.255057422448495345e+03
-5.258136404284024138e+03
-5.261801246003472443e+03
-5.266098885080407854e+03
-5.271081760289951490e+03
-5.276807527823208147e+03
-5.283338744003187458e+03
-5.290742514602788106e+03
-5.299090110764123892e+03
-5.308456551519795539e+03
-5.318920152915630752e+03
-5.330562043735337284e+03
-5.343465647826775239e+03
-5.357716133029740377e+03
-5.373399826705807754e+03
-5.390603597869460827e+03
-5.409414205921299072e+03
-5.429917615982611096e+03
-5.452198280831824377e+03
-5.476338389442678817e+03
-5.502417082123849468e+03
-5.530509632260637773e+03
-5.560686594658036483e+03
-5.593012920485641189e+03
-5.627547038824203810e+03
-5.664339904813872636e+03
-5.703434014404181653e+03
-5.744862385705709130e+03
-5.788647506943434564e+03
-5.834800251011665750e+03
-5.883318756630944335e+03
-5.934187276106258651e+03
-5.987374989687359630e+03
-6.042834786530465863e+03
-6.100502012261753407e+03
-6.160293183142615817e+03
-6.222104666836503384e+03
-6.285811329777535320e+03
-6.351265151140751186e+03
-6.418293803414126160e+03
-6.486699199572152793e+03
-6.556256006851291204e+03
-6.626710127126966654e+03
-6.697777143892335516e+03
-5.231026849049035263e+03
-5.231240907509312819e+03
-5.231886254453972469e+03
-5.232972387755025920e+03
-5.234515081135572473e+03
-5.236536300074019891e+03
-5.239064084070096214e+03
-5.242132395272901704e+03
-5.245780933470203308e+03
-5.250054917439982091e+03
-5.255004832663476009e+03
-5.260686145399669840e+03
-5.267158983122351856e+03
-5.274487781317824556e+03
-5.282740896645411340e+03
-5.291990186458866447e+03
-5.302310554690079698e+03
-5.313779464094155628e+03
-5.326476414856565498e+03
-5.340482389561700984e+03
-5.355879264523456186e+03
-5.372749187477395935e+03
-5.391173921634576800e+03
-5.411234156097490995e+03
-5.433008782637220065e+03
-5.456574138832716017e+03
-5.482003217571780624e+03
-5.509364842913506436e+03
-5.538722812312907990e+03
-5.570135005206779169e+03
-5.603652457961798063e+03
-5.639318405184059884e+03
-5.677167287390294405e+03
-5.717223725041116268e+03
-5.759501458935815208e+03
-5.804002256968838992e+03
-5.850714787248241009e+03
-5.899613457575591383e+03
-5.950657221287869106e+03
-6.003788349460929567e+03
-6.058931169474804847e+03
-6.115990769940737664e+03
-6.174851671989867100e+03
-6.235376466923788030e+03
-6.297404420226750517e+03
-6.360750041939625589e+03
-6.425201623395697425e+03
-6.490519740317938158e+03
-6.556435722278431967e+03
-6.622650088519163546e+03
-5.212801971980190501e+03
-5.213019632183419162e+03
-5.213675653480606343e+03
-5.214779141106733732e+03
-5.216345214361354920e+03
-5.218394922470330130e+03
-5.220955126792532610e+03
-5.224058349371017357e+03
-5.227742587829172408e+03
-5.232051096611436151e+03
-5.237032134568733454e+03
-5.242738678888845243e+03
-5.249228105371286802e+03
-5.256561835047069508e+03
-5.264804947143052232e+03
-5.274025758391191630e+03
-5.284295368682416665e+03
-5.295687173065311981e+03
-5.308276340089400037e+03
-5.322139256493284847e+03
-5.337352938237589115e+03
-5.353994407882323685e+03
-5.372140038309416923e+03
-5.391864862789601830e+03
-5.413241851394232981e+03
-5.436341153751844104e+03
-5.461229308149324424e+03
-5.487968416977937522e+03
-5.516615288523968957e+03
-5.547220545104233679e+03
-5.579827697546261334e+03
-5.614472186013134888e+03
-5.651180387173205418e+03
-5.689968587714432033e+03
-5.730841924203476992e+03
-5.773793289289628774e+03
-5.818802204253262971e+03
-5.865833657899309401e+03
-5.914836911795116066e+03
-5.965744271853377541e+03
-6.018469826259587535e+03
-6.072908149744265756e+03
-6.128932974200011813e+03
-6.186395825643130593e+03
-6.245124627520151989e+03
-6.304922270358972128e+03
-6.365565147764780704e+03
-6.426801658760738064e+03
-6.488350676473300155e+03
-6.549899983162377794e+03
-5.194169168937587528e+03
-5.194392106402811805e+03
-5.195063819807637628e+03
-5.196192995420451552e+03
-5.197794054492027499e+03
-5.199887069460990460e+03
-5.202497646641239044e+03
-5.205656775391445990e+03
-5.209400643766874055e+03
-5.213770420653196197e+03
-5.218812004382423765e+03
-5.224575737831201877e+03
-5.231116090000774420e+03
-5.238491304079625479e+03
-5.246763011987751270e+03
-5.255995815403503002e+03
-5.266256833272276708e+03
-5.277615215797306519e+03
-5.290141624912859697e+03
-5.303907681239358681e+03
-5.318985377520523798e+03
-5.335446458543015069e+03
-5.353361767537860942e+03
-5.372800559064166919e+03
-5.393829778374880334e+03
-5.416513307264860487e+03
-5.440911176400811200e+03
-5.467078744133626969e+03
-5.495065841792600622e+03
-5.524915885462001825e+03
-5.556664954239632607e+03
-5.590340834977527265e+03
-5.625962033504890314e+03
-5.663536752333024197e+03
-5.703061834842492317e+03
-5.744521675952360056e+03
-5.787887099271562874e+03
-5.833114200732497920e+03
-5.880143158706567192e+03
-5.928897010602034243e+03
-5.979280395943929761e+03
-6.031178265936035132e+03
-6.084454559505114958e+03
-6.138950845827221201e+03
-6.194484933336078939e+03
-6.250849445213678337e+03
-6.307810361363020093e+03
-6.365105526862831539e+03
-6.422443126904637211e+03
-6.479500128211780975e+03
-5.177968079107607991e+03
-5.178194100064888516e+03
-5.178874937054893962e+03
-5.180018895715797953e+03
-5.181639763058703466e+03
-5.183756723888576744e+03
-5.186394243793547503e+03
-5.189581918702842813e+03
-5.193354291012828980e+03
-5.197750632281729850e+03
-5.202814692492584072e+03
-5.208594415884537739e+03
-5.215141623352747956e+03
-5.222511661416501738e+03
-5.230763017755883993e+03
-5.239956903316608077e+03
-5.250156800983567337e+03
-5.261427980822461905e+03
-5.273836981890061907e+03
-5.287451060612839683e+03
-5.302337605733735472e+03
-5.318563519827781420e+03
-5.336194567385711707e+03
-5.355294689466159980e+03
-5.375925284916269447e+03
-5.398144458160625618e+03
-5.422006233558631720e+03
-5.447559736330270425e+03
-5.474848340050300067e+03
-5.503908780710697101e+03
-5.534770237351794094e+03
-5.567453379261478403e+03
-5.601969379743060927e+03
-5.638318896451371074e+03
-5.676491018297314440e+03
-5.716462178920830411e+03
-5.758195036732259723e+03
-5.801637321522071943e+03
-5.846720647639052913e+03
-5.893359293736785730e+03
-5.941448949088617155e+03
-5.990865426471054889e+03
-6.041463341615455647e+03
-6.093074759228151379e+03
-6.145507805579044543e+03
-6.198545247658513290e+03
-6.251943038902694752e+03
-6.305428831487359275e+03
-6.358700455189915374e+03
-6.411424362819963790e+03
-5.167182353716375474e+03
-5.167405447637152974e+03
-5.168077409422845449e+03
-5.169206262355531180e+03
-5.170805322612718555e+03
-5.172893115328287422e+03
-5.175493257077579983e+03
-5.178634304787399742e+03
-5.182349571069742524e+03
-5.186676905980528318e+03
-5.191658445202127950e+03
-5.197340324650685943e+03
-5.203772361507672940e+03
-5.211007701675684984e+03
-5.219102433658950758e+03
-5.228115168867718239e+03
-5.238106588347476645e+03
-5.249138955932403405e+03
-5.261275597822971577e+03
-5.274580348588202469e+03
-5.289116963592299726e+03
-5.304948497845340171e+03
-5.322136651278725367e+03
-5.340741080444726322e+03
-5.360818676640601552e+03
-5.382422810456871957e+03
-5.405602542750218163e+03
-5.430401802040512848e+03
-5.456858528332411879e+03
-5.485003783361199567e+03
-5.514860827263104511e+03
-5.546444161669832283e+03
-5.579758539227671463e+03
-5.614797939540848347e+03
-5.651544511539281302e+03
-5.689967482270682012e+03
-5.730022032117067283e+03
-5.771648136435649576e+03
-5.814769373624084437e+03
-5.859291699610082105e+03
-5.905102188765374194e+03
-5.952067741244131867e+03
-6.000033756745660867e+03
-6.048822774701567141e+03
-6.098233080887151118e+03
-6.148037280457375346e+03
-6.197980837407042600e+03
-6.247780580455355448e+03
-6.297123175354982777e+03
-6.345663563625375900e+03
-5.160429249700148830e+03
-5.160645096310039662e+03
-5.161295245762612467e+03
-5.162387509995730397e+03
-5.163934852468586541e+03
-5.165955303506099881e+03
-5.168471841780851719e+03
-5.171512241932849975e+03
-5.175108888326922170e+03
-5.179298554947897173e+03
-5.184122151433450199e+03
-5.189624435244724737e+03
-5.195853689974494046e+03
-5.202861369793379708e+03
-5.210701710033335985e+03
-5.219431303909294911e+03
-5.229108645378191795e+03
-5.239793638135838592e+03
-5.251547070751637875e+03
-5.264430057940686311e+03
-5.278503447973960647e+03
-5.293827196225878652e+03
-5.310459704859908925e+03
-5.328457128651618405e+03
-5.347872646949597765e+03
-5.368755701773997316e+03
-5.391151202052910776e+03
-5.415098693996304064e+03
-5.440631497607764686e+03
-5.467775809334068981e+03
-5.496549770852169786e+03
-5.526962503994198414e+03
-5.559013111809961629e+03
-5.592689645767335605e+03
-5.627968039090283128e+03
-5.664811006234547676e+03
-5.703166908501082617e+03
-5.742968585787300981e+03
-5.784132154475907555e+03
-5.826555771461504264e+03
-5.870118364314921564e+03
-5.914678327585208535e+03
-5.960072185239390819e+03
-6.006113219239974569e+03
-6.052590064260061808e+03
-6.099265268536242729e+03
-6.145873820859251282e+03
-6.192121643702192159e+03
-6.237684052486694782e+03
-6.282204180986545907e+03
-5.154652903220394364e+03
-5.154860799414766007e+03
-5.155487032715649548e+03
-5.156539220210901476e+03
-5.158030000162374563e+03
-5.159976946678697459e+03
-5.162402450257572127e+03
-5.165333564197035230e+03
-5.168801816876049088e+03
-5.172842989904106616e+03
-5.177496862140271332e+03
-5.182806919581145848e+03
-5.188820031118169936e+03
-5.195586090164119923e+03
-5.203157622148692099e+03
-5.211589357883365665e+03
-5.220937772795477031e+03
-5.231260592031258057e+03
-5.242616261428388498e+03
-5.255063384357461473e+03
-5.268660124432858538e+03
-5.283463574092572344e+03
-5.299529089047425259e+03
-5.316909588599337440e+03
-5.335654821828850800e+03
-5.355810599651867051e+03
-5.377417992745464289e+03
-5.400512495343001319e+03
-5.425123154898314169e+03
-5.451271667619234904e+03
-5.478971439870136237e+03
-5.508226615443836636e+03
-5.539031068702518496e+03
-5.571367363587892214e+03
-5.605205678500668000e+03
-5.640502697049011658e+03
-5.677200464666375410e+03
-5.715225211098338150e+03
-5.754486138758780726e+03
-5.794874176955163421e+03
-5.836260701983044783e+03
-5.878496223089698105e+03
-5.921409034307025649e+03
-5.964803832153563235e+03
-6.008460299205767114e+03
-6.052131653538399405e+03
-6.095543164034113033e+03
-6.138390631562278941e+03
-6.180338836026971876e+03
-6.221019949284094764e+03
-5.148446810753429418e+03
-5.148647649078020549e+03
-5.149252641294497153e+03
-5.150269201977092962e+03
-5.151709631569914563e+03
-5.153591030617536489e+03
-5.155935179687989148e+03
-5.158768384987587524e+03
-5.162121289668691134e+03
-5.166028650828859099e+03
-5.170529082202935570e+03
-5.175664762547115970e+03
-5.181481109715236016e+03
-5.188026420427242556e+03
-5.195351475730285529e+03
-5.203509112151459703e+03
-5.212553758543262120e+03
-5.222540938621212263e+03
-5.233526739193514004e+03
-5.245567244083135847e+03
-5.258717933742125751e+03
-5.273033050558144168e+03
-5.288564929853183457e+03
-5.305363296574621927e+03
-5.323474527678500635e+03
-5.342940880205029316e+03
-5.363799685046295053e+03
-5.386082506406319226e+03
-5.409814266953286278e+03
-5.435012338663969786e+03
-5.461685599360590459e+03
-5.489833454939653166e+03
-5.519444827293262279e+03
-5.550497107922594296e+03
-5.582955077243533196e+03
-5.616769789584695900e+03
-5.651877423877601359e+03
-5.688198100039151541e+03
-5.725634661046266046e+03
-5.764071420702868636e+03
-5.803372877099071047e+03
-5.843382391762561383e+03
-5.883920834502287107e+03
-5.924785193944396269e+03
-5.965747153760349647e+03
-6.006551634587393892e+03
-6.046915301641166479e+03
-6.086525038020539796e+03
-6.125036383704945365e+03
-6.162071940243495192e+03
-5.140808602073911061e+03
-5.141004879704369159e+03
-5.141596109816736316e+03
-5.142589466926730893e+03
-5.143996851403456276e+03
-5.145834803733587250e+03
-5.148124384491442470e+03
-5.150891020014472815e+03
-5.154164313784820479e+03
-5.157977823516242097e+03
-5.162368803947057131e+03
-5.167377915338509411e+03
-5.173048897678959293e+03
-5.179428210593916447e+03
-5.186564638961388482e+03
-5.194508864233558597e+03
-5.203313001463377987e+03
-5.213030102037568213e+03
-5.223713622114993996e+03
-5.235416856770667437e+03
-5.248192339845696551e+03
-5.262091209502747006e+03
-5.277162539487383583e+03
-5.293452636094875743e+03
-5.311004300842902921e+03
-5.329856058849933106e+03
-5.350041352919265591e+03
-5.371587703328704265e+03
-5.394515833326192478e+03
-5.418838760330821060e+03
-5.444560852839755171e+03
-5.471676853040871720e+03
-5.500170865130940911e+03
-5.530015309339701162e+03
-5.561169841659430858e+03
-5.593580239280545356e+03
-5.627177251732473451e+03
-5.661875417730598201e+03
-5.697571847728721878e+03
-5.734144972177282398e+03
-5.771453255487269416e+03
-5.809333875699868258e+03
-5.847601369861756211e+03
-5.886046245106153037e+03
-5.924433555439522934e+03
-5.962501444234055270e+03
-5.999959652425838613e+03
-6.036487992418580689e+03
-6.071734787693314502e+03
-6.105315278123533972e+03
-5.130491303084110768e+03
-5.130687308109711921e+03
-5.131277617527699476e+03
-5.132269097364955087e+03
-5.133673134343430320e+03
-5.135505550895964916e+03
-5.137786486188529125e+03
-5.140540243148612717e+03
-5.143795101499996235e+03
-5.147583096803999069e+03
-5.151939765506792355e+03
-5.156903855993316029e+03
-5.162517005647222504e+03
-5.168823383917492720e+03
-5.175869301390986948e+03
-5.183702784871751646e+03
-5.192373118466299275e+03
-5.201930350675331283e+03
-5.212424767491909734e+03
-5.223906331505743765e+03
-5.236424087014056568e+03
-5.250025531138409860e+03
-5.264755950948313512e+03
-5.280657726590809034e+03
-5.297769600426444413e+03
-5.316125912171778509e+03
-5.335755800047996672e+03
-5.356682367935854927e+03
-5.378921818537066429e+03
-5.402482552542041958e+03
-5.427364233803803472e+03
-5.453556820518232598e+03
-5.481039562410895087e+03
-5.509779963929873702e+03
-5.539732713445080662e+03
-5.570838578453937771e+03
-5.603023266793330549e+03
-5.636196253857809097e+03
-5.670249575824274871e+03
-5.705056588882910546e+03
-5.740470694474368429e+03
-5.776324030533430232e+03
-5.812426128738897205e+03
-5.848562537769853407e+03
-5.884493412568190251e+03
-5.919952069607524209e+03
-5.954643508168469452e+03
-5.988242897620058102e+03
-6.020394030707780075e+03
-6.050707742847670488e+03
-5.118502049589766102e+03
-5.118700575466115879e+03
-5.119298330437641198e+03
-5.120301829785587870e+03
-5.121721876490952127e+03
-5.123573477502851347e+03
-5.125875726514302187e+03
-5.128651653245357011e+03
-5.131928039233604068e+03
-5.135735200131849524e+03
-5.140106734513448828e+03
-5.145079239184817197e+03
-5.150691991005382988e+03
-5.156986595214662884e+03
-5.164006600267182876e+03
-5.171797079174137252e+03
-5.180404177352973420e+03
-5.189874626984033966e+03
-5.200255227874493357e+03
-5.211592294829955790e+03
-5.223931071533020258e+03
-5.237315110929679577e+03
-5.251785622122523819e+03
-5.267380783771797724e+03
-5.284135024003506260e+03
-5.302078266824986713e+03
-5.321235145047927290e+03
-5.341624179718538471e+03
-5.363256926055205440e+03
-5.386137085893535186e+03
-5.410259586638760993e+03
-5.435609626725315138e+03
-5.462161687583982712e+03
-5.489878512116391903e+03
-5.518710049676737981e+03
-5.548592367560912862e+03
-5.579446529003074829e+03
-5.611177437679507420e+03
-5.643672648719783865e+03
-5.676801146225439879e+03
-5.710412087295863785e+03
-5.744333512561594034e+03
-5.778371023225016870e+03
-5.812306424608340421e+03
-5.845896336209029869e+03
-5.878870768262461752e+03
-5.910931664812111194e+03
-5.941751413286894604e+03
-5.970971320586121692e+03
-5.998200055671533846e+03
-5.107303984669148122e+03
-5.107504586168039168e+03
-5.108108454533707118e+03
-5.109121764894040098e+03
-5.110554754198947194e+03
-5.112421638825537229e+03
-5.114740499225110398e+03
-5.117533131612562102e+03
-5.120824866697482321e+03
-5.124644355457558959e+03
-5.129023321953821323e+03
-5.133996283188120287e+03
-5.139600236002546808e+03
-5.145874311020888854e+03
-5.152859393632137653e+03
-5.160597712016176956e+03
-5.169132392211260594e+03
-5.178506980223796745e+03
-5.188764931179955965e+03
-5.199949065519549549e+03
-5.212100992231709824e+03
-5.225260499132833502e+03
-5.239464910186476118e+03
-5.254748409865243957e+03
-5.271141334554788045e+03
-5.288669430999902033e+03
-5.307353081792519333e+03
-5.327206497901922376e+03
-5.348236878246911147e+03
-5.370443536309871888e+03
-5.393816993793254369e+03
-5.418338041317828356e+03
-5.443976766162913918e+03
-5.470691547048924804e+03
-5.498428015961766505e+03
-5.527117987019333668e+03
-5.556678352380065917e+03
-5.587009945193490239e+03
-5.617996369592948213e+03
-5.649502797730162456e+03
-5.681374733852082500e+03
-5.713436745419516228e+03
-5.745491161268102587e+03
-5.777316736811045303e+03
-5.808667286284114198e+03
-5.839270282032544856e+03
-5.868825420840074003e+03
-5.897003157299981467e+03
-5.923443204228145078e+03
-5.947753000118267664e+03
-5.097750583226971685e+03
-5.097951660206598717e+03
-5.098556851124412788e+03
-5.099572019695676317e+03
-5.101006884707507197e+03
-5.102874938911520076e+03
-5.105193335473426487e+03
-5.107982741979651109e+03
-5.111267162001036013e+03
-5.115073724213656533e+03
-5.119432439076348601e+03
-5.124375923065719689e+03
-5.129939090467878486e+03
-5.136158812727266195e+03
-5.143073545352515794e+03
-5.150722922379551164e+03
-5.159147318391277622e+03
-5.168387378094698761e+03
-5.178483513455067623e+03
-5.189475368386683840e+03
-5.201401251001204400e+03
-5.214297533412585835e+03
-5.228198019099318117e+03
-5.243133277823725621e+03
-5.259129948108025928e+03
-5.276210007267595756e+03
-5.294390009001334874e+03
-5.313680288539002504e+03
-5.334084135345488903e+03
-5.355596933382249517e+03
-5.378205268925732526e+03
-5.401886005942823431e+03
-5.426605329023380364e+03
-5.452317753869687294e+03
-5.478965105343037067e+03
-5.506475463067373312e+03
-5.534762074589834810e+03
-5.563722236098465146e+03
-5.593236140696908478e+03
-5.623165694236109630e+03
-5.653353298703065775e+03
-5.683620603166692490e+03
-5.713767222280535862e+03
-5.743569422342732651e+03
-5.772778774912839253e+03
-5.801120777985824134e+03
-5.828293444722940876e+03
-5.853965859739799271e+03
-5.877776702951367042e+03
-5.899332740974032276e+03
-5.089329383411120943e+03
-5.089530010626972398e+03
-5.090133754104975196e+03
-5.091146183380640650e+03
-5.092576527827646714e+03
-5.094437596879447483e+03
-5.096745668339795884e+03
-5.099520344781571112e+03
-5.102784378034651127e+03
-5.106563461762189036e+03
-5.110885992125780831e+03
-5.115782796539112496e+03
-5.121286830510391155e+03
-5.127432842573484777e+03
-5.134257007307627646e+03
-5.141796526445828022e+03
-5.150089198072063482e+03
-5.159172953907016563e+03
-5.169085364682496220e+03
-5.179863113604705177e+03
-5.191541437905834755e+03
-5.204153538484795718e+03
-5.217729957636154722e+03
-5.232297924868114933e+03
-5.247880670809013282e+03
-5.264496709202368038e+03
-5.282159086990925971e+03
-5.300874602489072458e+03
-5.320642991644057474e+03
-5.341456082385961963e+03
-5.363296917066071728e+03
-5.386138842984330950e+03
-5.409944571005067701e+03
-5.434665202261701779e+03
-5.460239222949919167e+03
-5.486591467209644179e+03
-5.513632048095651953e+03
-5.541255256636804916e+03
-5.569338428984043276e+03
-5.597740781647034964e+03
-5.626302214819418623e+03
-5.654842083792851554e+03
-5.683157938459625257e+03
-5.711024230903991338e+03
-5.738190991082194159e+03
-5.764382470591132005e+03
-5.789295754525703160e+03
-5.812599341424876911e+03
-5.833931691306329412e+03
-5.852899741789889958e+03
-5.081675515961055680e+03
-5.081875200948385100e+03
-5.082476022964886397e+03
-5.083483267503722345e+03
-5.084905691485315401e+03
-5.086755444905000331e+03
-5.089047961139925974e+03
-5.091801815914843246e+03
-5.095038554927006771e+03
-5.098782490130321094e+03
-5.103060464678421340e+03
-5.107901586526852043e+03
-5.113336930694392322e+03
-5.119399210183359173e+03
-5.126122415559154433e+03
-5.133541423188647059e+03
-5.141691572137957337e+03
-5.150608209729090959e+03
-5.160326205755585761e+03
-5.170879435357622242e+03
-5.182300230555762028e+03
-5.194618800444078261e+03
-5.207862620042230446e+03
-5.222055787806654735e+03
-5.237218351800829623e+03
-5.253365604524685295e+03
-5.270507346403011070e+03
-5.288647117932937363e+03
-5.307781400490594933e+03
-5.327898785796801349e+03
-5.348979114041801949e+03
-5.370992580669136260e+03
-5.393898811818564354e+03
-5.417645908428113216e+03
-5.442169458995143032e+03
-5.467391520996524378e+03
-5.493219570967967229e+03
-5.519545423242277138e+03
-5.546244117346880557e+03
-5.573172774060241863e+03
-5.600169420127536796e+03
-5.627051781635297630e+03
-5.653616046045161056e+03
-5.679635592886737868e+03
-5.704859693109522595e+03
-5.729012177093924947e+03
-5.751790071321303003e+03
-5.772862203703225532e+03
-5.791867777569630562e+03
-5.808414914316240356e+03
-5.074378687926091516e+03
-5.074577509489552540e+03
-5.075175646352007789e+03
-5.076178099681187632e+03
-5.077593153594765681e+03
-5.079432298417192214e+03
-5.081710123239754466e+03
-5.084444177783208033e+03
-5.087654803563247697e+03
-5.091364934358836763e+03
-5.095599865983387645e+03
-5.100386995358667264e+03
-5.105755528891618269e+03
-5.111736160153923265e+03
-5.118360716864429378e+03
-5.125661777174383133e+03
-5.133672255255492018e+03
-5.142424956190776356e+03
-5.151952100168302422e+03
-5.162284815977592189e+03
-5.173452603809060747e+03
-5.185482767356115801e+03
-5.198399815220091114e+03
-5.212224831618103053e+03
-5.226974816393578294e+03
-5.242661994329710069e+03
-5.259293093765672893e+03
-5.276868594515722179e+03
-5.295381945091053240e+03
-5.314818749224435123e+03
-5.335155921697869417e+03
-5.356360813472712834e+03
-5.378390306123062146e+03
-5.401189875571511948e+03
-5.424692625128098371e+03
-5.448818287831816633e+03
-5.473472198095070780e+03
-5.498544232650950107e+03
-5.523907720803224038e+03
-5.549418323979277375e+03
-5.574912884585811298e+03
-5.600208244167338307e+03
-5.625100030867510213e+03
-5.649361416193301920e+03
-5.672741841081982784e+03
-5.694965711270891916e+03
-5.715731061970055634e+03
-5.734708191837663435e+03
-5.751538266258205113e+03
-5.765831889923683775e+03
-5.066721688252998320e+03
-5.066920842691515645e+03
-5.067519876531821865e+03
-5.068523486389018217e+03
-5.069939450091175786e+03
-5.071778551883557157e+03
-5.074054477714636960e+03
-5.076783680603769426e+03
-5.079985216090687572e+03
-5.083680547766604832e+03
-5.087893322887019167e+03
-5.092649118066339724e+03
-5.097975155054071365e+03
-5.103899986592871755e+03
-5.110453152358290026e+03
-5.117664804980018744e+03
-5.125565306145213981e+03
-5.134184792783124067e+03
-5.143552713331827363e+03
-5.153697334086415140e+03
-5.164645215628930600e+03
-5.176420659340045859e+03
-5.189045123992607842e+03
-5.202536612426619286e+03
-5.216909028306034998e+03
-5.232171502957462508e+03
-5.248327692290204141e+03
-5.265375043798409024e+03
-5.283304033644681112e+03
-5.302097373825346949e+03
-5.321729189417838825e+03
-5.342164165909187432e+03
-5.363356666606836370e+03
-5.385249820130660737e+03
-5.407774577987060184e+03
-5.430848742224586204e+03
-5.454375963171290095e+03
-5.478244707253858905e+03
-5.502327194898422931e+03
-5.526478308513020238e+03
-5.550534470551885533e+03
-5.574312491661386957e+03
-5.597608388907648077e+03
-5.620196174085946041e+03
-5.641826612111794020e+03
-5.662225949493742519e+03
-5.681094612887851326e+03
-5.698105877733936723e+03
-5.712904506973552998e+03
-5.725105359849522756e+03
-5.058383724677724786e+03
-5.058584785371279395e+03
-5.059189427563016579e+03
-5.060202017093004542e+03
-5.061629782049384630e+03
-5.063482740301096783e+03
-5.065773598042873346e+03
-5.068517619353797272e+03
-5.071732466768360609e+03
-5.075438012860740855e+03
-5.079656122841848628e+03
-5.084410408169478615e+03
-5.089725951171421002e+03
-5.095629000681254183e+03
-5.102146638687466293e+03
-5.109306417995310767e+03
-5.117135970901538712e+03
-5.125662588882344608e+03
-5.134912773294021463e+03
-5.144911757086666512e+03
-5.155682997530966531e+03
-5.167247639957504362e+03
-5.179623952509629817e+03
-5.192826731908788133e+03
-5.206866680232963517e+03
-5.221749752708222331e+03
-5.237476476512960289e+03
-5.254041240595204727e+03
-5.271431556502961939e+03
-5.289627290227350386e+03
-5.308599865058768955e+03
-5.328311435456125764e+03
-5.348714031928729128e+03
-5.369748676931454611e+03
-5.391344471772635188e+03
-5.413417654535011934e+03
-5.435870629009605182e+03
-5.458590964642542531e+03
-5.481450367494793682e+03
-5.504303622215005817e+03
-5.526987505025020255e+03
-5.549319667718666096e+03
-5.571097492673234228e+03
-5.592096918874063704e+03
-5.612071238951993109e+03
-5.630749867233828809e+03
-5.647837078805698184e+03
-5.663010719589420660e+03
-5.675920887431799201e+03
-5.686188584206837731e+03
-5.049931334099724154e+03
-5.050135048040652691e+03
-5.050747535670149773e+03
-5.051772820431197033e+03
-5.053217561471587942e+03
-5.055090983758357652e+03
-5.057404780237744490e+03
-5.060172986041146942e+03
-5.063411824736593189e+03
-5.067139526625936014e+03
-5.071376119088009546e+03
-5.076143188967296737e+03
-5.081463617008345864e+03
-5.087361284336231620e+03
-5.093860750982203172e+03
-5.100986906455610551e+03
-5.108764592361187169e+03
-5.117218197062238687e+03
-5.126371222389616378e+03
-5.136245822396254880e+03
-5.146862314157530818e+03
-5.158238660617476853e+03
-5.170389925480445527e+03
-5.183327700148845906e+03
-5.197059502706376406e+03
-5.211588148946964793e+03
-5.226911095449733693e+03
-5.243019754699398618e+03
-5.259898782252474120e+03
-5.277525335949419969e+03
-5.295868307172140703e+03
-5.314887524147592558e+03
-5.334532927296915659e+03
-5.354743716630324343e+03
-5.375447471187847441e+03
-5.396559240525652058e+03
-5.417980608248136377e+03
-5.439598727585913366e+03
-5.461285329019268829e+03
-5.482895699947593130e+03
-5.504267636404411860e+03
-5.525220366818167349e+03
-5.545553447818777386e+03
-5.565045632089906576e+03
-5.583453708266980357e+03
-5.600511312880888909e+03
-5.615927714347496476e+03
-5.629386569002906072e+03
-5.640544649184247646e+03
-5.649030543356526323e+03
-5.041879444749797585e+03
-5.042085827411791797e+03
-5.042706207154481490e+03
-5.043744265817274936e+03
-5.045206095030398501e+03
-5.047100129061569532e+03
-5.049437050801602709e+03
-5.052229670888295004e+03
-5.055492779969408730e+03
-5.059242974104291534e+03
-5.063498453304005125e+03
-5.068278793210258300e+03
-5.073604689913058792e+03
-5.079497677907133038e+03
-5.085979821186767367e+03
-5.093073377479766350e+03
-5.100800435619701602e+03
-5.109182526057148607e+03
-5.118240204509439536e+03
-5.127992608749240389e+03
-5.138456988531731440e+03
-5.149648208660551973e+03
-5.161578225192442915e+03
-5.174255534780508242e+03
-5.187684597156278869e+03
-5.201865230750429873e+03
-5.216791981452104665e+03
-5.232453464507181707e+03
-5.248831679554941729e+03
-5.265901298803619284e+03
-5.283628928344680389e+03
-5.301972342605657104e+03
-5.320879691941726378e+03
-5.340288683366105033e+03
-5.360125734418934371e+03
-5.380305100175096413e+03
-5.400727973390536135e+03
-5.421281557787345264e+03
-5.441838114477676754e+03
-5.462253981526036114e+03
-5.482368566650672619e+03
-5.502003313063350106e+03
-5.520960638447962083e+03
-5.539022847077834740e+03
-5.555951015071708753e+03
-5.571483848788397154e+03
-5.585336516360183850e+03
-5.597199452364929130e+03
-5.606737135636796665e+03
-5.613586840215783013e+03
-5.034231247528558924e+03
-5.034440249689467237e+03
-5.035068374534014765e+03
-5.036118964291168595e+03
-5.037597546487828367e+03
-5.039511769666548389e+03
-5.041871313390610339e+03
-5.044687772536020930e+03
-5.047974515870722826e+03
-5.051746518921117058e+03
-5.056020171125283014e+03
-5.060813057273750928e+03
-5.066143713237423071e+03
-5.072031355981961497e+03
-5.078495587870354029e+03
-5.085556075251608490e+03
-5.093232201337306833e+03
-5.101542693364946899e+03
-5.110505224048357377e+03
-5.120135987315482453e+03
-5.130449248333179639e+03
-5.141456867819064428e+03
-5.153167800640643691e+03
-5.165587568701469536e+03
-5.178717708114488232e+03
-5.192555190662455061e+03
-5.207091819545561520e+03
-5.222313599416127545e+03
-5.238200080700435137e+03
-5.254723678207742523e+03
-5.271848964026348767e+03
-5.289531934706905304e+03
-5.307719252732662426e+03
-5.326347462277109116e+03
-5.345342179248538741e+03
-5.364617255621811637e+03
-5.384073918057284573e+03
-5.403599880806769761e+03
-5.423068432906802627e+03
-5.442337499658835441e+03
-5.461248678396688774e+03
-5.479626248541145287e+03
-5.497276155941564866e+03
-5.513984971504740315e+03
-5.529518824110846253e+03
-5.543622307816512148e+03
-5.556017363345013109e+03
-5.566402133863621202e+03
-5.574449795048093620e+03
-5.579807359434264072e+03
-5.027043452549325593e+03
-5.027254959823157151e+03
-5.027890487636930629e+03
-5.028953041710066827e+03
-5.030447590715471961e+03
-5.032381004990893416e+03
-5.034761970734071838e+03
-5.037600879683007406e+03
-5.040909694280177064e+03
-5.044701788321302047e+03
-5.048991763088562948e+03
-5.053795238968334161e+03
-5.059128622553225796e+03
-5.065008849228511281e+03
-5.071453101243176206e+03
-5.078478501265234627e+03
-5.086101781421509259e+03
-5.094338927821880134e+03
-5.103204800567918937e+03
-5.112712729246029994e+03
-5.122874083904862346e+03
-5.133697821517345801e+03
-5.145190007926962608e+03
-5.157353315278714945e+03
-5.170186494934184338e+03
-5.183683825871205045e+03
-5.197834538568087737e+03
-5.212622214371992413e+03
-5.228024160351967112e+03
-5.244010759636257717e+03
-5.260544797234191719e+03
-5.277580761342296682e+03
-5.295064120135090889e+03
-5.312930574040114152e+03
-5.331105283497404344e+03
-5.349502072203572425e+03
-5.368022605840024880e+03
-5.386555546285945638e+03
-5.404975681315393558e+03
-5.423143029779039352e+03
-5.440901922270261821e+03
-5.458080057275633408e+03
-5.474487532809956974e+03
-5.489915853535552742e+03
-5.504136913366155568e+03
-5.516901953555104228e+03
-5.527940496268063725e+03
-5.536959253640051429e+03
-5.543641012317110835e+03
-5.547643493482079066e+03
-5.020259723243905682e+03
-5.020473641991661680e+03
-5.021116292766850165e+03
-5.022190347530632607e+03
-5.023700220770501801e+03
-5.025652011328409571e+03
-5.028053420960281073e+03
-5.030913649626900224e+03
-5.034243267515790649e+03
-5.038054063794807917e+03
-5.042358872096574487e+03
-5.047171372734543183e+03
-5.052505871650132576e+03
-5.058377056091394479e+03
-5.064799727022520528e+03
-5.071788508265168275e+03
-5.079357532370780973e+03
-5.087520103224079321e+03
-5.096288335378233569e+03
-5.105672770120866517e+03
-5.115681968271713231e+03
-5.126322079711309925e+03
-5.137596389641172209e+03
-5.149504841575054343e+03
-5.162043537061699681e+03
-5.175204212138752155e+03
-5.188973690517865180e+03
-5.203333313501440898e+03
-5.218258346630174856e+03
-5.233717363062351069e+03
-5.249671603684036199e+03
-5.266074313950884971e+03
-5.282870057460992030e+03
-5.299994006259090384e+03
-5.317371207872204650e+03
-5.334915829076263435e+03
-5.352530376394355699e+03
-5.370104893325970806e+03
-5.387516134307719767e+03
-5.404626715405301184e+03
-5.421284241736684635e+03
-5.437320411626632449e+03
-5.452550097492488931e+03
-5.466770403461351634e+03
-5.479759699718336378e+03
-5.491276633586301614e+03
-5.501059117336773852e+03
-5.508823292732198752e+03
-5.514262472299421461e+03
-5.517046057334539000e+03
-5.013631276845618231e+03
-5.013847924851790594e+03
-5.014498650362895205e+03
-5.015585786881025342e+03
-5.017113186990709437e+03
-5.019086167480627410e+03
-5.021511432513872933e+03
-5.024396974846960802e+03
-5.027751955097315658e+03
-5.031586559059655883e+03
-5.035911833070933426e+03
-5.040739497423723151e+03
-5.046081737828814767e+03
-5.051950974925697665e+03
-5.058359611842439335e+03
-5.065319759803753186e+03
-5.072842941787848758e+03
-5.080939774232072523e+03
-5.089619626786885419e+03
-5.098890260118908373e+03
-5.108757441762360941e+03
-5.119224540019098640e+03
-5.130292095907563635e+03
-5.141957373160152201e+03
-5.154213886269410068e+03
-5.167050906582747302e+03
-5.180452946445935595e+03
-5.194399221395126006e+03
-5.208863090397682754e+03
-5.223811474141473809e+03
-5.239204251373101215e+03
-5.254993633284422685e+03
-5.271123515948140266e+03
-5.287528810801573854e+03
-5.304134753179640029e+03
-5.320856188895958439e+03
-5.337596838873008892e+03
-5.354248541820707942e+03
-5.370690474963753331e+03
-5.386788352817627128e+03
-5.402393604013125696e+03
-5.417342526169803023e+03
-5.431455418817772625e+03
-5.444535694368370969e+03
-5.456368967133439583e+03
-5.466722120393180376e+03
-5.475342351512756977e+03
-5.481956195107542953e+03
-5.486268524256972341e+03
-5.487961529767072534e+03
-5.006883552783900086e+03
-5.007103668917973664e+03
-5.007764681762212604e+03
-5.008868574370810165e+03
-5.010418617595110845e+03
-5.012419318724890218e+03
-5.014876349586391370e+03
-5.017796454096748676e+03
-5.021187335275138139e+03
-5.025057521710288711e+03
-5.029416213484784748e+03
-5.034273107555739443e+03
-5.039638202591996560e+03
-5.045521583268182439e+03
-5.051933184014942526e+03
-5.058882532225939030e+03
-5.066378470921436929e+03
-5.074428860868290030e+03
-5.083040262156629069e+03
-5.092217595233059910e+03
-5.101963781390320037e+03
-5.112279362713778937e+03
-5.123162101484052982e+03
-5.134606559036607905e+03
-5.146603654077626743e+03
-5.159140200456620732e+03
-5.172198424395479378e+03
-5.185755461174093398e+03
-5.199782831272610565e+03
-5.214245895970162564e+03
-5.229103292400170176e+03
-5.244306348062255893e+03
-5.259798474790655746e+03
-5.275514542179199452e+03
-5.291380230462839791e+03
-5.307311362855824882e+03
-5.323213217346232341e+03
-5.338979817947374613e+03
-5.354493205405347908e+03
-5.369622687363532350e+03
-5.384224067983423083e+03
-5.398138857022023331e+03
-5.411193458365949482e+03
-5.423198338021888958e+03
-5.433947171563773736e+03
-5.443215971036442170e+03
-5.450762191315854579e+03
-5.456323815925864437e+03
-5.459618422311627910e+03
-5.460342226569426202e+03
-5.000083450039611307e+03
-5.000307594843180595e+03
-5.000980573871948764e+03
-5.002104011450081998e+03
-5.003680583018062862e+03
-5.005713967482685803e+03
-5.008208780507412484e+03
-5.011170488742639463e+03
-5.014605304996054656e+03
-5.018520064343061676e+03
-5.022922081177282053e+03
-5.027818987201141681e+03
-5.033218550356403284e+03
-5.039128474694949546e+03
-5.045556181189617746e+03
-5.052508569484712098e+03
-5.059991760587306999e+03
-5.068010820497877830e+03
-5.076569464781507122e+03
-5.085669744078871190e+03
-5.095311710557477454e+03
-5.105493065302737705e+03
-5.116208786649543072e+03
-5.127450739453238384e+03
-5.139207265301309235e+03
-5.151462753664819502e+03
-5.164197193989878542e+03
-5.177385708729314501e+03
-5.190998067314352738e+03
-5.204998181066375764e+03
-5.219343579048647371e+03
-5.233984864858380206e+03
-5.248865154358449217e+03
-5.263919494349599518e+03
-5.279074262182367420e+03
-5.294246546309378573e+03
-5.309343507777387458e+03
-5.324261722659667612e+03
-5.338886505428385135e+03
-5.353091213266865452e+03
-5.366736531322178962e+03
-5.379669738897629941e+03
-5.391723956585385167e+03
-5.402717374339151320e+03
-5.412452460486854761e+03
-5.420715151683507429e+03
-5.427274023804072385e+03
-5.431879443776319931e+03
-5.434262702353951681e+03
-5.434135127829538760e+03
-4.993549291548178189e+03
-4.993777560201347114e+03
-4.994462791031653069e+03
-4.995606249885285251e+03
-4.997210017283829075e+03
-4.999276944591564643e+03
-5.001810592649323553e+03
-5.004815152875440617e+03
-5.008295350833377597e+03
-5.012256332266268146e+03
-5.016703531598339396e+03
-5.021642522903072859e+03
-5.027078853338496629e+03
-5.033017859048857645e+03
-5.039464463533684466e+03
-5.046422958483316506e+03
-5.053896767081361759e+03
-5.061888189774218517e+03
-5.070398132507122682e+03
-5.079425817427320908e+03
-5.088968476053968516e+03
-5.099021024914818554e+03
-5.109575723650001237e+03
-5.120621815582331692e+03
-5.132145150754775386e+03
-5.144127791434510982e+03
-5.156547600084079932e+03
-5.169377809799157149e+03
-5.182586577213392957e+03
-5.196136517869925228e+03
-5.209984224059830922e+03
-5.224079765127492465e+03
-5.238366170242653425e+03
-5.252778893639494527e+03
-5.267245262322408053e+03
-5.281683906238778945e+03
-5.296004170918499767e+03
-5.310105512580388677e+03
-5.323876875705413113e+03
-5.337196053076928365e+03
-5.349929028287493566e+03
-5.361929300712768963e+03
-5.373037192952187979e+03
-5.383079140736465888e+03
-5.391866965301985147e+03
-5.399197128232020077e+03
-5.404849968764820915e+03
-5.408588923568526297e+03
-5.410159728983017885e+03
-5.409289605728462448e+03
-4.987360508192059569e+03
-4.987592812320178382e+03
-4.988290031058168097e+03
-4.989453075478990286e+03
-4.991083437411318300e+03
-4.993183149500447144e+03
-4.995754729293047603e+03
-4.998801107346627759e+03
-5.002325539362876953e+03
-5.006331502345813533e+03
-5.010822574783602249e+03
-5.015802300855151771e+03
-5.021274038660755650e+03
-5.027240792477058676e+03
-5.033705029036351334e+03
-5.040668477830066877e+03
-5.048131915436580130e+03
-5.056094933873466289e+03
-5.064555692973706755e+03
-5.073510656786500476e+03
-5.082954314002177853e+03
-5.092878882401408191e+03
-5.103273997328793484e+03
-5.114126384190649333e+03
-5.125419514977062136e+03
-5.137133248808359895e+03
-5.149243456505650101e+03
-5.161721629185890379e+03
-5.174534470881002562e+03
-5.187643475181474969e+03
-5.201004485904133617e+03
-5.214567241784139696e+03
-5.228274905191479775e+03
-5.242063574871517631e+03
-5.255861782709970612e+03
-5.269589974522124976e+03
-5.283159974866248376e+03
-5.296474435881512363e+03
-5.309426270149897391e+03
-5.321898067582680596e+03
-5.333761496330957925e+03
-5.344876687720632617e+03
-5.355091605211553542e+03
-5.364241397381028946e+03
-5.372147734931573723e+03
-5.378618131722980252e+03
-5.383445249828635497e+03
-5.386406188616071631e+03
-5.387261757852004848e+03
-5.385755734831373957e+03
-4.981458156577873524e+03
-4.981694486763638452e+03
-4.982403666049579442e+03
-4.983586253427456541e+03
-4.985243156568695667e+03
-4.987375595852587139e+03
-4.989985054005295751e+03
-4.993073211350250858e+03
-4.996641866669730916e+03
-5.000692843677436031e+03
-5.005227883102679698e+03
-5.010248520385275697e+03
-5.015755948981824986e+03
-5.021750869283458087e+03
-5.028233323144124370e+03
-5.035202514020786111e+03
-5.042656612724329534e+03
-5.050592548781763071e+03
-5.059005787409800178e+03
-5.067890092099247340e+03
-5.077237272811155890e+03
-5.087036919783406120e+03
-5.097276122949237106e+03
-5.107939176966479863e+03
-5.119007271858064996e+03
-5.130458169263936725e+03
-5.142265864303870330e+03
-5.154400233051618670e+03
-5.166826665620296808e+03
-5.179505684858851964e+03
-5.192392550659770677e+03
-5.205436849877923123e+03
-5.218582071860755605e+03
-5.231765169589416473e+03
-5.244916106431340268e+03
-5.257957388503796210e+03
-5.270803582648793054e+03
-5.283360820019072889e+03
-5.295526285275320333e+03
-5.307187691394540707e+03
-5.318222740089741819e+03
-5.328498567840611940e+03
-5.337871177535531388e+03
-5.346184855724770387e+03
-5.353271575484761343e+03
-5.358950384893674709e+03
-5.363026781118191138e+03
-5.365292070111295288e+03
-5.365522711921524206e+03
-5.363479651613144597e+03
-4.975791999113873317e+03
-4.976032398644481873e+03
-4.976753669071826153e+03
-4.977956019514909713e+03
-4.979639777214009882e+03
-4.981805355593403874e+03
-4.984453209549303210e+03
-4.987583777962830027e+03
-4.991197413438406329e+03
-4.995294299266759481e+03
-4.999874353613376115e+03
-5.004937120932200742e+03
-5.010481650604056995e+03
-5.016506362800444549e+03
-5.023008901572606192e+03
-5.029985975165232048e+03
-5.037433183555824144e+03
-5.045344833218745407e+03
-5.053713739114689815e+03
-5.062531013905145301e+03
-5.071785844391896717e+03
-5.081465255181899920e+03
-5.091553859576929426e+03
-5.102033597688657210e+03
-5.112883461778732453e+03
-5.124079208823838599e+03
-5.135593060306198822e+03
-5.147393389228840533e+03
-5.159444394356226439e+03
-5.171705761679921125e+03
-5.184132313109341339e+03
-5.196673642387714608e+03
-5.209273738233126096e+03
-5.221870594704564610e+03
-5.234395808793276046e+03
-5.246774165239163267e+03
-5.258923208572231488e+03
-5.270752802379231071e+03
-5.282164675795488620e+03
-5.293051957221638986e+03
-5.303298695265696551e+03
-5.312779366910182034e+03
-5.321358372904249336e+03
-5.328889520381129842e+03
-5.335215492700557661e+03
-5.340167306516350436e+03
-5.343563756069109331e+03
-5.345210844704071860e+03
-5.344901203614028418e+03
-5.342413497807385284e+03
-4.970307903978859031e+03
-4.970552450998230597e+03
-4.971286047590564522e+03
-4.972508554791093047e+03
-4.974219722434105279e+03
-4.976419161315932797e+03
-4.979106304224011183e+03
-4.982280355830171175e+03
-4.985940231450096690e+03
-4.990084484667801917e+03
-4.994711223825221168e+03
-4.999818017377347132e+03
-5.005401788112613758e+03
-5.011458696238462835e+03
-5.017984011332333466e+03
-5.024971973157984394e+03
-5.032415641346886332e+03
-5.040306733945276392e+03
-5.048635454826129717e+03
-5.057390309966727727e+03
-5.066557912591322747e+03
-5.076122777179301011e+03
-5.086067102338422046e+03
-5.096370542543538249e+03
-5.107009968740527256e+03
-5.117959217815639022e+03
-5.129188830929786491e+03
-5.140665780718711176e+03
-5.152353187357954994e+03
-5.164210023493356857e+03
-5.176190808036866656e+03
-5.188245288827438344e+03
-5.200318114157569653e+03
-5.212348493164843603e+03
-5.224269845088958391e+03
-5.236009437393880944e+03
-5.247488012755496129e+03
-5.258619404914446022e+03
-5.269310143394217448e+03
-5.279459047084686972e+03
-5.288956806690825033e+03
-5.297685556046766578e+03
-5.305518432295166349e+03
-5.312319124931844271e+03
-5.317941413715771887e+03
-5.322228695444289770e+03
-5.325013499593717825e+03
-5.326116992825110174e+03
-5.325348472355551166e+03
-5.322504848194509577e+03
-4.964992358214258275e+03
-4.965241202019917182e+03
-4.965987572859864486e+03
-4.967230984268924658e+03
-4.968970609690052697e+03
-4.971205258801866876e+03
-4.973933344377254798e+03
-4.977152839672999107e+03
-4.980861226350069046e+03
-4.985055432925419154e+03
-4.989731763754498388e+03
-4.994885818544767972e+03
-5.000512402400328028e+03
-5.006605426397673000e+03
-5.013157798691980133e+03
-5.020161306155074271e+03
-5.027606486543728352e+03
-5.035482491199672950e+03
-5.043776938279883325e+03
-5.052475756518490016e+03
-5.061563019519362570e+03
-5.071020770579729287e+03
-5.080828838044999429e+03
-5.090964641194344040e+03
-5.101402986657462861e+03
-5.112115855362316324e+03
-5.123072180013795332e+03
-5.134237613103488002e+03
-5.145574285450438765e+03
-5.157040555272890742e+03
-5.168590747791067770e+03
-5.180174885360966073e+03
-5.191738408139075545e+03
-5.203221885278192531e+03
-5.214560716654292264e+03
-5.225684825124336385e+03
-5.236518339314960031e+03
-5.246979266942471440e+03
-5.256979158663646558e+03
-5.266422762457527824e+03
-5.275207668538348116e+03
-5.283223944799388846e+03
-5.290353762787856795e+03
-5.296471014210773319e+03
-5.301440917971888666e+03
-5.305119617739588648e+03
-5.307353770045812780e+03
-5.307980122915985703e+03
-5.306825085029982802e+03
-5.303704285414037258e+03
-4.959799143489090966e+03
-4.960052447699887125e+03
-4.960812083862619147e+03
-4.962077218677997735e+03
-4.963846450346694837e+03
-4.966117789118529799e+03
-4.968888630061311233e+03
-4.972155718049451025e+03
-4.975915104972170411e+03
-4.980162099161389051e+03
-4.984891207039308028e+03
-4.990096066985712241e+03
-4.995769375424893951e+03
-5.001902805132279354e+03
-5.008486915760779084e+03
-5.015511056586630730e+03
-5.022963261475261788e+03
-5.030830136066375417e+03
-5.039096737179227603e+03
-5.047746444437159880e+03
-5.056760824112000591e+03
-5.066119485188121871e+03
-5.075799927646234210e+03
-5.085777382966647565e+03
-5.096024646852483784e+03
-5.106511904172439245e+03
-5.117206546123098633e+03
-5.128072979611306437e+03
-5.139072428855643011e+03
-5.150162729208160272e+03
-5.161298113195442056e+03
-5.172428988779447536e+03
-5.183501709838013994e+03
-5.194458338865105361e+03
-5.205236401890524576e+03
-5.215768635619717315e+03
-5.225982726792779431e+03
-5.235801043763477537e+03
-5.245140360297757979e+03
-5.253911571592112523e+03
-5.262019402511414228e+03
-5.269362108046589128e+03
-5.275831165991930902e+03
-5.281310961842044890e+03
-5.285678465908502403e+03
-5.288802902656197148e+03
-5.290545412259376462e+03
-5.290758704377240974e+03
-5.289286704149418256e+03
-5.285964190410964875e+03
-4.954813415098829864e+03
-4.955071178917824909e+03
-4.955844079445858370e+03
-4.957130940852808635e+03
-4.958929793279236037e+03
-4.961237857622274532e+03
-4.964051524235814213e+03
-4.967366325545264772e+03
-4.971176902576648899e+03
-4.975476965399972869e+03
-4.980259247486997992e+03
-4.985515453983496627e+03
-4.991236203895721701e+03
-4.997410966191370790e+03
-5.004027989814883767e+03
-5.011074227617020370e+03
-5.018535254199066912e+03
-5.026395177671067358e+03
-5.034636545324748113e+03
-5.043240243220580851e+03
-5.052185389689358999e+03
-5.061449222748116881e+03
-5.071006981430417909e+03
-5.080831781030876300e+03
-5.090894482264376165e+03
-5.101163554339362236e+03
-5.111604931945582393e+03
-5.122181866156316573e+03
-5.132854769244869203e+03
-5.143581053415374299e+03
-5.154314963448232447e+03
-5.165007403259550301e+03
-5.175605756375286546e+03
-5.186053700319645941e+03
-5.196291014917741450e+03
-5.206253384512758203e+03
-5.215872194097488318e+03
-5.225074319360237496e+03
-5.233781910644988784e+03
-5.241912170826052716e+03
-5.249377127097113771e+03
-5.256083396674572214e+03
-5.261931946415250422e+03
-5.266817846348557396e+03
-5.270630017122991376e+03
-5.273250971366915110e+03
-5.274556548963940259e+03
-5.274415646242380717e+03
-5.272689939079305077e+03
-5.269233599918943582e+03
-4.950123518576901915e+03
-4.950385573285353530e+03
-4.951171234651887971e+03
-4.952478992199683489e+03
-4.954306321132841731e+03
-4.956649671334283994e+03
-4.959504451963236534e+03
-4.962865011651647364e+03
-4.966724614299955647e+03
-4.971075410472083604e+03
-4.975908404389643692e+03
-4.981213416525489265e+03
-4.986979041796183992e+03
-4.993192603354036692e+03
-4.999840101978209532e+03
-5.006906161065066954e+03
-5.014373967217745303e+03
-5.022225206434976826e+03
-5.030439995899116184e+03
-5.038996811363444067e+03
-5.047872410138668783e+03
-5.057041749678558517e+03
-5.066477901765014394e+03
-5.076151962292225107e+03
-5.086032956650032247e+03
-5.096087740706562727e+03
-5.106280897390254722e+03
-5.116574628870675042e+03
-5.126928644339112907e+03
-5.137300043388009726e+03
-5.147643194989725998e+03
-5.157909612074643519e+03
-5.168047821708286392e+03
-5.178003230867855564e+03
-5.187717987817954963e+03
-5.197130839085452862e+03
-5.206176982033686727e+03
-5.214787913035776000e+03
-5.222891271247342047e+03
-5.230410677978254171e+03
-5.237265571663705487e+03
-5.243371038434559523e+03
-5.248637638286848414e+03
-5.252971226850492712e+03
-5.256272772757350140e+03
-5.258438170608373184e+03
-5.259358049540030152e+03
-5.258917577390058796e+03
-5.256996260462284226e+03
-5.253467738890749388e+03
-4.945688142092193630e+03
-4.945954325246154440e+03
-4.946752262821199110e+03
-4.948080117792393139e+03
-4.949934823903759025e+03
-4.952312078846236545e+03
-4.955206334707508177e+03
-4.958610785692567333e+03
-4.962517353115806145e+03
-4.966916667664416309e+03
-4.971798048933045720e+03
-4.977149482229686328e+03
-4.982957592652851417e+03
-4.989207616440182392e+03
-4.995883369588053938e+03
-5.002967213742869717e+03
-5.010440019363217289e+03
-5.018281126153577134e+03
-5.026468300769265625e+03
-5.034977691792571022e+03
-5.043783781980392632e+03
-5.052859337782841976e+03
-5.062175356133381683e+03
-5.071701008510224710e+03
-5.081403582268905666e+03
-5.091248419246183403e+03
-5.101198851635285791e+03
-5.111216135132453928e+03
-5.121259379354563862e+03
-5.131285475528320603e+03
-5.141249021450558757e+03
-5.151102243719861690e+03
-5.160794917239499227e+03
-5.170274281991570206e+03
-5.179484957082649089e+03
-5.188368852060308200e+03
-5.196865075501399588e+03
-5.204909840871303459e+03
-5.212436369654519694e+03
-5.219374791756659761e+03
-5.225652043177607993e+03
-5.231191760955973223e+03
-5.235914175384917144e+03
-5.239735999499189347e+03
-5.242570315833413588e+03
-5.244326460451811727e+03
-5.244909904249006104e+03
-5.244222131522308700e+03
-5.242160515815142389e+03
-5.238618193031825285e+03
-4.941483491208617124e+03
-4.941753700541143189e+03
-4.942563609977427404e+03
-4.943911063297555302e+03
-4.945792465015078051e+03
-4.948202777697485544e+03
-4.951135518214332478e+03
-4.954582752913825971e+03
-4.958535091727264444e+03
-4.962981681201858919e+03
-4.967910196461388296e+03
-4.973306832094991478e+03
-4.979156291974279156e+03
-4.985441777998323232e+03
-4.992144977766753073e+03
-4.999246051181135044e+03
-5.006723615974268796e+03
-5.014554732167640395e+03
-5.022714885457049604e+03
-5.031177969526205743e+03
-5.039916267288525887e+03
-5.048900431057043534e+03
-5.058099461642336792e+03
-5.067480686378516111e+03
-5.077009736077593516e+03
-5.086650520911584863e+03
-5.096365205222988152e+03
-5.106114181263112187e+03
-5.115856041858900426e+03
-5.125547552007309605e+03
-5.135143619398331793e+03
-5.144597263865749483e+03
-5.153859585766168493e+03
-5.162879733286014016e+03
-5.171604868676820843e+03
-5.179980133418485821e+03
-5.187948612310565295e+03
-5.195451296491888570e+03
-5.202427045388048100e+03
-5.208812547587146582e+03
-5.214542280643524464e+03
-5.219548469809706148e+03
-5.223761045696366637e+03
-5.227107600860419552e+03
-5.229513345321207453e+03
-5.230901061004787152e+03
-5.231191055116336429e+03
-5.230301112440686666e+03
-5.228146446570822263e+03
-5.224639650064663329e+03
-4.937460385476390911e+03
-4.937734534207485922e+03
-4.938556157657241783e+03
-4.939922787878876079e+03
-4.941830312572741605e+03
-4.944272976504308645e+03
-4.947243383488787913e+03
-4.950732498943157225e+03
-4.954729653005196269e+03
-4.959222544219468546e+03
-4.964197243790655193e+03
-4.969638200403795963e+03
-4.975528245611736565e+03
-4.981848599789448599e+03
-4.988578878655786866e+03
-4.995697100362071978e+03
-5.003179693147888429e+03
-5.011001503563871665e+03
-5.019135805261778842e+03
-5.027554308351402142e+03
-5.036227169324793067e+03
-5.045123001547497552e+03
-5.054208886316761891e+03
-5.063450384487163319e+03
-5.072811548662923087e+03
-5.082254935957553243e+03
-5.091741621320667036e+03
-5.101231211431684642e+03
-5.110681859160672502e+03
-5.120050278596433600e+03
-5.129291760641512155e+03
-5.138360189174361949e+03
-5.147208057778630973e+03
-5.155786487039536041e+03
-5.164045242407211845e+03
-5.171932752627375521e+03
-5.179396128738897460e+03
-5.186381183638525727e+03
-5.192832452212693170e+03
-5.198693212036512705e+03
-5.203905504639732499e+03
-5.208410157339785655e+03
-5.212146805642094478e+03
-5.215053916207266411e+03
-5.217068810385555480e+03
-5.218127688318294531e+03
-5.218165653606429260e+03
-5.217116738546282249e+03
-5.214913929932230531e+03
-5.211489195426580409e+03
-4.933638498131507731e+03
-4.933916468912924756e+03
-4.934749457087734299e+03
-4.936134691238652522e+03
-4.938067555973767412e+03
-4.940541597381567954e+03
-4.943548530668458625e+03
-4.947078249977884298e+03
-4.951118840392045058e+03
-4.955656592115253261e+03
-4.960676016839626755e+03
-4.966159866292800871e+03
-4.972089152967748305e+03
-4.978443173034582287e+03
-4.985199531434584060e+03
-4.992334169156209100e+03
-4.999821392693228518e+03
-5.007633905684933779e+03
-5.015742842738412946e+03
-5.024117805433053945e+03
-5.032726900506711900e+03
-5.041536780224684662e+03
-5.050512684929843999e+03
-5.059618487775791436e+03
-5.068816741641395311e+03
-5.078068728227742213e+03
-5.087334509337088093e+03
-5.096572980333937267e+03
-5.105741925788129265e+03
-5.114798077300072691e+03
-5.123697173508016022e+03
-5.132394022277469958e+03
-5.140842565072643083e+03
-5.148995943510018151e+03
-5.156806568093895294e+03
-5.164226189134205924e+03
-5.171205969846309017e+03
-5.177696561632767953e+03
-5.183648181547415334e+03
-5.189010691941347432e+03
-5.193733682291097466e+03
-5.197766553208816731e+03
-5.201058602634585441e+03
-5.203559114210765983e+03
-5.205217447838516819e+03
-5.205983132416337867e+03
-5.205805960760605558e+03
-5.204636086708477706e+03
-5.202424124402464258e+03
-5.199121249757507030e+03
-4.930034447307176379e+03
-4.930316098028797569e+03
-4.931160027583769988e+03
-4.932563170025953696e+03
-4.934520421724303560e+03
-4.937024650781757373e+03
-4.940066710221452013e+03
-4.943635454940503223e+03
-4.947717762431289884e+03
-4.952298557270591118e+03
-4.957360839375554860e+03
-4.962885716027843046e+03
-4.968852437664854733e+03
-4.975238437438818437e+03
-4.982019374543009690e+03
-4.989169181305775965e+03
-4.996660114052033350e+03
-5.004462807732087640e+03
-5.012546334318234585e+03
-5.020878264968730946e+03
-5.029424735959212740e+03
-5.038150518381834445e+03
-5.047019091611750810e+03
-5.055992720541054041e+03
-5.065032536580605665e+03
-5.074098622428808994e+03
-5.083150100608416324e+03
-5.092145225770531397e+03
-5.101041480766287350e+03
-5.109795676485895456e+03
-5.118364055465454840e+03
-5.126702399260887432e+03
-5.134766139589846716e+03
-5.142510473240799001e+03
-5.149890480749676499e+03
-5.156861248844208603e+03
-5.163377996655646712e+03
-5.169396205697939877e+03
-5.174871753614563204e+03
-5.179761051692791625e+03
-5.184021186145465435e+03
-5.187610063160316713e+03
-5.190486557716851166e+03
-5.192610666170569857e+03
-5.193943662604925521e+03
-5.194448258950638774e+03
-5.194088768872577930e+03
-5.192831275424213345e+03
-5.190643802469451657e+03
-5.187496489872110942e+03
-4.926640914999710731e+03
-4.926926044012684542e+03
-4.927780313519970150e+03
-4.929200373584704721e+03
-4.931180649838134741e+03
-4.933713356768964331e+03
-4.936788516328101650e+03
-4.940393981849292686e+03
-4.944515467285394152e+03
-4.949136581760151785e+03
-4.954238869435927882e+03
-4.959801854696912415e+03
-4.965803092648050551e+03
-4.972218224929661119e+03
-4.979021040847914264e+03
-4.986183543820576233e+03
-4.993676023138802520e+03
-5.001467131044515554e+03
-5.009523965123344169e+03
-5.017812156013358617e+03
-5.026295960429493789e+03
-5.034938359503486936e+03
-5.043701162439876498e+03
-5.052545115487074327e+03
-5.061430016224696374e+03
-5.070314833166352400e+03
-5.079157830677958373e+03
-5.087916699211927153e+03
-5.096548690857077418e+03
-5.105010760203988866e+03
-5.113259710526287563e+03
-5.121252345277418499e+03
-5.128945624903165481e+03
-5.136296828969953822e+03
-5.143263723608677537e+03
-5.149804734274240218e+03
-5.155879123820832319e+03
-5.161447175892919404e+03
-5.166470383631661207e+03
-5.170911643697429099e+03
-5.174735455607606127e+03
-5.177908126390262623e+03
-5.180397980553520938e+03
-5.182175575370491970e+03
-5.183213921480007230e+03
-5.183488708802951805e+03
-5.182978537774257347e+03
-5.181665155890716960e+03
-5.179533699574289130e+03
-5.176572941351216286e+03
-4.923523131973116506e+03
-4.923811425913974745e+03
-4.924675099685584428e+03
-4.926110532541868452e+03
-4.928111701260871087e+03
-4.930670197177494629e+03
-4.933775250028927985e+03
-4.937413758613334721e+03
-4.941570328261366740e+03
-4.946227315120754611e+03
-4.951364877254066414e+03
-4.956961032549134870e+03
-4.962991723442825787e+03
-4.969430888457773108e+03
-4.976250540551873200e+03
-4.983420852281210500e+03
-4.990910247775579592e+03
-4.998685501527343149e+03
-5.006711843993134607e+03
-5.014953074008612020e+03
-5.023371678016288570e+03
-5.031928956106247824e+03
-5.040585154870026599e+03
-5.049299607067474426e+03
-5.058030878106437740e+03
-5.066736919335859966e+03
-5.075375228151443480e+03
-5.083903014914656524e+03
-5.092277376684570299e+03
-5.100455477762966439e+03
-5.108394737051977245e+03
-5.116053022225325549e+03
-5.123388850712158273e+03
-5.130361597494011221e+03
-5.136931709714930548e+03
-5.143060928104405320e+03
-5.148712515213406732e+03
-5.153851490463516711e+03
-5.158444872008929451e+03
-5.162461925411512311e+03
-5.165874419129025227e+03
-5.168656886816111182e+03
-5.170786896438515214e+03
-5.172245326200194540e+03
-5.173016647283500788e+03
-5.173089213402370660e+03
-5.172455557168482301e+03
-5.171112693270556520e+03
-5.169062428466465462e+03
-5.166311678388603468e+03
-4.920675195223623632e+03
-4.920966282839073756e+03
-4.921838252012032171e+03
-4.923287225848678645e+03
-4.925306756614046208e+03
-4.927887846364069446e+03
-4.931018975830379532e+03
-4.934686141558076997e+03
-4.938872901296141208e+03
-4.943560427640783018e+03
-4.948727569931598737e+03
-4.954350924400466283e+03
-4.960404912573423644e+03
-4.966861867925088518e+03
-4.973692130786225789e+03
-4.980864151503868925e+03
-4.988344601854421853e+03
-4.996098494709427541e+03
-5.004089311954369805e+03
-5.012279140660051780e+03
-5.020628817506954874e+03
-5.029098081462432674e+03
-5.037645734710508805e+03
-5.046229811834787142e+03
-5.054807757253936870e+03
-5.063336610910131640e+03
-5.071773202210286399e+03
-5.080074352220084620e+03
-5.088197084110764990e+03
-5.096098841858889500e+03
-5.103737717198773680e+03
-5.111072684827823650e+03
-5.118063845864624454e+03
-5.124672679559958851e+03
-5.130862303260436420e+03
-5.136597740625184088e+03
-5.141846198095243381e+03
-5.146577349615696221e+03
-5.150763629610786666e+03
-5.154380534211695704e+03
-5.157406930737284711e+03
-5.159825375427516519e+03
-5.161622439429776023e+03
-5.162789043038013915e+03
-5.163320798184653540e+03
-5.163218359185373629e+03
-5.162487781736686884e+03
-5.161140890166239842e+03
-5.159195652936196893e+03
-5.156676566399089097e+03
-4.918060822543709946e+03
-4.918354410811629350e+03
-4.919233800688307383e+03
-4.920694872211861366e+03
-4.922730774843190375e+03
-4.925331951561932328e+03
-4.928486172600911232e+03
-4.932178578819061840e+03
-4.936391734712518883e+03
-4.941105691064424718e+03
-4.946298057232867905e+03
-4.951944083077478354e+03
-4.958016750524148847e+03
-4.964486874768370399e+03
-4.971323215117113250e+03
-4.978492595468598665e+03
-4.985960034431055647e+03
-4.993688885079578540e+03
-5.001640984351387488e+03
-5.009776812079611773e+03
-5.018055659665421445e+03
-5.026435808388641817e+03
-5.034874717356578003e+03
-5.043329221091458749e+03
-5.051755736756261285e+03
-5.060110481018735300e+03
-5.068349696554193542e+03
-5.076429888186335120e+03
-5.084308068666758118e+03
-5.091942014092713180e+03
-5.099290528963344514e+03
-5.106313720874374667e+03
-5.112973284851017524e+03
-5.119232797319527890e+03
-5.125058019717056595e+03
-5.130417211739842060e+03
-5.135281454229905648e+03
-5.139624981700191711e+03
-5.143425524497961305e+03
-5.146664660606738835e+03
-5.149328177086617870e+03
-5.151406441152944353e+03
-5.152894780893441748e+03
-5.153793875623766326e+03
-5.154110155881385253e+03
-5.153856213057973036e+03
-5.153051218670168055e+03
-5.151721353268611892e+03
-5.149900244985721656e+03
-5.147629417721470418e+03
-4.915641572702466874e+03
-4.915937450107932818e+03
-4.916823630000679259e+03
-4.918295760896129650e+03
-4.920346608607830603e+03
-4.922966083679231815e+03
-4.926141279788151223e+03
-4.929856523124042724e+03
-4.934093432737772673e+03
-4.938830991864411772e+03
-4.944045630218335646e+03
-4.949711317261495424e+03
-4.955799666443960632e+03
-4.962280050417560233e+03
-4.969119727221878748e+03
-4.976283977443178628e+03
-4.983736252346127912e+03
-4.991438332977861137e+03
-4.999350500245169314e+03
-5.007431715964125942e+03
-5.015639814882513747e+03
-5.023931707675006692e+03
-5.032263594911011751e+03
-5.040591191995134977e+03
-5.048869965080564725e+03
-5.057055377954972755e+03
-5.065103149899223354e+03
-5.072969524518756771e+03
-5.080611549547726099e+03
-5.087987367625800289e+03
-5.095056518047625104e+03
-5.101780249485126660e+03
-5.108121843682505641e+03
-5.114046950123738497e+03
-5.119523931673105835e+03
-5.124524221188162301e+03
-5.129022689105531754e+03
-5.132998021999468619e+03
-5.136433112113010793e+03
-5.139315457861874165e+03
-5.141637575311122418e+03
-5.143397420624513870e+03
-5.144598823486471701e+03
-5.145251931496924044e+03
-5.145373665538724708e+03
-5.144988186117819168e+03
-5.144127370676155806e+03
-5.142831301877305123e+03
-5.141148766864665049e+03
-5.139137767492603416e+03
-4.913400451115220676e+03
-4.913698367849026909e+03
-4.914590592548220229e+03
-4.916072554831350317e+03
-4.918136657813623060e+03
-4.920772308733414320e+03
-4.923965961829235312e+03
-4.927701173467225999e+03
-4.931958669519592149e+03
-4.936716424993093824e+03
-4.941949755908580300e+03
-4.947631423430701943e+03
-4.953731750248592107e+03
-4.960218749206843313e+03
-4.967058264187122404e+03
-4.974214123240488334e+03
-4.981648303970056986e+03
-4.989321111164479589e+03
-4.997191366681856380e+03
-5.005216611584305610e+03
-5.013353320523037837e+03
-5.021557128374044623e+03
-5.029783069124361646e+03
-5.037985827008918932e+03
-5.046119999898002789e+03
-5.054140374935172986e+03
-5.062002216425880761e+03
-5.069661565976647580e+03
-5.077075554884751909e+03
-5.084202728778532219e+03
-5.091003384508390809e+03
-5.097439919288041892e+03
-5.103477192086749710e+03
-5.109082897271856382e+03
-5.114227950502006934e+03
-5.118886886870895069e+03
-5.123038271301657915e+03
-5.126665121191766957e+03
-5.129755341308542484e+03
-5.132302170935302456e+03
-5.134304643267920255e+03
-5.135768057062135085e+03
-5.136704460531366749e+03
-5.137133147495083904e+03
-5.137081165777809474e+03
-5.136583837858644983e+03
-5.135685293771413853e+03
-5.134439016255379101e+03
-5.132908398156511794e+03
-5.131167312079360272e+03
-4.911387262058215128e+03
-4.911686884430660029e+03
-4.912584157707593477e+03
-4.914074307099241196e+03
-4.916149397060421506e+03
-4.918798364947182563e+03
-4.922007068136226735e+03
-4.925758344606812898e+03
-4.930032086985508613e+03
-4.934805330053462967e+03
-4.940052351716441990e+03
-4.945744787437613013e+03
-4.951851758132670511e+03
-4.958340011528013747e+03
-4.965174076981389589e+03
-4.972316433765244255e+03
-4.979727692812681198e+03
-4.987366791926208862e+03
-4.995191204449076395e+03
-5.003157161399276447e+03
-5.011219887066244155e+03
-5.019333848070233216e+03
-5.027453015884266279e+03
-5.035531142818889748e+03
-5.043522051469547478e+03
-5.051379937626525134e+03
-5.059059686647718081e+03
-5.066517203293948114e+03
-5.073709755027048232e+03
-5.080596328770449873e+03
-5.087138001132686441e+03
-5.093298322093348361e+03
-5.099043712151749787e+03
-5.104343872938366985e+03
-5.109172211288828294e+03
-5.113506276780690314e+03
-5.117328212732678367e+03
-5.120625220666856876e+03
-5.123390038233241285e+03
-5.125621430597229846e+03
-5.127324695289652482e+03
-5.128512180519423055e+03
-5.129203816948950589e+03
-5.129427662932196654e+03
-5.129220463215392556e+03
-5.128628221100386327e+03
-5.127706784070706817e+03
-5.126522442880315793e+03
-5.125152544104926164e+03
-5.123686116156117350e+03
-4.909596360598120555e+03
-4.909897303261518573e+03
-4.910798474343239832e+03
-4.912294910419364896e+03
-4.914378363455956787e+03
-4.917037337317487072e+03
-4.920257138879040212e+03
-4.924019943741736824e+03
-4.928304876551796042e+03
-4.933088105922955947e+03
-4.938342953962308457e+03
-4.944040020399646892e+03
-4.950147321320306219e+03
-4.956630442501361358e+03
-4.963452707351281788e+03
-4.970575359453026067e+03
-4.977957759710858227e+03
-4.985557598100127507e+03
-4.993331120020857270e+03
-5.001233367254672885e+03
-5.009218433525268665e+03
-5.017239734662097362e+03
-5.025250293367847007e+03
-5.033203038589040261e+03
-5.041051119490251949e+03
-5.048748234031832908e+03
-5.056248972150954614e+03
-5.063509173546130114e+03
-5.070486300065273099e+03
-5.077139822697078671e+03
-5.083431623165979545e+03
-5.089326410130526710e+03
-5.094792149985068136e+03
-5.099800512265139332e+03
-5.104327329656057373e+03
-5.108353072605193120e+03
-5.111863338537451455e+03
-5.114849355674426988e+03
-5.117308501456859631e+03
-5.119244835570608302e+03
-5.120669647576038187e+03
-5.121602019140964330e+03
-5.122069400876853251e+03
-5.122108203778660027e+03
-5.121764405267997972e+03
-5.121094169839857386e+03
-5.120164484312647801e+03
-5.119053807681832041e+03
-5.117852735576923806e+03
-5.116664679321920630e+03
-4.908013717944468226e+03
-4.908315588246897278e+03
-4.909219484518471290e+03
-4.910720270688241726e+03
-4.912809412756325401e+03
-4.915475017972149544e+03
-4.918701889683496120e+03
-4.922471597857159395e+03
-4.926762565270341838e+03
-4.931550169373526842e+03
-4.936806859824934691e+03
-4.942502291694055202e+03
-4.948603474340566208e+03
-4.955074935959879440e+03
-4.961878903803089997e+03
-4.968975500066220775e+03
-4.976322953452027832e+03
-4.983877826402266692e+03
-4.991595258000918875e+03
-4.999429222549593760e+03
-5.007332803812952079e+03
-5.015258484936678542e+03
-5.023158454034672104e+03
-5.030984925449999537e+03
-5.038690476684904752e+03
-5.046228401002810642e+03
-5.053553075701931448e+03
-5.060620346059667099e+03
-5.067387924947550346e+03
-5.073815808118782115e+03
-5.079866705166101383e+03
-5.085506486150830824e+03
-5.090704643903291071e+03
-5.095434771994348921e+03
-5.099675058378611539e+03
-5.103408794707914240e+03
-5.106624901317154581e+03
-5.109318467880025310e+03
-5.111491309737085430e+03
-5.113152539894427719e+03
-5.114319156693793047e+03
-5.115016647153581289e+03
-5.115279605981488203e+03
-5.115152370258084375e+03
-5.114689669791427150e+03
-5.113957293143362222e+03
-5.113032769326526250e+03
-5.112006065172929084e+03
-5.110980298373448022e+03
-5.110072466188715225e+03
-4.906792397736447128e+03
-4.907094852765068936e+03
-4.908000450207377980e+03
-4.909503895465306414e+03
-4.911596391985692208e+03
-4.914265682925230067e+03
-4.917496109481759049e+03
-4.921268685892026042e+03
-4.925561191093960588e+03
-4.930348277057139057e+03
-4.935601593777562812e+03
-4.941289930940130944e+03
-4.947379376245200547e+03
-4.953833490402888856e+03
-4.960613498792213250e+03
-4.967678499788473346e+03
-4.974985689753002589e+03
-4.982490604692441593e+03
-4.990147378582929377e+03
-4.997909018359105175e+03
-5.005727695571175900e+03
-5.013555054706619558e+03
-5.021342538178918403e+03
-5.029041727981637450e+03
-5.036604704008452245e+03
-5.043984419040672947e+03
-5.051135090398510329e+03
-5.058012608260471097e+03
-5.064574960648058550e+03
-5.070782675076226951e+03
-5.076599276869962523e+03
-5.081991764147855974e+03
-5.086931099470192748e+03
-5.091392718154954309e+03
-5.095357053257657753e+03
-5.098810077219543018e+03
-5.101743860180237789e+03
-5.104157144957130186e+03
-5.106055938690721632e+03
-5.107454121156004476e+03
-5.108374069739848892e+03
-5.108847301084599167e+03
-5.108915129397723831e+03
-5.108629341427187683e+03
-5.108052888103597070e+03
-5.107260592847675071e+03
-5.106339876544075196e+03
-5.105391499181575455e+03
-5.104530318158786940e+03
-5.103886063256348280e+03
-4.905716165140051999e+03
-4.906018775697995807e+03
-4.906924792474157584e+03
-4.908428779567155289e+03
-4.910521706445946620e+03
-4.913190991908431897e+03
-4.916420565619479930e+03
-4.920190947236509601e+03
-4.924479343114330732e+03
-4.929259760594954969e+03
-4.934503139879298942e+03
-4.940177503482383145e+03
-4.946248123271294389e+03
-4.952677705086467540e+03
-4.959426590945166936e+03
-4.966452978828080632e+03
-4.973713160050034276e+03
-4.981161774212100681e+03
-4.988752081737024128e+03
-4.996436253988577846e+03
-5.004165680972628252e+03
-5.011891296621943184e+03
-5.019563921663217116e+03
-5.027134624068227822e+03
-5.034555097086516980e+03
-5.041778054861998498e+03
-5.048757645632543245e+03
-5.055449882511323267e+03
-5.061813091853102378e+03
-5.067808379201394018e+03
-5.073400112819954302e+03
-5.078556424806766699e+03
-5.083249729790970378e+03
-5.087457261212624871e+03
-5.091161625185848607e+03
-5.094351371944340826e+03
-5.097021584870188235e+03
-5.099174487105738081e+03
-5.100820065747867375e+03
-5.101976713625936100e+03
-5.102671888662088350e+03
-5.102942790814964610e+03
-5.102837056605823818e+03
-5.102413471228187518e+03
-5.101742698239955644e+03
-5.100908026838827027e+03
-5.100006136720488030e+03
-5.099147880519688442e+03
-5.098459083834481135e+03
-5.098081362833197090e+03
-4.904783243500302888e+03
-4.905085574118645127e+03
-4.905990709632555081e+03
-4.907493090228364053e+03
-4.909583480249669265e+03
-4.912249014247341620e+03
-4.915473261448650192e+03
-4.919236308646918587e+03
-4.923514861511297568e+03
-4.928282364314938604e+03
-4.933509138085290033e+03
-4.939162537172298471e+03
-4.945207124237464996e+03
-4.951604863662621028e+03
-4.958315333378216565e+03
-4.965295955113077071e+03
-4.972502243060505862e+03
-4.979888070968746433e+03
-4.987405957647974901e+03
-4.995007370898502813e+03
-5.002643049858669656e+03
-5.010263345772933462e+03
-5.017818581178917157e+03
-5.025259427515573407e+03
-5.032537301150015082e+03
-5.039604777825298697e+03
-5.046416025527403690e+03
-5.052927255772029639e+03
-5.059097193312098170e+03
-5.064887564263815875e+03
-5.070263602654068563e+03
-5.075194575386657561e+03
-5.079654325628690458e+03
-5.083621834617068998e+03
-5.087081801884541164e+03
-5.090025243905804928e+03
-5.092450111163759175e+03
-5.094361923634903178e+03
-5.095774424695422567e+03
-5.096710253446604838e+03
-5.097201635460439320e+03
-5.097291091944704931e+03
-5.097032167328639844e+03
-5.096490175267693303e+03
-5.095742963068820245e+03
-5.094881694535109091e+03
-5.094011651230644020e+03
-5.093253052165247027e+03
-5.092741891898840549e+03
-5.092630797065899060e+03
-4.903915594033752313e+03
-4.904217175767829758e+03
-4.905120029379670996e+03
-4.906618489688217778e+03
-4.908703146679661586e+03
-4.911360893443807072e+03
-4.914574993282727519e+03
-4.918325165991920585e+03
-4.922587693316728291e+03
-4.927335543584030347e+03
-4.932538515503846611e+03
-4.938163401148568482e+03
-4.944174168104455930e+03
-4.950532160796519747e+03
-4.957196320988756270e+03
-4.964123427456265745e+03
-4.971268354833616286e+03
-4.978584351634168343e+03
-4.986023337446658843e+03
-4.993536219302314748e+03
-5.001073227217938438e+03
-5.008584268912831249e+03
-5.016019303697602481e+03
-5.023328735539619629e+03
-5.030463825300180361e+03
-5.037377122146321199e+03
-5.044022914136809050e+03
-5.050357697981247838e+03
-5.056340667973319796e+03
-5.061934224098694358e+03
-5.067104499315204521e+03
-5.071821906008235601e+03
-5.076061701619702944e+03
-5.079804573449785494e+03
-5.083037242634634822e+03
-5.085753087295663136e+03
-5.087952784864267414e+03
-5.089644973579735051e+03
-5.090846933161159541e+03
-5.091585284653216149e+03
-5.091896709445788474e+03
-5.091828687467326745e+03
-5.091440254552408987e+03
-5.090802778982701966e+03
-5.090000757202113164e+03
-5.089132628705659954e+03
-5.088311610102227860e+03
-5.087666548351239726e+03
-5.087342793173021164e+03
-5.087503088633188781e+03
