3.813283063427616071e+03
3.813930875725509395e+03
3.815874312606774765e+03
3.819113374034350272e+03
3.823648059946208377e+03
3.829478370255674236e+03
3.836604304851334746e+03
3.845025863596902127e+03
3.854743046331464029e+03
3.865755852869187947e+03
3.878064282999525858e+03
3.891668336487214219e+03
3.906568013072160284e+03
3.922763312469510311e+03
3.940254234369672304e+03
3.959040778438202324e+03
3.979122944316031862e+03
4.000500731619240469e+03
4.023174139939033012e+03
4.047143168842080740e+03
4.072407817870089275e+03
4.098968086540048716e+03
4.126823974344233648e+03
4.155975480750112183e+03
4.186422605200323233e+03
4.218165347112858399e+03
4.251203705880857342e+03
4.285537680872675992e+03
4.321167271431977497e+03
4.358092476877573063e+03
4.396313296503626589e+03
4.435829729579359082e+03
4.476641775349344243e+03
4.518749433033349305e+03
4.562152701826425982e+03
4.606851580898774046e+03
4.652846069395877748e+03
4.700136166438369401e+03
4.748721871122324956e+03
4.798603182518672838e+03
4.849780099674080702e+03
4.902252621610023198e+03
4.956020747323327669e+03
5.011084475786174153e+03
5.067443805945731583e+03
5.125098736724703485e+03
5.184049267020736806e+03
5.244295395707013085e+03
5.305837121631611808e+03
5.368674443618056102e+03
3.869146254445558952e+03
3.869803556810143164e+03
3.871775463891117397e+03
3.875061975649509804e+03
3.879663092020587101e+03
3.885578812913672664e+03
3.892809138212146536e+03
3.901354067773513634e+03
3.911213601429426490e+03
3.922387738985503347e+03
3.934876480221532802e+03
3.948679824891382850e+03
3.963797772723000890e+03
3.980230323418481930e+03
3.997977476653932172e+03
4.017039232079514477e+03
4.037415589319653009e+03
4.059106547972737644e+03
4.082112107611237661e+03
4.106432267781747214e+03
4.132067028005008069e+03
4.159016387775727708e+03
4.187280346562806699e+03
4.216858903809202275e+03
4.247752058931951069e+03
4.279959811322237329e+03
4.313482160345233751e+03
4.348319105340306123e+03
4.384470645620831419e+03
4.421936780474334228e+03
4.460717509162441274e+03
4.500812830920767738e+03
4.542222744959167358e+03
4.584947250461482327e+03
4.628986346585656975e+03
4.674340032463760508e+03
4.721008307201896059e+03
4.768991169880337111e+03
4.818288619553459284e+03
4.868900655249581177e+03
4.920827275971259951e+03
4.974068480695041217e+03
5.028624268371686412e+03
5.084494637926036376e+03
5.141679588256738498e+03
5.200179118236974318e+03
5.259993226713686454e+03
5.321121912508078822e+03
5.383565174415343790e+03
5.447323011204798604e+03
3.925813870227966618e+03
3.926480799259229570e+03
3.928481586339512432e+03
3.931816231428092578e+03
3.936484734457235390e+03
3.942487095332103308e+03
3.949823313930755830e+03
3.958493390104126775e+03
3.968497323676069755e+03
3.979835114443289967e+03
3.992506762175435142e+03
4.006512266615072804e+03
4.021851627477599322e+03
4.038524844451444551e+03
4.056531917197730763e+03
4.075872845350659190e+03
4.096547628517237172e+03
4.118556266277391842e+03
4.141898758183970131e+03
4.166575103762738763e+03
4.192585302512247836e+03
4.219929353904103664e+03
4.248607257382695934e+03
4.278619012365356866e+03
4.309964618242270262e+03
4.342644074376585195e+03
4.376657380104393269e+03
4.412004534734501249e+03
4.448685537548840330e+03
4.486700387802034129e+03
4.526049084721762483e+03
4.566731627508511338e+03
4.608748015335754644e+03
4.652098247349704252e+03
4.696782322669650966e+03
4.742800240387646227e+03
4.790151999568843166e+03
4.838837599251019128e+03
4.888857038444939462e+03
4.940210316134471213e+03
4.992897431276060161e+03
5.046918382799367464e+03
5.102273169606633019e+03
5.158961790573448525e+03
5.216984244547666094e+03
5.276340530350489644e+03
5.337030646776111098e+03
5.399054592591164692e+03
5.462412366535590991e+03
5.527103967322091194e+03
3.983295884719609603e+03
3.983972578731345493e+03
3.986002660752319571e+03
3.989386130740035696e+03
3.994122988623621495e+03
4.000213234303896570e+03
4.007656867653213340e+03
4.016453888515707149e+03
4.026604296707114372e+03
4.038108092014840622e+03
4.050965274197915278e+03
4.065175842986991483e+03
4.080739798084437098e+03
4.097657139164266482e+03
4.115927865872140501e+03
4.135551977825343783e+03
4.156529474612807462e+03
4.178860355795177384e+03
4.202544620904677686e+03
4.227582269445247221e+03
4.253973300892357656e+03
4.281717714693377275e+03
4.310815510267048012e+03
4.341266687003917468e+03
4.373071244266179747e+03
4.406229181387629978e+03
4.440740497673732534e+03
4.476605192401666500e+03
4.513823264820098302e+03
4.552394714149568244e+03
4.592319539582103971e+03
4.633597740281470578e+03
4.676229315383011453e+03
4.720214263993761961e+03
4.765552585192472179e+03
4.812244278029402267e+03
4.860289341526595308e+03
4.909687774677649941e+03
4.960439576447924992e+03
5.012544745774312105e+03
5.066003281565463112e+03
5.120815182701517188e+03
5.176980448034555593e+03
5.234499076387965033e+03
5.293371066557074300e+03
5.353596417308699529e+03
5.415175127381280618e+03
5.478107195485108605e+03
5.542392620301961870e+03
5.608031400485197082e+03
4.041602317263823352e+03
4.042288916293432521e+03
4.044348713367412529e+03
4.047781708441289084e+03
4.052587901440870155e+03
4.058767292262473347e+03
4.066319880772607576e+03
4.075245666808223177e+03
4.085544650176530013e+03
4.097216830655202102e+03
4.110262207992104777e+03
4.124680781905590266e+03
4.140472552084338531e+03
4.157637518187311798e+03
4.176175679843845501e+03
4.196087036653671021e+03
4.217371588186802001e+03
4.240029333983670767e+03
4.264060273554969172e+03
4.289464406381785011e+03
4.316241731915579294e+03
4.344392249578140763e+03
4.373915958761563161e+03
4.404812858828313438e+03
4.437082949111231756e+03
4.470726228913508749e+03
4.505742697508640049e+03
4.542132354140539974e+03
4.579895198023359626e+03
4.619031228341714268e+03
4.659540444250433211e+03
4.701422844874900875e+03
4.744678429310647516e+03
4.789307196623599339e+03
4.835309145850123969e+03
4.882684275996825818e+03
4.931432586040682509e+03
4.981554074929135822e+03
5.033048741579796115e+03
5.085916584880669689e+03
5.140157603690295218e+03
5.195771796837198053e+03
5.252759163120617814e+03
5.311119701310008168e+03
5.370853410145036833e+03
5.431960288335812947e+03
5.494440334562978023e+03
5.558293547477205720e+03
5.623519925699656596e+03
5.690119467821978105e+03
4.100743228365126924e+03
4.101439874182756284e+03
4.103529811620046530e+03
4.107013040630545220e+03
4.111889561136672455e+03
4.118159373029857306e+03
4.125822476170560549e+03
4.134878870388183714e+03
4.145328555481091826e+03
4.157171531216727089e+03
4.170407797331358779e+03
4.185037353530424298e+03
4.201060199488210856e+03
4.218476334848014631e+03
4.237285759222186243e+03
4.257488472191926121e+03
4.279084473307557346e+03
4.302073762088321018e+03
4.326456338022421733e+03
4.352232200567095788e+03
4.379401349148520239e+03
4.407963783161926585e+03
4.437919501971418867e+03
4.469268504910201045e+03
4.502010791280349622e+03
4.536146360353041018e+03
4.571675211368346936e+03
4.608597343535348045e+03
4.646912756032088510e+03
4.686621448005666934e+03
4.727723418572099945e+03
4.770218666816390396e+03
4.814107191792572848e+03
4.859388992523622619e+03
4.906064068001478518e+03
4.954132417187156534e+03
5.003594039010522465e+03
5.054448932370587499e+03
5.106697096135167158e+03
5.160338529141154140e+03
5.215373230194518328e+03
5.271801198070033934e+03
5.329622431511506875e+03
5.388836929231820250e+03
5.449444689912797912e+03
5.511445712205204472e+03
5.574839994728836245e+03
5.639627536072339353e+03
5.705808334793664471e+03
5.773382389419339233e+03
4.160728997896831061e+03
4.161435834053395411e+03
4.163556342506785768e+03
4.167090523208435116e+03
4.172038376077125577e+03
4.178399900999420424e+03
4.186175097829232072e+03
4.195363966388185872e+03
4.205966506465347265e+03
4.217982717817449156e+03
4.231412600168710014e+03
4.246256153210902085e+03
4.262513376603396864e+03
4.280184269973096889e+03
4.299268832914435734e+03
4.319767064989491701e+03
4.341678965727783179e+03
4.365004534626496024e+03
4.389743771150301654e+03
4.415896674731379790e+03
4.443463244769645826e+03
4.472443480632455248e+03
4.502837381654603632e+03
4.534644947138735915e+03
4.567866176354755225e+03
4.602501068540345841e+03
4.638549622900541181e+03
4.676011838608178550e+03
4.714887714803421659e+03
4.755177250594147154e+03
4.796880445055694508e+03
4.839997297231047924e+03
4.884527806130608951e+03
4.930471970732514819e+03
4.977829789982297370e+03
5.026601262793246860e+03
5.076786388045911735e+03
5.128385164588689804e+03
5.181397591237328015e+03
5.235823666775331731e+03
5.291663389953509977e+03
5.348916759490430195e+03
5.407583774072190863e+03
5.467664432352376025e+03
5.529158732952146238e+03
5.592066674460238573e+03
5.656388255432966616e+03
5.722123474394129516e+03
5.789272329835239361e+03
5.857834820215157379e+03
4.221571274495408943e+03
4.222288446503898740e+03
4.224439962512360580e+03
4.228025822469976447e+03
4.233046026291845010e+03
4.239500573859231736e+03
4.247389465019364252e+03
4.256712699585659720e+03
4.267470277337520201e+03
4.279662198020446340e+03
4.293288461345946416e+03
4.308349066991718246e+03
4.324844014601353592e+03
4.342773303784656491e+03
4.362136934117438614e+03
4.382934905141564741e+03
4.405167216364975502e+03
4.428833867261687374e+03
4.453934857271747205e+03
4.480470185801300431e+03
4.508439852222568334e+03
4.537843855873848042e+03
4.568682196059421585e+03
4.600954872049646838e+03
4.634661883081093947e+03
4.669803228356204272e+03
4.706378907043585968e+03
4.744388918277923040e+03
4.783833261159952599e+03
4.824711934756419396e+03
4.867024938100144027e+03
4.910772270190136624e+03
4.955953929991301266e+03
5.002569916434777042e+03
5.050620228417574253e+03
5.100104864802915472e+03
5.151023824419962693e+03
5.203377106064272084e+03
5.257164708496929961e+03
5.312386630445462288e+03
5.369042870603425399e+03
5.427133427630406004e+03
5.486658300151884760e+03
5.547617486759736494e+03
5.610010986011639034e+03
5.673838796431437004e+03
5.739100916508959926e+03
5.805797344700249596e+03
5.873928079427378179e+03
5.943493119078220843e+03
4.283282178042782107e+03
4.284009833447407800e+03
4.286192799643549733e+03
4.289831076578025204e+03
4.294924664162022054e+03
4.301473562271348783e+03
4.309477770746207170e+03
4.318937289391487866e+03
4.329852117976338377e+03
4.342222256234663291e+03
4.356047703864692267e+03
4.371328460529207405e+03
4.388064525855543252e+03
4.406255899435404899e+03
4.425902580825254518e+03
4.447004569545788399e+03
4.469561865082323493e+03
4.493574466884751928e+03
4.519042374367336379e+03
4.545965586908937439e+03
4.574344103852854460e+03
4.604177924506939235e+03
4.635467048143550528e+03
4.668211473999531336e+03
4.702411201276231623e+03
4.738066229139440111e+03
4.775176556719634391e+03
4.813742183111617123e+03
4.853763107374720676e+03
4.895239328532920808e+03
4.938170845574427403e+03
4.982557657452298372e+03
5.028399763083871221e+03
5.075697161350944953e+03
5.124449851100052911e+03
5.174657831141939823e+03
5.226321100252152974e+03
5.279439657170587452e+03
5.334013500601577107e+03
5.390042629213985492e+03
5.447527041641524193e+03
5.506466736481752378e+03
5.566861712297304621e+03
5.628711967615163303e+03
5.692017500926658613e+03
5.756778310687695921e+03
5.822994395318892202e+03
5.890665753205075816e+03
5.959792382695650304e+03
6.030374282104776285e+03
4.345873502705444480e+03
4.346611791032205474e+03
4.348826655994025714e+03
4.352518097535153174e+03
4.357686115562773921e+03
4.364330709946943898e+03
4.372451880520611667e+03
4.382049627079572929e+03
4.393123949382493265e+03
4.405674847150862661e+03
4.419702320069154666e+03
4.435206367784667236e+03
4.452186989907522729e+03
4.470644186010758858e+03
4.490577955630305951e+03
4.511988298264918740e+03
4.534875213376267311e+03
4.559238700388846155e+03
4.585078758690087852e+03
4.612395387630181176e+03
4.641188586522366677e+03
4.671458354642595623e+03
4.703204691229757373e+03
4.736427595485656639e+03
4.771127066574877063e+03
4.807303103624894902e+03
4.844955705726124506e+03
4.884084871931827365e+03
4.924690601258089373e+03
4.966772892683889040e+03
5.010331745151120231e+03
5.055367157564523950e+03
5.101879128791642870e+03
5.149867657663162390e+03
5.199332742972137567e+03
5.250274383474970818e+03
5.302692577890775283e+03
5.356587324901374814e+03
5.411958623151804204e+03
5.468806471249672541e+03
5.527130867765572475e+03
5.586931811233034750e+03
5.648209300148255352e+03
5.710963332970550255e+03
5.775193908121900677e+03
5.840901023987316876e+03
5.908084678914747201e+03
5.976744871214577870e+03
6.046881599160678888e+03
6.118494860989403605e+03
4.409356628894852292e+03
4.410105701588554439e+03
4.412352919650243166e+03
4.416098283021688076e+03
4.421341791605777871e+03
4.428083445266588569e+03
4.436323243829428975e+03
4.446061187080636046e+03
4.457297274767779527e+03
4.470031506599661952e+03
4.484263882246159483e+03
4.499994401338312855e+03
4.517223063468395594e+03
4.535949868189845802e+03
4.556174815017152468e+03
4.577897903426060111e+03
4.601119132853568772e+03
4.625838502697615695e+03
4.652056012317507339e+03
4.679771661033601049e+03
4.708985448127509699e+03
4.739697372841919787e+03
4.771907434380727864e+03
4.805615631908972318e+03
4.840821964552924328e+03
4.877526431399974172e+03
4.915729031498631230e+03
4.955429763858592196e+03
4.996628627450854765e+03
5.039325621207353834e+03
5.083520744021416249e+03
5.129213994747260585e+03
5.176405372200633792e+03
5.225094875158129071e+03
5.275282502357595149e+03
5.326968252498136280e+03
5.380152124239930345e+03
5.434834116204501697e+03
5.491014226974129997e+03
5.548692455092759701e+03
5.607868799065090570e+03
5.668543257357259790e+03
5.730715828396387224e+03
5.794386510570893734e+03
5.859555302230364759e+03
5.926222201685413893e+03
5.994387207207955726e+03
6.064050317031023951e+03
6.135211529348725890e+03
6.207870842316560811e+03
4.473743001159027699e+03
4.474503011604656422e+03
4.476783042921397282e+03
4.480583095048177711e+03
4.485903167883520837e+03
4.492743261285249901e+03
4.501103375070579204e+03
4.510983509016114112e+03
4.522383662857760100e+03
4.535303836290950130e+03
4.549744028970371801e+03
4.565704240510126510e+03
4.583184470483774930e+03
4.602184718424132370e+03
4.622704983823450675e+03
4.644745266133372752e+03
4.668305564764955307e+03
4.693385879088555157e+03
4.719986208433942920e+03
4.748106552090280275e+03
4.777746909306097223e+03
4.808907279289337566e+03
4.841587661207267956e+03
4.875788054186568843e+03
4.911508457313311737e+03
4.948748869632936476e+03
4.987509290150228480e+03
5.027789717829409710e+03
5.069590151594138661e+03
5.112910590327282989e+03
5.157751032871101415e+03
5.204111478027471094e+03
5.251991924557387392e+03
5.301392371181373164e+03
5.352312816579342325e+03
5.404753259390508902e+03
5.458713698213387033e+03
5.514194131606109295e+03
5.571194558085971948e+03
5.629714976129753268e+03
5.689755384173622588e+03
5.751315780613094830e+03
5.814396163803121453e+03
5.878996532057863078e+03
5.945116883651144235e+03
6.012757216815862193e+03
6.081917529744532658e+03
6.152597820588925970e+03
6.224798087460203533e+03
6.298518328428963287e+03
4.539044105540256169e+03
4.539815209121184125e+03
4.542128519842640344e+03
4.545984037641028408e+03
4.551381762409982912e+03
4.558321694000937896e+03
4.566803832222581150e+03
4.576828176841331697e+03
4.588394727580953258e+03
4.601503484122872578e+03
4.616154446105883835e+03
4.632347613126376018e+03
4.650082984738241976e+03
4.669360560452946629e+03
4.690180339739299598e+03
4.712542322023841734e+03
4.736446506690435854e+03
4.761892893080562317e+03
4.788881480493228082e+03
4.817412268184853019e+03
4.847485255369474544e+03
4.879100441218588458e+03
4.912257824861239897e+03
4.946957405383932382e+03
4.983199181830718771e+03
5.020983153203178517e+03
5.060309318460440409e+03
5.101177676519000670e+03
5.143588226253041285e+03
5.187540966494043460e+03
5.233035896031333323e+03
5.280073013611490751e+03
5.328652317938531269e+03
5.378773807674315321e+03
5.430437481437911629e+03
5.483643337806051932e+03
5.538391375312994569e+03
5.594681592450388052e+03
5.652513987667498441e+03
5.711888559371027441e+03
5.772805305925339781e+03
5.835264225652190362e+03
5.899265316830769734e+03
5.964808577698022418e+03
6.031894006448146683e+03
6.100521601233049296e+03
6.170691360162027195e+03
6.242403281301994866e+03
6.315657362677256970e+03
6.390453602269735711e+03
4.605271523899023123e+03
4.606053878029638327e+03
4.608400940399360479e+03
4.612312710941455407e+03
4.617789189544782857e+03
4.624830376053955661e+03
4.633436270268839507e+03
4.643606871945121384e+03
4.655342180793945772e+03
4.668642196481960127e+03
4.683506918631428562e+03
4.699936346820231847e+03
4.717930480581776465e+03
4.737489319404949129e+03
4.758612862734253213e+03
4.781301109969831487e+03
4.805554060467284216e+03
4.831371713537760115e+03
4.858754068448070029e+03
4.887701124420527776e+03
4.918212880632972883e+03
4.950289336218838798e+03
4.983930490267198365e+03
5.019136341822513714e+03
5.055906889884977318e+03
5.094242133410216411e+03
5.134142071309497624e+03
5.175606702449658769e+03
5.218636025652904209e+03
5.263230039697373286e+03
5.309388743316503678e+03
5.357112135199213299e+03
5.406400213990127668e+03
5.457252978289579914e+03
5.509670426653156028e+03
5.563652557592195080e+03
5.619199369573470904e+03
5.676310861019555887e+03
5.734987030308229805e+03
5.795227875773161941e+03
5.857033395703410861e+03
5.920403588343560841e+03
5.985338451893858291e+03
6.051837984510211754e+03
6.119902184303782633e+03
6.189531049341485414e+03
6.260724577645942190e+03
6.333482767194982443e+03
6.407805615922279685e+03
6.483693121716896712e+03
4.672437440597559544e+03
4.673231204771241210e+03
4.675612497268957668e+03
4.679581318021064362e+03
4.685137666911350607e+03
4.692281543777085062e+03
4.701012948409129422e+03
4.711331880551847462e+03
4.723238339903059568e+03
4.736732326114292846e+03
4.751813838790326372e+03
4.768482877489645944e+03
4.786739441724125754e+03
4.806583530959323980e+03
4.828015144614209930e+03
4.851034282061254999e+03
4.875640942626500873e+03
4.901835125589536801e+03
4.929616830183363163e+03
4.958986055594573372e+03
4.989942800963285663e+03
5.022487065383097615e+03
5.056618847901154368e+03
5.092338147518125879e+03
5.129644963188184192e+03
5.168539293819071645e+03
5.209021138271873497e+03
5.251090495361449939e+03
5.294747363855913136e+03
5.339991742477286607e+03
5.386823629900618471e+03
5.435243024754799990e+03
5.485249925622110823e+03
5.536844331038537348e+03
5.590026239493226967e+03
5.644795649429306650e+03
5.701152559243018914e+03
5.759096967284312996e+03
5.818628871856662954e+03
5.879748271216976718e+03
5.942455163575823462e+03
6.006749547097160757e+03
6.072631419898380045e+03
6.140100780050761387e+03
6.209157625578700390e+03
6.279801954460253910e+03
6.352033764627094570e+03
6.425853053964283390e+03
6.501259820310451687e+03
6.578254061457801072e+03
4.740554753938999966e+03
4.741360089781255738e+03
4.743776097283875970e+03
4.747802776373828237e+03
4.753440126929581311e+03
4.760688148781036944e+03
4.769546841709325236e+03
4.780016205447145694e+03
4.792096239678471647e+03
4.805786944038663933e+03
4.821088318114448157e+03
4.838000361444028385e+03
4.856523073516905242e+03
4.876656453773944122e+03
4.898400501607557089e+03
4.921755216361316343e+03
4.946720597330295277e+03
4.973296643760977531e+03
5.001483354851188778e+03
5.031280729750096725e+03
5.062688767558347536e+03
5.095707467327883933e+03
5.130336828062081622e+03
5.166576848715681081e+03
5.204427528194833030e+03
5.243888865356984752e+03
5.284960859011107459e+03
5.327643507917446186e+03
5.371936810787656214e+03
5.417840766284871279e+03
5.465355373023339780e+03
5.514480629569061421e+03
5.565216534439105089e+03
5.617563086102154557e+03
5.671520282978099203e+03
5.727088123438261391e+03
5.784266605805441941e+03
5.843055728353783707e+03
5.903455489308635151e+03
5.965465886847096044e+03
6.029086919097198916e+03
6.094318584138818551e+03
6.161160880002762497e+03
6.229613804671635080e+03
6.299677356079064339e+03
6.371351532110475091e+03
6.444636330602133967e+03
6.519531749342286275e+03
6.596037786069973663e+03
6.674154438476125506e+03
4.809636481266988994e+03
4.810453552554167800e+03
4.812904766390329314e+03
4.816990122699144194e+03
4.822709621353510556e+03
4.830063262175508498e+03
4.839051044936240942e+03
4.849672969356061003e+03
4.861929035104435570e+03
4.875819241799990778e+03
4.891343589010534743e+03
4.908502076252966617e+03
4.927294702993367537e+03
4.947721468647000620e+03
4.969782372578174545e+03
4.993477414100448186e+03
5.018806592476539663e+03
5.045769906918280867e+03
5.074367356586549249e+03
5.104598940591586143e+03
5.136464657992610228e+03
5.169964507798067643e+03
5.205098488965563774e+03
5.241866600401772303e+03
5.280268840962662580e+03
5.320305209453226780e+03
5.361975704627548112e+03
5.405280325189050927e+03
5.450219069790364301e+03
5.496791937032776332e+03
5.544998925467371009e+03
5.594840033593982298e+03
5.646315259861648883e+03
5.699424602668614170e+03
5.754168060362280812e+03
5.810545631239256181e+03
5.868557313545124998e+03
5.928203105474767654e+03
5.989483005172132835e+03
6.052397010730373950e+03
6.116945120191803653e+03
6.183127331547802896e+03
6.250943642739093775e+03
6.320394051655193834e+03
6.391478556135143663e+03
6.464197153967006670e+03
6.538549842887869090e+03
6.614536620584112825e+03
6.692157484691188074e+03
6.771412432793840708e+03
4.879695339004638299e+03
4.880524311641465829e+03
4.883011229525232011e+03
4.887156092576196897e+03
4.892958900661415100e+03
4.900419653594713054e+03
4.909538351136779966e+03
4.920314992995145076e+03
4.932749578823950287e+03
4.946842108224427648e+03
4.962592580744512816e+03
4.980000995878890535e+03
4.999067353069131059e+03
5.019791651703644675e+03
5.042173891117590756e+03
5.066214070592923235e+03
5.091912189358481555e+03
5.119268246589945193e+03
5.148282241409742710e+03
5.178954172887051755e+03
5.211284040038071907e+03
5.245271841825592674e+03
5.280917577159334542e+03
5.318221244895858035e+03
5.357182843838472763e+03
5.397802372737351106e+03
5.440079830289323581e+03
5.484015215138333588e+03
5.529608525874937186e+03
5.576859761036484997e+03
5.625768919107304100e+03
5.676335998518334236e+03
5.728560997647355180e+03
5.782443914819168640e+03
5.837984748305279936e+03
5.895183496323807049e+03
5.954040157040071790e+03
6.014554728565872210e+03
6.076727208959982818e+03
6.140557596227927206e+03
6.206045888322114479e+03
6.273192083141702824e+03
6.341996178532781414e+03
6.412458172288006608e+03
6.484578062147102173e+03
6.558355845796540962e+03
6.633791520869453961e+03
6.710885084946085044e+03
6.789636535553199792e+03
6.870045870164494772e+03
4.950744035159095802e+03
4.951585077186541639e+03
4.954108203241139563e+03
4.958313413239397960e+03
4.964200707042255090e+03
4.971770084455033611e+03
4.981021545227372371e+03
4.991955089053340089e+03
5.004570715571435358e+03
5.018868424364291059e+03
5.034848214959197321e+03
5.052510086827646774e+03
5.071854039385561919e+03
5.092880071993226920e+03
5.115588183955287604e+03
5.139978374520774196e+03
5.166050642883101318e+03
5.193804988179999782e+03
5.223241409493675746e+03
5.254359905850606083e+03
5.287160476221674799e+03
5.321643119522173038e+03
5.357807834611662656e+03
5.395654620294271808e+03
5.435183475318308410e+03
5.476394398376532990e+03
5.519287388106067738e+03
5.563862443088419241e+03
5.610119561849387537e+03
5.658058742859338963e+03
5.707679984532796880e+03
5.758983285228805471e+03
5.811968643250702371e+03
5.866636056846164138e+03
5.922985524207388153e+03
5.981017043470774297e+03
6.040730612717197801e+03
6.102126229971872817e+03
6.165203893204397900e+03
6.229963600328756002e+03
6.296405349203314472e+03
6.364529137630688638e+03
6.434334963358105597e+03
6.505822824076858524e+03
6.578992717422806891e+03
6.653844640976240044e+03
6.730378592261695303e+03
6.808594568748094389e+03
6.888492567848697945e+03
6.970072586921378388e+03
5.022794969278402277e+03
5.023648250882206412e+03
5.026208095664605935e+03
5.030474503538198405e+03
5.036447474357646570e+03
5.044127007919269090e+03
5.053513103961267916e+03
5.064605762163614600e+03
5.077404982148118506e+03
5.091910763478495028e+03
5.108123105660115471e+03
5.126042008140279904e+03
5.145667470308080738e+03
5.166999491494470931e+03
5.190038070972104833e+03
5.214783207955565558e+03
5.241234901601228557e+03
5.269393151007261622e+03
5.299257955213647620e+03
5.330829313202275443e+03
5.364107223896689902e+03
5.399091686162455517e+03
5.435782698806724511e+03
5.474180260578759771e+03
5.514284370169298199e+03
5.556095026211050936e+03
5.599612227278794307e+03
5.644835971888687709e+03
5.691766258499001196e+03
5.740403085509706216e+03
5.790746451262657502e+03
5.842796354041456652e+03
5.896552792071543081e+03
5.952015763520239489e+03
6.009185266496660915e+03
6.068061299051714741e+03
6.128643859178055209e+03
6.190932944810265326e+03
6.254928553824765913e+03
6.320630684039770131e+03
6.388039333215101578e+03
6.457154499052785468e+03
6.527976179196366502e+03
6.600504371231272671e+03
6.674739072684815255e+03
6.750680281026143348e+03
6.828327993666107432e+03
6.907682207957532228e+03
6.988742921194807423e+03
7.071510130614433365e+03
5.095860114231254556e+03
5.096725807746406645e+03
5.099322888261440312e+03
5.103651355685042290e+03
5.109711209865145065e+03
5.117502450588699503e+03
5.127025077581902224e+03
5.138279090510081915e+03
5.151264488977653855e+03
5.165981272528233603e+03
5.182429440644614260e+03
5.200608992748607307e+03
5.220519928201338189e+03
5.242162246302996209e+03
5.265535946292879999e+03
5.290641027349533942e+03
5.317477488590520807e+03
5.346045329072694585e+03
5.376344547791950390e+03
5.408375143683360875e+03
5.442137115621153498e+03
5.477630462418710522e+03
5.514855182828523539e+03
5.553811275542329895e+03
5.594498739190930792e+03
5.636917572344191285e+03
5.681067773511313135e+03
5.726949341140516481e+03
5.774562273619221742e+03
5.823906569274004141e+03
5.874982226370502758e+03
5.927789243113556950e+03
5.982327617647297302e+03
6.038597348054690883e+03
6.096598432358041464e+03
6.156330868518944044e+03
6.217794654437830104e+03
6.280989787954422354e+03
6.345916266847689258e+03
6.412574088835663133e+03
6.480963251575440154e+03
6.551083752663271298e+03
6.622935589634835196e+03
6.696518759964510537e+03
6.771833261066331033e+03
6.848879090292894034e+03
6.927656244936497387e+03
7.008164722228229948e+03
7.090404519338426326e+03
7.174375633376712358e+03
5.169951711997555321e+03
5.170829991934306236e+03
5.173464831712772138e+03
5.177856231237433349e+03
5.184004190349219243e+03
5.191908708825303620e+03
5.201569786379423022e+03
5.212987422661376513e+03
5.226161617257503167e+03
5.241092369690500163e+03
5.257779679419354579e+03
5.276223545839457074e+03
5.296423968282442729e+03
5.318380946016463895e+03
5.342094478245940081e+03
5.367564564111626169e+03
5.394791202690635146e+03
5.423774392996529059e+03
5.454514133979137114e+03
5.487010424524578411e+03
5.521263263455466586e+03
5.557272649530705166e+03
5.595038581445533055e+03
5.634561057831615472e+03
5.675840077256816585e+03
5.718875638225608782e+03
5.763667739178572447e+03
5.810216378492714284e+03
5.858521554481467319e+03
5.908583265394554473e+03
5.960401509418079513e+03
6.013976284674481576e+03
6.069307589222580646e+03
6.126395421057486601e+03
6.185239778110781117e+03
6.245840658250199340e+03
6.308198059280130110e+03
6.372311978941070265e+03
6.438182414909806539e+03
6.505809364799870309e+03
6.575192826160810000e+03
6.646332796478418459e+03
6.719229273175324124e+03
6.793882253610081534e+03
6.870291735077717021e+03
6.948457714809774188e+03
7.028380189973813685e+03
7.110059157674095331e+03
7.193494614951032418e+03
7.278686558781464555e+03
5.245083303547403375e+03
5.245974346650109510e+03
5.248647475924985883e+03
5.253102691272124503e+03
5.259339992525156049e+03
5.267359379451090717e+03
5.277160851750363690e+03
5.288744409056880613e+03
5.302110050937926644e+03
5.317257776894280141e+03
5.334187586360098976e+03
5.352899478703011482e+03
5.373393453224070981e+03
5.395669509157755783e+03
5.419727645671991922e+03
5.445567861868084947e+03
5.473190156780833604e+03
5.502594529378529842e+03
5.533780978562708697e+03
5.566749503168557567e+03
5.601500101964484202e+03
5.638032773652594187e+03
5.676347516868008825e+03
5.716444330179820099e+03
5.758323212090090237e+03
5.801984161034579301e+03
5.847427175382426867e+03
5.894652253436106548e+03
5.943659393431698845e+03
5.994448593538527348e+03
6.047019851859431583e+03
6.101373166430767014e+03
6.157508535222177670e+03
6.215425956136914465e+03
6.275125427011425927e+03
6.336606945615812947e+03
6.399870509653555928e+03
6.464916116761378362e+03
6.531743764509701577e+03
6.600353450402326416e+03
6.670745171876296808e+03
6.742918926302399996e+03
6.816874710984575358e+03
6.892612523160232740e+03
6.970132360000434346e+03
7.049434218609394520e+03
7.130518096024979968e+03
7.213383989218436909e+03
7.298031895094300125e+03
7.384461810490711287e+03
5.321268968969275193e+03
5.322172954251004739e+03
5.324884910061268783e+03
5.329404836295748282e+03
5.335732732780320475e+03
5.343868599271308995e+03
5.353812435455461127e+03
5.365564240949856867e+03
5.379124015301931649e+03
5.394491757989521830e+03
5.411667468420841942e+03
5.430651145934530177e+03
5.451442789799534694e+03
5.474042399215204568e+03
5.498449973311312533e+03
5.524665511148009500e+03
5.552689011715665401e+03
5.582520473935301197e+03
5.614159896658020443e+03
5.647607278665509511e+03
5.682862618669742005e+03
5.719925915313251608e+03
5.758797167168631859e+03
5.799476372739172803e+03
5.841963530458269815e+03
5.886258638689878353e+03
5.932361695728286577e+03
5.980272699798206304e+03
6.029991649054591107e+03
6.081518541582863691e+03
6.134853375398870412e+03
6.189996148448881286e+03
6.246946858609135234e+03
6.305705503686886004e+03
6.366272081419310780e+03
6.428646589474146822e+03
6.492829025449418623e+03
6.558819386873574331e+03
6.626617671205440274e+03
6.696223875834266437e+03
6.767637998079635508e+03
6.840860035191508359e+03
6.915889984350178565e+03
6.992727842666454308e+03
7.071373607181294574e+03
7.151827274866354855e+03
7.234088842623350502e+03
7.318158307284693365e+03
7.404035665612809680e+03
7.491720914300731238e+03
5.398522569520491743e+03
5.399439678274370635e+03
5.402191004499559313e+03
5.406776548086872936e+03
5.413196308854344352e+03
5.421450286546951247e+03
5.431538480837139105e+03
5.443460891324434670e+03
5.457217517535514162e+03
5.472808358924226013e+03
5.490233414871727291e+03
5.509492684686142638e+03
5.530586167603041758e+03
5.553513862785007404e+03
5.578275769321840016e+03
5.604871886230557720e+03
5.633302212455237168e+03
5.663566746867354595e+03
5.695665488265512977e+03
5.729598435375328336e+03
5.765365586849748070e+03
5.802966941268914525e+03
5.842402497140074047e+03
5.883672252897713406e+03
5.926776206903559796e+03
5.971714357446307986e+03
6.018486702742211492e+03
6.067093240934264031e+03
6.117533970092927120e+03
6.169808888215857223e+03
6.223917993227769330e+03
6.279861282980573378e+03
6.337638755253556155e+03
6.397250407752926549e+03
6.458696238112179344e+03
6.521976243892049752e+03
6.587090422580422455e+03
6.654038771592286139e+03
6.722821288269960860e+03
6.793437969882916150e+03
6.865888813627634590e+03
6.940173816628066561e+03
7.016292975935130016e+03
7.094246288526983335e+03
7.174033751309025320e+03
7.255655361113804247e+03
7.339111114700972394e+03
7.424401008757558884e+03
7.511525039897469469e+03
7.600483204662214121e+03
5.476857618031817765e+03
5.477788033838851334e+03
5.480579281221980636e+03
5.485231360066927664e+03
5.491744270183289700e+03
5.500118011304562060e+03
5.510352583088024403e+03
5.522447985114808944e+03
5.536404216889945928e+03
5.552221277842204472e+03
5.569899167324388145e+03
5.589437884612880225e+03
5.610837428908166657e+03
5.634097799334404044e+03
5.659218994939692493e+03
5.686201014695916456e+03
5.715043857498858415e+03
5.745747522167994248e+03
5.778312007446947973e+03
5.812737312002855106e+03
5.849023434426999302e+03
5.887170373234175713e+03
5.927178126863327634e+03
5.969046693677046278e+03
6.012776071961934576e+03
6.058366259928334330e+03
6.105817255710371683e+03
6.155129057366184497e+03
6.206301662877558556e+03
6.259335070150336833e+03
6.314229277014010222e+03
6.370984281222126810e+03
6.429600080451746180e+03
6.490076672304257954e+03
6.552414054304426827e+03
6.616612223901165635e+03
6.682671178466989659e+03
6.750590915298607797e+03
6.820371431616058544e+03
6.892012724563846859e+03
6.965514791209852774e+03
7.040877628545877087e+03
7.118101233487823265e+03
7.197185602875106269e+03
7.278130733471198255e+03
7.360936621963446669e+03
7.445603264962710455e+03
7.532130659004178597e+03
7.620518800546460625e+03
7.710767685972405161e+03
5.556287594616060233e+03
5.557231503359048475e+03
5.560063229548177333e+03
5.564782773064007415e+03
5.571390133707359382e+03
5.579885311199541320e+03
5.590268305182121367e+03
5.602539115216950449e+03
5.616697740786480608e+03
5.632744181293151087e+03
5.650678436060184140e+03
5.670500504330766489e+03
5.692210385268617756e+03
5.715808077957854039e+03
5.741293581402806012e+03
5.768666894528359990e+03
5.797928016179548649e+03
5.829076945121778408e+03
5.862113680040920372e+03
5.897038219543173909e+03
5.933850562155021180e+03
5.972550706323272607e+03
6.013138650415294251e+03
6.055614392718553063e+03
6.099977931441026158e+03
6.146229264711064388e+03
6.194368390577164973e+03
6.244395307008335294e+03
6.296310011894001946e+03
6.350112503043874312e+03
6.405802778187899094e+03
6.463380834976578626e+03
6.522846670980470662e+03
6.584200283691006916e+03
6.647441670519265244e+03
6.712570828797288414e+03
6.779587755777265556e+03
6.848492448631623120e+03
6.919284904453206764e+03
6.991965120255235888e+03
7.066533092971303631e+03
7.142988819455376870e+03
7.221332296481705271e+03
7.301563520744957714e+03
7.383682488859994919e+03
7.467689197362233244e+03
7.553583642707326362e+03
7.641365821271301684e+03
7.731035729350696784e+03
7.822593363162059177e+03
5.636825418584112413e+03
5.637783008432711540e+03
5.640655777936899540e+03
5.645443726971711840e+03
5.652146855328851416e+03
5.660765162716825216e+03
5.671298648760807737e+03
5.683747313002595547e+03
5.698111154900743713e+03
5.714390173830565800e+03
5.732584369083951970e+03
5.752693739869573619e+03
5.774718285312792432e+03
5.798658004455683113e+03
5.824512896257056127e+03
5.852282959592184852e+03
5.881968193253396748e+03
5.913568595949482187e+03
5.947084166306012776e+03
5.982514902865250406e+03
6.019860804086192729e+03
6.059121868344391260e+03
6.100298093932315169e+03
6.143389479058987490e+03
6.188396021850167017e+03
6.235317720348302828e+03
6.284154572512579762e+03
6.334906576218827468e+03
6.387573729259656830e+03
6.442156029344369017e+03
6.498653474098773586e+03
6.557066061065643225e+03
6.617393787704440911e+03
6.679636651391047053e+03
6.743794649418350673e+03
6.809867778995749177e+03
6.877856037249466681e+03
6.947759421222372112e+03
7.019577927873979206e+03
7.093311554080582937e+03
7.168960296635214036e+03
7.246524152247411621e+03
7.326003117543632470e+03
7.407397189067023646e+03
7.490706363277240598e+03
7.575930636550765485e+03
7.663070005180861699e+03
7.752124465377301021e+03
7.843094013266681941e+03
7.935978644892293232e+03
5.718483867669488063e+03
5.719455329087531936e+03
5.722369713298144234e+03
5.727227020170562355e+03
5.734027249487098743e+03
5.742770400942708875e+03
5.753456474145468746e+03
5.766085468616211074e+03
5.780657383788684456e+03
5.797172219009416949e+03
5.815629973537943442e+03
5.836030646546760181e+03
5.858374237120915495e+03
5.882660744258646446e+03
5.908890166871105976e+03
5.937062503781999112e+03
5.967177753728219614e+03
5.999235915359440696e+03
6.033236987238069560e+03
6.069180967839793084e+03
6.107067855552759283e+03
6.146897648678168480e+03
6.188670345430091402e+03
6.232385943935560135e+03
6.278044442234386224e+03
6.325645838279206146e+03
6.375190129935799632e+03
6.426677314982498501e+03
6.480107391110686876e+03
6.535480355924846663e+03
6.592796206941784476e+03
6.652054941591677562e+03
6.713256557217346199e+03
6.776401051074753923e+03
6.841488420332279929e+03
6.908518662071674044e+03
6.977491773287329124e+03
7.048407750886508438e+03
7.121266591689436609e+03
7.196068292429117719e+03
7.272812849751562680e+03
7.351500260215652816e+03
7.432130520293003428e+03
7.514703626368282130e+03
7.599219574738890515e+03
7.685678361615237009e+03
7.774079983120645920e+03
7.864424435291084592e+03
7.956711714075663622e+03
8.050941815336227592e+03
5.801276587412212393e+03
5.802262113207598304e+03
5.805218690548144878e+03
5.810146319297246009e+03
5.817044999227027802e+03
5.825914730018666887e+03
5.836755511262163054e+03
5.849567342456430197e+03
5.864350223009205365e+03
5.881104152237094240e+03
5.899829129365753033e+03
5.920525153529615636e+03
5.943192223771984573e+03
5.967830339045121946e+03
5.994439498210067541e+03
6.023019700036911672e+03
6.053570943204385912e+03
6.086093226300454262e+03
6.120586547821812928e+03
6.157050906173753901e+03
6.195486299670938024e+03
6.235892726536712871e+03
6.278270184903112749e+03
6.322618672811495344e+03
6.368938188211541274e+03
6.417228728962481910e+03
6.467490292831917031e+03
6.519722877496587898e+03
6.573926480541922501e+03
6.630101099462535785e+03
6.688246731661593003e+03
6.748363374451400887e+03
6.810451025053134799e+03
6.874509680596702310e+03
6.940539338121061519e+03
7.008539994573902732e+03
7.078511646811921310e+03
7.150454291600817669e+03
7.224367925614842534e+03
7.300252545437388108e+03
7.378108147560715224e+03
7.457934728385907874e+03
7.539732284223009628e+03
7.623500811290796264e+03
7.709240305717139563e+03
7.796950763538779938e+03
7.886632180701099060e+03
7.978284553058665551e+03
8.071907876374780244e+03
8.167502146321703549e+03
5.885218390014370016e+03
5.886218175400836117e+03
5.889217531512440473e+03
5.894216458206437892e+03
5.901214955244495286e+03
5.910213022293100948e+03
5.921210658923519077e+03
5.934207864611653349e+03
5.949204638738137874e+03
5.966200980588382663e+03
5.985196889352346261e+03
6.006192364124899541e+03
6.029187403905416431e+03
6.054182007598319615e+03
6.081176174012352931e+03
6.110169901861263497e+03
6.141163189763301489e+03
6.174156036241583934e+03
6.209148439723867341e+03
6.246140398542729599e+03
6.285131910935206179e+03
6.326122975043335828e+03
6.369113588913751300e+03
6.414103750497770307e+03
6.461093457651486460e+03
6.510082708135587382e+03
6.561071499615627545e+03
6.614059829661846379e+03
6.669047695749031845e+03
6.726035095257066132e+03
6.785022025470016160e+03
6.846008483576952131e+03
6.908994466671902046e+03
6.973979971753124119e+03
7.040964995723879838e+03
7.109949535392115649e+03
7.180933587470372004e+03
7.253917148576056206e+03
7.328900215231260518e+03
7.405882783862625729e+03
7.484864850801750435e+03
7.565846412284781763e+03
7.648827464452597269e+03
7.733808003350895888e+03
7.820788024929970561e+03
7.909767525044844660e+03
8.000746499455362937e+03
8.093724943825873197e+03
8.188702853725726527e+03
8.285680224628777069e+03
5.970324271758909163e+03
5.971338514384660812e+03
5.974381242211893550e+03
5.979452455091222873e+03
5.986552152773492708e+03
5.995680334909911835e+03
6.006837001052144842e+03
6.020022150651948323e+03
6.035235783061807524e+03
6.052477897534026852e+03
6.071748493221912213e+03
6.093047569178452250e+03
6.116375124357455206e+03
6.141731157613003234e+03
6.169115667699270489e+03
6.198528653271068833e+03
6.229970112883484035e+03
6.263440044991830291e+03
6.298938447951923081e+03
6.336465320019760838e+03
6.376020659351843278e+03
6.417604464004989495e+03
6.461216731936337965e+03
6.506857461003301069e+03
6.554526648963746993e+03
6.604224293475908780e+03
6.655950392098293378e+03
6.709704942289727114e+03
6.765487941409492123e+03
6.823299386717189918e+03
6.883139275372650445e+03
6.945007604436295878e+03
7.008904370868594924e+03
7.074829571530563044e+03
7.142783203183626028e+03
7.212765262489301676e+03
7.284775746009654540e+03
7.358814650207114028e+03
7.434881971444247029e+03
7.512977705984212662e+03
7.593101849990443952e+03
7.675254399526693305e+03
7.759435350556987032e+03
7.845644698945852724e+03
7.933882440457955454e+03
8.024148570758643473e+03
8.116443085413311564e+03
8.210765979887764843e+03
8.307117249548309701e+03
8.405496889661299065e+03
6.056608990290078509e+03
6.057637890276646431e+03
6.060724590184236149e+03
6.065869089856460050e+03
6.073071389032975276e+03
6.082331487348710652e+03
6.093649384335003560e+03
6.107025079418508540e+03
6.122458571921788462e+03
6.139949861063314529e+03
6.159498945957193428e+03
6.181105825613349225e+03
6.204770498937568846e+03
6.230492964731320171e+03
6.258273221691933941e+03
6.288111268412467325e+03
6.320007103381794877e+03
6.353960724984563058e+03
6.389972131501144759e+03
6.428041321107866679e+03
6.468168291876600051e+03
6.510353041775215388e+03
6.554595568667173211e+03
6.600895870312069746e+03
6.649253944364727431e+03
6.699669788376240831e+03
6.752143399793203571e+03
6.806674775958254031e+03
6.863263914109575126e+03
6.921910811381121675e+03
6.982615464802893257e+03
7.045377871300343031e+03
7.110198027695014389e+03
7.177075930703995255e+03
7.246011576940327359e+03
7.317004962912733390e+03
7.390056085025753418e+03
7.465164939579653947e+03
7.542331522770609809e+03
7.621555830690476796e+03
7.702837859326882608e+03
7.786177604563363275e+03
7.871575062179044835e+03
7.959030227849098083e+03
8.048543097144283820e+03
8.140113665531043807e+03
8.233741928371910035e+03
8.329427880925049976e+03
8.427171518344266588e+03
8.526972835679362106e+03
6.144087305337689031e+03
6.145131065308942198e+03
6.148262345168086540e+03
6.153481144751594911e+03
6.160787463787119123e+03
6.170181301893126147e+03
6.181662658579125491e+03
6.195231533245805622e+03
6.210887925184579217e+03
6.228631833578265287e+03
6.248463257500179679e+03
6.270382195915090051e+03
6.294388647678533744e+03
6.320482611537227058e+03
6.348664086128610506e+03
6.378933069981667359e+03
6.411289561515786772e+03
6.445733559041764238e+03
6.482265060761073983e+03
6.520884064766732990e+03
6.561590569042255083e+03
6.604384571462287568e+03
6.649266069792747658e+03
6.696235061690185830e+03
6.745291544702513420e+03
6.796435516268320498e+03
6.849666973717467044e+03
6.904985914270764624e+03
6.962392335039930913e+03
7.021886233027817070e+03
7.083467605128225841e+03
7.147136448126002506e+03
7.212892758696898454e+03
7.280736533407798561e+03
7.350667768716630235e+03
7.422686460972136047e+03
7.496792606414283000e+03
7.572986201173944210e+03
7.651267241273035324e+03
7.731635722624423579e+03
7.814091641032018742e+03
7.898634992190909543e+03
7.985265771686772496e+03
8.073983974996781399e+03
8.164789597488834261e+03
8.257682634421826151e+03
8.352663080945876573e+03
8.449730932101874714e+03
8.548886182821888724e+03
8.650128827928938335e+03
6.232773520522960098e+03
6.233832345569680911e+03
6.237008820652863506e+03
6.242302945601522879e+03
6.249714720130759815e+03
6.259244143841578989e+03
6.270891216221116338e+03
6.284655936642502638e+03
6.300538304364818032e+03
6.318538318533273923e+03
6.338655978178985606e+03
6.360891282219199638e+03
6.385244229457157417e+03
6.411714818582004227e+03
6.440303048169062095e+03
6.471008916679647882e+03
6.503832422461027818e+03
6.538773563746508444e+03
6.575832338655436615e+03
6.615008745193063078e+03
6.656302781250997214e+03
6.699714444606615871e+03
6.745243732923199786e+03
6.792890643750206436e+03
6.842655174523224559e+03
6.894537322563655835e+03
6.948537085079078679e+03
7.004654459162975400e+03
7.062889441794777667e+03
7.123242029840321266e+03
7.185712220050982069e+03
7.250300009064449114e+03
7.317005393404360802e+03
7.385828369480395850e+03
7.456768933588136861e+03
7.529827081909434128e+03
7.605002810511814459e+03
7.682296115349163301e+03
7.761706992261179039e+03
7.843235436973645847e+03
7.926881445098433687e+03
8.012645012133179989e+03
8.100526133461880818e+03
8.190524804354481603e+03
8.282641019966695239e+03
8.376874775340411361e+03
8.473226065403650864e+03
8.571694884970293060e+03
8.672281228740439474e+03
8.774985091299868145e+03
6.322681232462764456e+03
6.323755330082985893e+03
6.326977622884032826e+03
6.332348110687053122e+03
6.339866793194232741e+03
6.349533669988159090e+03
6.361348740532457668e+03
6.375312004171746594e+03
6.391423460131181855e+03
6.409683107516684686e+03
6.430090945315123463e+03
6.452646972394177283e+03
6.477351187502199537e+03
6.504203589268536234e+03
6.533204176203162206e+03
6.564352946696863000e+03
6.597649899021416786e+03
6.633095031329185076e+03
6.670688341653476527e+03
6.710429827908319567e+03
6.752319487888507865e+03
6.796357319269827713e+03
6.842543319608694219e+03
6.890877486342378688e+03
6.941359816788917669e+03
6.993990308147294854e+03
7.048768957497077281e+03
7.105695761798779131e+03
7.164770717893725305e+03
7.225993822503914998e+03
7.289365072232340026e+03
7.354884463562621022e+03
7.422551992859371239e+03
7.492367656367787276e+03
7.564331450214058350e+03
7.638443370405002497e+03
7.714703412828384899e+03
7.793111573252690505e+03
7.873667847327305935e+03
7.956372230582337579e+03
8.041224718428611595e+03
8.128225306157992236e+03
8.217373988942927099e+03
8.308670761836765450e+03
8.402115619773621802e+03
8.497708557568557808e+03
8.595449569917218469e+03
8.695338651396241403e+03
8.797375796462802100e+03
8.901560999455205092e+03
6.413824190036302753e+03
6.414913770150997152e+03
6.418182510432734489e+03
6.423630410694568127e+03
6.431257470624768757e+03
6.441063689787188196e+03
6.453049067620804635e+03
6.467213603440086445e+03
6.483557296434810269e+03
6.502080145669970079e+03
6.522782150086140973e+03
6.545663308499160848e+03
6.570723619600039456e+03
6.597963081955367670e+03
6.627381694006999169e+03
6.658979454072095905e+03
6.692756360343264532e+03
6.728712410888419981e+03
6.766847603650694509e+03
6.807161936448756023e+03
6.849655406976535232e+03
6.894328012803316597e+03
6.941179751373783802e+03
6.990210620007837861e+03
7.041420615900869961e+03
7.094809736123534094e+03
7.150377977621928949e+03
7.208125337217325068e+03
7.268051811606528645e+03
7.330157397361563199e+03
7.394442090929896949e+03
7.460905888634215444e+03
7.529548786672739880e+03
7.600370781118954255e+03
7.673371867921559897e+03
7.748552042904748305e+03
7.825911301768155681e+03
7.905449640086408181e+03
7.987167053309985931e+03
8.071063536764177115e+03
8.157139085650123889e+03
8.245393695043958360e+03
8.335827359897302813e+03
8.428440075037042334e+03
8.523231835165552184e+03
8.620202634860515900e+03
8.719352468574834347e+03
8.820681330636807616e+03
8.924189215250271445e+03
9.029876116494142479e+03
6.506217220248800004e+03
6.507322495263542805e+03
6.510638320242469490e+03
6.516164694990220596e+03
6.523901619180742273e+03
6.533849092357831978e+03
6.546007113934956578e+03
6.560375683195070451e+03
6.576954799290979281e+03
6.595744461244839840e+03
6.616744667948842107e+03
6.639955418164481671e+03
6.665376710523014481e+03
6.693008543525502319e+03
6.722850915542312578e+03
6.754903824813709434e+03
6.789167269449626474e+03
6.825641247429484793e+03
6.864325756602420370e+03
6.905220794687193120e+03
6.948326359272323316e+03
6.993642447815818741e+03
7.041169057645356588e+03
7.090906185958374408e+03
7.142853829821842737e+03
7.197011986172446996e+03
7.253380651816360114e+03
7.311959823429697281e+03
7.372749497557924769e+03
7.435749670616314688e+03
7.500960338889717605e+03
7.568381498532698970e+03
7.638013145569311746e+03
7.709855275893551152e+03
7.783907885268627069e+03
7.860170969327873536e+03
7.938644523573884726e+03
8.019328543379106122e+03
8.102223023985516193e+03
8.187327960504899238e+03
8.274643347918345171e+03
8.364169181077204485e+03
8.455905454701724011e+03
8.549852163382320214e+03
8.646009301578897066e+03
8.744376863620937002e+03
8.844954843707637338e+03
8.947743235907910275e+03
9.052742034160201001e+03
9.159951232272533161e+03
6.599875635415946817e+03
6.600996820255068087e+03
6.604360374704219794e+03
6.609966298558856579e+03
6.617814591478281727e+03
6.627905252985374318e+03
6.640238282466680175e+03
6.654813679172411867e+03
6.671631442216539654e+03
6.690691570576746017e+03
6.711994063094152807e+03
6.735538918473866943e+03
6.761326135284571137e+03
6.789355711958432948e+03
6.819627646791650477e+03
6.852141937943815719e+03
6.886898583438460264e+03
6.923897581162509596e+03
6.963138928866737842e+03
7.004622624165676825e+03
7.048348664537206787e+03
7.094317047323329462e+03
7.142527769729485954e+03
7.192980828824738637e+03
7.245676221542044004e+03
7.300613944677843392e+03
7.357793994892426781e+03
7.417216368709568997e+03
7.478881062516893508e+03
7.542788072565599578e+03
7.608937394970689638e+03
7.677329025710696442e+03
7.747962960628001383e+03
7.820839195428470703e+03
7.895957725681819284e+03
7.973318546821428754e+03
8.052921654144211061e+03
8.134767042810972271e+03
8.218854707846048768e+03
8.305184644137489158e+03
8.393756846437054264e+03
8.484571309360126179e+03
8.577628027385935638e+03
8.672926994857107275e+03
8.770468205980250787e+03
8.870251654825551668e+03
8.972277335326634784e+03
9.076545241281155540e+03
9.183055366350345139e+03
9.291807704059056050e+03
6.694814933639509036e+03
6.695952245796388524e+03
6.699364182195540707e+03
6.705050742623279803e+03
6.713011926723174838e+03
6.723247733996231545e+03
6.735758163801165210e+03
6.750543215353718551e+03
6.767602887727389316e+03
6.786937179852975532e+03
6.808546090518893834e+03
6.832429618370861135e+03
6.858587761911940106e+03
6.887020519502948446e+03
6.917727889361913185e+03
6.950709869564343535e+03
6.985966458043276361e+03
7.023497652589185236e+03
7.063303450849798537e+03
7.105383850330645146e+03
7.149738848394372326e+03
7.196368442261154996e+03
7.245272629008877630e+03
7.296451405572452131e+03
7.349904768744545436e+03
7.405632715175170233e+03
7.463635241371684970e+03
7.523912343699248595e+03
7.586464018379911067e+03
7.651290261493704747e+03
7.718391068977734903e+03
7.787766436626861832e+03
7.859416360093109688e+03
7.933340834886030279e+03
8.009539856372884969e+03
8.088013419777871604e+03
8.168761520183170433e+03
8.251784152528034610e+03
8.337081311609335899e+03
8.424652992081382763e+03
8.514499188455829426e+03
8.606619895101903239e+03
8.701015106246222786e+03
8.797684815972843353e+03
8.896629018223256935e+03
8.997847706796528655e+03
9.101340875348887494e+03
9.207108517394453884e+03
9.315150626304330217e+03
9.425467195307282964e+03
6.791050816688311897e+03
6.792204476290407911e+03
6.795665455022117385e+03
6.801433752659750098e+03
6.809509368830822496e+03
6.819892303013330093e+03
6.832582554536793396e+03
6.847580122581030082e+03
6.864885006177155446e+03
6.884497204207264076e+03
6.906416715404157003e+03
6.930643538351614552e+03
6.957177671484532766e+03
6.986019113088514132e+03
7.017167861300185905e+03
7.050623914107109158e+03
7.086387269347778783e+03
7.124457924711623491e+03
7.164835877738914860e+03
7.207521125820949237e+03
7.252513666200047737e+03
7.299813495969146970e+03
7.349420612072435688e+03
7.401335011304854561e+03
7.455556690312323553e+03
7.512085645591696448e+03
7.570921873490715370e+03
7.632065370208192689e+03
7.695516131793601744e+03
7.761274154147713489e+03
7.829339433021914374e+03
7.899711964018570143e+03
7.972391742591116781e+03
8.047378764043787669e+03
8.124673023531886429e+03
8.204274516061468603e+03
8.286183236489705450e+03
8.370399179524520150e+03
8.456922339724860649e+03
8.545752711500563237e+03
8.636890289112534447e+03
8.730335066672387256e+03
8.826087038142804886e+03
8.924146197337358899e+03
9.024512537920645627e+03
9.127186053407967847e+03
9.232166737165835002e+03
9.339454582411462980e+03
9.449049582213137910e+03
9.560951729489943318e+03
6.888598963203367020e+03
6.889769193019947124e+03
6.893279882391743740e+03
6.899131031084789356e+03
6.907322638709592866e+03
6.917854704720411974e+03
6.930727228415798891e+03
6.945940208938463911e+03
6.963493645274957089e+03
6.983387536256350359e+03
7.005621880557646364e+03
7.030196676697687508e+03
7.057111923039974499e+03
7.086367617791665907e+03
7.117963759004305757e+03
7.151900344573368784e+03
7.188177372238624230e+03
7.226794839583726571e+03
7.267752744036715740e+03
7.311051082869653328e+03
7.356689853198440687e+03
7.404669051983637473e+03
7.454988676029370254e+03
7.507648721984287477e+03
7.562649186340831875e+03
7.619990065435831639e+03
7.679671355450182091e+03
7.741693052408663789e+03
7.806055152180442747e+03
7.872757650478752112e+03
7.941800542860801215e+03
8.013183824727957472e+03
8.086907491325882802e+03
8.162971537744078887e+03
8.241375958916432864e+03
8.322120749620717106e+03
8.405205904479043966e+03
8.490631417957320082e+03
8.578397284365973974e+03
8.668503497859273921e+03
8.760950052435600810e+03
8.855736941937584561e+03
8.952864160051967701e+03
9.052331700309377993e+03
9.154139556084919604e+03
9.258287720597490988e+03
9.364776186910285105e+03
9.473604947930562048e+03
9.584773996409694519e+03
9.698283324943213302e+03
6.987474095756215320e+03
6.988661121103086771e+03
6.992222197062164923e+03
6.998157323388886653e+03
7.006466499675798332e+03
7.017149725352464884e+03
7.030206999685151459e+03
7.045638321777414603e+03
7.063443690569692990e+03
7.083623104839443840e+03
7.106176563201142926e+03
7.131104064106057194e+03
7.158405605842790465e+03
7.188081186536555833e+03
7.220130804149857795e+03
7.254554456482128444e+03
7.291352141169682000e+03
7.330523855685987655e+03
7.372069597341260305e+03
7.415989363283006242e+03
7.462283150495386508e+03
7.510950955799989970e+03
7.561992775854969295e+03
7.615408607155723075e+03
7.671198446034532026e+03
7.729362288660740887e+03
7.789900131040667475e+03
7.852811969017557203e+03
7.918097798271674037e+03
7.985757614320391440e+03
8.055791412517874051e+03
8.128199188055486957e+03
8.202980935961431896e+03
8.280136651100883682e+03
8.359666328176217576e+03
8.441569961726600013e+03
8.525847546128125032e+03
8.612499075594269016e+03
8.701524544175026676e+03
8.792923945757729598e+03
8.886697274066409591e+03
8.982844522662344389e+03
9.081365684943739325e+03
9.182260754145727333e+03
9.285529723340368946e+03
9.391172585437061571e+03
9.499189333181629991e+03
9.609579959157463236e+03
9.722344455784514139e+03
9.837482815320026930e+03
7.087690587917040830e+03
7.088894636626309875e+03
7.092506782668760934e+03
7.098527025788825995e+03
7.106955365560361315e+03
7.117791801386738371e+03
7.131036332500934805e+03
7.146688957965398004e+03
7.164749676672226997e+03
7.185218487342945082e+03
7.208095388528681724e+03
7.233380378610127082e+03
7.261073455797577481e+03
7.291174618130662566e+03
7.323683863478800049e+03
7.358601189540786436e+03
7.395926593845069874e+03
7.435660073749522780e+03
7.477801626441623739e+03
7.522351248938457502e+03
7.569308938086624039e+03
7.618674690562147589e+03
7.670448502870749508e+03
7.724630371347711844e+03
7.781220292157604490e+03
7.840218261294876356e+03
7.901624274583264196e+03
7.965438327676292829e+03
8.031660416056820395e+03
8.100290535037311201e+03
8.171328679759744773e+03
8.244774845195797752e+03
8.320629026146480101e+03
8.398891217242453422e+03
8.479561412944030963e+03
8.562639607540813813e+03
8.648125795152191131e+03
8.736019969726885392e+03
8.826322125043452616e+03
8.919032254709645713e+03
9.014150352163005664e+03
9.111676410670543191e+03
9.211610423328784236e+03
9.313952383063815432e+03
9.418702282631375056e+03
9.525860114616580177e+03
9.635425871434154033e+03
9.747399545328471504e+03
9.861781128373240790e+03
9.978570612471821732e+03
7.189263294491229317e+03
7.190484596962232899e+03
7.194148504285931267e+03
7.200255016195114877e+03
7.208804132244040375e+03
7.219795851808930820e+03
7.233230174087839259e+03
7.249107098100148505e+03
7.267426622687526105e+03
7.288188746513151273e+03
7.311393468061896783e+03
7.337040785640465401e+03
7.365130697377389879e+03
7.395663201222851058e+03
7.428638294948859766e+03
7.464055976149211347e+03
7.501916242239258281e+03
7.542219090456455888e+03
7.584964517859680200e+03
7.630152521329864612e+03
7.677783097569499660e+03
7.727856243102769440e+03
7.780371954275824464e+03
7.835330227256599755e+03
7.892731058034451053e+03
7.952574442420882406e+03
8.014860376048955004e+03
8.079588854373469076e+03
8.146759872671100311e+03
8.216373426040263439e+03
8.288429509401021278e+03
8.362928117495221159e+03
8.439869244886631350e+03
8.519252885960577260e+03
8.601079034924350708e+03
8.685347685806755180e+03
8.772058832458606048e+03
8.861212468552093924e+03
8.952808587581739630e+03
9.046847182863393755e+03
9.143328247534691400e+03
9.242251774555234078e+03
9.343617756706225919e+03
9.447426186590746511e+03
9.553677056633432585e+03
9.662370359080750859e+03
9.773506086001270887e+03
9.887084229284664616e+03
1.000310478064307063e+04
1.012156773160977536e+04
7.292207795694412198e+03
7.293446584966523005e+03
7.297162952689541271e+03
7.303356898584024748e+03
7.312028422183902876e+03
7.323177522836977005e+03
7.336804199704374696e+03
7.352908451761140896e+03
7.371490277795828661e+03
7.392549676410408210e+03
7.416086646020812623e+03
7.442101184856437612e+03
7.470593290960187005e+03
7.501562962188791062e+03
7.535010196212533629e+03
7.570934990515161189e+03
7.609337342394246662e+03
7.650217248960825600e+03
7.693574707139805469e+03
7.739409713669419943e+03
7.787722265101547237e+03
7.838512357802073893e+03
7.891779987949894348e+03
7.947525151538093269e+03
8.005747844372945110e+03
8.066448062074641712e+03
8.129625800076792075e+03
8.195281053626831635e+03
8.263413817785658466e+03
8.334024087427724226e+03
8.407111857241352482e+03
8.482677121728238490e+03
8.560719875203812990e+03
8.641240111797242207e+03
8.724237825451018580e+03
8.809713009921506455e+03
8.897665658778669240e+03
8.988095765405842030e+03
9.081003323000322780e+03
9.176388324572781130e+03
9.274250762947713156e+03
9.374590630762986621e+03
9.477407920470341196e+03
9.582702624334979191e+03
9.690474734435747450e+03
9.800724242665046404e+03
9.913451140729148392e+03
1.002865542014769744e+04
1.014633707225393664e+04
1.026649608819507193e+04
7.396539936614954058e+03
7.397796448401095404e+03
7.401565983662112558e+03
7.407848542105512024e+03
7.416644123244259390e+03
7.427952726396233629e+03
7.441774350684272576e+03
7.458108995036582201e+03
7.476956658186554705e+03
7.498317338672268306e+03
7.522191034837396728e+03
7.548577744830345182e+03
7.577477466604887013e+03
7.608890197919754428e+03
7.642815936338865868e+03
7.679254679231235059e+03
7.718206423771061964e+03
7.759671166937505404e+03
7.803648905514955914e+03
7.850139636092762885e+03
7.899143355065689320e+03
7.950660058633229710e+03
8.004689742800428576e+03
8.061232403376970979e+03
8.120288035978001062e+03
8.181856636023530882e+03
8.245938198738940628e+03
8.312532719154660299e+03
8.381640192105896858e+03
8.453260612233543725e+03
8.527393973983043907e+03
8.604040271605390444e+03
8.683199499156398815e+03
8.764871650497116207e+03
8.849056719293730566e+03
8.935754699017434177e+03
9.024965582944651032e+03
9.116689364156900410e+03
9.210926035540705925e+03
9.307675589787868375e+03
9.406938019395056472e+03
9.508713316664352533e+03
9.613001473702706789e+03
9.719802482422255707e+03
9.829116334540367461e+03
9.940943021579414562e+03
1.005528253486677386e+04
1.017213486553519033e+04
1.029150000452227687e+04
1.041337794257105998e+04
7.502276393039392133e+03
7.503550865823535787e+03
7.507374284074012394e+03
7.513746647485095309e+03
7.522667955547467500e+03
7.534138207547766797e+03
7.548157402569131591e+03
7.564725539490609663e+03
7.583842616987612928e+03
7.605508633531917440e+03
7.629723587391254114e+03
7.656487476629763478e+03
7.685800299107631872e+03
7.717662052481500723e+03
7.752072734204148219e+03
7.789032341524307412e+03
7.828540871487348340e+03
7.870598320934459480e+03
7.915204686503420817e+03
7.962359964627876252e+03
8.012064151538106671e+03
8.064317243260120449e+03
8.119119235616517471e+03
8.176470124225943437e+03
8.236369904503362704e+03
8.298818571659876397e+03
8.363816120702813350e+03
8.431362546435730110e+03
8.501457843458501884e+03
8.574102006167004220e+03
8.649295028753567749e+03
8.727036905206523443e+03
8.807327629310566408e+03
8.890167194646664939e+03
8.975555594591787667e+03
9.063492822319358311e+03
9.153978870798800926e+03
9.247013732795903707e+03
9.342597400872591606e+03
9.440729867387108243e+03
9.541411124493879470e+03
9.644641164143422429e+03
9.750419978082709349e+03
9.858747557854667320e+03
9.969623894798723995e+03
1.008304898005017094e+04
1.019902280454084575e+04
1.031754535899863185e+04
1.043861663394791321e+04
1.056223661970871035e+04
7.609434272890439388e+03
7.610726947980083423e+03
7.614604973142377276e+03
7.621068348057815456e+03
7.630117072193615968e+03
7.641751144803947682e+03
7.655970564930066757e+03
7.672775331400043797e+03
7.692165442828809319e+03
7.714140897618290182e+03
7.738701693957273164e+03
7.765847829821586856e+03
7.795579302973874292e+03
7.827896110963683896e+03
7.862798251127514959e+03
7.900285720588954064e+03
7.940358516258129384e+03
7.983016634832529235e+03
8.028260072796183522e+03
8.076088826420345868e+03
8.126502891762993386e+03
8.179502264669054057e+03
8.235086940770452202e+03
8.293256915485926584e+03
8.354012184021348730e+03
8.417352741369177238e+03
8.483278582309094418e+03
8.551789701407642497e+03
8.622886093018132669e+03
8.696567751280781522e+03
8.772834670123074829e+03
8.851686843259039961e+03
8.933124264189837049e+03
9.017146926203395196e+03
9.103754822374730793e+03
9.192947945565674672e+03
9.284726288424963059e+03
9.379089843388328518e+03
9.476038602678409006e+03
9.575572558304702397e+03
9.677691702063748380e+03
9.782396025538764661e+03
9.889685520100192662e+03
9.999560176905242770e+03
1.011201998689798529e+04
1.022706494080957782e+04
1.034469502915799239e+04
1.046491024224797002e+04
1.058771057017156636e+04
1.071309600280746963e+04
7.718029918753927632e+03
7.719341040190374770e+03
7.723274404388394032e+03
7.729830011013882540e+03
7.739007859509729315e+03
7.750807949096088123e+03
7.765230278770468431e+03
7.782274847307508026e+03
7.801941653258973020e+03
7.824230694953894272e+03
7.849141970498521914e+03
7.876675477776234402e+03
7.906831214447583989e+03
7.939609177950569574e+03
7.975009365500091008e+03
8.013031774088449311e+03
8.053676400485028353e+03
8.096943241236522226e+03
8.142832292666798821e+03
8.191343550876763402e+03
8.242477011744813353e+03
8.296232670926337960e+03
8.352610523853945779e+03
8.411610565737510115e+03
8.473232791564123545e+03
8.537477196098052445e+03
8.604343773880691515e+03
8.673832519230745675e+03
8.745943426244139118e+03
8.820676488793787939e+03
8.898031700530145827e+03
8.978009054880567419e+03
9.060608545049717577e+03
9.145830164019480435e+03
9.233673904549050349e+03
9.324139759174659048e+03
9.417227720209666586e+03
9.512937779744970612e+03
9.611269929648278776e+03
9.712224161564745373e+03
9.815800466916743972e+03
9.921998836903594565e+03
1.003081926250220022e+04
1.014226173446636494e+04
1.025632624332711202e+04
1.037301277939291140e+04
1.049232133274927037e+04
1.061425189325864267e+04
1.073880445056129247e+04
1.086597899407424848e+04
7.828078348068811465e+03
7.829408162469871968e+03
7.833397605556865528e+03
7.840046676980091434e+03
7.849355376157382125e+03
7.861323702273239178e+03
7.875951654279424474e+03
7.893239230894641878e+03
7.913186430604673660e+03
7.935793251662471448e+03
7.961059692087746953e+03
7.988985749667517666e+03
8.019571421955652113e+03
8.052816706273188174e+03
8.088721599708287613e+03
8.127286099115826801e+03
8.168510201118124314e+03
8.212393902104258814e+03
8.258937198230523791e+03
8.308140085420109244e+03
8.360002559363283581e+03
8.414524615517575512e+03
8.471706249107182884e+03
8.531547455123654800e+03
8.594048228325527816e+03
8.659208563238189527e+03
8.727028454154378778e+03
8.797507895133503553e+03
8.870646880002414036e+03
8.946445402354629550e+03
9.024903455551066145e+03
9.106021032719445429e+03
9.189798126754567420e+03
9.276234730318356014e+03
9.365330835839722567e+03
9.457086435514565892e+03
9.551501521306090581e+03
9.648576084944079412e+03
9.748310117925757368e+03
9.850703611515336888e+03
9.955756556743881447e+03
1.006346894440971482e+04
1.017384076507805730e+04
1.028687200908116210e+04
1.040256266651854276e+04
1.052091272725647286e+04
1.064192218092830444e+04
1.076559101693483171e+04
1.089191922444333613e+04
1.102090679238835946e+04
7.939594457002203853e+03
7.940943213556874980e+03
7.944989483099061545e+03
7.951733265263465000e+03
7.961174559441178644e+03
7.973313364779642143e+03
7.988149680182687007e+03
8.005683504310809440e+03
8.025914835580670115e+03
8.048843672165457974e+03
8.074470011994844754e+03
8.102793852754757609e+03
8.133815191887833862e+03
8.167534026592784357e+03
8.203950353825075581e+03
8.243064170296247539e+03
8.284875472474641356e+03
8.329384256584808099e+03
8.376590518607645208e+03
8.426494254280760288e+03
8.479095459097925414e+03
8.534394128309395455e+03
8.592390256921953551e+03
8.653083839698683732e+03
8.716474871159243776e+03
8.782563345579455927e+03
8.851349256991898073e+03
8.922832599185312574e+03
8.997013365704970056e+03
9.073891549852578464e+03
9.153467144686237589e+03
9.235740143020530013e+03
9.320710537426339215e+03
9.408378320231122416e+03
9.498743483518592257e+03
9.591806019129126071e+03
9.687565918659311137e+03
9.786023173462263003e+03
9.887177774647352635e+03
9.991029713080752117e+03
1.009757897938470705e+04
1.020682556393790037e+04
1.031876945687572515e+04
1.043341064808973897e+04
1.055074912722793670e+04
1.067078488369497791e+04
1.079351790665159569e+04
1.091894818501532427e+04
1.104707570745958947e+04
1.117790046241507298e+04
8.052593189211484059e+03
8.053961139735156394e+03
8.058064991179253411e+03
8.064904743161378065e+03
8.074480395045020487e+03
8.086791945938921344e+03
8.101839394696889940e+03
8.119622739918213483e+03
8.140141979947611617e+03
8.163397112874963568e+03
8.189388136535535523e+03
8.218115048509935150e+03
8.249577846124111602e+03
8.283776526449310040e+03
8.320711086302071635e+03
8.360381522244233565e+03
8.402787830583110917e+03
8.447930007371314787e+03
8.495808048406570379e+03
8.546421949232126281e+03
8.599771705136481614e+03
8.655857311153613409e+03
8.714678762062612805e+03
8.776236052387957898e+03
8.840529176399468270e+03
8.907558128112441409e+03
8.977322901287152490e+03
9.049823489429536494e+03
9.125059885790687986e+03
9.203032083367088489e+03
9.283740074900515538e+03
9.367183852878088146e+03
9.453363409532221340e+03
9.542278736840626152e+03
9.633929826526446050e+03
9.728316670058165982e+03
9.825439258649385010e+03
9.925297583259225576e+03
1.002789163459206065e+04
1.013322140309769566e+04
1.024128687897109558e+04
1.035208805215261236e+04
1.046562491232798493e+04
1.058189744892815725e+04
1.070090565112950571e+04
1.082264950785383917e+04
1.094712900776794413e+04
1.107434413928422146e+04
1.120429489056032253e+04
1.133698124949924022e+04
8.167089497966662748e+03
8.168476896927177222e+03
8.172639093675661570e+03
8.179576087812665719e+03
8.189287878672485022e+03
8.201774465323296681e+03
8.217035846566614055e+03
8.235072020938150672e+03
8.255882986706956217e+03
8.279468741876053173e+03
8.305829284182027550e+03
8.334964611095392684e+03
8.366874719820043538e+03
8.401559607294029774e+03
8.439019270188737210e+03
8.479253704909615408e+03
8.522262907595541037e+03
8.568046874119227141e+03
8.616605600087268613e+03
8.667939080839687449e+03
8.722047311450478446e+03
8.778930286727290877e+03
8.838588001211292067e+03
8.901020449177758564e+03
8.966227624635439497e+03
9.034209521326874892e+03
9.104966132728259254e+03
9.178497452049532512e+03
9.254803472234516448e+03
9.333884185960596369e+03
9.415739585638766584e+03
9.500369663414130628e+03
9.587774411165173660e+03
9.677953820504217219e+03
9.770907882777237319e+03
9.866636589064137297e+03
9.965139930178338545e+03
1.006641789666705336e+04
1.017047047881128492e+04
1.027729766662555448e+04
1.038689944985844704e+04
1.049927581799197469e+04
1.061442676024198590e+04
1.073235226555807458e+04
1.085305232262335267e+04
1.097652691985531419e+04
1.110277604540387983e+04
1.123179968715430732e+04
1.136359783272455388e+04
1.149817046946627670e+04
8.283099186771551103e+03
8.284506291329716987e+03
8.288727604865016474e+03
8.295763126959946021e+03
8.305612856918378384e+03
8.318276793765926413e+03
8.333754936249806633e+03
8.352047282838748288e+03
8.373153831723311669e+03
8.397074580815342415e+03
8.423809527748426262e+03
8.453358669877889042e+03
8.485722004280387409e+03
8.520899527754363589e+03
8.558891236819727055e+03
8.599697127718036427e+03
8.643317196412635894e+03
8.689751438588245946e+03
8.738999849651145269e+03
8.791062424729489067e+03
8.845939158672626945e+03
8.903630046051875979e+03
8.964135081159975016e+03
9.027454258011357524e+03
9.093587570341878745e+03
9.162535011609224966e+03
9.234296574992504247e+03
9.308872253392473795e+03
9.386262039431449011e+03
9.466465925453485397e+03
9.549483903524151174e+03
9.635315965430527285e+03
9.723962102681525721e+03
9.815422306507252870e+03
9.909696567859873539e+03
1.000678487741283789e+04
1.010668722556147259e+04
1.020940360242225324e+04
1.031493399783371387e+04
1.042327840135581027e+04
1.053443680227001096e+04
1.064840918957957001e+04
1.076519555200911782e+04
1.088479587800502486e+04
1.100721015573526529e+04
1.113243837308937145e+04
1.126048051767847937e+04
1.139133657683541969e+04
1.152500653761444482e+04
1.166149038679141086e+04
8.400639475157231573e+03
8.402066545231673445e+03
8.406347755309298009e+03
8.413483104953547809e+03
8.423472593436781608e+03
8.436316219740137967e+03
8.452013982553899041e+03
8.470565880277035831e+03
8.491971911017708408e+03
8.516232072592674740e+03
8.543346362527972815e+03
8.573314778058193042e+03
8.606137316127205850e+03
8.641813973387615988e+03
8.680344746200898953e+03
8.721729630637719310e+03
8.765968622477294048e+03
8.813061717208074697e+03
8.863008910027292586e+03
8.915810195841140740e+03
8.971465569264773876e+03
9.029975024622081037e+03
9.091338555946185807e+03
9.155556156978900617e+03
9.222627821171045071e+03
9.292553541682354989e+03
9.365333311381482417e+03
9.440967122846086568e+03
9.519454968362560976e+03
9.600796839926442772e+03
9.684992729242048881e+03
9.772042627722612451e+03
9.861946526490464748e+03
9.954704416376671361e+03
1.005031628792125957e+04
1.014878213137330931e+04
1.025010193669068030e+04
1.035427569354014850e+04
1.046130339129754248e+04
1.057118501904760706e+04
1.068392056558382137e+04
1.079951001940880815e+04
1.091795336873401538e+04
1.103925060147976183e+04
1.116340170527546434e+04
1.129040666745922863e+04
1.142026547507848591e+04
1.155297811488899242e+04
1.168854457335592087e+04
1.182696483665322376e+04
8.519727651487619369e+03
8.521174949755459238e+03
8.525516844407002282e+03
8.532753334985591209e+03
8.542884420730479178e+03
8.555910100576647892e+03
8.571830373154534755e+03
8.590645236790351191e+03
8.612354689506173600e+03
8.636958729019397651e+03
8.664457352743329466e+03
8.694850557787049183e+03
8.728138340955047170e+03
8.764320698747815186e+03
8.803397627361073319e+03
8.845369122686679475e+03
8.890235180311901786e+03
8.937995795519736930e+03
8.988650963289001083e+03
9.042200678293875171e+03
9.098644934904632464e+03
9.157983727186956457e+03
9.220217048902122770e+03
9.285344893507317465e+03
9.353367254155455157e+03
9.424284123694724258e+03
9.498095494669405525e+03
9.574801359319371841e+03
9.654401709579906310e+03
9.736896537082384384e+03
9.822285833153546264e+03
9.910569588815951647e+03
1.000174779478770688e+04
1.009582044148287423e+04
1.019278751901088071e+04
1.029264901717697285e+04
1.039540492548212569e+04
1.050105523312295190e+04
1.060959992899161080e+04
1.072103900167612665e+04
1.083537243946016133e+04
1.095260023032301433e+04
1.107272236193966819e+04
1.119573882168078853e+04
1.132164959661276953e+04
1.145045467349755199e+04
1.158215403879303267e+04
1.171674767865215472e+04
1.185423557892445388e+04
1.199461772515469420e+04
8.640379791608484084e+03
8.641847583420349110e+03
8.646250958696782618e+03
8.653589916960618211e+03
8.663864457416320874e+03
8.677074578950487194e+03
8.693220280131299660e+03
8.712301559208708568e+03
8.734318414114886764e+03
8.759270842463365625e+03
8.787158841549899080e+03
8.817982408351826962e+03
8.851741539528484282e+03
8.888436231420973854e+03
8.928066480052120824e+03
8.970632281126745511e+03
9.016133630031526991e+03
9.064570521834775718e+03
9.115942951286842799e+03
9.170250912819847144e+03
9.227494400547675468e+03
9.287673408266118713e+03
9.350787929452872049e+03
9.416837957267216552e+03
9.485823484550610374e+03
9.557744503826052096e+03
9.632601007298535478e+03
9.710392986854867559e+03
9.791120434063577704e+03
9.874783340175235935e+03
9.961381696121952700e+03
1.005091549251810648e+04
1.014338471965947974e+04
1.023878936752385016e+04
1.033712942577099057e+04
1.043840488374216875e+04
1.054261573046087506e+04
1.064976195463200384e+04
1.075984354464285389e+04
1.087286048856194611e+04
1.098881277414002398e+04
1.110770038880955326e+04
1.122952331968472208e+04
1.135428155356203206e+04
1.148197507691884311e+04
1.161260387591555627e+04
1.174616793639352181e+04
1.188266724387622162e+04
1.202210178356917822e+04
1.216447154035931817e+04
8.762611420388520855e+03
8.764099973728207260e+03
8.768565633580828944e+03
8.776008399447573538e+03
8.786428270496708137e+03
8.799825245564079523e+03
8.816199323152795841e+03
8.835550501433499448e+03
8.857878778243912166e+03
8.883184151089426450e+03
8.911466617142559699e+03
8.942726173243272569e+03
8.976962815898923509e+03
9.014176541284268751e+03
9.054367345241280418e+03
9.097535223279510319e+03
9.143680170575680677e+03
9.192802181974093401e+03
9.244901251986084390e+03
9.299977374790796603e+03
9.358030544234270565e+03
9.419060753830262911e+03
9.483067996759746165e+03
9.550052265871090640e+03
9.620013553680018958e+03
9.692951852369742483e+03
9.768867153790506563e+03
9.847759449460318137e+03
9.929628730564354555e+03
1.001447498795514548e+04
1.010229821215266384e+04
1.019309839334405297e+04
1.028687552138417232e+04
1.038362958579486985e+04
1.048336057576566418e+04
1.058606848015333526e+04
1.069175328748192442e+04
1.080041498594291625e+04
1.091205356339519312e+04
1.102666900736508069e+04
1.114426130504598405e+04
1.126483044329888799e+04
1.138837640865231151e+04
1.151489918730176214e+04
1.164439876511023613e+04
1.177687512760830941e+04
1.191232825999368288e+04
1.205075814713154614e+04
1.219216477355430470e+04
1.233654812346203471e+04
8.886437618976515296e+03
8.887947204481952213e+03
8.892475960824276626e+03
8.900023887481984275e+03
8.910590983585598224e+03
8.924177247918078137e+03
8.940782678914411008e+03
8.960407274661929478e+03
8.983051032900311839e+03
9.008713951021400135e+03
9.037396026069200161e+03
9.069097254740154312e+03
9.103817633382641361e+03
9.141557157997658578e+03
9.182315824238094137e+03
9.226093627409454712e+03
9.272890562469046927e+03
9.322706624026977806e+03
9.375541806344972429e+03
9.431396103337465320e+03
9.490269508571009283e+03
9.552162015264275396e+03
9.617073616288416815e+03
9.685004304166614020e+03
9.755954071074302192e+03
9.829922908839353113e+03
9.906910808941711366e+03
9.986917762513576236e+03
1.006994376033953813e+04
1.015598879285621479e+04
1.024505285015270601e+04
1.033713592197004800e+04
1.043223799770184996e+04
1.053035906639383938e+04
1.063149911674390751e+04
1.073565813710220027e+04
1.084283611547120927e+04
1.095303303950572626e+04
1.106624889651261583e+04
1.118248367345081533e+04
1.130173735693224444e+04
1.142400993321998612e+04
1.154930138823037851e+04
1.167761170753155966e+04
1.180894087634360403e+04
1.194328887953961384e+04
1.208065570164408200e+04
1.222104132683434727e+04
1.236444573893977577e+04
1.251086892144194280e+04
9.011872731191260755e+03
9.013403622192754483e+03
9.017996295015655051e+03
9.025650749114538485e+03
9.036366983580410306e+03
9.050144997140978376e+03
9.066984788160198150e+03
9.086886354638409102e+03
9.109849694212607574e+03
9.135874804156037499e+03
9.164961681378417779e+03
9.197110322426033235e+03
9.232320723481416280e+03
9.270592880363801669e+03
9.311926788528626275e+03
9.356322443067892891e+03
9.403779838709942851e+03
9.454298969819637932e+03
9.507879830398405829e+03
9.564522414083785407e+03
9.624226714150063344e+03
9.686992723507819392e+03
9.752820434704199215e+03
9.821709839922596075e+03
9.893660930983014623e+03
9.968673699341798056e+03
1.004674813609181001e+04
1.012788423196243457e+04
1.021208197731912151e+04
1.029934136216420484e+04
1.038966237613626618e+04
1.048304500851036209e+04
1.057948924819793319e+04
1.067899508374689503e+04
1.078156250334159267e+04
1.088719149480289161e+04
1.099588204558799589e+04
1.110763414279072094e+04
1.122244777314099338e+04
1.134032292300553308e+04
1.146125957838730756e+04
1.158525772492575925e+04
1.171231734789671464e+04
1.184243843221283896e+04
1.197562096242263578e+04
1.211186492271135648e+04
1.225117029690081836e+04
1.239353706844876797e+04
1.253896522045015445e+04
1.268745473563585620e+04
9.138931272783474924e+03
9.140483745315395936e+03
9.145141162720847205e+03
9.152903524429939353e+03
9.163770829492523262e+03
9.177743076578144610e+03
9.194820263976544084e+03
9.215002389597384536e+03
9.238289450970114558e+03
9.264681445244286806e+03
9.294178369189239675e+03
9.326780219194279198e+03
9.362486991268633574e+03
9.401298681041498639e+03
9.443215283761946921e+03
9.488236794299018584e+03
9.536363207141494058e+03
9.587594516398576161e+03
9.641930715798844176e+03
9.699371798691072399e+03
9.759917758043866343e+03
9.823568586445890105e+03
9.890324276105729950e+03
9.960184818851621458e+03
1.003315020613208617e+04
1.010922042901529494e+04
1.018839547818970459e+04
1.027067534396314841e+04
1.035606001626401849e+04
1.044454948464008339e+04
1.053614373825939765e+04
1.063084276590975605e+04
1.072864655599896651e+04
1.082955509655475907e+04
1.093356837522478600e+04
1.104068637927662166e+04
1.115090909559771717e+04
1.126423651069553671e+04
1.138066861069737570e+04
1.150020538135058814e+04
1.162284680802249568e+04
1.174859287569988737e+04
1.187744356899011109e+04
1.200939887211998212e+04
1.214445876893669265e+04
1.228262324290681136e+04
1.242389227711719286e+04
1.256826585427461396e+04
1.271574395670559170e+04
1.286632656635665626e+04
9.267630390434351284e+03
9.269204723304483196e+03
9.273927721716017913e+03
9.281799385073145459e+03
9.292819712382424768e+03
9.306988702253238444e+03
9.324306352897565375e+03
9.344772662130162644e+03
9.368387627368338144e+03
9.395151245632041537e+03
9.425063513544046145e+03
9.458124427329676109e+03
9.494333982817033757e+03
9.533692175436726757e+03
9.576199000222186442e+03
9.621854451809349484e+03
9.670658524437067172e+03
9.722611211946605181e+03
9.777712507782143803e+03
9.835962404990232244e+03
9.897360896220288851e+03
9.961907973724419207e+03
1.002960362935732519e+04
1.010044785457644139e+04
1.017444064044179868e+04
1.025158197761606971e+04
1.033187185636479626e+04
1.041531026655593450e+04
1.050189719766021881e+04
1.059163263875111625e+04
1.068451657850469019e+04
1.078054900519969124e+04
1.087972990671751177e+04
1.098205927054227686e+04
1.108753708376070790e+04
1.119616333306221350e+04
1.130793800473898045e+04
1.142286108468570092e+04
1.154093255839979975e+04
1.166215241098134356e+04
1.178652062713326814e+04
1.191403719116096909e+04
1.204470208697239286e+04
1.217851529807849147e+04
1.231547680759258583e+04
1.245558659823091148e+04
1.259884465231225477e+04
1.274525095175804381e+04
1.289480547809234849e+04
1.304750821244206236e+04
9.397988520608078034e+03
9.399584995431587231e+03
9.404374419694340759e+03
9.412356792773289271e+03
9.423532113630108142e+03
9.437900380810879142e+03
9.455461592446545183e+03
9.476215746252637473e+03
9.500162839529230041e+03
9.527302869161030685e+03
9.557635831617517397e+03
9.591161722952710988e+03
9.627880538805311517e+03
9.667792274398516383e+03
9.710896924540338659e+03
9.757194483623334236e+03
9.806684945624692773e+03
9.859368304106237701e+03
9.915244552214471696e+03
9.974313682680576676e+03
1.003657568782018643e+04
1.010203055953370495e+04
1.017067828930616997e+04
1.024251886820725304e+04
1.031755228689121395e+04
1.039577853559690084e+04
1.047719760414802295e+04
1.056180948195260498e+04
1.064961415800357827e+04
1.074061162087841694e+04
1.083480185873913797e+04
1.093218485933248303e+04
1.103276060998991852e+04
1.113652909762718082e+04
1.124349030874527671e+04
1.135364422942916462e+04
1.146699084534889153e+04
1.158353014175900171e+04
1.170326210349858229e+04
1.182618671499167249e+04
1.195230396024617221e+04
1.208161382285588843e+04
1.221411628599798860e+04
1.234981133243500153e+04
1.248869894451390792e+04
1.263077910416632221e+04
1.277605179290849264e+04
1.292451699184130121e+04
1.307617468165035461e+04
1.323102484260562051e+04
9.530023368238107651e+03
9.531642269387748456e+03
9.536498972619665437e+03
9.544593477282523963e+03
9.555925782290796633e+03
9.570495886124717799e+03
9.588303786830374520e+03
9.609349482019570132e+03
9.633632968869960678e+03
9.661154244125009427e+03
9.691913304093850456e+03
9.725910144651516021e+03
9.763144761238754654e+03
9.803617148862213071e+03
9.847327302094254264e+03
9.894275215072912033e+03
9.944460881502300253e+03
9.997884294651930759e+03
1.005454544735762283e+04
1.011444433202045730e+04
1.017758094060764051e+04
1.024395526465200419e+04
1.031356729525223273e+04
1.038641702307286323e+04
1.046250443834410362e+04
1.054182953086201451e+04
1.062439228998846374e+04
1.071019270465098998e+04
1.079923076334307552e+04
1.089150645412387348e+04
1.098701976461848062e+04
1.108577068201761904e+04
1.118775919307781805e+04
1.129298528412150517e+04
1.140144894103677871e+04
1.151315014927763514e+04
1.162808889386360534e+04
1.174626515938070952e+04
1.186767892997959279e+04
1.199233018937793531e+04
1.212021892085831496e+04
1.225134510726948065e+04
1.238570873102571568e+04
1.252330977410756532e+04
1.266414821806110922e+04
1.280822404399787047e+04
1.295553723259572507e+04
1.310608776409790153e+04
1.325987561831352650e+04
1.341690077461789770e+04
9.663751179735436381e+03
9.665392794249191866e+03
9.670317637563721291e+03
9.678525708998176924e+03
9.690017007417691275e+03
9.704791531233604474e+03
9.722849278403327844e+03
9.744190246430525804e+03
9.768814432364752065e+03
9.796721832801722485e+03
9.827912443883269589e+03
9.862386261297297096e+03
9.900143280277825397e+03
9.941183495604946074e+03
9.985506901605003804e+03
1.003311349215009614e+04
1.008400326065875561e+04
1.013817620009549501e+04
1.019563230297080736e+04
1.025637156134152974e+04
1.032039396681025210e+04
1.038769951052604483e+04
1.045828818318377671e+04
1.053215997502456958e+04
1.060931487583566195e+04
1.068975287495022712e+04
1.077347396124764600e+04
1.086047812315341616e+04
1.095076534863910638e+04
1.104433562522235661e+04
1.114118893996696897e+04
1.124132527948263487e+04
1.134474462992557164e+04
1.145144697699756762e+04
1.156143230594693705e+04
1.167470060156779255e+04
1.179125184820059076e+04
1.191108602973163215e+04
1.203420312959360672e+04
1.216060313076513921e+04
1.229028601577065274e+04
1.242325176668127824e+04
1.255950036511385406e+04
1.269903179223138068e+04
1.284184602874302072e+04
1.298794305490373517e+04
1.313732285051501094e+04
1.328998539492449709e+04
1.344593066702527722e+04
1.360515864525714278e+04
9.799187718702296479e+03
9.800852336260868469e+03
9.805846188699524646e+03
9.814169275306448981e+03
9.825821594895569433e+03
9.840803145806057728e+03
9.859113925902738629e+03
9.880753932576135412e+03
9.905723162741924170e+03
9.934021612841615934e+03
9.965649278842192871e+03
1.000060615623588092e+04
1.003889224004083189e+04
1.008050752480048686e+04
1.012545200458375803e+04
1.017372567298525610e+04
1.022532852312492651e+04
1.028026054764836772e+04
1.033852173872669482e+04
1.040011208805649403e+04
1.046503158685973176e+04
1.053328022588420936e+04
1.060485799540306289e+04
1.067976488521485408e+04
1.075800088464384316e+04
1.083956598253976154e+04
1.092446016727781171e+04
1.101268342675880376e+04
1.110423574840888250e+04
1.119911711917989123e+04
1.129732752554918989e+04
1.139886695351956405e+04
1.150373538861931593e+04
1.161193281590244624e+04
1.172345921994829041e+04
1.183831458486165502e+04
1.195649889427295420e+04
1.207801213133843703e+04
1.220285427873914159e+04
1.233102531868225924e+04
1.246252523290040699e+04
1.259735400265153658e+04
1.273551160871902539e+04
1.287699803141213124e+04
1.302181325056544665e+04
1.316995724553871696e+04
1.332142999521811362e+04
1.347623147801450614e+04
1.363436167186437160e+04
1.379582055423024940e+04
9.936346343088962385e+03
9.938034255980664966e+03
9.943097994407798979e+03
9.951537557626261332e+03
9.963352944396365274e+03
9.978544152981839943e+03
9.997111181151058190e+03
1.001905402617599066e+04
1.004437268483270600e+04
1.007306715340150731e+04
1.010513742766638643e+04
1.014058350291570605e+04
1.017940537394147213e+04
1.022160303503997056e+04
1.026717648001153975e+04
1.031612570216034328e+04
1.036845069429459727e+04
1.042415144872675228e+04
1.048322795727294761e+04
1.054568021125360247e+04
1.061150820149309766e+04
1.068071191831963915e+04
1.075329135156584925e+04
1.082924649056803901e+04
1.090857732416657200e+04
1.099128384070586435e+04
1.107736602803447568e+04
1.116682387350492718e+04
1.125965736397361070e+04
1.135586648580106157e+04
1.145545122485182219e+04
1.155841156649448749e+04
1.166474749560165947e+04
1.177445899654981076e+04
1.188754605321964846e+04
1.200400864899575026e+04
1.212384676676683739e+04
1.224706038892545621e+04
1.237364949736847848e+04
1.250361407349646470e+04
1.263695409821430076e+04
1.277366955193047033e+04
1.291376041455796440e+04
1.305722666551337170e+04
1.320406828371787924e+04
1.335428524759581705e+04
1.350787753507638627e+04
1.366484512359211294e+04
1.382518799008012138e+04
1.398890611098131558e+04
1.007523908579400995e+04
1.007695058888798485e+04
1.008208509791056713e+04
1.009064261208418429e+04
1.010262313011266997e+04
1.011802665018144580e+04
1.013685316995752146e+04
1.015910268658944915e+04
1.018477519670736910e+04
1.021387069642287315e+04
1.024638918132918661e+04
1.028233064650103188e+04
1.032169508649485579e+04
1.036448249534832939e+04
1.041069286658103010e+04
1.046032619319380501e+04
1.051338246766931661e+04
1.056986168197154257e+04
1.062976382754618498e+04
1.069308889532039757e+04
1.075983687570296752e+04
1.083000775858404268e+04
1.090360153333563176e+04
1.098061818881105864e+04
1.106105771334537167e+04
1.114492009475502527e+04
1.123220532033806194e+04
1.132291337687402120e+04
1.141704425062425798e+04
1.151459792733139693e+04
1.161557439221969616e+04
1.171997362999504730e+04
1.182779562484488451e+04
1.193904036043786618e+04
1.205370781992487537e+04
1.217179798593779196e+04
1.229331084058994747e+04
1.241824636547698901e+04
1.254660454167533317e+04
1.267838534974334834e+04
1.281358876972062717e+04
1.295221478112880504e+04
1.309426336297065063e+04
1.323973449373070252e+04
1.338862815137508733e+04
1.354094431335124682e+04
1.369668295658830175e+04
1.385584405749696089e+04
1.401842759196952102e+04
1.418443353537977600e+04
1.021588012985957903e+04
1.021761552063080671e+04
1.022282169267341487e+04
1.023149864517463357e+04
1.024364637677967949e+04
1.025926488559166501e+04
1.027835416917214388e+04
1.030091422454047461e+04
1.032694504817418419e+04
1.035644663600896820e+04
1.038941898343841785e+04
1.042586208531429293e+04
1.046577593594656719e+04
1.050916052910301914e+04
1.055601585800977773e+04
1.060634191535091304e+04
1.066013869326861823e+04
1.071740618336311854e+04
1.077814437669280778e+04
1.084235326377406636e+04
1.091003283458130682e+04
1.098118307854733757e+04
1.105580398456272633e+04
1.113389554097611835e+04
1.121545773559446388e+04
1.130049055568260883e+04
1.138899398796352216e+04
1.148096801861838685e+04
1.157641263328623609e+04
1.167532781706449896e+04
1.177771355450827286e+04
1.188356982963109658e+04
1.199289662590431362e+04
1.210569392625748151e+04
1.222196171307850818e+04
1.234169996821283348e+04
1.246490867296452052e+04
1.259158780809511882e+04
1.272173735382502855e+04
1.285535728983186345e+04
1.299244759525190602e+04
1.313300824867956180e+04
1.327703922816672275e+04
1.342454051122422243e+04
1.357551207482028985e+04
1.372995389538145901e+04
1.388786594879229597e+04
1.404924821039558083e+04
1.421410065499203483e+04
1.438242325684059324e+04
1.035828795172342325e+04
1.036004753031379551e+04
1.036532626580178658e+04
1.037412415733770104e+04
1.038644120350541016e+04
1.040227740232239739e+04
1.042163275123971289e+04
1.044450724714179159e+04
1.047090088634686253e+04
1.050081366460658501e+04
1.053424557710627596e+04
1.057119661846454619e+04
1.061166678273384605e+04
1.065565606340019258e+04
1.070316445338285121e+04
1.075419194503497238e+04
1.080873853014313681e+04
1.086680419992744646e+04
1.092838894504161544e+04
1.099349275557292458e+04
1.106211562104208497e+04
1.113425753040360178e+04
1.120991847204531950e+04
1.128909843378874029e+04
1.137179740288893299e+04
1.145801536603453314e+04
1.154775230934756109e+04
1.164100821838383126e+04
1.173778307813258834e+04
1.183807687301673468e+04
1.194188958689246647e+04
1.204922120304995588e+04
1.216007170421262344e+04
1.227444107253750190e+04
1.239232928961509970e+04
1.251373633646990129e+04
1.263866219355932117e+04
1.276710684077479527e+04
1.289907025744105340e+04
1.303455242231666489e+04
1.317355331359358388e+04
1.331607290889724027e+04
1.346211118528653969e+04
1.361166811925450020e+04
1.376474368672716082e+04
1.392133786306421825e+04
1.408145062305893589e+04
1.424508194093832572e+04
1.441223179036242072e+04
1.458290014442573010e+04
1.050248136765758318e+04
1.050426543686953664e+04
1.050961764420953841e+04
1.051853798878923953e+04
1.053102646912875571e+04
1.054708308315571230e+04
1.056670782820574459e+04
1.058990070102267964e+04
1.061666169775803610e+04
1.064699081397125155e+04
1.068088804462986445e+04
1.071835338410919576e+04
1.075938682619262181e+04
1.080398836407139243e+04
1.085215799034472184e+04
1.090389569701969776e+04
1.095920147551137234e+04
1.101807531664285307e+04
1.108051721064493904e+04
1.114652714715657567e+04
1.121610511522458182e+04
1.128925110330374082e+04
1.136596509925657301e+04
1.144624709035388150e+04
1.153009706327411550e+04
1.161751500410373410e+04
1.170850089833720631e+04
1.180305473087701102e+04
1.190117648603318230e+04
1.200286614752412788e+04
1.210812369847594709e+04
1.221694912142284011e+04
1.232934239830665319e+04
1.244530351047760632e+04
1.256483243869352009e+04
1.268792916312013404e+04
1.281459366333119760e+04
1.294482591830847014e+04
1.307862590644181182e+04
1.321599360552863800e+04
1.335692899277428296e+04
1.350143204479245469e+04
1.364950273760459822e+04
1.380114104663989565e+04
1.395634694673562990e+04
1.411512041213691191e+04
1.427746141649704441e+04
1.444336993287706719e+04
1.461284593374593896e+04
1.478588939098053743e+04
1.064847704505355068e+04
1.065028591032537406e+04
1.065571250583147958e+04
1.066475683064354598e+04
1.067741888321461374e+04
1.069369866137867575e+04
1.071359616235090471e+04
1.073711138272788048e+04
1.076424431848718086e+04
1.079499496498742701e+04
1.082936331696869274e+04
1.086734936855191336e+04
1.090895311323952228e+04
1.095417454391476895e+04
1.100301365284235544e+04
1.105547043166807271e+04
1.111154487141875506e+04
1.117123696250259854e+04
1.123454669470879708e+04
1.130147405720772440e+04
1.137201903855111595e+04
1.144618162667161414e+04
1.152396180888331401e+04
1.160535957188108114e+04
1.169037490174137019e+04
1.177900778392149732e+04
1.187125820326009489e+04
1.196712614397706602e+04
1.206661158967326628e+04
1.216971452333064008e+04
1.227643492731258448e+04
1.238677278336363088e+04
1.250072807260930858e+04
1.261830077555632670e+04
1.273949087209275604e+04
1.286429834148766531e+04
1.299272316239130305e+04
1.312476531283491568e+04
1.326042477023156607e+04
1.339970151137458743e+04
1.354259551243922033e+04
1.368910674898152138e+04
1.383923519593872697e+04
1.399298082762925333e+04
1.415034361775260550e+04
1.431132353938992310e+04
1.447592056500279796e+04
1.464413466643454740e+04
1.481596581490948665e+04
1.499141398103283791e+04
1.079629052302534546e+04
1.079812449240926071e+04
1.080362640023736276e+04
1.081279624553967551e+04
1.082563402669916286e+04
1.084213974145186512e+04
1.086231338688735377e+04
1.088615495944818576e+04
1.091366445493022184e+04
1.094484186848244462e+04
1.097968719460714055e+04
1.101820042715967247e+04
1.106038155934857059e+04
1.110623058373580534e+04
1.115574749223637809e+04
1.120893227611845759e+04
1.126578492600365280e+04
1.132630543186637624e+04
1.139049378303452613e+04
1.145834996818925902e+04
1.152987397536480785e+04
1.160506579194852748e+04
1.168392540468103107e+04
1.176645279965628106e+04
1.185264796232131630e+04
1.194251087747643396e+04
1.203604152927496216e+04
1.213323990122362375e+04
1.223410597618235442e+04
1.233863973636412084e+04
1.244684116333519341e+04
1.255871023801519186e+04
1.267424694067667588e+04
1.279345125094550895e+04
1.291632314780090383e+04
1.304286260957487684e+04
1.317306961395315739e+04
1.330694413797436937e+04
1.344448615803021312e+04
1.358569564986619298e+04
1.373057258858025307e+04
1.387911694862395962e+04
1.403132870380204622e+04
1.418720782727259575e+04
1.434675429154631274e+04
1.450996806848779670e+04
1.467684912931454164e+04
1.484739744459720896e+04
1.502161298425971836e+04
1.519949571757915692e+04
1.094593605720124287e+04
1.094779544132238698e+04
1.095337359334785106e+04
1.096267051226363947e+04
1.097568619637972915e+04
1.099242064332993323e+04
1.101287385007244666e+04
1.103704581288898225e+04
1.106493652738558922e+04
1.109654598849206195e+04
1.113187419046239484e+04
1.117092112687455483e+04
1.121368679063020863e+04
1.126017117395535934e+04
1.131037426839980071e+04
1.136429606483743555e+04
1.142193655346600281e+04
1.148329572380739592e+04
1.154837356470734449e+04
1.161717006433564165e+04
1.168968521018614410e+04
1.176591898907659015e+04
1.184587138714873618e+04
1.192954238986822020e+04
1.201693198202492567e+04
1.210804014773252675e+04
1.220286687042867015e+04
1.230141213287511164e+04
1.240367591715744311e+04
1.250965820468545644e+04
1.261935897619277966e+04
1.273277821173696793e+04
1.284991589069977636e+04
1.297077199178675073e+04
1.309534649302759135e+04
1.322363937177569824e+04
1.335565060470898970e+04
1.349138016782862906e+04
1.363082803646047978e+04
1.377399418525410510e+04
1.392087858818285895e+04
1.407148121854434066e+04
1.422580204896012219e+04
1.438384105137556617e+04
1.454559819706028065e+04
1.471107345660784631e+04
1.488026679993554353e+04
1.505317819628480720e+04
1.522980761422122669e+04
1.541015502163409110e+04
1.109742554307990758e+04
1.109931065507425956e+04
1.110496599070388584e+04
1.111439154890913414e+04
1.112758732792358387e+04
1.114455332527445535e+04
1.116528953778224604e+04
1.118979596156109437e+04
1.121807259201864326e+04
1.125011942385572183e+04
1.128593645106702752e+04
1.132552366694039847e+04
1.136888106405726830e+04
1.141600863429248420e+04
1.146690636881453429e+04
1.152157425808518383e+04
1.158001229185970260e+04
1.164222045918700132e+04
1.170819874840917691e+04
1.177794714716201270e+04
1.185146564237461462e+04
1.192875422026972956e+04
1.200981286636342702e+04
1.209464156546528102e+04
1.218324030167841556e+04
1.227560905839936822e+04
1.237174781831804466e+04
1.247165656341794602e+04
1.257533527497598698e+04
1.268278393356258675e+04
1.279400251904171455e+04
1.290899101057057123e+04
1.302774938659995314e+04
1.315027762487434302e+04
1.327657570243127338e+04
1.340664359560214507e+04
1.354048128001149962e+04
1.367808873057756500e+04
1.381946592151198274e+04
1.396461282631971699e+04
1.411352941779960020e+04
1.426621566804342365e+04
1.442267154843684693e+04
1.458289702965867036e+04
1.474689208168165351e+04
1.491465667377133286e+04
1.508619077448729513e+04
1.526149435168235868e+04
1.544056737250284641e+04
1.562340980338849477e+04
1.125077076678194317e+04
1.125268192227476902e+04
1.125841538838390079e+04
1.126797116400189225e+04
1.128134924728256010e+04
1.129854963564157515e+04
1.131957232575591661e+04
1.134441731356455421e+04
1.137308459426767513e+04
1.140557416232722971e+04
1.144188601146670408e+04
1.148202013467125653e+04
1.152597652418744474e+04
1.157375517152372595e+04
1.162535606744977486e+04
1.168077920199716573e+04
1.174002456445887219e+04
1.180309214338954007e+04
1.186998192660548739e+04
1.194069390118434058e+04
1.201522805346558016e+04
1.209358436905017697e+04
1.217576283280072857e+04
1.226176342884141377e+04
1.235158614055799262e+04
1.244523095059767002e+04
1.254269784086941399e+04
1.264398679254409217e+04
1.274909778605315296e+04
1.285803080109089933e+04
1.297078581661235148e+04
1.308736281083420181e+04
1.320776176123545156e+04
1.333198264455550088e+04
1.346002543679642258e+04
1.359189011322141596e+04
1.372757664835526157e+04
1.386708501598404837e+04
1.401041518915617416e+04
1.415756714018098137e+04
1.430854084062993934e+04
1.446333626133546204e+04
1.462195337239218134e+04
1.478439214315585559e+04
1.495065254224400633e+04
1.512073453753591821e+04
1.529463809617218431e+04
1.547236318455516084e+04
1.565390976834869434e+04
1.583927781247803068e+04
1.140598769325310968e+04
1.140792521042653789e+04
1.141373776156133317e+04
1.142342534549961783e+04
1.143698796031217171e+04
1.145442560329815933e+04
1.147573827098472066e+04
1.150092595912747129e+04
1.152998866271032057e+04
1.156292637594538064e+04
1.159973909227310287e+04
1.164042680436223236e+04
1.168498950410980797e+04
1.173342718264107134e+04
1.178573983030964882e+04
1.184192743669732408e+04
1.190198999061444738e+04
1.196592748009934439e+04
1.203373989241877098e+04
1.210542721406782221e+04
1.218098943076975047e+04
1.226042652747610191e+04
1.234373848836689831e+04
1.243092529685022782e+04
1.252198693556256330e+04
1.261692338636867134e+04
1.271573463036156681e+04
1.281842064786269475e+04
1.292498141842152108e+04
1.303541692081598740e+04
1.314972713305232901e+04
1.326791203236498404e+04
1.338997159521659341e+04
1.351590579729836463e+04
1.364571461352970800e+04
1.377939801805805473e+04
1.391695598425949356e+04
1.405838848473813414e+04
1.420369549132628890e+04
1.435287697508501878e+04
1.450593290630322372e+04
1.466286325449837022e+04
1.482366798841594573e+04
1.498834707603009520e+04
1.515690048454280259e+04
1.532932818038443656e+04
1.550563012921420523e+04
1.568580629591897377e+04
1.586985664461399210e+04
1.605778113864298575e+04
1.156309451006086420e+04
1.156505870967844203e+04
1.157095130812799653e+04
1.158077230419967236e+04
1.159452169587739263e+04
1.161219948033831315e+04
1.163380565395309532e+04
1.165934021228617894e+04
1.168880315009519109e+04
1.172219446133153724e+04
1.175951413913994656e+04
1.180076217585851737e+04
1.184593856301926280e+04
1.189504329134729232e+04
1.194807635076149381e+04
1.200503773037398787e+04
1.206592741849076447e+04
1.213074540261095535e+04
1.219949166942742522e+04
1.227216620482636245e+04
1.234876899388764286e+04
1.242930002088451147e+04
1.251375926928380977e+04
1.260214672174588486e+04
1.269446236012431655e+04
1.279070616546659949e+04
1.289087811801346106e+04
1.299497819719917970e+04
1.310300638165172131e+04
1.321496264919223904e+04
1.333084697683543709e+04
1.345065934078984355e+04
1.357439971645726473e+04
1.370206807843296701e+04
1.383366440050558595e+04
1.396918865565776287e+04
1.410864081606514446e+04
1.425202085309711038e+04
1.439932873731622749e+04
1.455056443847925038e+04
1.470572792553575709e+04
1.486481916662924050e+04
1.502783812909610788e+04
1.519478477946722705e+04
1.536565908346628930e+04
1.554046100601053695e+04
1.571919051121076336e+04
1.590184756237149486e+04
1.608843212199044501e+04
1.627894415175896938e+04
1.172210847446303887e+04
1.172409967982239323e+04
1.173007329547913287e+04
1.174002932016901468e+04
1.175396775178492135e+04
1.177188858737681585e+04
1.179379182315219623e+04
1.181967745447532252e+04
1.184954547586789886e+04
1.188339588100861874e+04
1.192122866273339241e+04
1.196304381303539230e+04
1.200884132306482570e+04
1.205862118312916209e+04
1.211238338269299675e+04
1.217012791037809620e+04
1.223185475396339825e+04
1.229756390038505742e+04
1.236725533573626308e+04
1.244092904526751227e+04
1.251858501338642782e+04
1.260022322365780383e+04
1.268584365880351470e+04
1.277544630070287894e+04
1.286903113039188611e+04
1.296659812806419723e+04
1.306814727307037174e+04
1.317367854391832225e+04
1.328319191827276882e+04
1.339668737295614847e+04
1.351416488394743283e+04
1.363562442638331049e+04
1.376106597455727751e+04
1.389048950192027405e+04
1.402389498108032058e+04
1.416128238380233597e+04
1.430265168100886513e+04
1.444800284277898754e+04
1.459733583834986348e+04
1.475065063611500591e+04
1.490794720362537191e+04
1.506922550758936268e+04
1.523448551387191401e+04
1.540372718749576961e+04
1.557695049264066256e+04
1.575415539264322433e+04
1.593534184999762147e+04
1.612050982635482796e+04
1.630965928252308004e+04
1.650279017846823990e+04
1.188304481281702465e+04
1.188506334967592011e+04
1.189111895981213820e+04
1.190121164190445597e+04
1.191534139375098675e+04
1.193350821226904372e+04
1.195571209349509445e+04
1.198195303258471540e+04
1.201223102381291028e+04
1.204654606057388264e+04
1.208489813538085400e+04
1.212728723986647310e+04
1.217371336478263402e+04
1.222417650000015783e+04
1.227867663450933833e+04
1.233721375641971463e+04
1.239978785295979833e+04
1.246639891047766469e+04
1.253704691444031596e+04
1.261173184943404522e+04
1.269045369916434538e+04
1.277321244645618208e+04
1.286000807325335700e+04
1.295084056061914453e+04
1.304570988873583701e+04
1.314461603690524498e+04
1.324755898354806050e+04
1.335453870620440284e+04
1.346555518153372759e+04
1.358060838531437184e+04
1.369969829244400898e+04
1.382282487693955773e+04
1.394998811193754591e+04
1.408118796969292816e+04
1.421642442158045014e+04
1.435569743809401189e+04
1.449900698884657686e+04
1.464635304257044481e+04
1.479773556711697893e+04
1.495315452945696961e+04
1.511260989568017976e+04
1.527610163099607234e+04
1.544362969973262807e+04
1.561519406533743677e+04
1.579079469037760646e+04
1.597043153653894478e+04
1.615410456462659567e+04
1.634181373456503934e+04
1.653355900539800132e+04
1.672934033528827058e+04
1.204591804363894880e+04
1.204796424015903540e+04
1.205410282925913634e+04
1.206433380955850225e+04
1.207865717875620248e+04
1.209707293363076133e+04
1.211958107004029443e+04
1.214618158292237240e+04
1.217687446629447550e+04
1.221165971325331157e+04
1.225053731597540718e+04
1.229350726571678933e+04
1.234056955281307637e+04
1.239172416667938705e+04
1.244697109581052246e+04
1.250631032778082954e+04
1.256974184924429210e+04
1.263726564593434887e+04
1.270888170266416637e+04
1.278459000332645701e+04
1.286439053089329718e+04
1.294828326741671845e+04
1.303626819402802539e+04
1.312834529093843230e+04
1.322451453743833554e+04
1.332477591189790473e+04
1.342912939176694636e+04
1.353757495357467633e+04
1.365011257293026574e+04
1.376674222452202230e+04
1.388746388211793601e+04
1.401227751856586110e+04
1.414118310579306126e+04
1.427418061480611868e+04
1.441127001569175263e+04
1.455245127761572803e+04
1.469772436882367401e+04
1.484708925664072012e+04
1.500054590747158727e+04
1.515809428680058772e+04
1.531973435919171607e+04
1.548546608828837634e+04
1.565528943681365490e+04
1.582920436657013852e+04
1.600721083843991437e+04
1.618930881238520669e+04
1.637549824744710349e+04
1.656577910174646604e+04
1.676015133248411075e+04
1.695861489593999067e+04
1.221073949672659182e+04
1.221281368327681776e+04
1.221903624244628190e+04
1.222940717279257115e+04
1.224392647191084507e+04
1.226259413643497282e+04
1.228541016203666913e+04
1.231237454342594901e+04
1.234348727435112778e+04
1.237874834759850273e+04
1.241815775499262600e+04
1.246171548739625905e+04
1.250942153471041820e+04
1.256127588587414721e+04
1.261727852886474466e+04
1.267742945069785492e+04
1.274172863742696791e+04
1.281017607414396480e+04
1.288277174497907254e+04
1.295951563310022721e+04
1.304040772071416541e+04
1.312544798906528740e+04
1.321463641843638470e+04
1.330797298814859460e+04
1.340545767656076350e+04
1.350709046107058384e+04
1.361287131811341169e+04
1.372280022316290342e+04
1.383687715073101572e+04
1.395510207436791461e+04
1.407747496666170264e+04
1.420399579923896454e+04
1.433466454276413060e+04
1.446948116694038617e+04
1.460844564050830741e+04
1.475155793124749835e+04
1.489881800597477195e+04
1.505022583054624192e+04
1.520578136985550373e+04
1.536548458783427122e+04
1.552933544745301333e+04
1.569733391071949882e+04
1.586947993868079720e+04
1.604577349142109597e+04
1.622621452806361049e+04
1.641080300676912884e+04
1.659953888473701227e+04
1.679242211820455850e+04
1.698945266244754748e+04
1.719063047177942281e+04
1.237751849295073043e+04
1.237962100197096333e+04
1.238592852852907527e+04
1.239644107111748781e+04
1.241115862722353995e+04
1.243008119332962451e+04
1.245320876491305171e+04
1.248054133644600370e+04
1.251207890139567098e+04
1.254782145222425243e+04
1.258776898038863692e+04
1.263192147634104003e+04
1.268027892952832190e+04
1.273284132839257836e+04
1.278960866037050437e+04
1.285058091189412153e+04
1.291575806839005054e+04
1.298514011428010235e+04
1.305872703298100532e+04
1.313651880690440521e+04
1.321851541745672876e+04
1.330471684503972938e+04
1.339512306904998695e+04
1.348973406787845306e+04
1.358854981891199714e+04
1.369157029853176937e+04
1.379879548211429210e+04
1.391022534403045938e+04
1.402585985764662837e+04
1.414569899532398267e+04
1.426974272841853235e+04
1.439799102728156868e+04
1.453044386125884557e+04
1.466710119869130722e+04
1.480796300691517899e+04
1.495302925226078514e+04
1.510229990005445870e+04
1.525577491461654063e+04
1.541345425926310782e+04
1.557533789630442698e+04
1.574142578704650077e+04
1.591171789178952167e+04
1.608621416982941810e+04
1.626491457945630827e+04
1.644781907795559164e+04
1.663492762160776692e+04
1.682624016568825027e+04
1.702175666446719333e+04
1.722147707120984705e+04
1.742540133817619790e+04
1.254626566784277202e+04
1.254839683384111595e+04
1.255479033131091455e+04
1.256544615867678658e+04
1.258036431331338463e+04
1.259954479154498586e+04
1.262298758864571937e+04
1.265069269883933885e+04
1.268266011529972275e+04
1.271888983015023769e+04
1.275938183446432959e+04
1.280413611826493252e+04
1.285315267052501440e+04
1.290643147916734961e+04
1.296397253106442804e+04
1.302577581203850059e+04
1.309184130686171557e+04
1.316216899925580037e+04
1.323675887189278910e+04
1.331561090639406757e+04
1.339872508333073711e+04
1.348610138222411479e+04
1.357773978154509678e+04
1.367364025871447666e+04
1.377380279010258164e+04
1.387822735102963634e+04
1.398691391576603564e+04
1.409986245753152616e+04
1.421707294849584287e+04
1.433854535977843625e+04
1.446427966144874517e+04
1.459427582252583306e+04
1.472853381097866077e+04
1.486705359372572275e+04
1.500983513663568374e+04
1.515687840452701494e+04
1.530818336116763021e+04
1.546374996927561369e+04
1.562357819051831029e+04
1.578766798551359898e+04
1.595601931382880139e+04
1.612863213398086373e+04
1.630550640343681152e+04
1.648664207861311297e+04
1.667203911487677033e+04
1.686169746654350092e+04
1.705561708687982900e+04
1.725379792810172148e+04
1.745623994137467889e+04
1.766294307681428108e+04
1.271699506982740786e+04
1.271915522944013901e+04
1.272563570772977073e+04
1.273643650305029951e+04
1.275155761265818910e+04
1.277099903271291623e+04
1.279476075827633395e+04
1.282284278331298992e+04
1.285524510069008102e+04
1.289196770217745325e+04
1.293301057844787465e+04
1.297837371907617126e+04
1.302805711254045491e+04
1.308206074622103188e+04
1.314038460640113044e+04
1.320302867826640068e+04
1.326999294590550562e+04
1.334127739230934822e+04
1.341688199937161698e+04
1.349680674788869510e+04
1.358105161755975132e+04
1.366961658698637621e+04
1.376250163367294590e+04
1.385970673402625835e+04
1.396123186335616992e+04
1.406707699587477691e+04
1.417724210469714308e+04
1.429172716184075398e+04
1.441053213822606267e+04
1.453365700367558020e+04
1.466110172691496700e+04
1.479286627557266911e+04
1.492895061617919055e+04
1.506935471416818473e+04
1.521407853387554496e+04
1.536312203854040490e+04
1.551648519030386524e+04
1.567416795021017606e+04
1.583617027820619114e+04
1.600249213314100416e+04
1.617313347276685818e+04
1.634809425373832710e+04
1.652737443161277042e+04
1.671097396085006039e+04
1.689889279481321864e+04
1.709113088576696100e+04
1.728768818487978933e+04
1.748856464222162685e+04
1.769376020676636472e+04
1.790327482638958827e+04
1.288972102757011271e+04
1.289191051953139322e+04
1.289847899484198024e+04
1.290942645178197381e+04
1.292475288748487401e+04
1.294445829793767189e+04
1.296854267798080400e+04
1.299700602130783409e+04
1.302984832046608972e+04
1.306706956685620753e+04
1.310866975073204230e+04
1.315464886120121264e+04
1.320500688622437337e+04
1.325974381261589770e+04
1.331885962604342240e+04
1.338235431102807524e+04
1.345022785094429310e+04
1.352248022801986735e+04
1.359911142333630778e+04
1.368012141682829679e+04
1.376551018728387135e+04
1.385527771234474130e+04
1.394942396850574369e+04
1.404794893111538840e+04
1.415085257437549444e+04
1.425813487134109891e+04
1.436979579392082087e+04
1.448583531287677033e+04
1.460625339782454830e+04
1.473105001723279202e+04
1.486022513842399349e+04
1.499377872757359000e+04
1.513171074971096459e+04
1.527402116871844555e+04
1.542070994733194311e+04
1.557177704714094943e+04
1.572722242858799291e+04
1.588704605096945670e+04
1.605124787243485116e+04
1.621982784998708667e+04
1.639278593948274647e+04
1.657012209563163196e+04
1.675183627199676266e+04
1.693792842099492191e+04
1.712839849389638402e+04
1.732324644082418672e+04
1.752247221075567722e+04
1.772607575152078425e+04
1.793405700980338224e+04
1.814641593114056377e+04
1.306445775793463326e+04
1.306667692311621067e+04
1.307333441806204064e+04
1.308443024097518901e+04
1.309996438886055330e+04
1.311993685752513557e+04
1.314434764157795144e+04
1.317319673443003012e+04
1.320648412829436893e+04
1.324420981418588781e+04
1.328637378192161123e+04
1.333297602012057723e+04
1.338401651620379198e+04
1.343949525639409330e+04
1.349941222571665094e+04
1.356376740799837535e+04
1.363256078586828153e+04
1.370579234075739805e+04
1.378346205289853970e+04
1.386556990132694409e+04
1.395211586387940770e+04
1.404309991719492245e+04
1.413852203671467578e+04
1.423838219668141392e+04
1.434268037014026049e+04
1.445141652893807986e+04
1.456459064372411376e+04
1.468220268394907180e+04
1.480425261786595001e+04
1.493074041252975803e+04
1.506166603379761000e+04
1.519702944632836079e+04
1.533683061358315172e+04
1.548106949782477386e+04
1.562974606011830474e+04
1.578286026033065355e+04
1.594041205713074305e+04
1.610240140798987341e+04
1.626882826918053979e+04
1.643969259577806952e+04
1.661499434165925777e+04
1.679473345950327712e+04
1.697890990079076801e+04
1.716752361580502111e+04
1.736057455363088593e+04
1.755806266215549840e+04
1.775998788806746234e+04
1.796635017685803177e+04
1.817714947281992863e+04
1.839238571904852506e+04
1.324121933206902213e+04
1.324346851348077507e+04
1.325021605709030155e+04
1.326146196101999521e+04
1.327720622214073956e+04
1.329744883607145312e+04
1.332218979717968068e+04
1.335142909858113853e+04
1.338516673213985086e+04
1.342340268846819527e+04
1.346613695692681176e+04
1.351336952562469378e+04
1.356510038141918812e+04
1.362132950991581311e+04
1.368205689546853137e+04
1.374728252117984084e+04
1.381700636889972884e+04
1.389122841922762746e+04
1.396994865151045815e+04
1.405316704384358673e+04
1.414088357307100523e+04
1.423309821478496815e+04
1.432981094332571956e+04
1.443102173178203884e+04
1.453673055199124065e+04
1.464693737453826543e+04
1.476164216875704369e+04
1.488084490272958647e+04
1.500454554328616723e+04
1.513274405600559476e+04
1.526544040521466741e+04
1.540263455398871884e+04
1.554432646415125419e+04
1.569051609627422295e+04
1.584120340967783704e+04
1.599638836243066180e+04
1.615607091134943403e+04
1.632025101199924393e+04
1.648892861869389890e+04
1.666210368449492307e+04
1.683977616121237588e+04
1.702194599940467015e+04
1.720861314837884493e+04
1.739977755618956508e+04
1.759543916964030359e+04
1.779559793428270495e+04
1.800025379441676705e+04
1.820940669309084115e+04
1.842305657210154095e+04
1.864120337199374262e+04
1.342001804509436624e+04
1.342229758775970367e+04
1.342913621510156190e+04
1.344053392515852465e+04
1.345649071466127680e+04
1.347700657903260435e+04
1.350208151238762184e+04
1.353171550753404517e+04
1.356590855597119116e+04
1.360466064789120537e+04
1.364797177217828903e+04
1.369584191640897188e+04
1.374827106685174840e+04
1.380525920846785084e+04
1.386680632491043070e+04
1.393291239852505896e+04
1.400357741034931678e+04
1.407880134011347764e+04
1.415858416623959783e+04
1.424292586584233504e+04
1.433182641472840260e+04
1.442528578739711520e+04
1.452330395703947943e+04
1.462588089553928512e+04
1.473301657347219589e+04
1.484471096010665860e+04
1.496096402340244822e+04
1.508177573001285054e+04
1.520714604528229756e+04
1.533707493324809548e+04
1.547156235663951520e+04
1.561060827687851997e+04
1.575421265407867395e+04
1.590237544704641550e+04
1.605509661327987487e+04
1.621237610897005652e+04
1.637421388899983867e+04
1.654060990694433713e+04
1.671156411507126904e+04
1.688707646434013441e+04
1.706714690440285267e+04
1.725177538360403560e+04
1.744096184897980493e+04
1.763470624625924756e+04
1.783300851986332418e+04
1.803586861290505112e+04
1.824328646719050084e+04
1.845526202321707387e+04
1.867179522017495401e+04
1.889288599594647167e+04
1.360086254083744279e+04
1.360317279157793564e+04
1.361010354311647461e+04
1.362165479340351339e+04
1.363782653902344464e+04
1.365861877519432710e+04
1.368403149576802207e+04
1.371406469322996600e+04
1.374871835869944334e+04
1.378799248192945015e+04
1.383188705130683047e+04
1.388040205385186709e+04
1.393353747521905461e+04
1.399129329969600803e+04
1.405366951020441775e+04
1.412066608830000405e+04
1.419228301417169860e+04
1.426852026664237201e+04
1.434937782316847006e+04
1.443485565984065033e+04
1.452495375138296367e+04
1.461967207115267229e+04
1.471901059114206873e+04
1.482296928197592933e+04
1.493154811291342412e+04
1.504474705184720733e+04
1.516256606530396311e+04
1.528500511844376888e+04
1.541206417506045909e+04
1.554374319758162528e+04
1.568004214706907078e+04
1.582096098321762838e+04
1.596649966435634269e+04
1.611665814744756062e+04
1.627143638808793185e+04
1.643083434050731739e+04
1.659485195756969915e+04
1.676348919077245228e+04
1.693674599024698182e+04
1.711462230475808610e+04
1.729711808170477525e+04
1.748423326711936170e+04
1.767596780566818779e+04
1.787232164065108009e+04
1.807329471400162220e+04
1.827888696628742764e+04
1.848909833670959415e+04
1.870392876310288557e+04
1.892337818193609564e+04
1.914744652831141138e+04
1.378376067132521712e+04
1.378610197867933493e+04
1.379312590002814432e+04
1.380483243323042188e+04
1.382122157471785613e+04
1.384229331949477455e+04
1.386804766113777987e+04
1.389848459179625024e+04
1.393360410219261212e+04
1.397340618162133978e+04
1.401789081794995582e+04
1.406705799761839444e+04
1.412090770563900151e+04
1.417943992559758044e+04
1.424265463965120944e+04
1.431055182853106089e+04
1.438313147154003673e+04
1.446039354655385978e+04
1.454233803002089189e+04
1.462896489696231583e+04
1.472027412097158958e+04
1.481626567421499203e+04
1.491693952743162299e+04
1.502229564993285749e+04
1.513233400960270956e+04
1.524705457289828701e+04
1.536645730484879095e+04
1.549054216905651629e+04
1.561930912769594215e+04
1.575275814151418672e+04
1.589088916983155286e+04
1.603370217054043678e+04
1.618119710010614654e+04
1.633337391356653825e+04
1.649023256453183421e+04
1.665177300518525954e+04
1.681799518628240548e+04
1.698889905715186615e+04
1.716448456569451082e+04
1.734475165838375688e+04
1.752970028026620639e+04
1.771933037496028192e+04
1.791364188465786356e+04
1.811263475012301569e+04
1.831630891069216887e+04
1.852466430427493833e+04
1.873770086735357836e+04
1.895541853498216369e+04
1.917781724078840853e+04
1.940489691697212038e+04
1.396872213020869822e+04
1.397109484448437797e+04
1.397821298656567706e+04
1.399007655421582967e+04
1.400668554370708989e+04
1.402803994982018594e+04
1.405413976584513875e+04
1.408498498358021607e+04
1.412057559333316021e+04
1.416091158392009675e+04
1.420599294266612560e+04
1.425581965540532110e+04
1.431039170648018626e+04
1.436970907874274417e+04
1.443377175355299187e+04
1.450257971078062837e+04
1.457613292880341760e+04
1.465443138450864353e+04
1.473747505329192791e+04
1.482526390905795779e+04
1.491779792422021274e+04
1.501507706970105573e+04
1.511710131493155131e+04
1.522387062785164744e+04
1.533538497491017552e+04
1.545164432106485037e+04
1.557264862978217934e+04
1.569839786303737128e+04
1.582889198131470039e+04
1.596413094360723335e+04
1.610411470741664743e+04
1.624884322875368525e+04
1.639831646213788190e+04
1.655253436059756496e+04
1.671149687566976354e+04
1.687520395740075401e+04
1.704365555434515045e+04
1.721685161356690514e+04
1.739479208063821716e+04
1.757747689964071469e+04
1.776490601316472748e+04
1.795707936230892301e+04
1.815399688668139788e+04
1.835565852439876835e+04
1.856206421208662505e+04
1.877321388487926015e+04
1.898910747641994021e+04
1.920974491886081523e+04
1.943512614286273674e+04
1.966525107759543971e+04
1.415575753268794870e+04
1.415816200596445924e+04
1.416537542501473581e+04
1.417739778750246842e+04
1.419422908953292790e+04
1.421586932565414827e+04
1.424231848885619911e+04
1.427357657057127653e+04
1.430964356067397603e+04
1.435051944748129245e+04
1.439620421775198338e+04
1.444669785668747863e+04
1.450200034793115265e+04
1.456211167356877922e+04
1.462703181412853155e+04
1.469676074858052743e+04
1.477129845433701121e+04
1.485064490725308133e+04
1.493480008162532613e+04
1.502376395019309712e+04
1.511753648413759947e+04
1.521611765308289250e+04
1.531950742509461634e+04
1.542770576668099238e+04
1.554071264279218667e+04
1.565852801682103745e+04
1.578115185060232761e+04
1.590858410441305750e+04
1.604082473697271780e+04
1.617787370544283476e+04
1.631973096542706116e+04
1.646639647097163106e+04
1.661787017456472313e+04
1.677415202713691542e+04
1.693524197806082157e+04
1.710113997515154551e+04
1.727184596466668154e+04
1.744735989130495000e+04
1.762768169820856201e+04
1.781281132696149143e+04
1.800274871758992958e+04
1.819749380856183052e+04
1.839704653678863906e+04
1.860140683762265326e+04
1.881057464485938908e+04
1.902454989073585239e+04
1.924333250593208504e+04
1.946692241956961880e+04
1.969531955921293047e+04
1.992852385086789582e+04
1.434487802714857025e+04
1.434731461324026895e+04
1.435462437070200394e+04
1.436680729709278239e+04
1.438386338834425260e+04
1.440579263876106779e+04
1.443259504102043138e+04
1.446427058617218790e+04
1.450081926363909588e+04
1.454224106121664590e+04
1.458853596507260590e+04
1.463970395974793064e+04
1.469574502815621599e+04
1.475665915158369899e+04
1.482244630968907586e+04
1.489310648050432064e+04
1.496863964043386659e+04
1.504904576425451523e+04
1.513432482511625494e+04
1.522447679454162426e+04
1.531950164242589381e+04
1.541939933703697534e+04
1.552416984501533079e+04
1.563381313137479083e+04
1.574832915950137249e+04
1.586771789115373394e+04
1.599197928646335640e+04
1.612111330393472599e+04
1.625511990044478807e+04
1.639399903124312914e+04
1.653775064995215871e+04
1.668637470856720029e+04
1.683987115745603660e+04
1.699823994535900056e+04
1.716148101938961190e+04
1.732959432503384960e+04
1.750257980615024280e+04
1.768043740497041654e+04
1.786316706209827316e+04
1.805076871651099282e+04
1.824324230555803297e+04
1.844058776496158316e+04
1.864280502881665598e+04
1.884989402959117797e+04
1.906185469812535302e+04
1.927868696363248091e+04
1.950039075369822967e+04
1.972696599428163609e+04
1.995841260971346856e+04
2.019473052269813707e+04
1.453609640244385446e+04
1.453856545690214261e+04
1.454597261942653859e+04
1.455831788746754683e+04
1.457560125677528049e+04
1.459782272140064379e+04
1.462498227369414963e+04
1.465707990430619247e+04
1.469411560218813975e+04
1.473608935459096756e+04
1.478300114706580644e+04
1.483485096346412320e+04
1.489163878593726622e+04
1.495336459493719303e+04
1.502002836921528797e+04
1.509163008582381735e+04
1.516816972011465623e+04
1.524964724574010688e+04
1.533606263465262600e+04
1.542741585710446088e+04
1.552370688164864987e+04
1.562493567513774906e+04
1.573110220272465085e+04
1.584220642786267490e+04
1.595824831230474956e+04
1.607922781610432139e+04
1.620514489761508230e+04
1.633599951349051480e+04
1.647179161868471056e+04
1.661252116645109709e+04
1.675818810834407486e+04
1.690879239421792590e+04
1.706433397222708663e+04
1.722481278882578408e+04
1.739022878876885443e+04
1.756058191511110635e+04
1.773587210920741200e+04
1.791609931071297979e+04
1.810126345758299067e+04
1.829136448607287093e+04
1.848640233073792842e+04
1.868637692443408014e+04
1.889128819831694273e+04
1.910113608184265104e+04
1.931592050276731243e+04
1.953564138714691580e+04
1.976029865933815017e+04
1.998989224199722230e+04
2.022442205608122094e+04
2.046388802084647978e+04
1.472942511624823965e+04
1.473192699627588809e+04
1.473943263547116658e+04
1.475194203117061988e+04
1.476945517893527722e+04
1.479197207255037938e+04
1.481949270402574257e+04
1.485201706359557647e+04
1.488954513971830238e+04
1.493207691907700791e+04
1.497961238657881040e+04
1.503215152535549350e+04
1.508969431676314343e+04
1.515224074038223989e+04
1.521979077401756513e+04
1.529234439369865868e+04
1.536990157367890788e+04
1.545246228643645736e+04
1.554002650267366334e+04
1.563259419131745744e+04
1.573016531951889192e+04
1.583273985265377632e+04
1.594031775432194991e+04
1.605289898634773635e+04
1.617048350878012570e+04
1.629307127989195578e+04
1.642066225618109456e+04
1.655325639236925781e+04
1.669085364140291858e+04
1.683345395445267059e+04
1.698105728091377387e+04
1.713366356840551816e+04
1.729127276277185956e+04
1.745388480808132954e+04
1.762149964662621642e+04
1.779411721892374771e+04
1.797173746371536254e+04
1.815436031796680254e+04
1.834198571686847572e+04
1.853461359383481977e+04
1.873224388050493872e+04
1.893487650674223914e+04
1.914251140063443017e+04
1.935514848849370537e+04
1.957278769485656085e+04
1.979542894248415905e+04
2.002307215236160118e+04
2.025571724369865478e+04
2.049336413392966278e+04
2.073601273871290687e+04
1.492487215802066203e+04
1.492740722213711706e+04
1.493501241355879756e+04
1.494768772950428684e+04
1.496543316533625330e+04
1.498824871456354231e+04
1.501613436884035764e+04
1.504909011796553386e+04
1.508711594988380966e+04
1.513021185068519117e+04
1.517837780460477006e+04
1.523161379402308739e+04
1.528991979946604260e+04
1.535329579960489355e+04
1.542174177125589267e+04
1.549525768938101464e+04
1.557384352708722872e+04
1.565749925562713543e+04
1.574622484439860273e+04
1.584002026094458415e+04
1.593888547095320973e+04
1.604282043825878645e+04
1.615182512483988830e+04
1.626589949082108433e+04
1.638504349447202912e+04
1.650925709220773570e+04
1.663854023858839355e+04
1.677289288631982345e+04
1.691231498625284075e+04
1.705680648738371019e+04
1.720636733685423678e+04
1.736099747995122016e+04
1.752069686010681835e+04
1.768546541889872969e+04
1.785530309604964714e+04
1.803020982942789487e+04
1.821018555504706455e+04
1.839523020706574243e+04
1.858534371778823697e+04
1.878052601766403313e+04
1.898077703528788334e+04
1.918609669739989840e+04
1.939648492888545661e+04
1.961194165277538559e+04
1.983246679024578043e+04
2.005806026061800367e+04
2.028872198135850340e+04
2.052445186807972277e+04
2.076524983453864479e+04
2.101111579263833846e+04
1.512244244200837784e+04
1.512501104979546653e+04
1.513271687218821171e+04
1.514555990628086874e+04
1.516354014723001455e+04
1.518665758825609373e+04
1.521491222064096291e+04
1.524830403373043737e+04
1.528683301493256295e+04
1.533049914971797989e+04
1.537930242162074137e+04
1.543324281223749495e+04
1.549232030122693686e+04
1.555653486631181295e+04
1.562588648327664487e+04
1.570037512596909437e+04
1.578000076629987234e+04
1.586476337424201120e+04
1.595466291783177439e+04
1.604969936316774692e+04
1.614987267441174481e+04
1.625518281378790562e+04
1.636562974158377983e+04
1.648121341614942139e+04
1.660193379389720576e+04
1.672779082930301229e+04
1.685878447490522376e+04
1.699491468130481735e+04
1.713618139716591031e+04
1.728258456921530524e+04
1.743412414224221720e+04
1.759080005909936517e+04
1.775261226070151679e+04
1.791956068602694359e+04
1.809164527211605673e+04
1.826886595407240748e+04
1.845122266506241431e+04
1.863871533631499915e+04
1.883134389712213306e+04
1.902910827483838148e+04
1.923200839488117708e+04
1.944004418073081979e+04
1.965321555393029485e+04
1.987152243408545473e+04
2.009496473886483727e+04
2.032354238400012036e+04
2.055725528328503060e+04
2.079610334857670750e+04
2.104008648979506688e+04
2.128920461492252798e+04
1.532214024605373197e+04
1.532474275811546249e+04
1.533255029328911405e+04
1.534556284853952093e+04
1.536378041880852834e+04
1.538720299701408294e+04
1.541583057405159707e+04
1.544966313879231166e+04
1.548870067808466047e+04
1.553294317675354250e+04
1.558239061760059485e+04
1.563704298140401079e+04
1.569690024691863073e+04
1.576196239087612412e+04
1.583222938798462565e+04
1.590770121092909903e+04
1.598837783037106419e+04
1.607425921494850627e+04
1.616534533127651230e+04
1.626163614394636170e+04
1.636313161552652673e+04
1.646983170656158109e+04
1.658173637557292750e+04
1.669884557905888869e+04
1.682115927149416166e+04
1.694867740533018150e+04
1.708139993099503045e+04
1.721932679689361976e+04
1.736245794940714404e+04
1.751079333289371789e+04
1.766433288968819397e+04
1.782307656010198116e+04
1.798702428242295355e+04
1.815617599291581428e+04
1.833053162582209552e+04
1.851009111335961279e+04
1.869485438572328349e+04
1.888482137108412644e+04
1.907999199559035333e+04
1.928036618336664105e+04
1.948594385651394987e+04
1.969672493511052380e+04
1.991270933721107212e+04
2.013389697884658744e+04
2.036028777402507330e+04
2.059188163473127133e+04
2.082867847092629745e+04
2.107067819054809661e+04
2.131788069951126090e+04
2.157028590170684765e+04
1.552396950697730063e+04
1.552660628500052553e+04
1.553451661801336741e+04
1.554770050284614626e+04
1.556615793421578928e+04
1.558988890472573985e+04
1.561889340486659421e+04
1.565317142301564672e+04
1.569272294543679891e+04
1.573754795628065040e+04
1.578764643758504462e+04
1.584301836927397744e+04
1.590366372915850661e+04
1.596958249293647896e+04
1.604077463419243941e+04
1.611724012439772196e+04
1.619897893291044966e+04
1.628599102697553462e+04
1.637827637172449613e+04
1.647583493017564251e+04
1.657866666323434401e+04
1.668677152969248709e+04
1.680014948622874726e+04
1.691880048740822531e+04
1.704272448568381151e+04
1.717192143139391192e+04
1.730639127276444924e+04
1.744613395590804430e+04
1.759114942482401602e+04
1.774143762139819955e+04
1.789699848540349194e+04
1.805783195449939740e+04
1.822393796423239110e+04
1.839531644803564632e+04
1.857196733722867066e+04
1.875389056101848837e+04
1.894108604649827612e+04
1.913355371864836343e+04
1.933129350033541414e+04
1.953430531231342684e+04
1.974258907322273444e+04
1.995614469959036796e+04
2.017497210583060223e+04
2.039907120424422828e+04
2.062844190501846242e+04
2.086308411622785570e+04
2.110299774383329350e+04
2.134818269168263214e+04
2.159863886151051702e+04
2.185436615293856448e+04
1.572793388278587372e+04
1.573060528947125931e+04
1.573861950842401711e+04
1.575197653633376831e+04
1.577067636768260854e+04
1.579471899474574457e+04
1.582410440759194898e+04
1.585883259408210506e+04
1.589890353987057097e+04
1.594431722840454313e+04
1.599507364092414718e+04
1.605117275646225607e+04
1.611261455184512670e+04
1.617939900169158136e+04
1.625152607841382633e+04
1.632899575221645136e+04
1.641180799109743020e+04
1.649996276084775673e+04
1.659346002505080833e+04
1.669229974508361920e+04
1.679648188011597085e+04
1.690600638711011925e+04
1.702087322082179526e+04
1.714108233379956800e+04
1.726663367638502677e+04
1.739752719671241721e+04
1.753376284070927795e+04
1.767534055209607686e+04
1.782226027238593815e+04
1.797452194088518809e+04
1.813212549469317310e+04
1.829507086870207786e+04
1.846335799559683437e+04
1.863698680585566763e+04
1.881595722774964088e+04
1.900026918734274659e+04
1.918992260849199738e+04
1.938491741284724412e+04
1.958525351985126690e+04
1.979093084674022975e+04
2.000194930854249833e+04
2.021830881808000413e+04
2.044000928596760787e+04
2.066705062061273566e+04
2.089943272821610663e+04
2.113715551277118720e+04
2.138021887606464588e+04
2.162862271767571656e+04
2.188236693497692613e+04
2.214145142313373071e+04
1.593404161442658733e+04
1.593674801352226496e+04
1.594486720965724089e+04
1.595839919937388913e+04
1.597734397690983315e+04
1.600170153419803682e+04
1.603147186086607690e+04
1.606665494423668861e+04
1.610725076932803859e+04
1.615325931885290629e+04
1.620468057321932065e+04
1.626151451053074197e+04
1.632376110658460675e+04
1.639142033487469234e+04
1.646449216658902515e+04
1.654297657061115387e+04
1.662687351351924008e+04
1.671618295958696763e+04
1.681090487078263322e+04
1.691103920676987400e+04
1.701658592490748561e+04
1.712754498024896748e+04
1.724391632554325042e+04
1.736569991123405998e+04
1.749289568546028022e+04
1.762550359405604468e+04
1.776352358055009972e+04
1.790695558616680501e+04
1.805579954982495110e+04
1.821005540813912376e+04
1.836972309541833965e+04
1.853480254366695590e+04
1.870529368258439717e+04
1.888119643956515574e+04
1.906251073969860954e+04
1.924923650576938599e+04
1.944137365825727102e+04
1.963892211533693626e+04
1.984188179287784806e+04
2.005025260444490414e+04
2.026403446129825170e+04
2.048322727239274172e+04
2.070783094437820182e+04
2.093784538159980002e+04
2.117327048609777194e+04
2.141410615760714791e+04
2.166035229355829870e+04
2.191200878907638980e+04
2.216907553698201809e+04
2.243155242779048422e+04
1.614230384062002486e+04
1.614504559690740280e+04
1.615327086456600227e+04
1.616697963998540217e+04
1.618617191714765795e+04
1.621084768762775639e+04
1.624100694059425223e+04
1.627664966280790395e+04
1.631777583862285610e+04
1.636438544998554789e+04
1.641647847643616842e+04
1.647405489510692860e+04
1.653711468072378921e+04
1.660565780560500571e+04
1.667968423966212868e+04
1.675919395039945812e+04
1.684418690291395251e+04
1.693466305989604734e+04
1.703062238162865469e+04
1.713206482598761795e+04
1.723899034844198468e+04
1.735139890205346092e+04
1.746929043747677497e+04
1.759266490295940457e+04
1.772152224434194068e+04
1.785586240505781461e+04
1.799568532613338903e+04
1.814099094618795789e+04
1.829177920143338270e+04
1.844805002567500196e+04
1.860980335031081268e+04
1.877703910433165220e+04
1.894975721432101636e+04
1.912795760445615088e+04
1.931164019650641421e+04
1.950080490983427808e+04
1.969545166139505454e+04
1.989558036573762365e+04
2.010119093500279632e+04
2.031228327892476955e+04
2.052885730483112638e+04
2.075091291764128982e+04
2.097845001986843272e+04
2.121146851161838640e+04
2.144996829058982257e+04
2.169394925207443521e+04
2.194341128895684960e+04
2.219835429171444048e+04
2.245877814841769577e+04
2.272468274472958001e+04
1.635272958462064707e+04
1.635550706374897345e+04
1.636383949987712185e+04
1.637772688923460009e+04
1.639716922553707263e+04
1.642216649998708817e+04
1.645271870127253351e+04
1.648882581556863443e+04
1.653048782653613671e+04
1.657770471532294323e+04
1.663047646056238591e+04
1.668880303837477186e+04
1.675268442236647388e+04
1.682212058363011238e+04
1.689711149074501009e+04
1.697765710977628260e+04
1.706375740427574783e+04
1.715541233528138036e+04
1.725262186131767521e+04
1.735538593839510213e+04
1.746370452001083322e+04
1.757757755714810628e+04
1.769700499827658859e+04
1.782198678935228600e+04
1.795252287381754286e+04
1.808861319260095115e+04
1.823025768411744139e+04
1.837745628426828262e+04
1.853020892644108244e+04
1.868851554150987795e+04
1.885237605783468098e+04
1.902179040126238760e+04
1.919675849512568675e+04
1.937728026024360588e+04
1.956335561492223860e+04
1.975498447495301662e+04
1.995216675361443777e+04
2.015490236167061084e+04
2.036319120737271078e+04
2.057703319645779629e+04
2.079642823214953751e+04
2.102137621515748833e+04
2.125187704367808692e+04
2.148793061339347332e+04
2.172953681747267183e+04
2.197669554657068147e+04
2.222940668882911268e+04
2.248767012987573253e+04
2.275148575282400998e+04
2.302085343827548058e+04
1.656532275740964906e+04
1.656813632562461862e+04
1.657657702895685361e+04
1.659064486346915146e+04
1.661033982259923505e+04
1.663566189716020745e+04
1.666661107533973336e+04
1.670318734270122150e+04
1.674539068218273314e+04
1.679322107409770979e+04
1.684667849613460930e+04
1.690576292335717881e+04
1.697047432820390895e+04
1.704081268048848870e+04
1.711677794740026002e+04
1.719837009350285371e+04
1.728558908073564453e+04
1.737843486841293270e+04
1.747690741322403483e+04
1.758100666923328390e+04
1.769073258788057501e+04
1.780608511798045583e+04
1.792706420572294519e+04
1.805366979467271449e+04
1.818590182576999723e+04
1.832376023733013426e+04
1.846724496504302806e+04
1.861635594197450700e+04
1.877109309856487016e+04
1.893145636262979679e+04
1.909744565935989158e+04
1.926906091132132133e+04
1.944630203845490541e+04
1.962916895807684341e+04
1.981766158487798748e+04
2.001177983092520662e+04
2.021152360565965864e+04
2.041689281589760867e+04
2.062788736583133868e+04
2.084450715702714660e+04
2.106675208842716529e+04
2.129462205634827114e+04
2.152811695448262981e+04
2.176723667389751427e+04
2.201198110303539579e+04
2.226235012771358015e+04
2.251834363112448045e+04
2.277996149383598095e+04
2.304720359379098227e+04
2.332006980630740145e+04
1.678008560116704757e+04
1.678293562517037572e+04
1.679148569580984258e+04
1.680573580897435022e+04
1.682568595781131080e+04
1.685133613272737421e+04
1.688268632138897374e+04
1.691973650872059807e+04
1.696248667690661023e+04
1.701093680538997432e+04
1.706508687087298313e+04
1.712493684731698522e+04
1.719048670594220312e+04
1.726173641522818798e+04
1.733868594091372870e+04
1.742133524599630618e+04
1.750968429073263906e+04
1.760373303263859270e+04
1.770348142648899739e+04
1.780892942431801202e+04
1.792007697541866946e+04
1.803692402634305836e+04
1.815947052090250509e+04
1.828771640016711899e+04
1.842166160246679283e+04
1.856130606338974758e+04
1.870664971578353288e+04
1.885769248975502705e+04
1.901443431266970947e+04
1.917687510915266103e+04
1.934501480108783653e+04
1.951885330761806472e+04
1.969839054514577583e+04
1.988362642733181929e+04
2.007456086509664601e+04
2.027119376661958086e+04
2.047352503733918638e+04
2.068155457995299003e+04
2.089528229441739313e+04
2.111470807794830762e+04
2.133983182502051932e+04
2.157065342736777893e+04
2.180717277398316583e+04
2.204938975111872423e+04
2.229730424228555421e+04
2.255091612825390257e+04
2.281022528705307195e+04
2.307523159397132986e+04
2.334593492155636341e+04
2.362233513961491553e+04
1.699701664066824378e+04
1.699990348757810352e+04
1.700856402687650188e+04
1.702299825427062387e+04
1.704320616260538372e+04
1.706918774186406154e+04
1.710094297916784853e+04
1.713847185877593802e+04
1.718177436208543440e+04
1.723085046763162609e+04
1.728570015108789448e+04
1.734632338526580497e+04
1.741272014011419742e+04
1.748489038272100515e+04
1.756283407731143598e+04
1.764655118524915451e+04
1.773604166503537272e+04
1.783130547231003220e+04
1.793234255985044001e+04
1.803915287757245096e+04
1.815173637252964909e+04
1.827009298891362050e+04
1.839422266805422623e+04
1.852412534841932938e+04
1.865980096561470418e+04
1.880124945238421788e+04
1.894847073860983073e+04
1.910146475131114130e+04
1.926023141464638684e+04
1.942477064991153384e+04
1.959508237554082370e+04
1.977116650710604517e+04
1.995302295731735285e+04
2.014065163602290340e+04
2.033405245020912844e+04
2.053322530399991592e+04
2.073817009865761065e+04
2.094888673258265044e+04
2.116537510131320232e+04
2.138763509752579921e+04
2.161566661103470324e+04
2.184946952879245146e+04
2.208904373488931014e+04
2.233438911055409335e+04
2.258550553415343529e+04
2.284239288119151752e+04
2.310505102431106934e+04
2.337347983329273120e+04
2.364767917505596415e+04
2.392764891365641233e+04
1.721611145531023794e+04
1.721903549259050124e+04
1.722780760293717321e+04
1.724242778186790019e+04
1.726289602191191079e+04
1.728921231261074354e+04
1.732137664051697357e+04
1.735938898919530402e+04
1.740324933922229320e+04
1.745295766818589982e+04
1.750851395068621059e+04
1.756991815833489454e+04
1.763717025975529396e+04
1.771027022058278817e+04
1.778921800346415694e+04
1.787401356805830801e+04
1.796465687103545861e+04
1.806114786607795395e+04
1.816348650387981252e+04
1.827167273214672605e+04
1.838570649559624144e+04
1.850558773595757884e+04
1.863131639197163167e+04
1.876289239939142135e+04
1.890031569098118780e+04
1.904358619651729896e+04
1.919270384278788697e+04
1.934766855359257534e+04
1.950848024974320651e+04
1.967513884906265957e+04
1.984764426638639634e+04
2.002599641356082429e+04
2.021019519944502463e+04
2.040024052990875134e+04
2.059613230783443214e+04
2.079787043311598609e+04
2.100545480265882361e+04
2.121888531038021029e+04
2.143816184720944875e+04
2.166328430108742396e+04
2.189425255696651220e+04
2.213106649681158160e+04
2.237372599959799118e+04
2.262223094131441030e+04
2.287658119495999927e+04
2.313677663054622826e+04
2.340281711509633169e+04
2.367470251264549006e+04
2.395243268423982954e+04
2.423600748793851380e+04
1.743736846942683769e+04
1.744033006480367476e+04
1.744921484937431160e+04
1.746402281845894322e+04
1.748475396425737927e+04
1.751140827584968065e+04
1.754398573919625051e+04
1.758248633713683375e+04
1.762691004939206323e+04
1.767725685256191355e+04
1.773352672012651965e+04
1.779571962244608585e+04
1.786383552676106774e+04
1.793787439719189933e+04
1.801783619473862927e+04
1.810372087728164843e+04
1.819552839958132608e+04
1.829325871327810091e+04
1.839691176689257190e+04
1.850648750582495268e+04
1.862198587235579907e+04
1.874340680564573631e+04
1.887075024173518614e+04
1.900401611354463967e+04
1.914320435087483929e+04
1.928831488040632394e+04
1.943934762569970189e+04
1.959630250719574178e+04
1.975917944221491780e+04
1.992797834495831921e+04
2.010269912650637707e+04
2.028334169481995559e+04
2.046990595473998837e+04
2.066239180798693269e+04
2.086079915316186089e+04
2.106512788574582373e+04
2.127537789809948663e+04
2.149154907946376625e+04
2.171364131595964864e+04
2.194165449058818922e+04
2.217558848323051279e+04
2.241544317064735878e+04
2.266121842647989979e+04
2.291291412124919589e+04
2.317053012235646747e+04
2.343406629408291337e+04
2.370352249758943799e+04
2.397889859091719700e+04
2.426019442898759735e+04
2.454740986360193347e+04
1.766079541984472598e+04
1.766379494128286751e+04
1.767279350396820519e+04
1.768779110301484252e+04
1.770878773027934585e+04
1.773578337436092625e+04
1.776877802060116665e+04
1.780777165108456757e+04
1.785276424463827425e+04
1.790375577683171286e+04
1.796074621997731811e+04
1.802373554312980559e+04
1.809272371208671757e+04
1.816771068938815006e+04
1.824869643431702571e+04
1.833568090289827524e+04
1.842866404790020169e+04
1.852764581883329811e+04
1.863262616195079318e+04
1.874360502024828747e+04
1.886058233346457200e+04
1.898355803808026394e+04
1.911253206731944374e+04
1.924750435114801803e+04
1.938847481627526577e+04
1.953544338615256493e+04
1.968840998097384727e+04
1.984737451767605307e+04
2.001233690993876735e+04
2.018329706818358318e+04
2.036025489957528407e+04
2.054321030802111636e+04
2.073216319417078921e+04
2.092711345541711125e+04
2.112806098589480825e+04
2.133500567648170545e+04
2.154794741479827280e+04
2.176688608520726120e+04
2.199182156881424817e+04
2.222275374346745593e+04
2.245968248375766052e+04
2.270260766101819172e+04
2.295152914332493310e+04
2.320644679549714056e+04
2.346736047909544141e+04
2.373427005242374435e+04
2.400717537052933039e+04
2.428607628520039725e+04
2.457097264496896969e+04
2.486186429510962625e+04
1.788640100466618605e+04
1.788943882024495906e+04
1.789855226528079584e+04
1.791374133467279535e+04
1.793500601991891017e+04
1.796234630911703789e+04
1.799576218696374781e+04
1.803525363475528138e+04
1.808082063038700653e+04
1.813246314835369049e+04
1.819018115974922694e+04
1.825397463226699983e+04
1.832384353019961054e+04
1.839978781443887783e+04
1.848180744247601979e+04
1.856990236840156285e+04
1.866407254290525088e+04
1.876431791327613610e+04
1.887063842340267001e+04
1.898303401377233968e+04
1.910150462147230428e+04
1.922605018018866758e+04
1.935667062020702360e+04
1.949336586841218377e+04
1.963613584828826788e+04
1.978498047991879503e+04
1.993989967998641077e+04
2.010089336177316000e+04
2.026796143516030497e+04
2.044110380662850730e+04
2.062032037925764598e+04
2.080561105272699933e+04
2.099697572331488118e+04
2.119441428389927751e+04
2.139792662395702791e+04
2.160751262956473511e+04
2.182317218339812825e+04
2.204490516473188109e+04
2.227271144944052139e+04
2.250659090999743057e+04
2.274654341547548029e+04
2.299256883154685056e+04
2.324466702048302977e+04
2.350283784115490562e+04
2.376708114903194655e+04
2.403739679618392984e+04
2.431378463127948635e+04
2.459624449958646437e+04
2.488477624297192961e+04
2.517937969990252896e+04
1.811418842664415934e+04
1.811726490423907308e+04
1.812649433524929918e+04
1.814187671434920048e+04
1.816341203266310913e+04
1.819110027776578136e+04
1.822494143368112418e+04
1.826493548088328680e+04
1.831108239629575110e+04
1.836338215329242303e+04
1.842183472169663219e+04
1.848644006778131370e+04
1.855719815426964487e+04
1.863410894033449949e+04
1.871717238159844783e+04
1.880638843013402948e+04
1.890175703446329862e+04
1.900327813955855163e+04
1.911095168684150849e+04
1.922477761418385853e+04
1.934475585590735136e+04
1.947088634278288737e+04
1.960316900203188197e+04
1.974160375732517423e+04
1.988619052878348157e+04
2.003692923297739981e+04
2.019381978292722124e+04
2.035686208810329845e+04
2.052605605442531669e+04
2.070140158426329435e+04
2.088289857643685536e+04
2.107054692621532013e+04
2.126434652531788743e+04
2.146429726191363443e+04
2.167039902062142573e+04
2.188265168250991337e+04
2.210105512509762775e+04
2.232560922235270482e+04
2.255631384469334080e+04
2.279316885898742839e+04
2.303617412855264774e+04
2.328532951315646642e+04
2.354063486901650322e+04
2.380209004879961867e+04
2.406969490162246075e+04
2.434344927305264719e+04
2.462335300510603702e+04
2.490940593624945905e+04
2.520160790139889286e+04
2.549995873192019644e+04
1.834415678067816771e+04
1.834727228768624627e+04
1.835661880685784126e+04
1.837219633263348442e+04
1.839400485574815320e+04
1.842204436323045229e+04
1.845631483840297733e+04
1.849681626088213307e+04
1.854354860657867903e+04
1.859651184769645624e+04
1.865570595273402432e+04
1.872113088648366102e+04
1.879278661003099842e+04
1.887067308075620531e+04
1.895479025233316861e+04
1.904513807472967528e+04
1.914171649420750327e+04
1.924452545332205773e+04
1.935356489092300762e+04
1.946883474215364913e+04
1.959033493845145131e+04
1.971806540754760135e+04
1.985202607346727746e+04
1.999221685652928500e+04
2.013863767334705699e+04
2.029128843682719889e+04
2.045016905617048906e+04
2.061527943687151492e+04
2.078661948071930965e+04
2.096418908579598792e+04
2.114798814647820109e+04
2.133801655343622770e+04
2.153427419363424633e+04
2.173676095033060847e+04
2.194547670307720182e+04
2.216042132771999604e+04
2.238159469639904273e+04
2.260899667754792972e+04
2.284262713589450868e+04
2.308248593246053133e+04
2.332857292456128562e+04
2.358088796580632334e+04
2.383943090609900537e+04
2.410420159163641074e+04
2.437519986490988231e+04
2.465242556470439013e+04
2.493587852609962283e+04
2.522555858046707726e+04
2.552146555547478783e+04
2.582359927508314286e+04
1.857630083783160444e+04
1.857945574100895101e+04
1.858892044860631358e+04
1.860469495482111597e+04
1.862677924998115486e+04
1.865517332054650979e+04
1.868987714910781506e+04
1.873089071438771498e+04
1.877821399123949959e+04
1.883184695064846892e+04
1.889178955973047778e+04
1.895804178173348191e+04
1.903060357603608281e+04
1.910947489814898290e+04
1.919465569971343939e+04
1.928614592850226472e+04
1.938394552841991754e+04
1.948805443950186600e+04
1.959847259791504257e+04
1.971519993595748019e+04
1.983823638205903990e+04
1.996758186078041035e+04
2.010323629281365356e+04
2.024519959498238677e+04
2.039347168024160055e+04
2.054805245767729502e+04
2.070894183250693459e+04
2.087613970607953888e+04
2.104964597587504613e+04
2.122946053550513170e+04
2.141558327471229859e+04
2.160801407937096883e+04
2.180675283148648305e+04
2.201179940919573710e+04
2.222315368676654543e+04
2.244081553459864153e+04
2.266478481922249557e+04
2.289506140330049675e+04
2.313164514562586191e+04
2.337453590112336315e+04
2.362373352084905491e+04
2.387923785199045597e+04
2.414104873786636745e+04
2.440916601792632719e+04
2.468358952775197395e+04
2.496431909905641078e+04
2.525135455968284077e+04
2.554469573360747745e+04
2.584434244093645248e+04
2.615029449790836225e+04
1.881060543757694177e+04
1.881380010288085032e+04
1.882338409677386153e+04
1.883935741319864974e+04
1.886172004205927806e+04
1.889047196922219882e+04
1.892561317651552599e+04
1.896714364172912610e+04
1.901506333861443636e+04
1.906937223688473750e+04
1.913007030221560854e+04
1.919715749624347154e+04
1.927063377656750163e+04
1.935049909674798982e+04
1.943675340630734354e+04
1.952939665072944990e+04
1.962842877146058527e+04
1.973384970590786907e+04
1.984565938744108280e+04
1.996385774539148770e+04
2.008844470505173376e+04
2.021942018767713307e+04
2.035678411048384078e+04
2.050053638665031031e+04
2.065067692531674766e+04
2.080720563158511141e+04
2.097012240651911270e+04
2.113942714714412432e+04
2.131511974644745351e+04
2.149720009337816009e+04
2.168566807284723836e+04
2.188052356572716235e+04
2.208176644885234055e+04
2.228939659501920687e+04
2.250341387298531117e+04
2.272381814747095632e+04
2.295060927915719731e+04
2.318378712468756930e+04
2.342335153666736005e+04
2.366930236366324607e+04
2.392163945020392930e+04
2.418036263678004616e+04
2.444547175984353089e+04
2.471696665180897980e+04
2.499484714105183230e+04
2.527911305190955318e+04
2.556976420468199649e+04
2.586680041562958650e+04
2.617022149697604618e+04
2.648002725690585066e+04
1.904705331412160376e+04
1.905028810655558118e+04
1.905999248174985041e+04
1.907616643338214999e+04
1.909880995091461955e+04
1.912792301959507313e+04
1.916350562045581682e+04
1.920555773031437639e+04
1.925407932177304247e+04
1.930907036321968917e+04
1.937053081882631886e+04
1.943846064855079021e+04
1.951285980813545393e+04
1.959372824910760755e+04
1.968106591877976825e+04
1.977487276024930907e+04
1.987514871239891363e+04
1.998189370989584859e+04
2.009510768319260023e+04
2.021479055852632882e+04
2.034094225791986901e+04
2.047356269918036560e+04
2.061265179590045591e+04
2.075820945745726931e+04
2.091023558901342767e+04
2.106873009151631777e+04
2.123369286169809129e+04
2.140512379207657432e+04
2.158302277095381214e+04
2.176738968241725161e+04
2.195822440633937731e+04
2.215552681837743876e+04
2.235929678997399606e+04
2.256953418835610137e+04
2.278623887653639031e+04
2.300941071331226340e+04
2.323904955326588606e+04
2.347515524676464338e+04
2.371772763996095819e+04
2.396676657479220012e+04
2.422227188898032182e+04
2.448424341603331413e+04
2.475268098524338711e+04
2.502758442168706097e+04
2.530895354622771265e+04
2.559678817551193788e+04
2.589108812197264342e+04
2.619185319382668240e+04
2.649908319507612759e+04
2.681277792550918093e+04
1.928564144105193918e+04
1.928891672470062986e+04
1.929874257344681610e+04
1.931511898069156814e+04
1.933804593543673036e+04
1.936752342228446651e+04
1.940355142143771445e+04
1.944612990870009526e+04
1.949525885547609505e+04
1.955093822877061029e+04
1.961316799118912968e+04
1.968194810093818887e+04
1.975727851182446102e+04
1.983915917325603004e+04
1.992759003024075355e+04
2.002257102338780896e+04
2.012410208890660215e+04
2.023218315860758594e+04
2.034681415990180540e+04
2.046799501580062497e+04
2.059572564491645608e+04
2.073000596146221142e+04
2.087083587525130497e+04
2.101821529169828864e+04
2.117214411181803371e+04
2.133262223222600369e+04
2.149964954513843622e+04
2.167322593837225213e+04
2.185335129534505541e+04
2.204002549507522417e+04
2.223324841218127403e+04
2.243301991688322232e+04
2.263933987500104195e+04
2.285220814795566184e+04
2.307162459276869413e+04
2.329758906206234315e+04
2.353010140405931452e+04
2.376916146258326989e+04
2.401476907705855410e+04
2.426692408250983135e+04
2.452562630956272187e+04
2.479087558444371098e+04
2.506267172897878481e+04
2.534101456059634074e+04
2.562590389232445887e+04
2.591733953279162961e+04
2.621532128622748132e+04
2.651984895246205269e+04
2.683092232692652033e+04
2.714854120065210736e+04
1.952637726310331345e+04
1.952969340111494603e+04
1.953964181285409722e+04
1.955622249143352747e+04
1.957943542537432222e+04
1.960928059860634676e+04
1.964575799046742759e+04
1.968886757570444388e+04
1.973860932447232699e+04
1.979498320233469713e+04
1.985798917026368144e+04
1.992762718463964120e+04
2.000389719725189934e+04
2.008679915529755817e+04
2.017633300138277264e+04
2.027249867352184083e+04
2.037529610513774969e+04
2.048472522506181122e+04
2.060078595753393529e+04
2.072347822220253875e+04
2.085280193412436347e+04
2.098875700376447639e+04
2.113134333699690615e+04
2.128056083510373355e+04
2.143640939477581924e+04
2.159888890811207602e+04
2.176799926262046938e+04
2.194374034121701698e+04
2.212611202222624343e+04
2.231511417938127124e+04
2.251074668182382084e+04
2.271300939410375577e+04
2.292190217617953749e+04
2.313742488341840726e+04
2.335957736659565853e+04
2.358835947189527360e+04
2.382377104090965076e+04
2.406581191063960432e+04
2.431448191349472836e+04
2.456978087729257823e+04
2.483170862525985285e+04
2.510026497603084863e+04
2.537544974364955124e+04
2.565726273756699811e+04
2.594570376264382503e+04
2.624077261914862902e+04
2.654246910275833216e+04
2.685079300455890916e+04
2.716574411104447790e+04
2.748732220411784510e+04
1.976926504467874111e+04
1.977262239911178767e+04
1.978269446001486358e+04
1.979948122020041410e+04
1.982298266768848407e+04
1.985319878570744550e+04
1.989012955269390659e+04
1.993377494229243894e+04
1.998413492335585033e+04
2.004120945994491194e+04
2.010499851132835829e+04
2.017550203198361487e+04
2.025271997159570674e+04
2.033665227505789517e+04
2.042729888247149574e+04
2.052465972914633312e+04
2.062873474559955866e+04
2.073952385755710566e+04
2.085702698595305264e+04
2.098124404692898679e+04
2.111217495183518622e+04
2.124981960722971053e+04
2.139417791487894647e+04
2.154524977175724416e+04
2.170303507004709900e+04
2.186753369713915163e+04
2.203874553563218797e+04
2.221667046333286635e+04
2.240130835325644512e+04
2.259265907362569124e+04
2.279072248787188073e+04
2.299549845463434394e+04
2.320698682776073838e+04
2.342518745630595731e+04
2.365010018453413068e+04
2.388172485191671512e+04
2.412006129313394922e+04
2.436510933807321635e+04
2.461686881183104560e+04
2.487533953471174755e+04
2.514052132222677756e+04
2.541241398509755527e+04
2.569101732925191754e+04
2.597633115582684695e+04
2.626835526116665278e+04
2.656708943682497193e+04
2.687253346956204041e+04
2.718468714134705806e+04
2.750355022935764282e+04
2.782912250597855746e+04
2.001429926555128986e+04
2.001769819721566819e+04
2.002789498970851128e+04
2.004488963552857967e+04
2.006868212217405016e+04
2.009927243214215196e+04
2.013666054292953049e+04
2.018084642703197460e+04
2.023183005194432553e+04
2.028961138016102268e+04
2.035419036917573976e+04
2.042556697148093008e+04
2.050374113456864507e+04
2.058871280093007954e+04
2.068048190805575359e+04
2.077904838843523976e+04
2.088441216955761774e+04
2.099657317391074685e+04
2.111553131898244828e+04
2.124128651725886812e+04
2.137383867622611433e+04
2.151318769836934734e+04
2.165933348117268906e+04
2.181227591711985951e+04
2.197201489369354022e+04
2.213855029337591986e+04
2.231188199364796674e+04
2.249200986699061104e+04
2.267893378088328973e+04
2.287265359780503786e+04
2.307316917523403390e+04
2.328048036564769063e+04
2.349458701652301897e+04
2.371548897033553658e+04
2.394318606456063208e+04
2.417767813167256463e+04
2.441896499914482774e+04
2.466704648945078588e+04
2.492192242006203742e+04
2.518359260345005168e+04
2.545205684708507761e+04
2.572731495343759889e+04
2.600936671997642406e+04
2.629821193916959601e+04
2.659385039848475571e+04
2.689628188038841472e+04
2.720550616234668269e+04
2.752152301682490361e+04
2.784433221128765581e+04
2.817393350819820625e+04
2.026147141107594507e+04
2.026491227935593997e+04
2.027523488158658438e+04
2.029243920994040309e+04
2.031652525137078555e+04
2.034749298761335012e+04
2.038534239518448885e+04
2.043007344538254983e+04
2.048168610428738248e+04
2.054018033276024653e+04
2.060555608644372114e+04
2.067781331576234152e+04
2.075695196592150751e+04
2.084297197690875691e+04
2.093587328349258314e+04
2.103565581522334469e+04
2.114231949643290136e+04
2.125586424623434141e+04
2.137628997852252724e+04
2.150359660197345875e+04
2.163778402004518284e+04
2.177885213097679298e+04
2.192680082778897486e+04
2.208162999828409738e+04
2.224333952504584886e+04
2.241192928543932794e+04
2.258739915161158933e+04
2.276974899049064334e+04
2.295897866378618346e+04
2.315508802798967736e+04
2.335807693437363923e+04
2.356794522899226649e+04
2.378469275268153069e+04
2.400831934105854089e+04
2.423882482452208933e+04
2.447620902825237863e+04
2.472047177221111269e+04
2.497161287114140578e+04
2.522963213456841913e+04
2.549452936679808772e+04
2.576630436691793875e+04
2.604495692879754642e+04
2.633048684108725865e+04
2.662289388721983414e+04
2.692217784540862340e+04
2.722833848864920583e+04
2.754137558471757075e+04
2.786128889617302775e+04
2.818807818035438686e+04
2.852174318938341457e+04
2.051076483946653752e+04
2.051424800197810328e+04
2.052469748678995529e+04
2.054211328573383071e+04
2.056649538519623093e+04
2.059784376611787593e+04
2.063615840399443186e+04
2.068143926887578345e+04
2.073368632536639780e+04
2.079289953262541530e+04
2.085907884436646782e+04
2.093222420885758766e+04
2.101233556892184424e+04
2.109941286193588894e+04
2.119345601983204688e+04
2.129446496909631605e+04
2.140243963076982254e+04
2.151737992044772909e+04
2.163928574828023557e+04
2.176815701897166946e+04
2.190399363178112253e+04
2.204679548052217797e+04
2.219656245356318323e+04
2.235329443382643149e+04
2.251699129878934400e+04
2.268765292048356059e+04
2.286527916549557631e+04
2.304986989496610477e+04
2.324142496459071481e+04
2.343994422461928480e+04
2.364542751985600262e+04
2.385787468966009328e+04
2.407728556794527321e+04
2.430365998317929552e+04
2.453699775838513233e+04
2.477729871113979243e+04
2.502456265357523080e+04
2.527878939237762097e+04
2.553997872878753697e+04
2.580813045860031707e+04
2.608324437216651859e+04
2.636532025438973506e+04
2.665435788472950662e+04
2.695035703719950106e+04
2.725331748036751378e+04
2.756323897735619539e+04
2.788012128584250604e+04
2.820396415805807919e+04
2.853476734078994923e+04
2.887253057537818677e+04
2.076215613877557189e+04
2.076568195105355699e+04
2.077625938504588703e+04
2.079388843222986907e+04
2.081856907840056010e+04
2.085030130367067613e+04
2.088908508247131977e+04
2.093492038355134355e+04
2.098780716997789568e+04
2.104774539913560147e+04
2.111473502272783662e+04
2.118877598677509013e+04
2.126986823161651046e+04
2.135801169190890505e+04
2.145320629662719512e+04
2.155545196906414276e+04
2.166474862683071478e+04
2.178109618185590080e+04
2.190449454038625845e+04
2.203494360298700485e+04
2.217244326454074326e+04
2.231699341424819067e+04
2.246859393562835976e+04
2.262724470651801312e+04
2.279294559907202711e+04
2.296569647976311899e+04
2.314549720938193786e+04
2.333234764303751945e+04
2.352624763015655844e+04
2.372719701448359046e+04
2.393519563408171962e+04
2.415024332133143616e+04
2.437233990293143506e+04
2.460148519989879787e+04
2.483767902756762851e+04
2.508092119559123603e+04
2.533121150794013374e+04
2.558854976290276682e+04
2.585293575308605796e+04
2.612436926541467983e+04
2.640285008113114600e+04
2.668837797579617472e+04
2.698095271928832517e+04
2.728057407580436120e+04
2.758724180385906948e+04
2.790095565628453187e+04
2.822171538023194444e+04
2.854952071716943465e+04
2.888437140288424416e+04
2.922626716748018225e+04
2.101562547188241297e+04
2.101919428723294914e+04
2.102990073032033251e+04
2.104774479225170580e+04
2.107272645820576145e+04
2.110484570743265067e+04
2.114410251325371064e+04
2.119049684306210111e+04
2.124402865832225871e+04
2.130469791456998792e+04
2.137250456141273389e+04
2.144744854252940058e+04
2.152952979567007787e+04
2.161874825265686013e+04
2.171510383938239102e+04
2.181859647581168247e+04
2.192922607598084142e+04
2.204699254799716073e+04
2.217189579403993775e+04
2.230393571035938294e+04
2.244311218727752930e+04
2.258942510918777771e+04
2.274287435455471496e+04
2.290345979591493233e+04
2.307118129987611610e+04
2.324603872711722943e+04
2.342803193238914901e+04
2.361716076451384652e+04
2.381342506638466148e+04
2.401682467496721074e+04
2.422735942129729665e+04
2.444502913048327173e+04
2.466983362170440159e+04
2.490177270821113780e+04
2.514084619732657302e+04
2.538705389044343974e+04
2.564039558302793012e+04
2.590087106461542135e+04
2.616848011881556886e+04
2.644322252330657648e+04
2.672509804984038055e+04
2.701410646423919388e+04
2.731024752639641520e+04
2.761352099027790246e+04
2.792392660392033576e+04
2.824146410943212686e+04
2.856613324299305532e+04
2.889793373485408665e+04
2.923686530933773611e+04
2.958292768483861437e+04
2.127116774992100545e+04
2.127477991938740161e+04
2.128561642469348953e+04
2.130367725656124094e+04
2.132896239952715405e+04
2.136147183194188983e+04
2.140120552597072674e+04
2.144816344759374260e+04
2.150234555660535989e+04
2.156375180661461854e+04
2.163238214504472126e+04
2.170823651313421578e+04
2.179131484593526693e+04
2.188161707231502078e+04
2.197914311495524089e+04
2.208389289035203547e+04
2.219586630881603924e+04
2.231506327447241347e+04
2.244148368526102786e+04
2.257512743293609674e+04
2.271599440306636097e+04
2.286408447503517891e+04
2.301939752204070828e+04
2.318193341109508765e+04
2.335169200302516401e+04
2.352867315247240185e+04
2.371287670789306503e+04
2.390430251155721635e+04
2.410295039955035463e+04
2.430882020177168670e+04
2.452191174193576444e+04
2.474222483757066584e+04
2.496975930001990491e+04
2.520451493444115840e+04
2.544649153980672054e+04
2.569568890890295734e+04
2.595210682833167084e+04
2.621574507850855298e+04
2.648660343366354937e+04
2.676468166184204165e+04
2.704997952490302850e+04
2.734249677852058085e+04
2.764223317218311422e+04
2.794918844919375260e+04
2.826336234667051031e+04
2.858475459554429108e+04
2.891336492056252609e+04
2.924919304028608167e+04
2.959223866709053254e+04
2.994250150716652570e+04
2.152877994867940288e+04
2.153243582087843606e+04
2.154340343424892126e+04
2.156168277911110636e+04
2.158727383933201054e+04
2.162017659232533333e+04
2.166039100905172745e+04
2.170791705401852596e+04
2.176275468527992416e+04
2.182490385443697960e+04
2.189436450663743017e+04
2.197113658057569410e+04
2.205522000849332471e+04
2.214661471617855568e+04
2.224532062296602817e+04
2.235133764173788222e+04
2.246466567892257444e+04
2.258530463449533272e+04
2.271325440197852004e+04
2.284851486844072497e+04
2.299108591449812593e+04
2.314096741431294504e+04
2.329815923559481234e+04
2.346266123959976539e+04
2.363447328113061303e+04
2.381359520853711729e+04
2.400002686371581149e+04
2.419376808211027310e+04
2.439481869271048708e+04
2.460317851805320970e+04
2.481884737422251419e+04
2.504182507084860845e+04
2.527211141110883545e+04
2.550970619172758234e+04
2.575460920297537086e+04
2.600682022867022170e+04
2.626633904617665394e+04
2.653316542640586704e+04
2.680729913381601364e+04
2.708873992641147197e+04
2.737748755574502866e+04
2.767354176691424072e+04
2.797690229856470978e+04
2.828756888288880873e+04
2.860554124562495417e+04
2.893081910605906160e+04
2.926340217702381779e+04
2.960329016489813512e+04
2.995048276960787916e+04
3.030497968462696008e+04
2.178845309404359796e+04
2.179215301502472357e+04
2.180325277460160578e+04
2.182175236267612490e+04
2.184765176241780864e+04
2.188095095026419585e+04
2.192164989592010897e+04
2.196974856235892730e+04
2.202524690582140465e+04
2.208814487581621506e+04
2.215844241511967994e+04
2.223613945977622279e+04
2.232123593909800547e+04
2.241373177566501909e+04
2.251362688532481116e+04
2.262092117719321323e+04
2.273561455365352231e+04
2.285770691035704658e+04
2.298719813622274160e+04
2.312408811343748312e+04
2.326837671745624903e+04
2.342006381700102793e+04
2.357914927406272909e+04
2.374563294389918156e+04
2.391951467503640743e+04
2.410079430926843997e+04
2.428947168165668700e+04
2.448554662053056745e+04
2.468901894748769337e+04
2.489988847739268749e+04
2.511815501837863849e+04
2.534381837184646429e+04
2.557687833246473019e+04
2.581733468816946697e+04
2.606518722016517131e+04
2.632043570292389632e+04
2.658307990418561531e+04
2.685311958495731233e+04
2.713055449951534683e+04
2.741538439540236141e+04
2.770760901343001024e+04
2.800722808767677634e+04
2.831424134548979055e+04
2.862864850748374010e+04
2.895044928754068678e+04
2.927964339281061257e+04
2.961623052371251106e+04
2.996021037393165898e+04
3.031158263042198087e+04
3.067034697340459388e+04
2.205017326716433672e+04
2.205391758025343734e+04
2.206515051600908919e+04
2.208387206389716084e+04
2.211008220636049373e+04
2.214378091881899309e+04
2.218496816967008272e+04
2.223364392028797738e+04
2.228980812502413755e+04
2.235346073120708752e+04
2.242460167914296107e+04
2.250323090211431918e+04
2.258934832638142325e+04
2.268295387118150757e+04
2.278404744872905212e+04
2.289262896421532787e+04
2.300869831580939717e+04
2.313225539465665861e+04
2.326330008488057501e+04
2.340183226358103639e+04
2.354785180083536034e+04
2.370135855969801923e+04
2.386235239620064021e+04
2.403083315935191422e+04
2.420680069113795980e+04
2.439025482652141363e+04
2.458119539344288569e+04
2.477962221281950406e+04
2.498553509854600634e+04
2.519893385749373920e+04
2.541981828951174975e+04
2.564818818742596704e+04
2.588404333703947486e+04
2.612738351713269367e+04
2.637820849946238013e+04
2.663651804876426468e+04
2.690231192274895875e+04
2.717558987210595660e+04
2.745635164050108870e+04
2.774459696457761311e+04
2.804032557395566982e+04
2.834353719123282644e+04
2.865423153198389628e+04
2.897240830476075644e+04
2.929806721109198406e+04
2.963120794548376580e+04
2.997183019541898830e+04
3.031993364135887532e+04
3.067551795674025925e+04
3.103858280797794578e+04
2.231392182604704431e+04
2.231771087146844366e+04
2.232907800406992465e+04
2.234802321286269944e+04
2.237454647953281892e+04
2.240864777844035416e+04
2.245032707661948734e+04
2.249958433377933034e+04
2.255641950230265138e+04
2.262083252724696649e+04
2.269282334634399376e+04
2.277239188999983526e+04
2.285953808129461322e+04
2.295426183598292482e+04
2.305656306249411500e+04
2.316644166193100318e+04
2.328389752807161130e+04
2.340893054736761769e+04
2.354154059894544844e+04
2.368172755460527696e+04
2.382949127882238827e+04
2.398483162874572372e+04
2.414774845419906342e+04
2.431824159768002573e+04
2.449631089436070397e+04
2.468195617208766635e+04
2.487517725138168316e+04
2.507597394543772680e+04
2.528434606012542645e+04
2.550029339398843149e+04
2.572381573824459338e+04
2.595491287678651133e+04
2.619358458618089571e+04
2.643983063566865894e+04
2.669365078716509743e+04
2.695504479525989154e+04
2.722401240721683280e+04
2.750055336297464237e+04
2.778466739514533401e+04
2.807635422901603306e+04
2.837561358254806692e+04
2.868244516637696506e+04
2.899684868381264096e+04
2.931882383083921013e+04
2.964837029611462640e+04
2.998548776097268274e+04
3.033017589941991901e+04
3.068243437813762284e+04
3.104226285648219346e+04
3.140966098648314073e+04
2.257966827011478017e+04
2.258350238424218333e+04
2.259500472280378744e+04
2.261417527433750365e+04
2.264101401974085093e+04
2.267552093226950092e+04
2.271769597753846028e+04
2.276753911352088835e+04
2.282505029054982515e+04
2.289022945131600864e+04
2.296307653086969367e+04
2.304359145662001538e+04
2.313177414833453440e+04
2.322762451813987354e+04
2.333114247052153587e+04
2.344232790232390471e+04
2.356118070274978891e+04
2.368770075336151422e+04
2.382188792807955906e+04
2.396374209318373687e+04
2.411326310731246849e+04
2.427045082146296409e+04
2.443530507899158692e+04
2.460782571561285295e+04
2.478801255940097690e+04
2.497586543078850809e+04
2.517138414256678516e+04
2.537456849988629983e+04
2.558541830025606032e+04
2.580393333354404604e+04
2.603011338197720761e+04
2.626395822014083024e+04
2.650546761497989792e+04
2.675464132579763827e+04
2.701147910425588634e+04
2.727598069437572121e+04
2.754814583253719320e+04
2.782797424747877812e+04
2.811546566029828682e+04
2.841061978445159184e+04
2.871343632575408265e+04
2.902391498237993801e+04
2.934205544486158033e+04
2.966785739609131269e+04
3.000132051131859043e+04
3.034244445815402287e+04
3.069122889656500774e+04
3.104767347887882352e+04
3.141177784978117415e+04
3.178354164631709864e+04
2.284737861860994599e+04
2.285125813362128611e+04
2.286289667467008258e+04
2.288229422980166419e+04
2.290945077909173051e+04
2.294436629464589714e+04
2.298704074060005951e+04
2.303747407312030191e+04
2.309566624040298848e+04
2.316161718267458127e+04
2.323532683219191313e+04
2.331679511324173291e+04
2.340602194214143310e+04
2.350300722723795843e+04
2.360775086890917009e+04
2.372025275956257246e+04
2.384051278363622259e+04
2.396853081759836641e+04
2.410430672994716588e+04
2.424784038121124468e+04
2.439913162394932442e+04
2.455818030275031560e+04
2.472498625423331760e+04
2.489954930704807339e+04
2.508186928187351441e+04
2.527194599141976141e+04
2.546977924042676023e+04
2.567536882566464556e+04
2.588871453593383194e+04
2.610981615206483184e+04
2.633867344691825565e+04
2.657528618538544833e+04
2.681965412438712519e+04
2.707177701287491800e+04
2.733165459183055646e+04
2.759928659426550439e+04
2.787467274522205116e+04
2.815781276177203836e+04
2.844870635301795119e+04
2.874735322009255469e+04
2.905375305615871184e+04
2.936790554640920163e+04
2.968981036806690099e+04
3.001946719038587617e+04
3.035687567464938184e+04
3.070203547417113441e+04
3.105494623429567582e+04
3.141560759239655454e+04
3.178401917787850834e+04
3.216018061217619106e+04
2.311702804841952457e+04
2.312095329233388838e+04
2.313272901992095285e+04
2.315235521871245510e+04
2.317983186792816923e+04
2.321515893847572443e+04
2.325833639295069588e+04
2.330936418563651387e+04
2.336824226250464562e+04
2.343497056121386777e+04
2.350954901111181243e+04
2.359197753323323923e+04
2.368225604030103568e+04
2.378038443672603535e+04
2.388636261860701779e+04
2.400019047373052672e+04
2.412186788157096089e+04
2.425139471329102889e+04
2.438877083174056679e+04
2.453399609145808427e+04
2.468707033866949132e+04
2.484799341128891683e+04
2.501676513891825380e+04
2.519338534284697744e+04
2.537785383605296374e+04
2.557017042320176188e+04
2.577033490064695798e+04
2.597834705642962945e+04
2.619420667027916352e+04
2.641791351361280249e+04
2.664946734953555278e+04
2.688886793284000305e+04
2.713611501000723365e+04
2.739120831920627097e+04
2.765414759029335983e+04
2.792493254481305485e+04
2.820356289599822048e+04
2.849003834876857582e+04
2.878435859973269544e+04
2.908652333718619047e+04
2.939653224111370946e+04
2.971438498318693746e+04
3.004008122676550556e+04
3.037362062689735467e+04
3.071500283031782601e+04
3.106422747545038874e+04
3.142129419240645802e+04
3.178620260298557696e+04
3.215895232067468896e+04
3.253954295064886537e+04
2.338859919386022739e+04
2.339257049052348520e+04
2.340448437617942545e+04
2.342434083782472953e+04
2.345213985378813959e+04
2.348788139372927617e+04
2.353156541863936582e+04
2.358319188084105917e+04
2.364276072398815813e+04
2.371027188306616154e+04
2.378572528439153757e+04
2.386912084561245138e+04
2.396045847570858314e+04
2.405973807499049144e+04
2.416695953510034087e+04
2.428212273901190201e+04
2.440522756103000575e+04
2.453627386679099800e+04
2.467526151326246691e+04
2.482219034874378849e+04
2.497706021286512623e+04
2.513987093658843150e+04
2.531062234220689788e+04
2.548931424334505209e+04
2.567594644495902685e+04
2.587051874333592423e+04
2.607303092609463420e+04
2.628348277218519797e+04
2.650187405188898992e+04
2.672820452681871757e+04
2.696247394991896726e+04
2.720468206546502188e+04
2.745482860906413407e+04
2.771291330765452585e+04
2.797893587950547953e+04
2.825289603421879292e+04
2.853479347272641462e+04
2.882462788729280874e+04
2.912239896151222638e+04
2.942810637031197984e+04
2.974174977994971414e+04
3.006332884801522596e+04
3.039284322342900850e+04
3.073029254644279717e+04
3.107567644864047907e+04
3.142899455293681967e+04
3.179024647357800859e+04
3.215943181614147761e+04
3.253655017753662833e+04
3.292160114600319503e+04
2.366207444785131884e+04
2.366609211691784367e+04
2.367814511959759329e+04
2.369823344233063835e+04
2.372635706251712691e+04
2.376251594851737536e+04
2.380671005965186851e+04
2.385893934620071377e+04
2.391920374940473266e+04
2.398750320146446029e+04
2.406383762554041823e+04
2.414820693575366022e+04
2.424061103718468075e+04
2.434104982587459745e+04
2.444952318882424152e+04
2.456603100399497634e+04
2.469057314030760608e+04
2.482314945764355798e+04
2.496375980684415481e+04
2.511240402971061485e+04
2.526908195900459759e+04
2.543379341844765804e+04
2.560653822272124671e+04
2.578731617746716438e+04
2.597612707928719828e+04
2.617297071574321308e+04
2.637784686535715082e+04
2.659075529761103098e+04
2.681169577294704141e+04
2.704066804276717448e+04
2.727767184943368193e+04
2.752270692626916571e+04
2.777577299755594140e+04
2.803686977853649296e+04
2.830599697541310888e+04
2.858315428534879175e+04
2.886834139646634867e+04
2.916155798784857325e+04
2.946280372953788174e+04
2.977207828253776825e+04
3.008938129881098575e+04
3.041471242128081940e+04
3.074807128383072268e+04
3.108945751130358985e+04
3.143887071950266545e+04
3.179631051519190805e+04
3.216177649609471700e+04
3.253526825089429622e+04
3.291678535923474556e+04
3.330632739171978756e+04
2.393743645486283640e+04
2.394150081223715461e+04
2.395369387964719863e+04
2.397401564295287244e+04
2.400246607858780408e+04
2.403904515355907279e+04
2.408375282544675429e+04
2.413658904240501215e+04
2.419755374316109737e+04
2.426664685701543931e+04
2.434386830384246423e+04
2.442921799408932202e+04
2.452269582877725043e+04
2.462430169950048366e+04
2.473403548842679811e+04
2.485189706829760325e+04
2.497788630242730505e+04
2.511200304470403353e+04
2.525424713958946086e+04
2.540461842211825569e+04
2.556311671789871980e+04
2.572974184311278805e+04
2.590449360451566463e+04
2.608737179943564115e+04
2.627837621577518803e+04
2.647750663200949930e+04
2.668476281718758401e+04
2.690014453093153861e+04
2.712365152343727459e+04
2.735528353547379083e+04
2.759504029838371935e+04
2.784292153408296144e+04
2.809892695506132441e+04
2.836305626438097534e+04
2.863530915567862394e+04
2.891568531316406734e+04
2.920418441162019008e+04
2.950080611640369170e+04
2.980555008344417729e+04
3.011841595924561261e+04
3.043940338088414137e+04
3.076851197601026797e+04
3.110574136284758424e+04
3.145109115019349701e+04
3.180456093741831864e+04
3.216615031446581270e+04
3.253585886185301206e+04
3.291368615067185601e+04
3.329963174258537038e+04
3.369369518983130547e+04
2.421466670296658776e+04
2.421877806069924191e+04
2.423111212898284066e+04
2.425166889307347446e+04
2.428044832839823357e+04
2.431745040055484424e+04
2.436267506531194158e+04
2.441612226860916053e+04
2.447779194655622632e+04
2.454768402543459160e+04
2.462579842169607218e+04
2.471213504196284703e+04
2.480669378302882251e+04
2.490947453185799532e+04
2.502047716558545289e+04
2.513970155151691870e+04
2.526714754712938884e+04
2.540281500006985880e+04
2.554670374815696050e+04
2.569881361937941620e+04
2.585914443189731173e+04
2.602769599404109613e+04
2.620446810431221820e+04
2.638946055138330848e+04
2.658267311409699687e+04
2.678410556146727686e+04
2.699375765267895986e+04
2.721162913708722044e+04
2.743771975421859679e+04
2.767202923377008119e+04
2.791455729560966574e+04
2.816530364977552381e+04
2.842426799647782900e+04
2.869145002609639050e+04
2.896684941918247205e+04
2.925046584645788244e+04
2.954229896881515742e+04
2.984234843731846922e+04
3.015061389320144372e+04
3.046709496786897944e+04
3.079179128289779328e+04
3.112470245003405580e+04
3.146582807119521021e+04
3.181516773846997239e+04
3.217272103411687567e+04
3.253848753056663554e+04
3.291246679041923926e+04
3.329465836644649244e+04
3.368506180159056385e+04
3.408367662896471302e+04
2.449373455744998864e+04
2.449789322260376139e+04
2.451036921294098647e+04
2.453116251308892970e+04
2.456027309742667057e+04
2.459770093008482945e+04
2.464344596494547659e+04
2.469750814564222310e+04
2.475988740556058474e+04
2.483058366783761812e+04
2.490959684536173881e+04
2.499692684077281228e+04
2.509257354646288150e+04
2.519653684457516647e+04
2.530881660700451903e+04
2.542941269539751374e+04
2.555832496115217509e+04
2.569555324541797745e+04
2.584109737909648175e+04
2.599495718284033501e+04
2.615713246705417987e+04
2.632762303189383601e+04
2.650642866726702778e+04
2.669354915283302034e+04
2.688898425800261975e+04
2.709273374193808195e+04
2.730479735355338562e+04
2.752517483151423221e+04
2.775386590423804591e+04
2.799087028989342798e+04
2.823618769640015671e+04
2.848981782143127930e+04
2.875176035240911006e+04
2.902201496650977788e+04
2.930058133065940638e+04
2.958745910153666046e+04
2.988264792557129113e+04
3.018614743894468120e+04
3.049795726759057288e+04
3.081807702719252120e+04
3.114650632318789576e+04
3.148324475076406088e+04
3.182829189486019459e+04
3.218164733016765240e+04
3.254331062112905784e+04
3.291328132193884812e+04
3.329155897654254659e+04
3.367814311863785406e+04
3.407303327167319367e+04
3.447622894884989364e+04
2.477459849706056048e+04
2.477880477068065375e+04
2.479142358619883453e+04
2.481245492758762339e+04
2.484189876813488809e+04
2.487975507044393453e+04
2.492602378643241536e+04
2.498070485733387613e+04
2.504379821369684578e+04
2.511530377538474568e+04
2.519522145157625346e+04
2.528355114076548489e+04
2.538029273076126628e+04
2.548544609868777115e+04
2.559901111098433830e+04
2.572098762340547182e+04
2.585137548102065921e+04
2.599017451821455325e+04
2.613738455868715391e+04
2.629300541545344458e+04
2.645703689084366488e+04
2.662947877650294686e+04
2.681033085339204263e+04
2.699959289178632389e+04
2.719726465127660049e+04
2.740334588076857472e+04
2.761783631848347795e+04
2.784073569195752498e+04
2.807204371804200491e+04
2.831176010290309932e+04
2.855988454202270077e+04
2.881641672019759426e+04
2.908135631153945724e+04
2.935470297947540530e+04
2.963645637674762838e+04
2.992661614541357267e+04
3.022518191684557678e+04
3.053215331173105369e+04
3.084752994007321831e+04
3.117131140118963231e+04
3.150349728371347737e+04
3.184408716559300956e+04
3.219308061409137736e+04
3.255047718578698550e+04
3.291627642657385877e+04
3.329047787166055059e+04
3.367308104557068873e+04
3.406408546214370290e+04
3.446349062453355145e+04
3.487129602520981280e+04
2.505721677548081061e+04
2.506147095238184193e+04
2.507423347751482652e+04
2.509550433417134627e+04
2.512528349450321912e+04
2.516357091952304472e+04
2.521036655910475019e+04
2.526567035198231679e+04
2.532948222575114414e+04
2.540180209686695889e+04
2.548262987064654226e+04
2.557196544126745721e+04
2.566980869176795750e+04
2.577615949404716957e+04
2.589101770886472877e+04
2.601438318584159788e+04
2.614625576345915761e+04
2.628663526905957042e+04
2.643552151884578052e+04
2.659291431788178670e+04
2.675881346009218760e+04
2.693321872826245453e+04
2.711612989403847678e+04
2.730754671792738009e+04
2.750746894929716291e+04
2.771589632637596878e+04
2.793282857625345059e+04
2.815826541487949726e+04
2.839220654706550704e+04
2.863465166648275044e+04
2.888560045566391636e+04
2.914505258600238449e+04
2.941300771775167959e+04
2.968946550002765434e+04
2.997442557080521510e+04
3.026788755692105042e+04
3.056985107407217583e+04
3.088031572681702528e+04
3.119928110857435968e+04
3.152674680162363074e+04
3.186271237710516289e+04
3.220717739502051700e+04
3.256014140423121717e+04
3.292160394246020587e+04
3.329156453629148018e+04
3.367002270116863656e+04
3.405697794139723555e+04
3.445242975014316471e+04
3.485637760943336616e+04
3.526882099015510903e+04
2.534155342183212269e+04
2.534585579070007952e+04
2.535876289149764489e+04
2.538027470680681290e+04
2.541039120759705838e+04
2.544911235322570064e+04
2.549643809143817634e+04
2.555236835836740283e+04
2.561690307853450577e+04
2.569004216484809149e+04
2.577178551860497464e+04
2.586213302948926867e+04
2.596108457557347720e+04
2.606864002331758456e+04
2.618479922756978340e+04
2.630956203156547417e+04
2.644292826692872040e+04
2.658489775367042967e+04
2.673547030019035446e+04
2.689464570327527326e+04
2.706242374810053661e+04
2.723880420822852102e+04
2.742378684561008413e+04
2.761737141058374618e+04
2.781955764187559907e+04
2.803034526659976109e+04
2.824973400025846786e+04
2.847772354674125381e+04
2.871431359832604358e+04
2.895950383567815152e+04
2.921329392785064556e+04
2.947568353228525666e+04
2.974667229481019604e+04
3.002625984964324743e+04
3.031444581938812917e+04
3.061122981503776828e+04
3.091661143597248156e+04
3.123059026996033936e+04
3.155316589315734745e+04
3.188433787010762899e+04
3.222410575374215114e+04
3.257246908538127173e+04
3.292942739473182883e+04
3.329498019988895976e+04
3.366912700733555539e+04
3.405186731194280583e+04
3.444320059696965473e+04
3.484312633406188979e+04
3.525164398325414368e+04
3.566875299296898447e+04
2.562757275755784576e+04
2.563192360077900958e+04
2.564497612439045042e+04
2.566673031023556177e+04
2.569718612805327211e+04
2.573634353547768114e+04
2.578420247803924212e+04
2.584076288916330668e+04
2.590602469017121621e+04
2.597998779027939236e+04
2.606265208660033750e+04
2.615401746414190711e+04
2.625408379580749170e+04
2.636285094239574391e+04
2.648031875260176093e+04
2.660648706301499260e+04
2.674135569812160611e+04
2.688492447030248513e+04
2.703719317983450310e+04
2.719816161489006845e+04
2.736782955153685180e+04
2.754619675373851351e+04
2.773326297335406707e+04
2.792902795013797004e+04
2.813349141174039687e+04
2.834665307370705705e+04
2.856851263947937696e+04
2.879906980039395421e+04
2.903832423568328522e+04
2.928627561247521953e+04
2.954292358579314168e+04
2.980826779855669884e+04
3.008230788157998177e+04
3.036504345357334387e+04
3.065647412114249164e+04
3.095659947878884850e+04
3.126541910890919098e+04
3.158293258179601253e+04
3.190913945563715970e+04
3.224403927651674167e+04
3.258763157841312932e+04
3.293991588320150186e+04
3.330089170065202779e+04
3.367055852843059256e+04
3.404891585209807090e+04
3.443596314511214587e+04
3.483169986882458034e+04
3.523612547248430928e+04
3.564923939323398372e+04
3.607104105611360865e+04
2.591524440403682092e+04
2.591964399799635430e+04
2.593284277356651728e+04
2.595484071182218031e+04
2.598563778122152144e+04
2.602523393760575345e+04
2.607362912419930581e+04
2.613082327160991554e+04
2.619681629782853634e+04
2.627160810822942949e+04
2.635519859556998199e+04
2.644758763999061557e+04
2.654877510901533242e+04
2.665876085755126041e+04
2.677754472788847124e+04
2.690512654970070798e+04
2.704150614004465751e+04
2.718668330336004146e+04
2.734065783147043476e+04
2.750342950358190137e+04
2.767499808628417668e+04
2.785536333355021270e+04
2.804452498673599621e+04
2.824248277458063967e+04
2.844923641320674506e+04
2.866478560612067668e+04
2.888913004421028745e+04
2.912226940574855689e+04
2.936420335639068071e+04
2.961493154917534412e+04
2.987445362452435802e+04
3.014276921024265903e+04
3.041987792151867325e+04
3.070577936092395248e+04
3.100047311841317423e+04
3.130395877132450551e+04
3.161623588437869330e+04
3.193730400968070171e+04
3.226716268671771104e+04
3.260581144236111868e+04
3.295324979086453823e+04
3.330947723386525468e+04
3.367449326038386062e+04
3.404829734682425624e+04
3.443088895697364933e+04
3.482226754200182768e+04
3.522243254046206857e+04
3.563138337829168449e+04
3.604911946880965843e+04
3.647564021272009995e+04
2.620454276915452283e+04
2.620899138448894519e+04
2.622233722391720221e+04
2.624458026771426375e+04
2.627572048300507959e+04
2.631575782376530697e+04
2.636469223081976452e+04
2.642252363184379647e+04
2.648925194136272694e+04
2.656487706075195092e+04
2.664939887823675235e+04
2.674281726889257698e+04
2.684513209464494139e+04
2.695634320426952399e+04
2.707645043339161930e+04
2.720545360448713836e+04
2.734335252688151741e+04
2.749014699675053635e+04
2.764583679711995501e+04
2.781042169786578597e+04
2.798390145571347603e+04
2.816627581423954325e+04
2.835754450386912140e+04
2.855770724187896121e+04
2.876676373239442910e+04
2.898471366639205371e+04
2.921155672169788886e+04
2.944729256298815017e+04
2.969192084178903315e+04
2.994544119647653133e+04
3.020785325227734575e+04
3.047915662126761163e+04
3.075935090237398981e+04
3.104843568137257535e+04
3.134641053088998888e+04
3.165327501040301286e+04
3.196902866623786394e+04
3.229367103157146630e+04
3.262720162643036019e+04
3.296961995769161149e+04
3.332092551908135647e+04
3.368111779117680271e+04
3.405019624140477390e+04
3.442816032404225552e+04
3.481500948021639488e+04
3.521074313790359156e+04
3.561536071193131647e+04
3.602886160397665662e+04
3.645124520256686083e+04
3.688251088307879400e+04
2.649543667649450072e+04
2.649993457740483791e+04
2.651342827328326166e+04
2.653591774357264512e+04
2.656740295401114054e+04
2.660788385663217923e+04
2.665736038976392592e+04
2.671583247803046106e+04
2.678330003235087133e+04
2.685976294993888587e+04
2.694522111430469522e+04
2.703967439525240479e+04
2.714312264888221762e+04
2.725556571758907012e+04
2.737700343006354160e+04
2.750743560129130856e+04
2.764686203255305372e+04
2.779528251142482986e+04
2.795269681177824168e+04
2.811910469377962727e+04
2.829450590389051285e+04
2.847890017486843135e+04
2.867228722576510336e+04
2.887466676192871091e+04
2.908603847500107804e+04
2.930640204292085400e+04
2.953575712992060289e+04
2.977410338652916835e+04
3.002144044956985454e+04
3.027776794216169947e+04
3.054308547371911118e+04
3.081739263995077636e+04
3.110068902286166121e+04
3.139297419075119251e+04
3.169424769821489463e+04
3.200450908614275249e+04
3.232375788171993918e+04
3.265199359842772537e+04
3.298921573604166042e+04
3.333542378063284559e+04
3.369061720456811599e+04
3.405479546650876728e+04
3.442795801141146512e+04
3.481010427052879095e+04
3.520123366140796861e+04
3.560134558789104631e+04
3.601043944011635176e+04
3.642851459451685514e+04
3.685557041382053285e+04
3.729160624705109512e+04
2.678787634777427229e+04
2.679242379009156139e+04
2.680606610990280387e+04
2.682880328578485205e+04
2.686063528203230817e+04
2.690156204865843392e+04
2.695158352139369526e+04
2.701069962168703569e+04
2.707891025670523959e+04
2.715621531933265942e+04
2.724261468817221612e+04
2.733810822754448964e+04
2.744269578748780987e+04
2.755637720375880235e+04
2.767915229783202449e+04
2.781102087689978362e+04
2.795198273387222798e+04
2.810203764737798338e+04
2.826118538176351649e+04
2.842942568709249826e+04
2.860675829914735004e+04
2.879318293942833407e+04
2.898869931515346252e+04
2.919330711925867945e+04
2.940700603039840644e+04
2.962979571294436028e+04
2.986167581698646245e+04
3.010264597833229345e+04
3.035270581850818417e+04
3.061185494475757878e+04
3.088009295004248997e+04
3.115741941304258944e+04
3.144383389815538976e+04
3.173933595549642632e+04
3.204392512089998490e+04
3.235760091591637320e+04
3.268036284781610448e+04
3.301221040958607773e+04
3.335314307993212424e+04
3.370316032327737048e+04
3.406226158976296574e+04
3.443044631524880970e+04
3.480771392131118773e+04
3.519406381524568133e+04
3.558949539006589475e+04
3.599400802450218180e+04
3.640760108300419233e+04
3.683027391573850764e+04
3.726202585859045939e+04
3.770285623316249257e+04
2.708180598149319849e+04
2.708640321197553931e+04
2.710019489598171276e+04
2.712318101118753475e+04
2.715536152038648652e+04
2.719673637148925991e+04
2.724730549752430306e+04
2.730706881663681997e+04
2.737602623208995283e+04
2.745417763226396346e+04
2.754152289065641526e+04
2.763806186588235505e+04
2.774379440167413122e+04
2.785872032688148465e+04
2.798283945547173062e+04
2.811615158652912214e+04
2.825865650425575950e+04
2.841035397797077167e+04
2.857124376211068011e+04
2.874132559622985355e+04
2.892059920499923464e+04
2.910906429820752237e+04
2.930672057076117198e+04
2.951356770268321270e+04
2.972960535911497573e+04
2.995483319031427527e+04
3.018925083165686374e+04
3.043285790363570413e+04
3.068565401186078816e+04
3.094763874706040951e+04
3.121881168507934490e+04
3.149917238687976351e+04
3.178872039854195464e+04
3.208745525126269058e+04
3.239537646135668183e+04
3.271248353025530378e+04
3.303877594450877950e+04
3.337425317578345130e+04
3.371891468086305395e+04
3.407275990164907853e+04
3.443578826516040863e+04
3.480799918353332032e+04
3.518939205402111838e+04
3.557996625899450009e+04
3.597972116594210092e+04
3.638865612746903935e+04
3.680677048129891773e+04
3.723406355027145764e+04
3.767053464234522835e+04
3.811618305059437262e+04
2.737716837483330892e+04
2.738181563139469290e+04
2.739575739332540252e+04
2.741899363736420128e+04
2.745152432474278612e+04
2.749334940118496888e+04
2.754446879690749483e+04
2.760488242661958793e+04
2.767459018952340557e+04
2.775359196931312908e+04
2.784188763417578230e+04
2.793947703679114056e+04
2.804636001433127603e+04
2.816253638846119429e+04
2.828800596533819771e+04
2.842276853561243115e+04
2.856682387442633626e+04
2.872017174141519718e+04
2.888281188070677672e+04
2.905474402092168020e+04
2.923596787517271878e+04
2.942648314106536418e+04
2.962628950069793063e+04
2.983538662066112011e+04
3.005377415203838609e+04
3.028145173040556983e+04
3.051841897583144601e+04
3.076467549287681322e+04
3.102022087059576734e+04
3.128505468253406434e+04
3.155917648673148506e+04
3.184258582571892475e+04
3.213528222652075783e+04
3.243726520065356453e+04
3.274853424412649474e+04
3.306908883744181367e+04
3.339892844559344667e+04
3.373805251806916203e+04
3.408646048884838820e+04
3.444415177640330512e+04
3.481112578369848052e+04
3.518738189819196123e+04
3.557291949183327233e+04
3.596773792106578185e+04
3.637183652682397224e+04
3.678521463453598699e+04
3.720787155412199354e+04
3.763980657999563846e+04
3.808101899106204655e+04
3.853150805071945797e+04
2.767390478986089875e+04
2.767860230176538607e+04
2.769269482940035232e+04
2.771618234852994647e+04
2.774906481876050748e+04
2.779134218354192853e+04
2.784301437016629279e+04
2.790408128976860098e+04
2.797454283732668046e+04
2.805439889166045759e+04
2.814364931543341299e+04
2.824229395515094438e+04
2.835033264116200371e+04
2.846776518765746005e+04
2.859459139267137289e+04
2.873081103808044645e+04
2.887642388960421158e+04
2.903142969680429815e+04
2.919582819308579928e+04
2.936961909569618001e+04
2.955280210572582291e+04
2.974537690810739150e+04
2.994734317161655781e+04
3.015870054887218430e+04
3.037944867633450485e+04
3.060958717430821707e+04
3.084911564693938999e+04
3.109803368221710116e+04
3.135634085197361856e+04
3.162403671188330918e+04
3.190112080146373046e+04
3.218759264407544833e+04
3.248345174692040018e+04
3.278869760104462330e+04
3.310332968133589020e+04
3.342734744652589143e+04
3.376075033918787085e+04
3.410353778573808086e+04
3.445570919643578236e+04
3.481726396538288100e+04
3.518820147052392713e+04
3.556852107364611584e+04
3.595822212037910504e+04
3.635730394019574305e+04
3.676576584641188674e+04
3.718360713618476439e+04
3.761082709051606798e+04
3.804742497424867906e+04
3.849340003606921528e+04
3.894875150850639329e+04
2.797196022947091478e+04
2.797670821733618141e+04
2.799095217251533541e+04
2.801469206975871202e+04
2.804792786698308191e+04
2.809065950527246969e+04
2.814288690887715347e+04
2.820460998521466536e+04
2.827582862486924569e+04
2.835654270159147927e+04
2.844675207229929583e+04
2.854645657707696955e+04
2.865565603917621047e+04
2.877435026501470929e+04
2.890253904417759259e+04
2.904022214941614948e+04
2.918739933664919590e+04
2.934407034496198321e+04
2.951023489660638006e+04
2.968589269700114528e+04
2.987104343473183690e+04
3.006568678155126690e+04
3.026982239237822796e+04
3.048344990529894858e+04
3.070656894156563794e+04
3.093917910559885058e+04
3.118127998498403031e+04
3.143287115047478437e+04
3.169395215599070070e+04
3.196452253861825739e+04
3.224458181861191406e+04
3.253412949939120153e+04
3.283316506754381408e+04
3.314168799282269902e+04
3.345969772814914904e+04
3.378719370961043751e+04
3.412417535646090982e+04
3.447064207112180156e+04
3.482659323918051086e+04
3.519202822939187172e+04
3.556694639367724449e+04
3.595134706712451589e+04
3.634522956798937230e+04
3.674859319769257127e+04
3.716143724082357949e+04
3.758376096513748053e+04
3.801556362155624811e+04
3.845684444416892802e+04
3.890760265023091051e+04
3.936783744016520359e+04
2.827129978737330021e+04
2.827609846395553177e+04
2.829049448493387899e+04
2.831448782400429991e+04
2.834807843732651236e+04
2.839126626352372114e+04
2.844405122368325465e+04
2.850643322135620110e+04
2.857841214255768136e+04
2.865998785576621231e+04
2.875116021192470726e+04
2.885192904443956650e+04
2.896229416918104107e+04
2.908225538448323277e+04
2.921181247114427606e+04
2.935096519242588329e+04
2.949971329405389042e+04
2.965805650421752944e+04
2.982599453357051971e+04
3.000352707522961282e+04
3.019065380477604776e+04
3.038737438025491429e+04
3.059368844217460719e+04
3.080959561350791773e+04
3.103509549969094223e+04
3.127018768862417346e+04
3.151487175067159114e+04
3.176914723866102577e+04
3.203301368788415857e+04
3.230647061609670345e+04
3.258951752351804316e+04
3.288215389283195691e+04
3.318437918918443756e+04
3.349619286018732964e+04
3.381759433591487323e+04
3.414858302890606865e+04
3.448915833416322130e+04
3.483931962915285112e+04
3.519906627380441932e+04
3.556839761051305686e+04
3.594731296413538075e+04
3.633581164199385967e+04
3.673389293387335783e+04
3.714155611202386353e+04
3.755880043115812441e+04
3.798562512845328456e+04
3.842202942355015693e+04
3.886801251855340524e+04
3.932357359803172585e+04
3.978871182901712018e+04
2.857189244045366650e+04
2.857674201062063730e+04
2.859129071198767633e+04
2.861553851715425481e+04
2.864948538045246096e+04
2.869313123794736384e+04
2.874647600743637668e+04
2.880951958845071204e+04
2.888226186225374477e+04
2.896470269184164863e+04
2.905684192194385105e+04
2.915867937902239646e+04
2.927021487127212822e+04
2.939144818862105240e+04
2.952237910272942827e+04
2.966300736699122353e+04
2.981333271653238626e+04
2.997335486821230006e+04
3.014307352062314749e+04
3.032248835408954619e+04
3.051159903066927654e+04
3.071040519415309973e+04
3.091890647006384825e+04
3.113710246565879061e+04
3.136499276992672094e+04
3.160257695358905039e+04
3.184985456910144421e+04
3.210682515065109328e+04
3.237348821415871498e+04
3.264984325727800751e+04
3.293588975939455850e+04
3.323162718162784586e+04
3.353705496683014644e+04
3.385217253958562651e+04
3.417697930621234264e+04
3.451147465476060461e+04
3.485565795501388493e+04
3.520952855848863692e+04
3.557308579843338521e+04
3.594632898983072664e+04
3.632925742939460179e+04
3.672187039557320531e+04
3.712416714854698512e+04
3.753614693022882420e+04
3.795780896426549589e+04
3.838915245603566291e+04
3.883017659265096881e+04
3.928088054295676557e+04
3.974126345753011265e+04
4.021132446868159604e+04
2.887369228385841780e+04
2.887859294320705885e+04
2.889329491173994029e+04
2.891779816091557223e+04
2.895210264316629036e+04
2.899620829189689175e+04
2.905011502148472573e+04
2.911382272728014868e+04
2.918733128560606929e+04
2.927064055375876706e+04
2.936375037000634620e+04
2.946666055359082748e+04
2.957937090472596537e+04
2.970188120459888523e+04
2.983419121536917373e+04
2.997630068016987934e+04
3.012820932310569333e+04
3.028991684925513255e+04
3.046142294466881140e+04
3.064272727637071512e+04
3.083382949235747219e+04
3.103472922159780865e+04
3.124542607403382135e+04
3.146591964058043231e+04
3.169620949312520679e+04
3.193629518452871707e+04
3.218617624862363300e+04
3.244585220021654095e+04
3.271532253508557915e+04
3.299458672998225666e+04
3.328364424263108958e+04
3.358249451172887348e+04
3.389113695694595663e+04
3.420957097892442107e+04
3.453779595927990158e+04
3.487581126060049428e+04
3.522361622644712043e+04
3.558121018135370832e+04
3.594859243082646572e+04
3.632576226134460740e+04
3.671271894036090089e+04
3.710946171629966557e+04
3.751598981855859165e+04
3.793230245750819449e+04
3.835839882449181459e+04
3.879427809182489000e+04
3.923993941279695719e+04
3.969538192166910449e+04
4.016060473367560917e+04
4.063560694502393744e+04
2.917663872966977578e+04
2.918159066315856762e+04
2.919644645371545266e+04
2.922120607161450607e+04
2.925586946731255011e+04
2.930043657144788085e+04
2.935490729484263284e+04
2.941928152850014158e+04
2.949355914360758106e+04
2.957773999153396289e+04
2.967182390383095481e+04
2.977581069223324448e+04
2.988970014865690246e+04
3.001349204520211060e+04
3.014718613415025175e+04
3.029078214796609245e+04
3.044427979929678258e+04
3.060767878097194625e+04
3.078097876600349991e+04
3.096417940758619807e+04
3.115728033909781516e+04
3.136028117409750848e+04
3.157318150632836478e+04
3.179598090971503552e+04
3.202867893836482835e+04
3.227127512656825274e+04
3.252376898879756482e+04
3.278616001970840443e+04
3.305844769413797621e+04
3.334063146710686851e+04
3.363271077381796204e+04
3.393468502965642983e+04
3.424655363019101060e+04
3.456831595117128018e+04
3.489997134853056195e+04
3.524151915838483546e+04
3.559295869703237258e+04
3.595428926095355564e+04
3.632551012681178690e+04
3.670662055145312479e+04
3.709761977190555626e+04
3.749850700538045203e+04
3.790928144927129324e+04
3.832994228115421720e+04
3.876048865878801735e+04
3.920091972011341568e+04
3.965123458325451793e+04
4.011143234651754028e+04
4.058151208839117317e+04
4.106147286754785455e+04
2.948066480995639722e+04
2.948566819147627029e+04
2.950067832571648978e+04
2.952569518171876553e+04
2.956071870788564411e+04
2.960574883198087264e+04
2.966078546112894401e+04
2.972582848181627924e+04
2.980087775988959038e+04
2.988593314055697192e+04
2.998099444838708223e+04
3.008606148731023495e+04
3.020113404061776237e+04
3.032621187096210633e+04
3.046129472035609069e+04
3.060638231017419457e+04
3.076147434115227952e+04
3.092657049338649813e+04
3.110167042633474921e+04
3.128677377881540451e+04
3.148188016900803632e+04
3.168698919445396314e+04
3.190210043205461261e+04
3.212721343807315861e+04
3.236232774813342985e+04
3.260744287722027366e+04
3.286255831968046550e+04
3.312767354922034428e+04
3.340278801890872273e+04
3.368790116117470461e+04
3.398301238780877611e+04
3.428812108996226016e+04
3.460322663814786210e+04
3.492832838223876024e+04
3.526342565147006098e+04
3.560851775443716178e+04
3.596360397909720632e+04
3.632868359276762931e+04
3.670375584212742979e+04
3.708881995321662544e+04
3.748387513143643446e+04
3.788892056154836609e+04
3.830395540767658531e+04
3.872897881330427481e+04
3.916398990127763682e+04
3.960898777380243700e+04
4.006397151244618726e+04
4.052894017813741812e+04
4.100389281116586062e+04
4.148882843118226447e+04
2.978568740393402550e+04
2.979074239588117052e+04
2.980590736097501576e+04
2.983118226697697537e+04
2.986656706015501186e+04
2.991206166528381800e+04
2.996766598564609012e+04
3.003337990303089100e+04
3.010920327773474128e+04
3.019513594856189229e+04
3.029117773282259805e+04
3.039732842633566179e+04
3.051358780342561658e+04
3.063995561692536285e+04
3.077643159817416745e+04
3.092301545701884606e+04
3.107970688181339938e+04
3.124650553941901308e+04
3.142341107520387595e+04
3.161042311304317991e+04
3.180754125531948375e+04
3.201476508292271319e+04
3.223209415524961514e+04
3.245952801020466723e+04
3.269706616419880447e+04
3.294470811215032882e+04
3.320245332748490910e+04
3.347030126213539916e+04
3.374825134654183785e+04
3.403630298965090333e+04
3.433445557891682256e+04
3.464270848030137131e+04
3.496106103827260085e+04
3.528951257580683887e+04
3.562806239438687044e+04
3.597670977400211996e+04
3.633545397315083392e+04
3.670429422883680672e+04
3.708322975657138159e+04
3.747225975037345052e+04
3.787138338276945433e+04
3.828059980479192745e+04
3.869990814598113502e+04
3.912930751438470907e+04
3.956879699655710283e+04
4.001837565755995456e+04
4.047804254096172372e+04
4.094779666883969185e+04
4.142763704177614272e+04
4.191756263886163651e+04
3.009161774997519387e+04
3.009672450287907850e+04
3.011204475040012767e+04
3.013757845896761864e+04
3.017332557263143826e+04
3.021928601305999109e+04
3.027545967954183652e+04
3.034184644898532497e+04
3.041844617591823408e+04
3.050525869248831441e+04
3.060228380846256186e+04
3.070952131122812716e+04
3.082697096579104254e+04
3.095463251477831363e+04
3.109250567843537283e+04
3.124059015462789830e+04
3.139888561884163209e+04
3.156739172418092494e+04
3.174610810137073713e+04
3.193503435875518335e+04
3.213417008229862404e+04
3.234351483558402833e+04
3.256306815981533873e+04
3.279282957381528831e+04
3.303279857402703783e+04
3.328297463451235672e+04
3.354335720695326017e+04
3.381394572065182729e+04
3.409473958252947341e+04
3.438573817712676828e+04
3.468694086660470930e+04
3.499834699074417586e+04
3.531995586694465601e+04
3.565176679022570170e+04
3.599377903322729253e+04
3.634599184620838059e+04
3.670840445704761805e+04
3.708101607124372094e+04
3.746382587191455968e+04
3.785683301979806856e+04
3.826003665325151815e+04
3.867343588825242477e+04
3.909702981839745917e+04
3.953081751490281022e+04
3.997479802660527639e+04
4.042897037996026484e+04
4.089333357904342847e+04
4.136788660554993839e+04
4.185262841879448388e+04
4.234755795571218187e+04
3.039838927991731907e+04
3.040354793267988498e+04
3.041902387931595513e+04
3.044481708487155629e+04
3.048092749109036959e+04
3.052735501641300289e+04
3.058409955597735461e+04
3.065116098161961418e+04
3.072853914187235205e+04
3.081623386196588399e+04
3.091424494382754347e+04
3.102257216608286399e+04
3.114121528405394201e+04
3.127017402976071025e+04
3.140944811192021007e+04
3.155903721594659146e+04
3.171894100395256828e+04
3.188915911474650784e+04
3.206969116383534129e+04
3.226053674342347222e+04
3.246169542241168529e+04
3.267316674639896519e+04
3.289495023768140527e+04
3.312704539525238943e+04
3.336945169480259210e+04
3.362216858872088778e+04
3.388519550609198632e+04
3.415853185269934329e+04
3.444217701102334104e+04
3.473613034024147055e+04
3.504039117622887716e+04
3.535495883155799675e+04
3.567983259549837385e+04
3.601501173401775304e+04
3.636049548978007806e+04
3.671628308214785648e+04
3.708237370717961312e+04
3.745876653763261857e+04
3.784546072296070633e+04
3.824245538931518240e+04
3.864974963954518898e+04
3.906734255319661315e+04
3.949523318651281443e+04
3.993342057243462477e+04
4.038190372060053051e+04
4.084068161734630849e+04
4.130975322570484423e+04
4.178911748540631379e+04
4.227877331287818379e+04
4.277871960124630277e+04
3.070595834758069032e+04
3.071116902773210313e+04
3.072680105605586505e+04
3.075285439616018266e+04
3.078932898739303710e+04
3.083622474484072882e+04
3.089354155932851427e+04
3.096127929742106062e+04
3.103943780142162723e+04
3.112801688937306608e+04
3.122701635505618469e+04
3.133643596799192892e+04
3.145627547343938204e+04
3.158653459239703807e+04
3.172721302160280175e+04
3.187831043353216955e+04
3.203982647640150390e+04
3.221176077416457701e+04
3.239411292651475378e+04
3.258688250888462790e+04
3.279006907244511240e+04
3.300367214410744054e+04
3.322769122652025544e+04
3.346212579807215661e+04
3.370697531289042672e+04
3.396223920084139536e+04
3.422791686753025715e+04
3.450400769430143555e+04
3.479051103823803714e+04
3.508742623216294305e+04
3.539475258463698992e+04
3.571248937996042514e+04
3.604063587817236112e+04
3.637919131505168480e+04
3.672815490211505676e+04
3.708752582661909400e+04
3.745730325155891478e+04
3.783748631566868426e+04
3.822807413342179643e+04
3.862906579503014655e+04
3.904046036644522246e+04
3.946225688935719518e+04
3.989445438119546452e+04
4.033705183512811345e+04
4.079004822006190807e+04
4.125344248064338899e+04
4.172723353725741617e+04
4.221142028602898790e+04
4.270600159882014850e+04
4.321097632323380822e+04
3.101427718984905368e+04
3.101954001300273376e+04
3.103532846983507625e+04
3.106164252246162505e+04
3.109848210773925530e+04
3.114584713727053895e+04
3.120373749739956111e+04
3.127215304921410279e+04
3.135109362854491337e+04
3.144055904596716573e+04
3.154054908679736400e+04
3.165106351109679963e+04
3.177210205366936862e+04
3.190366442406248098e+04
3.204575030656633317e+04
3.219835936021481757e+04
3.236149121878461301e+04
3.253514549079645803e+04
3.271932175951333193e+04
3.291401958294209180e+04
3.311923849383238121e+04
3.333497799967772153e+04
3.356123758271423867e+04
3.379801669992139068e+04
3.404531478302251344e+04
3.430313123848372925e+04
3.457146544751376496e+04
3.485031676606540714e+04
3.513968452483477449e+04
3.543956802926040837e+04
3.574996655952509172e+04
3.607087937055439397e+04
3.640230569201667095e+04
3.674424472832397441e+04
3.709669565863168827e+04
3.745965763683816476e+04
3.783312979158527014e+04
3.821711122625802091e+04
3.861160101898440189e+04
3.901659822263591195e+04
3.943210186482701829e+04
3.985811094791606592e+04
4.029462444900382252e+04
4.074164131993493356e+04
4.119916048729664908e+04
4.166718085242027882e+04
4.214570129137955519e+04
4.263472065499208838e+04
4.313423776881809317e+04
4.364425143316184403e+04
3.132327717502284941e+04
3.132859224347248528e+04
3.134453743567573838e+04
3.137111271219564514e+04
3.140831800730429677e+04
3.145615322898247541e+04
3.151461825891947228e+04
3.158371295251381525e+04
3.166343713887199556e+04
3.175379062081010488e+04
3.185477317485274398e+04
3.196638455123320455e+04
3.208862447389365116e+04
3.222149264048475743e+04
3.236498872236625175e+04
3.251911236460691725e+04
3.268386318598313665e+04
3.285924077898180258e+04
3.304524470979686157e+04
3.324187451833222440e+04
3.344912971820012899e+04
3.366700979672168614e+04
3.389551421492633381e+04
3.413464240755329229e+04
3.438439378304919956e+04
3.464476772357065784e+04
3.491576358498241461e+04
3.519738069685827213e+04
3.548961836248090549e+04
3.579247585884058935e+04
3.610595243663810834e+04
3.643004732028221042e+04
3.676475970789015264e+04
3.711008877128842869e+04
3.746603365601222322e+04
3.783259348130486615e+04
3.820976734011965164e+04
3.859755429911692772e+04
3.899595339866827999e+04
3.940496365285143838e+04
3.982458404945518851e+04
4.025481354997482413e+04
4.069565108961651276e+04
4.114709557729383960e+04
4.160914589562962647e+04
4.208180090095520427e+04
4.256505942331150436e+04
4.305892026644723956e+04
4.356338220782054123e+04
4.407844399859768600e+04
3.163288210759601498e+04
3.163824950964572054e+04
3.165435170211167133e+04
3.168118864394527918e+04
3.171876026673235174e+04
3.176706647469200107e+04
3.182610714467900834e+04
3.189588212618091347e+04
3.197639124132056168e+04
3.206763428485428449e+04
3.216961102417262737e+04
3.228232119930125918e+04
3.240576452289897134e+04
3.253994068025931483e+04
3.268484932931005460e+04
3.284049010061335139e+04
3.300686259736467036e+04
3.318396639539478201e+04
3.337180104316830693e+04
3.357036606178353395e+04
3.377966094497369340e+04
3.399968515910586575e+04
3.423043814318189106e+04
3.447191930883673194e+04
3.472412804034065630e+04
3.498706369459760026e+04
3.526072560114571388e+04
3.554511306215736113e+04
3.584022535243930179e+04
3.614606171943269146e+04
3.646262138321253587e+04
3.678990353648787277e+04
3.712790734460231761e+04
3.747663194553369976e+04
3.783607644989424443e+04
3.820623994092984503e+04
3.858712147452079080e+04
3.897872007918213058e+04
3.938103475606185384e+04
3.979406447894380108e+04
4.021780819424475339e+04
4.065226482101661531e+04
4.109743325094495958e+04
4.155331234834902716e+04
4.201990095018336433e+04
4.249719786603673128e+04
4.298520187813119264e+04
4.348391174132357264e+04
4.399332618310490943e+04
4.451344390359990939e+04
3.194299170912054251e+04
3.194841151828404691e+04
3.196467093153387395e+04
3.199176990614669194e+04
3.202970837091852445e+04
3.207848622616238572e+04
3.213810334371028148e+04
3.220855956691193569e+04
3.228985471063515433e+04
3.238198856126637111e+04
3.248496087670937413e+04
3.259877138638712495e+04
3.272341979123993951e+04
3.285890576372639771e+04
3.300522894782316143e+04
3.316238895902606600e+04
3.333038538434739166e+04
3.350921778231913777e+04
3.369888568299011240e+04
3.389938858792829706e+04
3.411072597021939146e+04
3.433289727446717734e+04
3.456590191679388226e+04
3.480973928483945201e+04
3.506440873776264198e+04
3.532990960623956198e+04
3.560624119246513146e+04
3.589340277015180618e+04
3.619139358453066961e+04
3.650021285235088726e+04
3.681985976187988854e+04
3.715033347290282109e+04
3.749163311672291456e+04
3.784375779616239015e+04
3.820670658556082344e+04
3.858047853077605396e+04
3.896507264918454894e+04
3.936048792968049383e+04
3.976672333267615613e+04
4.018377779010188533e+04
4.061165020540720434e+04
4.105033945355808100e+04
4.149984438104056608e+04
4.196016380585660954e+04
4.243129651752842619e+04
4.291324127709485765e+04
4.340599681711428275e+04
4.390956184166170715e+04
4.442393502633167373e+04
4.494911501823553408e+04
3.225348009573153831e+04
3.225895236990581907e+04
3.227536917760826327e+04
3.230273047437749483e+04
3.234103618611115962e+04
3.239028620906628930e+04
3.245048040985911939e+04
3.252161862546436168e+04
3.260370066321665945e+04
3.269672630080949602e+04
3.280069528629483102e+04
3.291560733808473742e+04
3.304146214494958258e+04
3.317825936601948342e+04
3.332599863078321505e+04
3.348467953908930212e+04
3.365430166114474559e+04
3.383486453751556837e+04
3.402636767912736104e+04
3.422881056726455427e+04
3.444219265357151016e+04
3.466651336005015764e+04
3.490177207906308467e+04
3.514796817333080980e+04
3.540510097593360115e+04
3.567316979031056690e+04
3.595217389026074670e+04
3.624211251994092891e+04
3.654298489386801521e+04
3.685479019691792928e+04
3.717752758432488918e+04
3.751119618168340821e+04
3.785579508494647598e+04
3.821132336042664974e+04
3.857778004479441734e+04
3.895516414508074376e+04
3.934347463867507031e+04
3.974271047332622402e+04
4.015287056714187202e+04
4.057395380858852150e+04
4.100595905649315682e+04
4.144888514004014723e+04
4.190273085877379344e+04
4.236749498259760003e+04
4.284317625177427544e+04
4.332977337692536821e+04
4.382728503903163073e+04
4.433570988943229167e+04
4.485504654982705688e+04
4.538529361227374466e+04
3.256423019473168097e+04
3.256975497612711479e+04
3.258632930489129649e+04
3.261395313475786679e+04
3.265262638861531741e+04
3.270234895850881003e+04
3.276312070563853922e+04
3.283494146036009624e+04
3.291781102218519663e+04
3.301172915978113451e+04
3.311669561097005499e+04
3.323271008273113694e+04
3.335977225119750074e+04
3.349788176165930054e+04
3.364703822856117768e+04
3.380724123550480726e+04
3.397849033524562401e+04
3.416078504969627829e+04
3.435412486992463528e+04
3.455850925615322922e+04
3.477393763776126434e+04
3.500040941328352346e+04
3.523792395041000418e+04
3.548648058598591888e+04
3.574607862601314991e+04
3.601671734564861254e+04
3.629839598920461867e+04
3.659111377014960453e+04
3.689486987110740301e+04
3.720966344385687989e+04
3.753549360933393473e+04
3.787235945762840856e+04
3.822026004798735812e+04
3.857919440881196351e+04
3.894916153765989293e+04
3.933016040124457504e+04
3.972218993543465331e+04
4.012524904525398597e+04
4.053933660488291935e+04
4.096445145765701454e+04
4.140059241606777505e+04
4.184775826176100963e+04
4.230594774554010655e+04
4.277515958736275934e+04
4.325539247634260391e+04
4.374664507074885478e+04
4.424891599800666881e+04
4.476220385469605390e+04
4.528650720655350597e+04
4.582182458847019006e+04
3.287518291701835551e+04
3.288076023342291592e+04
3.289749216658947262e+04
3.292537866837701586e+04
3.296441965855083254e+04
3.301461502478250623e+04
3.307596462264937145e+04
3.314846827563451370e+04
3.323212577512786083e+04
3.332693688042509166e+04
3.343290131872781785e+04
3.355001878514376585e+04
3.367828894268714066e+04
3.381771142227808014e+04
3.396828582274210930e+04
3.413001171081214125e+04
3.430288862112593051e+04
3.448691605622807401e+04
3.468209348656910151e+04
3.488842035050547565e+04
3.510589605429995572e+04
3.533451997212105198e+04
3.557429144604375324e+04
3.582520978604898119e+04
3.608727427002359036e+04
3.636048414376091387e+04
3.664483862096003577e+04
3.694033688322597300e+04
3.724697808007040294e+04
3.756476132891057205e+04
3.789368571507020533e+04
3.823375029177877877e+04
3.858495408017206501e+04
3.894729606929195143e+04
3.932077521608625830e+04
3.970539044540892064e+04
4.010114065001998824e+04
4.050802469058562565e+04
4.092604139567811217e+04
4.135518956177602377e+04
4.179546795326314168e+04
4.224687530243099900e+04
4.270941030947524268e+04
4.318307164249908965e+04
4.366785793751078018e+04
4.416376779842594260e+04
4.467079979706486483e+04
4.518895247315504093e+04
4.571822433432989783e+04
4.625861385612734011e+04
3.318629449616855709e+04
3.319192436107769026e+04
3.320881393910949555e+04
3.323696318017755402e+04
3.327637200080407638e+04
3.332704028412008483e+04
3.338896787986632262e+04
3.346215460439143499e+04
3.354660024065397010e+04
3.364230453822037816e+04
3.374926721326719417e+04
3.386748794857885514e+04
3.399696639354933723e+04
3.413770216418142809e+04
3.428969484308672691e+04
3.445294397948582628e+04
3.462744908920813032e+04
3.481320965469294606e+04
3.501022512498675496e+04
3.521849491574594140e+04
3.543801840923661075e+04
3.566879495433240663e+04
3.591082386651632987e+04
3.616410442788092041e+04
3.642863588712680212e+04
3.670441745956431987e+04
3.699144832711226627e+04
3.728972763829842734e+04
3.759925450825940061e+04
3.792002801874114084e+04
3.825204721809823241e+04
3.859531112129425310e+04
3.894981870990159223e+04
3.931556893210199632e+04
3.969256070268529584e+04
4.008079290305122413e+04
4.048026438120814419e+04
4.089097395177286671e+04
4.131292039597174153e+04
4.174610246163992997e+04
4.219051886322122300e+04
4.264616828176840500e+04
4.311304936494325375e+04
4.359116072701744997e+04
4.408050094886984880e+04
4.458106857798939018e+04
4.509286212847346178e+04
4.561588008102862659e+04
4.615012088297116861e+04
4.669558294822418247e+04
3.349749986068236467e+04
3.350318227292391384e+04
3.352022949227884965e+04
3.354864146664185682e+04
3.358841810916856048e+04
3.363955929827789078e+04
3.370206487765099155e+04
3.377593465623194788e+04
3.386116840822651284e+04
3.395776587310392642e+04
3.406572675559546042e+04
3.418505072569441836e+04
3.431573741865740885e+04
3.445778643500289036e+04
3.461119734051280830e+04
3.477596966623023036e+04
3.495210290846171119e+04
3.513959652877601911e+04
3.533844995400413609e+04
3.554866257624053105e+04
3.577023375284079520e+04
3.600316280642382480e+04
3.624744902487145737e+04
3.650309166132665268e+04
3.677008993419603939e+04
3.704844302714864170e+04
3.733815008911569748e+04
3.763921023429065826e+04
3.795162254212973494e+04
3.827538605735226156e+04
3.861049978993942204e+04
3.895696271513461397e+04
3.931477377344435808e+04
3.968393187063738878e+04
4.006443587774501793e+04
4.045628463106113486e+04
4.085947693214184255e+04
4.127401154780618526e+04
4.169988721013523900e+04
4.213710261647302104e+04
4.258565642942576233e+04
4.304554727686208935e+04
4.351677375191338797e+04
4.399933441297380341e+04
4.449322778369914886e+04
4.499845235300854256e+04
4.551500657508313452e+04
4.604288886936647032e+04
4.658209762056576437e+04
4.713263117864953529e+04
3.380871038413479255e+04
3.381444532749283098e+04
3.383165013949910644e+04
3.386032476595191838e+04
3.390046911651334085e+04
3.395208306471158721e+04
3.401516644793937303e+04
3.408971906745482556e+04
3.417574068838075618e+04
3.427323103970556986e+04
3.438218981428253755e+04
3.450261666882997815e+04
3.463451122393144033e+04
3.477787306403497496e+04
3.493270173745495413e+04
3.509899675636934262e+04
3.527675759682242642e+04
3.546598369872281182e+04
3.566667446584469872e+04
3.587882926582715299e+04
3.610244743017447036e+04
3.633752825425508490e+04
3.658407099730466143e+04
3.684207488242136606e+04
3.711153909657059558e+04
3.739246279058133950e+04
3.768484507914872665e+04
3.798868504083202424e+04
3.830398171805700258e+04
3.863073411711284280e+04
3.896894120815486531e+04
3.931860192520325654e+04
3.967971516614325083e+04
4.005227979272513039e+04
4.043629463056386157e+04
4.083175846914073190e+04
4.123867006180116732e+04
4.165702812575527787e+04
4.208683134207931289e+04
4.252807835571420583e+04
4.298076777546575613e+04
4.344489817400499305e+04
4.392046808786781185e+04
4.440747601745588327e+04
4.490592042703538027e+04
4.541579974473752372e+04
4.593711236255894619e+04
4.646985663636132813e+04
4.701403088587067032e+04
4.756963339467984042e+04
3.411982709210915345e+04
3.412561453441685444e+04
3.414297684254670457e+04
3.417191396012185578e+04
3.421242579317950003e+04
3.426451221017141506e+04
3.432817304196523764e+04
3.440340808184337220e+04
3.449021708550299081e+04
3.458859977105603321e+04
3.469855581902975246e+04
3.482008487236598739e+04
3.495318653642170830e+04
3.509786037896901689e+04
3.525410593019478256e+04
3.542192268270082423e+04
3.560131009150409227e+04
3.579226757403594092e+04
3.599479451014340157e+04
3.620889024208809133e+04
3.643455407454621309e+04
3.667178527460982878e+04
3.692058307178540417e+04
3.718094665799399081e+04
3.745287518757213547e+04
3.773636777727133449e+04
3.803142350625803374e+04
3.833804141611326486e+04
3.865622051083282713e+04
3.898595975682874268e+04
3.932725808292634611e+04
3.968011438036719483e+04
4.004452750280725013e+04
4.042049626631687715e+04
4.080801944938320958e+04
4.120709579290578404e+04
4.161772400020108762e+04
4.203990273699964746e+04
4.247363063144748594e+04
4.291890627410521120e+04
4.337572821794838092e+04
4.384409497836713854e+04
4.432400503316748654e+04
4.481545682257001317e+04
4.531844874920989241e+04
4.583297917813742970e+04
4.635904643681824382e+04
4.689664881513199362e+04
4.744578456537492457e+04
4.800645190225586703e+04
3.443071667593667371e+04
3.443655656600622024e+04
3.445407621667018248e+04
3.448327556929416460e+04
3.452415452615405229e+04
3.457671295043528517e+04
3.464095066623449384e+04
3.471686745855895424e+04
3.480446307332513243e+04
3.490373721736032167e+04
3.501468955840246053e+04
3.513731972509922343e+04
3.527162730700893007e+04
3.541761185460018169e+04
3.557527287925204291e+04
3.574460985325331421e+04
3.592562220980362326e+04
3.611830934301269735e+04
3.632267060790109099e+04
3.653870532039854879e+04
3.676641275734637020e+04
3.700579215649504476e+04
3.725684271650607116e+04
3.751956359695159335e+04
3.779395391831312736e+04
3.808001276198265259e+04
3.837773917026352137e+04
3.868713214636827615e+04
3.900819065441974089e+04
3.934091361945193057e+04
3.968529992740823218e+04
4.004134842514304182e+04
4.040905792042103712e+04
4.078842718191644963e+04
4.117945493921451998e+04
4.158213988281040656e+04
4.199648066411064065e+04
4.242247589543021604e+04
4.286012414999586326e+04
4.330942396194423054e+04
4.377037382632188383e+04
4.424297219908658008e+04
4.472721749710526638e+04
4.522310809815626271e+04
4.573064234092726110e+04
4.624981852501678077e+04
4.678063491093416815e+04
4.732308972009814170e+04
4.787718113483788329e+04
4.844290729839340202e+04
3.474123363813341712e+04
3.474712590455055761e+04
3.476480268347640958e+04
3.479426391393517406e+04
3.483550949429973116e+04
3.488853928229345911e+04
3.495335309498805145e+04
3.502995070880460844e+04
3.511833185951454652e+04
3.521849624223705177e+04
3.533044351144180837e+04
3.545417328094790719e+04
3.558968512392311823e+04
3.573697857288461819e+04
3.589605311969953618e+04
3.606690821558386233e+04
3.624954327110281156e+04
3.644395765617118741e+04
3.665015070005338202e+04
3.686812169136210287e+04
3.709786987806091929e+04
3.733939446746171598e+04
3.759269462622560241e+04
3.785776948036364047e+04
3.813461811523593497e+04
3.842323957555217930e+04
3.872363286537056410e+04
3.903579694809977809e+04
3.935973074649700720e+04
3.969543314266920788e+04
4.004290297807219758e+04
4.040213905351210997e+04
4.077314012914339401e+04
4.115590492447008728e+04
4.155043211834599788e+04
4.195672034897397680e+04
4.237476821390573605e+04
4.280457427004330384e+04
4.324613703363756940e+04
4.369945498028828297e+04
4.416452654494532908e+04
4.464135012190745329e+04
4.512992406482298975e+04
4.563024668668967934e+04
4.614231625985376013e+04
4.666613101601233211e+04
4.720168914621026488e+04
4.774898880084292614e+04
4.830802808965418080e+04
4.887880508173766430e+04
3.505126072754665074e+04
3.505720527901557944e+04
3.507503891228589055e+04
3.510476156395361613e+04
3.514637312834402110e+04
3.519987345751287648e+04
3.526526236124554998e+04
3.534253960705809732e+04
3.543170492019671656e+04
3.553275798363720241e+04
3.564569843808658334e+04
3.577052588198093872e+04
3.590723987148721790e+04
3.605583992050251254e+04
3.621632550065296527e+04
3.638869604129686195e+04
3.657295092952099367e+04
3.676908951014302147e+04
3.697711108571074874e+04
3.719701491650175740e+04
3.742880022052431741e+04
3.767246617351647728e+04
3.792801190894679166e+04
3.819543651801395754e+04
3.847473904964608664e+04
3.876591851050216064e+04
3.906897386497184925e+04
3.938390403517332743e+04
3.971070790095673146e+04
4.004938429990106670e+04
4.039993202731639030e+04
4.076234983624199231e+04
4.113663643744839646e+04
4.152279049943572318e+04
4.192081064843387139e+04
4.233069546840379189e+04
4.275244350103603210e+04
4.318605324575128179e+04
4.363152315970055497e+04
4.408885165776482609e+04
4.455803711255575763e+04
4.503907785441460874e+04
4.553197217141278088e+04
4.603671830935254548e+04
4.655331447176540678e+04
4.708175881991428469e+04
4.762204947278987675e+04
4.817418450711666082e+04
4.873816195734580106e+04
4.931397981566042290e+04
3.536071390689648979e+04
3.536671063272242463e+04
3.538470078822538198e+04
3.541468430748172977e+04
3.545666108061868727e+04
3.551063095381396124e+04
3.557659372929720121e+04
3.565454916534708900e+04
3.574449697629461298e+04
3.584643683252143092e+04
3.596036836045968812e+04
3.608629114259238122e+04
3.622420471745372197e+04
3.637410857962859154e+04
3.653600217975290434e+04
3.670988492451251659e+04
3.689575617664540914e+04
3.709361525493968657e+04
3.730346143423466856e+04
3.752529394542052614e+04
3.775911197543755407e+04
3.800491466727798979e+04
3.826270111998437642e+04
3.853247038864956266e+04
3.881422148441870377e+04
3.910795337448653299e+04
3.941366498209918063e+04
3.973135518655308260e+04
4.006102282319661754e+04
4.040266668342792400e+04
4.075628551469671947e+04
4.112187802050302707e+04
4.149944286039844883e+04
4.188897864998452860e+04
4.229048396091420727e+04
4.270395732089145895e+04
4.312939721367110906e+04
4.356680207905810676e+04
4.401617031290861632e+04
4.447750026713019906e+04
4.495079024968090380e+04
4.543603852456963068e+04
4.593324331185594929e+04
4.644240278765009862e+04
4.696351508411444229e+04
4.749657828946019436e+04
4.804159044795160298e+04
4.859854955990194867e+04
4.916745358167681843e+04
4.974830042569046782e+04
3.566950788701051351e+04
3.567555665711606707e+04
3.569370294458731223e+04
3.572394668088800245e+04
3.576628775179251534e+04
3.582072599738294230e+04
3.588726121205272648e+04
3.596589314450302481e+04
3.605662149774561840e+04
3.615944592910072970e+04
3.627436605019920535e+04
3.640138142698033334e+04
3.654049157969293447e+04
3.669169598289608984e+04
3.685499406545714010e+04
3.703038521055386809e+04
3.721786875567304378e+04
3.741744399261078797e+04
3.762911016747293615e+04
3.785286648067431088e+04
3.808871208693963126e+04
3.833664609530260350e+04
3.859666756910737604e+04
3.886877552600599302e+04
3.915296893796130462e+04
3.944924673124460242e+04
3.975760778643725644e+04
4.007805093842980568e+04
4.041057497642232192e+04
4.075517864392440970e+04
4.111186063875484251e+04
4.148061961304174474e+04
4.186145417322295543e+04
4.225436288004602829e+04
4.265934424856732221e+04
4.307639674815272883e+04
4.350551880247785448e+04
4.394670878952802013e+04
4.439996504159698816e+04
4.486528584528914507e+04
4.534266944151713687e+04
4.583211402550441562e+04
4.633361774678269285e+04
4.684717870919303095e+04
4.737279497088729840e+04
4.791046454432507744e+04
4.846018539627657447e+04
4.902195544782152865e+04
4.959577257434866624e+04
5.018163460555406346e+04
3.597754337420155935e+04
3.598364404037965869e+04
3.600194601516541297e+04
3.603244922731464612e+04
3.607515355808736786e+04
3.613005884124704608e+04
3.619716486306042498e+04
3.627647136229916214e+04
3.636797803023782762e+04
3.647168451065590489e+04
3.658759039983560797e+04
3.671569524656388239e+04
3.685599855213094997e+04
3.700849977033085452e+04
3.717319830746218940e+04
3.735009352232646052e+04
3.753918472622990521e+04
3.774047118298167334e+04
3.795395210889582813e+04
3.817962667278934532e+04
3.841749399598375021e+04
3.866755315230366250e+04
3.892980316807825147e+04
3.920424302214032650e+04
3.949087164582633704e+04
3.978968792297710024e+04
4.010069068993634573e+04
4.042387873555235274e+04
4.075925080117795005e+04
4.110680558066778758e+04
4.146654172038215620e+04
4.183845781918462308e+04
4.222255242844257737e+04
4.261882405202723021e+04
4.302727114631343284e+04
4.344789212018058606e+04
4.388068533501100319e+04
4.432564910469191091e+04
4.478278169561326649e+04
4.525208132666957681e+04
4.573354616925898881e+04
4.622717434728365333e+04
4.673296393714954320e+04
4.725091296776645322e+04
4.778101942054781830e+04
4.832328122941071342e+04
4.887769628077694506e+04
4.944426241357141407e+04
5.002297741922302521e+04
5.061383904166468710e+04
3.628471550129415846e+04
3.629086789733828482e+04
3.630932506078788720e+04
3.634008691758972418e+04
3.638315334432463715e+04
3.643852416820463986e+04
3.650619916707291850e+04
3.658617806940619630e+04
3.667846055431218701e+04
3.678304625153050438e+04
3.689993474143338972e+04
3.702912555502498435e+04
3.717061817394060199e+04
3.732441203044891154e+04
3.749050650744920858e+04
3.766890093847378012e+04
3.785959460768626741e+04
3.806258674988257553e+04
3.827787655049069144e+04
3.850546314557068399e+04
3.874534562181379442e+04
3.899752301654461917e+04
3.926199431771838135e+04
3.953875846392347739e+04
3.982781434437893040e+04
4.012916079893766437e+04
4.044279661808268429e+04
4.076872054292980465e+04
4.110693126522728562e+04
4.145742742735492357e+04
4.182020762232405104e+04
4.219527039377844631e+04
4.258261423599451518e+04
4.298223759387929022e+04
4.339413886297297722e+04
4.381831638944713632e+04
4.425476847010577330e+04
4.470349335238424828e+04
4.516448923435054894e+04
4.563775426470456296e+04
4.612328654277716851e+04
4.662108411853314465e+04
4.713114499256735144e+04
4.765346711610782222e+04
4.818804839101503603e+04
4.873488666977900721e+04
4.929397975552456046e+04
4.986532540200714720e+04
5.044892131361411884e+04
5.104476514536545437e+04
3.659089121337947290e+04
3.659709515172198735e+04
3.661570694109595934e+04
3.664672650453831011e+04
3.669015371377900010e+04
3.674598838923884614e+04
3.681423030003043095e+04
3.689487916395846696e+04
3.698793464751925057e+04
3.709339636590048030e+04
3.721126388298216625e+04
3.734153671133535681e+04
3.748421431222359388e+04
3.763929609560127574e+04
3.780678142011547607e+04
3.798666959310430684e+04
3.817895987059800973e+04
3.838365145731804660e+04
3.860074350667800900e+04
3.883023512078343629e+04
3.907212535043108801e+04
3.932641319510948961e+04
3.959309760299929621e+04
3.987217747097256506e+04
4.016365164459348307e+04
4.046751891811727546e+04
4.078377803449147905e+04
4.111242768535485084e+04
4.145346651103845943e+04
4.180689310056477552e+04
4.217270599164821760e+04
4.255090367069460626e+04
4.294148457280189177e+04
4.334444708175888081e+04
4.375978953004741925e+04
4.418751019884002744e+04
4.462760731800135545e+04
4.508007906608818303e+04
4.554492357034760062e+04
4.602213890672064736e+04
4.651172309983776358e+04
4.701367412302297453e+04
4.752798989829097991e+04
4.805466829634842725e+04
4.859370713659409375e+04
4.914510418711688544e+04
4.970885716470074840e+04
5.028496373481866613e+04
5.087342151163502422e+04
5.147422805800670176e+04
3.689590418674906687e+04
3.690215945450490835e+04
3.692092523111405171e+04
3.695220143659716996e+04
3.699598793765617302e+04
3.705228454767511721e+04
3.712109102671711298e+04
3.720240708152778097e+04
3.729623236553252354e+04
3.740256647883852565e+04
3.752140896823275398e+04
3.765275932718413969e+04
3.779661699584175949e+04
3.795298136103629076e+04
3.812185175627855642e+04
3.830322746176098008e+04
3.849710770435613085e+04
3.870349165761854238e+04
3.892237844178198429e+04
3.915376712376291835e+04
3.939765671715758799e+04
3.965404618224365549e+04
3.992293442597929243e+04
4.020432030200354347e+04
4.049820261063705402e+04
4.080458009888006927e+04
4.112345146041552653e+04
4.145481533560541720e+04
4.179867031149369723e+04
4.215501492180519563e+04
4.252384764694506885e+04
4.290516691399971023e+04
4.329897109673693194e+04
4.370525851560414594e+04
4.412402743773127440e+04
4.455527607692765741e+04
4.499900259368459956e+04
4.545520509517318715e+04
4.592388163524683478e+04
4.640503021443855687e+04
4.689864877996333234e+04
4.740473522571592184e+04
4.792328739227286860e+04
4.845430306689140707e+04
4.899777998350909911e+04
4.955371582274565299e+04
5.012210821190019487e+04
5.070295472495381546e+04
5.129625288256756903e+04
5.190200015208502009e+04
3.719959019911311771e+04
3.720589655776893778e+04
3.722481560603391699e+04
3.725634726080515975e+04
3.730049138357535412e+04
3.735724778043495462e+04
3.742661620207127271e+04
3.750859634376993199e+04
3.760318784541304922e+04
3.771039029147996189e+04
3.783020321104759205e+04
3.796262607779026439e+04
3.810765830997879675e+04
3.826529927048213722e+04
3.843554826676627272e+04
3.861840455089441093e+04
3.881386731952679838e+04
3.902193571392108424e+04
3.924260881993268413e+04
3.947588566801332490e+04
3.972176523321286368e+04
3.998024643517819641e+04
4.025132813815325790e+04
4.053500915097920370e+04
4.083128822709513770e+04
4.114016406453665695e+04
4.146163530593694304e+04
4.179570053852639830e+04
4.214235829413264582e+04
4.250160704918143892e+04
4.287344522469393269e+04
4.325787118629032193e+04
4.365488324418729462e+04
4.406447965319894138e+04
4.448665861273620976e+04
4.492141826680835948e+04
4.536875670402114338e+04
4.582867195757735317e+04
4.630116200527791079e+04
4.678622476952023135e+04
4.728385811729931447e+04
4.779405986020738055e+04
4.831682775443405262e+04
4.885215950076599256e+04
4.940005274458744680e+04
4.996050507588042819e+04
5.053351402922198758e+04
5.111907708378894313e+04
5.171719166335460613e+04
5.232785513628950866e+04
3.750182347038225998e+04
3.750818065774819843e+04
3.752725219106487202e+04
3.755903798399012885e+04
3.760353789262080682e+04
3.766075171549127845e+04
3.773067919357617939e+04
3.781332001028695231e+04
3.790867379147457541e+04
3.801674010542847100e+04
3.813751846287650551e+04
3.827100831698517140e+04
3.841720906335995096e+04
3.857612004004422488e+04
3.874774052752036368e+04
3.893206974870900012e+04
3.912910686897030246e+04
3.933885099610142788e+04
3.956130118033961480e+04
3.979645641436000005e+04
4.004431563327580079e+04
4.030487771464031539e+04
4.057814147844364925e+04
4.086410568711580709e+04
4.116276904552505584e+04
4.147413020097756089e+04
4.179818774321902310e+04
4.213494020443322370e+04
4.248438605924275180e+04
4.284652372470845876e+04
4.322135156033000385e+04
4.360886786804549047e+04
4.400907089223182993e+04
4.442195881970474147e+04
4.484752977971729706e+04
4.528578184396301367e+04
4.573671302657257911e+04
4.620032128411530721e+04
4.667660451560041110e+04
4.716556056247372908e+04
4.766718720862172631e+04
4.818148218036785693e+04
4.870844314647438296e+04
4.924806771814364765e+04
4.980035344901407370e+04
5.036529783516562020e+04
5.094289831511341617e+04
5.153315226981430897e+04
5.213605702266213484e+04
5.275160983948917419e+04
3.780248950129753212e+04
3.780889723192740348e+04
3.782812039391919825e+04
3.786015889757582045e+04
3.790501259340398974e+04
3.796268127211242245e+04
3.803316466461164964e+04
3.811646244201638183e+04
3.821257421564205288e+04
3.832149953700736660e+04
3.844323789783393295e+04
3.857778873004444904e+04
3.872515140576597332e+04
3.888532523732683330e+04
3.905830947725789883e+04
3.924410331829276402e+04
3.944270589336774719e+04
3.965411627562116337e+04
3.987833347839423368e+04
4.011535645522999403e+04
4.036518409987511404e+04
4.062781524627771432e+04
4.090324866858882160e+04
4.119148308116182307e+04
4.149251713855264825e+04
4.180634943551995093e+04
4.213297850702456344e+04
4.247240282822986046e+04
4.282462081450157712e+04
4.318963082140835468e+04
4.356743114472064917e+04
4.395802002041236847e+04
4.436139562465923518e+04
4.477755607383915049e+04
4.520649942453346739e+04
4.564822367352498986e+04
4.610272675779997371e+04
4.657000655454630760e+04
4.705006088115496823e+04
4.754288749521929276e+04
4.804848409453479690e+04
4.856684831709935679e+04
4.909797774111466424e+04
4.964186988498368009e+04
5.019852220731081616e+04
5.076793210690557316e+04
5.135009692277817521e+04
5.194501393414175254e+04
5.255268036041197774e+04
5.317309336120670196e+04
3.810148087699562893e+04
3.810793884487502510e+04
3.812731271745706181e+04
3.815960240157073713e+04
3.820480774193292746e+04
3.826292852114638663e+04
3.833396445970101922e+04
3.841791521597260726e+04
3.851478038622353779e+04
3.862455950460334861e+04
3.874725204314763687e+04
3.888285741177824093e+04
3.903137495830505941e+04
3.919280396842259506e+04
3.936714366571286519e+04
3.955439321164449211e+04
3.975455170557306701e+04
3.996761818473933090e+04
4.019359162427190313e+04
4.043247093718564429e+04
4.068425497438165621e+04
4.094894252464746387e+04
4.122653231465792487e+04
4.151702300897377427e+04
4.182041321004307974e+04
4.213670145819905883e+04
4.246588623166262551e+04
4.280796594654075307e+04
4.316293895682774746e+04
4.353080355440361018e+04
4.391155796903494775e+04
4.430520036837551743e+04
4.471172885796495393e+04
4.513114148122986080e+04
4.556343621948362852e+04
4.600861099192552501e+04
4.646666365564160515e+04
4.693759200560489262e+04
4.742139377467447048e+04
4.791806663359657250e+04
4.842760819100312801e+04
4.895001599341339897e+04
4.948528752523234289e+04
5.003342020875315939e+04
5.059441140415401605e+04
5.116825840949859412e+04
5.175495846074081783e+04
5.235450873171757848e+04
5.296690633415419143e+04
5.359214831766257703e+04
3.839869922519210377e+04
3.840520710716500616e+04
3.842473072082757426e+04
3.845726996941284597e+04
3.850282469164067152e+04
3.856139466172062384e+04
3.863297958934963390e+04
3.871757911971326394e+04
3.881519283348534373e+04
3.892582024682797055e+04
3.904946081139114540e+04
3.918611391431404627e+04
3.933577887822302728e+04
3.949845496123361954e+04
3.967414135694889410e+04
3.986283719446037139e+04
4.006454153834838507e+04
4.027925338868153631e+04
4.050697168101578427e+04
4.074769528639571945e+04
4.100142301135510934e+04
4.126815359791471565e+04
4.154788572358411329e+04
4.184061800136187230e+04
4.214634897973319312e+04
4.246507714267318079e+04
4.279680090964411647e+04
4.314151863559745834e+04
4.349922861097184068e+04
4.386992906169525668e+04
4.425361814918323944e+04
4.465029397034013527e+04
4.505995455755783041e+04
4.548259787871720619e+04
4.591822183718722954e+04
4.636682427182495303e+04
4.682840295697551483e+04
4.730295560247323010e+04
4.779047985363977205e+04
4.829097329128526326e+04
4.880443343170809385e+04
4.933085772669583093e+04
4.987024356352267205e+04
5.042258826495199173e+04
5.098788908923634153e+04
5.156614323011490342e+04
5.215734781681567256e+04
5.276149991405509354e+04
5.337859652203842415e+04
5.400863457645828021e+04
3.869403536538648041e+04
3.870059281954127073e+04
3.872026514850876993e+04
3.875305225179617992e+04
3.879895396191659529e+04
3.885797004438736622e+04
3.893010019773155364e+04
3.901534405347665597e+04
3.911370117615624622e+04
3.922517106330797105e+04
3.934975314547500602e+04
3.948744678620569175e+04
3.963825128205298824e+04
3.980216586257520248e+04
3.997918969033617032e+04
4.016932186090398318e+04
4.037256140285244328e+04
4.058890727775960841e+04
4.081835838020979281e+04
4.106091353779138444e+04
4.131657151109848201e+04
4.158533099372943980e+04
4.186719061228886858e+04
4.216214892638563470e+04
4.247020442863340577e+04
4.279135554465174209e+04
4.312560063306500524e+04
4.347293798550235806e+04
4.383336582659794658e+04
4.420688231399180950e+04
4.459348553832769539e+04
4.499317352325597312e+04
4.540594422543108521e+04
4.583179553451245738e+04
4.627072527316558990e+04
4.672273119705951103e+04
4.718781099486986932e+04
4.766596228827638697e+04
4.815718263196431508e+04
4.866146951362334221e+04
4.917882035394959530e+04
4.970923250664272928e+04
5.025270325840829173e+04
5.080922982895717723e+04
5.137880937100417214e+04
5.196143897026995546e+04
5.255711564548146271e+04
5.316583634836752026e+04
5.378759796366575756e+04
5.442239730911569495e+04
3.898731849066680297e+04
3.899392514639548608e+04
3.901374507879882003e+04
3.904677818352829490e+04
3.909302428667015192e+04
3.915248314474520157e+04
3.922515444470736838e+04
3.931103780394678324e+04
3.941013277028723678e+04
3.952243882198672509e+04
3.964795536773744971e+04
3.978668174666709092e+04
3.993861722833698877e+04
4.010376101274305256e+04
4.028211223031557893e+04
4.047366994191888807e+04
4.067843313885296084e+04
4.089640074285071023e+04
4.112757160608070990e+04
4.137194451114482945e+04
4.162951817108023533e+04
4.190029122935848136e+04
4.218426225988496299e+04
4.248142976700019062e+04
4.279179218547815253e+04
4.311534788052867953e+04
4.345209514779453457e+04
4.380203221335377748e+04
4.416515723371885542e+04
4.454146829583623912e+04
4.493096341708715045e+04
4.533364054528756242e+04
4.574949755868674401e+04
4.617853226596980676e+04
4.662074240625552193e+04
4.707612564909632056e+04
4.754467959448102192e+04
4.802640177283101366e+04
4.852128964500298025e+04
4.902934060228835733e+04
4.955055196641187649e+04
5.008492098953356617e+04
5.063244485424838786e+04
5.119312067358405329e+04
5.176694549100466247e+04
5.235391628040633805e+04
5.295402994612268230e+04
5.356728332291895640e+04
5.419367317599608214e+04
5.483319620098955056e+04
3.927835527663646644e+04
3.928501073101288057e+04
3.930497705802990822e+04
3.933825414934781293e+04
3.938484182440097356e+04
3.944473983039788436e+04
3.951794784232006350e+04
3.960446546292405401e+04
3.970429222273905907e+04
3.981742758006839722e+04
3.994387092098968424e+04
4.008362155935319606e+04
4.023667873678386968e+04
4.040304162268057553e+04
4.058270931421520800e+04
4.077568083633414062e+04
4.098195514175713470e+04
4.120153111097788496e+04
4.143440755226383772e+04
4.168058320165637269e+04
4.194005672296989360e+04
4.221282670779364707e+04
4.249889167549008562e+04
4.279825007319595898e+04
4.311090027582104085e+04
4.343684058604903839e+04
4.377606923433813790e+04
4.412858437891973153e+04
4.449438410579896299e+04
4.487346642875472753e+04
4.526582928934021766e+04
4.567147055688201362e+04
4.609038802848026535e+04
4.652257942900941998e+04
4.696804241111767624e+04
4.742677455522625678e+04
4.789877336953104532e+04
4.838403629000131332e+04
4.888256068038062949e+04
4.939434383218485891e+04
4.991938296470507339e+04
5.045767522500682389e+04
5.100921768792723014e+04
5.157400735607880051e+04
5.215204115984706732e+04
5.274331595739167824e+04
5.334782853464603249e+04
5.396557560531728086e+04
5.459655381088705326e+04
5.524075972060891218e+04
3.956696123904839624e+04
3.957366505781646993e+04
3.959377647663113748e+04
3.962729538302301080e+04
3.967422158954341285e+04
3.973455483376437769e+04
3.980829477827828669e+04
3.989544101069805038e+04
3.999599304365729040e+04
4.010995031480997568e+04
4.023731218683042243e+04
4.037807794741420366e+04
4.053224680927614827e+04
4.069981791015361523e+04
4.088079031280249183e+04
4.107516300500046782e+04
4.128293489954467077e+04
4.150410483425421262e+04
4.173867157196727931e+04
4.198663380054404115e+04
4.224799013286374247e+04
4.252273910682761198e+04
4.281087918535577046e+04
4.311240875639014121e+04
4.342732613289317669e+04
4.375562955284713098e+04
4.409731717925533303e+04
4.445238710014145909e+04
4.482083732854971458e+04
4.520266580254465225e+04
4.559787038521226350e+04
4.600644886465743184e+04
4.642839895400757086e+04
4.686371829140898626e+04
4.731240444002905861e+04
4.777445488805642526e+04
4.824986704869879759e+04
4.873863826018605323e+04
4.924076578576732572e+04
4.975624681371264160e+04
5.028507845731346606e+04
5.082725775487997453e+04
5.138278166974523629e+04
5.195164709025993943e+04
5.253385082979839353e+04
5.312938962675325456e+04
5.373826014453879907e+04
5.436045897158874141e+04
5.499598262135914410e+04
5.564482753232477990e+04
3.985296484183163557e+04
3.985971656092297053e+04
3.987997167928333511e+04
3.991373008017053508e+04
3.996099156901509559e+04
4.002175587341826031e+04
4.009602264315471984e+04
4.018379145017042902e+04
4.028506178858369822e+04
4.039983307468446583e+04
4.052810464693557151e+04
4.066987576597057341e+04
4.082514561459574907e+04
4.099391329778954969e+04
4.117617784270223638e+04
4.137193819865642581e+04
4.158119323714618076e+04
4.180394175183773768e+04
4.204018245856987051e+04
4.228991399535261735e+04
4.255313492236873572e+04
4.282984372197261109e+04
4.312003879869098455e+04
4.342371847922149755e+04
4.374088101243578421e+04
4.407152456937565148e+04
4.441564724325635325e+04
4.477324704946386191e+04
4.514432192555723304e+04
4.552886973126678640e+04
4.592688824849592493e+04
4.633837518131840625e+04
4.676332815598143497e+04
4.720174472090420750e+04
4.765362234667663870e+04
4.811895842606227234e+04
4.859775027399537066e+04
4.908999512758309720e+04
4.959569014610478916e+04
5.011483241101032036e+04
5.064741892592392105e+04
5.119344661663890292e+04
5.175291233112366172e+04
5.232581283951658406e+04
5.291214483412913978e+04
5.351190492944442667e+04
5.412508966211607913e+04
5.475169549097336130e+04
5.539171879701352736e+04
5.604515588340909744e+04
4.013620039053512301e+04
4.014299951688662986e+04
4.016339685555431060e+04
4.019739228537637246e+04
4.024498560441606969e+04
4.030617652996334073e+04
4.038096469853262533e+04
4.046934966586431983e+04
4.057133090692441328e+04
4.068690781590394181e+04
4.081607970621989807e+04
4.095884581051468558e+04
4.111520528065593680e+04
4.128515718773724075e+04
4.146870052207741537e+04
4.166583419322087138e+04
4.187655702993724844e+04
4.210086778022250655e+04
4.233876511129710707e+04
4.259024760960746789e+04
4.285531378082614538e+04
4.313396204984983342e+04
4.342619076080191007e+04
4.373199817703043664e+04
4.405138248110979475e+04
4.438434177483959502e+04
4.473087407924449508e+04
4.509097733457529102e+04
4.546464940030746220e+04
4.585188805514353589e+04
4.625269099700944935e+04
4.666705584305855155e+04
4.709498012966851093e+04
4.753646131244295248e+04
4.799149676621109393e+04
4.846008378502756386e+04
4.894221958217240172e+04
4.943790129015105776e+04
4.994712596069493884e+04
5.046989056476013502e+04
5.100619199252978433e+04
5.155602705341079854e+04
5.211939247603622789e+04
5.269628490826544294e+04
5.328670091718267940e+04
5.389063698909594677e+04
5.450808952954284905e+04
5.513905486328221741e+04
5.578352923430138617e+04
5.644150880581146339e+04
4.041653944357749424e+04
4.042338546085720736e+04
4.044392347078537568e+04
4.047815334763017745e+04
4.052607488183566602e+04
4.058768778002613544e+04
4.066299166500284628e+04
4.075198607574584457e+04
4.085467046741287049e+04
4.097104421134044969e+04
4.110110659504262003e+04
4.124485682221165916e+04
4.140229401271808456e+04
4.157341720261028968e+04
4.175822534411599918e+04
4.195671730563954043e+04
4.216889187176402629e+04
4.239474774325080944e+04
4.263428353703948233e+04
4.288749778624733153e+04
4.315438894017024722e+04
4.343495536428217747e+04
4.372919534023476444e+04
4.403710706585843582e+04
4.435868865516167716e+04
4.469393813833066815e+04
4.504285346172964637e+04
4.540543248790181678e+04
4.578167299556826038e+04
4.617157267962738842e+04
4.657512915115676151e+04
4.699233993741163431e+04
4.742320248182550131e+04
4.786771414400991489e+04
4.832587219975466724e+04
4.879767384102742653e+04
4.928311617597482837e+04
4.978219622892029292e+04
5.029491094036693539e+04
5.082125716699465556e+04
5.136123168166232063e+04
5.191483117340685567e+04
5.248205224744342559e+04
5.306289142516397987e+04
5.365734514414070873e+04
5.426540975812313263e+04
5.488708153703810240e+04
5.552235666699161811e+04
5.617123125026737398e+04
5.683370130532712210e+04
4.069386623000500549e+04
4.070075860050455958e+04
4.072143566851809737e+04
4.075589730358497036e+04
4.080414328827318968e+04
4.086617331817724335e+04
4.094198700191846001e+04
4.103158386114555469e+04
4.113496333053390117e+04
4.125212475778589578e+04
4.138306740363132121e+04
4.152779044182643702e+04
4.168629295915507100e+04
4.185857395542752784e+04
4.204463234348077094e+04
4.224446694918024150e+04
4.245807651141712995e+04
4.268545968210964929e+04
4.292661502620358078e+04
4.318154102167136443e+04
4.345023605951228092e+04
4.373269844375317916e+04
4.402892639144738496e+04
4.433891803267542855e+04
4.466267141054486274e+04
4.500018448119026289e+04
4.535145511377268122e+04
4.571648109048146580e+04
4.609526010653135017e+04
4.648778977016518184e+04
4.689406760265246703e+04
4.731409103828955267e+04
4.774785742440017202e+04
4.819536402133453521e+04
4.865660800247078441e+04
4.913158645421262918e+04
4.962029637599189300e+04
5.012273468026742194e+04
5.063889819252399320e+04
5.116878365127486177e+04
5.171238770805939566e+04
5.226970692744434928e+04
5.284073778702186246e+04
5.342547667741382611e+04
5.402391990226751659e+04
5.463606367825668713e+04
5.526190413508447818e+04
5.590143731547796051e+04
5.655465917519286450e+04
5.722156558301212499e+04
4.096802453006930591e+04
4.097496268793674972e+04
4.099577711642359645e+04
4.103046768018357398e+04
4.107903415364016837e+04
4.114147622098462307e+04
4.121779347617866733e+04
4.130798542295287916e+04
4.141205147480650339e+04
4.152999095500836120e+04
4.166180309659666818e+04
4.180748704237830680e+04
4.196704184492991772e+04
4.214046646659662656e+04
4.232775977949313528e+04
4.252892056550317648e+04
4.274394751628005906e+04
4.297283923324594070e+04
4.321559422759164590e+04
4.347221092027793929e+04
4.374268764203497994e+04
4.402702263336068427e+04
4.432521404452363640e+04
4.463725993556090543e+04
4.496315827627877297e+04
4.530290694625309698e+04
4.565650373482803843e+04
4.602394634111769847e+04
4.640523237400539074e+04
4.680035935214327765e+04
4.720932470395218843e+04
4.763212576762289245e+04
4.806875979111555353e+04
4.851922393215863849e+04
4.898351525825037243e+04
4.946163074665801105e+04
4.995356728441784071e+04
5.045932166833554220e+04
5.097889060498582694e+04
5.151227071071225510e+04
5.205945851162869076e+04
5.262045044361693726e+04
5.319524285232873808e+04
5.378383199318377592e+04
5.438621403137294692e+04
5.500238504185472266e+04
5.563234100935696915e+04
5.627607782837731065e+04
5.693359130318276584e+04
5.760487714780756505e+04
4.123880378538960940e+04
4.124578712756392633e+04
4.126673710728864535e+04
4.130165358416525123e+04
4.135053632419967471e+04
4.141338499979719927e+04
4.149019918976646295e+04
4.158097837931763934e+04
4.168572196006243757e+04
4.180442923001428426e+04
4.193709939358905103e+04
4.208373156160396320e+04
4.224432475127796351e+04
4.241887788623207598e+04
4.260738979648922395e+04
4.280985921847404825e+04
4.302628479501254333e+04
4.325666507533351250e+04
4.350099851506693085e+04
4.375928347624412709e+04
4.403151822729923879e+04
4.431770094306793908e+04
4.461782970478761854e+04
4.493190250009702140e+04
4.525991722303751885e+04
4.560187167405201762e+04
4.595776355998459621e+04
4.632759049408250576e+04
4.671134999599325965e+04
4.710903949176772585e+04
4.752065631385703455e+04
4.794619770111567050e+04
4.838566079879874451e+04
4.883904265856417624e+04
4.930634023847051139e+04
4.978755040297946834e+04
5.028266992295339151e+04
5.079169547565743414e+04
5.131462364475773938e+04
5.185145092032253160e+04
5.240217369882266212e+04
5.296678828312942642e+04
5.354529088251692883e+04
5.413767761266062735e+04
5.474394449563878879e+04
5.536408745992921467e+04
5.599810234041397052e+04
5.664598487837647554e+04
5.730773072150004737e+04
5.798333542387226771e+04
4.150598745840052288e+04
4.151301534409049054e+04
4.153409895262120699e+04
4.156923813837584021e+04
4.161843265865936701e+04
4.168168217369966442e+04
4.175898624664532690e+04
4.185034434356821293e+04
4.195575583346144413e+04
4.207521998824067850e+04
4.220873598274338292e+04
4.235630289472937875e+04
4.251791970488011430e+04
4.269358529679993808e+04
4.288329845701427985e+04
4.308705787497110578e+04
4.330486214304037276e+04
4.353670975651421031e+04
4.378259911360692058e+04
4.404252851545443264e+04
4.431649616611521196e+04
4.460450017256971478e+04
4.490653854472002422e+04
4.522260919539057795e+04
4.555270994032816816e+04
4.589683849820157775e+04
4.625499249060103466e+04
4.662716944203966705e+04
4.701336677995204809e+04
4.741358183469492360e+04
4.782781183954757580e+04
4.825605393071145954e+04
4.869830514730856521e+04
4.915456243138505670e+04
4.962482262790763343e+04
5.010908248476571316e+04
5.060733865277088626e+04
5.111958768565582432e+04
5.164582604007737245e+04
5.218605007561163802e+04
5.274025605475908378e+04
5.330844014294198132e+04
5.389059840850277396e+04
5.448672682270844234e+04
5.509682125974613882e+04
5.572087749672609789e+04
5.635889121368090855e+04
5.701085799356369535e+04
5.767677332225139253e+04
5.835663258854256128e+04
4.176936638349307032e+04
4.177643813828890416e+04
4.179765335234023951e+04
4.183301187463730457e+04
4.188251345349763142e+04
4.194615773656569218e+04
4.202394427081217145e+04
4.211587250253578532e+04
4.222194177736146230e+04
4.234215134024161671e+04
4.247650033545560291e+04
4.262498780660862394e+04
4.278761269663427811e+04
4.296437384779255808e+04
4.315527000167003280e+04
4.336029979918075696e+04
4.357946178056572535e+04
4.381275438539214520e+04
4.406017595255525521e+04
4.432172472027668846e+04
4.459739882610501809e+04
4.488719630691575730e+04
4.519111509891117748e+04
4.550915303762121766e+04
4.584130785790184746e+04
4.618757719393706793e+04
4.654795857923654694e+04
4.692244944663816568e+04
4.731104712830565404e+04
4.771374885573059146e+04
4.813055175973095174e+04
4.856145287045164878e+04
4.900644911736544600e+04
4.946553732927040983e+04
4.993871423429282004e+04
5.042597645988607837e+04
5.092732053282943525e+04
5.144274287923053635e+04
5.197223982452196651e+04
5.251580759346506966e+04
5.307344231014758407e+04
5.364513999798400619e+04
5.423089657971613633e+04
5.483070787741235108e+04
5.544456961246760329e+04
5.607247740560560487e+04
5.671442677687482501e+04
5.737041314565140055e+04
5.804043183063949982e+04
5.872447804986804840e+04
4.202873264109075535e+04
4.203584755826650508e+04
4.205719225760130939e+04
4.209276658251419576e+04
4.214257027203966572e+04
4.220660296082423883e+04
4.228486417912918114e+04
4.237735335282814049e+04
4.248406980340823793e+04
4.260501274797097722e+04
4.274018129923006200e+04
4.288957446551394241e+04
4.305319115076345042e+04
4.323103015453380067e+04
4.342309017199277150e+04
4.362936979392179637e+04
4.384986750671669142e+04
4.408458169238565461e+04
4.433351062855017517e+04
4.459665248844685266e+04
4.487400534092357702e+04
4.516556715044334851e+04
4.547133577708136727e+04
4.579130897652776184e+04
4.612548440008467878e+04
4.647385959466810164e+04
4.683643200280839665e+04
4.721319896264812996e+04
4.760415770794388663e+04
4.800930536806627060e+04
4.842863896799772192e+04
4.886215542833651853e+04
4.930985156529168307e+04
4.977172409068789420e+04
5.024776961196203047e+04
5.073798463216535310e+04
5.124236554996150517e+04
5.176090865962814860e+04
5.229361015105714614e+04
5.284046610975165095e+04
5.340147251683119975e+04
5.397662524902625591e+04
5.456592007868239307e+04
5.516935267375811236e+04
5.578691859782375104e+04
5.641861331006657565e+04
5.706443216528423363e+04
5.772437041388911894e+04
5.839842320190691680e+04
5.908658557097733137e+04
4.228391718020648113e+04
4.229107452435018786e+04
4.231254650267055695e+04
4.234833295283588086e+04
4.239843360429131280e+04
4.246284807826250471e+04
4.254157588775178738e+04
4.263461643754089891e+04
4.274196902418971149e+04
4.286363283603714081e+04
4.299960695319932711e+04
4.314989034757236368e+04
4.331448188282975025e+04
4.349338031442348438e+04
4.368658428958460718e+04
4.389409234732265759e+04
4.411590291842458100e+04
4.435201432545691205e+04
4.460242478276431939e+04
4.486713239646942384e+04
4.514613516447388974e+04
4.543943097645806120e+04
4.574701761387987062e+04
4.606889274997629400e+04
4.640505394976262323e+04
4.675549867003301188e+04
4.712022425935920182e+04
4.749922795809197851e+04
4.789250689836098900e+04
4.830005810407328681e+04
4.872187849091533280e+04
4.915796486635135807e+04
4.960831392962445534e+04
5.007292227175639709e+04
5.055178637554690795e+04
5.104490261557384656e+04
5.155226725819520652e+04
5.207387646154493268e+04
5.260972627553783241e+04
5.315981264186557382e+04
5.372413139399905049e+04
5.430267825718729000e+04
5.489544884845781780e+04
5.550243867661702097e+04
5.612364314224869304e+04
5.675905753771621676e+04
5.740867704716147273e+04
5.807249674650374800e+04
5.875051160344191885e+04
5.944271647745263181e+04
4.253480604508131364e+04
4.254200505724566028e+04
4.256360203764816106e+04
4.259959681801719853e+04
4.264998911789880367e+04
4.271477854465938435e+04
4.279396459348263306e+04
4.288754664737189159e+04
4.299552397714905965e+04
4.311789574145441293e+04
4.325466098674660316e+04
4.340581864730465895e+04
4.357136754522471165e+04
4.375130639042235998e+04
4.394563378063157870e+04
4.415434820140490046e+04
4.437744802611487103e+04
4.461493151595095696e+04
4.486679681992263795e+04
4.513304197485758777e+04
4.541366490540276573e+04
4.570866342402259761e+04
4.601803523100188613e+04
4.634177791444290051e+04
4.667988895026719547e+04
4.703236570221524744e+04
4.739920542184572696e+04
4.778040524853640818e+04
4.817596220948362316e+04
4.858587321970244375e+04
4.901013508202668163e+04
4.944874448710943398e+04
4.990169801342144638e+04
5.036899212725274992e+04
5.085062318271229742e+04
5.134658742172778148e+04
5.185688097404581640e+04
5.238149985722993733e+04
5.292043997666587529e+04
5.347369712555409933e+04
5.404126698491672869e+04
5.462314512359444052e+04
5.521932699824392330e+04
5.582980795334515278e+04
5.645458322119120567e+04
5.709364792190026492e+04
5.774699706340288685e+04
5.841462554145255126e+04
5.909652813962093205e+04
5.979269952929716965e+04
4.278128091613561992e+04
4.278852081282620929e+04
4.281024044476416748e+04
4.284643963754551805e+04
4.289711810049793712e+04
4.296227542667984380e+04
4.304191109288112784e+04
4.313602445962224010e+04
4.324461477115437447e+04
4.336768115546037734e+04
4.350522262425365625e+04
4.365723807297927124e+04
4.382372628081247967e+04
4.400468591065964574e+04
4.420011550915878615e+04
4.441001350667829684e+04
4.463437821731804434e+04
4.487320783890863822e+04
4.512650045301161299e+04
4.539425402491960995e+04
4.567646640365637722e+04
4.597313532197640598e+04
4.628425839636583987e+04
4.660983312704101991e+04
4.694985689794993959e+04
4.730432697677060787e+04
4.767324051491395949e+04
4.805659454751967132e+04
4.845438599346016417e+04
4.886661165533769235e+04
4.929326821948652650e+04
4.973435225597077078e+04
5.018986021858727327e+04
5.065978844486162416e+04
5.114413315605252137e+04
5.164289045714813255e+04
5.215605633686918736e+04
5.268362666766588518e+04
5.322559720571989601e+04
5.378196359094399668e+04
5.435272134698316222e+04
5.493786588121074601e+04
5.553739248473430052e+04
5.615129633238939277e+04
5.677957248274433368e+04
5.742221587809799530e+04
5.807922134448053839e+04
5.875058359165268485e+04
5.943629721310608147e+04
6.013635668606439140e+04
4.302315251749278104e+04
4.303043248016601865e+04
4.305227230794134812e+04
4.308867182008762029e+04
4.313963071538473741e+04
4.320514857212547213e+04
4.328522484811455797e+04
4.337985888066887128e+04
4.348904988661688549e+04
4.361279696230049012e+04
4.375109908357298991e+04
4.390395510579928668e+04
4.407136376385769836e+04
4.425332367213759426e+04
4.444983332454103220e+04
4.466089109448203089e+04
4.488649523488711566e+04
4.512664387819477270e+04
4.538133503635544912e+04
4.565056660083155293e+04
4.593433634259836253e+04
4.623264191214311722e+04
4.654548083946428960e+04
4.687285053407431406e+04
4.721474828499576688e+04
4.757117126076482236e+04
4.794211650942943379e+04
4.832758095854915155e+04
4.872756141519657831e+04
4.914205456595591386e+04
4.957105697692331887e+04
5.001456509370782442e+04
5.047257524143005867e+04
5.094508362472297449e+04
5.143208632773184945e+04
5.193357931411337631e+04
5.244955842703766393e+04
5.298001938918569067e+04
5.352495780275203288e+04
5.408436914944068121e+04
5.465824879047249851e+04
5.524659196657557914e+04
5.584939379799288872e+04
5.646664928447862621e+04
5.709835330530040665e+04
5.774450061923635076e+04
5.840508586457690399e+04
5.908010355912665545e+04
5.976954810019997240e+04
6.047341376462391054e+04
4.326020443224915653e+04
4.326752360323989706e+04
4.328948105379204208e+04
4.332607659664372477e+04
4.337730991969256138e+04
4.344318058599601500e+04
4.352368803376903088e+04
4.361883157638676494e+04
4.372861040238294663e+04
4.385302357545133418e+04
4.399207003444280417e+04
4.414574859336898953e+04
4.431405794140046055e+04
4.449699664286581537e+04
4.469456313725349901e+04
4.490675573921107571e+04
4.513357263854431949e+04
4.537501190021957882e+04
4.563107146436086623e+04
4.590174914625204110e+04
4.618704263633517257e+04
4.648694950021272234e+04
4.680146717864481616e+04
4.713059298755179043e+04
4.747432411801200942e+04
4.783265763626404805e+04
4.820559048370469100e+04
4.859311947689002409e+04
4.899524130753507052e+04
4.941195254251433653e+04
4.984324962386090192e+04
5.028912886876696575e+04
5.074958646958402824e+04
5.122461849382252694e+04
5.171422088415220060e+04
5.221838945840154338e+04
5.273711990955816873e+04
5.327040780576862744e+04
5.381824859033877146e+04
5.438063758173375390e+04
5.495756997357675573e+04
5.554904083465189615e+04
5.615504510889986705e+04
5.677557761542266235e+04
5.741063304848066764e+04
5.806020597749156877e+04
5.872429084703544504e+04
5.940288197684858460e+04
6.009597356182748626e+04
6.080355967202813190e+04
4.349219331517178944e+04
4.349955079674582521e+04
4.352162317680213164e+04
4.355841026134439744e+04
4.360991172704325436e+04
4.367612712123936944e+04
4.375705586194126226e+04
4.385269723782657820e+04
4.396305040824117896e+04
4.408811440319987014e+04
4.422788812338549178e+04
4.438237034015037352e+04
4.455155969551451562e+04
4.473545470216758986e+04
4.493405374346730241e+04
4.514735507343921199e+04
4.537535681677927641e+04
4.561805696885057841e+04
4.587545339568532654e+04
4.614754383398412756e+04
4.643432589111689595e+04
4.673579704512139870e+04
4.705195464470416482e+04
4.738279590924121294e+04
4.772831792877550470e+04
4.808851766402003705e+04
4.846339194635584136e+04
4.885293747783252911e+04
4.925715083116920141e+04
4.967602844975190237e+04
5.010956664763689332e+04
5.055776160954792431e+04
5.102060939087859879e+04
5.149810591768946324e+04
5.199024698671128135e+04
5.249702826534266933e+04
5.301844529164991400e+04
5.355449347437061078e+04
5.410516809290857054e+04
5.467046429733672994e+04
5.525037710839678766e+04
5.584490141750029579e+04
5.645403198672465805e+04
5.707776344881858677e+04
5.771609030719846487e+04
5.836900693594834593e+04
5.903650757982213690e+04
5.971858635424250679e+04
6.041523724529906758e+04
6.112645410975201230e+04
4.371883858838573360e+04
4.372623344166222523e+04
4.374841793451159901e+04
4.378539186598954984e+04
4.383715490119120659e+04
4.390370657124803984e+04
4.398504627333022654e+04
4.408117327064519486e+04
4.419208669243835175e+04
4.431778553399271914e+04
4.445826865662893397e+04
4.461353478770579386e+04
4.478358252061916573e+04
4.496841031480344100e+04
4.516801649573044415e+04
4.538239925490906899e+04
4.561155664988727949e+04
4.585548660424956324e+04
4.611418690761875041e+04
4.638765521565564995e+04
4.667588905005741253e+04
4.697888579856098659e+04
4.729664271493966226e+04
4.762915691900507227e+04
4.797642539660591865e+04
4.833844499962942791e+04
4.871521244600007776e+04
4.910672431968050660e+04
4.951297707067024021e+04
4.993396701500787458e+04
5.036969033476816549e+04
5.082014307806530269e+04
5.128532115904963575e+04
5.176522035791022063e+04
5.225983632087391015e+04
5.276916456020462647e+04
5.329320045420427050e+04
5.383193924721308576e+04
5.438537604960802128e+04
5.495350583780527813e+04
5.553632345425612584e+04
5.613382360745272308e+04
5.674600087192338833e+04
5.737284968823405507e+04
5.801436436298827175e+04
5.867053906882829324e+04
5.934136784443362558e+04
6.002684459452066221e+04
6.072696308984523057e+04
6.144171696719968168e+04
4.393986879952590243e+04
4.394730004521788942e+04
4.396959371292523429e+04
4.400674959454336204e+04
4.405876734323028359e+04
4.412564647340750525e+04
4.420738636076002877e+04
4.430398624223580555e+04
4.441544521604682814e+04
4.454176224166731117e+04
4.468293613983605610e+04
4.483896559255390457e+04
4.500984914308592124e+04
4.519558519595957478e+04
4.539617201696692064e+04
4.561160773316241830e+04
4.584189033286402264e+04
4.608701766565282014e+04
4.634698744237357459e+04
4.662179723513418139e+04
4.691144447730548563e+04
4.721592646352237352e+04
4.753524034968286287e+04
4.786938315294737549e+04
4.821835175174092001e+04
4.858214288575090904e+04
4.896075315592879633e+04
4.935417902448825771e+04
4.976241681490773772e+04
5.018546271192735730e+04
5.062331276155236992e+04
5.107596287104934163e+04
5.154340880895015289e+04
5.202564620504799677e+04
5.252267055040138075e+04
5.303447719733012491e+04
5.356106135941954562e+04
5.410241811151499860e+04
5.465854238973006431e+04
5.522942899143636168e+04
5.581507257527300681e+04
5.641546766113933700e+04
5.703060863019964017e+04
5.766048972488169966e+04
5.830510504887643037e+04
5.896444856713569607e+04
5.963851410587885766e+04
6.032729535258586111e+04
6.103078585600014776e+04
6.174897902612901817e+04
4.415511433358187787e+04
4.416258095935281744e+04
4.418498076483774639e+04
4.422231353454862983e+04
4.427457890934147144e+04
4.434177638641303929e+04
4.442390531930304860e+04
4.452096491789307038e+04
4.463295424840653141e+04
4.475987223340853234e+04
4.490171765180766670e+04
4.505848913885311049e+04
4.523018518613680499e+04
4.541680414159291104e+04
4.561834420949726336e+04
4.583480345046828006e+04
4.606617978146568930e+04
4.631247097579198453e+04
4.657367466309169686e+04
4.684978832935121318e+04
4.714080931689913996e+04
4.744673482440575754e+04
4.776756190688411152e+04
4.810328747568855761e+04
4.845390829851639865e+04
4.881942099940624757e+04
4.919982205873966450e+04
4.959510781323915580e+04
5.000527445597017504e+04
5.043031803634003154e+04
5.087023446009789041e+04
5.132501948933550011e+04
5.179466874248646491e+04
5.227917769432588102e+04
5.277854167597142805e+04
5.329275587488373276e+04
5.382181533486400440e+04
5.436571495605603559e+04
5.492444949494565662e+04
5.549801356436219066e+04
5.608640163347445196e+04
5.668960802779583901e+04
5.730762692917960521e+04
5.794045237582322443e+04
5.858807826226438920e+04
5.925049833938428492e+04
5.992770621440504328e+04
6.061969535089192505e+04
6.132645906875150104e+04
6.204799054423274356e+04
4.436444702332228189e+04
4.437194798680066015e+04
4.439445080287132441e+04
4.443195524844049942e+04
4.448446095168546890e+04
4.455196739205312042e+04
4.463447390026285575e+04
4.473197965830295288e+04
4.484448369943384023e+04
4.497198490818627761e+04
4.511448202036135626e+04
4.527197362303213595e+04
4.544445815454128024e+04
4.563193390450232982e+04
4.583439901380024821e+04
4.605185147458996653e+04
4.628428913029783871e+04
4.653170967562091391e+04
4.679411065652657271e+04
4.707148947025325469e+04
4.736384336531027657e+04
4.767116944147746835e+04
4.799346464980553719e+04
4.833072579261588544e+04
4.868294952350097446e+04
4.905013234732341516e+04
4.943227062021705933e+04
4.982936054958681780e+04
5.024139819410793280e+04
5.066837946372597798e+04
5.111030011965831363e+04
5.156715577439226763e+04
5.203894189168622688e+04
5.252565378656945541e+04
5.302728662534173054e+04
5.354383542557334295e+04
5.407529505610691558e+04
5.462166023705285625e+04
5.518292553979590593e+04
5.575908538698822667e+04
5.635013405255558609e+04
5.695606566169299185e+04
5.757687419086614682e+04
5.821255346781144908e+04
5.886309717153708334e+04
5.952849883232083812e+04
6.020875183171265235e+04
6.090384940253170498e+04
6.161378462886896159e+04
6.233855044608535536e+04
4.456770642854899052e+04
4.457524065391207841e+04
4.459784325302371144e+04
4.463551399495354417e+04
4.468825249481633364e+04
4.475605821377394022e+04
4.483893045903369057e+04
4.493686838384928706e+04
4.504987098752062593e+04
4.517793711539361539e+04
4.532106545885981177e+04
4.547925455535769288e+04
4.565250278837156657e+04
4.584080838743138884e+04
4.604416942811421904e+04
4.626258383204240090e+04
4.649604936688410817e+04
4.674456364635479986e+04
4.700812413021521934e+04
4.728672812427266763e+04
4.758037278037991200e+04
4.788905509643645928e+04
4.821277191638764634e+04
4.855151993022518582e+04
4.890529567398662039e+04
4.927409552975550469e+04
4.965791572566176910e+04
5.005675233588190167e+04
5.047060128063749289e+04
5.089945832619705470e+04
5.134331908487492910e+04
5.180217901503092435e+04
5.227603342107249773e+04
5.276487745345239091e+04
5.326870610866881179e+04
5.378751422926725354e+04
5.432129650383831176e+04
5.487004746701932163e+04
5.543376149949363025e+04
5.601243282799041481e+04
5.660605552528577391e+04
5.721462351020054484e+04
5.783813054760357772e+04
5.847657024840809754e+04
5.912993606957425072e+04
5.979822131410764996e+04
6.048141913106082939e+04
6.117952251553215319e+04
6.189252430866654322e+04
6.262041719765438756e+04
4.476468102558374085e+04
4.477224739826178848e+04
4.479494643662837916e+04
4.483277790168103820e+04
4.488574139508236840e+04
4.495383635915968625e+04
4.503706207690556766e+04
4.513541767197802983e+04
4.524890210869871225e+04
4.537751419205560524e+04
4.552125256770086708e+04
4.568011572195246117e+04
4.585410198179270083e+04
4.604320951486915874e+04
4.624743632949430321e+04
4.646678027464549814e+04
4.670123903996536683e+04
4.695081015576161008e+04
4.721549099300627859e+04
4.749527876333759195e+04
4.779017051905739208e+04
4.810016315313350788e+04
4.842525339919866383e+04
4.876543783154975245e+04
4.912071286514983512e+04
4.949107475562650507e+04
4.987651959927188727e+04
5.027704333304354805e+04
5.069264173456413118e+04
5.112331042212153989e+04
5.156904485466784536e+04
5.202984033182056010e+04
5.250569199386209220e+04
5.299659482174047298e+04
5.350254363706808363e+04
5.402353310212238284e+04
5.455955771984554303e+04
5.511061183384517790e+04
5.567668962839488813e+04
5.625778512843098724e+04
5.685389219955613953e+04
5.746500454803826869e+04
5.809111572080983024e+04
5.873221910546853906e+04
5.938830793027627806e+04
6.005937526416164474e+04
6.074541401671594940e+04
6.144641693819830834e+04
6.216237661952945928e+04
6.289328549229830969e+04
4.495514449209204031e+04
4.496274185781385313e+04
4.498553387254287372e+04
4.502352028896420961e+04
4.507670069488940499e+04
4.514507451325334841e+04
4.522864100211536424e+04
4.532739925465921260e+04
4.544134819919272559e+04
4.557048659914835298e+04
4.571481305308279843e+04
4.587432599467665568e+04
4.604902369273531804e+04
4.623890425118788698e+04
4.644396560908880929e+04
4.666420554061605799e+04
4.689962165507186000e+04
4.715021139688287803e+04
4.741597204560021055e+04
4.769690071589957370e+04
4.799299435757966421e+04
4.830424975556561549e+04
4.863066352990499581e+04
4.897223213577035494e+04
4.932895186345886032e+04
4.970081883839120565e+04
5.008782902111342992e+04
5.048997820729491650e+04
5.090726202773021214e+04
5.133967594833702606e+04
5.178721527015823085e+04
5.224987512936113490e+04
5.272765049723693664e+04
5.322053618020127033e+04
5.372852681979347835e+04
5.425161689267915790e+04
5.478980071064543154e+04
5.534307242060567660e+04
5.591142600459679670e+04
5.649485527978104074e+04
5.709335389844272868e+04
5.770691534799298097e+04
5.833553295096644433e+04
5.897919986502056418e+04
5.963790908293922257e+04
6.031165343262910028e+04
6.100042557712295093e+04
6.170421801457450783e+04
6.242302307826612378e+04
6.315683293660113122e+04
4.513880084553384222e+04
4.514642800712699682e+04
4.516930940661768545e+04
4.520744478813721798e+04
4.526083372523826256e+04
4.532947562089411804e+04
4.541336970749980537e+04
4.551251504687079432e+04
4.562691053024354915e+04
4.575655487827607431e+04
4.590144664104736876e+04
4.606158419805651647e+04
4.623696575822486921e+04
4.642758935989404563e+04
4.663345287082702271e+04
4.685455398820740811e+04
4.709089023864053161e+04
4.734245897815198987e+04
4.760925739218873787e+04
4.789128249561872508e+04
4.818853113273180497e+04
4.850099997723682463e+04
4.882868553226599033e+04
4.917158413037050195e+04
4.952969193352382717e+04
4.990300493312042818e+04
5.029151894997521595e+04
5.069522963432464167e+04
5.111413246582542342e+04
5.154822275355672900e+04
5.199749563601690170e+04
5.246194608112673450e+04
5.294156888622801489e+04
5.343635867808225157e+04
5.394630991287376673e+04
5.447141687620642188e+04
5.501167368310598249e+04
5.556707427801920858e+04
5.613761243481276324e+04
5.672328175677648687e+04
5.732407567661866779e+04
5.793998745647077158e+04
5.857101018788453075e+04
5.921713679183194472e+04
5.987836001870746259e+04
6.055467244832507276e+04
6.124606648992157716e+04
6.195253438215222559e+04
6.267406819309690036e+04
6.341065982025247649e+04
4.531532410285799415e+04
4.532297981894189434e+04
4.534594687896860705e+04
4.538422501826717053e+04
4.543781379571773869e+04
4.550671259375394584e+04
4.559092061835981440e+04
4.569043689907302905e+04
4.580526028898293589e+04
4.593538946473145188e+04
4.608082292651270109e+04
4.624155899807228707e+04
4.641759582670929376e+04
4.660893138327373890e+04
4.681556346216893871e+04
4.703748968134968891e+04
4.727470748232353799e+04
4.752721413014987775e+04
4.779500671344067086e+04
4.807808214435954142e+04
4.837643715862323006e+04
4.869006831549995695e+04
4.901897199781051313e+04
4.936314441192753293e+04
4.972258158777658537e+04
5.009727937883471895e+04
5.048723346213191689e+04
5.089243933824982378e+04
5.131289233132283698e+04
5.174858758903628768e+04
5.219952008262989693e+04
5.266568460689359199e+04
5.314707578017078049e+04
5.364368804435707716e+04
5.415551566489848483e+04
5.468255273079630570e+04
5.522479315460150247e+04
5.578223067241851822e+04
5.635485884390436695e+04
5.694267105226645072e+04
5.754566050426619768e+04
5.816382023021651548e+04
5.879714308398324647e+04
5.944562174298298487e+04
6.010924870818598720e+04
6.078801630411471706e+04
6.148191667884275375e+04
6.219094180399624747e+04
6.291508347475464689e+04
6.365433330984778877e+04
4.548447001004515187e+04
4.549215300000923889e+04
4.551520187865789921e+04
4.555361637226451421e+04
4.560739602461599134e+04
4.567654019701421930e+04
4.576104806827661378e+04
4.586091863473484409e+04
4.597615071023610653e+04
4.610674292614185106e+04
4.625269373132887267e+04
4.641400139218894765e+04
4.659066399262846971e+04
4.678267943406845006e+04
4.699004543544560875e+04
4.721275953321091947e+04
4.745081908133088291e+04
4.770422125128607149e+04
4.797296303207258461e+04
4.825704123020077532e+04
4.855645246969706932e+04
4.887119319210160029e+04
4.920125965647039266e+04
4.954664793937299692e+04
4.990735393489558192e+04
5.028337335463784257e+04
5.067470172771518264e+04
5.108133440075762337e+04
5.150326653790998535e+04
5.194049312083225232e+04
5.239300894869884360e+04
5.286080863819970546e+04
5.334388662353921973e+04
5.384223715643729520e+04
5.435585430612773052e+04
5.488473195936021511e+04
5.542886382039832824e+04
5.598824341102190374e+04
5.656286407052430150e+04
5.715271895571495406e+04
5.775780104091682006e+04
5.837810311796893075e+04
5.901361779622529866e+04
5.966433750255419000e+04
6.033025448133848840e+04
6.101136079447751399e+04
6.170764832138338534e+04
6.241910875898502127e+04
6.314573362172413908e+04
6.388751424156071153e+04
4.564612490849685855e+04
4.565383386040084588e+04
4.567696062176637497e+04
4.571550490955214627e+04
4.576946625202272116e+04
4.583884398874943145e+04
4.592363727060874226e+04
4.602384505978316156e+04
4.613946612976178585e+04
4.627049906533829926e+04
4.641694226261424774e+04
4.657879392899540107e+04
4.675605208319429948e+04
4.694871455522970791e+04
4.715677898642516084e+04
4.738024282941150886e+04
4.761910334812473593e+04
4.787335761780632311e+04
4.814300252500524948e+04
4.842803476757471799e+04
4.872845085467542958e+04
4.904424710677285475e+04
4.937541965563832491e+04
4.972196444435030571e+04
5.008387722729221423e+04
5.046115357015405607e+04
5.085378884993060637e+04
5.126177825492395641e+04
5.168511678474151267e+04
5.212379925029636070e+04
5.257782027380835643e+04
5.304717428880248917e+04
5.353185554010997294e+04
5.403185808386824647e+04
5.454717578751915426e+04
5.507780232981349400e+04
5.562373120080628723e+04
5.618495570185659744e+04
5.676146894563316891e+04
5.735326385610751458e+04
5.796033316855973681e+04
5.858266942957307037e+04
5.922026499703897571e+04
5.987311204015422845e+04
6.054120253942091949e+04
6.122452828664681874e+04
6.192308088494828553e+04
6.263685174874408403e+04
6.336583210376120405e+04
6.411001298703122302e+04
4.580018395681217953e+04
4.580791752852255740e+04
4.583111814611474983e+04
4.586978551697193325e+04
4.592391915340067499e+04
4.599351837262765912e+04
4.607858229680368822e+04
4.617910985300113680e+04
4.629509977321431506e+04
4.642655059436074225e+04
4.657346065827932762e+04
4.673582811173127993e+04
4.691365090640065318e+04
4.710692679889307328e+04
4.731565335073664755e+04
4.753982792838251044e+04
4.777944770320264070e+04
4.803450965149240801e+04
4.830501055446929968e+04
4.859094699827219301e+04
4.889231537396317435e+04
4.920911187752590195e+04
4.954133250986706116e+04
4.988897307681527309e+04
5.025202918912091263e+04
5.063049626245719992e+04
5.102436951741910889e+04
5.143364397952464060e+04
5.185831447921336803e+04
5.229837565184752748e+04
5.275382193771110906e+04
5.322464758201076620e+04
5.371084663487545185e+04
5.421241295135623659e+04
5.472934019142667239e+04
5.526162181998224696e+04
5.580925110683965613e+04
5.637222112674062373e+04
5.695052475934680842e+04
5.754415468924344168e+04
5.815310340593678120e+04
5.877736320385520230e+04
5.941692618235174450e+04
6.007178424569901836e+04
6.074192910309284343e+04
6.142735226865224831e+04
6.212804506141656020e+04
6.284399860534904292e+04
6.357520382933507790e+04
6.432165146718107280e+04
4.594646744052424765e+04
4.595422425749529793e+04
4.597749460758968780e+04
4.601627818834858772e+04
4.607057449567346339e+04
4.614038282382789475e+04
4.622570226543484750e+04
4.632653171147958346e+04
4.644286985130729590e+04
4.657471517262383713e+04
4.672206596149662801e+04
4.688492030235302082e+04
4.706327607798230019e+04
4.725713096953331842e+04
4.746648245651667821e+04
4.769132781680364133e+04
4.793166412662594666e+04
4.818748826057635597e+04
4.845879689160901762e+04
4.874558649103728385e+04
4.904785332853734872e+04
4.936559347214515583e+04
4.969880278825730784e+04
5.004747694163124834e+04
5.041161139538653515e+04
5.079120141100174806e+04
5.118624204831739917e+04
5.159672816553447774e+04
5.202265441921463207e+04
5.246401526428071520e+04
5.292080495401587541e+04
5.339301754006555711e+04
5.388064687243349908e+04
5.438368659948610002e+04
5.490213016795096337e+04
5.543597082291453262e+04
5.598520160782682069e+04
5.654981536449522537e+04
5.712980473309071385e+04
5.772516215214491240e+04
5.833587985854828730e+04
5.896194988755451050e+04
5.960336407277609396e+04
6.026011404618766392e+04
6.093219123812486941e+04
6.161958687728183577e+04
6.232229199071734911e+04
6.304029740384794422e+04
6.377359374045154254e+04
6.452217142266781593e+04
4.608476716260702233e+04
4.609254581747754855e+04
4.611588167789923318e+04
4.615477443129984749e+04
4.620922355672628328e+04
4.627922832484346145e+04
4.636478779793578724e+04
4.646590082990605879e+04
4.658256606627546716e+04
4.671478194418468775e+04
4.686254669239187933e+04
4.702585833127504884e+04
4.720471467282986850e+04
4.739911332067167677e+04
4.760905167003347742e+04
4.783452690776812233e+04
4.807553601234612870e+04
4.833207575385731616e+04
4.860414269400953344e+04
4.889173318613029551e+04
4.919484337516496453e+04
4.951346919767784129e+04
4.984760638185216521e+04
5.019725044748938672e+04
5.056239670600989484e+04
5.094304026045283535e+04
5.133917600547611073e+04
5.175079862735547067e+04
5.217790260398705868e+04
5.262048220488413790e+04
5.307853149117909197e+04
5.355204431562306127e+04
5.404101432258630666e+04
5.454543494805730006e+04
5.506529941964254249e+04
5.560060075656801928e+04
5.615133176967974578e+04
5.671748506143885606e+04
5.729905302592924272e+04
5.789602784885100846e+04
5.850840150752228510e+04
5.913616577088214399e+04
5.977931219948732178e+04
6.043783214551294805e+04
6.111171675275327289e+04
6.180095695662057551e+04
6.250554348414589185e+04
6.322546685398083355e+04
6.396071737639322237e+04
6.471128515327000059e+04
4.621482289666710130e+04
4.622262194168743008e+04
4.624601896909553034e+04
4.628501365593092487e+04
4.633960546392663673e+04
4.640979363950864354e+04
4.649557721379605937e+04
4.659695500260149856e+04
4.671392560643089382e+04
4.684648741048276861e+04
4.699463858464860095e+04
4.715837708351446054e+04
4.733770064635791641e+04
4.753260679715094739e+04
4.774309284455775924e+04
4.796915588193605799e+04
4.821079278733741376e+04
4.846800022350580548e+04
4.874077463787834859e+04
4.902911226258565875e+04
4.933300911445112433e+04
4.965246099499199772e+04
4.998746349041830399e+04
5.033801197163302277e+04
5.070410159423245204e+04
5.108572729850639007e+04
5.148288380943740776e+04
5.189556563670103060e+04
5.232376707466683001e+04
5.276748220239696820e+04
5.322670488364638004e+04
5.370142876686404634e+04
5.419164728519135679e+04
5.469735365646374703e+04
5.521854088320869778e+04
5.575520175264828140e+04
5.630732883669552393e+04
5.687491449195949826e+04
5.745795085974059475e+04
5.805642986603161262e+04
5.867034322152030654e+04
5.929968242158793146e+04
5.994443874630742357e+04
6.060460326044449175e+04
6.128016681345943653e+04
6.197112003950533108e+04
6.267745335742874886e+04
6.339915697076794459e+04
6.413622086775649223e+04
6.488863482131928322e+04
4.633628916649449820e+04
4.634410710087831831e+04
4.636756079282058636e+04
4.640664990869463509e+04
4.646137389245541272e+04
4.653173196564021055e+04
4.661772312736866297e+04
4.671934615434220177e+04
4.683659960084405611e+04
4.696948179874052585e+04
4.711799085747898062e+04
4.728212466408913315e+04
4.746188088318267546e+04
4.765725695695437025e+04
4.786825010517950432e+04
4.809485732521698083e+04
4.833707539200640895e+04
4.859490085807046853e+04
4.886833005351345491e+04
4.915735908602218842e+04
4.946198384086455917e+04
4.978219998089225555e+04
5.011800294653694436e+04
5.046938795581427257e+04
5.083635000432095694e+04
5.121888386523660301e+04
5.161698408932115854e+04
5.203064500491855142e+04
5.245986071795396128e+04
5.290462511193472892e+04
5.336493184795053821e+04
5.384077436467287043e+04
5.433214587835482234e+04
5.483903938283292518e+04
5.536144764952477999e+04
5.589936322743014898e+04
5.645277844313059177e+04
5.702168540079110244e+04
5.760607598215719918e+04
5.820594184655747085e+04
5.882127443090175802e+04
5.945206494968297193e+04
6.009830439497563930e+04
6.075998353643590235e+04
6.143709292130224640e+04
6.212962287439659121e+04
6.283756349812065309e+04
6.356090467245994660e+04
6.429963605498123798e+04
6.505374708083400037e+04
4.644882584256629343e+04
4.645666111251321126e+04
4.648016680749515217e+04
4.651934258293695166e+04
4.657418786454763904e+04
4.664470184831825463e+04
4.673088350052421447e+04
4.683273155772421887e+04
4.695024452675934299e+04
4.708342068475521955e+04
4.723225807912021992e+04
4.739675452754599974e+04
4.757690761800804466e+04
4.777271470876439707e+04
4.798417292835747503e+04
4.821127917561188951e+04
4.845403011963662721e+04
4.871242219982377719e+04
4.898645162584780337e+04
4.927611437766809104e+04
4.958140620552621840e+04
4.990232262994741177e+04
5.023885894174054556e+04
5.059101020199759660e+04
5.095877124209400790e+04
5.134213666368868871e+04
5.174110083872274117e+04
5.215565790942237072e+04
5.258580178829615761e+04
5.303152615813614830e+04
5.349282447201767354e+04
5.396968995329971222e+04
5.446211559562452749e+04
5.497009416291766684e+04
5.549361818938705255e+04
5.603267997952571022e+04
5.658727160810958594e+04
5.715738492019663681e+04
5.774301153112937754e+04
5.834414282653342525e+04
5.896076996231786325e+04
5.959288386467487726e+04
6.024047523008048302e+04
6.090353452529270726e+04
6.158205198735486192e+04
6.227601762359190616e+04
6.298542121161372052e+04
6.371025229931146896e+04
6.445050020486123685e+04
6.520615401672293956e+04
4.655221610781227355e+04
4.656006711737027217e+04
4.658362002744179335e+04
4.662287448221886734e+04
4.667782988868875691e+04
4.674848541663250217e+04
4.683483999862728524e+04
4.693689233004388370e+04
4.705464086904848955e+04
4.718808383660161780e+04
4.733721921645901602e+04
4.750204475517093670e+04
4.768255796208231914e+04
4.787875610933315329e+04
4.809063623185811593e+04
4.831819512738620688e+04
4.856142935644184035e+04
4.882033524234393553e+04
4.909490887120573461e+04
4.938514609193662181e+04
4.969104251623866730e+04
5.001259351861081086e+04
5.034979423634522391e+04
5.070263956952949229e+04
5.107112418104588869e+04
5.145524249657173641e+04
5.185498870457868179e+04
5.227035675633305800e+04
5.270134036589643074e+04
5.314793301012523443e+04
5.361012792866949894e+04
5.408791812397557806e+04
5.458129636128414859e+04
5.509025516862930090e+04
5.561478683684217685e+04
5.615488341954660427e+04
5.671053673316273489e+04
5.728173835690431588e+04
5.786847963278087263e+04
5.847075166559588979e+04
5.908854532294790260e+04
5.972185123522976937e+04
6.037065979563121800e+04
6.103496116013302526e+04
6.171474524751392892e+04
6.241000173934698978e+04
6.312072007999813650e+04
6.384688947662943974e+04
6.458849889919874840e+04
6.534553708045605163e+04
4.664630136500472872e+04
4.665416648133395938e+04
4.667776170787801675e+04
4.671708667730836169e+04
4.677214077741082292e+04
4.684292315108450566e+04
4.692943269634361059e+04
4.703166806631597865e+04
4.714962766924381867e+04
4.728330966848334356e+04
4.743271198250549787e+04
4.759783228489468456e+04
4.777866800434967445e+04
4.797521632468378812e+04
4.818747418482435023e+04
4.841543827881250763e+04
4.865910505580413883e+04
4.891847072006876260e+04
4.919353123099062941e+04
4.948428230306817568e+04
4.979071940591329621e+04
5.011283776425243559e+04
5.045063235792658816e+04
5.080409792189075233e+04
5.117322894621374871e+04
5.155801967607876577e+04
5.195846411178354174e+04
5.237455600873963704e+04
5.280628887747261615e+04
5.325365598362241144e+04
5.371665034794368694e+04
5.419526474630438315e+04
5.468949170968735416e+04
5.519932352418836672e+04
5.572475223101973825e+04
5.626576962650578935e+04
5.682236726208502660e+04
5.739453644431196153e+04
5.798226823485456407e+04
5.858555345049280731e+04
5.920438266312412452e+04
5.983874619975904352e+04
6.048863414252045914e+04
6.115403632864763495e+04
6.183494235049329291e+04
6.253134155552434095e+04
6.324322304632187297e+04
6.397057568058080506e+04
6.471338807111133065e+04
6.547164858583564637e+04
4.673092150957600097e+04
4.673879906770380330e+04
4.676243161570691882e+04
4.680181877444447309e+04
4.685695991201519064e+04
4.692785414375648543e+04
4.701450033224573417e+04
4.711689708729954873e+04
4.723504276597413991e+04
4.736893547256477177e+04
4.751857305860594352e+04
4.768395312287229899e+04
4.786507301137680770e+04
4.806192981737294758e+04
4.827452038135288603e+04
4.850284129104802560e+04
4.874688888142991345e+04
4.900665923470878624e+04
4.928214818033447955e+04
4.957335129499624600e+04
4.988026390262275527e+04
5.020288107438191219e+04
5.054119762868158432e+04
5.089520813116760110e+04
5.126490689472739177e+04
5.165028797948543797e+04
5.205134519280727545e+04
5.246807208929658373e+04
5.290046197079809644e+04
5.334850788639432722e+04
5.381220263240738859e+04
5.429153875239971967e+04
5.478650853717263089e+04
5.529710402476666786e+04
5.582331700046161131e+04
5.636513899677665904e+04
5.692256129347078968e+04
5.749557491754239891e+04
5.808417064322966326e+04
5.868833899200835731e+04
5.930807023259549169e+04
5.994335438094567508e+04
6.059418120025620738e+04
6.126054020096016757e+04
6.194242064073114307e+04
6.263981152448359353e+04
6.335270160436848528e+04
6.408107937977947586e+04
6.482493309734709328e+04
6.558425075094201020e+04
4.680590714394293173e+04
4.681379545406252873e+04
4.683746025400669168e+04
4.687690115252626128e+04
4.693211749754191260e+04
4.700310837614197226e+04
4.708987261458205467e+04
4.719240877828669909e+04
4.731071517184791446e+04
4.744478983902608888e+04
4.759463056274926203e+04
4.776023486511421652e+04
4.794160000738484086e+04
4.813872298999376653e+04
4.835160055254127656e+04
4.858022917379603314e+04
4.882460507169416815e+04
4.908472420334055641e+04
4.936058226500717865e+04
4.965217469213548611e+04
4.995949665933330834e+04
5.028254308037758165e+04
5.062130860821325768e+04
5.097578763495239400e+04
5.134597429187633679e+04
5.173186244943372003e+04
5.213344571724101115e+04
5.255071744408323866e+04
5.298367071791344642e+04
5.343229836585251178e+04
5.389659295418878173e+04
5.437654678838025575e+04
5.487215191305149347e+04
5.538340011199506989e+04
5.591028290817266679e+04
5.645279156371325371e+04
5.701091707991326984e+04
5.758465019723953446e+04
5.817398139532306232e+04
5.877890089296670340e+04
5.939939864813932218e+04
6.003546435797834420e+04
6.068708745878866466e+04
6.135425712604410364e+04
6.203696227438558708e+04
6.273519155762260198e+04
6.344893336873283261e+04
6.417817583986252430e+04
6.492290684232357307e+04
6.568311398659934639e+04
4.687108168617232877e+04
4.687897903319662873e+04
4.690267093971815484e+04
4.694215700208442286e+04
4.699743654754038289e+04
4.706850863422823750e+04
4.715537205118980637e+04
4.725802531836343405e+04
4.737646668658599083e+04
4.751069413759269082e+04
4.766070538401600061e+04
4.782649786938745819e+04
4.800806876813458075e+04
4.820541498558541207e+04
4.841853315796415700e+04
4.864741965239390993e+04
4.889207056689483579e+04
4.915248173038617097e+04
4.942864870268440427e+04
4.972056677450455027e+04
5.002823096745869407e+04
5.035163603405817412e+04
5.069077645771085372e+04
5.104564645272384951e+04
5.141623996430153056e+04
5.180255066854697361e+04
5.220457197246032592e+04
5.262229701394007861e+04
5.305571866178288474e+04
5.350482951568319550e+04
5.396962190623398783e+04
5.445008789492458163e+04
5.494621927414445963e+04
5.545800756718017510e+04
5.598544402821535186e+04
5.652851964233268518e+04
5.708722512551285035e+04
5.766155092463377514e+04
5.825148721747282252e+04
5.885702391270278895e+04
5.947815064989663369e+04
6.011485679952565988e+04
6.076713146295624028e+04
6.143496347245636571e+04
6.211834139118946041e+04
6.281725351321802009e+04
6.353168786350179289e+04
6.426163219789996219e+04
6.500707400316750864e+04
6.576800049695848429e+04
4.692616472875834006e+04
4.693406935173734382e+04
4.695778308188819210e+04
4.699730550285221398e+04
4.705263592070023151e+04
4.712377336392983125e+04
4.721071658346663753e+04
4.731346405266540387e+04
4.743201396730673878e+04
4.756636424560128944e+04
4.771651252818683133e+04
4.788245617812881392e+04
4.806419228092090634e+04
4.826171764448536123e+04
4.847502879917101382e+04
4.870412199775655608e+04
4.894899321544744453e+04
4.920963814987644582e+04
4.948605222110618342e+04
4.977823057162549958e+04
5.008616806635254761e+04
5.040985929263242724e+04
5.074929856023900356e+04
5.110447990137326997e+04
5.147539707066534902e+04
5.186204354517212778e+04
5.226441252437925868e+04
5.268249693020025006e+04
5.311628940697592043e+04
5.356578232147639937e+04
5.403096776289858099e+04
5.451183754286721523e+04
5.500838319543727266e+04
5.552059597708794172e+04
5.604846686672972282e+04
5.659198656569933519e+04
5.715114549776226340e+04
5.772593380911202985e+04
5.831634136836873950e+04
5.892235776658199029e+04
5.954397231722869037e+04
6.018117405621414946e+04
6.083395174187207886e+04
6.150229385496168106e+04
6.218618859867419815e+04
6.288562389862454438e+04
6.360058740285858221e+04
6.433106648184948426e+04
6.507704822849773336e+04
6.583851945813257771e+04
4.697082972205716942e+04
4.697873980507993110e+04
4.700246991102776519e+04
4.704201961053549894e+04
4.709738818799705768e+04
4.716857464156310016e+04
4.725557768314101850e+04
4.735839573839657533e+04
4.747702694675099337e+04
4.761146916138532106e+04
4.776171994923588500e+04
4.792777659099683660e+04
4.810963608112051588e+04
4.830729512781490484e+04
4.852075015304671979e+04
4.874999729253959231e+04
4.899503239577352360e+04
4.925585102598743106e+04
4.953244846017641976e+04
4.982481968909287389e+04
5.013295941724700242e+04
5.045686206290611153e+04
5.079652175809478649e+04
5.115193234859434597e+04
5.152308739394447912e+04
5.190998016744142660e+04
5.231260365613907197e+04
5.273095056084839598e+04
5.316501329613729467e+04
5.361478399033185269e+04
5.408025448551488807e+04
5.456141633752631606e+04
5.505826081596424046e+04
5.557077890418295283e+04
5.609896129929438757e+04
5.664279841216848581e+04
5.720228036743174016e+04
5.777739700346792233e+04
5.836813787241808313e+04
5.897449224018128007e+04
5.959644908641312213e+04
6.023399710452686122e+04
6.088712470169266453e+04
6.155581999883870594e+04
6.224007083065007464e+04
6.293986474556841131e+04
6.365518900579445472e+04
6.438603058728440374e+04
6.513237617975173634e+04
6.589421218666902860e+04
4.700480362490507105e+04
4.701271730367261625e+04
4.703645819241810386e+04
4.707602584846972604e+04
4.713141953404010565e+04
4.720263821622847900e+04
4.728968056701760361e+04
4.739254496327739616e+04
4.751122948676165834e+04
4.764573192411044147e+04
4.779604976684822759e+04
4.796218021138520271e+04
4.814412015901725681e+04
4.834186621592471056e+04
4.855541469317304291e+04
4.878476160671471007e+04
4.902990267738568946e+04
4.929083333090766246e+04
4.956754869788819633e+04
4.986004361381910712e+04
5.016831261907846056e+04
5.049234995892929874e+04
5.083214958351945825e+04
5.118770514788284345e+04
5.155901001193815318e+04
5.194605724048942648e+04
5.234883960322622443e+04
5.276734957472272072e+04
5.320157933443915681e+04
5.365152076672111434e+04
5.411716546079860564e+04
5.459850471078680130e+04
5.509552951568803110e+04
5.560823057938760030e+04
5.613659831065779144e+04
5.668062282315513585e+04
5.724029393542223261e+04
5.781560117088592960e+04
5.840653375785914250e+04
5.901308062953976332e+04
5.963523042401175189e+04
6.027297148424258921e+04
6.092629185808727925e+04
6.159517929828398337e+04
6.227962126245729451e+04
6.297960491311714577e+04
6.369511711765844666e+04
6.442614444836181065e+04
6.517267318239246379e+04
6.593468930180133611e+04
4.702790829441364622e+04
4.703582366792998073e+04
4.705956963638454909e+04
4.709914574349404575e+04
4.715455122878665861e+04
4.722578502760152332e+04
4.731284577108890517e+04
4.741573178621056286e+04
4.753444109573902097e+04
4.766897141825847939e+04
4.781932016816426767e+04
4.798548445566302689e+04
4.816746108677125449e+04
4.836524656331894221e+04
4.857883708294539247e+04
4.880822853910194681e+04
4.905341652105089452e+04
4.931439631386620022e+04
4.959116289843223058e+04
4.988371095144520950e+04
5.019203484541230864e+04
5.051612864865182928e+04
5.085598612529320235e+04
5.121160073527753411e+04
5.158296563435651478e+04
5.197007367409369181e+04
5.237291740186283278e+04
5.279148906085010822e+04
5.322578059005209070e+04
5.367578362427648244e+04
5.414148949414266099e+04
5.462288922608131543e+04
5.511997354233353690e+04
5.563273286095318326e+04
5.616115729580233165e+04
5.670523665655709920e+04
5.726496044870473270e+04
5.784031787354142580e+04
5.843129782817595697e+04
5.903788890553005331e+04
5.966007939433256979e+04
6.029785727912785660e+04
6.095121024026811938e+04
6.162012565391814860e+04
6.230459059205495578e+04
6.300459182246522687e+04
6.372011580874677747e+04
6.445114871030964423e+04
6.519767638237426581e+04
6.595968437597293814e+04
4.703999185409847996e+04
4.704790698973756662e+04
4.707165223992142273e+04
4.711122713445147383e+04
4.716663088966415671e+04
4.723786240843000996e+04
4.732492028015367396e+04
4.742780278077461844e+04
4.754650787276641495e+04
4.768103320513746439e+04
4.783137611343026947e+04
4.799753361972161656e+04
4.817950243262275762e+04
4.837727894728013780e+04
4.859085924537394021e+04
4.882023909511808597e+04
4.906541395126223506e+04
4.932637895509014925e+04
4.960312893441914639e+04
4.989565840360210132e+04
5.020396156352544494e+04
5.052803230161043757e+04
5.086786419181280507e+04
5.122345049462237512e+04
5.159478415706398664e+04
5.198185781269603467e+04
5.238466378161247121e+04
5.280319407044025866e+04
5.323744037234173447e+04
5.368739406701370172e+04
5.415304622068742901e+04
5.463438758612719539e+04
5.513140860263411014e+04
5.564409939604156534e+04
5.617244977871851006e+04
5.671644924956817704e+04
5.727608699402771890e+04
5.785135188406893576e+04
5.844223247819863900e+04
5.904871702145755989e+04
5.967079344542071340e+04
6.030844936819703435e+04
6.096167209443228785e+04
6.163044861530288472e+04
6.231476560852279363e+04
6.301460943833917554e+04
6.372996615553383890e+04
6.446082149742287584e+04
6.520716088785593456e+04
6.596896943721912976e+04
4.704095553564857255e+04
4.704886848871556140e+04
4.707260718644392909e+04
4.711217114441369631e+04
4.716755955525914032e+04
4.723877128866770363e+04
4.732580489138072153e+04
4.742865858719251264e+04
4.754733027695201599e+04
4.768181753856133582e+04
4.783211762697537779e+04
4.799822747420403175e+04
4.818014368930998899e+04
4.837786255840946978e+04
4.859138004467240535e+04
4.882069178832261969e+04
4.906579310663710203e+04
4.932667899394709821e+04
4.960334412163647357e+04
4.989578283814371389e+04
5.020398916895992443e+04
5.052795681663083087e+04
5.086767916075496032e+04
5.122314925798491458e+04
5.159435984202646068e+04
5.198130332363925845e+04
5.238397179063667863e+04
5.280235700788525719e+04
5.323645041730578669e+04
5.368624313787222491e+04
5.415172596561187675e+04
5.463288937360648561e+04
5.512972351198986871e+04
5.564221820795173699e+04
5.617036296573314758e+04
5.671414696663014183e+04
5.727355906899210822e+04
5.784858780822141853e+04
5.843922139677488303e+04
5.904544772416229534e+04
5.966725435694715998e+04
6.030462853874669236e+04
6.095755719023254642e+04
6.162602690912826802e+04
6.231002397021184152e+04
6.300953432531568978e+04
6.372454360332340002e+04
6.445503711017590831e+04
6.520099982886495127e+04
6.596241641943597642e+04
4.703073623584277811e+04
4.703864506093705131e+04
4.706237136990366707e+04
4.710191466379310441e+04
4.715727411102343467e+04
4.722844854737977585e+04
4.731543647601465636e+04
4.741823606744765129e+04
4.753684515956465475e+04
4.767126125762079027e+04
4.782148153423568147e+04
4.798750282939890894e+04
4.816932165046509908e+04
4.836693417215719819e+04
4.858033623656447162e+04
4.880952335314486845e+04
4.905449069872192922e+04
4.931523311748660490e+04
4.959174512099816639e+04
4.988402088818202174e+04
5.019205426533080754e+04
5.051583876610475272e+04
5.085536757153131475e+04
5.121063353000481584e+04
5.158162915728680673e+04
5.196834663650624861e+04
5.237077781815896742e+04
5.278891422010819952e+04
5.322274702758422791e+04
5.367226709318474605e+04
5.413746493687431212e+04
5.461833074598471285e+04
5.511485437521587301e+04
5.562702534663258120e+04
5.615483284966940118e+04
5.669826574112703383e+04
5.725731254517195339e+04
5.783196145334113680e+04
5.842220032453515159e+04
5.902801668502470420e+04
5.964939772844518302e+04
6.028633031580029638e+04
6.093880097546170873e+04
6.160679590316758549e+04
6.229030096202332061e+04
6.298930168249935377e+04
6.370378326243771880e+04
6.443373056704513147e+04
6.517912812889444467e+04
6.593996014792719507e+04
4.700918923010885919e+04
4.701709196165902540e+04
4.704079998504694231e+04
4.708031278648450098e+04
4.713562950965861091e+04
4.720674895573120011e+04
4.729366958333885123e+04
4.739638950859280158e+04
4.751490650507839746e+04
4.764921800385709503e+04
4.779932109346445941e+04
4.796521251991052850e+04
4.814688868668054056e+04
4.834434565473438852e+04
4.855757914250680187e+04
4.878658452590680099e+04
4.903135683831951610e+04
4.929189077060291311e+04
4.956818067109088588e+04
4.986022054559234675e+04
5.016800405739049893e+04
5.049152452724301838e+04
5.083077493338314525e+04
5.118574791151841055e+04
5.155643575483099994e+04
5.194283041397829948e+04
5.234492349709180417e+04
5.276270626977857319e+04
5.319616965511995659e+04
5.364530423367232288e+04
5.411010024346651335e+04
5.459054758000784204e+04
5.508663579627827858e+04
5.559835410273153684e+04
5.612569136729798629e+04
5.666863611538356054e+04
5.722717652986721077e+04
5.780130045110272476e+04
5.839099537692018203e+04
5.899624846262377105e+04
5.961704652099033410e+04
6.025337602227591560e+04
6.090522309420775855e+04
6.157257352198794251e+04
6.225541274829556642e+04
6.295372587328201917e+04
6.366749765457570902e+04
6.439671250727806182e+04
6.514135450396643137e+04
6.590140737469264423e+04
4.697600621019755636e+04
4.698390082382975379e+04
4.700758448841588688e+04
4.704705667502239521e+04
4.710231650209443615e+04
4.717336273545461154e+04
4.726019378830351343e+04
4.736280772121990594e+04
4.748120224216017959e+04
4.761537470645889698e+04
4.776532211682842899e+04
4.793104112335950049e+04
4.811252802351973514e+04
4.830977876215565630e+04
4.852278893149123178e+04
4.875155377112841961e+04
4.899606816804753180e+04
4.925632665660614293e+04
4.953232341854072729e+04
4.982405228296411224e+04
5.013150672636893432e+04
5.045467987262400129e+04
5.079356449297720246e+04
5.114815300605405355e+04
5.151843747785806045e+04
5.190440962177035544e+04
5.230606079855024291e+04
5.272338201633519930e+04
5.315636393064014555e+04
5.360499684435799281e+04
5.406927070775982429e+04
5.454917511849489529e+04
5.504469932158935990e+04
5.555583220944790810e+04
5.608256232185485715e+04
5.662487784596960410e+04
5.718276661633026379e+04
5.775621611485366884e+04
5.834521347083536966e+04
5.894974546094599646e+04
5.956979850923708000e+04
6.020535868713632226e+04
6.085641171345014300e+04
6.152294295436222455e+04
6.220493742343460326e+04
6.290237978160766943e+04
6.361525433719907596e+04
6.434354504590373836e+04
6.508723551079710887e+04
6.584630898232971958e+04
4.693087463336778455e+04
4.693875904421529413e+04
4.696241209529671323e+04
4.700183324223035015e+04
4.705702157771302154e+04
4.712797583152041625e+04
4.721469437050654960e+04
4.731717519860485481e+04
4.743541595682672778e+04
4.756941392326280038e+04
4.771916601308239478e+04
4.788466877853370534e+04
4.806591840894288907e+04
4.826291073071570281e+04
4.847564120733622985e+04
4.870410493936760759e+04
4.894829666445148177e+04
4.920821075730782468e+04
4.948384122973602643e+04
4.977518173061398556e+04
5.008222554589847277e+04
5.040496559862422146e+04
5.074339444890574669e+04
5.109750429393570812e+04
5.146728696798545570e+04
5.185273394240593916e+04
5.225383632562497951e+04
5.267058486315145274e+04
5.310296993757110613e+04
5.355098156854946865e+04
5.401460941283039574e+04
5.449384276423625124e+04
5.498867055366863497e+04
5.549908134910801891e+04
5.602506335561338346e+04
5.656660441532112600e+04
5.712369200744869886e+04
5.769631324829097139e+04
5.828445489122204890e+04
5.888810332669308991e+04
5.950724458223703550e+04
6.014186432246278855e+04
6.079194784905957931e+04
6.145748010079514643e+04
6.213844565351464553e+04
6.283482872014428722e+04
6.354661315068697149e+04
6.427378243222519814e+04
6.501631968892033910e+04
6.577420768201263854e+04
4.687357554408117721e+04
4.688144762712327065e+04
4.690506368953920173e+04
4.694442317119737709e+04
4.699952513854477729e+04
4.707036828460768447e+04
4.715695092899095471e+04
4.725927101787838183e+04
4.737732612403287931e+04
4.751111344679593458e+04
4.766062981208779092e+04
4.782587167240799317e+04
4.800683510683484201e+04
4.820351582102539396e+04
4.841590914721582521e+04
4.864401004422070400e+04
4.888781309743390011e+04
4.914731251882840297e+04
4.942250214695523027e+04
4.971337544694506505e+04
5.001992551050698239e+04
5.034214505592917703e+04
5.068002642807896336e+04
5.103356159840168402e+04
5.140274216492271080e+04
5.178755935224562563e+04
5.218800401155276631e+04
5.260406662060577219e+04
5.303573728374503844e+04
5.348300573188935232e+04
5.394586132253698452e+04
5.442429303976496158e+04
5.491828949422888400e+04
5.542783892316365382e+04
5.595292919038365653e+04
5.649354778628003260e+04
5.704968182782467920e+04
5.762131805856806750e+04
5.820844284863924258e+04
5.881104219474582351e+04
5.942910172017436707e+04
6.006260667479218682e+04
6.071154193504262366e+04
6.137589200394904765e+04
6.205564101111449418e+04
6.275077271272057260e+04
6.346127049152637483e+04
6.418711735687102191e+04
6.492829594467330026e+04
6.568478851742984261e+04
4.680394346825632965e+04
4.681180106959018303e+04
4.683537368153192801e+04
4.687466072790175531e+04
4.692966124839986151e+04
4.700037389860663097e+04
4.708679694998263585e+04
4.718892828986809036e+04
4.730676542148394219e+04
4.744030546393114491e+04
4.758954515219011228e+04
4.775448083712199150e+04
4.793510848546829948e+04
4.813142367984964949e+04
4.834342161876720638e+04
4.857109711660305038e+04
4.881444460361853999e+04
4.907345812595467578e+04
4.934813134563373751e+04
4.963845754055710131e+04
4.994442960450742248e+04
5.026604004714572511e+04
5.060328099401485815e+04
5.095614418653658504e+04
5.132462098201340268e+04
5.170870235362799576e+04
5.210837889044232725e+04
5.252364079739963927e+04
5.295447789532208844e+04
5.340087962091292866e+04
5.386283502675487398e+04
5.434033278131137195e+04
5.483336116892533028e+04
5.534190808981984446e+04
5.586596106009819778e+04
5.640550721174367936e+04
5.696053329262031184e+04
5.753102566647139611e+04
5.811697031292169413e+04
5.871835282747379097e+04
5.933515842151246034e+04
5.996737192230139044e+04
6.061497777298427536e+04
6.127796003258663404e+04
6.195630237601253612e+04
6.264998809404496569e+04
6.335900009335055074e+04
6.408332089647301473e+04
6.482293264183717838e+04
6.557781708374714071e+04
4.672187570410060289e+04
4.672971665532058978e+04
4.675323931147213443e+04
4.679244308003126207e+04
4.684732697345643828e+04
4.691788960919166129e+04
4.700412920966336969e+04
4.710604360228226142e+04
4.722363021944274806e+04
4.735688609852259106e+04
4.750580788188344741e+04
4.767039181687141536e+04
4.785063375581503351e+04
4.804652915602819121e+04
4.825807307980667247e+04
4.848526019443197583e+04
4.872808477216731262e+04
4.898654069026142679e+04
4.926062143094550265e+04
4.955032008143516578e+04
4.985562933392975538e+04
5.017654148561196052e+04
5.051304843864854774e+04
5.086514170018999721e+04
5.123281238237050275e+04
5.161605120230760804e+04
5.201484848210329801e+04
5.242919414884254365e+04
5.285907773459475720e+04
5.330448837641233695e+04
5.376541481633248623e+04
5.424184540137539443e+04
5.473376808354514651e+04
5.524117041982899536e+04
5.576403957219845324e+04
5.630236230761038314e+04
5.685612499800117803e+04
5.742531362029621960e+04
5.800991375639969192e+04
5.860991059320331260e+04
5.922528892258123960e+04
5.985603314139043505e+04
6.050212725147212041e+04
6.116355485965214029e+04
6.184029917773877969e+04
6.253234302252531052e+04
6.323966881578853645e+04
6.396225858428697393e+04
6.470009395976667292e+04
6.545315617895357718e+04
4.662737442181351071e+04
4.663519656472944916e+04
4.665866279042293172e+04
4.669777248972823145e+04
4.675252464737113769e+04
4.682291784196586377e+04
4.690895024601813930e+04
4.701061962592266354e+04
4.712792334196474258e+04
4.726085834831901593e+04
4.740942119305109372e+04
4.757360801811591955e+04
4.775341455935831618e+04
4.794883614651389507e+04
4.815986770320741925e+04
4.838650374695407663e+04
4.862873838915893430e+04
4.888656533511766611e+04
4.915997788401491562e+04
4.944896892892556934e+04
4.975353095681603008e+04
5.007365604854021512e+04
5.040933587884392182e+04
5.076056171636264480e+04
5.112732442362084839e+04
5.150961445703451318e+04
5.190742186690822564e+04
5.232073629743790661e+04
5.274954698670844664e+04
5.319384276669534302e+04
5.365361206326360843e+04
5.412884289616886235e+04
5.461952287905587582e+04
5.512563921946093615e+04
5.564717871880857274e+04
5.618412777241428557e+04
5.673647236948418140e+04
5.730419809311206336e+04
5.788729012028452416e+04
5.848573322187658050e+04
5.909951176265385584e+04
5.972860970127185283e+04
6.037301059027486190e+04
6.103269757609996304e+04
6.170765339907193265e+04
6.239786039340542629e+04
6.310330048720716150e+04
6.382395520247191598e+04
6.455980565508543805e+04
6.531083255482299137e+04
4.652045667835263885e+04
4.652825786739249452e+04
4.655166122581158561e+04
4.659066612750975764e+04
4.664527152898517670e+04
4.671547596933705790e+04
4.680127757026293693e+04
4.690267403606067091e+04
4.701966265362752893e+04
4.715224029246001010e+04
4.730040340465493500e+04
4.746414802490799048e+04
4.764346977051463909e+04
4.783836384136957349e+04
4.804882501996798965e+04
4.827484767140358599e+04
4.851642574337074620e+04
4.877355276616235642e+04
4.904622185267107852e+04
4.933442569839007774e+04
4.963815658141102176e+04
4.995740636242553592e+04
5.029216648472429370e+04
5.064242797419919953e+04
5.100818143933975080e+04
5.138941707123576634e+04
5.178612464357720455e+04
5.219829351265252626e+04
5.262591261735069565e+04
5.306897047916027077e+04
5.352745520216813020e+04
5.400135447306238348e+04
5.449065556112873310e+04
5.499534531825520389e+04
5.551541017892668606e+04
5.605083616022930073e+04
5.660160886184785340e+04
5.716771346606765292e+04
5.774913473777196486e+04
5.834585702444601338e+04
5.895786425617225177e+04
5.958513994563400047e+04
6.022766718811362807e+04
6.088542866149291513e+04
6.155840662625487312e+04
6.224658292547937890e+04
6.294993898484863166e+04
6.366845581264205975e+04
6.440211399973995867e+04
6.515089371962167206e+04
4.640097239626684313e+04
4.640875045671964472e+04
4.643208442363575159e+04
4.647097365368845203e+04
4.652541707466771186e+04
4.659541318547762785e+04
4.668096005613915622e+04
4.678205532778847555e+04
4.689869621267735056e+04
4.703087949417385971e+04
4.717860152676039434e+04
4.734185823603656900e+04
4.752064511871667492e+04
4.771495724263131706e+04
4.792478924672632274e+04
4.815013534106346924e+04
4.839098930681975617e+04
4.864734449628867878e+04
4.891919383287822711e+04
4.920652981111343252e+04
4.950934449663436681e+04
4.982762952619614225e+04
5.016137610767109436e+04
5.051057502004532580e+04
5.087521661342234438e+04
5.125529080902015266e+04
5.165078709917343076e+04
5.206169454733098974e+04
5.248800178805922769e+04
5.292969702703903749e+04
5.338676804106708005e+04
5.385920217805614811e+04
5.434698635703443870e+04
5.485010706814537116e+04
5.536855037264904240e+04
5.590230190291986219e+04
5.645134686245000921e+04
5.701567002584488364e+04
5.759525573882783647e+04
5.819008791823616775e+04
5.880015005202330940e+04
5.942542519925918896e+04
6.006589599012804683e+04
6.072154462593098287e+04
6.139235287908413738e+04
6.207830209312014631e+04
6.277937318268595845e+04
6.349554663354501827e+04
6.422680250257690204e+04
6.497312041777622653e+04
4.626869268002228637e+04
4.627644538752756489e+04
4.629970328976523888e+04
4.633846572590009600e+04
4.639273159454005508e+04
4.646249935373707558e+04
4.654776702098515671e+04
4.664853217322270211e+04
4.676479194683051901e+04
4.689654303763309144e+04
4.704378170089821651e+04
4.720650375133682246e+04
4.738470456310315058e+04
4.757837906979420950e+04
4.778752176445086661e+04
4.801212669955712045e+04
4.825218748704028258e+04
4.850769729827061383e+04
4.877864886406205187e+04
4.906503447467130172e+04
4.936684597979856335e+04
4.968407478858734976e+04
5.001671186962448701e+04
5.036474775093956850e+04
5.072817252000641020e+04
5.110697582374104968e+04
5.150114686850338330e+04
5.191067442009625665e+04
5.233554680376619217e+04
5.277575190420247964e+04
5.323127716553772188e+04
5.370210959134838049e+04
5.418823574465332058e+04
5.468964174791508412e+04
5.520631328303970804e+04
5.573823559137599659e+04
5.628539347371552140e+04
5.684777129029571370e+04
5.742535296079331602e+04
5.801812196433202189e+04
5.862606133947556373e+04
5.924915368423353357e+04
5.988738115605774510e+04
6.054072547184223367e+04
6.120916790792725806e+04
6.189268930009202450e+04
6.259127004356305406e+04
6.330489009300763428e+04
6.403352896253745712e+04
6.477716572570716380e+04
4.612342304856683768e+04
4.613114813926968054e+04
4.615432318517123349e+04
4.619294750765311619e+04
4.624701997568281513e+04
4.631653900581677590e+04
4.640150256219749281e+04
4.650190815655550978e+04
4.661775284820851084e+04
4.674903324406095635e+04
4.689574549860535626e+04
4.705788531392190635e+04
4.723544793967648729e+04
4.742842817312448460e+04
4.763682035910642298e+04
4.786061839005178626e+04
4.809981570597701648e+04
4.835440529448496818e+04
4.862437969076727313e+04
4.890973097760161181e+04
4.921045078535353241e+04
4.952653029197626893e+04
4.985796022300964978e+04
5.020473085158173490e+04
5.056683199840663292e+04
5.094425303178686590e+04
5.133698286761227791e+04
5.174500996935912553e+04
5.216832234809189686e+04
5.260690756246185629e+04
5.306075271870813594e+04
5.352984447065646236e+04
5.401416901972079359e+04
5.451371211490150017e+04
5.502845905278627470e+04
5.555839467755176884e+04
5.610350338095995539e+04
5.666376910236067488e+04
5.723917532869163551e+04
5.782970509447804943e+04
5.843534098183117749e+04
5.905606512045123964e+04
5.969185918762450456e+04
6.034270440822474484e+04
6.100858155471396458e+04
6.168947094714058039e+04
6.238535245314014901e+04
6.309620548793682246e+04
6.382200901434080151e+04
6.456274154274979082e+04
4.596502915806722740e+04
4.597272434811493440e+04
4.599580968603531801e+04
4.603428447515616426e+04
4.608814755435942061e+04
4.615739729807864933e+04
4.624203161629993701e+04
4.634204795456225838e+04
4.645744329395674868e+04
4.658821415112724935e+04
4.673435657827030809e+04
4.689586616313408740e+04
4.707273802902000170e+04
4.726496683478253544e+04
4.747254677482706029e+04
4.769547157911310933e+04
4.793373451315183047e+04
4.818732837800635025e+04
4.845624551029377471e+04
4.874047778218227904e+04
4.904001660139365413e+04
4.935485291120166949e+04
4.968497719043225516e+04
5.003037945346441120e+04
5.039104925022966199e+04
5.076697566621169244e+04
5.115814732244689367e+04
5.156455237552381732e+04
5.198617851758390316e+04
5.242301297632111527e+04
5.287504251498194208e+04
5.334225343236485060e+04
5.382463156282083219e+04
5.432216227625503961e+04
5.483483047812187579e+04
5.536262060943263350e+04
5.590551664674676431e+04
5.646350210217860877e+04
5.703656002339448605e+04
5.762467299361342157e+04
5.822782313160714693e+04
5.884599209169937239e+04
5.947916106376542302e+04
6.012731077323514910e+04
6.079042148109001573e+04
6.146847298386310285e+04
6.216144461364165181e+04
6.286931523806451878e+04
6.359206326032217476e+04
6.432966661915925215e+04
4.579341544776507362e+04
4.580107844150315941e+04
4.582406718438924145e+04
4.586238096143933944e+04
4.591601858101184916e+04
4.598497837481008901e+04
4.606925819787993532e+04
4.616885542861200520e+04
4.628376696874020126e+04
4.641398924334134790e+04
4.655951820083682833e+04
4.672034931299185700e+04
4.689647757491384255e+04
4.708789750505548000e+04
4.729460314521238615e+04
4.751658806052382715e+04
4.775384533947290038e+04
4.800636759388617065e+04
4.827414695893385215e+04
4.855717509313035407e+04
4.885544317833282548e+04
4.916894191974279238e+04
4.949766154590506630e+04
4.984159180870847194e+04
5.020072198338511953e+04
5.057504086851095053e+04
5.096453678600573767e+04
5.136919758113217540e+04
5.178901062249769893e+04
5.222396280205266521e+04
5.267404053509108053e+04
5.313922976025096432e+04
5.361951593951398536e+04
5.411488405820491607e+04
5.462531862499272393e+04
5.515080367189038952e+04
5.569132275425290572e+04
5.624685895078109752e+04
5.681739486351762025e+04
5.740291261785096140e+04
5.800339386250998359e+04
5.861881976957083680e+04
5.924917103445004614e+04
5.989442787591033266e+04
6.055457003605697537e+04
6.122957678033890261e+04
6.191942689754869207e+04
6.262409869982257078e+04
6.334357002264041512e+04
6.407781822482647840e+04
4.560863332202297897e+04
4.561626183912740089e+04
4.563914714592301607e+04
4.567728850885596330e+04
4.573068470533635264e+04
4.579933402373826539e+04
4.588323426340011792e+04
4.598238273462502548e+04
4.609677625867843744e+04
4.622641116779159347e+04
4.637128330515915877e+04
4.653138802493958792e+04
4.670672019225585245e+04
4.689727418319489516e+04
4.710304388480799389e+04
4.732402269510967017e+04
4.756020352307914436e+04
4.781157878865997191e+04
4.807814042275949760e+04
4.835987986724849179e+04
4.865678807496315130e+04
4.896885550970237091e+04
4.929607214623047184e+04
4.963842747027429141e+04
4.999591047852627526e+04
5.036850967864229460e+04
5.075621308924182813e+04
5.115900823990923527e+04
5.157688217119248293e+04
5.200982143460369116e+04
5.245781209261913318e+04
5.292083971867941727e+04
5.339888939718894108e+04
5.389194572351570969e+04
5.439999280399206327e+04
5.492301425591576844e+04
5.546099320754692599e+04
5.601391229810978984e+04
5.658175367779476801e+04
5.716449900775296555e+04
5.776212946010236919e+04
5.837462571792457311e+04
5.900196797526405135e+04
5.964413593712997681e+04
6.030110881949658506e+04
6.097286534930026392e+04
6.165938376444319147e+04
6.236064181379042566e+04
6.307661675717208709e+04
6.380728536538190383e+04
4.541083185433381004e+04
4.541842364787607949e+04
4.544119877771245228e+04
4.547915649146689248e+04
4.553229553518031025e+04
4.560061415331092576e+04
4.568411008873226820e+04
4.578278058273517672e+04
4.589662237502634525e+04
4.602563170372923196e+04
4.616980430538333167e+04
4.632913541494544916e+04
4.650361976578824397e+04
4.669325158970077609e+04
4.689802461688868789e+04
4.711793207597420405e+04
4.735296669399504026e+04
4.760312069640749542e+04
4.786838580708226800e+04
4.814875324830718455e+04
4.844421374078683584e+04
4.875475750364184933e+04
4.908037425440998049e+04
4.942105320904393011e+04
4.977678308191480028e+04
5.014755208580845647e+04
5.053334793192861980e+04
5.093415782989413856e+04
5.134996848774153477e+04
5.178076611192263954e+04
5.222653640730677580e+04
5.268726457717930316e+04
5.316293532324143598e+04
5.365353284561224427e+04
5.415904084282483382e+04
5.467944251183216693e+04
5.521472054800033220e+04
5.576485714511472906e+04
5.632983399537406513e+04
5.690963228939690453e+04
5.750423271621548338e+04
5.811361546328043914e+04
5.873776021645680885e+04
5.937664616002948605e+04
6.003025197669521731e+04
6.069855584757060569e+04
6.138153545218847285e+04
6.207916796849603998e+04
6.279143007285856584e+04
6.351829794005825534e+04
4.520012535925197881e+04
4.520767820549317548e+04
4.523033648706878012e+04
4.526809943253610982e+04
4.532096575615687470e+04
4.538893365789754171e+04
4.547200082342897076e+04
4.557016442412787001e+04
4.568342111707443109e+04
4.581176704505378439e+04
4.595519783655636274e+04
4.611370860577662825e+04
4.628729395261398167e+04
4.647594796267312631e+04
4.667966420726261276e+04
4.689843574339593033e+04
4.713225511379168893e+04
4.738111434687289147e+04
4.764500495676675200e+04
4.792391794330651464e+04
4.821784379202890705e+04
4.852677247417595936e+04
4.885069344669391285e+04
4.918959565223467507e+04
4.954346751915345521e+04
4.991229696151203825e+04
5.029607137907496508e+04
5.069477765731280670e+04
5.110840216740052711e+04
5.153693076621711953e+04
5.198034879634778918e+04
5.243864108608049719e+04
5.291179194940959860e+04
5.339978518603347766e+04
5.390260408135509351e+04
5.442023140648307162e+04
5.495264941822861147e+04
5.549983985910985211e+04
5.606178395734787046e+04
5.663846242687141057e+04
5.722985546730924398e+04
5.783594276399999217e+04
5.845670348798230407e+04
5.909211629600322340e+04
5.974215933051236789e+04
6.040681021966483968e+04
6.108604607732013392e+04
6.177984350304286636e+04
6.248817858210204577e+04
6.321102688547180151e+04
4.497651492456807318e+04
4.498402659426155878e+04
4.500656133975990087e+04
4.504411837031493633e+04
4.509669636801481829e+04
4.516429348778110580e+04
4.524690735737149225e+04
4.534453507737835025e+04
4.545717322122891346e+04
4.558481783518491284e+04
4.572746443834384991e+04
4.588510802263808728e+04
4.605774305283393915e+04
4.624536346653421788e+04
4.644796267417514173e+04
4.666553355902906333e+04
4.689806847720283258e+04
4.714555925763816049e+04
4.740799720211180102e+04
4.768537308523573301e+04
4.797767715445625072e+04
4.828489913005560084e+04
4.860702820515016356e+04
4.894405304569118016e+04
4.929596179046548059e+04
4.966274205109457398e+04
5.004438091203464865e+04
5.044086493057748157e+04
5.085218013684916514e+04
5.127831203381101659e+04
5.171924559725939616e+04
5.217496527582570707e+04
5.264545499097584980e+04
5.313069813701076782e+04
5.363067758106735710e+04
5.414537566311555565e+04
5.467477419596252730e+04
5.521885446524865984e+04
5.577759722945011163e+04
5.635098271987735643e+04
5.693899064067627478e+04
5.754160016882815398e+04
5.815878995414823294e+04
5.879053811928752111e+04
5.943682225973134337e+04
6.009761944380115892e+04
6.077290621265165100e+04
6.146265858027400100e+04
6.216685203349334188e+04
6.288546153196984960e+04
4.474000971264813415e+04
4.474747797152722342e+04
4.476988247807130392e+04
4.480722242200117762e+04
4.485949645285327279e+04
4.492670267997582414e+04
4.500883867253305652e+04
4.510590145950263832e+04
4.521788752967622713e+04
4.534479283165965171e+04
4.548661277387309383e+04
4.564334222455090639e+04
4.581497551174143155e+04
4.600150642330645496e+04
4.620292820692302485e+04
4.641923357008199673e+04
4.665041468008821539e+04
4.689646316405996913e+04
4.715737010893062688e+04
4.743312606144772872e+04
4.772372102817244013e+04
4.802914447547991585e+04
4.834938532955984556e+04
4.868443197641572624e+04
4.903427226186595362e+04
4.939889349154182128e+04
4.977828243088970339e+04
5.017242530516978150e+04
5.058130779945622635e+04
5.100491505863756174e+04
5.144323168741630070e+04
5.189624175030912738e+04
5.236392877164671518e+04
5.284627573557463620e+04
5.334326508605099662e+04
5.385487872684934700e+04
5.438109802155740908e+04
5.492190379357562051e+04
5.547727632612113666e+04
5.604719536222182796e+04
5.663164010472282826e+04
5.723058921628144162e+04
5.784402081936968898e+04
5.847191249627430807e+04
5.911424128909457067e+04
5.977098369974592060e+04
6.044211568995633570e+04
6.112761268126887444e+04
6.182744955504022073e+04
6.254160065244141151e+04
4.449061175647329947e+04
4.449803436998499819e+04
4.452030193384416634e+04
4.455741361802483880e+04
4.460936803915101336e+04
4.467616326049501367e+04
4.475779679197985388e+04
4.485426559017669206e+04
4.496556605830646731e+04
4.509169404624008166e+04
4.523264485049730865e+04
4.538841321424679336e+04
4.555899332730823517e+04
4.574437882614911359e+04
4.594456279388705298e+04
4.615953776028873108e+04
4.638929570177060668e+04
4.663382804139837390e+04
4.689312564888678025e+04
4.716717884060053620e+04
4.745597737955340563e+04
4.775951047540875152e+04
4.807776678447917220e+04
4.841073440972613753e+04
4.875840090076180786e+04
4.912075325384721509e+04
4.949777791189171694e+04
4.988946076445554354e+04
5.029578714774761465e+04
5.071674184462626727e+04
5.115230908459925558e+04
5.160247254382411484e+04
5.206721534510688798e+04
5.254652005790430849e+04
5.304036869832088996e+04
5.354874272911256412e+04
5.407162305968267901e+04
5.460899004608509131e+04
5.516082349102216540e+04
5.572710264384804759e+04
5.630780620056248154e+04
5.690291230381808418e+04
5.751239854291452502e+04
5.813624195380216406e+04
5.877441901908023283e+04
5.942690566799828957e+04
6.009367727645330888e+04
6.077470866699368344e+04
6.146997410881667747e+04
6.217944731776733533e+04
4.422833334650767938e+04
4.423570808495132951e+04
4.425783201695703610e+04
4.429470429254761257e+04
4.434632349509338383e+04
4.441268764131473290e+04
4.449379418127919052e+04
4.458963999840361794e+04
4.470022140945220599e+04
4.482553416453902173e+04
4.496557344712546183e+04
4.512033387402188964e+04
4.528980949538708956e+04
4.547399379472753935e+04
4.567287968889959302e+04
4.588645952810693416e+04
4.611472509590239497e+04
4.635766760918613727e+04
4.661527771820801718e+04
4.688754550656576612e+04
4.717446049120535463e+04
4.747601162242190185e+04
4.779218728385822033e+04
4.812297529250645312e+04
4.846836289870552719e+04
4.882833678614479140e+04
4.920288307186092425e+04
4.959198730623902520e+04
4.999563447301334236e+04
5.041380898926581722e+04
5.084649470542753988e+04
5.129367490527674818e+04
5.175533230594191991e+04
5.223144905789886252e+04
5.272200674497180444e+04
5.322698638433430460e+04
5.374636842650616018e+04
5.428013275535922730e+04
5.482825868811050896e+04
5.539072497532688431e+04
5.596750980092401733e+04
5.655859078216453781e+04
5.716394496966131555e+04
5.778354884737418615e+04
5.841737833261249762e+04
5.906540877603365516e+04
5.972761496164348500e+04
6.040397110679623438e+04
6.109445086219457153e+04
6.179902731188958569e+04
4.395327836951673817e+04
4.396060302468558803e+04
4.398257670015100302e+04
4.401919852579012513e+04
4.407046705139910046e+04
4.413638024669107836e+04
4.421693550129821233e+04
4.431212962477111432e+04
4.442195884657776332e+04
4.454641881610496057e+04
4.468550460265760194e+04
4.483921069545904174e+04
4.500753100365018327e+04
4.519045885629075201e+04
4.538798700235929573e+04
4.560010761075045593e+04
4.582681227027915156e+04
4.606809198967803241e+04
4.632393719759729720e+04
4.659433774260614882e+04
4.687928289319170290e+04
4.717876133775880589e+04
4.749276118463203602e+04
4.782126996205206524e+04
4.816427461817929725e+04
4.852176152109223040e+04
4.889371645878727577e+04
4.928012463917875721e+04
4.968097069009982079e+04
5.009623865930134343e+04
5.052591201445266051e+04
5.096997364314211154e+04
5.142840585287431168e+04
5.190119037107415352e+04
5.238830834508280532e+04
5.288974034216207656e+04
5.340546634949023428e+04
5.393546577416345826e+04
5.447971744319729623e+04
5.503819960352520866e+04
5.561088992199838685e+04
5.619776548538720817e+04
5.679880280037941702e+04
5.741397779358121625e+04
5.804326581151690334e+04
5.868664162062923424e+04
5.934407940727833193e+04
6.001555277774532442e+04
6.070103475822543260e+04
6.140049779483524617e+04
4.366571299021052255e+04
4.367298540485608100e+04
4.369480235197461298e+04
4.373116294111041498e+04
4.378206568817277002e+04
4.384750851543285535e+04
4.392748875152574328e+04
4.402200313145003747e+04
4.413104779656732717e+04
4.425461829460273293e+04
4.439270957964454283e+04
4.454531601214457623e+04
4.471243135891800193e+04
4.489404879314315622e+04
4.509016089436172479e+04
4.530075964847928844e+04
4.552583644776386791e+04
4.576538209084737900e+04
4.601938678272508696e+04
4.628784013475542451e+04
4.657073116466035572e+04
4.686804829652464832e+04
4.717977936079732899e+04
4.750591159429004620e+04
4.784643164017797972e+04
4.820132554799984064e+04
4.857057877365732566e+04
4.895417617941584467e+04
4.935210203390379320e+04
4.976434001211346185e+04
5.019087319539958116e+04
5.063168407148132246e+04
5.108675453443993320e+04
5.155606588472164731e+04
5.203959882913459296e+04
5.253733348085042962e+04
5.304924935940507567e+04
5.357532539069688937e+04
5.411553990698776033e+04
5.466987064690329134e+04
5.523829475543243461e+04
5.582078878392676415e+04
5.641732869010156719e+04
5.702788983803584415e+04
5.765244699817194487e+04
5.829097434731484100e+04
5.894344546863358119e+04
5.960983335165983590e+04
6.029011039228935260e+04
6.098424839278122818e+04
4.336595235471213527e+04
4.337317043120456219e+04
4.339482435702575458e+04
4.343091322120890254e+04
4.348143550547574705e+04
4.354638908423676185e+04
4.362577122459042585e+04
4.371957858632522402e+04
4.382780722191728273e+04
4.395045257653146109e+04
4.408750948802153289e+04
4.423897218693055038e+04
4.440483429648866149e+04
4.458508883261674782e+04
4.477972820392242284e+04
4.498874421170312417e+04
4.521212804994465841e+04
4.544987030532174686e+04
4.570196095719729783e+04
4.596838937762331625e+04
4.624914433134035789e+04
4.654421397577752941e+04
4.685358586105303402e+04
4.717724692997308011e+04
4.751518351803315454e+04
4.786738135341693123e+04
4.823382555699718068e+04
4.861450064233540616e+04
4.900939051568147988e+04
4.941847847597364307e+04
4.984174721483959729e+04
5.027917881659559498e+04
5.073075475824571186e+04
5.119645590948366589e+04
5.167626253269136214e+04
5.217015428293962032e+04
5.267811020798762911e+04
5.320010874828403757e+04
5.373612773696477234e+04
5.428614439985649369e+04
5.485013535547186621e+04
5.542807661501428811e+04
5.601994358237498091e+04
5.662571105413480836e+04
5.724535321956209373e+04
5.787884366061407491e+04
5.852615535193690448e+04
5.918726066086674109e+04
5.986213134742538386e+04
6.055073856432572939e+04
4.305419715649404679e+04
4.306135883423921769e+04
4.308284355692503595e+04
4.311865039290241839e+04
4.316877778942434816e+04
4.323322357264369202e+04
4.331198494761465554e+04
4.340505849829223735e+04
4.351244018753277487e+04
4.363412535709248914e+04
4.377010872763003135e+04
4.392038439870357251e+04
4.408494584877298621e+04
4.426378593519893911e+04
4.445689689424252720e+04
4.466427034106673091e+04
4.488589726973477809e+04
4.512176805321068969e+04
4.537187244336000731e+04
4.563619957094870188e+04
4.591473794564353739e+04
4.620747545601279853e+04
4.651439936952538119e+04
4.683549633255097433e+04
4.717075237036042381e+04
4.752015288712518668e+04
4.788368266591805877e+04
4.826132586871208332e+04
4.865306603638236993e+04
4.905888608870354801e+04
4.947876832435249526e+04
4.991269442090597295e+04
5.036064543484208116e+04
5.082260180154007685e+04
5.129854333527982817e+04
5.178844922924217826e+04
5.229229805550858146e+04
5.281006776506255846e+04
5.334173568778714980e+04
5.388727853246637096e+04
5.444667238678594003e+04
5.501989271733364149e+04
5.560691436959496059e+04
5.620771156795890420e+04
5.682225791571545415e+04
5.745052639505302068e+04
5.809248936706353561e+04
5.874811857173881435e+04
5.941738512797201111e+04
6.010025953355616366e+04
4.273059944874967186e+04
4.273770269416654628e+04
4.275901211292148218e+04
4.279452675252632616e+04
4.284424502550155012e+04
4.290816470937588747e+04
4.298628294668560557e+04
4.307859624497559707e+04
4.318510047679865238e+04
4.330579087971600529e+04
4.344066205629624164e+04
4.358970797411730018e+04
4.375292196576410788e+04
4.393029672883058083e+04
4.412182432591816905e+04
4.432749618463676597e+04
4.454730309760434466e+04
4.478123522244659398e+04
4.502928208179819194e+04
4.529143256330135046e+04
4.556767491960636107e+04
4.585799676837214065e+04
4.616238509226532187e+04
4.648082623896061705e+04
4.681330592114154570e+04
4.715980921649861557e+04
4.752032056773150543e+04
4.789482378254742798e+04
4.828330203366203932e+04
4.868573785879889328e+04
4.910211316069016902e+04
4.953240920707539772e+04
4.997660663070291776e+04
5.043468542932878336e+04
5.090662496571749216e+04
5.139240396764143952e+04
5.189200052788182802e+04
5.240539210422612086e+04
5.293255551947258937e+04
5.347346696142521978e+04
5.402810198289735126e+04
5.459643550171094830e+04
5.517844180069550930e+04
5.577409452768697520e+04
5.638336669553282263e+04
5.700623068208624318e+04
5.764265823020868993e+04
5.829262044777133269e+04
5.895608780765142001e+04
5.963303014773591713e+04
4.239529415830074868e+04
4.240233696069644793e+04
4.242346504339348030e+04
4.245867743292128580e+04
4.250797250682935555e+04
4.257134799368668610e+04
4.264880097308232507e+04
4.274032787562500744e+04
4.284592448294297355e+04
4.296558592768451490e+04
4.309930669351742836e+04
4.324708061512919812e+04
4.340890087822735950e+04
4.358476001953913510e+04
4.377464992681143485e+04
4.397856183881121979e+04
4.419648634532422875e+04
4.442841338715697930e+04
4.467433225613585819e+04
4.493423159510566620e+04
4.520809939793234662e+04
4.549592300950098434e+04
4.579768912571671535e+04
4.611338379350399919e+04
4.644299241080752836e+04
4.678649972659131890e+04
4.714388984083907417e+04
4.751514620455473050e+04
4.790025161976191157e+04
4.829918823950374644e+04
4.871193756784323341e+04
4.913848045986287616e+04
4.957879712166504760e+04
5.003286711037253554e+04
5.050066933412672370e+04
5.098218205208977452e+04
5.147738287444281013e+04
5.198624876238754950e+04
5.250875602814376180e+04
5.304488033495435957e+04
5.359459669707794092e+04
5.415787947979588353e+04
5.473470239940725151e+04
5.532503852323170577e+04
5.592886026961023163e+04
5.654613940790113702e+04
5.717684705848296289e+04
5.782095369275521080e+04
5.847842913313616009e+04
5.914924255306395935e+04
4.204833715167987975e+04
4.205531750709305925e+04
4.207625824180631753e+04
4.211115836124063208e+04
4.216001620776441996e+04
4.222282946069371974e+04
4.229959513629128196e+04
4.239030958776802436e+04
4.249496850528157665e+04
4.261356691593719006e+04
4.274609918378773727e+04
4.289255900983316678e+04
4.305293943202013907e+04
4.322723282524457318e+04
4.341543090134764498e+04
4.361752470911942510e+04
4.383350463429615047e+04
4.406336039956222521e+04
4.430708106454949302e+04
4.456465502583705529e+04
4.483607001695036161e+04
4.512131310836393823e+04
4.542037070749811392e+04
4.573322855872193031e+04
4.605987174335095915e+04
4.640028467964821175e+04
4.675445112282413902e+04
4.712235416503699525e+04
4.750397623539156484e+04
4.789929909994079935e+04
4.830830386168472614e+04
4.873097096057026647e+04
4.916728017349250877e+04
4.961721061429343536e+04
5.008074073376246815e+04
5.055784831963610486e+04
5.104851049659919227e+04
5.155270372628365294e+04
5.207040380726684816e+04
5.260158587507576158e+04
5.314622440218518022e+04
5.370429319801442034e+04
5.427576540893351194e+04
5.486061351825665042e+04
5.545880934624765359e+04
5.607032405011777882e+04
5.669512812402354029e+04
5.733319139907107456e+04
5.798448304331250256e+04
5.864897156174774864e+04
4.168981641408172436e+04
4.169673233058401820e+04
4.171747974149202491e+04
4.175205763101075718e+04
4.180046430614838755e+04
4.186269739671606658e+04
4.193875385532883229e+04
4.202862995740451879e+04
4.213232130116375629e+04
4.224982280763160816e+04
4.238112872063520626e+04
4.252623260680593376e+04
4.268512735557760607e+04
4.285780517918738042e+04
4.304425761267684720e+04
4.324447551388911961e+04
4.345844906347156211e+04
4.368616776487433526e+04
4.392762044435148709e+04
4.418279525096004363e+04
4.445167965655964508e+04
4.473426045581436483e+04
4.503052376619016286e+04
4.534045502795797802e+04
4.566403900418972626e+04
4.600125978076284810e+04
4.635210076635667065e+04
4.671654469245422661e+04
4.709457361334152665e+04
4.748616890610828705e+04
4.789131127064683824e+04
4.830998072965358006e+04
4.874215662862752652e+04
4.918781763587103342e+04
4.964694174249016214e+04
5.011950626239340636e+04
5.060548783229332912e+04
5.110486241170510766e+04
5.161760528294835240e+04
5.214369105114346894e+04
5.268309364421693317e+04
5.323578631289674377e+04
5.380174163071496878e+04
5.438093149400629045e+04
5.497332712190909660e+04
5.557889905636475305e+04
5.619761716211833118e+04
5.682945062671715277e+04
5.747436796051333658e+04
5.813233699666088796e+04
4.132002388076507486e+04
4.132687341728887986e+04
4.134742168115790264e+04
4.138166763526642171e+04
4.142960955110356736e+04
4.149124500875532249e+04
4.156657089690306748e+04
4.165558341282376205e+04
4.175827806239085476e+04
4.187464966007355542e+04
4.200469232893628941e+04
4.214839950064051664e+04
4.230576391544218495e+04
4.247677762219427677e+04
4.266143197834535385e+04
4.285971764993919351e+04
4.307162461161624378e+04
4.329714214661253209e+04
4.353625884675966518e+04
4.378896261248592054e+04
4.405524065281479125e+04
4.433507948536571348e+04
4.462846493635370280e+04
4.493538214059062739e+04
4.525581554148320720e+04
4.558974889103501482e+04
4.593716524984429270e+04
4.629804698710595403e+04
4.667237578061121894e+04
4.706013261674543173e+04
4.746129779049224453e+04
4.787585090542906983e+04
4.830377087372999085e+04
4.874503591616557969e+04
4.919962356210107828e+04
4.966751064949894499e+04
5.014867332491630805e+04
5.064308704350623884e+04
5.115072656901884329e+04
5.167156597379944287e+04
5.220557863878821081e+04
5.275273725352308247e+04
5.331301381613702688e+04
5.388637963335750101e+04
5.447280532050972397e+04
5.507226080151485803e+04
5.568471530888818961e+04
5.631013738374276727e+04
5.694849487578612752e+04
5.759975494332320523e+04
4.093939918140495138e+04
4.094618047549174662e+04
4.096652400491766457e+04
4.100042871118039329e+04
4.104789283010868530e+04
4.110891389186326705e+04
4.118348872093592945e+04
4.127161343615116493e+04
4.137328345066380280e+04
4.148849347196046438e+04
4.161723750186065445e+04
4.175950883651330514e+04
4.191530006640132342e+04
4.208460307633722550e+04
4.226740904546622914e+04
4.246370844726479845e+04
4.267349104954100767e+04
4.289674591443435929e+04
4.313346139841614786e+04
4.338362515228982375e+04
4.364722412118899229e+04
4.392424454458032415e+04
4.421467195626119064e+04
4.451849118436075514e+04
4.483568635133997304e+04
4.516624087399122800e+04
4.551013746343887760e+04
4.586735812513816199e+04
4.623788415887629526e+04
4.662169615877191973e+04
4.701877401327565167e+04
4.742909690516953560e+04
4.785264331156704429e+04
4.828939100391307875e+04
4.873931704798487772e+04
4.920239780389056250e+04
4.967860892606986454e+04
5.016792536329448922e+04
5.067032135866738827e+04
5.118577044962366926e+04
5.171424546792914043e+04
5.225571853968285723e+04
5.281016108531257487e+04
5.337754381958002341e+04
5.395783675157872494e+04
5.455100918473217462e+04
5.515702971679602342e+04
5.577586623985807819e+04
5.640748594033793779e+04
5.705185529898517416e+04
4.054845969352172688e+04
4.055517097784795624e+04
4.057530447083481704e+04
4.060885909250464465e+04
4.065583304289575608e+04
4.071622380206190428e+04
4.079002813007064105e+04
4.087724206700622744e+04
4.097786093296817853e+04
4.109187932806962635e+04
4.121929113244059408e+04
4.136008950622526754e+04
4.151426688958399609e+04
4.168181500269183744e+04
4.186272484573910333e+04
4.205698669893117767e+04
4.226459012248869840e+04
4.248552395664792130e+04
4.271977632166017429e+04
4.296733461779149366e+04
4.322818552532389731e+04
4.350231500455392961e+04
4.378970829579411657e+04
4.409034991937169252e+04
4.440422367562914587e+04
4.473131264492421906e+04
4.507159918763027235e+04
4.542506494413482869e+04
4.579169083484212024e+04
4.617145706017072371e+04
4.656434310055410606e+04
4.697032771644171589e+04
4.738938894829843775e+04
4.782150411660259124e+04
4.826664982185029658e+04
4.872480194455110905e+04
4.919593564523001987e+04
4.968002536442782002e+04
5.017704482270055450e+04
5.068696702061843098e+04
5.120976423876782064e+04
5.174540803775089444e+04
5.229386925818362215e+04
5.285511802069813712e+04
5.342912372594109911e+04
5.401585505457514955e+04
5.461527996727709251e+04
5.522736570474153268e+04
5.585207878767432703e+04
5.648938501680058835e+04
4.014782186634474783e+04
4.015446149261351820e+04
4.017438000424299389e+04
4.020757629970539710e+04
4.025404854311927920e+04
4.031379416425061208e+04
4.038680985851424339e+04
4.047309158697189559e+04
4.057263457633216603e+04
4.068543331895216397e+04
4.081148157283678302e+04
4.095077236163742782e+04
4.110329797465383308e+04
4.126904996683333593e+04
4.144801915877051215e+04
4.164019563670772186e+04
4.184556875253474573e+04
4.206412712378914875e+04
4.229585863365609839e+04
4.254075043096763693e+04
4.279878893020504620e+04
4.306995981149520958e+04
4.335424802061352239e+04
4.365163776898334618e+04
4.396211253367509926e+04
4.428565505740643857e+04
4.462224734854371491e+04
4.497187068109960819e+04
4.533450559473549220e+04
4.571013189475943364e+04
4.609872865212710167e+04
4.650027420344267739e+04
4.691474615095667104e+04
4.734212136256846861e+04
4.778237597182433092e+04
4.823548537791757553e+04
4.870142424569003197e+04
4.918016650563076837e+04
4.967168535387627344e+04
5.017595325221063831e+04
5.069294192806628416e+04
5.122262237452086993e+04
5.176496485030365875e+04
5.231993887978787825e+04
5.288751325299526798e+04
5.346765602559607942e+04
5.406033451890725701e+04
5.466551531989425712e+04
5.528316428116886527e+04
5.591324652099101513e+04
3.973815817766262626e+04
3.974472462597805134e+04
3.976442359653956373e+04
3.979725396619051025e+04
3.984321386300471204e+04
3.990230066628482746e+04
3.997451100656235212e+04
4.005984076559852838e+04
4.015828507638398150e+04
4.026983832313908351e+04
4.039449414131213416e+04
4.053224541758227133e+04
4.068308428985692444e+04
4.084700214727308776e+04
4.102398963019768416e+04
4.121403663022647379e+04
4.141713229018405400e+04
4.163326500412495079e+04
4.186242241733289120e+04
4.210459142632080329e+04
4.235975817883081618e+04
4.262790807383516949e+04
4.290902576153439441e+04
4.320309514335840504e+04
4.351009937196740793e+04
4.383002085125008307e+04
4.416284123632431147e+04
4.450854143353772088e+04
4.486710160046732199e+04
4.523850114591932652e+04
4.562271872992896533e+04
4.601973226376085222e+04
4.642951890990934771e+04
4.685205508209783147e+04
4.728731644527906610e+04
4.773527791563483333e+04
4.819591366057629784e+04
4.866919709874455293e+04
4.915510090000952914e+04
4.965359698547017615e+04
5.016465652745500847e+04
5.068824994952301495e+04
5.122434692645983887e+04
5.177291638428323495e+04
5.233392650023815804e+04
5.290734470280003734e+04
5.349313767167368496e+04
5.409127133779293217e+04
5.470171088332026557e+04
5.532442074164864607e+04
3.931997337730081199e+04
3.932646520558955672e+04
3.934594030883908999e+04
3.937839754219839961e+04
3.942383499758379912e+04
3.948225000367765460e+04
3.955363912592802080e+04
3.963799816655009636e+04
3.973532216452531429e+04
3.984560539560116013e+04
3.996884137229117187e+04
4.010502284387621330e+04
4.025414179640301882e+04
4.041618945268401148e+04
4.059115627229912207e+04
4.077903195159360621e+04
4.097980542367968155e+04
4.119346485843561823e+04
4.141999766250646644e+04
4.165939047930332890e+04
4.191162918900336081e+04
4.217669890855031554e+04
4.245458399165454466e+04
4.274526802879245224e+04
4.304873384720704053e+04
4.336496351090718235e+04
4.369393832066889445e+04
4.403563881403333653e+04
4.439004476530953980e+04
4.475713518557131465e+04
4.513688832265997917e+04
4.552928166118254012e+04
4.593429192251333006e+04
4.635189506479200645e+04
4.678206628292409732e+04
4.722478000858300220e+04
4.768000991020780930e+04
4.814772889300384122e+04
4.862790909894265496e+04
4.912052190676186001e+04
4.962553793196657352e+04
5.014292702682723757e+04
5.067265828038143809e+04
5.121470001843154023e+04
5.176901980354850821e+04
5.233558443506735784e+04
5.291435994909152214e+04
5.350531161848994088e+04
5.410840395289706066e+04
5.472360069871429005e+04
3.889368836745397857e+04
3.890010418264992040e+04
3.891935123937200842e+04
3.895142837102248450e+04
3.899633363327156985e+04
3.905406430405764695e+04
3.912461688358744141e+04
3.920798709433529439e+04
3.930416988104407210e+04
3.941315941072516580e+04
3.953494907265667280e+04
3.966953147838667064e+04
3.981689846173030674e+04
3.997704107877034403e+04
4.014994960785861622e+04
4.033561354961511825e+04
4.053402162692709680e+04
4.074516178495032364e+04
4.096902119110945932e+04
4.120558623509623430e+04
4.145484252887072216e+04
4.171677490666170343e+04
4.199136742496539227e+04
4.227860336254652793e+04
4.257846522043728328e+04
4.289093472193926573e+04
4.321599281262115255e+04
4.355361966031978227e+04
4.390379465514106414e+04
4.426649640945743158e+04
4.464170275791075255e+04
4.502939075741051056e+04
4.542953668713471416e+04
4.584211604852844175e+04
4.626710356530675199e+04
4.670447318345068197e+04
4.715419807121070335e+04
4.761625061910563090e+04
4.809060243992098549e+04
4.857722436871208629e+04
4.907608646280114044e+04
4.958715800177924393e+04
5.011040748750419880e+04
5.064580264410542441e+04
5.119331041797522630e+04
5.175289697777916444e+04
5.232452771444695827e+04
5.290816724117903505e+04
5.350377939344325569e+04
5.411132722897455096e+04
3.845979011757917760e+04
3.846612859329161438e+04
3.848514362430032634e+04
3.851683402221824508e+04
3.856119780640201498e+04
3.861823220394890086e+04
3.868793364969988033e+04
3.877029778623746097e+04
3.886531946388640790e+04
3.897299274071428954e+04
3.909331088253074995e+04
3.922626636288787267e+04
3.937185086307999882e+04
3.953005527214318136e+04
3.970086968685664033e+04
3.988428341174167144e+04
4.008028495906146418e+04
4.028886204882237507e+04
4.051000160877229064e+04
4.074368977440117305e+04
4.098991188894251536e+04
4.124865250337097677e+04
4.151989537640401977e+04
4.180362347450136440e+04
4.209981897186517017e+04
4.240846325043912657e+04
4.272953689991081774e+04
4.306301971770826640e+04
4.340889070900357183e+04
4.376712808670945378e+04
4.413770927148216288e+04
4.452061089172038919e+04
4.491580878356362518e+04
4.532327799089562177e+04
4.574299276534056844e+04
4.617492656626654934e+04
4.661905206078317860e+04
4.707534112374250981e+04
4.754376483773885411e+04
4.802429349310878024e+04
4.851689658793147828e+04
4.902154282802785019e+04
4.953820012696196500e+04
5.006683560603960359e+04
5.060741559430898633e+04
5.115990562856059114e+04
5.172427045332733542e+04
5.230047402088421222e+04
5.288847949124865409e+04
5.348824923218089680e+04
3.801885785275480885e+04
3.802511776344399550e+04
3.804389709210699948e+04
3.807519462853142613e+04
3.811900835569558694e+04
3.817533544976959092e+04
3.824417228011479892e+04
3.832551440928436932e+04
3.841935659302271233e+04
3.852569278026603570e+04
3.864451611314070760e+04
3.877581892696634895e+04
3.891959275025255920e+04
3.907582830470164481e+04
3.924451550520607270e+04
3.942564345985083492e+04
3.961920046991144773e+04
3.982517402985631634e+04
4.004355082734309690e+04
4.027431674322306208e+04
4.051745685153728118e+04
4.077295541951934865e+04
4.104079590759392886e+04
4.132096096937711991e+04
4.161343245167663554e+04
4.191819139449144132e+04
4.223521803101211844e+04
4.256449178761995427e+04
4.290599128388930694e+04
4.325969433258396748e+04
4.362557793966097961e+04
4.400361830426772940e+04
4.439379081874340045e+04
4.479607006861861009e+04
4.521042983261559129e+04
4.563684308264746505e+04
4.607528198381933180e+04
4.652571789442790759e+04
4.698812136596025084e+04
4.746246214309667266e+04
4.794870916370746272e+04
4.844683055885452632e+04
4.895679365279156627e+04
4.947856496296408295e+04
5.001211020000810095e+04
5.055739426775289758e+04
5.111438126321554591e+04
5.168303447660873644e+04
5.226331639133422868e+04
5.285518868398576160e+04
3.757153545072851557e+04
3.757771568696753093e+04
3.759625598499405896e+04
3.762715511273308948e+04
3.767041101672639343e+04
3.772602082213325048e+04
3.779398083272935764e+04
3.787428653090719308e+04
3.796693257767674368e+04
3.807191281266404985e+04
3.818922025411211507e+04
3.831884709888126963e+04
3.846078472244826116e+04
3.861502367890698224e+04
3.878155370096756087e+04
3.896036369995781570e+04
3.915144176582198270e+04
3.935477516712071520e+04
3.957035035103290284e+04
3.979815294335221552e+04
4.003816774849110516e+04
4.029037874947789533e+04
4.055476910795750882e+04
4.083132116419255908e+04
4.112001643706207688e+04
4.142083562406132842e+04
4.173375860130399815e+04
4.205876442351909645e+04
4.239583132405277865e+04
4.274493671486889070e+04
4.310605718654696830e+04
4.347916850828441966e+04
4.386424562789470656e+04
4.426126267180861760e+04
4.467019294507372251e+04
4.509100893135400838e+04
4.552368229293097102e+04
4.596818387070215977e+04
4.642448368418317841e+04
4.689255093150495668e+04
4.737235398941684252e+04
4.786386041328369174e+04
4.836703693708768697e+04
4.888184947342815576e+04
4.940826311352102493e+04
4.994624212719900243e+04
5.049574996291194111e+04
5.105674924772574741e+04
5.162920178732420027e+04
5.221306856600713218e+04
3.711848510862728290e+04
3.712458469467073883e+04
3.714288303480989271e+04
3.717337887506655534e+04
3.721607012547883642e+04
3.727095386009950744e+04
3.733802631699672929e+04
3.741728289825387037e+04
3.750871816996877897e+04
3.761232586225523846e+04
3.772809886924133025e+04
3.785602924907088891e+04
3.799610822390259273e+04
3.814832617991069128e+04
3.831267266728355025e+04
3.848913640022565232e+04
3.867770525695614197e+04
3.887836627970937116e+04
3.909110567473471747e+04
3.931590881229676597e+04
3.955276022667512734e+04
3.980164361616480164e+04
4.006254184307563264e+04
4.033543693373267160e+04
4.062031007847599540e+04
4.091714163166107028e+04
4.122591111165784241e+04
4.154659720085237495e+04
4.187917774564502906e+04
4.222362975645173719e+04
4.257992940770309360e+04
4.294805203784508194e+04
4.332797214933925716e+04
4.371966340866147220e+04
4.412309864630315133e+04
4.453824985677056247e+04
4.496508819858590869e+04
4.540358399428496341e+04
4.585370673042034468e+04
4.631542505755860475e+04
4.678870679028186714e+04
4.727351890718746290e+04
4.776982755088756676e+04
4.827759802800937905e+04
4.879679480919512571e+04
4.932738152910387726e+04
4.986932098640681943e+04
5.042257514379271015e+04
5.098710512796424155e+04
5.156287122963949514e+04
3.666040609814226627e+04
3.666642420859643607e+04
3.668447811464848201e+04
3.671456654036828695e+04
3.675668735920389736e+04
3.681083759398388793e+04
3.687701341691627022e+04
3.695521014958831074e+04
3.704542226296725858e+04
3.714764337739870825e+04
3.726186626260932826e+04
3.738808283770431444e+04
3.752628417116848141e+04
3.767646048086680821e+04
3.783860113404243748e+04
3.801269464731976768e+04
3.819872868670136086e+04
3.839669006757012539e+04
3.860656475468804274e+04
3.882833786219653120e+04
3.906199365361699165e+04
3.930751554184989800e+04
3.956488608917588863e+04
3.983408700725376548e+04
4.011509915712395014e+04
4.040790254920448206e+04
4.071247634329338325e+04
4.102879884856884019e+04
4.135684752358793048e+04
4.169659897628807812e+04
4.204802896398505254e+04
4.241111239337460574e+04
4.278582332053301798e+04
4.317213495091400546e+04
4.357001963935308595e+04
4.397944889006357698e+04
4.440039335663914244e+04
4.483282284205288306e+04
4.527670629865715455e+04
4.573201182818429515e+04
4.619870668174535240e+04
4.667675725983208395e+04
4.716612911231477483e+04
4.766678693844332884e+04
4.817869458684799611e+04
4.870181505553700845e+04
4.923611049189967162e+04
4.978154219270436442e+04
5.033807060409853875e+04
5.090565532160981093e+04
3.619791639250961452e+04
3.620385232189637463e+04
3.622165967741002532e+04
3.625133716111267859e+04
3.629288260977482423e+04
3.634629299487460230e+04
3.641156442259871255e+04
3.648869213384132308e+04
3.657767050420461601e+04
3.667849304400024266e+04
3.679115239824550372e+04
3.691564034666844236e+04
3.705194780370311491e+04
3.720006481849286502e+04
3.735998057488886843e+04
3.753168339144958736e+04
3.771516072144313512e+04
3.791039915284400195e+04
3.811738440833596542e+04
3.833610134531027143e+04
3.856653395586654369e+04
3.880866536681205616e+04
3.906247783966337010e+04
3.932795277064342372e+04
3.960507069068444252e+04
3.989381126542612037e+04
4.019415329521689273e+04
4.050607471511248150e+04
4.082955259487735020e+04
4.116456313898361259e+04
4.151108168661176023e+04
4.186908271164993494e+04
4.223853982269483822e+04
4.261942576305100374e+04
4.301171241073134297e+04
4.341537077845659951e+04
4.383037101365553099e+04
4.425668239846472716e+04
4.469427334972970129e+04
4.514311141900343500e+04
4.560316329254710581e+04
4.607439479132972338e+04
4.655677087102867517e+04
4.705025562202990841e+04
4.755481226942665671e+04
4.807040317301980394e+04
4.859698982732043078e+04
4.913453286154508532e+04
4.968299203962014872e+04
5.024232626017910661e+04
3.573133580737048760e+04
3.573718887414961500e+04
3.575474763449346938e+04
3.578401076841964823e+04
3.582497607595832960e+04
3.587764047715081688e+04
3.594200001205117587e+04
3.601804984072459774e+04
3.610578424324885418e+04
3.620519661971375172e+04
3.631627949022004032e+04
3.643902449488123239e+04
3.657342239382305706e+04
3.671946306718236883e+04
3.687713551510805701e+04
3.704642785776140954e+04
3.722732733531556732e+04
3.741982030795497849e+04
3.762389225587685360e+04
3.783952777928971045e+04
3.806671059841428360e+04
3.830542355348316050e+04
3.855564860474132729e+04
3.881736683244453161e+04
3.909055843686182925e+04
3.937520273827303754e+04
3.967127817697073624e+04
3.997876231325917615e+04
4.029763182745409722e+04
4.062786251988363802e+04
4.096942931088815385e+04
4.132230624081930728e+04
4.168646647004079568e+04
4.206188227892871510e+04
4.244852506787028688e+04
4.284636535726567672e+04
4.325537278752599377e+04
4.367551611907510960e+04
4.410676323234802112e+04
4.454908112779248768e+04
4.500243592586703016e+04
4.546679286704365950e+04
4.594211631180533004e+04
4.642836974064684910e+04
4.692551575407524069e+04
4.743351607260974561e+04
4.795233153678054805e+04
4.848192210713095847e+04
4.902224686421614024e+04
4.957326400860147260e+04
3.526097405114942376e+04
3.526674358845812094e+04
3.528405175303632859e+04
3.531289720284075884e+04
3.535327770113162842e+04
3.540519011647375009e+04
3.546863042273635074e+04
3.554359369909252564e+04
3.563007413001996611e+04
3.572806500530004996e+04
3.583755872001893295e+04
3.595854677456663921e+04
3.609101977463760704e+04
3.623496743123050692e+04
3.639037856064842344e+04
3.655724108449794585e+04
3.673554202969080507e+04
3.692526752844241855e+04
3.712640281827243598e+04
3.733893224200473924e+04
3.756283924776817003e+04
3.779810638899416517e+04
3.804471532442021271e+04
3.830264681808730529e+04
3.857188073933975829e+04
3.885239606282775640e+04
3.914417086850444321e+04
3.944718234162774024e+04
3.976140677275961934e+04
4.008681955776646646e+04
4.042339519781871786e+04
4.077110729939140583e+04
4.112992857426270348e+04
4.149983083951665321e+04
4.188078501753989258e+04
4.227276113602511032e+04
4.267572832796740840e+04
4.308965483166684862e+04
4.351450799072790687e+04
4.395025425405947317e+04
4.439685917587357835e+04
4.485428741568794067e+04
4.532250273832360108e+04
4.580146801390583278e+04
4.629114521786468686e+04
4.679149543093335524e+04
4.730247883915108105e+04
4.782405473385952064e+04
4.835618151170529018e+04
4.889881667463960184e+04
3.478729137541267846e+04
3.479297677831364126e+04
3.481003253231283452e+04
3.483845727329571673e+04
3.487824872773999232e+04
3.492940371271379263e+04
3.499191813587585784e+04
3.506578699547608267e+04
3.515100438035551633e+04
3.524756346994581691e+04
3.535545653426961508e+04
3.547467493393978657e+04
3.560520912016127113e+04
3.574704863472943543e+04
3.590018211002970929e+04
3.606459726903958654e+04
3.624028092532680603e+04
3.642721898305044306e+04
3.662539643695999985e+04
3.683479737239576934e+04
3.705540496528992662e+04
3.728720148216380039e+04
3.753016828013151098e+04
3.778428580689687806e+04
3.804953360075505771e+04
3.832589029059163295e+04
3.861333359588370513e+04
3.891184032669898443e+04
3.922138638369597174e+04
3.954194675812395872e+04
3.987349553182357340e+04
4.021600587722605269e+04
4.056945005735342420e+04
4.093379942581868818e+04
4.130902442682618130e+04
4.169509459516993957e+04
4.209197855623624491e+04
4.249964402600180620e+04
4.291805781103394111e+04
4.334718580849039427e+04
4.378699300612170191e+04
4.423744348226682632e+04
4.469850040585733950e+04
4.517012603641524038e+04
4.565228172405295481e+04
4.614492790947497269e+04
4.664802412397511944e+04
4.716152898943946639e+04
4.768540021834342042e+04
4.821959461375554383e+04
3.431086842861004698e+04
3.431646918925434875e+04
3.433327100912410970e+04
3.436127250202807772e+04
3.440047135764853010e+04
3.445086434154000017e+04
3.451244729513036873e+04
3.458521513571995456e+04
3.466916185648151441e+04
3.476428052646151627e+04
3.487056329057813855e+04
3.498800136962345277e+04
3.511658506026142277e+04
3.525630373502917791e+04
3.540714584233664937e+04
3.556909890646638814e+04
3.574214952757447463e+04
3.592628338168833579e+04
3.612148522070947365e+04
3.632773887241201010e+04
3.654502724044159550e+04
3.677333230431904667e+04
3.701263511943543563e+04
3.726291581705663702e+04
3.752415360431969020e+04
3.779632676423570956e+04
3.807941265568824747e+04
3.837338771343311237e+04
3.867822744809927826e+04
3.899390644618852093e+04
3.932039837007559981e+04
3.965767595800753043e+04
4.000571102410503954e+04
4.036447445836074621e+04
4.073393622664007125e+04
4.111406537068178295e+04
4.150483000809763325e+04
4.190619733237108449e+04
4.231813361285931023e+04
4.274060419479155826e+04
4.317357349927133328e+04
4.361700502327294089e+04
4.407086133964494366e+04
4.453510409710797830e+04
4.500969402025566524e+04
4.549459090955497231e+04
4.598975364134421397e+04
4.649514016783577972e+04
4.701070751711449702e+04
4.753641179313854082e+04
3.383247800637509499e+04
3.383799375963862985e+04
3.385454055000027438e+04
3.388211696917242080e+04
3.392072067000844982e+04
3.397034836650418583e+04
3.403099583379589603e+04
3.410265790816283697e+04
3.418532848702470801e+04
3.427900052894256078e+04
3.438366605361989059e+04
3.449931614190118125e+04
3.462594093577226886e+04
3.476352963836106937e+04
3.491207051393648726e+04
3.507155088790932496e+04
3.524195714683210099e+04
3.542327473839814047e+04
3.561548817144303030e+04
3.581858101594298205e+04
3.603253590301737859e+04
3.625733452492513607e+04
3.649295763506816002e+04
3.673938504798934446e+04
3.699659563937311759e+04
3.726456734604544181e+04
3.754327716597417748e+04
3.783270115826762776e+04
3.813281444317744899e+04
3.844359120209519460e+04
3.876500467755431600e+04
3.909702717323034449e+04
3.943963005394034553e+04
3.979278374564200931e+04
4.015645773543546966e+04
4.053062057156203082e+04
4.091523986340434931e+04
4.131028228148697963e+04
4.171571355747582857e+04
4.213149848417833709e+04
4.255760091554384417e+04
4.299398376666267723e+04
4.344060901376651600e+04
4.389743769422893820e+04
4.436442990656614711e+04
4.484154481043369742e+04
4.532874062663049699e+04
4.582597463709553267e+04
4.633320318491023500e+04
4.685038167429811438e+04
3.335330499553856498e+04
3.335873562199267326e+04
3.337502702453784877e+04
3.340217777272227977e+04
3.344018548245912825e+04
3.348904681602780329e+04
3.354875748207196011e+04
3.361931223560131912e+04
3.370070487799184775e+04
3.379292825698285014e+04
3.389597426668115077e+04
3.400983384755745647e+04
3.413449698644872115e+04
3.426995271655687247e+04
3.441618911744935758e+04
3.457319331505914306e+04
3.474095148168435117e+04
3.491944883598844172e+04
3.510866964300112159e+04
3.530859721411652572e+04
3.551921390709412663e+04
3.574050112605982576e+04
3.597243932150340697e+04
3.621500799028162874e+04
3.646818567561585951e+04
3.673194996709280531e+04
3.700627750066450972e+04
3.729114395864871767e+04
3.758652406972869358e+04
3.789239160895249370e+04
3.820871939773423946e+04
3.853547930385266227e+04
3.887264224145292246e+04
3.922017817104497226e+04
3.957805609950410144e+04
3.994624408007093734e+04
4.032470921235180867e+04
4.071341764231838170e+04
4.111233456230711454e+04
4.152142421102180379e+04
4.194064987352830940e+04
4.236997388126146689e+04
4.280935761201908463e+04
4.325876148996539996e+04
4.371814498562944209e+04
4.418746661590630538e+04
4.466668394405605795e+04
4.515575357970428740e+04
4.565463117884173698e+04
4.616327144382521510e+04
3.287464483999738150e+04
3.287999048806595965e+04
3.289602694802579208e+04
3.292275276713917265e+04
3.296016552417677303e+04
3.300826182941655134e+04
3.306703732464557106e+04
3.313648668315872783e+04
3.321660360975911317e+04
3.330738084075801453e+04
3.340881014397455147e+04
3.352088231873676705e+04
3.364358719587999076e+04
3.377691363774829370e+04
3.392084953819339717e+04
3.407538182257576409e+04
3.424049644776368950e+04
3.441617840213384625e+04
3.460241170557092119e+04
3.479917940946743329e+04
3.500646359672482504e+04
3.522424538175218913e+04
3.545250491046681418e+04
3.569122136029418471e+04
3.594037294016798114e+04
3.619993689053007984e+04
3.646988948333073495e+04
3.675020602202748705e+04
3.704086084158734593e+04
3.734182730848442588e+04
3.765307782070194662e+04
3.797458380772968667e+04
3.830631573056743946e+04
3.864824308172192104e+04
3.900033438520913478e+04
3.936255719655164285e+04
3.973487810278184043e+04
4.011726272243940912e+04
4.050967570557168074e+04
4.091208073373563820e+04
4.132444051999536896e+04
4.174671680892297445e+04
4.217887037659893394e+04
4.262086103061283211e+04
4.307264761006099434e+04
4.353418798554866953e+04
4.400543905918948440e+04
4.448635676460417017e+04
4.497689606692310917e+04
4.547701096278360637e+04
3.239734552203499334e+04
3.240260646894093952e+04
3.241838881793573819e+04
3.244469109385318006e+04
3.248151083808170370e+04
3.252884460856512305e+04
3.258668797980335512e+04
3.265503554285096470e+04
3.273388090531843773e+04
3.282321669137145363e+04
3.292303454173197679e+04
3.303332511367625557e+04
3.315407808103645948e+04
3.328528213420013344e+04
3.342692498011056159e+04
3.357899334226658539e+04
3.374147296072133031e+04
3.391434859208475245e+04
3.409760400952163764e+04
3.429122200275232899e+04
3.449518437805254507e+04
3.470947195825337985e+04
3.493406458274184843e+04
3.516894110745924991e+04
3.541407940490389592e+04
3.566945636412838212e+04
3.593504789074140717e+04
3.621082890690649947e+04
3.649677335134329041e+04
3.679285417932642304e+04
3.709904336268591578e+04
3.741531188980770821e+04
3.774162976563256962e+04
3.807796601165755419e+04
3.842428866593436396e+04
3.878056478307044017e+04
3.914676043422859948e+04
3.952284070712721586e+04
3.990876970604022063e+04
4.030451055179655668e+04
4.071002538178108807e+04
4.112527534993369045e+04
4.155022062675070629e+04
4.198482039928203449e+04
4.242903287113495026e+04
4.288281526247083093e+04
4.334612381000752066e+04
4.381891376701732952e+04
4.430113940332867060e+04
4.479275400532515050e+04
3.192194942537989846e+04
3.192712597874051426e+04
3.194265513957725489e+04
3.196853541015170777e+04
3.200476429423506488e+04
3.205133829710666760e+04
3.210825292555382475e+04
3.217550268787217647e+04
3.225308109386551223e+04
3.234098065484704421e+04
3.243919288363686064e+04
3.254770829456410866e+04
3.266651640346644854e+04
3.279560572768914426e+04
3.293496378608651867e+04
3.308457709902086208e+04
3.324443118836243229e+04
3.341451057749036408e+04
3.359479879129230540e+04
3.378527835616350785e+04
3.398593080000791815e+04
3.419673665223799617e+04
3.441767544377380545e+04
3.464872570704483223e+04
3.488986497598780261e+04
3.514106978604850156e+04
3.540231567418068153e+04
3.567357717884679005e+04
3.595482784001669643e+04
3.624604019916987454e+04
3.654718579929303814e+04
3.685823518488123227e+04
3.717915790193910652e+04
3.750992249797818658e+04
3.785049652201923891e+04
3.820084652459045174e+04
3.856093805772925407e+04
3.893073567498086049e+04
3.931020293139899877e+04
3.969930238354572793e+04
4.009799558949162019e+04
4.050624310881466954e+04
4.092400450260211073e+04
4.135123833344950981e+04
4.178790216546003649e+04
4.223395256424610125e+04
4.268934509692753636e+04
4.315403433213286917e+04
4.362797383999914018e+04
4.411111619217190309e+04
3.144906068925211002e+04
3.145415320770771359e+04
3.146943025625587325e+04
3.149489031444190914e+04
3.153053084817438503e+04
3.157634830972474447e+04
3.163233813772858412e+04
3.169849475718438043e+04
3.177481157945421728e+04
3.186128100226305833e+04
3.195789440970002033e+04
3.206464217221746367e+04
3.218151364663062850e+04
3.230849717611818051e+04
3.244558009022275655e+04
3.259274870485005522e+04
3.274998832226901868e+04
3.291728323111183272e+04
3.309461670637501811e+04
3.328197100941670215e+04
3.347932738796043850e+04
3.368666607609193306e+04
3.390396629426031723e+04
3.413120624927869358e+04
3.436836313432286261e+04
3.461541312893241411e+04
3.487233139901018149e+04
3.513909209682260553e+04
3.541566836099937063e+04
3.570203231653322291e+04
3.599815507478106156e+04
3.630400673346211988e+04
3.661955637665960239e+04
3.694477207482068479e+04
3.727962088475487690e+04
3.762406884963584162e+04
3.797808099899975787e+04
3.834162134874713956e+04
3.871465290114119853e+04
3.909713764480911777e+04
3.948903655474096013e+04
3.989030959229039581e+04
4.030091570517470245e+04
4.072081282747349178e+04
4.114995787963180192e+04
4.158830676845573180e+04
4.203581438711607916e+04
4.249243461514706723e+04
4.295812031844561716e+04
4.343282334927298507e+04
3.097940687428581441e+04
3.098441582726027264e+04
3.099944217173706420e+04
3.102448436437189230e+04
3.105953983292638441e+04
3.110460497626554570e+04
3.115967516435975995e+04
3.122474473828297050e+04
3.129980701021431742e+04
3.138485426343650033e+04
3.147987775233777938e+04
3.158486770240979240e+04
3.169981331024901010e+04
3.182470274355655420e+04
3.195952314113746979e+04
3.210426061290145299e+04
3.225890023986321467e+04
3.242342607414047961e+04
3.259782113895707880e+04
3.278206742863985710e+04
3.297614590862121986e+04
3.318003651543695014e+04
3.339371815672784578e+04
3.361716871123935562e+04
3.385036502882103377e+04
3.409328293042690348e+04
3.434589720811491134e+04
3.460818162504801876e+04
3.488010891549383814e+04
3.516165078482408717e+04
3.545277790951495263e+04
3.575345993714636279e+04
3.606366548640344263e+04
3.638336214707614999e+04
3.671251648005782044e+04
3.705109401734680432e+04
3.739905926204610296e+04
3.775637568836227729e+04
3.812300574160726683e+04
3.849891083819675259e+04
3.888405136565124849e+04
3.927838668259573751e+04
3.968187511875876226e+04
4.009447397497497150e+04
4.051613952318148222e+04
4.094682700642151758e+04
4.138649063884149655e+04
4.183508360569285287e+04
4.229255806333167129e+04
4.275886513921814185e+04
3.051377853302783478e+04
3.051870451985996624e+04
3.053348195821163245e+04
3.055810928164892175e+04
3.059258387944855713e+04
3.063690209659771426e+04
3.069105923379465821e+04
3.075504954744719726e+04
3.082886624967577518e+04
3.091250150830983330e+04
3.100594644688990229e+04
3.110919114466742030e+04
3.122222463660473295e+04
3.134503491337400192e+04
3.147760892135866015e+04
3.161993256265286618e+04
3.177199069506077649e+04
3.193376713209818263e+04
3.210524464299105603e+04
3.228640495267536608e+04
3.247722874179944483e+04
3.267769564672034903e+04
3.288778425950713427e+04
3.310747212793921790e+04
3.333673575550619717e+04
3.357555060140875867e+04
3.382389108055867837e+04
3.408173056357700261e+04
3.434904137679714040e+04
3.462579480226195301e+04
3.491196107772539108e+04
3.520750939665231272e+04
3.551240790821793780e+04
3.582662371730784798e+04
3.615012288451889617e+04
3.648287042615847895e+04
3.682483031424435467e+04
3.717596547650537104e+04
3.753623779638019187e+04
3.790560811301929789e+04
3.828403622128334973e+04
3.867148087174282409e+04
3.906789977068074222e+04
3.947324958008885005e+04
3.988748591767052858e+04
4.031056335683988436e+04
4.074243542672120384e+04
4.118305461215040850e+04
4.163237235367250832e+04
4.209033904754469404e+04
3.005301158179208869e+04
3.005785537192523407e+04
3.007238621239730492e+04
3.009660251342784250e+04
3.013050162538384029e+04
3.017407983877747029e+04
3.022733238426781099e+04
3.029025343266057462e+04
3.036283609490810704e+04
3.044507242210856930e+04
3.053695340550748369e+04
3.063846897649618768e+04
3.074960800661247049e+04
3.087035830754139170e+04
3.100070663111309841e+04
3.114063866930573568e+04
3.129013905424308177e+04
3.144919135819563962e+04
3.161777809357972728e+04
3.179588071295947884e+04
3.198347960904447973e+04
3.218055411469013052e+04
3.238708250290092110e+04
3.260304198682515562e+04
3.282840871975840855e+04
3.306315779514334281e+04
3.330726324656843644e+04
3.356069804776907404e+04
3.382343411262700101e+04
3.409544229516995983e+04
3.437669238957296329e+04
3.466715313015702122e+04
3.496679219138932240e+04
3.527557618788450782e+04
3.559347067440266983e+04
3.592044014585117111e+04
3.625644803728318948e+04
3.660145672389917308e+04
3.695542752104502142e+04
3.731832068421408621e+04
3.769009540904535243e+04
3.807070983132489346e+04
3.846012102698514354e+04
3.885828501210489776e+04
3.926515674290985771e+04
3.968069011577117635e+04
4.010483796720727696e+04
4.053755207388330746e+04
4.097878315261023090e+04
4.142848086034537118e+04
2.959799198860591787e+04
2.960275455550636252e+04
2.961704171838982802e+04
2.964085186380243613e+04
2.967418230265411694e+04
2.971702927021942742e+04
2.976938792613573241e+04
2.983125235440629694e+04
2.990261556339683011e+04
2.998346948583766789e+04
3.007380497882331838e+04
3.017361182381209801e+04
3.028287872662658629e+04
3.040159331745326199e+04
3.052974215084250318e+04
3.066731070570949669e+04
3.081428338533187343e+04
3.097064351735316450e+04
3.113637335377989075e+04
3.131145407098229043e+04
3.149586576969613816e+04
3.168958747501965263e+04
3.189259713641586131e+04
3.210487162771150906e+04
3.232638674709814950e+04
3.255711721713014413e+04
3.279703668472739082e+04
3.304611772117204964e+04
3.330433182211199892e+04
3.357164940755828866e+04
3.384803982188605005e+04
3.413347133383449545e+04
3.442791113650710031e+04
3.473132534737142123e+04
3.504367900825855031e+04
3.536493608536438842e+04
3.569505946924782620e+04
3.603401097483329067e+04
3.638175134140783484e+04
3.673824023262295668e+04
3.710343623649478104e+04
3.747729686540296825e+04
3.785977855609107792e+04
3.825083666966711462e+04
3.865042549160298222e+04
3.905849823173412005e+04
3.947500702426114003e+04
3.989990292774800764e+04
4.033313592512222385e+04
4.077465492367628030e+04
2.914948838981899826e+04
2.915417086791894690e+04
2.916821775638018153e+04
2.919162741768832348e+04
2.922439712265195340e+04
2.926652305040379360e+04
2.931800028839907100e+04
2.937882283241769983e+04
2.944898358656255368e+04
2.952847436325982926e+04
2.961728588325986493e+04
2.971540777563595839e+04
2.982282857778527614e+04
2.993953573542830782e+04
3.006551560260904807e+04
3.020075344169526943e+04
3.034523342337815848e+04
3.049893862667231588e+04
3.066185103891566541e+04
3.083395155577072728e+04
3.101521998122225341e+04
3.120563502757868264e+04
3.140517431547286833e+04
3.161381437386080506e+04
3.183153064002126484e+04
3.205829745955779799e+04
3.229408808639636845e+04
3.253887468278699089e+04
3.279262831930336688e+04
3.305531897484233923e+04
3.332691553662443766e+04
3.360738580019387882e+04
3.389669646941838437e+04
3.419481315648881719e+04
3.450170038191990898e+04
3.481732157454971457e+04
3.514163907153997570e+04
3.547461411837630294e+04
3.581620686886708427e+04
3.616637638514494029e+04
3.652508063766545092e+04
3.689227650520788302e+04
3.726791977487537224e+04
3.765196514209401357e+04
3.804436621061395272e+04
3.844507549250865850e+04
3.885404440817528666e+04
3.927122328633431607e+04
3.969656136402900302e+04
4.013000678662792780e+04
2.870783881667493915e+04
2.871244235368485533e+04
2.872625241072209974e+04
2.874926732581016040e+04
2.878148432898697138e+04
2.882289954230691365e+04
2.887350797983890516e+04
2.893330354766767414e+04
2.900227904389321338e+04
2.908042615863105311e+04
2.916773547401198812e+04
2.926419646418216871e+04
2.936979749530310073e+04
2.948452582555200934e+04
2.960836760512102046e+04
2.974130787621797936e+04
2.988333057306608680e+04
3.003441852190353529e+04
3.019455344098496425e+04
3.036371594057909533e+04
3.054188552297073329e+04
3.072904058246003842e+04
3.092515840536270844e+04
3.113021517000925087e+04
3.134418594674607448e+04
3.156704469793494354e+04
3.179876427795261407e+04
3.203931643319210707e+04
3.228867180206052581e+04
3.254679991498142044e+04
3.281366919439333287e+04
3.308924695475034241e+04
3.337349940252188389e+04
3.366639163619256578e+04
3.396788764626253396e+04
3.427795031524765363e+04
3.459654141767823603e+04
3.492362162010122120e+04
3.525915048107781331e+04
3.560308645118602726e+04
3.595538687301705068e+04
3.631600798117979139e+04
3.668490490229705756e+04
3.706203165500792238e+04
3.744734114996572316e+04
3.784078518984060793e+04
3.824231446931698883e+04
3.865187857509517926e+04
3.906942598589084810e+04
3.949490407243501977e+04
2.827331568238460022e+04
2.827784141308866310e+04
2.829141804291830340e+04
2.831404388502505753e+04
2.834571612799491049e+04
2.838643083584793203e+04
2.843618294803918616e+04
2.849496627945754881e+04
2.856277352042670827e+04
2.863959623670443762e+04
2.872542486948304941e+04
2.882024873538903194e+04
2.892405602648332206e+04
2.903683381026157804e+04
2.915856802965363386e+04
2.928924350302331732e+04
2.942884392416954142e+04
2.957735186232494016e+04
2.973474876215732365e+04
2.990101494376758637e+04
3.007612960269252653e+04
3.026007080990202667e+04
3.045281551180160022e+04
3.065433953023002687e+04
3.086461756246117147e+04
3.108362318120234704e+04
3.131132883459686127e+04
3.154770584622074239e+04
3.179272441508601332e+04
3.204635361563723563e+04
3.230856139775496558e+04
3.257931458675302565e+04
3.285857888338050543e+04
3.314631886382012453e+04
3.344249797968950588e+04
3.374707855804099381e+04
3.406002180135947128e+04
3.438128778756672546e+04
3.471083547001726402e+04
3.504862267750067986e+04
3.539460611424037779e+04
3.574874135989430215e+04
3.611098286955566437e+04
3.648128397375057830e+04
3.685959687844133441e+04
3.724587266502257989e+04
3.764006129032477475e+04
3.804211158661219088e+04
3.845197126158382162e+04
3.886958689837247221e+04
2.784632051372682326e+04
2.785076960473443251e+04
2.786411630703951232e+04
2.788635890848909185e+04
2.791749455549424965e+04
2.795751925303120515e+04
2.800642786464031815e+04
2.806421411242654358e+04
2.813087057705970437e+04
2.820638869777367290e+04
2.829075877236737142e+04
2.838396995720395353e+04
2.848601026721134986e+04
2.859686657588172238e+04
2.871652461527237392e+04
2.884496897600420198e+04
2.898218310726360869e+04
2.912814931680122754e+04
2.928284877093210525e+04
2.944626149453561084e+04
2.961836637105643604e+04
2.979914114250314014e+04
2.998856240944933234e+04
3.018660563103239838e+04
3.039324512495550152e+04
3.060845406748485402e+04
3.083220449345262750e+04
3.106446729625477019e+04
3.130521222785173450e+04
3.155440789876902272e+04
3.181202177809627756e+04
3.207802019348782778e+04
3.235236833116250637e+04
3.263503023590383236e+04
3.292596881105964712e+04
3.322514581854265998e+04
3.353252187883026636e+04
3.384805647096327448e+04
3.417170793254863383e+04
3.450343345975688862e+04
3.484318910732308723e+04
3.519092978854732792e+04
3.554660927529403125e+04
3.591018019799230387e+04
3.628159404563557473e+04
3.666080116578159505e+04
3.704775076455334784e+04
3.744239090663795650e+04
3.784466851528686675e+04
3.825452937231693795e+04
2.742735869457519584e+04
2.743173237918172163e+04
2.744485285369137273e+04
2.746671838017609844e+04
2.749732606208890502e+04
2.753667184426394670e+04
2.758475051291643467e+04
2.764155569564300094e+04
2.770707986142133450e+04
2.778131432061036321e+04
2.786424922495007195e+04
2.795587356756177542e+04
2.805617518294793626e+04
2.816514074699216508e+04
2.828275577695922038e+04
2.840900463149528150e+04
2.854387051062740284e+04
2.868733545576396864e+04
2.883938034969460205e+04
2.899998491658998319e+04
2.916912772200230393e+04
2.934678617286390363e+04
2.953293651749008859e+04
2.972755384557567595e+04
2.993061208819781314e+04
3.014208401781397697e+04
3.036194124826324696e+04
3.059015423476612341e+04
3.082669227392361790e+04
3.107152350371889042e+04
3.132461490351524844e+04
3.158593229405778402e+04
3.185544033747264621e+04
3.213310253726758674e+04
3.241888123833050486e+04
3.271273762693144818e+04
3.301463173072133941e+04
3.332452241873197636e+04
3.364236740137694142e+04
3.396812323045087396e+04
3.430174529912892467e+04
3.464318784196821071e+04
3.499240393490672432e+04
3.534934549526369665e+04
3.571396328173905204e+04
3.608620689441522700e+04
3.646602477475425985e+04
3.685336420560070110e+04
3.724817131117888493e+04
3.765039105709583964e+04
2.701695336514549126e+04
2.702125295987007121e+04
2.703415115597008480e+04
2.705564618922289810e+04
2.708573511925815183e+04
2.712441382955694280e+04
2.717167702745246061e+04
2.722751824412916903e+04
2.729192983462398843e+04
2.736490297782520429e+04
2.744642767647264918e+04
2.753649275715852127e+04
2.763508587032638388e+04
2.774219349027171120e+04
2.785780091514170635e+04
2.798189226693548335e+04
2.811445049150388513e+04
2.825545735854930172e+04
2.840489346162612492e+04
2.856273821814074836e+04
2.872896986935083987e+04
2.890356548036597815e+04
2.908650094014810747e+04
2.927775096150980971e+04
2.947728908111712371e+04
2.968508765948590735e+04
2.990111788098492980e+04
3.012534975383496203e+04
3.035775211010768544e+04
3.059829260572714702e+04
3.084693772046975937e+04
3.110365275796193600e+04
3.136840184568372933e+04
3.164114793496573839e+04
3.192185280099056399e+04
3.221047704279390018e+04
3.250698008326089621e+04
3.281132016913070402e+04
3.312345437099247647e+04
3.344333858328845963e+04
3.377092752431199187e+04
3.410617473620823148e+04
3.444903258497415663e+04
3.479945226045929303e+04
3.515738377636334917e+04
3.552277597023912676e+04
3.589557650349088362e+04
3.627573186137487937e+04
3.666318735299810214e+04
3.705788711132045137e+04
2.661564060528535265e+04
2.661986755316129347e+04
2.663254779975150086e+04
2.665367955394367527e+04
2.668325983055092365e+04
2.672128445031094088e+04
2.676774803988691929e+04
2.682264403186718482e+04
2.688596466476519709e+04
2.695770098301927646e+04
2.703784283699342268e+04
2.712637888297613245e+04
2.722329658318158181e+04
2.732858220574880761e+04
2.744222082474198032e+04
2.756419632015067691e+04
2.769449137788906228e+04
2.783308748979707161e+04
2.797996495363959184e+04
2.813510287310627973e+04
2.829847915781238044e+04
2.847007052329809085e+04
2.864985249102865055e+04
2.883779938839470560e+04
2.903388434871158097e+04
2.923807931122064474e+04
2.945035502108694345e+04
2.967068102940211247e+04
2.989902569318255701e+04
3.013535617536890641e+04
3.037963844482819695e+04
3.063183727635187097e+04
3.089191625065632252e+04
3.115983775438380690e+04
3.143556298010153114e+04
3.171905192630110832e+04
3.201026339740019466e+04
3.230915500374103431e+04
3.261568316159136884e+04
3.292980309314407350e+04
3.325146882651661144e+04
3.358063319575212518e+04
3.391724784081870894e+04
3.426126320760959061e+04
3.461262854794349551e+04
3.497129191956373688e+04
3.533720018613912544e+04
3.571029901726324169e+04
3.609053288845516363e+04
3.647784508115873905e+04
2.622395771053752469e+04
2.622811358873259451e+04
2.624058061708983587e+04
2.626135697692661779e+04
2.629043963710455500e+04
2.632782435403032650e+04
2.637350567165512985e+04
2.642747692147495400e+04
2.648973022253057934e+04
2.656025648140730482e+04
2.663904539223549364e+04
2.672608543668984566e+04
2.682136388399003408e+04
2.692486679090061443e+04
2.703657900173029702e+04
2.715648414833312927e+04
2.728456465010767715e+04
2.742080171399702522e+04
2.756517533448923132e+04
2.771766429361687187e+04
2.787824616095767851e+04
2.804689729363344668e+04
2.822359283631112703e+04
2.840830672120246163e+04
2.860101166806380206e+04
2.880167918419610942e+04
2.901027956444486335e+04
2.922678189120106254e+04
2.945115403439995134e+04
2.968336265152120177e+04
2.992337318758964102e+04
3.017114987517434201e+04
3.042665573438989668e+04
3.068985257289496076e+04
3.096070098589334521e+04
3.123916035613292479e+04
3.152518885390691139e+04
3.181874343705330830e+04
3.211977985095418262e+04
3.242825262853730237e+04
3.274411509027395368e+04
3.306731934418130550e+04
3.339781628582059056e+04
3.373555559829783306e+04
3.408048575226403045e+04
3.443255400591460784e+04
3.479170640498996363e+04
3.515788778277510573e+04
3.553104176009983348e+04
3.591111074533837382e+04
2.584223210635236683e+04
2.584631854643066617e+04
2.585857725100267999e+04
2.587900637307866418e+04
2.590760283434337907e+04
2.594436232515490701e+04
2.598927930454492525e+04
2.604234700021943354e+04
2.610355740855757176e+04
2.617290129461252945e+04
2.625036819211145485e+04
2.633594640345472726e+04
2.642962299971713946e+04
2.653138382064671532e+04
2.664121347466534644e+04
2.675909533886861027e+04
2.688501155902649771e+04
2.701894304958177599e+04
2.716086949365153487e+04
2.731076934302673180e+04
2.746861981817137348e+04
2.763439690822415287e+04
2.780807537099708497e+04
2.798962873297550686e+04
2.817902928931944189e+04
2.837624810386187164e+04
2.858125500910991832e+04
2.879401860624438996e+04
2.901450626511978044e+04
2.924268412426445138e+04
2.947851709088045027e+04
2.972196884084332851e+04
2.997300181870323286e+04
3.023157723768308642e+04
3.049765507967986196e+04
3.077119409526494564e+04
3.105215180368231813e+04
3.134048449285091920e+04
3.163614721936228307e+04
3.193909380848272122e+04
3.224927685415168526e+04
3.256664771898249455e+04
3.289115653426233621e+04
3.322275219995208317e+04
3.356138238468647614e+04
3.390699352577412355e+04
3.425953082919677399e+04
3.461893826961058949e+04
3.498515859034487221e+04
3.535813330340370158e+04
2.547061714115234281e+04
2.547463576321724759e+04
2.548669100405777499e+04
2.550678098761045476e+04
2.553490258710307899e+04
2.557105142505470212e+04
2.561522187327509528e+04
2.566740705286565571e+04
2.572759883421840641e+04
2.579578783701681459e+04
2.587196343023533700e+04
2.595611373213960178e+04
2.604822561028622658e+04
2.614828468152318237e+04
2.625627531198924771e+04
2.637218061711446353e+04
2.649598246162013311e+04
2.662766145951854924e+04
2.676719697411299421e+04
2.691456711799801269e+04
2.706974875305922978e+04
2.723271749047353296e+04
2.740344769070852635e+04
2.758191246352334929e+04
2.776808366796813061e+04
2.796193191238380678e+04
2.816342655440294038e+04
2.837253570094890165e+04
2.858922620823632315e+04
2.881346368177073600e+04
2.904521247634875181e+04
2.928443569605842640e+04
2.953109519427944178e+04
2.978515157368055952e+04
3.004656418622398633e+04
3.031529113316209987e+04
3.059128926503763068e+04
3.087451418168602686e+04
3.116492023223217984e+04
3.146246051509351673e+04
3.176708687797781749e+04
3.207874991788394254e+04
3.239739898110237846e+04
3.272298216321396467e+04
3.305544630909134867e+04
3.339473701289807650e+04
3.374079861808859278e+04
3.409357421740860445e+04
3.445300565289526276e+04
3.481903351587625366e+04
2.510929791851940536e+04
2.511325033340590380e+04
2.512510694275179048e+04
2.514486584061723988e+04
2.517252385043620961e+04
2.520807652501543998e+04
2.525151814653518159e+04
2.530284172654955910e+04
2.536203900598575274e+04
2.542910045514463491e+04
2.550401527370004260e+04
2.558677139069986879e+04
2.567735546456506199e+04
2.577575288308980817e+04
2.588194776344244019e+04
2.599592295216389175e+04
2.611766002516906156e+04
2.624713928774608576e+04
2.638433977455651984e+04
2.652923924963533864e+04
2.668181420639111820e+04
2.684203986760567204e+04
2.700989018543441489e+04
2.718533784140599892e+04
2.736835424642240469e+04
2.755890954075957779e+04
2.775697259406642843e+04
2.796251100536537706e+04
2.817549110305226350e+04
2.839587794489634689e+04
2.862363531804057857e+04
2.885872573900123825e+04
2.910111045366775215e+04
2.935074943730287487e+04
2.960760139454396267e+04
2.987162375939969934e+04
3.014277269525409793e+04
3.042100309486413607e+04
3.070626858035975602e+04
3.099852150324441027e+04
3.129771294439524354e+04
3.160379271406291082e+04
3.191670935187121358e+04
3.223641012681746361e+04
3.256284103727230104e+04
3.289594681098005822e+04
3.323567090505857777e+04
3.358195550599866692e+04
3.393474152966464317e+04
3.429396862129469810e+04
2.475860808770949006e+04
2.476249592178364765e+04
2.477415877845178329e+04
2.479359472105115856e+04
2.482080052180981511e+04
2.485577166184766611e+04
2.489850233117576863e+04
2.494898542869650555e+04
2.500721256220367650e+04
2.507317404838213406e+04
2.514685891280869328e+04
2.522825488995094929e+04
2.531734842316809591e+04
2.541412466471065272e+04
2.551856747572037420e+04
2.563065942623052251e+04
2.575038179516577657e+04
2.587771457034177729e+04
2.601263644846594616e+04
2.615512483513675761e+04
2.630515584484410283e+04
2.646270430096928976e+04
2.662774373578495215e+04
2.680024639045523145e+04
2.698018321503523111e+04
2.716752386847174421e+04
2.736223671860252580e+04
2.756428884215747530e+04
2.777364602475663560e+04
2.799027276091255771e+04
2.821413225402848184e+04
2.844518641639915586e+04
2.868339586921065347e+04
2.892871994254073797e+04
2.918111667535758897e+04
2.944054281552180328e+04
2.970695381978457590e+04
2.998030385378915526e+04
3.026054579206920607e+04
3.054763121805062838e+04
3.084151042405028420e+04
3.114213241127654328e+04
3.144944488982837356e+04
3.176339427869752399e+04
3.208392570576561411e+04
3.241098300780631689e+04
3.274450873048499489e+04
3.308444412835760886e+04
3.343072916487180919e+04
3.378330251236693584e+04
2.441889300526891020e+04
2.442271790255999804e+04
2.443419193833942700e+04
2.445331314432623913e+04
2.448007824005180737e+04
2.451448263286001747e+04
2.455652041790790463e+04
2.460618437816428923e+04
2.466346598441132301e+04
2.472835539524303385e+04
2.480084145706687195e+04
2.488091170410225459e+04
2.496855235838111184e+04
2.506374832974843230e+04
2.516648321586153543e+04
2.527673930219034446e+04
2.539449756201747732e+04
2.551973765643770093e+04
2.565243793435911357e+04
2.579257543250178060e+04
2.594012587539837114e+04
2.609506367539488565e+04
2.625736193264892790e+04
2.642699243513125111e+04
2.660392565862530319e+04
2.678813076672649913e+04
2.697957561084340341e+04
2.717822673019700233e+04
2.738404935182097688e+04
2.759700739056115708e+04
2.781706344907670427e+04
2.804417881783883786e+04
2.827831347513129003e+04
2.851942608705066959e+04
2.876747400750609813e+04
2.902241327821921004e+04
2.928419862872433441e+04
2.955278347636831313e+04
2.982811992631050089e+04
3.011015877152294706e+04
3.039884949279039574e+04
3.069414025871010381e+04
3.099597792569165904e+04
3.130430803795752581e+04
3.161907482754268131e+04
3.194022121429497929e+04
3.226768880587405874e+04
3.260141789775279904e+04
3.294134747321622854e+04
3.328741520336334361e+04
2.409027614497117611e+04
2.409403977329657209e+04
2.410532999132192344e+04
2.412414479819426560e+04
2.415048085915968841e+04
2.418433350556151709e+04
2.422569673484213126e+04
2.427456321054178261e+04
2.433092426229877674e+04
2.439476988585020081e+04
2.446608874303074117e+04
2.454486816177377477e+04
2.463109413611064156e+04
2.472475132617137206e+04
2.482582305818359600e+04
2.493429132447354277e+04
2.505013678346567758e+04
2.517333875968251959e+04
2.530387524374509667e+04
2.544172289237230871e+04
2.558685702838174620e+04
2.573925164068850790e+04
2.589887938430701979e+04
2.606571158034894324e+04
2.623971821602472119e+04
2.642086794464285049e+04
2.660912808560988196e+04
2.680446462443105702e+04
2.700684221270930720e+04
2.721622416814643657e+04
2.743257247454166645e+04
2.765584778179363639e+04
2.788600940589767561e+04
2.812301532894871343e+04
2.836682219913909648e+04
2.861738533075968007e+04
2.887465870419982821e+04
2.913859496594686789e+04
2.940914542858590721e+04
2.968626007080110867e+04
2.996988753737423394e+04
3.025997513918609911e+04
3.055646885321475565e+04
3.085931332253694563e+04
3.116845185632773791e+04
3.148382642985998245e+04
3.180537768450594740e+04
3.213304492773422680e+04
3.246676613311374240e+04
3.280647794031010562e+04
2.377268539499482358e+04
2.377638945039088867e+04
2.378750093843082141e+04
2.380601782466956138e+04
2.383193671836488647e+04
2.386525287247832239e+04
2.390596018367423312e+04
2.395405119232054858e+04
2.400951708248794603e+04
2.407234768195075958e+04
2.414253146218634356e+04
2.422005553837543630e+04
2.430490566940152348e+04
2.439706625785211145e+04
2.449652035001718104e+04
2.460324963589055187e+04
2.471723444916860899e+04
2.483845376725157621e+04
2.496688521124242470e+04
2.510250504594769154e+04
2.524528817987711591e+04
2.539520816524327529e+04
2.555223719796240403e+04
2.571634611765375666e+04
2.588750440764006271e+04
2.606568019494661712e+04
2.625084025030273551e+04
2.644294998814075370e+04
2.664197346659557297e+04
2.684787338750620620e+04
2.706061109641450457e+04
2.728014658256543044e+04
2.750643847890733014e+04
2.773944406209175213e+04
2.797911925247335603e+04
2.822541861411009450e+04
2.847829535476357705e+04
2.873770132589761488e+04
2.900358702268040361e+04
2.927590158398234053e+04
2.955459279237784358e+04
2.983960707414425997e+04
3.013088949926186615e+04
3.042838378141459543e+04
3.073203227798949229e+04
3.104177599007634853e+04
3.135755456246915855e+04
3.167930628366430028e+04
3.200696808586144471e+04
3.234047554496428347e+04
2.346594801374030794e+04
2.346959419475497270e+04
2.348053204809430099e+04
2.349875950464265770e+04
2.352427311587489385e+04
2.355706805385516418e+04
2.359713811123810956e+04
2.364447570126749270e+04
2.369907185777738050e+04
2.376091623519159839e+04
2.382999710852373028e+04
2.390630137337720953e+04
2.398981454594522802e+04
2.408052076301100897e+04
2.417840278194753409e+04
2.428344198071754363e+04
2.439561835787353630e+04
2.451491053255822408e+04
2.464129574450380460e+04
2.477474985403241590e+04
2.491524734205577261e+04
2.506276131007625736e+04
2.521726348018491990e+04
2.537872419506347796e+04
2.554711241798358969e+04
2.572239573280576224e+04
2.590454034398144358e+04
2.609351107655138549e+04
2.628927137614600724e+04
2.649178330898621425e+04
2.670100756188221567e+04
2.691690344223352440e+04
2.713942887803132180e+04
2.736854041785463778e+04
2.760419323087317025e+04
2.784634110684692132e+04
2.809493645612492401e+04
2.834993030964651552e+04
2.861127231894006400e+04
2.887891075612569693e+04
2.915279251391093567e+04
2.943286310559469712e+04
2.971906666506565671e+04
3.001134594680188457e+04
3.030964232587139122e+04
3.061389579793158191e+04
3.092404497923107556e+04
3.124002710660661251e+04
3.156177803748632869e+04
3.188923224988666334e+04
2.316967647530818795e+04
2.317326640733990644e+04
2.318403550181028550e+04
2.320198165384472304e+04
2.322710135531897322e+04
2.325938969485896450e+04
2.329884035784098160e+04
2.334544562639148353e+04
2.339919637938728556e+04
2.346008209245583203e+04
2.352809083797410494e+04
2.360320928506998825e+04
2.368542269962154023e+04
2.377471494425672063e+04
2.387106847835402732e+04
2.397446435804267821e+04
2.408488223620133795e+04
2.420230036245948213e+04
2.432669558319685166e+04
2.445804334154317985e+04
2.459631767737882910e+04
2.474149122733424520e+04
2.489353522479023013e+04
2.505241949987766930e+04
2.521811247947825905e+04
2.539058118722323343e+04
2.556979124349454651e+04
2.575570686542450858e+04
2.594829086689551332e+04
2.614750465854031063e+04
2.635330824774191569e+04
2.656566023863360897e+04
2.678451783209893620e+04
2.700983682577170839e+04
2.724157161403636565e+04
2.747967518802706763e+04
2.772409913562860311e+04
2.797479364147548040e+04
2.823170748695374641e+04
2.849478805019880383e+04
2.876398130609632062e+04
2.903923182628204813e+04
2.932048277914291248e+04
2.960767592981537746e+04
2.990075164018653595e+04
3.019964886889338231e+04
3.050430517132372188e+04
3.081465669961507956e+04
3.113063820265560935e+04
3.145218302608373051e+04
2.288339086162777676e+04
2.288692607191787829e+04
2.289753098887986198e+04
2.291520347078994746e+04
2.293993994810725781e+04
2.297173542347618422e+04
2.301058347172356662e+04
2.305647623986096733e+04
2.310940444708367068e+04
2.316935738477104678e+04
2.323632291648573300e+04
2.331028747797490723e+04
2.339123607716919651e+04
2.347915229418367744e+04
2.357401828131651200e+04
2.367581476305040269e+04
2.378452103605159209e+04
2.390011496917040859e+04
2.402257300344099349e+04
2.415187015208111916e+04
2.428798000049318944e+04
2.443087470626242066e+04
2.458052499915893350e+04
2.473690018113584301e+04
2.489996812633116861e+04
2.506969528106583311e+04
2.524604666384529992e+04
2.542898586535848153e+04
2.561847504847837627e+04
2.581447494826206821e+04
2.601694487195009060e+04
2.622584269896733531e+04
2.644112488092232525e+04
2.666274644160712342e+04
2.689066097699851525e+04
2.712482065525637154e+04
2.736517621672483074e+04
2.761167697393211711e+04
2.786427081158999499e+04
2.812290418659395073e+04
2.838752212802410213e+04
2.865806823714337952e+04
2.893448468739989039e+04
2.921671222442437283e+04
2.950469016603219643e+04
2.979835640222227084e+04
3.009764739517777343e+04
3.040249817926578544e+04
3.071284236103638250e+04
3.102861211922463553e+04
2.260670058939922455e+04
2.261018250901252031e+04
2.262062754130029134e+04
2.263803350660637079e+04
2.266239677217072312e+04
2.269371225212917125e+04
2.273197340751339652e+04
2.277717224625139352e+04
2.282929932316656050e+04
2.288834373997851799e+04
2.295429314530301781e+04
2.302713373465148834e+04
2.310685025043139831e+04
2.319342598194625680e+04
2.328684276539543134e+04
2.338708098387405698e+04
2.349411956737376386e+04
2.360793599278122201e+04
2.372850628388014229e+04
2.385580501134945735e+04
2.398980529276414018e+04
2.413047879259547699e+04
2.427779572221015769e+04
2.443172483987118540e+04
2.459223345073751261e+04
2.475928740686404126e+04
2.493285110720125886e+04
2.511288749759605707e+04
2.529935807079118604e+04
2.549222286642525432e+04
2.569144047103272896e+04
2.589696801804402639e+04
2.610876118778605814e+04
2.632677420748077566e+04
2.655095985124680737e+04
2.678126944009836734e+04
2.701765284194570995e+04
2.726005847159558471e+04
2.750843329074923531e+04
2.776272280800549197e+04
2.802287107885822479e+04
2.828882070569743519e+04
2.856051283780907397e+04
2.883788717137485946e+04
2.912088194947282318e+04
2.940943396207730984e+04
2.970347854605752218e+04
3.000294958517915802e+04
3.030777951010404649e+04
3.061789929838996613e+04
2.233928269056896170e+04
2.234271265373527058e+04
2.235300180368276415e+04
2.237014792175768889e+04
2.239414731020342515e+04
2.242499479216112377e+04
2.246268371166888755e+04
2.250720593366277171e+04
2.255855184397578341e+04
2.261671034933851843e+04
2.268166887737888828e+04
2.275341337662266596e+04
2.283192831649230357e+04
2.291719668730838748e+04
2.300920000028827417e+04
2.310791828754727248e+04
2.321333010209773420e+04
2.332541251784941778e+04
2.344414112961003411e+04
2.356949005308397318e+04
2.370143192487357737e+04
2.383993790247832294e+04
2.398497766429518379e+04
2.413651940961826767e+04
2.429452985863990762e+04
2.445897425244893384e+04
2.462981635303194707e+04
2.480701844327322760e+04
2.499054132695391672e+04
2.518034432875310813e+04
2.537638529424702938e+04
2.557862058990931473e+04
2.578700510311091421e+04
2.600149224212073022e+04
2.622203393610398052e+04
2.644858063512492663e+04
2.668108131014341780e+04
2.691948345301843801e+04
2.716373307650483184e+04
2.741377471425639669e+04
2.766955142082260863e+04
2.793100477165189659e+04
2.819807486308909574e+04
2.847070031237744843e+04
2.874881825765642134e+04
2.903236435796334263e+04
2.932127279323376570e+04
2.961547626429946831e+04
2.991490599289045349e+04
3.021949172163367621e+04
2.208068292725265565e+04
2.208406216394332660e+04
2.209419912111661688e+04
2.211109154007481266e+04
2.213473565632184545e+04
2.216512619956365597e+04
2.220225639370755744e+04
2.224611795686250844e+04
2.229670110133920389e+04
2.235399453364989313e+04
2.241798545450847087e+04
2.248865955883038623e+04
2.256600103573300657e+04
2.264999256853488987e+04
2.274061533475705801e+04
2.283784900612090496e+04
2.294167174855056146e+04
2.305206022217125792e+04
2.316898958131014297e+04
2.329243347449564681e+04
2.342236404445820881e+04
2.355875192812964087e+04
2.370156625664367311e+04
2.385077465533531722e+04
2.400634324374141215e+04
2.416823663560026034e+04
2.433641793885226434e+04
2.451084875563901733e+04
2.469148918230393974e+04
2.487829780939191551e+04
2.507123172164974676e+04
2.527024649802560816e+04
2.547529621166931975e+04
2.568633342993261977e+04
2.590330921436870995e+04
2.612617312073198264e+04
2.635487319897947600e+04
2.658935599326887314e+04
2.682956654196023010e+04
2.707544837761470262e+04
2.732694352699527371e+04
2.758399251106675365e+04
2.784653434499541618e+04
2.811450653814899852e+04
2.838784509409706516e+04
2.866648451061118976e+04
2.895035777966368187e+04
2.923939638742922398e+04
2.953353031428378017e+04
2.983268803480514180e+04
2.183013778789945718e+04
2.183346742937155796e+04
2.184345558720024201e+04
2.186009996162192692e+04
2.188339671969752089e+04
2.191334049531214987e+04
2.194992438917533946e+04
2.199313996882083302e+04
2.204297726860686453e+04
2.209942478971588571e+04
2.216246950015483890e+04
2.223209683475479324e+04
2.230829069517121752e+04
2.239103344988416211e+04
2.248030593419762226e+04
2.257608745024008385e+04
2.267835576696443241e+04
2.278708712014786215e+04
2.290225621239187603e+04
2.302383621312228570e+04
2.315179875858921150e+04
2.328611395186735535e+04
2.342675036285518217e+04
2.357367502827637509e+04
2.372685345167792548e+04
2.388624960343195198e+04
2.405182592073470005e+04
2.422354330760645098e+04
2.440136113489224954e+04
2.458523724026117634e+04
2.477512792820662071e+04
2.497098797004655353e+04
2.517277060392325438e+04
2.538042753480312967e+04
2.559390893447689450e+04
2.581316344156002742e+04
2.603813816149158811e+04
2.626877866653576348e+04
2.650502899578095821e+04
2.674683165513906715e+04
2.699412761734711239e+04
2.724685632196669758e+04
2.750495567538273463e+04
2.776836205080562650e+04
2.803701028826926631e+04
2.831083369463212875e+04
2.858976404357708816e+04
2.887373157561160042e+04
2.916266499806642969e+04
2.945649148509819497e+04
2.158674748432222259e+04
2.159002855395947336e+04
2.159987098226347371e+04
2.161627242741060400e+04
2.163922898636228638e+04
2.166873519486371151e+04
2.170478402744492996e+04
2.174736689742030649e+04
2.179647365688833816e+04
2.185209259673247288e+04
2.191421044662038184e+04
2.198281237500368661e+04
2.205788198911932341e+04
2.213940133498763316e+04
2.222735089741436241e+04
2.232170959998920807e+04
2.242245480508599940e+04
2.252956231386351647e+04
2.264300636626458072e+04
2.276275964101696445e+04
2.288879325563220846e+04
2.302107676640644058e+04
2.315957816842064858e+04
2.330426389553986155e+04
2.345509882041369565e+04
2.361204625447571743e+04
2.377506794794462621e+04
2.394412408982325360e+04
2.411917330789865446e+04
2.430017266874265260e+04
2.448707767771111321e+04
2.467984227894467040e+04
2.487841885536827249e+04
2.508275822869118201e+04
2.529280965940715760e+04
2.550852084679445397e+04
2.572983792891554913e+04
2.595670548261769000e+04
2.618906652353216487e+04
2.642686250607494003e+04
2.667003332344611408e+04
2.691851730763082742e+04
2.717225122939798894e+04
2.743117029830100364e+04
2.769520816267831833e+04
2.796429690965196642e+04
2.823836706512884120e+04
2.851734759380051401e+04
2.880116589914250653e+04
2.908974782341483660e+04
2.134969676614982745e+04
2.135293017249059631e+04
2.136262959656933162e+04
2.137879265355495590e+04
2.140141536872952202e+04
2.143049217748757655e+04
2.146601592533588700e+04
2.150797786789516977e+04
2.155636767089763453e+04
2.161117341018889420e+04
2.167238157172696447e+04
2.173997705158290046e+04
2.181394315594016007e+04
2.189426160109524062e+04
2.198091251345713317e+04
2.207387442954759535e+04
2.217312429600096948e+04
2.227863746956491013e+04
2.239038771709892899e+04
2.250834721557594094e+04
2.263248655208135460e+04
2.276277472381325424e+04
2.289917913808249068e+04
2.304166561231259038e+04
2.319019837404002828e+04
2.334474006091359115e+04
2.350525172069519613e+04
2.367169281125925409e+04
2.384402120059303343e+04
2.402219316679647818e+04
2.420616339808202611e+04
2.439588499277542724e+04
2.459130945931428869e+04
2.479238671624989365e+04
2.499906509224547335e+04
2.521129132607766223e+04
2.542901056663504278e+04
2.565216637291978259e+04
2.588070071404581540e+04
2.611455396924066008e+04
2.635366492784414731e+04
2.659797078930878342e+04
2.684740716320011416e+04
2.710190806919617899e+04
2.736140593708751112e+04
2.762583160677750129e+04
2.789511432828330726e+04
2.816918176173312531e+04
2.844795997736873687e+04
2.873137345554459898e+04
2.111823521230462575e+04
2.112142174062228150e+04
2.113098051600127292e+04
2.114690910971876292e+04
2.116920347390414463e+04
2.119785794153785901e+04
2.123286522645221339e+04
2.127421642333110867e+04
2.132190100771022117e+04
2.137590683597654788e+04
2.143622014536895222e+04
2.150282555397770921e+04
2.157570606074505122e+04
2.165484304546453131e+04
2.174021626878120514e+04
2.183180387219226759e+04
2.192958237804596138e+04
2.203352668954257751e+04
2.214361009073363675e+04
2.225980424652279908e+04
2.238207920266495421e+04
2.251040338576649447e+04
2.264474360328576950e+04
2.278506504353272248e+04
2.293133127566870826e+04
2.308350424970694803e+04
2.324154429651189275e+04
2.340541012780013261e+04
2.357505883613930564e+04
2.375044589494937100e+04
2.393152515850115378e+04
2.411824886191761834e+04
2.431056762117314065e+04
2.450843043309396307e+04
2.471178467535764867e+04
2.492057610649335402e+04
2.513474886588210211e+04
2.535424547375641851e+04
2.557900683120042231e+04
2.580897222014973522e+04
2.604407930339239101e+04
2.628426412456647085e+04
2.652946110816319560e+04
2.677960305952474300e+04
2.703462116484479338e+04
2.729444499116925726e+04
2.755900248639482015e+04
2.782821997927021584e+04
2.810202217939604452e+04
2.838033217722440895e+04
2.089147876769811774e+04
2.089461905563803157e+04
2.090403909498791108e+04
2.091973641233735179e+04
2.094170688533686189e+04
2.096994474269613420e+04
2.100444256418513760e+04
2.104519128063420794e+04
2.109218017393295668e+04
2.114539687703163509e+04
2.120482737394004289e+04
2.127045599972825585e+04
2.134226544052662575e+04
2.142023673352459809e+04
2.150434926697253104e+04
2.159458078018042215e+04
2.169090736351809028e+04
2.179330345841572125e+04
2.190174185736314030e+04
2.201619370391063057e+04
2.213662849266793273e+04
2.226301406930524536e+04
2.239531663055240642e+04
2.253350072419952994e+04
2.267752924909664216e+04
2.282736345515368157e+04
2.298296294334068079e+04
2.314428566568785754e+04
2.331128792528497797e+04
2.348392437628208427e+04
2.366214802388913085e+04
2.384591022437634820e+04
2.403516068507351520e+04
2.422984746437077774e+04
2.442991697171828491e+04
2.463531396762573422e+04
2.484598156366346302e+04
2.506186122246126615e+04
2.528289275770930544e+04
2.550901433415710926e+04
2.574016246761566435e+04
2.597627202495423262e+04
2.621727622410307958e+04
2.646310663405183732e+04
2.671369317485132342e+04
2.696896411761099444e+04
2.722884608450094674e+04
2.749326404875100707e+04
2.776214133465182385e+04
2.803539961755268450e+04
2.066828368240439886e+04
2.067137817077709769e+04
2.068066079631580578e+04
2.069612904028217599e+04
2.071777870477899341e+04
2.074560391275063012e+04
2.077959710798186279e+04
2.081974905509914606e+04
2.086604883956997583e+04
2.091848386770298021e+04
2.097703986664782860e+04
2.104170088439550454e+04
2.111244928977812378e+04
2.118926577246866145e+04
2.127212934298158871e+04
2.136101733267241798e+04
2.145590539373797583e+04
2.155676749921567534e+04
2.166357594298469849e+04
2.177630133976508660e+04
2.189491262511810419e+04
2.201937705544614801e+04
2.214966020799283797e+04
2.228572598084238052e+04
2.242753659292129669e+04
2.257505258399605736e+04
2.272823281467508423e+04
2.288703446640756738e+04
2.305141304148373820e+04
2.322132236303532409e+04
2.339671457503518468e+04
2.357754014229685708e+04
2.376374785047573823e+04
2.395528480606762969e+04
2.415209643641019284e+04
2.435412648968149369e+04
2.456131703490127620e+04
2.477360846193050747e+04
2.499093948147092306e+04
2.521324712506575452e+04
2.544046674509863806e+04
2.567253201479561540e+04
2.590937492822286004e+04
2.615092580028795055e+04
2.639711326673968870e+04
2.664786428416828130e+04
2.690310413000443077e+04
2.716275640252060839e+04
2.742674302083014481e+04
2.769498422488759388e+04
2.044736040968564339e+04
2.045040931782332336e+04
2.045955518739419858e+04
2.047479545387241160e+04
2.049612584304713891e+04
2.052354037102422808e+04
2.055703134422501535e+04
2.059658935938650757e+04
2.064220330356183695e+04
2.069386035412017009e+04
2.075154597874598039e+04
2.081524393544023042e+04
2.088493627251928046e+04
2.096060332861552524e+04
2.104222373267712101e+04
2.112977440396834936e+04
2.122323055206879872e+04
2.132256567687463757e+04
2.142775156859743220e+04
2.153875830776469229e+04
2.165555426521978006e+04
2.177810610212181928e+04
2.190637876994614999e+04
2.204033551048369191e+04
2.217993785584085344e+04
2.232514562844098691e+04
2.247591694102193287e+04
2.263220819663865768e+04
2.279397408866116166e+04
2.296116760077547951e+04
2.313374000698349846e+04
2.331164087160341296e+04
2.349481804926872428e+04
2.368321768492887713e+04
2.387678421384925969e+04
2.407546036161138545e+04
2.427918714411198380e+04
2.448790386756454609e+04
2.470154812849705195e+04
2.492005581375524343e+04
2.514336110049898707e+04
2.537139645620482042e+04
2.560409263866531546e+04
2.584137869598816906e+04
2.608318196659747628e+04
2.632942807923318469e+04
2.658004095295109437e+04
2.683494279712267598e+04
2.709405411143507081e+04
2.735729368589200021e+04
2.022748977576075049e+04
2.023049313675192025e+04
2.023950234952608298e+04
2.025451480348565383e+04
2.027552614763399106e+04
2.030253029057648746e+04
2.033551940051984275e+04
2.037448390527179072e+04
2.041941249224228159e+04
2.047029210844220870e+04
2.052710796048431803e+04
2.058984351458229867e+04
2.065848049655169234e+04
2.073299889180952960e+04
2.081337694537423886e+04
2.089959116186573738e+04
2.099161630550524933e+04
2.108942540011557867e+04
2.119298972912138197e+04
2.130227883554807704e+04
2.141726052202320716e+04
2.153790085077534968e+04
2.166416414363466174e+04
2.179601298203297119e+04
2.193340820700332188e+04
2.207630891918042835e+04
2.222467247880040304e+04
2.237845450570075627e+04
2.253760887932048718e+04
2.270208773870035657e+04
2.287184148248197744e+04
2.304681876890927015e+04
2.322696651582682534e+04
2.341222990068126819e+04
2.360255236052043983e+04
2.379787559199357929e+04
2.399813955135177821e+04
2.420328245444698041e+04
2.441324077673334614e+04
2.462794925326616067e+04
2.484734087870183430e+04
2.507134690729872091e+04
2.529989685291639034e+04
2.553291848901626508e+04
2.577033784866089263e+04
2.601207922451430932e+04
2.625806516884204029e+04
2.650821649351128144e+04
2.676245226999017177e+04
2.702068982934943051e+04
2.000750840133014208e+04
2.001046609415243438e+04
2.001933828702549363e+04
2.003412232316932204e+04
2.005481377461628654e+04
2.008140644221202820e+04
2.011389235561546229e+04
2.015226177329841448e+04
2.019650318254552985e+04
2.024660329945481863e+04
2.030254706893729235e+04
2.036431766471687297e+04
2.043189648933066564e+04
2.050526317412886783e+04
2.058439557927476926e+04
2.066926979374420625e+04
2.075986013532674406e+04
2.085613915062476735e+04
2.095807761505357121e+04
2.106564453284154297e+04
2.117880713703025322e+04
2.129753088947445576e+04
2.142177948084126911e+04
2.155151483061199542e+04
2.168669708707984682e+04
2.182728462735185531e+04
2.197323405734778135e+04
2.212450021180056865e+04
2.228103615425607131e+04
2.244279317707314476e+04
2.260972080142419145e+04
2.278176677729416042e+04
2.295887708348109300e+04
2.314099592759639563e+04
2.332806574606420327e+04
2.352002720412174313e+04
2.371681919581960756e+04
2.391837884402120835e+04
2.412464150040277673e+04
2.433554074545427284e+04
2.455100838847774867e+04
2.477097446758925798e+04
2.499536724971731019e+04
2.522411323060368886e+04
2.545713713480345177e+04
2.569436191568420327e+04
2.593570875542682188e+04
2.618109706502564222e+04
2.643044448428718169e+04
2.668366688183159567e+04
1.978619737714070652e+04
1.978910911943294195e+04
1.979784344534909906e+04
1.981239765200634793e+04
1.983276723460012363e+04
1.985894588640403526e+04
1.989092549877032070e+04
1.992869616112893709e+04
1.997224616098810657e+04
2.002156198393477098e+04
2.007662831363313671e+04
2.013742803182649368e+04
2.020394221833594202e+04
2.027615015106084684e+04
2.035402930597856539e+04
2.043755535714508369e+04
2.052670217669437989e+04
2.062144183483851521e+04
2.072174459986790680e+04
2.082757893815114585e+04
2.093891151413508851e+04
2.105570719034458307e+04
2.117792902738292469e+04
2.130553828393149161e+04
2.143849441675010894e+04
2.157675508067623014e+04
2.172027612862593742e+04
2.186901161159375988e+04
2.202291377865176401e+04
2.218193307695091789e+04
2.234601815171963608e+04
2.251511584626550757e+04
2.268917120197320401e+04
2.286812745830675340e+04
2.305192605280735734e+04
2.324050662109511904e+04
2.343380699686795197e+04
2.363176321190239833e+04
2.383430949605244678e+04
2.404137827725126044e+04
2.425290018150972173e+04
2.446880403291634138e+04
2.468901685363925935e+04
2.491346386392342538e+04
2.514206848209232703e+04
2.537475232454871730e+04
2.561143520577206800e+04
2.585203513832075259e+04
2.609646833283150045e+04
2.634464919801885117e+04
1.956241130585904102e+04
1.956527666113524901e+04
1.957387181073627289e+04
1.958819400597894855e+04
1.960823866572482075e+04
1.963399937637977928e+04
1.966546789189460469e+04
1.970263413376442259e+04
1.974548619102906741e+04
1.979401032027280962e+04
1.984819094562471946e+04
1.990801065875821223e+04
1.997345021889159398e+04
2.004448855278751580e+04
2.012110275475315575e+04
2.020326808664040072e+04
2.029095797784593742e+04
2.038414402531052474e+04
2.048279599351999423e+04
2.058688181450452248e+04
2.069636758783863115e+04
2.081121758064200549e+04
2.093139422757849388e+04
2.105685813085674454e+04
2.118756806022984165e+04
2.132348095299530542e+04
2.146455191399563773e+04
2.161073421561750365e+04
2.176197929779254991e+04
2.191823676799685927e+04
2.207945440125085952e+04
2.224557814011996015e+04
2.241655209471391572e+04
2.259231854268691677e+04
2.277281792923804460e+04
2.295798886711099840e+04
2.314776813659373147e+04
2.334209068551881501e+04
2.354088962926389286e+04
2.374409625075031727e+04
2.395164000044533168e+04
2.416344849635934224e+04
2.437944752404800965e+04
2.459956103661188536e+04
2.482371115469522920e+04
2.505181816648801032e+04
2.528380052772408817e+04
2.551957486168157629e+04
2.575905595918411564e+04
2.600215677859887364e+04
1.933494327022954167e+04
1.933776163871643803e+04
1.934621581286437504e+04
1.936030299873664262e+04
1.938001853977148130e+04
1.940535591678262790e+04
1.943630674795904270e+04
1.947286078886536416e+04
1.951500593244109041e+04
1.956272820900148872e+04
1.961601178623714077e+04
1.967483896921339692e+04
1.973919020037174050e+04
1.980904405952851448e+04
1.988437726387564908e+04
1.996516466798020701e+04
2.005137926378474731e+04
2.014299218060714338e+04
2.023997268514049210e+04
2.034228818145356854e+04
2.044990421099009836e+04
2.056278445256939449e+04
2.068089072238608424e+04
2.080418297401010932e+04
2.093261929838690776e+04
2.106615592383677722e+04
2.120474721605578452e+04
2.134834567811540182e+04
2.149690195046223380e+04
2.165036481091829046e+04
2.180868117468107812e+04
2.197179609432296274e+04
2.213965275979226135e+04
2.231219249841233250e+04
2.248935477488212200e+04
2.267107719127516248e+04
2.285729548704157423e+04
2.304794353900570059e+04
2.324295336136783590e+04
2.344225510570340703e+04
2.364577706096324619e+04
2.385344565347349999e+04
2.406518544693590229e+04
2.428091914242704661e+04
2.450056757839938655e+04
2.472404973067987157e+04
2.495128271247231169e+04
2.518218177435446705e+04
2.541666030427986698e+04
2.565462982757780992e+04
1.910255921123562075e+04
1.910532982270269713e+04
1.911364071098387285e+04
1.912748903772053382e+04
1.914687007231477764e+04
1.917177719192904988e+04
1.920220188148732632e+04
1.923813373367383974e+04
1.927956044893344369e+04
1.932646783547243103e+04
1.937883980925753349e+04
1.943665839401601261e+04
1.949990372123647830e+04
1.956855403016807031e+04
1.964258566782045818e+04
1.972197308896456889e+04
1.980668885613176826e+04
1.989670363961458861e+04
1.999198621746591016e+04
2.009250347549968865e+04
2.019822040729040964e+04
2.030910011417381611e+04
2.042510380524618085e+04
2.054619079736439744e+04
2.067231851514643495e+04
2.080344249097097418e+04
2.093951636497722575e+04
2.108049188506565770e+04
2.122631890689717693e+04
2.137694539389367492e+04
2.153231741723784580e+04
2.169237915587282259e+04
2.185707289650317762e+04
2.202633903359364922e+04
2.220011606936986936e+04
2.237834061381890933e+04
2.256094738468782452e+04
2.274786920748483681e+04
2.293903701547887977e+04
2.313437984969978061e+04
2.333382485893807825e+04
2.353729729974493239e+04
2.374472053643276013e+04
2.395601604107450839e+04
2.417110339350365393e+04
2.438990028131483996e+04
2.461232249986333045e+04
2.483828395226555585e+04
2.506769664939765789e+04
2.530047070989803615e+04
1.886399145156310624e+04
1.886671335723885932e+04
1.887487811372566284e+04
1.888848283940260444e+04
1.890752273156795127e+04
1.893199106643942287e+04
1.896187919915437305e+04
1.899717656376906234e+04
1.903787067325902171e+04
1.908394711951978024e+04
1.913538957336559179e+04
1.919217978453043543e+04
1.925429758166719694e+04
1.932172087234876017e+04
1.939442564306691565e+04
1.947238595923290632e+04
1.955557396517715461e+04
1.964395988414980820e+04
1.973751201832001243e+04
1.983619674877645593e+04
1.993997853552700690e+04
2.004881991749934969e+04
2.016268151253980250e+04
2.028152201741459066e+04
2.040529820780911905e+04
2.053396493832815395e+04
2.066747514249555024e+04
2.080577983275506995e+04
2.094882810046938175e+04
2.109656711592051579e+04
2.124894212831031837e+04
2.140589646575926963e+04
2.156737153530757496e+04
2.173330682291507401e+04
2.190363989346060407e+04
2.207830639074218197e+04
2.225724003747754978e+04
2.244037263530372002e+04
2.262763406477688477e+04
2.281895228537287039e+04
2.301425333548659182e+04
2.321346133243223449e+04
2.341649847244389093e+04
2.362328503067437850e+04
2.383373936119587597e+04
2.404777789700074209e+04
2.426531514999933279e+04
2.448626371102272969e+04
2.471053424982073921e+04
2.493803551506225631e+04
1.861797643388317738e+04
1.862064851206032472e+04
1.862866377213140368e+04
1.864201929071496124e+04
1.866071019550799974e+04
1.868472966528770485e+04
1.871406892990908091e+04
1.874871727030695183e+04
1.878866201849450590e+04
1.883388855756429621e+04
1.888438032168787686e+04
1.894011879611580298e+04
1.900108351717735786e+04
1.906725207228091676e+04
1.913860009991431070e+04
1.921510128964391697e+04
1.929672738211493197e+04
1.938344816905209882e+04
1.947523149325870691e+04
1.957204324861741043e+04
1.967384738008931890e+04
1.978060588371527047e+04
1.989227880661437666e+04
2.000882424698547766e+04
2.013019835410550513e+04
2.025635532833139223e+04
2.038724742109825456e+04
2.052282493492066351e+04
2.066303622339200956e+04
2.080782769118486613e+04
2.095714379405035288e+04
2.111092703881922716e+04
2.126911798340070163e+04
2.143165523678335376e+04
2.159847545903439823e+04
2.176951336130050549e+04
2.194470170580680133e+04
2.212397130585795821e+04
2.230725102583719490e+04
2.249446778120709496e+04
2.268554653850887917e+04
2.288041031536295122e+04
2.307898018046907964e+04
2.328117525360521540e+04
2.348691270562885620e+04
2.369610775847650075e+04
2.390867368516373972e+04
2.412452180978434626e+04
2.434356150751209498e+04
2.456570020459967054e+04
1.836355444998316671e+04
1.836617546859697541e+04
1.837403753666549164e+04
1.838713769086753018e+04
1.840547099233526751e+04
1.842903052665360519e+04
1.845780740386026082e+04
1.849179075844558611e+04
1.853096774935311259e+04
1.857532355997891500e+04
1.862484139817206596e+04
1.867950249623418131e+04
1.873928611092014762e+04
1.880416952343712182e+04
1.887412803944553161e+04
1.894913498905843880e+04
1.902916172684181220e+04
1.911417763181434566e+04
1.920415010744764004e+04
1.929904458166583936e+04
1.939882450684644937e+04
1.950345135981942803e+04
1.961288464186745841e+04
1.972708187872631242e+04
1.984599862058439612e+04
1.996958844208311348e+04
2.009780294231668449e+04
2.023059174483169045e+04
2.036790249762834719e+04
2.050968087315895900e+04
2.065587056832891903e+04
2.080641330449680027e+04
2.096124882747326410e+04
2.112031490752233367e+04
2.128354733936075718e+04
2.145087994215791696e+04
2.162224455953628421e+04
2.179757105957114618e+04
2.197678733479015136e+04
2.215981930217440095e+04
2.234659090315726644e+04
2.253702410362548108e+04
2.273103889391813937e+04
2.292855328882724280e+04
2.312948332759806362e+04
2.333374307392787159e+04
2.354124461596766196e+04
2.375189806632042746e+04
2.396561156204279541e+04
2.418229126464339060e+04
1.809979923453656738e+04
1.810236786268542346e+04
1.811007274676267116e+04
1.812291088566080361e+04
1.814087727753367290e+04
1.816396491979721759e+04
1.819216480912864427e+04
1.822546594146660937e+04
1.826385531201194681e+04
1.830731791522657659e+04
1.835583674483423238e+04
1.840939279382018867e+04
1.846796505443153364e+04
1.853153051817671439e+04
1.860006417582617360e+04
1.867353901741134905e+04
1.875192603222603793e+04
1.883519420882512350e+04
1.892331053502493887e+04
1.901623999790426751e+04
1.911394558380279705e+04
1.921638827832184688e+04
1.932352706632473200e+04
1.943531893193612632e+04
1.955171885854242646e+04
1.967267982879156989e+04
1.979815282459285299e+04
1.992808682711784058e+04
2.006242881679918355e+04
2.020112377333125551e+04
2.034411467567024374e+04
2.049134250203360352e+04
2.064274622990069474e+04
2.079826283601241812e+04
2.095782729637121520e+04
2.112137258624125025e+04
2.128882968014795551e+04
2.146012755187939547e+04
2.163519317448372021e+04
2.181395152027189397e+04
2.199632556081596704e+04
2.218223626694989434e+04
2.237160260876917164e+04
2.256434155563047170e+04
2.276036807615255384e+04
2.295959513821599103e+04
2.316193370896253327e+04
2.336729275479519856e+04
2.357557924137963710e+04
2.378669813364231231e+04
1.782600465157756844e+04
1.782851949678042729e+04
1.783606302024854813e+04
1.784863218556029096e+04
1.786622193201355913e+04
1.788882517462452597e+04
1.791643280412881722e+04
1.794903368698105623e+04
1.798661466535495492e+04
1.802916055714276808e+04
1.807665415595638478e+04
1.812907623112623696e+04
1.818640552770211798e+04
1.824861876645254597e+04
1.831569064386521859e+04
1.838759383214674017e+04
1.846429897922253076e+04
1.854577470873791754e+04
1.863198762005595199e+04
1.872290228825977465e+04
1.881848126415088700e+04
1.891868507424987911e+04
1.902347222079697531e+04
1.913279918175039711e+04
1.924662041078818220e+04
1.936488833730700208e+04
1.948755336642261682e+04
1.961456387896996603e+04
1.974586623150289597e+04
1.988140475629388675e+04
2.002112176133505272e+04
2.016495753033723304e+04
2.031285032273026445e+04
2.046473637366279945e+04
2.062054989400303384e+04
2.078022307033770630e+04
2.094368606497264409e+04
2.111086701593285397e+04
2.128169203696224940e+04
2.145608521752392335e+04
2.163396862279942070e+04
2.181526229368992063e+04
2.199988424681559991e+04
2.218775047451526916e+04
2.237877494484673662e+04
2.257286960158708098e+04
2.276994436423246952e+04
2.296990712799815810e+04
2.317266376381776354e+04
2.337811811834435503e+04
1.754169351149930662e+04
1.754415315852520507e+04
1.755153107661853937e+04
1.756382419682631735e+04
1.758102740422727948e+04
1.760313353793108035e+04
1.763013339107947104e+04
1.766201571084466195e+04
1.769876719843132378e+04
1.774037250907504131e+04
1.778681425204231346e+04
1.783807299063200844e+04
1.789412724217381765e+04
1.795495347802880133e+04
1.802052612358975239e+04
1.809081755828065070e+04
1.816579811555684500e+04
1.824543608290568955e+04
1.832969770184481604e+04
1.841854716792422550e+04
1.851194663072510593e+04
1.860985619385983227e+04
1.871223391497223929e+04
1.881903580573798536e+04
1.893021583186346106e+04
1.904572591308706251e+04
1.916551592317809991e+04
1.928953368993761615e+04
1.941772499519829580e+04
1.955003357482364663e+04
1.968640111870881810e+04
1.982676727078069234e+04
1.997106962899697464e+04
2.011924374534755771e+04
2.027122312585279360e+04
2.042693923056522181e+04
2.058632147356838686e+04
2.074929722297756598e+04
2.091579180093904142e+04
2.108572848363082812e+04
2.125902850126212797e+04
2.143561103807387553e+04
2.161539323233801042e+04
2.179829017635820492e+04
2.198421491646922732e+04
2.217307845303757858e+04
2.236478974046149233e+04
2.255925568716920679e+04
2.275638115562178427e+04
2.295606896231147402e+04
1.724643332429468501e+04
1.724883634282832645e+04
1.725604436563571653e+04
1.726805429433661629e+04
1.728486096496380924e+04
1.730645714796319226e+04
1.733283354819404849e+04
1.736397880492831973e+04
1.739987949185142497e+04
1.744052011706189660e+04
1.748588312307128945e+04
1.753594888680454460e+04
1.759069571959898894e+04
1.765009986720606321e+04
1.771413550978968487e+04
1.778277476192715767e+04
1.785598767260871682e+04
1.793374222523798380e+04
1.801600433763151159e+04
1.810273786201923940e+04
1.819390458504385606e+04
1.828946422776143663e+04
1.838937444564089674e+04
1.849359082856481109e+04
1.860206690082850400e+04
1.871475412114023129e+04
1.883160188262199881e+04
1.895255751280847107e+04
1.907756627364742599e+04
1.920657136150002771e+04
1.933951390714046283e+04
1.947633297575594042e+04
1.961696556694687388e+04
1.976134661472678999e+04
1.990940898752260182e+04
2.006108348817369915e+04
2.021629885393349468e+04
2.037498175646760501e+04
2.053705680185548772e+04
2.070244653058944095e+04
2.087107141757487625e+04
2.104284987213050044e+04
2.121769823798758807e+04
2.139553079329143657e+04
2.157625975059991106e+04
2.175979525688399008e+04
2.194604539352785650e+04
2.213491617632898851e+04
2.232631155549788673e+04
2.252013341565798328e+04
1.693999548070705714e+04
1.694234044817794711e+04
1.694937430912668788e+04
1.696109393916085537e+04
1.697749413096025819e+04
1.699856759427611905e+04
1.702430495593171145e+04
1.705469475982235963e+04
1.708972346691489292e+04
1.712937545524800953e+04
1.717363301993254936e+04
1.722247637315067550e+04
1.727588364415687465e+04
1.733383087927732049e+04
1.739629204190987366e+04
1.746323901252417272e+04
1.753464158866236176e+04
1.761046748493754421e+04
1.769068233303514717e+04
1.777524968171228466e+04
1.786413099679821244e+04
1.795728566119341849e+04
1.805467097487080537e+04
1.815624215487468973e+04
1.826195233532162092e+04
1.837175256739965334e+04
1.848559181936889217e+04
1.860341697656112956e+04
1.872517284138020841e+04
1.885080213330147672e+04
1.898024548887269702e+04
1.911344146171250031e+04
1.925032652251238687e+04
1.939083505903518017e+04
1.953489937611557252e+04
1.968244969565994325e+04
1.983341415664708620e+04
1.998771881512693653e+04
2.014528764422166205e+04
2.030604253412511753e+04
2.046990329210320851e+04
2.063678764249343658e+04
2.080661122670544501e+04
2.097928760322010930e+04
2.115472824759081050e+04
2.133284255244252563e+04
2.151353782747191872e+04
2.169671929944770454e+04
2.188229011221010296e+04
2.207015132667183934e+04
1.662221995853697081e+04
1.662450547050020759e+04
1.663136095750041932e+04
1.664278327286992862e+04
1.665876717216233374e+04
1.667930531315278131e+04
1.670438825583796643e+04
1.673400446243576880e+04
1.676814029738579848e+04
1.680678002734912297e+04
1.684990582120790350e+04
1.689749775006621348e+04
1.694953378724940194e+04
1.700598980830445726e+04
1.706683959099946151e+04
1.713205481532422709e+04
1.720160506349002389e+04
1.727545781992957927e+04
1.735357847129689617e+04
1.743593030646770785e+04
1.752247451653911412e+04
1.761317019482967225e+04
1.770797433687921512e+04
1.780684184044930589e+04
1.790972550552287430e+04
1.801657603430458039e+04
1.812734203121972314e+04
1.824197000291615041e+04
1.836040435826234898e+04
1.848258740834871787e+04
1.860845936648693169e+04
1.873795834821012249e+04
1.887102037127306176e+04
1.900757935565170555e+04
1.914756712354374031e+04
1.929091339936812801e+04
1.943754580976537909e+04
1.958738988359755240e+04
1.974036905194780047e+04
1.989640464812146092e+04
2.005541590764451030e+04
2.021731996826492832e+04
2.038203186995197029e+04
2.054946455489625805e+04
2.071952886751023470e+04
2.089213355442734610e+04
2.106718526450295030e+04
2.124458854881331717e+04
2.142424586065708354e+04
2.160605755555297947e+04
1.629325917802352706e+04
1.629548389424935522e+04
1.630215698794936543e+04
1.631327529418967970e+04
1.632883353808128959e+04
1.634882433477914674e+04
1.637323818948252665e+04
1.640206349743521059e+04
1.643528654392503086e+04
1.647289150428441644e+04
1.651486044388957453e+04
1.656117331816167280e+04
1.661180797256556616e+04
1.666674014261097909e+04
1.672594345385150518e+04
1.678938942188524379e+04
1.685704745235434530e+04
1.692888484094582964e+04
1.700486677339031303e+04
1.708495632546300840e+04
1.716911446298363444e+04
1.725730004181586992e+04
1.734946980786789936e+04
1.744557839709223117e+04
1.754557833548551571e+04
1.764942003908890911e+04
1.775705181398743662e+04
1.786841985631108400e+04
1.798346825223352425e+04
1.810213897797302707e+04
1.822437189979236791e+04
1.835010477399810043e+04
1.847927324694119307e+04
1.861181085501748385e+04
1.874764902466649801e+04
1.888671707237217561e+04
1.902894220466305342e+04
1.917424951811162828e+04
1.932256199933462995e+04
1.947380052499365775e+04
1.962788386179399822e+04
1.978472866648535273e+04
1.994424948586201936e+04
2.010635875676234718e+04
2.027096680606919108e+04
2.043798185070936597e+04
2.060730999765419256e+04
2.077885524391949730e+04
2.095251947656488483e+04
2.112820247269482934e+04
1.595360423885822456e+04
1.595576693321791026e+04
1.596225395664141615e+04
1.597306213016054244e+04
1.598818615549535025e+04
1.600761861505361594e+04
1.603134997193146773e+04
1.605936856991293098e+04
1.609166063346983719e+04
1.612821026776227882e+04
1.616899945863806352e+04
1.621400807263307797e+04
1.626321385697156074e+04
1.631659243956501086e+04
1.637411732901373398e+04
1.643575991460538717e+04
1.650148946631607032e+04
1.657127313480950761e+04
1.664507595143768413e+04
1.672286082824048208e+04
1.680458855794586270e+04
1.689021781396959341e+04
1.697970515041561157e+04
1.707300500207566074e+04
1.717006968442965444e+04
1.727084939364567617e+04
1.737529220657916085e+04
1.748334408077416811e+04
1.759494885446265471e+04
1.771004824656429264e+04
1.782858185668683291e+04
1.795048716512619649e+04
1.807569953286620148e+04
1.820415220157847216e+04
1.833577629362307562e+04
1.847050081204770322e+04
1.860825264058803441e+04
1.874895654366810049e+04
1.889253516639919326e+04
1.903890903458150206e+04
1.918799655470256766e+04
1.933971401393828273e+04
1.949397558015234608e+04
1.965069330189653556e+04
1.980977710841034423e+04
1.997113480962188987e+04
2.013467209614645981e+04
2.030029253928823891e+04
2.046789759103839970e+04
2.063738658407701223e+04
1.560391590894560068e+04
1.560601549763869116e+04
1.561231320086026244e+04
1.562280583003539505e+04
1.563748807087340538e+04
1.565635248336730001e+04
1.567938950179323001e+04
1.570658743471140042e+04
1.573793246496570646e+04
1.577340864968336973e+04
1.581299792027566582e+04
1.585668008243737859e+04
1.590443281614661828e+04
1.595623167566582197e+04
1.601205008954066216e+04
1.607185936060022868e+04
1.613562866595793821e+04
1.620332505701007904e+04
1.627491345943726628e+04
1.635035667320371431e+04
1.642961537255678195e+04
1.651264810602770012e+04
1.659941129643193563e+04
1.668985924086782688e+04
1.678394411071758441e+04
1.688161595164738173e+04
1.698282268360671878e+04
1.708751010082905850e+04
1.719562187183100832e+04
1.730709953941350250e+04
1.742188252066061978e+04
1.753990810694031097e+04
1.766111146390412614e+04
1.778542563148739646e+04
1.791278152390896139e+04
1.804310792967116868e+04
1.817633151156060194e+04
1.831237680664689833e+04
1.845116622628356708e+04
1.859262005610789856e+04
1.873665645604060046e+04
1.888319146028616160e+04
1.903213897733276099e+04
1.918341078995226781e+04
1.933691655520033237e+04
1.949256380441574947e+04
1.965025794322145885e+04
1.980990225152381754e+04
1.997139788351314564e+04
2.013464386766290772e+04
1.524529568330017355e+04
1.524733129503665623e+04
1.525343706568710331e+04
1.526360980157469385e+04
1.527784417990478687e+04
1.529613274876501237e+04
1.531846592712490747e+04
1.534483200483600740e+04
1.537521714263275499e+04
1.540960537213086354e+04
1.544797859582868114e+04
1.549031658710646298e+04
1.553659699022700806e+04
1.558679532033447686e+04
1.564088496345602834e+04
1.569883717650045583e+04
1.576062108725873259e+04
1.582620369440428476e+04
1.589554986749235468e+04
1.596862234696036467e+04
1.604538174412837179e+04
1.612578654119743078e+04
1.620979309125214058e+04
1.629735561825818877e+04
1.638842621706398859e+04
1.648295485339958759e+04
1.658088936387803187e+04
1.668217545599345613e+04
1.678675670812290264e+04
1.689457456952532084e+04
1.700556836034156731e+04
1.711967527159504243e+04
1.723683036519096277e+04
1.735696657391708868e+04
1.748001470144272389e+04
1.760590342231989780e+04
1.773455928198236506e+04
1.786590669674633318e+04
1.799986795380991680e+04
1.813636321125368340e+04
1.827531049803983478e+04
1.841662571401320747e+04
1.856022262990054514e+04
1.870601288731077148e+04
1.885390599873489919e+04
1.900380934754621194e+04
1.915562818800008245e+04
1.930926564523397246e+04
1.946462271526743280e+04
1.962159826500237614e+04
1.487905540217698217e+04
1.488102641217146811e+04
1.488693837740966046e+04
1.489678810365476238e+04
1.491057026717899134e+04
1.492827741476357915e+04
1.494989996369859000e+04
1.497542620178301149e+04
1.500484228732457268e+04
1.503813224914028979e+04
1.507527798655555671e+04
1.511625926940523641e+04
1.516105373803256953e+04
1.520963690329008386e+04
1.526198214653904870e+04
1.531806071964956573e+04
1.537784174500093286e+04
1.544129221548100759e+04
1.550837699448657077e+04
1.557905881592378137e+04
1.565329828420681224e+04
1.573105387425985100e+04
1.581228193151509913e+04
1.589693667191395434e+04
1.598497018190682866e+04
1.607633241845296652e+04
1.617097120902044480e+04
1.626883225158617279e+04
1.636985911463625598e+04
1.647399323716554136e+04
1.658117392867770832e+04
1.669133836918545057e+04
1.680442160921011236e+04
1.692035656978250699e+04
1.703907404244164354e+04
1.716050268923590920e+04
1.728456904272243264e+04
1.741119750596726590e+04
1.754031035254547533e+04
1.767182772654086875e+04
1.780566764254617738e+04
1.794174598566305576e+04
1.807997651150217280e+04
1.822027084618302979e+04
1.836253848633377856e+04
1.850668679909204002e+04
1.865262102210372177e+04
1.880024426352401861e+04
1.894945750201704868e+04
1.910015958675539878e+04
1.450661255904051359e+04
1.450851858592159260e+04
1.451423560314760834e+04
1.452376042046607836e+04
1.453708772079007758e+04
1.455421006019787455e+04
1.457511786793256761e+04
1.459979944640253962e+04
1.462824097118145801e+04
1.466042649100827475e+04
1.469633792778677162e+04
1.473595507658628776e+04
1.477925560564108309e+04
1.482621505635052017e+04
1.487680684327942799e+04
1.493100225415755631e+04
1.498877044987993941e+04
1.505007846450680518e+04
1.511489120526357510e+04
1.518317145254077332e+04
1.525487985989393565e+04
1.532997495404397341e+04
1.540841313487708248e+04
1.549014867544456138e+04
1.557513372196262935e+04
1.566331829381297212e+04
1.575465028354228707e+04
1.584907545686246522e+04
1.594653745265077305e+04
1.604697778294930686e+04
1.615033583296562938e+04
1.625654886107231505e+04
1.636555199880704095e+04
1.647727825087304154e+04
1.659165849513819921e+04
1.670862148263595373e+04
1.682809383756484749e+04
1.695000005728852557e+04
1.707426251233573566e+04
1.720080144640032813e+04
1.732953497634189262e+04
1.746037909218457571e+04
1.759324765711780856e+04
1.772805240749657969e+04
1.786470295284052554e+04
1.800310677583465804e+04
1.814316923232945555e+04
1.828479355133995341e+04
1.842788083504701717e+04
1.857233005879652410e+04
1.412949550946432282e+04
1.413133641042159070e+04
1.413685805270633864e+04
1.414605725455603533e+04
1.415892871303367428e+04
1.417546500402750098e+04
1.419565658225028528e+04
1.421949178124086757e+04
1.424695681336261259e+04
1.427803576980422804e+04
1.431271062057976451e+04
1.435096121452797888e+04
1.439276527931315286e+04
1.443809842142482012e+04
1.448693412617722061e+04
1.453924375771030100e+04
1.459499655898871424e+04
1.465415965180263811e+04
1.471669803676713855e+04
1.478257459332235157e+04
1.485175007973421089e+04
1.492418313309290170e+04
1.499983026931458880e+04
1.507864588314005232e+04
1.516058224813559718e+04
1.524558951669232556e+04
1.533361572002677349e+04
1.542460676818063803e+04
1.551850645002059537e+04
1.561525643323866461e+04
1.571479626435184400e+04
1.581706336870265659e+04
1.592199305045824076e+04
1.602951849261116877e+04
1.613957075697953769e+04
1.625207878420596899e+04
1.636696939375851798e+04
1.648416728393076482e+04
1.660359503184063215e+04
1.672517309343211309e+04
1.684881980347363424e+04
1.697445137555905603e+04
1.710198190210767279e+04
1.723132335436357607e+04
1.736238558239620033e+04
1.749507631509977728e+04
1.762930116019442721e+04
1.776496360422470389e+04
1.790196501256068586e+04
1.804020462939770368e+04
1.374939217961091344e+04
1.375116806751943841e+04
1.375649467496473335e+04
1.376536883310786834e+04
1.377778526055026305e+04
1.379373656333359577e+04
1.381321323494044009e+04
1.383620365629381013e+04
1.386269409575679674e+04
1.389266870913388630e+04
1.392610953966959642e+04
1.396299651804883979e+04
1.400330746239742439e+04
1.404701807828132587e+04
1.409410195870750613e+04
1.414453058412309474e+04
1.419827332241602562e+04
1.425529742891440037e+04
1.431556804638730682e+04
1.437904820504418240e+04
1.444569882253481410e+04
1.451547870394988422e+04
1.458834454182015179e+04
1.466425091611727112e+04
1.474315029425360990e+04
1.482499303108161257e+04
1.490972736889425505e+04
1.499729943742559044e+04
1.508765325384974858e+04
1.518073072278139080e+04
1.527647163627607370e+04
1.537481367382952158e+04
1.547569240237826307e+04
1.557904127629899449e+04
1.568479163740948934e+04
1.579287271496768881e+04
1.590321162567206557e+04
1.601573337366171472e+04
1.613036085051644477e+04
1.624701483525623189e+04
1.636561399434185660e+04
1.648607488167444899e+04
1.660831193859603445e+04
1.673223749388880606e+04
1.685776176377567026e+04
1.698479285191997405e+04
1.711323674942568687e+04
1.724299733483730961e+04
1.737397637413978373e+04
1.750607352075867311e+04
1.336819643864137106e+04
1.336990769046001333e+04
1.337504039536734126e+04
1.338359140171801300e+04
1.339555545676957991e+04
1.341092520668280486e+04
1.342969119652129848e+04
1.345184187025201936e+04
1.347736357074454645e+04
1.350624053977194308e+04
1.353845491801012031e+04
1.357398674503797338e+04
1.361281395933760905e+04
1.365491239829407277e+04
1.370025579819548511e+04
1.374881579423308722e+04
1.380056192050096797e+04
1.385546160999647327e+04
1.391348019462011507e+04
1.397458090517493474e+04
1.403872487136768541e+04
1.410587112180755867e+04
1.417597658400736691e+04
1.424899608438236100e+04
1.432488234825150357e+04
1.440358599983637760e+04
1.448505556226164117e+04
1.456923745755511845e+04
1.465607600664761776e+04
1.474551342937302252e+04
1.483748984446829127e+04
1.493194326957345766e+04
1.502880962123144855e+04
1.512802271488835686e+04
1.522951426489335063e+04
1.533321388449876395e+04
1.543904908585955127e+04
1.554694528003428786e+04
1.565682577698398745e+04
1.576861178557328458e+04
1.588222241356961604e+04
1.599757466764322089e+04
1.611458345336786806e+04
1.623316157522021967e+04
1.635321973657964918e+04
1.647466653972896893e+04
1.659740848585388449e+04
1.672134997504326748e+04
1.684639330628888274e+04
1.697243867748566117e+04
1.298798565847660029e+04
1.298963293430933845e+04
1.299457371834341757e+04
1.300280488018715914e+04
1.301432120252106870e+04
1.302911538109774483e+04
1.304717802474197015e+04
1.306849765535080223e+04
1.309306070789330079e+04
1.312085153041084595e+04
1.315185238401709285e+04
1.318604344289760775e+04
1.322340279431023191e+04
1.326390643858517251e+04
1.330752828912463883e+04
1.335424017240297871e+04
1.340401182796681496e+04
1.345681090843509082e+04
1.351260297949856977e+04
1.357135151992042665e+04
1.363301792153597489e+04
1.369756148925289381e+04
1.376493944105059200e+04
1.383510690798102587e+04
1.390801693416851776e+04
1.398362047680884643e+04
1.406186640617079320e+04
1.414270150559450485e+04
1.422607047149313075e+04
1.431191591335145858e+04
1.440017835372664194e+04
1.449079622824783655e+04
1.458370588561683689e+04
1.467884158760680293e+04
1.477613550906398814e+04
1.487551773790637526e+04
1.497691627512394916e+04
1.508025703477924253e+04
1.518546384400679017e+04
1.529245844301321995e+04
1.540116048507752566e+04
1.551148753655070323e+04
1.562335507685629636e+04
1.573667649848948713e+04
1.585136310701800539e+04
1.596732412108167409e+04
1.608446667239231829e+04
1.620269580573440180e+04
1.632191447896402678e+04
1.644202356300984320e+04
1.261092183955151995e+04
1.261250610678835073e+04
1.261725787336681606e+04
1.262517403389133506e+04
1.263624941270236377e+04
1.265047676387644060e+04
1.266784677122655012e+04
1.268834804830157736e+04
1.271196713838694450e+04
1.273868851450397415e+04
1.276849457941025321e+04
1.280136566559949642e+04
1.283728003530177375e+04
1.287621388048332847e+04
1.291814132284644074e+04
1.296303441382956407e+04
1.301086313460759811e+04
1.306159539609134299e+04
1.311519703892790858e+04
1.317163183350080544e+04
1.323086147992917176e+04
1.329284560806900117e+04
1.335754177751196039e+04
1.342490547758616231e+04
1.349489012735593860e+04
1.356744707562174881e+04
1.364252560091990745e+04
1.372007291152340258e+04
1.380003414544125917e+04
1.388235237041881192e+04
1.396696858393715956e+04
1.405382171321398346e+04
1.414284861520300183e+04
1.423398407659433360e+04
1.432716081381395270e+04
1.442230947302405184e+04
1.451935863012340633e+04
1.461823479074646457e+04
1.471886239026425756e+04
1.482116379378385318e+04
1.492505929614844717e+04
1.503046712193754502e+04
1.513730342546678003e+04
1.524548229078791337e+04
1.535491573168901596e+04
1.546551369169428654e+04
1.557718404406405170e+04
1.568983259179494780e+04
1.580336306761982996e+04
1.591767713400759021e+04
1.223924664323089928e+04
1.224076920221395994e+04
1.224533585346457585e+04
1.225294351988591188e+04
1.226358707298400077e+04
1.227725933286674262e+04
1.229395106824472350e+04
1.231365099643048779e+04
1.233634578333922036e+04
1.236202004348833725e+04
1.239065633999730380e+04
1.242223518458827130e+04
1.245673503758553124e+04
1.249413230791556089e+04
1.253440135310743244e+04
1.257751447929222195e+04
1.262344194120364591e+04
1.267215194217756107e+04
1.272361063415205535e+04
1.277778211766762979e+04
1.283462844186715301e+04
1.289410960449586128e+04
1.295618355190099464e+04
1.302080617903229722e+04
1.308793132944192621e+04
1.315751079528436094e+04
1.322949431731613004e+04
1.330382958489626617e+04
1.338046223598621509e+04
1.345933585714947185e+04
1.354039198355203553e+04
1.362357009896231830e+04
1.370880763575059973e+04
1.379603997488993627e+04
1.388520044595570653e+04
1.397622032712515647e+04
1.406902884517812709e+04
1.416355317549705433e+04
1.425971844206615060e+04
1.435744771747222330e+04
1.445666202290449291e+04
1.455728032815432016e+04
1.465921955161529695e+04
1.476239456028351924e+04
1.486671816975749607e+04
1.497210114423769483e+04
1.507845219652717788e+04
1.518567798803114783e+04
1.529368312875740230e+04
1.540237017731560627e+04
1.187525397503450222e+04
1.187671645710220218e+04
1.188110288798384317e+04
1.188841022171513941e+04
1.189863338168911469e+04
1.191176526065578400e+04
1.192779672072251742e+04
1.194671659335376717e+04
1.196851167937102218e+04
1.199316674895335382e+04
1.202066454163650633e+04
1.205098576631362448e+04
1.208410910123525355e+04
1.212001119400870266e+04
1.215866666159877241e+04
1.220004809032720914e+04
1.224412603587306876e+04
1.229086902327258031e+04
1.234024354691910048e+04
1.239221407056320459e+04
1.244674302731255011e+04
1.250379081963210410e+04
1.256331581934391579e+04
1.262527436762702564e+04
1.268962077501828389e+04
1.275630732141080443e+04
1.282528425605569282e+04
1.289649979756077300e+04
1.296990013389113301e+04
1.304542942236912495e+04
1.312302978967418312e+04
1.320264133184273305e+04
1.328420211426901005e+04
1.336764817170369497e+04
1.345291350825500558e+04
1.353993009738842375e+04
1.362862788192624066e+04
1.371893477404801160e+04
1.381077665529101068e+04
1.390407737654913944e+04
1.399875875807329066e+04
1.409474058947207595e+04
1.419194062971118910e+04
1.429027460711304229e+04
1.438965621935767558e+04
1.448999713348239311e+04
1.459120698588103551e+04
1.469319338230525318e+04
1.479586189786359682e+04
1.489911607702179026e+04
1.152083613245190463e+04
1.152224039804423228e+04
1.152645219068149345e+04
1.153346849794588707e+04
1.154328429914030494e+04
1.155589256528937767e+04
1.157128425913861065e+04
1.158944833515492974e+04
1.161037173952659032e+04
1.163403941016294993e+04
1.166043427669469565e+04
1.168953726047379860e+04
1.172132727457355941e+04
1.175578122378833541e+04
1.179287400463385893e+04
1.183257850534705540e+04
1.187486560588631619e+04
1.191970417793104389e+04
1.196706108488197060e+04
1.201690118186115797e+04
1.206918731571186072e+04
1.212388032499857218e+04
1.218093904000716066e+04
1.224032028274455115e+04
1.230197886693908913e+04
1.236586759804035864e+04
1.243193727321922779e+04
1.250013668136766682e+04
1.257041260309906647e+04
1.264270981074787414e+04
1.271697106837018509e+04
1.279313713174296936e+04
1.287114674836466293e+04
1.295093665745462204e+04
1.303244158995412363e+04
1.311559426852500110e+04
1.320032540755073569e+04
1.328656371313609270e+04
1.337423588310684863e+04
1.346326660701015498e+04
1.355357856611444731e+04
1.364509243340944522e+04
1.373772687360624332e+04
1.383139854313676551e+04
1.392602209015458357e+04
1.402151015453446234e+04
1.411777336787226886e+04
1.421472035348533609e+04
1.431225772641219010e+04
1.441029009341245910e+04
1.117785962074758572e+04
1.117920773780128911e+04
1.118325109666443495e+04
1.118998672044426712e+04
1.119940964765219178e+04
1.121151293220482330e+04
1.122628764342293834e+04
1.124372286603233988e+04
1.126380570016317506e+04
1.128652126135061735e+04
1.131185268053427535e+04
1.133978110405837469e+04
1.137028569367198543e+04
1.140334362652879463e+04
1.143893009518701547e+04
1.147701830760975099e+04
1.151757948716444844e+04
1.156058287262362683e+04
1.160599571816414937e+04
1.165378329336776915e+04
1.170390888322067440e+04
1.175633378811380680e+04
1.181101732384295246e+04
1.186791682160828714e+04
1.192698762801487646e+04
1.198818310507231217e+04
1.205145463019489398e+04
1.211675159620153863e+04
1.218402141131600729e+04
1.225320949916640529e+04
1.232425929878581883e+04
1.239711226461186016e+04
1.247170786648694047e+04
1.254798358965781517e+04
1.262587493477612952e+04
1.270531541789823677e+04
1.278623657048510722e+04
1.286856793940232819e+04
1.295223708692028595e+04
1.303716959071352903e+04
1.312328904386213253e+04
1.321051705485024286e+04
1.329877324756671442e+04
1.338797526130529150e+04
1.347803875076406257e+04
1.356887738604600600e+04
1.366040285265889906e+04
1.375252485151495421e+04
1.384515109893100089e+04
1.393818732662875846e+04
1.084805706274732984e+04
1.084935126503150968e+04
1.085323289194557219e+04
1.085969900367317678e+04
1.086874470052084689e+04
1.088036312291742433e+04
1.089454545141456947e+04
1.091128090668630648e+04
1.093055674952925074e+04
1.095235828086269976e+04
1.097666884172840582e+04
1.100346981329057598e+04
1.103274061683637228e+04
1.106445871377495678e+04
1.109859960563853747e+04
1.113513683408168617e+04
1.117404198088147496e+04
1.121528466793756706e+04
1.125883255727235337e+04
1.130465135103067951e+04
1.135270479147980041e+04
1.140295466100978956e+04
1.145536078213308429e+04
1.150988101748471308e+04
1.156647126982247755e+04
1.162508548202649763e+04
1.168567563709939350e+04
1.174819175816674033e+04
1.181258190847629521e+04
1.187879219139849738e+04
1.194676675042633178e+04
1.201644776917528361e+04
1.208777547138379305e+04
1.216068812091225482e+04
1.223512202174415506e+04
1.231101151798493447e+04
1.238828899386335252e+04
1.246688487373012322e+04
1.254672762205891559e+04
1.262774374344571697e+04
1.270985778260919687e+04
1.279299232439034313e+04
1.287706799375309856e+04
1.296200345578363340e+04
1.304771541569107285e+04
1.313411861880658762e+04
1.322112585058412151e+04
1.330864793660048235e+04
1.339659374255479634e+04
1.348487017426841703e+04
1.053297873531128062e+04
1.053422137013471911e+04
1.053794830740521320e+04
1.054415664552361704e+04
1.055284154849132392e+04
1.056399624591008433e+04
1.057761203298246073e+04
1.059367827051132736e+04
1.061218238490014301e+04
1.063310986815304204e+04
1.065644427787447057e+04
1.068216723726968667e+04
1.071025843514426015e+04
1.074069562590434543e+04
1.077345462955663606e+04
1.080850933170845565e+04
1.084583168356762144e+04
1.088539170194235339e+04
1.092715746924163795e+04
1.097109513347477332e+04
1.101716890825182418e+04
1.106534107278312149e+04
1.111557197187989914e+04
1.116782001595347538e+04
1.122204168101611685e+04
1.127819150868031102e+04
1.133622210615940276e+04
1.139608414626695776e+04
1.145772636741721726e+04
1.152109557362509804e+04
1.158613663450573767e+04
1.165279248527522213e+04
1.172100412674967629e+04
1.179071062534626435e+04
1.186184911308228038e+04
1.193435478757583041e+04
1.200816091204551412e+04
1.208319881531024294e+04
1.215939789178974024e+04
1.223668560150417761e+04
1.231498747007408383e+04
1.239422708872098156e+04
1.247432611426656877e+04
1.255520426913290066e+04
1.263677934134302632e+04
1.271896718452026107e+04
1.280168171788864129e+04
1.288483492627246960e+04
1.296833686009676967e+04
1.305209563538719522e+04
1.023412099779307027e+04
1.023531452239035389e+04
1.023889414195359677e+04
1.024485699379656580e+04
1.025319830677567552e+04
1.026391140128994266e+04
1.027698768928075879e+04
1.029241667423243598e+04
1.031018595117134282e+04
1.033028120666699579e+04
1.035268621883101332e+04
1.037738285731766155e+04
1.040435108332399068e+04
1.043356894958938028e+04
1.046501260039590306e+04
1.049865627156814298e+04
1.053447229047324072e+04
1.057243107602089367e+04
1.061250113866326501e+04
1.065464908039543843e+04
1.069883959475464508e+04
1.074503546682085471e+04
1.079319757321659381e+04
1.084328488210690011e+04
1.089525445319954997e+04
1.094906143774469456e+04
1.100465907853508725e+04
1.106199870990599265e+04
1.112102975773536855e+04
1.118169973944368394e+04
1.124395426399405551e+04
1.130773703189188382e+04
1.137298983518530804e+04
1.143965255746516050e+04
1.150766317386460287e+04
1.157695775105953544e+04
1.164747044726827880e+04
1.171913351225184670e+04
1.179187728731376410e+04
1.186563020530002177e+04
1.194031879059921266e+04
1.201586765914271382e+04
1.209219951840423164e+04
1.216923516740007472e+04
1.224689349668906289e+04
1.232509148837270914e+04
1.240374421609485580e+04
1.248276484504240216e+04
1.256206463194421303e+04
1.264155292507211925e+04
9.952426736054349021e+03
9.953573702465564566e+03
9.957013660520442500e+03
9.962743786682358405e+03
9.970759375057195939e+03
9.981053837393119466e+03
9.993618703080528576e+03
1.000844361915214904e+04
1.002551635028321471e+04
1.004482277879092180e+04
1.006634690463524748e+04
1.009007084541817676e+04
1.011597483638402082e+04
1.014403723041950798e+04
1.017423449805373821e+04
1.020654122745800123e+04
1.024093012444609485e+04
1.027737201247377925e+04
1.031583583263964101e+04
1.035628864368413815e+04
1.039869562199028223e+04
1.044302006158341101e+04
1.048922337413109744e+04
1.053726508894324070e+04
1.058710285297211158e+04
1.063869243081235254e+04
1.069198770470075033e+04
1.074694067451669071e+04
1.080350145778156730e+04
1.086161828965937275e+04
1.092123752295606209e+04
1.098230362812041676e+04
1.104475919324313509e+04
1.110854492405751444e+04
1.117359964393876908e+04
1.123986029390489421e+04
1.130726193261602930e+04
1.137573773637454906e+04
1.144521899912515437e+04
1.151563513245509967e+04
1.158691366559378366e+04
1.165898024541274935e+04
1.173175863642627519e+04
1.180517072079073841e+04
1.187913649830461509e+04
1.195357408640902577e+04
1.202839972018755361e+04
1.210352775236551679e+04
1.217887065331115082e+04
1.225433901103469907e+04
9.688676797480275127e+03
9.689779845975272110e+03
9.693088063246932506e+03
9.698598664655582979e+03
9.706307009135207409e+03
9.716206599193037619e+03
9.728289080910190023e+03
9.742544243940983506e+03
9.758960021513576066e+03
9.777522490429464597e+03
9.798215871063848681e+03
9.821022527365312271e+03
9.845922966856142011e+03
9.872895840632008913e+03
9.901917943362241203e+03
9.932964213289687905e+03
9.966007732230764304e+03
1.000101972557540648e+04
1.003796956228698036e+04
1.007682475490255456e+04
1.011755095953271848e+04
1.016011197586153685e+04
1.020446974714673161e+04
1.025058436021936359e+04
1.029841404548424180e+04
1.034791517691960507e+04
1.039904227207734948e+04
1.045174799208280092e+04
1.050598314163476061e+04
1.056169666900582342e+04
1.061883566604196858e+04
1.067734536816265063e+04
1.073716915436102681e+04
1.079824854720363874e+04
1.086052321283077617e+04
1.092393096095602232e+04
1.098840774486670853e+04
1.105388766142364148e+04
1.112030295106114863e+04
1.118758399778726016e+04
1.125565932918307226e+04
1.132445561640370215e+04
1.139389767417787880e+04
1.146390846080739720e+04
1.153440907816802792e+04
1.160531877170869848e+04
1.167655493045258481e+04
1.174803308699529225e+04
1.181966691750703831e+04
1.189136824173110654e+04
9.443272136995847177e+03
9.444333919417840661e+03
9.447518351230019107e+03
9.452822686071658609e+03
9.460242346674885994e+03
9.469770924864405970e+03
9.481400181557773976e+03
9.495120046765532607e+03
9.510918619590938761e+03
9.528782168229872696e+03
9.548695129971292772e+03
9.570640111196871658e+03
9.594597887380996326e+03
9.620547403090859007e+03
9.648465771986593609e+03
9.678328276821093823e+03
9.710108369439922171e+03
9.743777670781719280e+03
9.779305970877521759e+03
9.816661228851717169e+03
9.855809572920907158e+03
9.896715300394862425e+03
9.939340877676158925e+03
9.983646940260132396e+03
1.002959229273469646e+04
1.007713390878088831e+04
1.012622693117236850e+04
1.017682467177573926e+04
1.022887861155027167e+04
1.028233840054808752e+04
1.033715185791411386e+04
1.039326497188617395e+04
1.045062189979457798e+04
1.050916496806294163e+04
1.056883467220723105e+04
1.062956967683653602e+04
1.069130681565256964e+04
1.075398109144985028e+04
1.081752567611574705e+04
1.088187191063052524e+04
1.094694930506702804e+04
1.101268553859117674e+04
1.107900645946147051e+04
1.114583608502925927e+04
1.121309660173883458e+04
1.128070836512742972e+04
1.134858989982421917e+04
1.141665789955231958e+04
1.148482722712706163e+04
1.155301091445653583e+04
9.216133148813651133e+03
9.217156232373417879e+03
9.220224580085823618e+03
9.225335483049866525e+03
9.232484426430846725e+03
9.241665089459957017e+03
9.252869345434646675e+03
9.266087261718166701e+03
9.281307099740160993e+03
9.298515314996029701e+03
9.317696557047520400e+03
9.338833669522273340e+03
9.361907690114185243e+03
9.386897850582863612e+03
9.413781576754627167e+03
9.442534488521187086e+03
9.473130399840647442e+03
9.505541318737368783e+03
9.539737447301422435e+03
9.575687181689090721e+03
9.613357112122866965e+03
9.652712022891091692e+03
9.693714892348361900e+03
9.736326892915303688e+03
9.780507391078572255e+03
9.826213947390988324e+03
9.873402316471265294e+03
9.922026447004327565e+03
9.972038481741310534e+03
1.002338875749901490e+04
1.007602580516081616e+04
1.012989634967575512e+04
1.018494531005917452e+04
1.024111579939244621e+04
1.029834912482297113e+04
1.035658478756431577e+04
1.041576048289589380e+04
1.047581210016355726e+04
1.053667372277886898e+04
1.059827762821978467e+04
1.066055428803006180e+04
1.072343236781971427e+04
1.078683872726473965e+04
1.085069842010734646e+04
1.091493469415536310e+04
1.097946899128346558e+04
1.104422094743176785e+04
1.110910839260686771e+04
1.117404735088093730e+04
1.123895204039272357e+04
9.007014254738805903e+03
9.008001091381493097e+03
9.010960710501240101e+03
9.015890439673557921e+03
9.022785824857510306e+03
9.031640630395804692e+03
9.042446839014701254e+03
9.055194651824194807e+03
9.069872488317832904e+03
9.086466986372761312e+03
9.104963002249951387e+03
9.125343610593654375e+03
9.147590104432219960e+03
9.171681995177050339e+03
9.197597012623691626e+03
9.225311104950969820e+03
9.254798438721536513e+03
9.286031398881550558e+03
9.318980588760950923e+03
9.353614830073092890e+03
9.389901162915066379e+03
9.427804845767650477e+03
9.467289355495131531e+03
9.508316387345485055e+03
9.550845854950330249e+03
9.594835890324839056e+03
9.640242843867918054e+03
9.687021284361981088e+03
9.735123998973131165e+03
9.784501993251205931e+03
9.835104491129368398e+03
9.886878934924743589e+03
9.939770985337918319e+03
9.993724521452941190e+03
1.004868164073791377e+04
1.010458265904426298e+04
1.016136611060701398e+04
1.021896874804492654e+04
1.027732554236040414e+04
1.033636968293935752e+04
1.039603257755156847e+04
1.045624385235005320e+04
1.051693135187188091e+04
1.057802113903730969e+04
1.063943749515065065e+04
1.070110291989958569e+04
1.076293813135562232e+04
1.082486206597350247e+04
1.088679187859206650e+04
1.094864294243352560e+04
8.815213028278185448e+03
8.816165888595105571e+03
8.819023590577126015e+03
8.823783497317663205e+03
8.830441213972335390e+03
8.838990587759326445e+03
8.849423707958885643e+03
8.861730905913736933e+03
8.875900755028669664e+03
8.891920070771038809e+03
8.909773910670219266e+03
8.929445574318106083e+03
8.950916603368841606e+03
8.974166781538724535e+03
8.999174134606528241e+03
9.025914930413182447e+03
9.054363678862046072e+03
9.084493131918725339e+03
9.116274283611028295e+03
9.149676370029237660e+03
9.184666869325610605e+03
9.221211501715106351e+03
9.259274229474704043e+03
9.298817256943902976e+03
9.339801030524176895e+03
9.382184238679610644e+03
9.425923811936308994e+03
9.470974922883078762e+03
9.517290986170473843e+03
9.564823658511750182e+03
9.613522838682320071e+03
9.663336667519979528e+03
9.714211527924680922e+03
9.766092044858805821e+03
9.818921085346892141e+03
9.872639758475861527e+03
9.927187415394973868e+03
9.982501649315781833e+03
1.003851829551190349e+04
1.009517143131961348e+04
1.015239337613711541e+04
1.021011469142531496e+04
1.026826418070704676e+04
1.032676888956771108e+04
1.038555410565468264e+04
1.044454335867799273e+04
1.050365842040991993e+04
1.056281930468448991e+04
1.062194426739897608e+04
1.068094980651203514e+04
8.639786336831275548e+03
8.640707272465670030e+03
8.643469211950969111e+03
8.648069553034383716e+03
8.654503958627310567e+03
8.662766356806105250e+03
8.672848940811763896e+03
8.684742169049741278e+03
8.698434765090360088e+03
8.713913717668447134e+03
8.731164280683378820e+03
8.750169973199581364e+03
8.770912579445666779e+03
8.793372148815205946e+03
8.817526995866228390e+03
8.843353700321586075e+03
8.870827107068589612e+03
8.899920326159372053e+03
8.930604732810661517e+03
8.962849967403735718e+03
8.996623935484694812e+03
9.031892807764006648e+03
9.068621020117279841e+03
9.106771273584263326e+03
9.146304534369528483e+03
9.187180033842423654e+03
9.229355268536801304e+03
9.272786000151245389e+03
9.317426255548889458e+03
9.363228326757734976e+03
9.410142770970105630e+03
9.458118410543193022e+03
9.507102332998874772e+03
9.557039891023487144e+03
9.607874702468188843e+03
9.659548650348642695e+03
9.712001882845333967e+03
9.765172813303252042e+03
9.818998120232163274e+03
9.873412747306247184e+03
9.928349903364596685e+03
9.983741062410899758e+03
1.003951596361330303e+04
1.009560261130486651e+04
1.015192727498310887e+04
1.020841448931028026e+04
1.026498705411313495e+04
1.032156603438361344e+04
1.037807076027729636e+04
1.043441882711540529e+04
8.479395241714109943e+03
8.480286090211575356e+03
8.482957779604066673e+03
8.487407741592278398e+03
8.493631695677277094e+03
8.501623649160637797e+03
8.511375897144307601e+03
8.522879022530651127e+03
8.536121896022541478e+03
8.551091676123178331e+03
8.567773809136406271e+03
8.586152029166169086e+03
8.606208358117146417e+03
8.627923105694389960e+03
8.651274869403232515e+03
8.676240534549651784e+03
8.702795274239997525e+03
8.730912549380855125e+03
8.760564108679545825e+03
8.791719988643626493e+03
8.824348513581253428e+03
8.858416295600864032e+03
8.893888234611267762e+03
8.930727518322055403e+03
8.968895622242871468e+03
9.008352309683959902e+03
9.049055631756118601e+03
9.090961927370290141e+03
9.134025823238198427e+03
9.178200233871666569e+03
9.223436361583162579e+03
9.269683696485526525e+03
9.316890016492152427e+03
9.365001387316533510e+03
9.413962162473035278e+03
9.463714983276213388e+03
9.514200778841041028e+03
9.565358766082999864e+03
9.617126449718034564e+03
9.669439622262416378e+03
9.722232364032925034e+03
9.775437043146803262e+03
9.828984315521665849e+03
9.882803124875636058e+03
9.936820702727163734e+03
9.990962568395252674e+03
1.004515252899923325e+04
1.009931267945894433e+04
1.015336340249477871e+04
1.020722336862718294e+04
8.332218103227114625e+03
8.333080500548840064e+03
8.335666847583433992e+03
8.339974609539058292e+03
8.345999561762937446e+03
8.353735789740903783e+03
8.363175689097761278e+03
8.374309965597103655e+03
8.387127635141359860e+03
8.401616023771839536e+03
8.417760767668551125e+03
8.435545813150520189e+03
8.454953416675607514e+03
8.475964144840236258e+03
8.498556874380028603e+03
8.522708792169169101e+03
8.548395395220859427e+03
8.575590490687000056e+03
8.604266195858508581e+03
8.634392938164819498e+03
8.665939455174611794e+03
8.698872794594990410e+03
8.733158314272395728e+03
8.768759682191512184e+03
8.805638876476314181e+03
8.843756185389429447e+03
8.883070207332320933e+03
8.923537850845377761e+03
8.965114334607642377e+03
9.007753187437174347e+03
9.051406248290913936e+03
9.096023666264454732e+03
9.141553900592271020e+03
9.187943720647717782e+03
9.235138205943076173e+03
9.283080746129144245e+03
9.331713040996055497e+03
9.380975100472278427e+03
9.430805244625480555e+03
9.481140103661982721e+03
9.531914617926895517e+03
9.583062037904392128e+03
9.634513924217344538e+03
9.686200147627278056e+03
9.738048889034917011e+03
9.789986639479639052e+03
9.841938200139566106e+03
9.893826682331882694e+03
9.945573507512290234e+03
9.997098407275734644e+03
8.196214106842217006e+03
8.197049464100791738e+03
8.199554702073237422e+03
8.203727319350036851e+03
8.209563146915161269e+03
8.217056348146206801e+03
8.226199418814530873e+03
8.236983187084933888e+03
8.249396813515795657e+03
8.263427791059211813e+03
8.279061945060902872e+03
8.296283433260123275e+03
8.315074745789752342e+03
8.335416705176339747e+03
8.357288466339832667e+03
8.380667516594166955e+03
8.405529675646539545e+03
8.431849095597863197e+03
8.459598260942721026e+03
8.488747988569230074e+03
8.519267427759223210e+03
8.551124060188021758e+03
8.584283699924480970e+03
8.618710493431399300e+03
8.654366919564790805e+03
8.691213789574567272e+03
8.729210247104083464e+03
8.768313768190364499e+03
8.808480161263969421e+03
8.849663567149309529e+03
8.891816459064011724e+03
8.934889642619600636e+03
8.978832255821225772e+03
9.023591769067479618e+03
9.069113985150670487e+03
9.115343039256595148e+03
9.162221398964811669e+03
9.209689864248412050e+03
9.257687567474113166e+03
9.306151973402211297e+03
9.355018879186627601e+03
9.404222414374953587e+03
9.453695040908314695e+03
9.503367553121370293e+03
9.553169077742586524e+03
9.603027073893872512e+03
9.652867333090807733e+03
9.702613979242642017e+03
9.752189468652113646e+03
9.801514590015585782e+03
8.069175499989432865e+03
8.069984971376698013e+03
8.072412562999898000e+03
8.076455807243110030e+03
8.082110591412947542e+03
8.089371157738696638e+03
8.098230103372543454e+03
8.108678380389255835e+03
8.120705295786228817e+03
8.134298511483393668e+03
8.149444044323718117e+03
8.166126266072433282e+03
8.184327903417943162e+03
8.204030037970778722e+03
8.225212106264598333e+03
8.247851899755596605e+03
8.271925564822367960e+03
8.297407602766679702e+03
8.324270869812607998e+03
8.352486577107038102e+03
8.382024290719573401e+03
8.412851931642444470e+03
8.444935775790463595e+03
8.478240454001343096e+03
8.512728952035286056e+03
8.548362610575213694e+03
8.585101125226856311e+03
8.622902546518480449e+03
8.661723279900934358e+03
8.701518085748011799e+03
8.742240079356133720e+03
8.783840730944075403e+03
8.826269865653739544e+03
8.869475663549474120e+03
8.913404659618208825e+03
8.958001743769818859e+03
9.003210160836670184e+03
9.048971510573755950e+03
9.095225747659060289e+03
9.141911181692830723e+03
9.188964477198214809e+03
9.236320653621169185e+03
9.283913085330004833e+03
9.331673501616023714e+03
9.379531986692927603e+03
9.427416979697409261e+03
9.475255274688424834e+03
9.522972020648012403e+03
9.570490721480746288e+03
9.617733236013827991e+03
7.948679161126619874e+03
7.949463615023523744e+03
7.951816165792661195e+03
7.955734380669582606e+03
7.961214205047144787e+03
7.968249962474965287e+03
7.976834354659831661e+03
7.986958461465701475e+03
7.998611740913429458e+03
8.011782029181085818e+03
8.026455540603728878e+03
8.042616867673496017e+03
8.060248981039603677e+03
8.079333229508347358e+03
8.099849340043010670e+03
8.121775417764138183e+03
8.145087945949126151e+03
8.169761786032540840e+03
8.195770177605982099e+03
8.223084738418174311e+03
8.251675464374875446e+03
8.281510729538922533e+03
8.312557286130186185e+03
8.344780264525570601e+03
8.378143173259240939e+03
8.412607899022259517e+03
8.448134706662585813e+03
8.484682239185713115e+03
8.522207517753849970e+03
8.560665941686374936e+03
8.600011288459745629e+03
8.640195713707362302e+03
8.681169751219886166e+03
8.722882312944966543e+03
8.765280688987286339e+03
8.808310547608652996e+03
8.851915935227771115e+03
8.896039276420742681e+03
8.940621373920521364e+03
8.985601408617003472e+03
9.030916939557482692e+03
9.076503903946058927e+03
9.122296617143956610e+03
9.168227772669615661e+03
9.214228442198282210e+03
9.260228075562463346e+03
9.306154500751836167e+03
9.351933923912702085e+03
9.397490929348896316e+03
9.442748479521151239e+03
7.832169857812414193e+03
7.832929892604897759e+03
7.835209198270831621e+03
7.839005378675619795e+03
7.844314440261950949e+03
7.851130792049389129e+03
7.859447245634373758e+03
7.869255015190628910e+03
7.880543717468663090e+03
7.893301371796087551e+03
7.907514400077525352e+03
7.923167626794747775e+03
7.940244279006265060e+03
7.958725986347826620e+03
7.978592781032102721e+03
7.999823097848775433e+03
8.022393774164629576e+03
8.046280049923325350e+03
8.071455567645671181e+03
8.097892372429441821e+03
8.125560911949423826e+03
8.154430036457279130e+03
8.184466998782090741e+03
8.215637454329407774e+03
8.247905461082200418e+03
8.281233479600405190e+03
8.315582373020743034e+03
8.350911407057128599e+03
8.387178250000624757e+03
8.424338972718942387e+03
8.462348048657122490e+03
8.501158353837126924e+03
8.540721166857929347e+03
8.580986168895469746e+03
8.621901443702745382e+03
8.663413477609810798e+03
8.705467159523641385e+03
8.748005780928269814e+03
8.790971035884831508e+03
8.834303021031337266e+03
8.877940235582855166e+03
8.921819581331556037e+03
8.965876362646531561e+03
9.010044286473930697e+03
9.054255462336914206e+03
9.098440402335563704e+03
9.142528021147109030e+03
9.186445636025746353e+03
9.230118966802729119e+03
9.273472135886140677e+03
7.716985033257333271e+03
7.717721007106092657e+03
7.719928143011293287e+03
7.723604084049475205e+03
7.728744902015205298e+03
7.735345097420713500e+03
7.743397599496029216e+03
7.752893766189026792e+03
7.763823384165198149e+03
7.776174668807925627e+03
7.789934264218527460e+03
7.805087243215893977e+03
7.821617107336714980e+03
7.839505786835525214e+03
7.858733640684704369e+03
7.879279456574295182e+03
7.901120450912185333e+03
7.924232268824061975e+03
7.948588984153366255e+03
7.974163099461293314e+03
8.000925546026928714e+03
8.028845683847021064e+03
8.057891301636300341e+03
8.088028616826932193e+03
8.119222275569154590e+03
8.151435352731050443e+03
8.184629351898138339e+03
8.218764205374145604e+03
8.253798274180189765e+03
8.289688348055460665e+03
8.326389645456720245e+03
8.363855813558802765e+03
8.402038928254069106e+03
8.440889494152679617e+03
8.480356444582685072e+03
8.520387141589935709e+03
8.560927375937853867e+03
8.601921367108070626e+03
8.643311763299516315e+03
8.685039641429148105e+03
8.727044507131813589e+03
8.769264294759977929e+03
8.811635367383814810e+03
8.854092516791479284e+03
8.896568963488880399e+03
8.938996356699544776e+03
8.981304774364980403e+03
9.023422723144403790e+03
9.065277138414830915e+03
9.106793384271031755e+03
7.600349629463380552e+03
7.601061661819358051e+03
7.603196987457567957e+03
7.606753292089524621e+03
7.611726718567751959e+03
7.618111866885374184e+03
7.625901794176934345e+03
7.635088014717712213e+03
7.645660499923815223e+03
7.657607678352724179e+03
7.670916435702383751e+03
7.685572114812066502e+03
7.701558515661872661e+03
7.718857895373002975e+03
7.737450968207258484e+03
7.757316905567813592e+03
7.778433335998579423e+03
7.800776345184613092e+03
7.824320475951662957e+03
7.849038728266623366e+03
7.874902559237352762e+03
7.901881883112673677e+03
7.929945071282281788e+03
7.959058952276882337e+03
7.989188811768281084e+03
8.020298392569020507e+03
8.052349894632652649e+03
8.085303975053830072e+03
8.119119748068078479e+03
8.153754785051978615e+03
8.189165114522802469e+03
8.225305222139149919e+03
8.262128050700357562e+03
8.299585000146771563e+03
8.337625927559702177e+03
8.376199147161423753e+03
8.415251430315174730e+03
8.454728005525248591e+03
8.494572558436721010e+03
8.534727231835813654e+03
8.575132625649484908e+03
8.615727796945975570e+03
8.656450259934126734e+03
8.697235985964152860e+03
8.738019403526777751e+03
8.778733398254053100e+03
8.819309312918812793e+03
8.859676947435036709e+03
8.899764558857259544e+03
8.939498861381480310e+03
7.479960174248208205e+03
7.480648240671825988e+03
7.482711684113883166e+03
7.486148237087309099e+03
7.490954120447349851e+03
7.497124043391158921e+03
7.504651203458024611e+03
7.513527286529142657e+03
7.523742466827934550e+03
7.535285406919729212e+03
7.548143257712126797e+03
7.562301658454498465e+03
7.577744736738486608e+03
7.594455108497686524e+03
7.612413878007782841e+03
7.631600637886458571e+03
7.651993469093577005e+03
7.673568940930954341e+03
7.696302111042405159e+03
7.720166525413924319e+03
7.745134218373550539e+03
7.771175712591229967e+03
7.798260019079179983e+03
7.826354637191479924e+03
7.855425554624389406e+03
7.885437247416075479e+03
7.916352679947067372e+03
7.948133304939574373e+03
7.980739063458031524e+03
8.014128384908917724e+03
8.048258187040892153e+03
8.083083875944430474e+03
8.118559346052188630e+03
8.154636980138866420e+03
8.191267649321252975e+03
8.228400713058090332e+03
8.265984019150346285e+03
8.303963903740805108e+03
8.342285191314476833e+03
8.380891194698460822e+03
8.419723715061763869e+03
8.458723041915482099e+03
8.497827953112846444e+03
8.536975714849177166e+03
8.576102081661520060e+03
8.615141296429465001e+03
8.654026090374281921e+03
8.692687683059511983e+03
8.731055782390603781e+03
8.769058584615140717e+03
7.353559013362382757e+03
7.354222971856597724e+03
7.356214108747371938e+03
7.359530208259548090e+03
7.364167577434272971e+03
7.370121046129270326e+03
7.377383967018658950e+03
7.385948215593089117e+03
7.395804190159651625e+03
7.406940811842105177e+03
7.419345524580239726e+03
7.433004295130922401e+03
7.447901613067097060e+03
7.464020490778239036e+03
7.481342463470400617e+03
7.499847589166074613e+03
7.519514448704194365e+03
7.540320145740315638e+03
7.562240306746343776e+03
7.585249081010624650e+03
7.609319140638081080e+03
7.634421680550076417e+03
7.660526418484414535e+03
7.687601594995567211e+03
7.715613973454310326e+03
7.744528840047905760e+03
7.774310003780146872e+03
7.804919796471267546e+03
7.836319072758078619e+03
7.868467210093785980e+03
7.901322108748036044e+03
7.934840191806961229e+03
7.968976405173361854e+03
8.003684217566433290e+03
8.038915620521629535e+03
8.074621128391117963e+03
8.110749778343551952e+03
8.147249130363888980e+03
8.184065267253708953e+03
8.221142794631168726e+03
8.258424840930638311e+03
8.295853057403155617e+03
8.333367618116153608e+03
8.370907219953642198e+03
8.408409082616026353e+03
8.445808948620333467e+03
8.483041083299713137e+03
8.520038274804301182e+03
8.556731834100401102e+03
8.593051594970665974e+03
7.219300482414018916e+03
7.219940118181375510e+03
7.221858305975183612e+03
7.225052887271476720e+03
7.229520264529764972e+03
7.235255401193808211e+03
7.242251821690933866e+03
7.250501611432491700e+03
7.259995416813762859e+03
7.270722445213732499e+03
7.282670464995499060e+03
7.295825805505819517e+03
7.310173357075518652e+03
7.325696571019125258e+03
7.342377459635099513e+03
7.360196596205923925e+03
7.379133114997830489e+03
7.399164711260891636e+03
7.420267641229111177e+03
7.442416722120469785e+03
7.465585332136652141e+03
7.489745410463274311e+03
7.514867457270020168e+03
7.540920533710141171e+03
7.567872261921002064e+03
7.595688825023626123e+03
7.624334967123286333e+03
7.653773993308732315e+03
7.683967769652917923e+03
7.714876723212273646e+03
7.746459842027616105e+03
7.778674675123284032e+03
7.811477332507593019e+03
7.844822485172744564e+03
7.878663365094871551e+03
7.912951765233810875e+03
7.947638039533558185e+03
7.982671102921676720e+03
8.017998431309888474e+03
8.053566061593573977e+03
8.089318591652090618e+03
8.125199180348727168e+03
8.161149547530612836e+03
8.197109974028717261e+03
8.233019301657805045e+03
8.268814933216799545e+03
8.304432832488282656e+03
8.339807524238676706e+03
8.374872094218471830e+03
8.409558189161862174e+03
7.075982261525450667e+03
7.076597353287024816e+03
7.078441930144072103e+03
7.081513896813703468e+03
7.085809761157861431e+03
7.091324634182819864e+03
7.098052230040002542e+03
7.105984866025437441e+03
7.115113462579711268e+03
7.125427543288333254e+03
7.136915234881507786e+03
7.149563267233952502e+03
7.163356973365443991e+03
7.178280289440272099e+03
7.194315754767467297e+03
7.211444511800846158e+03
7.229646306138920409e+03
7.248899486524896929e+03
7.269181004846723226e+03
7.290466416137087435e+03
7.312729878573509268e+03
7.335944153477976215e+03
7.360080605317443769e+03
7.385109201703426152e+03
7.410998513392269160e+03
7.437715714284968271e+03
7.465226581427305064e+03
7.493495495009801743e+03
7.522485438367630195e+03
7.552157997980702930e+03
7.582473363473718564e+03
7.613390327616025388e+03
7.644866286321757798e+03
7.676857238649699866e+03
7.709317786803467243e+03
7.742201136131279782e+03
7.775459095126188913e+03
7.809042075425941221e+03
7.842899091812932966e+03
7.876977762214437462e+03
7.911224307702241276e+03
7.945583552492962554e+03
7.979998923948141965e+03
8.014412452573697010e+03
8.048764772020513192e+03
8.082995119084034741e+03
8.117041333704673889e+03
8.150839858967174223e+03
8.184325741101338281e+03
8.217432629481709228e+03
6.922553396760304167e+03
6.923143739144734354e+03
6.924914091073969757e+03
6.927862426876254176e+03
6.931985370431857518e+03
6.937278195173075801e+03
6.943734824084458523e+03
6.951347829702535819e+03
6.960108434116045828e+03
6.970006508965707326e+03
6.981030575444492570e+03
6.993167804297354451e+03
7.006404015821544817e+03
7.020723679866023303e+03
7.036109915832366823e+03
7.052544492673860077e+03
7.070007828896086721e+03
7.088478992556701996e+03
7.107935701265432726e+03
7.128354322184122793e+03
7.149709872026778612e+03
7.171976017059432706e+03
7.195125073100234658e+03
7.219128005519496583e+03
7.243954429239602177e+03
7.269572608735006725e+03
7.295949458032418988e+03
7.323050540710300993e+03
7.350840069899777518e+03
7.379280908283499230e+03
7.408334568096643125e+03
7.437961211126230410e+03
7.468119648711535774e+03
7.498767341743996440e+03
7.529860400666848363e+03
7.561353585475853833e+03
7.593200305718528398e+03
7.625352620494641087e+03
7.657761238456123465e+03
7.690375517806933203e+03
7.723143466303099558e+03
7.756011741252905267e+03
7.788925649516522753e+03
7.821829147506514346e+03
7.854664841187150159e+03
7.887373986075226640e+03
7.919896487239429916e+03
7.952170899300472229e+03
7.984134426431410247e+03
8.015722922357190328e+03
6.758950169040235778e+03
6.759515674372323701e+03
6.761211540449039603e+03
6.764035817511057758e+03
6.767985255959638380e+03
6.773055306356764049e+03
6.779240119424639488e+03
6.786532546046237258e+03
6.794924137264933961e+03
6.804405144284601192e+03
6.814964518469741961e+03
6.826589911345217843e+03
6.839267674596703728e+03
6.852982860070051174e+03
6.867719219771879580e+03
6.883459205869166908e+03
6.900183970689522539e+03
6.917873366721141792e+03
6.936505946612533080e+03
6.956058963172927179e+03
6.976508369371913432e+03
6.997828818339667123e+03
7.019993663367085901e+03
7.042974957905153133e+03
7.066743455565892873e+03
7.091268610121323945e+03
7.116518575504460387e+03
7.142460205808583851e+03
7.169059055287470983e+03
7.196279378355575318e+03
7.224084129587708958e+03
7.252434963719451844e+03
7.281292235646606059e+03
7.310615000425650578e+03
7.340361013273650315e+03
7.370486729568028750e+03
7.400947304846840780e+03
7.431696594808727241e+03
7.462687155312642062e+03
7.493870242378307012e+03
7.525195812185802424e+03
7.556612521075658151e+03
7.588067725549171882e+03
7.619507482268181775e+03
7.650876548054566229e+03
7.682118379891244331e+03
7.713175134921539211e+03
7.743987670449178040e+03
7.774495543938428455e+03
7.804637013014098557e+03
6.585505988582144710e+03
6.586046732409204196e+03
6.587668341290054741e+03
6.590368947423939971e+03
6.594145437809766008e+03
6.598993454245919565e+03
6.604907393330131526e+03
6.611880406459840742e+03
6.619904399832012132e+03
6.628970034442954784e+03
6.639066726088822179e+03
6.650182645365021017e+03
6.662304717666575016e+03
6.675418623187988487e+03
6.689508796923337286e+03
6.704558428666359760e+03
6.720549463009956526e+03
6.737462599346918068e+03
6.755277291869379042e+03
6.773971749569000167e+03
6.793522936237059184e+03
6.813906570464223478e+03
6.835097125640959348e+03
6.857067829956940841e+03
6.879790666401413546e+03
6.903236372763331019e+03
6.927374441631036461e+03
6.952173120392490091e+03
6.977599411235041771e+03
7.003619071145749331e+03
7.030196611910923821e+03
7.057295300116720682e+03
7.084877157148594051e+03
7.112902959191751506e+03
7.141332237230562896e+03
7.170123277049151511e+03
7.199233119231303135e+03
7.228617559160147721e+03
7.258231147018250340e+03
7.288027187787884031e+03
7.317957741250847903e+03
7.347973621988330706e+03
7.378024399381183684e+03
7.408058397609602252e+03
7.438022695653535266e+03
7.467863127292366698e+03
7.497524281104824695e+03
7.526949500469481791e+03
7.556080883564209216e+03
7.584859283366540694e+03
6.403136395726869523e+03
6.403652631916520477e+03
6.405200747065373434e+03
6.407778960912855837e+03
6.411384306358013419e+03
6.416012629459874006e+03
6.421658589436628972e+03
6.428315658666588206e+03
6.435976122687407042e+03
6.444631080196404582e+03
6.454270443050882022e+03
6.464882936267395053e+03
6.476456098022390506e+03
6.488976279651842560e+03
6.502428645651434636e+03
6.516797173676604871e+03
6.532064654542227800e+03
6.548212692223069098e+03
6.565221703853330837e+03
6.583070919727106229e+03
6.601738383297833934e+03
6.621200951178934702e+03
6.641434293143356626e+03
6.662412892123529673e+03
6.684110044211774948e+03
6.706497858660031852e+03
6.729547257879767130e+03
6.753227977442293195e+03
6.777508566078267904e+03
6.802356385678422157e+03
6.827737611292786823e+03
6.853617231131238441e+03
6.879959046563226366e+03
6.906725672117909198e+03
6.933878535484063832e+03
6.961377877510130929e+03
6.989182752204214921e+03
7.017251026734084007e+03
7.045539381427033732e+03
7.074003309770296255e+03
7.102597118410540133e+03
7.131273927154052217e+03
7.159985668966919548e+03
7.188683089974801987e+03
7.217315749463023167e+03
7.245832019876752383e+03
7.274179086820277007e+03
7.302302949058275772e+03
7.330148418514500008e+03
7.357659120272637665e+03
6.213580369478313514e+03
6.214072546335046354e+03
6.215548514275224079e+03
6.218006585408329556e+03
6.221443946583804063e+03
6.225856659390683490e+03
6.231239660157689286e+03
6.237586759953501314e+03
6.244890644586212147e+03
6.253142874603918244e+03
6.262333885294356151e+03
6.272452986684947973e+03
6.283488363542937805e+03
6.295427075375209824e+03
6.308255056428424723e+03
6.321957115689019702e+03
6.336516936883072049e+03
6.351917078476526513e+03
6.368138973674876979e+03
6.385162930423530270e+03
6.402968131407487817e+03
6.421532634051618516e+03
6.440833370520340395e+03
6.460846147717984422e+03
6.481545647288567125e+03
6.502905425615745116e+03
6.524897913823042472e+03
6.547494417773577879e+03
6.570665118070292010e+03
6.594379070055902048e+03
6.618604203812765263e+03
6.643307324163015437e+03
6.668454110668471913e+03
6.694009117630776018e+03
6.719935774091118219e+03
6.746196383830829291e+03
6.772752125370425347e+03
6.799563051970517336e+03
6.826588091631447242e+03
6.853785047093060712e+03
6.881110595835207278e+03
6.908520290077194659e+03
6.935968556778379934e+03
6.963408697637532896e+03
6.990792889093427220e+03
7.018072182324294772e+03
7.045196503248462250e+03
7.072114652523578116e+03
7.098774305547385666e+03
7.125122012457040910e+03
6.018864203861176065e+03
6.019332978460806771e+03
6.020738771729065775e+03
6.023079992073689937e+03
6.026353986841013466e+03
6.030557042315786020e+03
6.035684383721491031e+03
6.041730175219890953e+03
6.048687519911391064e+03
6.056548459834903042e+03
6.065303975967890437e+03
6.074943988226368674e+03
6.085457355464677676e+03
6.096831875475891138e+03
6.109054284991589157e+03
6.122110259681721800e+03
6.135984414154927435e+03
6.150660301958214404e+03
6.166120415577279346e+03
6.182346186436188873e+03
6.199317984897606948e+03
6.217015120262840355e+03
6.235415840771383955e+03
6.254497333601557330e+03
6.274235724870140984e+03
6.294606079632376350e+03
6.315582401882011254e+03
6.337137634551345400e+03
6.359243659511230362e+03
6.381871297571024115e+03
6.404990308478591032e+03
6.428569390920438309e+03
6.452576182521261217e+03
6.476977259844625223e+03
6.501738138392602195e+03
6.526823272605452075e+03
6.552196055862350477e+03
6.577818820480661088e+03
6.603652837716663271e+03
6.629658317764688036e+03
6.655794409757982066e+03
6.682019201768071071e+03
6.708289720805214529e+03
6.734561932817950947e+03
6.760790742693461652e+03
6.786929994257525323e+03
6.812932470274290608e+03
6.838749892446594458e+03
6.864332921415598321e+03
6.889631156761151942e+03
5.821538577569981499e+03
5.821984818624150648e+03
5.823323044233802648e+03
5.825551761740462098e+03
5.828668483379897225e+03
5.832669726282165357e+03
5.837551012471749345e+03
5.843306868867375670e+03
5.849930827282105383e+03
5.857415424423288641e+03
5.865752201892655648e+03
5.874931706186089286e+03
5.884943488694034386e+03
5.895776105701133929e+03
5.907417118386229049e+03
5.919853092822631879e+03
5.933069599977943653e+03
5.947051215714054706e+03
5.961781520787280897e+03
5.977243100847954338e+03
5.993417546441060040e+03
6.010285453005644740e+03
6.027826420875317126e+03
6.046019055277929510e+03
6.064840966335350458e+03
6.084268769064237858e+03
6.104278083375174901e+03
6.124843534073261253e+03
6.145938750857976629e+03
6.167536368322953422e+03
6.189608025956158599e+03
6.212124368139893704e+03
6.235055044150840331e+03
6.258368708160014648e+03
6.282033019232630977e+03
6.306014641328238213e+03
6.330279243300856251e+03
6.354791498898521240e+03
6.379515086763967702e+03
6.404412690433855460e+03
6.429445998339588186e+03
6.454575703806494857e+03
6.479761505054420923e+03
6.504962105197364508e+03
6.530135212243840215e+03
6.555237539096788169e+03
6.580224803552982848e+03
6.605051728303897107e+03
6.629672040935338373e+03
6.654038473927175801e+03
5.624509154429051705e+03
5.624933952714332008e+03
5.626207883365827911e+03
5.628329553771027349e+03
5.631296642908796457e+03
5.635105901349743363e+03
5.639753151256036290e+03
5.645233286381380822e+03
5.651540272071019899e+03
5.658667145261938458e+03
5.666606014482567844e+03
5.675348059853058658e+03
5.684883533084962437e+03
5.695201757481572713e+03
5.706291127937765850e+03
5.718139110939864622e+03
5.730732244565979272e+03
5.744056138485575502e+03
5.758095473959974697e+03
5.772834003841853701e+03
5.788254552575517664e+03
5.804339016196945522e+03
5.821068362333699042e+03
5.838422630204968300e+03
5.856380930621253356e+03
5.874921445984864476e+03
5.894021430289831187e+03
5.913657209121538472e+03
5.933804179656863198e+03
5.954436810664628865e+03
5.975528642505105381e+03
5.997052287129827164e+03
6.018979428082411687e+03
6.041280820497740933e+03
6.063926291102416144e+03
6.086884738214484969e+03
6.110124131743850739e+03
6.133611513191681297e+03
6.157312995650954690e+03
6.181193763806140851e+03
6.205218073933338019e+03
6.229349253900181793e+03
6.253549703165981555e+03
6.277780892781447619e+03
6.302003365389236933e+03
6.326176735223180003e+03
6.350259688108826595e+03
6.374209981463582153e+03
6.397984444296025686e+03
6.421538977206500931e+03
5.430616607154706799e+03
5.431021217846750915e+03
5.432234618949951255e+03
5.434255517545489056e+03
5.437081758768840700e+03
5.440710325809527603e+03
5.445137339911298113e+03
5.450358060371991087e+03
5.456366884543626838e+03
5.463157347832407140e+03
5.470722123698737960e+03
5.479053023657093036e+03
5.488140997276127564e+03
5.497976132178655462e+03
5.508547654041808528e+03
5.519843926596513484e+03
5.531852451628174094e+03
5.544559868976307371e+03
5.557951956534543569e+03
5.572013630250603455e+03
5.586728944126389251e+03
5.602081090218143800e+03
5.618052398636018552e+03
5.634624337544482842e+03
5.651777513162051036e+03
5.669491669761509911e+03
5.687745689669827698e+03
5.706517593267926713e+03
5.725784538991092631e+03
5.745522823328747108e+03
5.765707880824356835e+03
5.786314284075615433e+03
5.807315743734397984e+03
5.828685108506761026e+03
5.850394365152806131e+03
5.872414638486861804e+03
5.894716191377483483e+03
5.917268424747271638e+03
5.940039877573008198e+03
5.962998226885702024e+03
5.986110287770407012e+03
6.009342013366585888e+03
6.032658494867519039e+03
6.056023961520850207e+03
6.079401780628313645e+03
6.102754457545961486e+03
6.126043635683708999e+03
6.149230096505880283e+03
6.172273759530844472e+03
6.195133682331197633e+03
5.242483244577442747e+03
5.242868992505123060e+03
5.244025837992262495e+03
5.245952586151247488e+03
5.248647245502706937e+03
5.252107027975603160e+03
5.256328348907004511e+03
5.261306827042426448e+03
5.267037284535422259e+03
5.273513746947969594e+03
5.280729443250243094e+03
5.288676805820659865e+03
5.297347470445970430e+03
5.306732276321099562e+03
5.316821266049191763e+03
5.327603685641793163e+03
5.339067984518555932e+03
5.351201815507465653e+03
5.363992034844818590e+03
5.377424702175039783e+03
5.391485080550910425e+03
5.406157636433363223e+03
5.421426039691777987e+03
5.437273163603549619e+03
5.453681084854497385e+03
5.470631083538683015e+03
5.488103643158228806e+03
5.506078450623908793e+03
5.524534396254375679e+03
5.543449573776706529e+03
5.562801280326266351e+03
5.582566016446526191e+03
5.602719486089381462e+03
5.623236596614833616e+03
5.644091458791308469e+03
5.665257386795337879e+03
5.686706898211787120e+03
5.708411714033718454e+03
5.730342758662618508e+03
5.752470159907943525e+03
5.774763248987710540e+03
5.797190560527906200e+03
5.819719832562986994e+03
5.842318006535697350e+03
5.864951227296751313e+03
5.887584843105469190e+03
5.910183405629095432e+03
5.932710669943480752e+03
5.955129594532445481e+03
5.977402341288143361e+03
5.062779753072936728e+03
5.063148013604450171e+03
5.064252428578788567e+03
5.066091898135414340e+03
5.068664589173545210e+03
5.071967935351972301e+03
5.075998637089151089e+03
5.080752661563178663e+03
5.086225242711884675e+03
5.092410881232717657e+03
5.099303344582767750e+03
5.106895666978789450e+03
5.115180149397269815e+03
5.124148359574201095e+03
5.133791132005421787e+03
5.144098567946298317e+03
5.155060035411861463e+03
5.166664169176897303e+03
5.178898870775788055e+03
5.191751308502557549e+03
5.205207917410893970e+03
5.219254399314195325e+03
5.233875722785501239e+03
5.249056123157447473e+03
5.264779102522334142e+03
5.281027429732307610e+03
5.297783140398951218e+03
5.315027536893558135e+03
5.332741188347154093e+03
5.350903930650383700e+03
5.369494866453487703e+03
5.388492365166575837e+03
5.407874062959126604e+03
5.427616862760396543e+03
5.447696934259511181e+03
5.468089713904828386e+03
5.488769904904893338e+03
5.509711477227392606e+03
5.530887667600018176e+03
5.552270979510012694e+03
5.573833183204169472e+03
5.595545315689196286e+03
5.617377680731215150e+03
5.639299848856080644e+03
5.661280657349425383e+03
5.683288210256341699e+03
5.705289878381836388e+03
5.727252299290285009e+03
5.749141377305932110e+03
5.770922283512663853e+03
4.893510685706746699e+03
4.893862801447335187e+03
4.894918812371406602e+03
4.896677709585651428e+03
4.899137811601144676e+03
4.902296764333550527e+03
4.906151541102940428e+03
4.910698442633838567e+03
4.915933097055221879e+03
4.921850459900565511e+03
4.928444814107729144e+03
4.935709770019116149e+03
4.943638265381582642e+03
4.952222565346392003e+03
4.961454262469283094e+03
4.971324276710492995e+03
4.981822855434666053e+03
4.992939573410922094e+03
5.004663332812901899e+03
5.016982363218608043e+03
5.029884221610541317e+03
5.043355792375700730e+03
5.057383287305560771e+03
5.071952245595912245e+03
5.087047533847180603e+03
5.102653346064107609e+03
5.118753203656024198e+03
5.135329955436668570e+03
5.152365777624140719e+03
5.169842173841243493e+03
5.187739975114891422e+03
5.206039339876815575e+03
5.224719753962926916e+03
5.243760030613793788e+03
5.263138310474414538e+03
5.282832061593990147e+03
5.302818079426651821e+03
5.323072486830551497e+03
5.343570734068589445e+03
5.364287598807914037e+03
5.385197186120194601e+03
5.406272928481803319e+03
5.427487585773133105e+03
5.448813245279507100e+03
5.470221321690314653e+03
5.491682557099557016e+03
5.513167021005756396e+03
5.534644110311910481e+03
5.556082549325265063e+03
5.577450389757814264e+03
4.736490797709097933e+03
4.736828039545252977e+03
4.737839457395853060e+03
4.739524128287393978e+03
4.741880513930595953e+03
4.744906460720562791e+03
4.748599199736713672e+03
4.752955346742669462e+03
4.757970902186502826e+03
4.763641251200488114e+03
4.769961163601237786e+03
4.776924793889702414e+03
4.784525681251079732e+03
4.792756749554951057e+03
4.801610307355144869e+03
4.811078047889850495e+03
4.821151049081436213e+03
4.831819773536790308e+03
4.843074068546957278e+03
4.854903166087319732e+03
4.867295682817530178e+03
4.880239620081692919e+03
4.893722363908022999e+03
4.907730685009232729e+03
4.922250738782167900e+03
4.937268065308126097e+03
4.952767589352629329e+03
4.968733620365514980e+03
4.985149852480958543e+03
5.001999364517473623e+03
5.019264619977752773e+03
5.036927467048940343e+03
5.054969138602427847e+03
5.073370252193899432e+03
5.092110810063331883e+03
5.111170199135085568e+03
5.130527191017836230e+03
5.150159942004393088e+03
5.170045993072108104e+03
5.190162269882512192e+03
5.210485082781406163e+03
5.230990126798951678e+03
5.251652481649716719e+03
5.272446611732357269e+03
5.293346366130072056e+03
5.314324978610238759e+03
5.335355067624459480e+03
5.356408636308924542e+03
5.377457072483775846e+03
5.398471148653743512e+03
4.593018596476440507e+03
4.593342141941820955e+03
4.594312497358350811e+03
4.595928819786877284e+03
4.598189704329024607e+03
4.601093184126898450e+03
4.604636730363222341e+03
4.608817252261428621e+03
4.613631097085544752e+03
4.619074050140102372e+03
4.625141334770364665e+03
4.631827612362189939e+03
4.639126982342008887e+03
4.647032982176870064e+03
4.655538587374530834e+03
4.664636211483229999e+03
4.674317706091869695e+03
4.684574360830060868e+03
4.695396903367850427e+03
4.706775499416039565e+03
4.718699752726001861e+03
4.731158705089751493e+03
4.744140836339829548e+03
4.757634064349508662e+03
4.771625745032611121e+03
4.786102672343554332e+03
4.801051078277419037e+03
4.816456632869881105e+03
4.832304444197234261e+03
4.848579058376367357e+03
4.865264459564832578e+03
4.882344069960754496e+03
4.899800749802830069e+03
4.917616797370533277e+03
4.935773948983728587e+03
4.954253379003057489e+03
4.973035699829824807e+03
4.992100961905725853e+03
5.011428653713210224e+03
5.030997701775413589e+03
5.050786470655884841e+03
5.070772762958995372e+03
5.090933819329620746e+03
5.111246318453231652e+03
5.131686377056121273e+03
5.152229549904768646e+03
5.172850829806702677e+03
5.193524647609956446e+03
5.214224872202930783e+03
5.234924810514939963e+03
4.463517292205756348e+03
4.463828196942313298e+03
4.464760654700603482e+03
4.466313896125939209e+03
4.468486638960757773e+03
4.471277088044348602e+03
4.474682935313012422e+03
4.478701359799924830e+03
4.483329027635227249e+03
4.488562092046140606e+03
4.494396193356624281e+03
4.500826458987717160e+03
4.507847503457378480e+03
4.515453428380487821e+03
4.523637822468958802e+03
4.532393761531579912e+03
4.541713808474037251e+03
4.551590013299119164e+03
4.562013913106420659e+03
4.572976532092525304e+03
4.584468381551027960e+03
4.596479459872421103e+03
4.608999252544072078e+03
4.622016732150427742e+03
4.635520358372809824e+03
4.649498077989551348e+03
4.663937324875814738e+03
4.678825020003841928e+03
4.694147571442726985e+03
4.709890874358552537e+03
4.726040311014344297e+03
4.742580750770139275e+03
4.759496550082781141e+03
4.776771552506170337e+03
4.794389088691104917e+03
4.812331976385416965e+03
4.830582520433813443e+03
4.849122512777898919e+03
4.867933232456380210e+03
4.886995445604679844e+03
4.906289405455527231e+03
4.925794852338140117e+03
4.945491013679065873e+03
4.965356604001635787e+03
4.985369824926192450e+03
5.005508365169953322e+03
5.025749400547101686e+03
5.046069593968786648e+03
5.066445095443123137e+03
5.086851542075146426e+03
4.348160310832190589e+03
4.348459487173522575e+03
4.349356781974347541e+03
4.350851492565220724e+03
4.352942447830218953e+03
4.355628008207190760e+03
4.358906065687619957e+03
4.362774043816648373e+03
4.367228897693053113e+03
4.372267113969337515e+03
4.377884710851594718e+03
4.384077238099689566e+03
4.390839777026963020e+03
4.398166940500595956e+03
4.406052872941404530e+03
4.414491250323726490e+03
4.423475280175762236e+03
4.432997701579165550e+03
4.443050785169430128e+03
4.453626333135662207e+03
4.464715679220580569e+03
4.476309688720584745e+03
4.488398758485755025e+03
4.500972816919897923e+03
4.514021323980250600e+03
4.527533271178026553e+03
4.541497181577892661e+03
4.555901109798196558e+03
4.570732642011103053e+03
4.585978895942162126e+03
4.601626520870831882e+03
4.617661697630160234e+03
4.634070138606784894e+03
4.650837087741092546e+03
4.667947320527105148e+03
4.685385144012525416e+03
4.703134396798645867e+03
4.721178449040507985e+03
4.739500202446788535e+03
4.758082090279754084e+03
4.776906077355488378e+03
4.795953660043551281e+03
4.815205866267297097e+03
4.834643255503715409e+03
4.854245918783453817e+03
4.873993478690817938e+03
4.893865089363725929e+03
4.913839436493844914e+03
4.933894737326500035e+03
4.954008740660492549e+03
4.245989492830358358e+03
4.246277659233601298e+03
4.247141944253871770e+03
4.248581705322612834e+03
4.250595871492373590e+03
4.253182943436627284e+03
4.256340993449884991e+03
4.260067665447604668e+03
4.264360174966350314e+03
4.269215309163541860e+03
4.274629426817705280e+03
4.280598458328358902e+03
4.287117905715967936e+03
4.294182842622012686e+03
4.301787914309034022e+03
4.309927337660496960e+03
4.318594901180904344e+03
4.327783964995705901e+03
4.337487460851389187e+03
4.347697892115502327e+03
4.358407333776517589e+03
4.369607432443876860e+03
4.381289406348082593e+03
4.393444045340629600e+03
4.406061710894027783e+03
4.419132336101756664e+03
4.432645425678265383e+03
4.446590055959040910e+03
4.460954874900608047e+03
4.475728102080393001e+03
4.490897528696928021e+03
4.506450517569646763e+03
4.522374003139088927e+03
4.538654491466695617e+03
4.555278060234877557e+03
4.572230358747265200e+03
4.589496607928231242e+03
4.607061600323254424e+03
4.624909700098851317e+03
4.643024843042508110e+03
4.661390536562589659e+03
4.679989859688748766e+03
4.698805463071312261e+03
4.717819568981803968e+03
4.737013971312671856e+03
4.756370035577447197e+03
4.775868698910517196e+03
4.795490470067443312e+03
4.815215429424688409e+03
4.835023228979616761e+03
4.155479703657147184e+03
4.155757351727879723e+03
4.156590099814093264e+03
4.157977359537858320e+03
4.159918150269413673e+03
4.162411099126939007e+03
4.165454440976782280e+03
4.169046018433277823e+03
4.173183281858882765e+03
4.177863289364063348e+03
4.183082706807476825e+03
4.188837807795698609e+03
4.195124473683449651e+03
4.201938193573505487e+03
4.209274064316741715e+03
4.217126790511974832e+03
4.225490684506348771e+03
4.234359666394743726e+03
4.243727264020344592e+03
4.253586612974345371e+03
4.263930456595994656e+03
4.274751145972527411e+03
4.286040639939460561e+03
4.297790505080115508e+03
4.309991915726118350e+03
4.322635653956967872e+03
4.335712109600399344e+03
4.349211280232066201e+03
4.363122771175790149e+03
4.377435795503424742e+03
4.392139174034855387e+03
4.407221335338135759e+03
4.422670315729260437e+03
4.438473759272437746e+03
4.454618917779794174e+03
4.471092650811601743e+03
4.487881425676187064e+03
4.504971317429931332e+03
4.522348008877384018e+03
4.539996790570944540e+03
4.557902560811317016e+03
4.576049825647146463e+03
4.594422698875087008e+03
4.613004902040029265e+03
4.631779764434850222e+03
4.650730223100435978e+03
4.669838822825704483e+03
4.689087716147969331e+03
4.708458663352121221e+03
4.727933032471446495e+03
4.074803981525951713e+03
4.075071418316042582e+03
4.075873548894264786e+03
4.077209833884762702e+03
4.079079374327511687e+03
4.081480911678704615e+03
4.084412827810547242e+03
4.087873145011189990e+03
4.091859525984887114e+03
4.096369273851905746e+03
4.101399332148571375e+03
4.106946284827245108e+03
4.113006356256300933e+03
4.119575411220171191e+03
4.126648954919301104e+03
4.134222132970216990e+03
4.142289731405458042e+03
4.150846176673530863e+03
4.159885535639136833e+03
4.169401515582899265e+03
4.179387464201477087e+03
4.189836369607587585e+03
4.200740860330029136e+03
4.212093205313544786e+03
4.223885313919026885e+03
4.236108735923266977e+03
4.248754661519274123e+03
4.261813921315888365e+03
4.275276986338167262e+03
4.289133968027090305e+03
4.303374618239740812e+03
4.317988329249169510e+03
4.332964133744508217e+03
4.348290704830969844e+03
4.363956356029711969e+03
4.379949041278018740e+03
4.396256354929096233e+03
4.412865531752368042e+03
4.429763446933043269e+03
4.446936616072616744e+03
4.464371195188482488e+03
4.482052980714115620e+03
4.499967409498981397e+03
4.518099558808603433e+03
4.536434146324609173e+03
4.554955530144638942e+03
4.573647708782209520e+03
4.592494321167077942e+03
4.611478646644991386e+03
4.630583604977664436e+03
4.001746201600144559e+03
4.002003631257866800e+03
4.002775755294578630e+03
4.004062078901438326e+03
4.005861777396785328e+03
4.008173696226299398e+03
4.010996350963114310e+03
4.014327927307658683e+03
4.018166281087769676e+03
4.022508938258533817e+03
4.027353094902468911e+03
4.032695617229433083e+03
4.038533041576670257e+03
4.044861574408673732e+03
4.051677092317413553e+03
4.058975142022109139e+03
4.066750940369365708e+03
4.074999374333242486e+03
4.083715001014957124e+03
4.092892047643249498e+03
4.102524411574154328e+03
4.112605660291001186e+03
4.123129031404573652e+03
4.134087432652927419e+03
4.145473441901526712e+03
4.157279307143176084e+03
4.169496946497974932e+03
4.182117948213476666e+03
4.195133570664506806e+03
4.208534742353276670e+03
4.222312061909337899e+03
4.236455798089605196e+03
4.250955889778379060e+03
4.265801945987186627e+03
4.280983245855054520e+03
4.296488738648372419e+03
4.312307043760733904e+03
4.328426450713141094e+03
4.344834919154072850e+03
4.361520078859189198e+03
4.378469229731604173e+03
4.395669341801794872e+03
4.413107055227487763e+03
4.430768680293886064e+03
4.448640197413419628e+03
4.466707257126017794e+03
4.484955180098813798e+03
4.503368957126485839e+03
4.521933249130825061e+03
4.540632387161167571e+03
3.933861930789908001e+03
3.934109466192398941e+03
3.934851921114318429e+03
3.936088841699074692e+03
3.937819471518946557e+03
3.940042751575174407e+03
3.942757320297914703e+03
3.945961513546239985e+03
3.949653364608138872e+03
3.953830604200561538e+03
3.958490660469306022e+03
3.963630658989154654e+03
3.969247422763828581e+03
3.975337472225919555e+03
3.981897025236958143e+03
3.988921997087390992e+03
3.996408000496580826e+03
4.004350345612897399e+03
4.012744040013490121e+03
4.021583788704560902e+03
4.030863994121114047e+03
4.040578756127274573e+03
4.050721872015810732e+03
4.061286836508656961e+03
4.072266841756504618e+03
4.083654777339120301e+03
4.095443230265027523e+03
4.107624484971802303e+03
4.120190523325891263e+03
4.133133024622657103e+03
4.146443365586424079e+03
4.160112620370387049e+03
4.174131560556679688e+03
4.188490655156442699e+03
4.203180070609550967e+03
4.218189670785000089e+03
4.233509016980588058e+03
4.249127367923097154e+03
4.265033679768180264e+03
4.281216606100451827e+03
4.297664497933419625e+03
4.314365403709598468e+03
4.331307069300237345e+03
4.348476938005751435e+03
4.365862150555312837e+03
4.383449545107032463e+03
4.401225657248005518e+03
4.419176719994175073e+03
4.437288663790513965e+03
4.455547116510751948e+03
3.868600559863125454e+03
3.868838305782810494e+03
3.869551404974413344e+03
3.870739441735395303e+03
3.872401723228108494e+03
3.874537279479932295e+03
3.877144863383136908e+03
3.880222950695110740e+03
3.883769740038019336e+03
3.887783152899032757e+03
3.892260833630371053e+03
3.897200149449190576e+03
3.902598190437447556e+03
3.908451769542307375e+03
3.914757422575667078e+03
3.921511408214564653e+03
3.928709708000951650e+03
3.936348026341579498e+03
3.944421790508386039e+03
3.952926150638154468e+03
3.961855979732627020e+03
3.971205873658550445e+03
3.980970151147607794e+03
3.991142853796395684e+03
4.001717746066583459e+03
4.012688315284663076e+03
4.024047771642199223e+03
4.035789048195647410e+03
4.047904800866513142e+03
4.060387408441124535e+03
4.073228972570882434e+03
4.086421317772101247e+03
4.099955991426031687e+03
4.113824263778974455e+03
4.128017127942098341e+03
4.142525299891553914e+03
4.157339218468496256e+03
4.172449045378971277e+03
4.187844665194029403e+03
4.203515685349748310e+03
4.219451436146982815e+03
4.235640970751705936e+03
4.252073065194758783e+03
4.268736218372055191e+03
4.285618652044377086e+03
4.302708310837442696e+03
4.319992862242020237e+03
4.337459696613791493e+03
4.355095927173351811e+03
4.372888390006392001e+03
3.803226239795003494e+03
3.803454330183558341e+03
3.804138474853994012e+03
3.805278294320100940e+03
3.806873156104961708e+03
3.808922174740905575e+03
3.811424211769485737e+03
3.814377875741570278e+03
3.817781522217137535e+03
3.821633253765412519e+03
3.825930919965048815e+03
3.830672117403651100e+03
3.835854189678298098e+03
3.841474227395133312e+03
3.847529068169660604e+03
3.854015296626562304e+03
3.860929244399767413e+03
3.868266990132428873e+03
3.876024359476969039e+03
3.884196925094988728e+03
3.892780006657426384e+03
3.901768670844307962e+03
3.911157731345065258e+03
3.920941748858217579e+03
3.931115031091644596e+03
3.941671632762290756e+03
3.952605355596597292e+03
3.963909748329979266e+03
3.975578106707257575e+03
3.987603473482431582e+03
3.999978638418701848e+03
4.012696138288606562e+03
4.025748256873794162e+03
4.039127024965273449e+03
4.052824220363140739e+03
4.066831367876920922e+03
4.081139739325203664e+03
4.095740353535893519e+03
4.110623976346164454e+03
4.125781120602300689e+03
4.141202046159969541e+03
4.156876759883994055e+03
4.172795015648421213e+03
4.188946314336612886e+03
4.205319903841086671e+03
4.221904779063675051e+03
4.238689681915320762e+03
4.255663101316326902e+03
4.272813273196197770e+03
4.290128180493616128e+03
3.735273838838725169e+03
3.735492477838829473e+03
3.736148280005500055e+03
3.737240900837650770e+03
3.738769766166910813e+03
3.740734072157420087e+03
3.743132785306170263e+03
3.745964642442504555e+03
3.749228150728686160e+03
3.752921587659375291e+03
3.757043001062083931e+03
3.761590209096721082e+03
3.766560800256002040e+03
3.771952133365243753e+03
3.777761337582410306e+03
3.783985312398021961e+03
3.790620727635337062e+03
3.797664023450170134e+03
3.805111410331005573e+03
3.812958869098952164e+03
3.821202150907788564e+03
3.829836777243849610e+03
3.838858039926208221e+03
3.848261001106470758e+03
3.858040493268981663e+03
3.868191119230664299e+03
3.878707252140998207e+03
3.889583035482246487e+03
3.900812383069251155e+03
3.912388979049455884e+03
3.924306277902974216e+03
3.936557504442521349e+03
3.949135653813436875e+03
3.962033491493866677e+03
3.975243553294308185e+03
3.988758145358065121e+03
4.002569344161088338e+03
4.016668996511907608e+03
4.031048719551722570e+03
4.045699900754289047e+03
4.060613697926146415e+03
4.075781039206344758e+03
4.091192623066604028e+03
4.106838918311291309e+03
4.122710164077398076e+03
4.138796369834471989e+03
4.155087315384957947e+03
4.171572550863584183e+03
4.188241396737953437e+03
4.205082943808270102e+03
3.662897599474922572e+03
3.663107129009063101e+03
3.663735614159691067e+03
3.664782744571016337e+03
3.666248002983547849e+03
3.668130665234002663e+03
3.670429800255215014e+03
3.673144270076272733e+03
3.676272729822471774e+03
3.679813627715270741e+03
3.683765205072268145e+03
3.688125496307429785e+03
3.692892328930702206e+03
3.698063323548421977e+03
3.703635893862974626e+03
3.709607246672999281e+03
3.715974381873365928e+03
3.722734092455084465e+03
3.729882964505327436e+03
3.737417377207611935e+03
3.745333502841458539e+03
3.753627306782755113e+03
3.762294547503461217e+03
3.771330776571835486e+03
3.780731338652185514e+03
3.790491371505140705e+03
3.800605805987538588e+03
3.811069366052288387e+03
3.821876568748598402e+03
3.833021724221862314e+03
3.844498935713636456e+03
3.856302099561685282e+03
3.868424905199935893e+03
3.880860835158614464e+03
3.893603165063996130e+03
3.906644963638677837e+03
3.919979092701373702e+03
3.933598207167028704e+03
3.947494755046795945e+03
3.961660977447968435e+03
3.976088908574092784e+03
3.990770375724878249e+03
4.005696999296264948e+03
4.020860192780332909e+03
4.036251162765370282e+03
4.051860908935918815e+03
4.067680224072660167e+03
4.083699694052484119e+03
4.099909697848465839e+03
4.116300407529911354e+03
3.584382265914200616e+03
3.584583179969263256e+03
3.585185829886336251e+03
3.586189938921233988e+03
3.587595045833541008e+03
3.589400504886816634e+03
3.591605485848322132e+03
3.594208973989270817e+03
3.597209770084668889e+03
3.600606490413451866e+03
3.604397566758348148e+03
3.608581246405924503e+03
3.613155592146677009e+03
3.618118482274849157e+03
3.623467610588591015e+03
3.629200486389936486e+03
3.635314434484735102e+03
3.641806595182652018e+03
3.648673924297281701e+03
3.655913193146034246e+03
3.663520988550135371e+03
3.671493712834694634e+03
3.679827583828728166e+03
3.688518634864999513e+03
3.697562714780201532e+03
3.706955487914865444e+03
3.716692434113315358e+03
3.726768848723781957e+03
3.737179842598402502e+03
3.747920342093016188e+03
3.758985089067482477e+03
3.770368640885362765e+03
3.782065370414193239e+03
3.794069466025280235e+03
3.806374931593813926e+03
3.818975586498800112e+03
3.831865065623173905e+03
3.845036819353686042e+03
3.858484113580902886e+03
3.872200029699229162e+03
3.886177464607044385e+03
3.900409130706430005e+03
3.914887555903396787e+03
3.929605083607839333e+03
3.944553872733422395e+03
3.959725897697762775e+03
3.975112948422156478e+03
3.990706630331987981e+03
4.006498364356230013e+03
4.022479386928011991e+03
3.499415088371733873e+03
3.499608023358837272e+03
3.500186746995746034e+03
3.501151015309596914e+03
3.502500421678769271e+03
3.504234396833135179e+03
3.506352208853968477e+03
3.508852963173808348e+03
3.511735602576663950e+03
3.514998907197855260e+03
3.518641494524172231e+03
3.522661819393738369e+03
3.527058173996010737e+03
3.531828687871916372e+03
3.536971327913738605e+03
3.542483898365117057e+03
3.548364040821047638e+03
3.554609234228018977e+03
3.561216794883785042e+03
3.568183876437524304e+03
3.575507469889794265e+03
3.583184403592576928e+03
3.591211343249119636e+03
3.599584791914185189e+03
3.608301089993892674e+03
3.617356415245649259e+03
3.626746782778332090e+03
3.636468045052129128e+03
3.646515891878743787e+03
3.656885850421099349e+03
3.667573285193611810e+03
3.678573398061985245e+03
3.689881228243416444e+03
3.701491652306390279e+03
3.713399384170861595e+03
3.725598975108096056e+03
3.738084813740715617e+03
3.750851126042834949e+03
3.763891975339856799e+03
3.777201262308562946e+03
3.790772724977182406e+03
3.804599938725300490e+03
3.818676316283858796e+03
3.832995107735177953e+03
3.847549400512980355e+03
3.862332119402412900e+03
3.877336026539956038e+03
3.892553721413378298e+03
3.907977640862077351e+03
3.923600059076579782e+03
3.408341423835122441e+03
3.408527159533218764e+03
3.409084295744060000e+03
3.410012619817462109e+03
3.411311777336413797e+03
3.412981272117008302e+03
3.415020466208670769e+03
3.417428579893862661e+03
3.420204691688377352e+03
3.423347738341067270e+03
3.426856514834071277e+03
3.430729674382655503e+03
3.434965728435327037e+03
3.439563046673720237e+03
3.444519857012710418e+03
3.449834245600322902e+03
3.455504156817801231e+03
3.461527393279561693e+03
3.467901615833216056e+03
3.474624343559526096e+03
3.481692953772517285e+03
3.489104682019342363e+03
3.496856622080349553e+03
3.504945725969150772e+03
3.513368803932416995e+03
3.522122524450060155e+03
3.531203414235301352e+03
3.540607858234307059e+03
3.550332099626689342e+03
3.560372239825005636e+03
3.570724238475190759e+03
3.581383913456306800e+03
3.592346940880611328e+03
3.603608855093489183e+03
3.615165048673566162e+03
3.627010772432686281e+03
3.639141135415820827e+03
3.651551104901136569e+03
3.664235506400063969e+03
3.677189023657138023e+03
3.690406198650066472e+03
3.703881431589866224e+03
3.717608980920590511e+03
3.731582963319601731e+03
3.745797353697366816e+03
3.760245985197639129e+03
3.774922549197185617e+03
3.789820595306218820e+03
3.804933531367873911e+03
3.820254623458686183e+03
3.312093815244634243e+03
3.312273210695616399e+03
3.312811335903211329e+03
3.313708007431455371e+03
3.314962919553568099e+03
3.316575644252179700e+03
3.318545631219217285e+03
3.320872207855904890e+03
3.323554579272740739e+03
3.326591828289679142e+03
3.329982915435857649e+03
3.333726678949733468e+03
3.337821834779174424e+03
3.342266976581231575e+03
3.347060575722434805e+03
3.352200981278474501e+03
3.357686420034497132e+03
3.363514996484741459e+03
3.369684692833038753e+03
3.376193368992358046e+03
3.383038762585010772e+03
3.390218488942650765e+03
3.397730041106251520e+03
3.405570789826060718e+03
3.413737983561736655e+03
3.422228748482075389e+03
3.431040088465420013e+03
3.440168885099205909e+03
3.449611897680279071e+03
3.459365763214918843e+03
3.469426996418496856e+03
3.479791989715840828e+03
3.490457013241052664e+03
3.501418214837622145e+03
3.512671620058176813e+03
3.524213132164868512e+03
3.536038532128986844e+03
3.548143478631300241e+03
3.560523508061760367e+03
3.573174034519684028e+03
3.586090349813707689e+03
3.599267623461810217e+03
3.612700902691199190e+03
3.626385112438515534e+03
3.640315055349583417e+03
3.654485411779637616e+03
3.668890739793187095e+03
3.683525475164105956e+03
3.698383931375542488e+03
3.713460299619896432e+03
3.212597223228385701e+03
3.212771096588812725e+03
3.213292664322716519e+03
3.214161769388033463e+03
3.215378150048036332e+03
3.216941439871129660e+03
3.218851167731145324e+03
3.221106757807206122e+03
3.223707529583589348e+03
3.226652697850022378e+03
3.229941372701387081e+03
3.233572559537924462e+03
3.237545159065143707e+03
3.241857967293822185e+03
3.246509675540096396e+03
3.251498870425280074e+03
3.256824033876046087e+03
3.262483543124312746e+03
3.268475670707357494e+03
3.274798584467657747e+03
3.281450347553050051e+03
3.288428918416570923e+03
3.295732150816616013e+03
3.303357793816849153e+03
3.311303491786202358e+03
3.319566784398944037e+03
3.328145106634565309e+03
3.337035788777893686e+03
3.346236056419002125e+03
3.355743030453277242e+03
3.365553727081396573e+03
3.375665057809305836e+03
3.386073829448218930e+03
3.396776744114708890e+03
3.407770399230548719e+03
3.419051287522847815e+03
3.430615797024029234e+03
3.442460211071693266e+03
3.454580708308844805e+03
3.466973362683734194e+03
3.479634143449857220e+03
3.492558915166068800e+03
3.505743437696492038e+03
3.519183366210450004e+03
3.532874251182670378e+03
3.546811538393103547e+03
3.560990568926990818e+03
3.575406579174864419e+03
3.590054700832592971e+03
3.604929960901245067e+03
3.112015234718501233e+03
3.112184335918527722e+03
3.112691594784837434e+03
3.113536877116030155e+03
3.114719959243234371e+03
3.116240528029811685e+03
3.118098180871652403e+03
3.120292425697061844e+03
3.122822680966669395e+03
3.125688275673678618e+03
3.128888449343639877e+03
3.132422352034359392e+03
3.136289044336353982e+03
3.140487497372282633e+03
3.145016592797423982e+03
3.149875122799357996e+03
3.155061790098079655e+03
3.160575207946067167e+03
3.166413900128145542e+03
3.172576300961623019e+03
3.179060755296177376e+03
3.185865518513855932e+03
3.192988756529257444e+03
3.200428545789236523e+03
3.208182873273199220e+03
3.216249636492875652e+03
3.224626643492410949e+03
3.233311612848478944e+03
3.242302173670077536e+03
3.251595865598574164e+03
3.261190138807842231e+03
3.271082354004124682e+03
3.281269782426102211e+03
3.291749605844870530e+03
3.302518916563917628e+03
3.313574717419169247e+03
3.324913921778988879e+03
3.336533353544018610e+03
3.348429747147565649e+03
3.360599747555079375e+03
3.373039910264651553e+03
3.385746701306652540e+03
3.398716497243890444e+03
3.411945585171633866e+03
3.425430162717520943e+03
3.439166338041627569e+03
3.453150129836467386e+03
3.467377467326923579e+03
3.481844190270248873e+03
3.496546048956292907e+03
3.012458972614876984e+03
3.012623905659029333e+03
3.013118666315722294e+03
3.013943139158322992e+03
3.015097131808943232e+03
3.016580374938621389e+03
3.018392522267072309e+03
3.020533150563096569e+03
3.023001759644148478e+03
3.025797772376654393e+03
3.028920534675830822e+03
3.032369315505775376e+03
3.036143306879466763e+03
3.040241623858673847e+03
3.044663304553978378e+03
3.049407310124979631e+03
3.054472524779976084e+03
3.059857755776192789e+03
3.065561733419599477e+03
3.071583111065183402e+03
3.077920465116699233e+03
3.084572295026714528e+03
3.091537023296723419e+03
3.098812995476987453e+03
3.106398480166717491e+03
3.114291669013891806e+03
3.122490676715392510e+03
3.130993541016937343e+03
3.139798222713079667e+03
3.148902605647253949e+03
3.158304496711753018e+03
3.168001625847614378e+03
3.177991646044915797e+03
3.188272133342434245e+03
3.198840586827827792e+03
3.209694428637681085e+03
3.220831003957323446e+03
3.232247581020988036e+03
3.243941351111811855e+03
3.255909428561676577e+03
3.268148850751367718e+03
3.280656578110574628e+03
3.293429494117754075e+03
3.306464405300243925e+03
3.319758041234263146e+03
3.333307054544820858e+03
3.347108020905830017e+03
3.361157439040061945e+03
3.375451730719055377e+03
3.389987240763343834e+03
2.916114088226663625e+03
2.916275264487944696e+03
2.916758759558751990e+03
2.917564472300387024e+03
2.918692234148124953e+03
2.920141809111305520e+03
2.921912893773628639e+03
2.924005117292699651e+03
2.926418041400415859e+03
2.929151160402648202e+03
2.932203901179445893e+03
2.935575623185081895e+03
2.939265618447780071e+03
2.943273111570078981e+03
2.947597259728468089e+03
2.952237152673683340e+03
2.957191812730525271e+03
2.962460194797949953e+03
2.968041186349023519e+03
2.973933607430944903e+03
2.980136210665000362e+03
2.986647681246677166e+03
2.993466636945527171e+03
3.000591628105257769e+03
3.008021137643663678e+03
3.015753581052763366e+03
3.023787306398571673e+03
3.032120594321236240e+03
3.040751658035219407e+03
3.049678643328866201e+03
3.058899628564745399e+03
3.068412624679626788e+03
3.078215575184276531e+03
3.088306356163684541e+03
3.098682776276928053e+03
3.109342576757171628e+03
3.120283431411803576e+03
3.131502946622185846e+03
3.142998661343949607e+03
3.154768047106813356e+03
3.166808508014605650e+03
3.179117380745242372e+03
3.191691934550840415e+03
3.204529371257603998e+03
3.217626825265824664e+03
3.230981363549972230e+03
3.244589985658649312e+03
3.258449623714591326e+03
3.272557142414552800e+03
3.286909339029557486e+03
2.824877563790278145e+03
2.825035169933971702e+03
2.825507957886679833e+03
2.826295836212875656e+03
2.827398652520264477e+03
2.828816193459442729e+03
2.830548184724193561e+03
2.832594291051327673e+03
2.834954116220569631e+03
2.837627203054853453e+03
2.840613033420049760e+03
2.843911028225215887e+03
2.847520547422300297e+03
2.851440890006415430e+03
2.855671294015678541e+03
2.860210936531211701e+03
2.865058933677323694e+03
2.870214340621214433e+03
2.875676151573247807e+03
2.881443299786747048e+03
2.887514657558176623e+03
2.893889036226983080e+03
2.900565186175685994e+03
2.907541796829900704e+03
2.914817496658201890e+03
2.922390853172237257e+03
2.930260372926750279e+03
2.938424501519557452e+03
2.946881623591389143e+03
2.955630062826162430e+03
2.964668081950821943e+03
2.973993882735248917e+03
2.983605605992579513e+03
2.993501331578750069e+03
3.003679078392974588e+03
3.014136804377380940e+03
3.024872406517192758e+03
3.035883720840683964e+03
3.047168522419156034e+03
3.058724525366960734e+03
3.070549382841591068e+03
3.082640687043385697e+03
3.094995969215938203e+03
3.107612699645846988e+03
3.120488287662647053e+03
3.133620081639037380e+03
3.147005368990744500e+03
3.160641376176499762e+03
3.174525268698153013e+03
3.188654151100536183e+03
2.739971754052157848e+03
2.740125708668119842e+03
2.740587543914034541e+03
2.741357173983715256e+03
2.742434455866964527e+03
2.743819189349369481e+03
2.745511117012461000e+03
2.747509924233690981e+03
2.749815239186455074e+03
2.752426632839933518e+03
2.755343618959295782e+03
2.758565654105586873e+03
2.762092137635727340e+03
2.765922411702536010e+03
2.770055761254752724e+03
2.774491414037061077e+03
2.779228540589906515e+03
2.784266254249791928e+03
2.789603611149004792e+03
2.795239610215776338e+03
2.801173193174213338e+03
2.807403244544411791e+03
2.813928591642229549e+03
2.820748004579490953e+03
2.827860196263964099e+03
2.835263822399201672e+03
2.842957481484768323e+03
2.850939714816058768e+03
2.859209006484411475e+03
2.867763783376994979e+03
2.876602415176989780e+03
2.885723214363338229e+03
2.895124436210994645e+03
2.904804278790743410e+03
2.914760882969312661e+03
2.924992332409283335e+03
2.935496653569180125e+03
2.946271815703380526e+03
2.957315730862205783e+03
2.968626253891898159e+03
2.980201182434461771e+03
2.992038256927958173e+03
3.004135160606256250e+03
3.016489519499191374e+03
3.029098902432406248e+03
3.041960821027532802e+03
3.055072729702033030e+03
3.068432025669335417e+03
3.082036048938675776e+03
3.095882082315256412e+03
2.662496337054881224e+03
2.662646281042179908e+03
2.663096085130632673e+03
2.663845665700250720e+03
2.664894883384204149e+03
2.666243543068958388e+03
2.667891393894342400e+03
2.669838129253366787e+03
2.672083386792337478e+03
2.674626748410969412e+03
2.677467740262090956e+03
2.680605832751916751e+03
2.684040440539911287e+03
2.687770922538766172e+03
2.691796581914604758e+03
2.696116666086709301e+03
2.700730366727657383e+03
2.705636819763344647e+03
2.710835105372939324e+03
2.716324247988904972e+03
2.722103216296886785e+03
2.728170923236007184e+03
2.734526225998456539e+03
2.741167926029902446e+03
2.748094769029171403e+03
2.755305444948362492e+03
2.762798587992961075e+03
2.770572776621634148e+03
2.778626533546389510e+03
2.786958325732484809e+03
2.795566564398495757e+03
2.804449605016225178e+03
2.813605747310839433e+03
2.823033235260709262e+03
2.832730257097546200e+03
2.842694945306288901e+03
2.852925376625171339e+03
2.863419572045791028e+03
2.874175496812904385e+03
2.885191060424631360e+03
2.896464116632341756e+03
2.907992463440723441e+03
2.919773843107714129e+03
2.931805942144524124e+03
2.944086391315681794e+03
2.956612765638988094e+03
2.969382584385471091e+03
2.982393311079567866e+03
2.995642353498851662e+03
3.009127063674304736e+03
2.592571105906131379e+03
2.592716515551683187e+03
2.593152716431973204e+03
2.593879624377746040e+03
2.594897099106947280e+03
2.596204944224768951e+03
2.597802907223444890e+03
2.599690679482500855e+03
2.601867896268640834e+03
2.604334136735678840e+03
2.607088923924629853e+03
2.610131724763800776e+03
2.613461950068517581e+03
2.617078954541375424e+03
2.620982036772147694e+03
2.625170439237740538e+03
2.629643348302329287e+03
2.634399894217153815e+03
2.639439151120723182e+03
2.644760137038747416e+03
2.650361813883978357e+03
2.656243087456527974e+03
2.662402807443527308e+03
2.668839767419422060e+03
2.675552704845767948e+03
2.682540301071253452e+03
2.689801181331881708e+03
2.697333914750743133e+03
2.705137014338106383e+03
2.713208936991441078e+03
2.721548083495417814e+03
2.730152798521908153e+03
2.739021370629825469e+03
2.748152032265420530e+03
2.757542959762099599e+03
2.767192273340378961e+03
2.777098037107953132e+03
2.787258259059831289e+03
2.797670891078064415e+03
2.808333828931881726e+03
2.819244912277827098e+03
2.830401924659508950e+03
2.841802593507736674e+03
2.853444590140520631e+03
2.865325529763049417e+03
2.877442971467644384e+03
2.889794418233918805e+03
2.902377316928550499e+03
2.915189058305440994e+03
2.928226977005715526e+03
2.529805611261144804e+03
2.529945849404862201e+03
2.530366534946460888e+03
2.531067581217666884e+03
2.532048843771212887e+03
2.533310120380883745e+03
2.534851151041675621e+03
2.536671617969659565e+03
2.538771145601913304e+03
2.541149300596748617e+03
2.543805591833415747e+03
2.546739470412467199e+03
2.549950329655393944e+03
2.553437505104784577e+03
2.557200274524439010e+03
2.561237857899163828e+03
2.565549417434908719e+03
2.570134057558743734e+03
2.574990824918700127e+03
2.580118708384111414e+03
2.585516639045272314e+03
2.591183490213597906e+03
2.597118077421669113e+03
2.603319158423050794e+03
2.609785433192519122e+03
2.616515543925856946e+03
2.623508075040035692e+03
2.630761553173056200e+03
2.638274447183994198e+03
2.646045168153182203e+03
2.654072069381868459e+03
2.662353446392467049e+03
2.670887536928535155e+03
2.679672520954682113e+03
2.688706520656614885e+03
2.697987600441160794e+03
2.707513766936222055e+03
2.717282968990798508e+03
2.727293097675033096e+03
2.737541986280143647e+03
2.748027410318445618e+03
2.758747087523329355e+03
2.769698677849282831e+03
2.780879783471937117e+03
2.792287948788043650e+03
2.803920660415337807e+03
2.815775347192766276e+03
2.827849380180373373e+03
2.840140072659164616e+03
2.852644680131402311e+03
2.473400160171013340e+03
2.473534546345172203e+03
2.473937674747207893e+03
2.474609455015911408e+03
2.475549736549260160e+03
2.476758308504304296e+03
2.478234899797416801e+03
2.479979179104043396e+03
2.481990754858907167e+03
2.484269175255803930e+03
2.486813928247784133e+03
2.489624441547016431e+03
2.492700082624946845e+03
2.496040158712116863e+03
2.499643916798254395e+03
2.503510543632273766e+03
2.507639165722321195e+03
2.512028849335661107e+03
2.516678600498721607e+03
2.521587364997208169e+03
2.526754028375898997e+03
2.532177415938804188e+03
2.537856292749097520e+03
2.543789363629161926e+03
2.549975273160544020e+03
2.556412605683954098e+03
2.563099885299266134e+03
2.570035575865517785e+03
2.577218081001115024e+03
2.584645744083377394e+03
2.592316848248947281e+03
2.600229616393608012e+03
2.608382211172374809e+03
2.616772734999403838e+03
2.625399230047992205e+03
2.634259678250691650e+03
2.643352001299149379e+03
2.652674060644289966e+03
2.662223657496156193e+03
2.671998532823954520e+03
2.681996367356146038e+03
2.692214781580287308e+03
2.702651335743166783e+03
2.713303529850736595e+03
2.724168803668135297e+03
2.735244536719596908e+03
2.746528048288723767e+03
2.758016597418122728e+03
2.769707382909678017e+03
2.781597543324414801e+03
2.421832889720258208e+03
2.421960839944495092e+03
2.422344659079590201e+03
2.422984252512583225e+03
2.423879462555169084e+03
2.425030068443766140e+03
2.426435786339493461e+03
2.428096269328216295e+03
2.430011107420364169e+03
2.432179827551135531e+03
2.434601893580475007e+03
2.437276706292868766e+03
2.440203603397640109e+03
2.443381859528722089e+03
2.446810686244725730e+03
2.450489232029099185e+03
2.454416582289786675e+03
2.458591759359524076e+03
2.463013722495793445e+03
2.467681367880595644e+03
2.472593528620836878e+03
2.477748974747942157e+03
2.483146413218128146e+03
2.488784487912244003e+03
2.494661779635907806e+03
2.500776806119324647e+03
2.507128022017491276e+03
2.513713818910036935e+03
2.520532525301314308e+03
2.527582406620285838e+03
2.534861665220751092e+03
2.542368440381096661e+03
2.550100808304387101e+03
2.558056782118478623e+03
2.566234311875837193e+03
2.574631284553652222e+03
2.583245524053791087e+03
2.592074791202776396e+03
2.601116783751922412e+03
2.610369136377175892e+03
2.619829420679116083e+03
2.629495145183113891e+03
2.639363755339218187e+03
2.649432633522155811e+03
2.659699099031286096e+03
2.670160408090714554e+03
2.680813753849224668e+03
2.691656266380346096e+03
2.702685012682240995e+03
2.713896996677726747e+03
2.373381269872652410e+03
2.373502334726163099e+03
2.373865496343796622e+03
2.374470655896675453e+03
2.375317648669943082e+03
2.376406244062900441e+03
2.377736145588869476e+03
2.379306990875261363e+03
2.381118351663599242e+03
2.383169733809495483e+03
2.385460577282537997e+03
2.387990256166449399e+03
2.390758078659041530e+03
2.393763287072215462e+03
2.397005057831916019e+03
2.400482501478154518e+03
2.404194662665099713e+03
2.408140520160895903e+03
2.412318986847776614e+03
2.416728909722087337e+03
2.421369069894308268e+03
2.426238182588849668e+03
2.431334897144324714e+03
2.436657797013413074e+03
2.442205399762701745e+03
2.447976157073117065e+03
2.453968454739469962e+03
2.460180612670706068e+03
2.466610884889905719e+03
2.473257459534124791e+03
2.480118458854531127e+03
2.487191939216381797e+03
2.494475891099091314e+03
2.501968239095958779e+03
2.509666841914508950e+03
2.517569492376310336e+03
2.525673917416997938e+03
2.533977778086273247e+03
2.542478669547949721e+03
2.551174121079861834e+03
2.560061596073978762e+03
2.569138492036267962e+03
2.578402140586922542e+03
2.587849807460020202e+03
2.597478692503864295e+03
2.607285929680756453e+03
2.617268587067110275e+03
2.627423666853383111e+03
2.637748105344144278e+03
2.648238772958052323e+03
2.326344976962923283e+03
2.326458957830323016e+03
2.326800866092116848e+03
2.327370598727043216e+03
2.328167984033188986e+03
2.329192781627625664e+03
2.330444682446727711e+03
2.331923308746081602e+03
2.333628214100372134e+03
2.335558883403609798e+03
2.337714732868835199e+03
2.340095110028391900e+03
2.342699293733767263e+03
2.345526494155683395e+03
2.348575852784028939e+03
2.351846442427881811e+03
2.355337267215463726e+03
2.359047262594276617e+03
2.362975295330943482e+03
2.367120163511322062e+03
2.371480596540391161e+03
2.376055255142455280e+03
2.380842731360849029e+03
2.385841548558209979e+03
2.391050161416364972e+03
2.396466955936216436e+03
2.402090249438015235e+03
2.407918290561065078e+03
2.413949259263949898e+03
2.420181266824420163e+03
2.426612355839415613e+03
2.433240500225065261e+03
2.440063605216641918e+03
2.447079507368721352e+03
2.454285974554977656e+03
2.461680705968274196e+03
2.469261332120754560e+03
2.477025414843637918e+03
2.484970447287400930e+03
2.493093853921709524e+03
2.501392990535396166e+03
2.509865144236482593e+03
2.518507533452248026e+03
2.527317307929092749e+03
2.536291548732560841e+03
2.545427268247544816e+03
2.554721410177944563e+03
2.564170849547008402e+03
2.573772392697082978e+03
2.583522777289749683e+03
2.278956920706036726e+03
2.279063943335336262e+03
2.279384975380799006e+03
2.279919909315299265e+03
2.280668565926839619e+03
2.281630694318664609e+03
2.282805971909328946e+03
2.284194004432470138e+03
2.285794325937013127e+03
2.287606398787056605e+03
2.289629613661963958e+03
2.291863289556340533e+03
2.294306673779965422e+03
2.296958941957768729e+03
2.299819198030036205e+03
2.302886474252113658e+03
2.306159731194770757e+03
2.309637857743746281e+03
2.313319671100248343e+03
2.317203916780476902e+03
2.321289268616010304e+03
2.325574328753577902e+03
2.330057627655082797e+03
2.334737624097783737e+03
2.339612705173976792e+03
2.344681186291336417e+03
2.349941311172642600e+03
2.355391251855962764e+03
2.361029108694515344e+03
2.366852910356828943e+03
2.372860613826560439e+03
2.379050104402631405e+03
2.385419195699114425e+03
2.391965629645437730e+03
2.398687076486089609e+03
2.405581134780913999e+03
2.412645331404837634e+03
2.419877121548142895e+03
2.427273888716172223e+03
2.434832944729646442e+03
2.442551529724391912e+03
2.450426812151499689e+03
2.458455888777280052e+03
2.466635784683239763e+03
2.474963453266059332e+03
2.483435776237774917e+03
2.492049563625528208e+03
2.500801553771634644e+03
2.509688413333788048e+03
2.518706737284765040e+03
2.229810258565294134e+03
2.229910744928019994e+03
2.230212166412161423e+03
2.230714410205928289e+03
2.231417288289412681e+03
2.232320537434907237e+03
2.233423819206677763e+03
2.234726719961167873e+03
2.236228750846817093e+03
2.237929347804174540e+03
2.239827871565739770e+03
2.241923607656349304e+03
2.244215766392630940e+03
2.246703482883390279e+03
2.249385817029610735e+03
2.252261753524135202e+03
2.255330201852075334e+03
2.258589996290470481e+03
2.262039895908515064e+03
2.265678584567422149e+03
2.269504670920514400e+03
2.273516688413110387e+03
2.277713095282797440e+03
2.282092274558999634e+03
2.286652534063296116e+03
2.291392106409375629e+03
2.296309149002945560e+03
2.301401744041891106e+03
2.306667898515979687e+03
2.312105544207156527e+03
2.317712537689544661e+03
2.323486660329126607e+03
2.329425618284085431e+03
2.335527042504668316e+03
2.341788488733141094e+03
2.348207437503901929e+03
2.354781294143367631e+03
2.361507388770041871e+03
2.368382976294560649e+03
2.375405236419464927e+03
2.382571273639564424e+03
2.389878117241664768e+03
2.397322721304522020e+03
2.404901964699160999e+03
2.412612651088579696e+03
2.420451508927817486e+03
2.428415191464023337e+03
2.436500276736433079e+03
2.444703267576323924e+03
2.453020591607037204e+03
2.178358406715096862e+03
2.178452991495078095e+03
2.178736705981691557e+03
2.179209430615060228e+03
2.179870966128669352e+03
2.180721033549434651e+03
2.181759274197565901e+03
2.182985249686817042e+03
2.184398441924258805e+03
2.185998253110392398e+03
2.187784005739035820e+03
2.189754942597505760e+03
2.191910226766458436e+03
2.194248941619935067e+03
2.196770090825407351e+03
2.199472598343800200e+03
2.202355308429332581e+03
2.205416985629608462e+03
2.208656314785775976e+03
2.212071901032231835e+03
2.215662269796803230e+03
2.219425866800770564e+03
2.223361058058799244e+03
2.227466129878848733e+03
2.231739288862445392e+03
2.236178661904341425e+03
2.240782296192833201e+03
2.245548159209533878e+03
2.250474138729441620e+03
2.255558042820985065e+03
2.260797599846046069e+03
2.266190458459709589e+03
2.271734187610741174e+03
2.277426276541041261e+03
2.283264134786077193e+03
2.289245092174610363e+03
2.295366398828855381e+03
2.301625225164480071e+03
2.308018661890400836e+03
2.314543720009010030e+03
2.321197330816175963e+03
2.327976345900992783e+03
2.334877537146098803e+03
2.341897596727471864e+03
2.349033137114474812e+03
2.356280691069923705e+03
2.363636711649928657e+03
2.371097572204143944e+03
2.378659566375472423e+03
2.386318908100292902e+03
2.124217987974861899e+03
2.124307500606187205e+03
2.124575995672148565e+03
2.125023344688338511e+03
2.125649333514229511e+03
2.126453662353083018e+03
2.127435945751904001e+03
2.128595712601486412e+03
2.129932406136413192e+03
2.131445383934988058e+03
2.133133917919462874e+03
2.134997194355673855e+03
2.137034313853314416e+03
2.139244291365957906e+03
2.141626056190762029e+03
2.144178451968855370e+03
2.146900236685019081e+03
2.149790082667891511e+03
2.152846576589809047e+03
2.156068219467033487e+03
2.159453426659410979e+03
2.163000527870804035e+03
2.166707767148614039e+03
2.170573302884190525e+03
2.174595207812581066e+03
2.178771469012644957e+03
2.183099987907098694e+03
2.187578580262265859e+03
2.192204976188395449e+03
2.196976820139457232e+03
2.201891670913209964e+03
2.206947001651269602e+03
2.212140199838859189e+03
2.217468567305149918e+03
2.222929320223033756e+03
2.228519589109146182e+03
2.234236418823957138e+03
2.240076768571680077e+03
2.246037511900385653e+03
2.252115436701819817e+03
2.258307245211562986e+03
2.264609554009030035e+03
2.271018894017333878e+03
2.277531710503308204e+03
2.284144363077780326e+03
2.290853125695139170e+03
2.297654186653721808e+03
2.304543648595517880e+03
2.311517528506396957e+03
2.318571757715949389e+03
2.067842925127160925e+03
2.067928198640765913e+03
2.068183972543397431e+03
2.068610106920687031e+03
2.069206368581876632e+03
2.069972431059977680e+03
2.070907874611748412e+03
2.072012186217625640e+03
2.073284759581724757e+03
2.074724895131998892e+03
2.076331800019966067e+03
2.078104588121004781e+03
2.080042280034081159e+03
2.082143803081999067e+03
2.084407991311172736e+03
2.086833585491831400e+03
2.089419233117814656e+03
2.092163488406799843e+03
2.095064812300029189e+03
2.098121572462605400e+03
2.101332043283355233e+03
2.104694405874624863e+03
2.108206748072689152e+03
2.111867064437478803e+03
2.115673256252603096e+03
2.119623131525395365e+03
2.123714404986958471e+03
2.127944698092028375e+03
2.132311539019133306e+03
2.136812362670502807e+03
2.141444510672044999e+03
2.146205231373437528e+03
2.151091679848036620e+03
2.156100917892899815e+03
2.161229914028854182e+03
2.166475543500428103e+03
2.171834588275874012e+03
2.177303737047077448e+03
2.182879585229784425e+03
2.188558634963328586e+03
2.194337295110813102e+03
2.200211881259110669e+03
2.206178615718704350e+03
2.212233627523914947e+03
2.218372952432628153e+03
2.224592532926590138e+03
2.230888218211202911e+03
2.237255764215569798e+03
2.243690833592540912e+03
2.250188995718644946e+03
2.010176029550393650e+03
2.010257792804009114e+03
2.010503031239886695e+03
2.010911590883233657e+03
2.011483215109433331e+03
2.012217544643931433e+03
2.013114117562372485e+03
2.014172369290531606e+03
2.015391632604291772e+03
2.016771137629689292e+03
2.018310011842959284e+03
2.020007280070331035e+03
2.021861864488300853e+03
2.023872584623495641e+03
2.026038157352604685e+03
2.028357196902538817e+03
2.030828214850316726e+03
2.033449620123064960e+03
2.036219718998063399e+03
2.039136715102790731e+03
2.042198709414742552e+03
2.045403700261681479e+03
2.048749583321455248e+03
2.052234151622019453e+03
2.055855095541505762e+03
2.059610002808199170e+03
2.063496358500492533e+03
2.067511545046909305e+03
2.071652842226103530e+03
2.075917427166996276e+03
2.080302374348434569e+03
2.084804655599555190e+03
2.089421140099602781e+03
2.094148594377929840e+03
2.098983682314064936e+03
2.103922965137667234e+03
2.108962901428503756e+03
2.114099847116494857e+03
2.119330055481759700e+03
2.124649677154457095e+03
2.130054760114944656e+03
2.135541249693710597e+03
2.141104988571396461e+03
2.146741716778706177e+03
2.152447071696610692e+03
2.158216588056075125e+03
2.164045697938377089e+03
2.169929730774720156e+03
2.175863913346665868e+03
2.181843369785747200e+03
1.952318548649850527e+03
1.952397345764074998e+03
1.952633680303188157e+03
1.953027381856736611e+03
1.953578166407123717e+03
1.954285636329814224e+03
1.955149280393266054e+03
1.956168473758862092e+03
1.957342477981046613e+03
1.958670441007143381e+03
1.960151397177583021e+03
1.961784267225721123e+03
1.963567858277883715e+03
1.965500863853412739e+03
1.967581863864597835e+03
1.969809324616767299e+03
1.972181598808174385e+03
1.974696925530133740e+03
1.977353430266862233e+03
1.980149124895615387e+03
1.983081907686619161e+03
1.986149563303092691e+03
1.989349762801225552e+03
1.992680063630200493e+03
1.996137909632170704e+03
1.999720631042282548e+03
2.003425444488721041e+03
2.007249452992550687e+03
2.011189645967874640e+03
2.015242899221880180e+03
2.019405974954497651e+03
2.023675521758923423e+03
2.028048074621119667e+03
2.032520054920178154e+03
2.037087770428024669e+03
2.041747415309760072e+03
2.046495070123364712e+03
2.051326701819766640e+03
2.056238163742955294e+03
2.061225195629822338e+03
2.066283423610366299e+03
2.071408360207465194e+03
2.076595404337035689e+03
2.081839841307919414e+03
2.087136842822019389e+03
2.092481466974231807e+03
2.097868658252332352e+03
2.103293247537158095e+03
2.108749952102516545e+03
2.114233375615208388e+03
1.895598986446611889e+03
1.895675025200171149e+03
1.895903078731384994e+03
1.896282958852088996e+03
1.896814351915213592e+03
1.897496818814965991e+03
1.898329794986625529e+03
1.899312590406793788e+03
1.900444389593167216e+03
1.901724251604650817e+03
1.903151110041380889e+03
1.904723773044611335e+03
1.906440923296850087e+03
1.908301118021722687e+03
1.910302788984108702e+03
1.912444242490096258e+03
1.914723659386822874e+03
1.917139095062793785e+03
1.919688479447586360e+03
1.922369617012009257e+03
1.925180186768056956e+03
1.928117742268841539e+03
1.931179711608797334e+03
1.934363397423430797e+03
1.937665976889547892e+03
1.941084501725003975e+03
1.944615898188976644e+03
1.948256967081715629e+03
1.952004383744770166e+03
1.955854698060761621e+03
1.959804334453588126e+03
1.963849591888356372e+03
1.967986643871245178e+03
1.972211538449710133e+03
1.976520198212392643e+03
1.980908420289119931e+03
1.985371876350882303e+03
1.989906112609855882e+03
1.994506549819425345e+03
1.999168483274161190e+03
2.003887082809796993e+03
2.008657392803320363e+03
2.013474332172813774e+03
2.018332694377659209e+03
2.023227147418310778e+03
2.028152233836499363e+03
2.033102370715118923e+03
2.038071849678226499e+03
2.043054836891087689e+03
2.048045373060131169e+03
1.841394869274608936e+03
1.841467988777390019e+03
1.841687278585050080e+03
1.842052532595721459e+03
1.842563407306170120e+03
1.843219421811863867e+03
1.844019957807086030e+03
1.844964259584730826e+03
1.846051434036462524e+03
1.847280450652669970e+03
1.848650141522443846e+03
1.850159201333531200e+03
1.851806187372494605e+03
1.853589519524552998e+03
1.855507480273672627e+03
1.857558214702498844e+03
1.859739730492424314e+03
1.862049897923543540e+03
1.864486449874652862e+03
1.867046981823318674e+03
1.869728951845763731e+03
1.872529680616935366e+03
1.875446351410528223e+03
1.878476010098938787e+03
1.881615565153242642e+03
1.884861787643330899e+03
1.888211311237682821e+03
1.891660632203593195e+03
1.895206109407035910e+03
1.898843964312663957e+03
1.902570280983900375e+03
1.906381006082847307e+03
1.910271948870399683e+03
1.914238781206086060e+03
1.918277037548114095e+03
1.922382114953552446e+03
1.926549273078035185e+03
1.930773634176034648e+03
1.935050183100634058e+03
1.939373767303709428e+03
1.943739096835861346e+03
1.948140744346301290e+03
1.952573145083033523e+03
1.957030596892809626e+03
1.961507260221060278e+03
1.965997158111872523e+03
1.970494176208148929e+03
1.974992062751493904e+03
1.979484428582145483e+03
1.983964747139111751e+03
1.790421370914828003e+03
1.790491147262378036e+03
1.790700401981530376e+03
1.791048912102019131e+03
1.791536306006605628e+03
1.792162063431237584e+03
1.792925515464912678e+03
1.793825844549769499e+03
1.794862084481110287e+03
1.796033120407287242e+03
1.797337688829861690e+03
1.798774377603422181e+03
1.800341625935743650e+03
1.802037724387628259e+03
1.803860814873087293e+03
1.805808890659204735e+03
1.807879796366205483e+03
1.810071227967455343e+03
1.812380732789324611e+03
1.814805709511506393e+03
1.817343408166561858e+03
1.819990930140374985e+03
1.822745228171834242e+03
1.825603106353014482e+03
1.828561220129063258e+03
1.831616076298269036e+03
1.834764033011992979e+03
1.838001299774805375e+03
1.841323937444326475e+03
1.844727858231271966e+03
1.848208825699566660e+03
1.851762454766139854e+03
1.855384211701175445e+03
1.859069414127861819e+03
1.862813231022505533e+03
1.866610682714645009e+03
1.870456640886823152e+03
1.874345828574723782e+03
1.878272820167171631e+03
1.882232041406155076e+03
1.886217769386666987e+03
1.890224132556909353e+03
1.894245110718156866e+03
1.898274535024847864e+03
1.902306087984447913e+03
1.906333303457699913e+03
1.910349566658283038e+03
1.914348114153131064e+03
1.918322033862250464e+03
1.922264265058674937e+03
1.743034270261819074e+03
1.743100067594377833e+03
1.743297380398871610e+03
1.743625971095502791e+03
1.744085443717995076e+03
1.744675243913616214e+03
1.745394658943018840e+03
1.746242817680467851e+03
1.747218690613658509e+03
1.748321089843761911e+03
1.749548669085493202e+03
1.750899923667020630e+03
1.752373190530033753e+03
1.753966648229675229e+03
1.755678316934631766e+03
1.757506058427065909e+03
1.759447576102570565e+03
1.761500414970350903e+03
1.763661961652996979e+03
1.765929444386642899e+03
1.768299933020898607e+03
1.770770339018872619e+03
1.773337415457217503e+03
1.775997757025993451e+03
1.778747800028781967e+03
1.781583822382663129e+03
1.784501943618261066e+03
1.787498124879562056e+03
1.790568168924187376e+03
1.793707720123188665e+03
1.796912264461093400e+03
1.800177129535950371e+03
1.803497484559284203e+03
1.806868340356140834e+03
1.810284549364973827e+03
1.813740805637894482e+03
1.817231644840330773e+03
1.820751444251300200e+03
1.824294422763341572e+03
1.827854640882333115e+03
1.831426000727856263e+03
1.835002246032809126e+03
1.838576962143679339e+03
1.842143576020407636e+03
1.845695356236501539e+03
1.849225412978807981e+03
1.852726698047831633e+03
1.856192004857439315e+03
1.859613968435087372e+03
1.862985065421707986e+03
1.699280191892239600e+03
1.699341260820369826e+03
1.699524384575533986e+03
1.699829314070188957e+03
1.700255634158315843e+03
1.700802763635601877e+03
1.701469955239235787e+03
1.702256295648112427e+03
1.703160705482673620e+03
1.704181939304999105e+03
1.705318585618783800e+03
1.706569066869315066e+03
1.707931639443495442e+03
1.709404393669865385e+03
1.710985253818512319e+03
1.712671978101207060e+03
1.714462158671244651e+03
1.716353221623603531e+03
1.718342426994900052e+03
1.720426868763206585e+03
1.722603474848415317e+03
1.724869007111851715e+03
1.727220061356547376e+03
1.729653067327103599e+03
1.732164288709736866e+03
1.734749823132301572e+03
1.737405602164244556e+03
1.740127391316605099e+03
1.742910790042060398e+03
1.745751231734880093e+03
1.748643983730971740e+03
1.751584147307789863e+03
1.754566657684472375e+03
1.757586284021681422e+03
1.760637629421808015e+03
1.763715130928767394e+03
1.766813059528089980e+03
1.769925520146921372e+03
1.773046451654045086e+03
1.776169626859837081e+03
1.779288652516243019e+03
1.782396969316937430e+03
1.785487851897050859e+03
1.788554408833465459e+03
1.791589582644519396e+03
1.794586149790325180e+03
1.797536720672496813e+03
1.800433739634263475e+03
1.803269484960537739e+03
1.806036068877756406e+03
1.658529812050437613e+03
1.658585517767437523e+03
1.658752549066230131e+03
1.659030648390398710e+03
1.659419386479157765e+03
1.659918162367421246e+03
1.660526203385825283e+03
1.661242565160637241e+03
1.662066131613869402e+03
1.662995614963256230e+03
1.664029555722117948e+03
1.665166322699587909e+03
1.666404113000362486e+03
1.667740952024973922e+03
1.669174693469540216e+03
1.670703019325901550e+03
1.672323439881574814e+03
1.674033293719867288e+03
1.675829747719603802e+03
1.677709797055422314e+03
1.679670265197637491e+03
1.681707803912263444e+03
1.683818893260968252e+03
1.685999841601119442e+03
1.688246785585829457e+03
1.690555690163819236e+03
1.692922348579554637e+03
1.695342382373200962e+03
1.697811241380577485e+03
1.700324203733248396e+03
1.702876375858386382e+03
1.705462692478977260e+03
1.708077916613569869e+03
1.710716639576503439e+03
1.713373280977725699e+03
1.716042088722997505e+03
1.718717139013597262e+03
1.721392336346684715e+03
1.724061413514959895e+03
1.726717931606913226e+03
1.729355280006711837e+03
1.731966676394108617e+03
1.734545166744692324e+03
1.737083625329682945e+03
1.739574754715977178e+03
1.742011085766216638e+03
1.744384977638628698e+03
1.746688617787276598e+03
1.748914021961854814e+03
1.751053034207643577e+03
1.620004233379813741e+03
1.620054105545955281e+03
1.620203634294671247e+03
1.620452556376653774e+03
1.620800433043268640e+03
1.621246650046305149e+03
1.621790417638089821e+03
1.622430770571418179e+03
1.623166568099691176e+03
1.623996493976756028e+03
1.624919056457019906e+03
1.625932588295381720e+03
1.627035246747232122e+03
1.628225013568521717e+03
1.629499695015738325e+03
1.630856921845770557e+03
1.632294149316157927e+03
1.633808657184886215e+03
1.635397549710455678e+03
1.637057755651949265e+03
1.638786028268850714e+03
1.640578945321226456e+03
1.642432909069725611e+03
1.644344146275352614e+03
1.646308708199762805e+03
1.648322470605126000e+03
1.650381133753990071e+03
1.652480222409599264e+03
1.654615085835553145e+03
1.656780897796102181e+03
1.658972656555965841e+03
1.661185184880287125e+03
1.663413130034882670e+03
1.665650963785992644e+03
1.667892982400326218e+03
1.670133306645266202e+03
1.672365881788550723e+03
1.674584477598546073e+03
1.676782688343996597e+03
1.678953932794365755e+03
1.681091454219472325e+03
1.683188320389695036e+03
1.685237423575927096e+03
1.687231480549621665e+03
1.689163032582678170e+03
1.691024445447533253e+03
1.692807909417183510e+03
1.694505439265094537e+03
1.696108874265269151e+03
1.697609878192201904e+03
1.582849498714051606e+03
1.582893329622345391e+03
1.583024733314982768e+03
1.583243442695152225e+03
1.583549012601588402e+03
1.583940819808447031e+03
1.584418063025407264e+03
1.584979762897614819e+03
1.585624762005636512e+03
1.586351724865630786e+03
1.587159137929165809e+03
1.588045309583299058e+03
1.589008370150543215e+03
1.590046271888923002e+03
1.591156788992020665e+03
1.592337517588703122e+03
1.593585875743474389e+03
1.594899103456282319e+03
1.596274262662586807e+03
1.597708237233200634e+03
1.599197732974562314e+03
1.600739277628508717e+03
1.602329220872388760e+03
1.603963734319040668e+03
1.605638811516701026e+03
1.607350267949254885e+03
1.609093741035894709e+03
1.610864690131325005e+03
1.612658396525830540e+03
1.614469963445117173e+03
1.616294316050311863e+03
1.618126201438121825e+03
1.619960188640629895e+03
1.621790668625521903e+03
1.623611854295859303e+03
1.625417780490238329e+03
1.627202303982721787e+03
1.628959103482839055e+03
1.630681679635608816e+03
1.632363355021516327e+03
1.633997274156604362e+03
1.635576403492245845e+03
1.637093531415484904e+03
1.638541268248627603e+03
1.639912046249628474e+03
1.641198119611885886e+03
1.642391564464242038e+03
1.643484278871028437e+03
1.644467982832088637e+03
1.645334218282710026e+03
1.546130722155282911e+03
1.546168636566960686e+03
1.546282289644386765e+03
1.546471410914875833e+03
1.546735549590528080e+03
1.547074074568286051e+03
1.547486174430014216e+03
1.547970857442339820e+03
1.548526951556800668e+03
1.549153104409720072e+03
1.549847783322320538e+03
1.550609275300712397e+03
1.551435687035723276e+03
1.552324944903148207e+03
1.553274794963567729e+03
1.554282802962438836e+03
1.555346354330083614e+03
1.556462654181609651e+03
1.557628727317000994e+03
1.558841418221140884e+03
1.560097391063686700e+03
1.561393129699195015e+03
1.562724937667030645e+03
1.564088938191434863e+03
1.565481074181502663e+03
1.566897108231160018e+03
1.568332622619141148e+03
1.569783019309124938e+03
1.571243519949575784e+03
1.572709165873811799e+03
1.574174818099936601e+03
1.575635157331089431e+03
1.577084683955013134e+03
1.578517718044508911e+03
1.579928399357095259e+03
1.581310687335212606e+03
1.582658361106064149e+03
1.583965019481820491e+03
1.585224080959392268e+03
1.586428783720612046e+03
1.587572185632097899e+03
1.588647164245344356e+03
1.589646416796745143e+03
1.590562460207434015e+03
1.591387631083489396e+03
1.592114085715775218e+03
1.592733800080077344e+03
1.593238569836944407e+03
1.593620010331778758e+03
1.593869556594950154e+03
1.509111731303403303e+03
1.509144138017381920e+03
1.509241266605431520e+03
1.509402842405961565e+03
1.509628407649529436e+03
1.509917321459067807e+03
1.510268759849623166e+03
1.510681715728651398e+03
1.511154998895676727e+03
1.511687236042598670e+03
1.512276870753498770e+03
1.512922163504799755e+03
1.513621191665015431e+03
1.514371849495069000e+03
1.515171848148020217e+03
1.516018715669235917e+03
1.516909796996287696e+03
1.517842253959020127e+03
1.518813065279573493e+03
1.519819026572247367e+03
1.520856750343637032e+03
1.521922665992553902e+03
1.523013019810082369e+03
1.524123874979602533e+03
1.525251111576653784e+03
1.526390426569082592e+03
1.527537333816940190e+03
1.528687164072562155e+03
1.529835064980511561e+03
1.530976001077647197e+03
1.532104753792987140e+03
1.533215921447845176e+03
1.534303919255808069e+03
1.535362979322690080e+03
1.536387150646532973e+03
1.537370299117628747e+03
1.538306107518565113e+03
1.539188075524134547e+03
1.540009519701402496e+03
1.540763573509593698e+03
1.541443187300365025e+03
1.542041128317441689e+03
1.542549980696844614e+03
1.542962145466913171e+03
1.543269840548168759e+03
1.543465100753405750e+03
1.543539777787668754e+03
1.543485540248184407e+03
1.543293873624543266e+03
1.542956080298495181e+03
1.471601649333274509e+03
1.471629096885180843e+03
1.471711346010681609e+03
1.471848116119031147e+03
1.472038939559058690e+03
1.472283161619066050e+03
1.472579940526918563e+03
1.472928247449988248e+03
1.473326866495176546e+03
1.473774394708880209e+03
1.474269242077025410e+03
1.474809631525101850e+03
1.475393598918083171e+03
1.476018993060426965e+03
1.476683475696233927e+03
1.477384521508997750e+03
1.478119418121775652e+03
1.478885266097199747e+03
1.479678978937363354e+03
1.480497283083877846e+03
1.481336717917940859e+03
1.482193635760222605e+03
1.483064201870888610e+03
1.483944394449690662e+03
1.484830004635841760e+03
1.485716636508141164e+03
1.486599707084883448e+03
1.487474446323835764e+03
1.488335897122351525e+03
1.489178915317279461e+03
1.489998169685009088e+03
1.490788141941425238e+03
1.491543126741953529e+03
1.492257231681537633e+03
1.492924377294616534e+03
1.493538297055192743e+03
1.494092537376764085e+03
1.494580457612369173e+03
1.494995230054587410e+03
1.495329839935425298e+03
1.495577085426521080e+03
1.495729577638985575e+03
1.495779740623447651e+03
1.495719811370076968e+03
1.495541839808561235e+03
1.495237688808060739e+03
1.494799034177344765e+03
1.494217364664677916e+03
1.493483981957774631e+03
1.492590000683981089e+03
1.433513619656343963e+03
1.433536764864948054e+03
1.433606104127864000e+03
1.433721348356357339e+03
1.433882015735912319e+03
1.434087431726186423e+03
1.434336729061033111e+03
1.434628847748490443e+03
1.434962535070746981e+03
1.435336345584266837e+03
1.435748641119596414e+03
1.436197590781591771e+03
1.436681170949168518e+03
1.437197165275517818e+03
1.437743164688004072e+03
1.438316567388164913e+03
1.438914578851699844e+03
1.439534211828572552e+03
1.440172286342863117e+03
1.440825429692881698e+03
1.441490076451100322e+03
1.442162468464221092e+03
1.442838654853062508e+03
1.443514492012684514e+03
1.444185643612354397e+03
1.444847580595455838e+03
1.445495581179636702e+03
1.446124730856695351e+03
1.446729922392592016e+03
1.447305855827562482e+03
1.447847038475924819e+03
1.448347784926261284e+03
1.448802217041270524e+03
1.449204263957949479e+03
1.449547662087388744e+03
1.449825955114897624e+03
1.450032493999970029e+03
1.450160436976307210e+03
1.450202749551749548e+03
1.450152204508435716e+03
1.450001381902529829e+03
1.449742669064494294e+03
1.449368260598998859e+03
1.448870158384806928e+03
1.448240171574980195e+03
1.447469916596628536e+03
1.446550817151205592e+03
1.445474104214258659e+03
1.444230816035519638e+03
1.442811798138995982e+03
1.395183829325878833e+03
1.395203231990808490e+03
1.395261340035665398e+03
1.395357853610698839e+03
1.395492272966350811e+03
1.395663898453221918e+03
1.395871830522048640e+03
1.396114969723782906e+03
1.396392016709557993e+03
1.396701472230608942e+03
1.397041637138408987e+03
1.397410612384555861e+03
1.397806299020851384e+03
1.398226398199255982e+03
1.398668411171888692e+03
1.399129639291049898e+03
1.399607184009209959e+03
1.400097946878997845e+03
1.400598629553246610e+03
1.401105733784913809e+03
1.401615561427149714e+03
1.402124214433274574e+03
1.402627594856801352e+03
1.403121404851356147e+03
1.403601146670780508e+03
1.404062122669097334e+03
1.404499435300442656e+03
1.404907987119167956e+03
1.405282480779817433e+03
1.405617419037014315e+03
1.405907104745654124e+03
1.406145640860756885e+03
1.406326930437489864e+03
1.406444676631235779e+03
1.406492382697535959e+03
1.406463351992067601e+03
1.406350687970689251e+03
1.406147294189509012e+03
1.405845874304668541e+03
1.405438932072615899e+03
1.404918771349866802e+03
1.404277496093141053e+03
1.403507010359339802e+03
1.402599018305545542e+03
1.401545024188999378e+03
1.400336332367055547e+03
1.398964047297317848e+03
1.397419073537571421e+03
1.395692115745669071e+03
1.393773678679735895e+03
1.357227068523570779e+03
1.357243057931646035e+03
1.357290922209381279e+03
1.357370349517054819e+03
1.357480820121884335e+03
1.357621606397958658e+03
1.357791772826260512e+03
1.357990175994609672e+03
1.358215464597799382e+03
1.358466079437391727e+03
1.358740253421899524e+03
1.359036011566718116e+03
1.359351170994102631e+03
1.359683340933202089e+03
1.360029922720048035e+03
1.360388109797554534e+03
1.360754887715506811e+03
1.361127034130583979e+03
1.361501118806359045e+03
1.361873503613230696e+03
1.362240342528582460e+03
1.362597581636566701e+03
1.362940959128286522e+03
1.363266005301738915e+03
1.363568042561757920e+03
1.363842185420071473e+03
1.364083340495301400e+03
1.364286206512929311e+03
1.364445274305376188e+03
1.364554826811877319e+03
1.364608939078573258e+03
1.364601478258532552e+03
1.364526103611638064e+03
1.364376266504655177e+03
1.364145210411322751e+03
1.363825970912148478e+03
1.363411375694590788e+03
1.362894044552979267e+03
1.362266389388514654e+03
1.361520614209280211e+03
1.360648715130230357e+03
1.359642480373258877e+03
1.358493490267051129e+03
1.357193117247265945e+03
1.355732525856387838e+03
1.354102672743783842e+03
1.352294306665726253e+03
1.350297968485369893e+03
1.348103991172752103e+03
1.345702499804747276e+03
1.320215413660559989e+03
1.320228081556479083e+03
1.320265977288204340e+03
1.320328776987821584e+03
1.320415940875363958e+03
1.320526713258936979e+03
1.320660122534673064e+03
1.320814981186708792e+03
1.320989885787219009e+03
1.321183216996394094e+03
1.321393139562474062e+03
1.321617602321714458e+03
1.321854338198374990e+03
1.322100864204799109e+03
1.322354481441277585e+03
1.322612275096219037e+03
1.322871114445968033e+03
1.323127652854964253e+03
1.323378327775651542e+03
1.323619360748489271e+03
1.323846757401975083e+03
1.324056307452622150e+03
1.324243584704981913e+03
1.324403947051644082e+03
1.324532536473202526e+03
1.324624279038266650e+03
1.324673884903506860e+03
1.324675848313609094e+03
1.324624447601297561e+03
1.324513745187277891e+03
1.324337587580316722e+03
1.324089605377230328e+03
1.323763213262805039e+03
1.323351610009888191e+03
1.322847778479376757e+03
1.322244485620115029e+03
1.321534282469065147e+03
1.320709504151182045e+03
1.319762269879424821e+03
1.318684482954790838e+03
1.317467830766327097e+03
1.316103784791084763e+03
1.314583600594130530e+03
1.312898317828603467e+03
1.311038760235601330e+03
1.308995535644351094e+03
1.306759035971981575e+03
1.304319437223716704e+03
1.301666699492852786e+03
1.298790566960587967e+03
1.284545469253282590e+03
1.284554685249429440e+03
1.284582221728760487e+03
1.284627744164185970e+03
1.284690695010431227e+03
1.284770293704161759e+03
1.284865536663949115e+03
1.284975197290248161e+03
1.285097825965431184e+03
1.285231750053799260e+03
1.285375073901491305e+03
1.285525678836597763e+03
1.285681223169115128e+03
1.285839142190911843e+03
1.285996648175807877e+03
1.286150730379449669e+03
1.286298155039457924e+03
1.286435465375325293e+03
1.286558981588473216e+03
1.286664800862172342e+03
1.286748797361656216e+03
1.286806622234030328e+03
1.286833703608294854e+03
1.286825246595367389e+03
1.286776233288094318e+03
1.286681422761171234e+03
1.286535351071245259e+03
1.286332331256824091e+03
1.286066453338366955e+03
1.285731584318170917e+03
1.285321368180507307e+03
1.284829225891508031e+03
1.284248355399233787e+03
1.283571731633605850e+03
1.282792106506485652e+03
1.281902008911629309e+03
1.280893744724698990e+03
1.279759396803228810e+03
1.278490824986738517e+03
1.277079666096528854e+03
1.275517333935931674e+03
1.273795019290059827e+03
1.271903689926034531e+03
1.269834090592826215e+03
1.267576743021299990e+03
1.265121945924261126e+03
1.262459774996364104e+03
1.259580082914249033e+03
1.256472499336393867e+03
1.253126430903171240e+03
1.250578320848046587e+03
1.250583735820544007e+03
1.250599866613151789e+03
1.250626370851068714e+03
1.250662677909735976e+03
1.250707988914643920e+03
1.250761276741525307e+03
1.250821286016207523e+03
1.250886533114760368e+03
1.250955306163291425e+03
1.251025665038150692e+03
1.251095441365816896e+03
1.251162238522920234e+03
1.251223431636265104e+03
1.251276167582796006e+03
1.251317364989586167e+03
1.251343714233939863e+03
1.251351677443244625e+03
1.251337488495073558e+03
1.251297153017162600e+03
1.251226448387387791e+03
1.251120923733799373e+03
1.250975899934564950e+03
1.250786469618037700e+03
1.250547497162745003e+03
1.250253618697320235e+03
1.249899242100627816e+03
1.249478547001569950e+03
1.248985484779336730e+03
1.248413778563178766e+03
1.247756923232554982e+03
1.247008185417041659e+03
1.246160603496400654e+03
1.245206987600545290e+03
1.244139919609528988e+03
1.242951753153568006e+03
1.241634613613052807e+03
1.240180398118491212e+03
1.238580775550576618e+03
1.236827186540176626e+03
1.234910843468264829e+03
1.232822730465977656e+03
1.230553603414671215e+03
1.228093989945750764e+03
1.225434189440920818e+03
1.222564273031855464e+03
1.219474083600573522e+03
1.216153235779120223e+03
1.212591115949726372e+03
1.208776882244842454e+03
1.218299696004146426e+03
1.218300922786988849e+03
1.218304487475256792e+03
1.218310043087956274e+03
1.218317011323506449e+03
1.218324582559694136e+03
1.218331715853651076e+03
1.218337138941876674e+03
1.218339348240237996e+03
1.218336608844003877e+03
1.218326954527719863e+03
1.218308187745378746e+03
1.218277879630284133e+03
1.218233369995130033e+03
1.218171767331989486e+03
1.218089948812269085e+03
1.217984560286754459e+03
1.217852016285564787e+03
1.217688500018266495e+03
1.217489963373702722e+03
1.217252126920107003e+03
1.216970479905091906e+03
1.216640280255649031e+03
1.216256554578058058e+03
1.215814098158068646e+03
1.215307474960707168e+03
1.214731017630424503e+03
1.214078827490993717e+03
1.213344774545589644e+03
1.212522497476709304e+03
1.211605403646251489e+03
1.210586669095448542e+03
1.209459238544923210e+03
1.208215825394654530e+03
1.206848911723977835e+03
1.205350748291596119e+03
1.203713354535580038e+03
1.201928518573379279e+03
1.199987797201765716e+03
1.197882515896912992e+03
1.195603768814362411e+03
1.193142418788977466e+03
1.190489097335034785e+03
1.187634204646133185e+03
1.184567909595273250e+03
1.181280149734811857e+03
1.177760631296439442e+03
1.173998829191248205e+03
1.169983987009663906e+03
1.165705117021525439e+03
1.187446762408819723e+03
1.187443493264265726e+03
1.187433569641257236e+03
1.187416642971788860e+03
1.187392132309241788e+03
1.187359224328247365e+03
1.187316873324812150e+03
1.187263801216295178e+03
1.187198497541351117e+03
1.187119219460021213e+03
1.187023991753619612e+03
1.186910606824858405e+03
1.186776624697722582e+03
1.186619373017583712e+03
1.186435947051108997e+03
1.186223209686340851e+03
1.185977791432628692e+03
1.185696090420628934e+03
1.185374272402418683e+03
1.185008270751336568e+03
1.184593786462028220e+03
1.184126288150616801e+03
1.183601012054396051e+03
1.183012962032069026e+03
1.182356909563691261e+03
1.181627393750625288e+03
1.180818721315563380e+03
1.179924966602561653e+03
1.178939971576971857e+03
1.177857345825520952e+03
1.176670466556231531e+03
1.175372478598478665e+03
1.173956294403001266e+03
1.172414594041822511e+03
1.170739825208329421e+03
1.168924203217250124e+03
1.166959711004608380e+03
1.164838099127825899e+03
1.162550885765585917e+03
1.160089356717958253e+03
1.157444565406353831e+03
1.154607332873467840e+03
1.151568247783370680e+03
1.148317666421462491e+03
1.144845712694473150e+03
1.141142278130462273e+03
1.137197021878819214e+03
1.132999370710285802e+03
1.128538519016922237e+03
1.123803428812175298e+03
1.157711594197462546e+03
1.157703639920077876e+03
1.157679661199244947e+03
1.157639310369199848e+03
1.157582007986889039e+03
1.157506942832083041e+03
1.157413071907342328e+03
1.157299120438028694e+03
1.157163581872282521e+03
1.157004717881000033e+03
1.156820558357912887e+03
1.156608901419554059e+03
1.156367313405201003e+03
1.156093128876943865e+03
1.155783450619674113e+03
1.155435149641061798e+03
1.155044865171555557e+03
1.154609004664439453e+03
1.154123743795707924e+03
1.153585026464236307e+03
1.152988564791621684e+03
1.152329839122307931e+03
1.151604098023472034e+03
1.150806358285115039e+03
1.149931404920016575e+03
1.148973791163780334e+03
1.147927838474743112e+03
1.146787636534099875e+03
1.145547043245755958e+03
1.144199684736452127e+03
1.142738955355730468e+03
1.141158017675957126e+03
1.139449802492151775e+03
1.137607008822260468e+03
1.135622103906985103e+03
1.133487323209783426e+03
1.131194670416937242e+03
1.128735917437506941e+03
1.126102604403342866e+03
1.123286039669108050e+03
1.120277299812187266e+03
1.117067229632857561e+03
1.113646442154117722e+03
1.110005318621745118e+03
1.106134008504363919e+03
1.102022429493354139e+03
1.097660267502874376e+03
1.093036976669918658e+03
1.088141779354236860e+03
1.082963666138357439e+03
1.128724691037496086e+03
1.128712060192788158e+03
1.128674052497422053e+03
1.128610322467670812e+03
1.128520294297368309e+03
1.128403161857818304e+03
1.128257888697919498e+03
1.128083208044017738e+03
1.127877622800042445e+03
1.127639405547404294e+03
1.127366598545086163e+03
1.127057013729540813e+03
1.126708232714781843e+03
1.126317606792349579e+03
1.125882256931288339e+03
1.125399073778157799e+03
1.124864717657078472e+03
1.124275618569686230e+03
1.123627976195086831e+03
1.122917759889992340e+03
1.122140708688584709e+03
1.121292331302583989e+03
1.120367906121236956e+03
1.119362481211294380e+03
1.118270874317113339e+03
1.117087672860429848e+03
1.115807233940643073e+03
1.114423684334587961e+03
1.112930920496660292e+03
1.111322608558793945e+03
1.109592184330392683e+03
1.107732853298466580e+03
1.105737590627472855e+03
1.103599141159406827e+03
1.101310019413847385e+03
1.098862509587809200e+03
1.096248665555901880e+03
1.093460310870216290e+03
1.090489038760404128e+03
1.087326212133621084e+03
1.083962963574526839e+03
1.080390195345330540e+03
1.076598579385790799e+03
1.072578557313124747e+03
1.068320340422110348e+03
1.063813909685075032e+03
1.059049015751816114e+03
1.054015178949703113e+03
1.048701689283586802e+03
1.043097606435901525e+03
1.100100697229493107e+03
1.100083611294542152e+03
1.100032239036374904e+03
1.099946237095093693e+03
1.099825033204183455e+03
1.099667826190511732e+03
1.099473585974385514e+03
1.099241053569448923e+03
1.098968741082728684e+03
1.098654931714725080e+03
1.098297679759286893e+03
1.097894810603634141e+03
1.097443920728426292e+03
1.096942377707671312e+03
1.096387320208805249e+03
1.095775657992669494e+03
1.095104071913442567e+03
1.094369013918776545e+03
1.093566707049615161e+03
1.092693145440387070e+03
1.091744094318903535e+03
1.090715090006301580e+03
1.089601439917180414e+03
1.088398222559533224e+03
1.087100287534690324e+03
1.085702255537432848e+03
1.084198518355913166e+03
1.082583238871654885e+03
1.080850351059655168e+03
1.078993559988202833e+03
1.077006341819048885e+03
1.074881943807304197e+03
1.072613384301484984e+03
1.070193452743524176e+03
1.067614709668725936e+03
1.064869486705765667e+03
1.061949886576758217e+03
1.058847783097201045e+03
1.055554821175951474e+03
1.052062416815306278e+03
1.048361757110910730e+03
1.044443800251872290e+03
1.040299275520624178e+03
1.035918683293016329e+03
1.031292295038292650e+03
1.026410153319125129e+03
1.021262071791500148e+03
1.015837635204877643e+03
1.010126199402088787e+03
1.004116891319324623e+03
1.071703405189839486e+03
1.071682173864485321e+03
1.071618365918868676e+03
1.071511639444452157e+03
1.071361424593590073e+03
1.071166923579619379e+03
1.070927110676848315e+03
1.070640732220522295e+03
1.070306306606823910e+03
1.069922124292895660e+03
1.069486247796839962e+03
1.068996511697741880e+03
1.068450522635600919e+03
1.067845659311342388e+03
1.067179072486919722e+03
1.066447684985178057e+03
1.065648191689979285e+03
1.064777059546054261e+03
1.063830527559150596e+03
1.062804606795953077e+03
1.061695080384083667e+03
1.060497503512135609e+03
1.059207203429650690e+03
1.057819279447141980e+03
1.056328602936025618e+03
1.054729817328734498e+03
1.053017338118570478e+03
1.051185352859920386e+03
1.049227821167983166e+03
1.047138474718985890e+03
1.044910817250115542e+03
1.042538124559473545e+03
1.040013444506143969e+03
1.037329597010136695e+03
1.034479174052444250e+03
1.031454539675007709e+03
1.028247829980705319e+03
1.024850953133386611e+03
1.021255589357826921e+03
1.017453190939784236e+03
1.013434982225942349e+03
1.009191959623990442e+03
1.004714891602498028e+03
9.999943186910513759e+02
9.950205534801398244e+02
9.897836806212580996e+02
9.842735568267812596e+02
9.784798108701238561e+02
9.723918435855921416e+02
9.659988278684750185e+02
1.043561605980198692e+03
1.043536544671712818e+03
1.043461246989852498e+03
1.043335371665364164e+03
1.043158349916257066e+03
1.042929385447678214e+03
1.042647454451935118e+03
1.042311305608609473e+03
1.041919460084363891e+03
1.041470211533123802e+03
1.040961626095986503e+03
1.040391542401209790e+03
1.039757571564257432e+03
1.039057097187787804e+03
1.038287275361653883e+03
1.037445034662846410e+03
1.036527076155584837e+03
1.035529873391271849e+03
1.034449672408504739e+03
1.033282491733007191e+03
1.032024122377788444e+03
1.030670127842972761e+03
1.029215844115901746e+03
1.027656379671066134e+03
1.025986615470196739e+03
1.024201204962173506e+03
1.022294574083070984e+03
1.020260921256181064e+03
1.018094217391933398e+03
1.015788205887974982e+03
1.013336402629113309e+03
1.010732095987395951e+03
1.007968346822008243e+03
1.005037988479318756e+03
1.001933626792924770e+03
9.986476400835954337e+02
9.951721791592490263e+02
9.914991673150439055e+02
9.876203003332875596e+02
9.835270464835048188e+02
9.792106465223696432e+02
9.746621136937847041e+02
9.698722337288018025e+02
9.648315648457128191e+02
9.595304377498905524e+02
9.539589556340501986e+02
9.481069941779423971e+02
9.419642015486147102e+02
9.355199984002183555e+02
9.287635778741559989e+02
1.015756982768243688e+03
1.015728371187674384e+03
1.015642422691189495e+03
1.015498796014662730e+03
1.015296922384470690e+03
1.015036005517549711e+03
1.014715021621373126e+03
1.014332719393996740e+03
1.013887620024036096e+03
1.013378017190655100e+03
1.012801977063520553e+03
1.012157338302938570e+03
1.011441712059695419e+03
1.010652481975182582e+03
1.009786804181294428e+03
1.008841607300553278e+03
1.007813592445950235e+03
1.006699233221104350e+03
1.005494775720137568e+03
1.004196238527742935e+03
1.002799412719173233e+03
1.001299861860240981e+03
9.996929220072729549e+02
9.979737017072125127e+02
9.961370819975172708e+02
9.941777164061818439e+02
9.920900309517946880e+02
9.898682241434926254e+02
9.875062669809494764e+02
9.849979029543874276e+02
9.823366480445884008e+02
9.795157907229281591e+02
9.765283919512626198e+02
9.733672851820642791e+02
9.700250763583426306e+02
9.664941439136441659e+02
9.627666387720751118e+02
9.588344843483014301e+02
9.546893765475601867e+02
9.503227837656140764e+02
9.457259468887741605e+02
9.408898792939567102e+02
9.358053668485808885e+02
9.304629679106255935e+02
9.248530133286294586e+02
9.189656064417135894e+02
9.127906230795133524e+02
9.063177115622465863e+02
8.995362927006681275e+02
8.924355597960698105e+02
9.884951877568596501e+02
9.884631700059685500e+02
9.883670031117617327e+02
9.882063461496841228e+02
9.879806309121249797e+02
9.876890619084406353e+02
9.873306163649431255e+02
9.869040442249001899e+02
9.864078681485352718e+02
9.858403835130616244e+02
9.851996584125799927e+02
9.844835336582377749e+02
9.836896227780584923e+02
9.828153120170782131e+02
9.818577603372887097e+02
9.808138994175919834e+02
9.796804336539139513e+02
9.784538401590680223e+02
9.771303687629142587e+02
9.757060420121888455e+02
9.741766551705950405e+02
9.725377762188827546e+02
9.707847458546439157e+02
9.689126774924829988e+02
9.669164572639829203e+02
9.647907440176368254e+02
9.625299693189276695e+02
9.601283374503054802e+02
9.575798254111418828e+02
9.548781829177869440e+02
9.520169324035350655e+02
9.489893690187159336e+02
9.457885606304785142e+02
9.424073478230411638e+02
9.388383438975438366e+02
9.350739348720708222e+02
9.311062794816962196e+02
9.269273091784270946e+02
9.225287281312262166e+02
9.179020132260575338e+02
9.130384140657838543e+02
9.079289529702464279e+02
9.025644249762876825e+02
8.969353978376261693e+02
8.910322120250157241e+02
8.848449807261204114e+02
8.783635898455941060e+02
8.715776980050122802e+02
8.644767365429515849e+02
8.570499095149216373e+02
9.620028515201170194e+02
9.619674168759161148e+02
9.618609999004888778e+02
9.616832614653958444e+02
9.614336363566394539e+02
9.611113332745276239e+02
9.607153348337988064e+02
9.602443975635651441e+02
9.596970519073238393e+02
9.590716022229344162e+02
9.583661267826983021e+02
9.575784777732451403e+02
9.567062812955896334e+02
9.557469373651542810e+02
9.546976199117466422e+02
9.535552767795593354e+02
9.523166297271359326e+02
9.509781744274391713e+02
9.495361804677827422e+02
9.479866913499222392e+02
9.463255244899301033e+02
9.445482712182979412e+02
9.426502967799137878e+02
9.406267403340166311e+02
9.384725149542305189e+02
9.361823076286100331e+02
9.337505792595266030e+02
9.311715646638049293e+02
9.284392725725865603e+02
9.255474856314435783e+02
9.224897604003103879e+02
9.192594273535064531e+02
9.158495908797704033e+02
9.122531292821804527e+02
9.084626947781998751e+02
9.044707134996770037e+02
9.002693854928907058e+02
8.958506847184708022e+02
8.912063590513866984e+02
8.863279302810951776e+02
8.812066941113016583e+02
8.758337201602557798e+02
8.701998519604330795e+02
8.642957069588078411e+02
8.581116765166825644e+02
8.516379259097448085e+02
8.448643943280899293e+02
8.377807948762097112e+02
8.303766145729127857e+02
8.226411143514383184e+02
9.363636447859562395e+02
9.363247091924108645e+02
9.362077906590911880e+02
9.360125539278669748e+02
9.357384402352181496e+02
9.353846673122347966e+02
9.349502293845375789e+02
9.344338971724255316e+02
9.338342178906827939e+02
9.331495152487832456e+02
9.323778894507313453e+02
9.315172171951417113e+02
9.305651516752163843e+02
9.295191225787675648e+02
9.283763360881607696e+02
9.271337748803716750e+02
9.257881981269861171e+02
9.243361414941432486e+02
9.227739171426151188e+02
9.210976137277157250e+02
9.193030963994033300e+02
9.173860068021667757e+02
9.153417630751391698e+02
9.131655598520296735e+02
9.108523682611235017e+02
9.083969359253046605e+02
9.057937869620559468e+02
9.030372219834362113e+02
9.001213180961030957e+02
8.970399289013130328e+02
8.937866844949098777e+02
8.903549914673021703e+02
8.867380329035427167e+02
8.829287683832149014e+02
8.789199339805350064e+02
8.747040422642953672e+02
8.702733822978757416e+02
8.656200196392660473e+02
8.607357963410208868e+02
8.556123309502936536e+02
8.502410185088479011e+02
8.446130305530004989e+02
8.387193151137125824e+02
8.325505967164872345e+02
8.260973763814263293e+02
8.193499316232419005e+02
8.122983164512334042e+02
8.049323613692877188e+02
7.972416733758564078e+02
7.892156359640353003e+02
9.115612812895506067e+02
9.115187430370497168e+02
9.113910186004659408e+02
9.111777789426923846e+02
9.108784756684485728e+02
9.104923410244623483e+02
9.100183878992766040e+02
9.094554098233516015e+02
9.088019809691218143e+02
9.080564561508595034e+02
9.072169708247542985e+02
9.062814410889245664e+02
9.052475636833833050e+02
9.041128159900267747e+02
9.028744560327027102e+02
9.015295224771307403e+02
9.000748346309478620e+02
8.985069924436970723e+02
8.968223765068159992e+02
8.950171480536482704e+02
8.930872489594662511e+02
8.910284017414369373e+02
8.888361095586105876e+02
8.865056562119661976e+02
8.840321061444115003e+02
8.814103044407147536e+02
8.786348768275502152e+02
8.757002296735436175e+02
8.726005499891925865e+02
8.693298054269007480e+02
8.658817442809777276e+02
8.622498954876732569e+02
8.584275686250975923e+02
8.544078539132669903e+02
8.501836222141378130e+02
8.457475250315610538e+02
8.410919945112823370e+02
8.362092434409419184e+02
8.310912652501315279e+02
8.257298340103034207e+02
8.201165044348272204e+02
8.142426118789899192e+02
8.080992723399731403e+02
8.016773824568758755e+02
7.949676195106917476e+02
7.879604414243090105e+02
7.806460867625673927e+02
7.730145747321557792e+02
7.650557051817031606e+02
7.567590586017445276e+02
8.875465355778601406e+02
8.875003021093561983e+02
8.873614948985277806e+02
8.871297935294023773e+02
8.868046639753856653e+02
8.863853585992160333e+02
8.858709161529759513e+02
8.852601617781147070e+02
8.845517070054597752e+02
8.837439497551599743e+02
8.828350743367536779e+02
8.818230514490778660e+02
8.807056381804045486e+02
8.794803780082702360e+02
8.781446007996464687e+02
8.766954228108261304e+02
8.751297466874348174e+02
8.734442614645104186e+02
8.716354425663780603e+02
8.696995518067637931e+02
8.676326373887377486e+02
8.654305339047255075e+02
8.630888623364967316e+02
8.606030300551992696e+02
8.579682308213136821e+02
8.551794447846759795e+02
8.522314384845117274e+02
8.491187648493337292e+02
8.458357631970898183e+02
8.423765592350264342e+02
8.387350650597568347e+02
8.349049791572724644e+02
8.308797864028974800e+02
8.266527580613001192e+02
8.222169517865495436e+02
8.175652116220135213e+02
8.126901680004607442e+02
8.075842377439812481e+02
8.022396240640318865e+02
7.966483165614477002e+02
7.908020912263850732e+02
7.846925104383558391e+02
7.783109229662727557e+02
7.716484639683471869e+02
7.646960549921800521e+02
7.574444039747163515e+02
7.498840052422451663e+02
7.420051395104223957e+02
7.337978738842707571e+02
7.252520618581456802e+02
8.641952508862459581e+02
8.641453084425393172e+02
8.639953777940945656e+02
8.637451489888576361e+02
8.633941054401020665e+02
8.629415239263948934e+02
8.623864745916421271e+02
8.617278209449864335e+02
8.609642198609776642e+02
8.600941215793682204e+02
8.591157697053063202e+02
8.580272012091882061e+02
8.568262464267490941e+02
8.555105290590063305e+02
8.540774661723048666e+02
8.525242681982945214e+02
8.508479389338958754e+02
8.490452755414139574e+02
8.471128685483904519e+02
8.450471018476946483e+02
8.428441526975120723e+02
8.404999917213444860e+02
8.380103829079530442e+02
8.353708836114492442e+02
8.325768445512608196e+02
8.296234098120748968e+02
8.265055168439289446e+02
8.232178964621652995e+02
8.197550728473856907e+02
8.161113635455535587e+02
8.122808794679144739e+02
8.082575248910302435e+02
8.040349974567561731e+02
7.996067881722524362e+02
7.949661814100409174e+02
7.901062549078460506e+02
7.850198797687994556e+02
7.796997204612921450e+02
7.741382348190199991e+02
7.683276740410178718e+02
7.622600826915686412e+02
7.559272987003396338e+02
7.493209533622348317e+02
7.424324713375085594e+02
7.352530706517086401e+02
7.277737626956763961e+02
7.199853522255921234e+02
7.118784373629068796e+02
7.034434095944220644e+02
6.946704537721871020e+02
8.413653484185260822e+02
8.413117762308729652e+02
8.411509602250362150e+02
8.408826020724973205e+02
8.405062045590739217e+02
8.400210715848515974e+02
8.394263081642520774e+02
8.387208204260218736e+02
8.379033156132209115e+02
8.369723020832111615e+02
8.359260893076680077e+02
8.347627878726370909e+02
8.334803094784092536e+02
8.320763669396228579e+02
8.305484741852410480e+02
8.288939462585176443e+02
8.271098993170767244e+02
8.251932506327875672e+02
8.231407185918669711e+02
8.209488226948565170e+02
8.186138835566339367e+02
8.161320229063335319e+02
8.134991635874484928e+02
8.107110295577740544e+02
8.077631458894416028e+02
8.046508387688732000e+02
8.013692354968270593e+02
7.979132644883748071e+02
7.942776552728673778e+02
7.904569384940486998e+02
7.864454459098851657e+02
7.822373103927361626e+02
7.778264659292517536e+02
7.732066476203726779e+02
7.683713916813985634e+02
7.633140354419197138e+02
7.580277173458512152e+02
7.525053769514215674e+02
7.467397549311726834e+02
7.407233930719485215e+02
7.344486342749632968e+02
7.279076225556877944e+02
7.210923030439289505e+02
7.139944219838412209e+02
7.066055267338242629e+02
6.989169657666820967e+02
6.909198886694412067e+02
6.826052461435324403e+02
6.739637900046545838e+02
6.649860731828312055e+02
8.189812241251161140e+02
8.189241553399142504e+02
8.187528536573609017e+02
8.184670330965559515e+02
8.180662170227037677e+02
8.175497381470336222e+02
8.169167385269361148e+02
8.161661695657699056e+02
8.152967920130663515e+02
8.143071759643703444e+02
8.131957008613312610e+02
8.119605554916347501e+02
8.105997379891164201e+02
8.091110558336140457e+02
8.074921258510812550e+02
8.057403742135079483e+02
8.038530364390112481e+02
8.018271573917445494e+02
7.996595912819657315e+02
7.973470016659689463e+02
7.948858614461755678e+02
7.922724528710205050e+02
7.895028675350545200e+02
7.865730063789101223e+02
7.834785796892674625e+02
7.802151070989111759e+02
7.767779175866621699e+02
7.731621494774572056e+02
7.693627504422806851e+02
7.653744774982101262e+02
7.611918970083593194e+02
7.568093846819920145e+02
7.522211255743854963e+02
7.474211140869101655e+02
7.424031539669954327e+02
7.371608583081979305e+02
7.316876495500878264e+02
7.259767594783284039e+02
7.200212292246874313e+02
7.138139092669689489e+02
7.073474594290928508e+02
7.006143488810039344e+02
6.936068561387742193e+02
6.863170690645233663e+02
6.787368848664300458e+02
6.708580100987774131e+02
6.626719606619190017e+02
6.541700618022787239e+02
6.453434481123622390e+02
6.361830635307114790e+02
7.970137334973401266e+02
7.969533276679840128e+02
7.967720191218290893e+02
7.964695346846724533e+02
7.960454190661380380e+02
7.954990348597334560e+02
7.948295625427931554e+02
7.940360004765352642e+02
7.931171649059933770e+02
7.920716899601188743e+02
7.908980276516558661e+02
7.895944478772321418e+02
7.881590384173478014e+02
7.865897049363070437e+02
7.848841709823204837e+02
7.830399779874369415e+02
7.810544852675548100e+02
7.789248700224106869e+02
7.766481273356589554e+02
7.742210701747353596e+02
7.716403293909479544e+02
7.689023537194998426e+02
7.660034097794323316e+02
7.629395820736135647e+02
7.597067729887953647e+02
7.563007027955791273e+02
7.527169096484158217e+02
7.489507495856059904e+02
7.449973965293224865e+02
7.408518422855991048e+02
7.365088965442851077e+02
7.319631868791248053e+02
7.272091587477120811e+02
7.222410754914676545e+02
7.170530183357072929e+02
7.116388863895622308e+02
7.059923966460587508e+02
7.001070839820499714e+02
6.939763011582613217e+02
6.875932188192564354e+02
6.809508254934598881e+02
6.740419275931571974e+02
6.668591494144948228e+02
6.593949331374687972e+02
6.516415388259133579e+02
6.435910444275464215e+02
6.352353457739127407e+02
6.265661565804407473e+02
6.175750084463970779e+02
6.082532508549093109e+02
7.754549743111624593e+02
7.753913967043217781e+02
7.752005772206643996e+02
7.748822558708525321e+02
7.744359993393118202e+02
7.738612009841858708e+02
7.731570808374385706e+02
7.723226856047403999e+02
7.713568886656048562e+02
7.702583900732406619e+02
7.690257165546427132e+02
7.676572215105920804e+02
7.661510850155877961e+02
7.645053138179491725e+02
7.627177413397134842e+02
7.607860276767041796e+02
7.587076595985081440e+02
7.564799505484756992e+02
7.541000406437206038e+02
7.515648966751086846e+02
7.488713121073033108e+02
7.460159070786971824e+02
7.429951284014691737e+02
7.398052495615388580e+02
7.364423707186347201e+02
7.329024187061804696e+02
7.291811470314428334e+02
7.252741358753837631e+02
7.211767920927968589e+02
7.168843492121595773e+02
7.123918674358151293e+02
7.076942336397564759e+02
7.027861613738423330e+02
6.976621908616380097e+02
6.923166890004722518e+02
6.867438493614827166e+02
6.809376921895250234e+02
6.748920644032295968e+02
6.686006395950130354e+02
6.620569180310440061e+02
6.552542266512318747e+02
6.481857190692949189e+02
6.408443755726921154e+02
6.332230031226345091e+02
6.253142353541306875e+02
6.171105325759072002e+02
6.086041817705108770e+02
5.997872965941837720e+02
5.906518173770223257e+02
5.811895111227954658e+02
7.543593708582761792e+02
7.542927343888891301e+02
7.540927429896669310e+02
7.537591506875742198e+02
7.532915475274990058e+02
7.526893595723095132e+02
7.519518489028087060e+02
7.510781136178025008e+02
7.500670878339974479e+02
7.489175416861371559e+02
7.476280813268317615e+02
7.461971489267284596e+02
7.446230226744091851e+02
7.429038167763792444e+02
7.410374814571810020e+02
7.390218029592460880e+02
7.368544035429977157e+02
7.345327414868165761e+02
7.320541110870408374e+02
7.294156426579775143e+02
7.266143025318569926e+02
7.236468930589239790e+02
7.205100526073465517e+02
7.172002555632616350e+02
7.137138123307522619e+02
7.100468693319044178e+02
7.061954090067160905e+02
7.021552498131541142e+02
6.979220462271882752e+02
6.934912887426889938e+02
6.888583038715069051e+02
6.840182541435069652e+02
6.789661381063979206e+02
6.736967903259596824e+02
6.682048813858727954e+02
6.624849178877980194e+02
6.565312424513535916e+02
6.503380337141038581e+02
6.438993063315933796e+02
6.372089109773128257e+02
6.302605343427330808e+02
6.230476991372484008e+02
6.155637640882446249e+02
6.078019239410537011e+02
5.997552094589764238e+02
5.914164874232483271e+02
5.827784606331078976e+02
5.738336679057056244e+02
5.645744840762063177e+02
5.549931199976867902e+02
7.337914209615519212e+02
7.337217748105786086e+02
7.335127595005587864e+02
7.331641444602496449e+02
7.326755454042199744e+02
7.320464243328956400e+02
7.312760895325482124e+02
7.303636955752381255e+02
7.293082433188715186e+02
7.281085799072116060e+02
7.267633987698673081e+02
7.252712396222250391e+02
7.236304884655510250e+02
7.218393775869117235e+02
7.198959855592420354e+02
7.177982372412884615e+02
7.155439037776432087e+02
7.131306025986987152e+02
7.105557974207385996e+02
7.078167982458353436e+02
7.049107613618957657e+02
7.018346893426837596e+02
6.985854310477861873e+02
6.951596816226128794e+02
6.915539824984193729e+02
6.877647213922955416e+02
6.837881323071542283e+02
6.796202955317539818e+02
6.752571376406649506e+02
6.706944314943370955e+02
6.659277962389978711e+02
6.609526973067204381e+02
6.557644464154691377e+02
6.503582015689630680e+02
6.447289670567897701e+02
6.388715934543824915e+02
6.327807776229747105e+02
6.264510627096797180e+02
6.198768381473882982e+02
6.130523396548824167e+02
6.059716492367329010e+02
5.986286951833562853e+02
5.910172520710261779e+02
5.831309407617936813e+02
5.749632284036124474e+02
5.665074284302249907e+02
5.577567005612309003e+02
5.487040508020186280e+02
5.393423314438678062e+02
5.296642410638582987e+02
7.137695792327122035e+02
7.136969465879815289e+02
7.134789774711634891e+02
7.131154583343459308e+02
7.126060332643305628e+02
7.119502039826443252e+02
7.111473298455734948e+02
7.101966278440727365e+02
7.090971726038787892e+02
7.078478963854195172e+02
7.064475890838480154e+02
7.048948982290312415e+02
7.031883289855954899e+02
7.013262441528695490e+02
6.993068641649188066e+02
6.971282670904997758e+02
6.947883886331396752e+02
6.922850221310568486e+02
6.896158185572062393e+02
6.867782865192680219e+02
6.837697922596476019e+02
6.805875596554642470e+02
6.772286702185738250e+02
6.736900630955688030e+02
6.699685350677327733e+02
6.660607405510859280e+02
6.619631915963850588e+02
6.576722578891235571e+02
6.531841667494745707e+02
6.484950031323592157e+02
6.436007096274465766e+02
6.384970864590968631e+02
6.331797914864068844e+02
6.276443402031986807e+02
6.218861057380308921e+02
6.159003188541419149e+02
6.096820679495635886e+02
6.032262990569961403e+02
5.965278158438763967e+02
5.895812796123891530e+02
5.823812092994216982e+02
5.749219814765865522e+02
5.671978303502328345e+02
5.592028477614121584e+02
5.509309831859354745e+02
5.423760437343048579e+02
5.335316941517589839e+02
5.243914568182731273e+02
5.149487117485250565e+02
5.051966965919291397e+02
6.942767757456977051e+02
6.942011821428650364e+02
6.939743363653860797e+02
6.935960435063179830e+02
6.930659787207559930e+02
6.923836872258107178e+02
6.915485843006308642e+02
6.905599552864373436e+02
6.894169555864209542e+02
6.881186106658674362e+02
6.866638160520665224e+02
6.850513373343460444e+02
6.832798101640833011e+02
6.813477402546595840e+02
6.792535033815397583e+02
6.769953453821699441e+02
6.745713821560570977e+02
6.719795996647690117e+02
6.692178539318547337e+02
6.662838710429241473e+02
6.631752471456479725e+02
6.598894484496668156e+02
6.564238112267275937e+02
6.527755418105812169e+02
6.489417165969825874e+02
6.449192820437815499e+02
6.407050546708433103e+02
6.362957210600143299e+02
6.316878378552473805e+02
6.268778317624992269e+02
6.218619995497647324e+02
6.166365080470768589e+02
6.111973941464725613e+02
6.055405648020951048e+02
5.996617970300349043e+02
5.935567379085000539e+02
5.872209045776685343e+02
5.806496842397791625e+02
5.738383341591088538e+02
5.667819816619839912e+02
5.594756241367235816e+02
5.519141290337188366e+02
5.440922338653763290e+02
5.360045462061520993e+02
5.276455436925175491e+02
5.190095740229935473e+02
5.100908549581390616e+02
5.008834743205511586e+02
4.913813899948308972e+02
4.815784299276401725e+02
6.752858756224668468e+02
6.752073588414532423e+02
6.749717502471867192e+02
6.745788750860469918e+02
6.740284421019509864e+02
6.733200435363869474e+02
6.724531551284485431e+02
6.714271361147893913e+02
6.702412292295889529e+02
6.688945607046775876e+02
6.673861402693773925e+02
6.657148611506727320e+02
6.638795000730169704e+02
6.618787172585143708e+02
6.597110564268064081e+02
6.573749447951058755e+02
6.548686930782196214e+02
6.521904954885144434e+02
6.493384297359170887e+02
6.463104570279369909e+02
6.431044220696435332e+02
6.397180530637115226e+02
6.361489617103416094e+02
6.323946432073398682e+02
6.284524762500950601e+02
6.243197230315104207e+02
6.199935292421287159e+02
6.154709240699958173e+02
6.107488202007971267e+02
6.058240138177552581e+02
6.006931846016641430e+02
5.953528957309117686e+02
5.897995938814005967e+02
5.840296092266839878e+02
5.780391554378297769e+02
5.718243296834998546e+02
5.653811126299274292e+02
5.587053684409283960e+02
5.517928447778558620e+02
5.446391727996569898e+02
5.372398671628502598e+02
5.295903260215368391e+02
5.216858310273664756e+02
5.135215473295943411e+02
5.050925235749900821e+02
4.963936919079628751e+02
4.874198679704477399e+02
4.781657509019737518e+02
4.686259233396299351e+02
4.587948514180766324e+02
6.567492919804976736e+02
6.566679282257155137e+02
6.564237858084311483e+02
6.560167112697627090e+02
6.554464488449070814e+02
6.547126404631967489e+02
6.538148257479633685e+02
6.527524420166855634e+02
6.515248242809434487e+02
6.501312052463276814e+02
6.485707153125758850e+02
6.468423825734589627e+02
6.449451328168834152e+02
6.428777895248344976e+02
6.406390738733421131e+02
6.382276047325376567e+02
6.356418986666426463e+02
6.328803699339800914e+02
6.299413304869176500e+02
6.268229899719358400e+02
6.235234557296053026e+02
6.200407327945526959e+02
6.163727238954948007e+02
6.125172294552612584e+02
6.084719475907263586e+02
6.042344741128772512e+02
5.998023025268025776e+02
5.951728240316015217e+02
5.903433275205316022e+02
5.853109995808949861e+02
5.800729244941067009e+02
5.746260842356377907e+02
5.689673584750494229e+02
5.630935245760156249e+02
5.570012575962437040e+02
5.506871302875765650e+02
5.441476130959017610e+02
5.373790741612197053e+02
5.303777793175868283e+02
5.231398920931610519e+02
5.156614737102131585e+02
5.079384830850358412e+02
4.999667768280460223e+02
4.917421092437280095e+02
4.832601323306789709e+02
4.745163957815748290e+02
4.655063469830906797e+02
4.562253310161167974e+02
4.466685906555539987e+02
4.368312663704045917e+02
6.386136418129467529e+02
6.385295507030718909e+02
6.382772335570280120e+02
6.378565589254549195e+02
6.372673077261651997e+02
6.365091732440419037e+02
6.355817611310726534e+02
6.344845894063837477e+02
6.332170884562060564e+02
6.317786010338750202e+02
6.301683822598533879e+02
6.283855996216857420e+02
6.264293329740667104e+02
6.242985745387841234e+02
6.219922289047417507e+02
6.195091130279138270e+02
6.168479562314814757e+02
6.140074002056508107e+02
6.109859990077779912e+02
6.077822190623237475e+02
6.043944391608533806e+02
6.008209504620594998e+02
5.970599564917506541e+02
5.931095731428058571e+02
5.889678286752769054e+02
5.846326637162860607e+02
5.801019312600601552e+02
5.753733966679874356e+02
5.704447376685266136e+02
5.653135443572523400e+02
5.599773191968552055e+02
5.544334770171531090e+02
5.486793450150685203e+02
5.427121627546284799e+02
5.365290821669418619e+02
5.301271675503130609e+02
5.235033955700714614e+02
5.166546552587078622e+02
5.095777480158062644e+02
5.022693876080893460e+02
4.947262001693502498e+02
4.869447242005207954e+02
4.789214105696487422e+02
4.706526225118636830e+02
4.621346356294452562e+02
4.533636378917776710e+02
4.443357296353269703e+02
4.350469235636978738e+02
4.254931447475996720e+02
4.156702306248575951e+02
6.208617132733252220e+02
6.207750247328931437e+02
6.205149228278514784e+02
6.200812987069411975e+02
6.194739709514465176e+02
6.186926855750698451e+02
6.177371160240795689e+02
6.166068631772304798e+02
6.153014553457296643e+02
6.138203482733842975e+02
6.121629251364197444e+02
6.103284965435591403e+02
6.083163005360688658e+02
6.061255025876903346e+02
6.037551956046627311e+02
6.012043999257457472e+02
5.984720633221627395e+02
5.955570609976689411e+02
5.924581955885059870e+02
5.891741971634132824e+02
5.857037232236393720e+02
5.820453587029192022e+02
5.781976159674968585e+02
5.741589348161141970e+02
5.699276824800222130e+02
5.655021536229469348e+02
5.608805703411348986e+02
5.560610821633304113e+02
5.510417660507414439e+02
5.458206263971533190e+02
5.403955950287581800e+02
5.347645312043368904e+02
5.289252216151112407e+02
5.228753803848007919e+02
5.166126490696569817e+02
5.101345966584176495e+02
5.034387195723184050e+02
4.965224416650812600e+02
4.893831142229487341e+02
4.820180159646724860e+02
4.744243530414678389e+02
4.665992590370592552e+02
4.585397949677030738e+02
4.502429492821306667e+02
4.417056378615598078e+02
4.329247040197174101e+02
4.238969185028736320e+02
4.146189794897054526e+02
4.050875125914785713e+02
3.952990708519109830e+02
6.035044866909174743e+02
6.034153145655182016e+02
6.031477696714887315e+02
6.027017664553795839e+02
6.020771623281234497e+02
6.012737576649783477e+02
6.002912958056299431e+02
5.991294630540551225e+02
5.977878886786697876e+02
5.962661449122151680e+02
5.945637469518032958e+02
5.926801529589056372e+02
5.906147640594099357e+02
5.883669243435065255e+02
5.859359208657906493e+02
5.833209836452056152e+02
5.805212856650882713e+02
5.775359428731007938e+02
5.743640141812988986e+02
5.710045014661204732e+02
5.674563495683287329e+02
5.637184462930804330e+02
5.597896224099145002e+02
5.556686516526951891e+02
5.513542507196689257e+02
5.468450792734756760e+02
5.421397399410921025e+02
5.372367783138770392e+02
5.321346829475487539e+02
5.268318853621849485e+02
5.213267600422341275e+02
5.156176244365269667e+02
5.097027389582649448e+02
5.035803069849862368e+02
4.972484748585998204e+02
4.907053318854195822e+02
4.839489103360733679e+02
4.769771854456053006e+02
4.697880754133734627e+02
4.623794414031635824e+02
4.547490875430753476e+02
4.468947609256019859e+02
4.388141516076075277e+02
4.305048926103040685e+02
4.219645599192858754e+02
4.131906724844952805e+02
4.041806922202681562e+02
3.949320240052884401e+02
3.854420156826108723e+02
3.757079580596496271e+02
5.865505052512730799e+02
5.864589483673512404e+02
5.861842572290697717e+02
5.857263703770399843e+02
5.850851853788981316e+02
5.842605588293054097e+02
5.832523063500048011e+02
5.820602025898097054e+02
5.806839812245357280e+02
5.791233349571029976e+02
5.773779155174679545e+02
5.754473336625892443e+02
5.733311591765755111e+02
5.710289208705034980e+02
5.685401065825544720e+02
5.658641631779346426e+02
5.630004965489206370e+02
5.599484716148140251e+02
5.567074123220209003e+02
5.532766016439495615e+02
5.496552815810787251e+02
5.458426531609575250e+02
5.418378764381600377e+02
5.376400704943193887e+02
5.332483134381504897e+02
5.286616424053704577e+02
5.238790535588123021e+02
5.188995020882885001e+02
5.137219022107387900e+02
5.083451271701164842e+02
5.027680092374112064e+02
4.969893397107171040e+02
4.910078689151077924e+02
4.848223062027955166e+02
4.784313199529833582e+02
4.718335375719561853e+02
4.650275454930465457e+02
4.580118891766119305e+02
4.507850731101143538e+02
4.433455608080294041e+02
4.356917748118917189e+02
4.278220966903063527e+02
4.197348670389260405e+02
4.114283854804398288e+02
4.029009106646071814e+02
3.941506602682352423e+02
3.851758109951674669e+02
3.759744985763290970e+02
3.665448177697044230e+02
3.568848223602685721e+02
5.699998389781626429e+02
5.699059895688606048e+02
5.696244291578182128e+02
5.691551211955356848e+02
5.684980047662406832e+02
5.676529945878428407e+02
5.666199810119110225e+02
5.653988300236960640e+02
5.639893832421876141e+02
5.623914579199777108e+02
5.606048469434085746e+02
5.586293188325043957e+02
5.564646177409144912e+02
5.541104634560497288e+02
5.515665513989461033e+02
5.488325526243670538e+02
5.459081138207466211e+02
5.427928573101667098e+02
5.394863810484594069e+02
5.359882586251046632e+02
5.322980392632416624e+02
5.284152478197597702e+02
5.243393847852075851e+02
5.200699262837474635e+02
5.156063240733487874e+02
5.109480055455719594e+02
5.060943737257161956e+02
5.010448072727285762e+02
4.957986604792608887e+02
4.903552632716582593e+02
4.847139212099023098e+02
4.788739154877362125e+02
4.728345029325168980e+02
4.665949160053287414e+02
4.601543628009494569e+02
4.535120270477818849e+02
4.466670681079676797e+02
4.396186209773190967e+02
4.323657962853417303e+02
4.249076802952004073e+02
4.172433349037646622e+02
4.093717976415859994e+02
4.012920816728978934e+02
3.930031757956385263e+02
3.845040444413825753e+02
3.757936276754435312e+02
3.668708411967713801e+02
3.577345763380549215e+02
3.483837000656080818e+02
3.388170549794836006e+02
5.538492141339816044e+02
5.537531595325162925e+02
5.534649921193931732e+02
5.529847010684989073e+02
5.523122683363340002e+02
5.514476686619786960e+02
5.503908695671043461e+02
5.491418313559506714e+02
5.477005071154280813e+02
5.460668427149585114e+02
5.442407768065891105e+02
5.422222408249695036e+02
5.400111589873517914e+02
5.376074482935564447e+02
5.350110185259950413e+02
5.322217722497043724e+02
5.292396048122895991e+02
5.260644043439469897e+02
5.226960517574980258e+02
5.191344207483325590e+02
5.153793777944429166e+02
5.114307821564011647e+02
5.072884858773932137e+02
5.029523337831733443e+02
4.984221634821324187e+02
4.936978053652069320e+02
4.887790826059699612e+02
4.836658111605515842e+02
4.783577997677070925e+02
4.728548499487601475e+02
4.671567560076596237e+02
4.612633050309000282e+02
4.551742768876010814e+02
4.488894442294963483e+02
4.424085724908763950e+02
4.357314198886683698e+02
4.288577374223223160e+02
4.217872688739362275e+02
4.145197508081992055e+02
4.070549125724028272e+02
3.993924762963843023e+02
3.915321568926401596e+02
3.834736620562011922e+02
3.752166922647234060e+02
3.667609407784652831e+02
3.581060936402536754e+02
3.492518296755292795e+02
3.401978204923238991e+02
3.309437304812377079e+02
3.214892168154960927e+02
5.380861945090259724e+02
5.379880282449335027e+02
5.376935346520099301e+02
5.372027293283281324e+02
5.365156382706686600e+02
5.356322978745311048e+02
5.345527549341113627e+02
5.332770666423471084e+02
5.318053005908495834e+02
5.301375347699831764e+02
5.282738575687972116e+02
5.262143677750600546e+02
5.239591745752704810e+02
5.215083975546122019e+02
5.188621666969879698e+02
5.160206223850309470e+02
5.129839154000819690e+02
5.097522069221895435e+02
5.063256685301098514e+02
5.027044822012953773e+02
4.988888403119517534e+02
4.948789456369922846e+02
4.906750113500152111e+02
4.862772610233264459e+02
4.816859286279964181e+02
4.769012585337463861e+02
4.719235055090621245e+02
4.667529347211029744e+02
4.613898217357586873e+02
4.558344525176494244e+02
4.500871234300575452e+02
4.441481412350412938e+02
4.380178230933211125e+02
4.316964965643592222e+02
4.251844996063027793e+02
4.184821805760634561e+02
4.115898982292037545e+02
4.045080217200165862e+02
3.972369306015480106e+02
3.897770148255062850e+02
3.821286747423528141e+02
3.742923211012225693e+02
3.662683750500036695e+02
3.580572681352464315e+02
3.496594423022656883e+02
3.410753498950612084e+02
3.323054536563631700e+02
3.233502267275753184e+02
3.142101526488659147e+02
3.048857253590654182e+02
5.226901241532004860e+02
5.225899552601958931e+02
5.222894627532355116e+02
5.217886891483544787e+02
5.210877053056492514e+02
5.201866104292435011e+02
5.190855320673222195e+02
5.177846261120521376e+02
5.162840767996840441e+02
5.145840967105073105e+02
5.126849267688044165e+02
5.105868362429418994e+02
5.082901227453021420e+02
5.057951122322947413e+02
5.031021590043792457e+02
5.002116457060310495e+02
4.971239833258323415e+02
4.938396111962788382e+02
4.903589969940185256e+02
4.866826367396811293e+02
4.828110547979122202e+02
4.787448038774755332e+02
4.744844650310710676e+02
4.700306476555056179e+02
4.653839894916018238e+02
4.605451566241868022e+02
4.555148434821944647e+02
4.502937728385404625e+02
4.448826958101790296e+02
4.392823918581143516e+02
4.334936687874005656e+02
4.275173627470962856e+02
4.213543382303328144e+02
4.150054880742345631e+02
4.084717334599986316e+02
4.017540239128493340e+02
3.948533373020495674e+02
3.877706798408780742e+02
3.805070860866749172e+02
3.730636189407960046e+02
3.654413696486699337e+02
3.576414577997070410e+02
3.496650313274130895e+02
3.415132665092642128e+02
3.331873679668547084e+02
3.246885686657378756e+02
3.160181299155510715e+02
3.071773413699247612e+02
2.981675210265962050e+02
2.889900152272844025e+02
5.076421365576720746e+02
5.075400869063514619e+02
5.072339611990173580e+02
5.067238291755643331e+02
5.060098070691083194e+02
5.050920576060434541e+02
5.039707900060193424e+02
5.026462599819296884e+02
5.011187697399122953e+02
4.993886679793604344e+02
4.974563498929569505e+02
4.953222571665946816e+02
4.929868779794333022e+02
4.904507470039106920e+02
4.877144454056860923e+02
4.847786008436628435e+02
4.816438874700452288e+02
4.783110259302588929e+02
4.747807833629849483e+02
4.710539734001486067e+02
4.671314561669760224e+02
4.630141382818806051e+02
4.587029728565767073e+02
4.541989594960227805e+02
4.495031442983986381e+02
4.446166198551964044e+02
4.395405252511068284e+02
4.342760460641216014e+02
4.288244143654424079e+02
4.231869087195491375e+02
4.173648541841657789e+02
4.113596223102945260e+02
4.051726311421361970e+02
3.988053452172039215e+02
3.922592755662435593e+02
3.855359797132337007e+02
3.786370616754538787e+02
3.715641719633708817e+02
3.643190075807751782e+02
3.569033120246558610e+02
3.493188752852802281e+02
3.415675338461824140e+02
3.336511706841292835e+02
3.255717152691204319e+02
3.173311435644677658e+02
3.089314780266931848e+02
3.003747876055854249e+02
2.916631877441659526e+02
2.827988403787685456e+02
2.737839539388915000e+02
4.929359362959189639e+02
4.928321293881140264e+02
4.925207410606276426e+02
4.920018685012337301e+02
4.912756736895289578e+02
4.903423833969213774e+02
4.892022891867441103e+02
4.878557474140961858e+02
4.863031792259448594e+02
4.845450705611028752e+02
4.825819721502057291e+02
4.804144995157571429e+02
4.780433329720494839e+02
4.754692176252888203e+02
4.726929633734812342e+02
4.697154449064555592e+02
4.665376017059202240e+02
4.631604380454064085e+02
4.595850229902680439e+02
4.558124903977272879e+02
4.518440389168631555e+02
4.476809319885319383e+02
4.433244978454922602e+02
4.387761295123254968e+02
4.340372848054244059e+02
4.291094863330613407e+02
4.239943214953314055e+02
4.186934424841865621e+02
4.132085662834015238e+02
4.075414746685737555e+02
4.016940142071916853e+02
3.956680962585437555e+02
3.894656969737866348e+02
3.830888572958883742e+02
3.765396829596852513e+02
3.698203444918362948e+02
3.629330772108460224e+02
3.558801812270644405e+02
3.486640214426870443e+02
3.412870275517320806e+02
3.337516940400519161e+02
3.260605801854012498e+02
3.182163100572893200e+02
3.102215725171276972e+02
3.020791212181393348e+02
2.937917746054040435e+02
2.853624159158357543e+02
2.767939931781825180e+02
2.680895192130378746e+02
2.592520716328522212e+02
4.785664433428337361e+02
4.784610018732564640e+02
4.781447190623566712e+02
4.776177197037782207e+02
4.768802117869199719e+02
4.759324864969244118e+02
4.747749182146890234e+02
4.734079645168662864e+02
4.718321661758750452e+02
4.700481471598550343e+02
4.680566146327578281e+02
4.658583589542558911e+02
4.634542536797653156e+02
4.608452555604912959e+02
4.580324045433712854e+02
4.550168237710977337e+02
4.517997195821294554e+02
4.483823815106802613e+02
4.447661822867189585e+02
4.409525778359466130e+02
4.369431072798533933e+02
4.327393929356730951e+02
4.283431403163831419e+02
4.237561381307386910e+02
4.189802582832271582e+02
4.140174558741136934e+02
4.088697691993957051e+02
4.035393197508369667e+02
3.980283122159676168e+02
3.923390344780500527e+02
3.864738576161244055e+02
3.804352359049744337e+02
3.742257068151502608e+02
3.678478910129342694e+02
3.613044923603752068e+02
3.545982979153109227e+02
3.477321779312774197e+02
3.407090858576111714e+02
3.335320583393695415e+02
3.262042152173876275e+02
3.187287595282668917e+02
3.111089775043183181e+02
3.033482385736647302e+02
2.954499953601498419e+02
2.874177836833837318e+02
2.792552225587201065e+02
2.709660141972904057e+02
2.625539440059469598e+02
2.540228805873425699e+02
2.453767757398509275e+02
4.645292113549544410e+02
4.644222570742385869e+02
4.641014450626016696e+02
4.635669278116438363e+02
4.628189594739751556e+02
4.618578958632724607e+02
4.606841944542452438e+02
4.592984143826811305e+02
4.577012164453776677e+02
4.558933631002219045e+02
4.538757184661108113e+02
4.516492483230308608e+02
4.492150201119898156e+02
4.465742029350394660e+02
4.437280675553211040e+02
4.406779863969745747e+02
4.374254335452405940e+02
4.339719847463356928e+02
4.303193174076113792e+02
4.264692105973949765e+02
4.224235450451146789e+02
4.181843031412313394e+02
4.137535689372384695e+02
4.091335281456963457e+02
4.043264681402092720e+02
3.993347779554369481e+02
3.941609482870831016e+02
3.888075714918727499e+02
3.832773415876431500e+02
3.775730542532414802e+02
3.716976068285362089e+02
3.656539983144966754e+02
3.594453293731248777e+02
3.530748023274782099e+02
3.465457211616126187e+02
3.398614915207190279e+02
3.330256207109528077e+02
3.260417176995815680e+02
3.189134931148942087e+02
3.116447592462122884e+02
3.042394300439582366e+02
2.967015211195530355e+02
2.890351497454844321e+02
2.812445348552955693e+02
2.733339970435622490e+02
2.653079585659384065e+02
2.571709433390878985e+02
2.489275769407868211e+02
2.405825866097643484e+02
2.321408012458846315e+02
4.508200196051461717e+02
4.507116731125165643e+02
4.503866937061843601e+02
4.498452616008307814e+02
4.490876771542502865e+02
4.481143608673619383e+02
4.469258533842094039e+02
4.455228154919382177e+02
4.439060281208298875e+02
4.420763923442905252e+02
4.400349293788167415e+02
4.377827805840638575e+02
4.353212074627663242e+02
4.326515916607831969e+02
4.297754349671549789e+02
4.266943593139558288e+02
4.234101067764186155e+02
4.199245395729121810e+02
4.162396400648958661e+02
4.123575107569649845e+02
4.082803742968053484e+02
4.040105734752842181e+02
3.995505712263138776e+02
3.949029506269880585e+02
3.900704148974682539e+02
3.850557874010860360e+02
3.798620116442521066e+02
3.744921512765017724e+02
3.689493900905176815e+02
3.632370320220843496e+02
3.573585011500767905e+02
3.513173416965400975e+02
3.451172180266098621e+02
3.387619146485690180e+02
3.322553362137568911e+02
3.256015075166942552e+02
3.188045734950037513e+02
3.118687992294212563e+02
3.047985699438186202e+02
2.975983910051468229e+02
2.902728879235041859e+02
2.828268063521250042e+02
2.752650120873340711e+02
2.675924910686035219e+02
2.598143493784732527e+02
2.519358132426646080e+02
2.439622290299894303e+02
2.358990632523614295e+02
2.277519025648530260e+02
2.195264537656271386e+02
4.374326308951253850e+02
4.373230129491048501e+02
4.369942284036710589e+02
4.364464851368325071e+02
4.356801296119670042e+02
4.346956468777420923e+02
4.334936605681718902e+02
4.320749329026284613e+02
4.304403646857963395e+02
4.285909953077407408e+02
4.265280027437938770e+02
4.242527035547141168e+02
4.217665528865154556e+02
4.190711444706266775e+02
4.161682106237321932e+02
4.130596222479425705e+02
4.097473888306353729e+02
4.062336584445574772e+02
4.025207177477909681e+02
3.986109919837758753e+02
3.945070449812419611e+02
3.902115791542883017e+02
3.857274355023719181e+02
3.810575936102395644e+02
3.762051716480414143e+02
3.711734263711718995e+02
3.659657531204629777e+02
3.605856858220249705e+02
3.550368969873261449e+02
3.493231977131586063e+02
3.434485376816724056e+02
3.374170051603528009e+02
3.312328270020202581e+02
3.249003686448077133e+02
3.184241341122174163e+02
3.118087660130868244e+02
3.050590455415999713e+02
2.981798924772533610e+02
2.911763651848900736e+02
2.840536606146997656e+02
2.768171143021959324e+02
2.694722003682727518e+02
2.620245315190800284e+02
2.544798590462164611e+02
2.468440728265022699e+02
2.391232013221952002e+02
2.313234115808313618e+02
2.234510092352934407e+02
2.155124385038334367e+02
2.075142821899930823e+02
4.243575579361504424e+02
4.242467946481838226e+02
4.239145832345343479e+02
4.233611590459531726e+02
4.225869143337149580e+02
4.215923982495610289e+02
4.203783168457789543e+02
4.189455330751457041e+02
4.172950667909049116e+02
4.154280947468919294e+02
4.133459505973632986e+02
4.110501248970990673e+02
4.085422651014141593e+02
4.058241755661015304e+02
4.028978175474662748e+02
3.997653092023142563e+02
3.964289255879634766e+02
3.928910986622099699e+02
3.891544172833960147e+02
3.852216272103532901e+02
3.810956311023801391e+02
3.767794885193438859e+02
3.722764159215444124e+02
3.675897866698619509e+02
3.627231310256206598e+02
3.576801361506682042e+02
3.524646461073871251e+02
3.470806618586152581e+02
3.415323412677025772e+02
3.358239990985453005e+02
3.299601070155063098e+02
3.239452935834606251e+02
3.177843442677612984e+02
3.114822014343417322e+02
3.050439643495678865e+02
2.984748891803292281e+02
2.917803889940273621e+02
2.849660337585760317e+02
2.780375503423556438e+02
2.710008225142928495e+02
2.638618909438150695e+02
2.566269532008277565e+02
2.493023637557371330e+02
2.418946339795070344e+02
2.344104321435452221e+02
2.268565834197943332e+02
2.192400698806977744e+02
2.115680304991997218e+02
2.038477611487451213e+02
1.960867146032796882e+02
4.115833666306116356e+02
4.114715904395438884e+02
4.111363493617659515e+02
4.105779058836219519e+02
4.097966974823407327e+02
4.087933366259903778e+02
4.075686107735691621e+02
4.061234823749714451e+02
4.044590888709535648e+02
4.025767426931224691e+02
4.004779312640494027e+02
3.981643169971448515e+02
3.956377372967153860e+02
3.929002045579522928e+02
3.899539061669202056e+02
3.868012045005912114e+02
3.834446369268107446e+02
3.798869158043203242e+02
3.761309284827461852e+02
3.721797373025765410e+02
3.680365795952184271e+02
3.637048676829635951e+02
3.591881888789657751e+02
3.544903054872747816e+02
3.496151548028365141e+02
3.445668491114702192e+02
3.393496756898798594e+02
3.339680968056654820e+02
3.284267497173459560e+02
3.227304466742452860e+02
3.168841749166290356e+02
3.108930966756588532e+02
3.047625491733356284e+02
2.984980446226018103e+02
2.921052702272390889e+02
2.855900881819366077e+02
2.789585356722795950e+02
2.722168248747038888e+02
2.653713429565641491e+02
2.584286520761111206e+02
2.513954893824347891e+02
2.442787670155553315e+02
2.370855721063549026e+02
2.298231667766117425e+02
2.224989881389888069e+02
2.151206482970223988e+02
2.076959343451790119e+02
2.002328083687416438e+02
1.927394074439348515e+02
1.852240436378679078e+02
3.991026687152043451e+02
3.989900144984744657e+02
3.986521482404100425e+02
3.980893591174435642e+02
3.973021290903261615e+02
3.962911329040593955e+02
3.950572380879634693e+02
3.936015049556431222e+02
3.919251866049876298e+02
3.900297289181935412e+02
3.879167705617419415e+02
3.855881429863984522e+02
3.830458704272132309e+02
3.802921699035664460e+02
3.773294512190886962e+02
3.741603169617064850e+02
3.707875625036763267e+02
3.672141760015051659e+02
3.634433383960072206e+02
3.594784234122812450e+02
3.553229975597218981e+02
3.509808201320197441e+02
3.464558432071612515e+02
3.417522116474060567e+02
3.368742630993438070e+02
3.318265279937918422e+02
3.266137295459088818e+02
3.212407837551381817e+02
3.157127994052075337e+02
3.100350780641520032e+02
3.042131140842570858e+02
2.982525946021382879e+02
2.921593995386956522e+02
2.859396015991137574e+02
2.795994662728844560e+02
2.731454518337500303e+02
2.665842093398055113e+02
2.599225826333736222e+02
2.531676083411298350e+02
2.463265158740000516e+02
2.394067274272060786e+02
2.324158579802883651e+02
2.253617152970377902e+02
2.182522999255638751e+02
2.110958051982720463e+02
2.039006172318522658e+02
1.966753149272676637e+02
1.894286699698000120e+02
1.821696468290156190e+02
1.749074027587653291e+02
3.869114372318904316e+02
3.867980387667671494e+02
3.864579484867363135e+02
3.858914817379286433e+02
3.850991640971074048e+02
3.840817313718389414e+02
3.828401296004017240e+02
3.813755150517636139e+02
3.796892542256728120e+02
3.777829238525441724e+02
3.756583108935842574e+02
3.733174125406776511e+02
3.707624362164438026e+02
3.679957995742370258e+02
3.650201304981465000e+02
3.618382671029507947e+02
3.584532577342088189e+02
3.548683609681461348e+02
3.510870456117800131e+02
3.471129907027830086e+02
3.429500855096193845e+02
3.386024295314200572e+02
3.340743324981076512e+02
3.293703143702714442e+02
3.244951053392583162e+02
3.194536458271272750e+02
3.142510864866608244e+02
3.088927882014104398e+02
3.033843220855942491e+02
2.977314694841879827e+02
2.919402219728794989e+02
2.860167813581256269e+02
2.799675596770271113e+02
2.737991791974877742e+02
2.675184724181008278e+02
2.611324820682057180e+02
2.546484611078426497e+02
2.480738727277866928e+02
2.414163903495591512e+02
2.346838976253934561e+02
2.278844884382351665e+02
2.210264669017647066e+02
2.141183473604087339e+02
2.071688543893060341e+02
2.001869227943075202e+02
1.931816976119989704e+02
1.861625341097010278e+02
1.791389977854692006e+02
1.721208643680597561e+02
1.651181198169751951e+02
3.750047606559974156e+02
3.748907506048567484e+02
3.745488340901260926e+02
3.739793520279135919e+02
3.731828726117214501e+02
3.721601913124459315e+02
3.709123308784000983e+02
3.694405413352797041e+02
3.677462999861973003e+02
3.658313114116708675e+02
3.636975074695783405e+02
3.613470472952712953e+02
3.587823173014271561e+02
3.560059311781628821e+02
3.530207298930008619e+02
3.498297816908575442e+02
3.464363820940320693e+02
3.428440539022517441e+02
3.390565471926265673e+02
3.350778393196719662e+02
3.309121349153201663e+02
3.265638658888747159e+02
3.220376914270559610e+02
3.173384979940124140e+02
3.124713993312184357e+02
3.074417364576447653e+02
3.022550776695879904e+02
2.969172185407728648e+02
2.914341819223523089e+02
2.858122179428164600e+02
2.800578040081290965e+02
2.741776448015798451e+02
2.681786722839433423e+02
2.620680456933200730e+02
2.558531515452614258e+02
2.495416036326901121e+02
2.431412430259342727e+02
2.366601380727388459e+02
2.301065843982428305e+02
2.234891049049792855e+02
2.168164497728639617e+02
2.100975964592862510e+02
2.033417496989386564e+02
1.965583415039873216e+02
1.897570311639810825e+02
1.829477052458400976e+02
1.761404775939240608e+02
1.693456893299753574e+02
1.625739088531304333e+02
1.558359318399425320e+02
3.633775338685268252e+02
3.632630451476643429e+02
3.629197009188715128e+02
3.623478669832934429e+02
3.615481530096644747e+02
3.605214125341035469e+02
3.592687429602619886e+02
3.577914855592325694e+02
3.560912254695949741e+02
3.541697916973930660e+02
3.520292571161462547e+02
3.496719384668494968e+02
3.471003963579619267e+02
3.443174352654295944e+02
3.413261035326627280e+02
3.381296933705471019e+02
3.347317408574326691e+02
3.311360259391790350e+02
3.273465724290531398e+02
3.233676480078543136e+02
3.192037642238233275e+02
3.148596764926764990e+02
3.103403840976284300e+02
3.056511301893465316e+02
3.007974017859510241e+02
2.957849297730717808e+02
2.906196889037914843e+02
2.853078977986683640e+02
2.798560189457475644e+02
2.742707587005384084e+02
2.685590672860030281e+02
2.627281387926018397e+02
2.567854111782480686e+02
2.507385662683645933e+02
2.445955297558043640e+02
2.383644712009299838e+02
2.320538040315341277e+02
2.256721855429304924e+02
2.192285168978628462e+02
2.127319431265732419e+02
2.061918531267679100e+02
1.996178796636286279e+02
1.930198993698468257e+02
1.864080327454871622e+02
1.797926441582035295e+02
1.731843418430344173e+02
1.665939779025507050e+02
1.600326483067533445e+02
1.535116928931529401e+02
1.470426953667015368e+02
3.520235296915643630e+02
3.519086955348029733e+02
3.515643230347336612e+02
3.509908021020351043e+02
3.501887825878498006e+02
3.491591742837499623e+02
3.479031469217602535e+02
3.464221301743805270e+02
3.447178136545517191e+02
3.427921469156558487e+02
3.406473394515273867e+02
3.382858606964873616e+02
3.357104400252524101e+02
3.329240667530257269e+02
3.299299901354743270e+02
3.267317193686949395e+02
3.233330235892367455e+02
3.197379318740900089e+02
3.159507332407542890e+02
3.119759766471020157e+02
3.078184709915035455e+02
3.034832851127930553e+02
2.989757477902230676e+02
2.943014477434985565e+02
2.894662336327996854e+02
2.844762140587704380e+02
2.793377575624504061e+02
2.740574926253884769e+02
2.686423076695518830e+02
2.630993510573830463e+02
2.574360310917654715e+02
2.516600160160010091e+02
2.457792340139235421e+02
2.398018732097284555e+02
2.337363816681431672e+02
2.275914673942793343e+02
2.213760983337579091e+02
2.150995023726181898e+02
2.087711673373405574e+02
2.024008409948919507e+02
1.959985310526803914e+02
1.895745051585549845e+02
1.831392909008059178e+02
1.767036758082213055e+02
1.702787073499735016e+02
1.638756929357668923e+02
1.575061999156901038e+02
1.511820555803296884e+02
1.449153471606791754e+02
1.387184218282186521e+02
3.409368335571798525e+02
3.408217877111837879e+02
3.404767878916572954e+02
3.399022472539513728e+02
3.390988543902949459e+02
3.380675733298176056e+02
3.368096435385609766e+02
3.353265799194446117e+02
3.336201728123114663e+02
3.316924879938596860e+02
3.295458666776994505e+02
3.271829255143529736e+02
3.246065565912431339e+02
3.218199274326480008e+02
3.188264809997690463e+02
3.156299356906970388e+02
3.122342853404461493e+02
3.086437992208857395e+02
3.048630220407858360e+02
3.008967739458512369e+02
2.967501505186305621e+02
2.924285227786072028e+02
2.879375371821424778e+02
2.832831156224983715e+02
2.784714554298261646e+02
2.735090293711891718e+02
2.684025856505286356e+02
2.631591479086978325e+02
2.577860152234279667e+02
2.522907621093622765e+02
2.466812385180219280e+02
2.409655698378401212e+02
2.351521568941620899e+02
2.292496759491655212e+02
2.232670787019969794e+02
2.172135922886809567e+02
2.110987192820857672e+02
2.049322376920486022e+02
1.987242009652391062e+02
1.924849379852730635e+02
1.862250530726441866e+02
1.799554259847127469e+02
1.736872119157965244e+02
1.674318414970457525e+02
1.612010207965681730e+02
1.550067313192926122e+02
1.488612300071054051e+02
1.427770492387821832e+02
1.367669968299537686e+02
1.308441560331971232e+02
3.301116245614480249e+02
3.299965014256031282e+02
3.296512771670336406e+02
3.290763872326579076e+02
3.282725573672564678e+02
3.272408036136312148e+02
3.259824323124234979e+02
3.244990401022846527e+02
3.227925139197282078e+02
3.208650309992549410e+02
3.187190588732391916e+02
3.163573553720311793e+02
3.137829686238887916e+02
3.109992370550116902e+02
3.080097893895072048e+02
3.048185446494471762e+02
3.014297121547997449e+02
2.978477915234861939e+02
2.940775726713354743e+02
2.901241358121296798e+02
2.859928514575472036e+02
2.816893804172650562e+02
2.772196737987997039e+02
2.725899730076662308e+02
2.678068097472760201e+02
2.628770060189822289e+02
2.578076741220684198e+02
2.526062166537258236e+02
2.472803265091101821e+02
2.418379868812849054e+02
2.362874712612551775e+02
2.306373434379452192e+02
2.248964574982210252e+02
2.190739578268448895e+02
2.131792791065777237e+02
2.072221463180312639e+02
2.012125747398044950e+02
1.951608699483927012e+02
1.890776278182329406e+02
1.829737345217040456e+02
1.768603665290811477e+02
1.707489906086152587e+02
1.646513638264536894e+02
1.585795335466855249e+02
1.525458374313188870e+02
1.465629034402923025e+02
1.406436498315088102e+02
1.348012851607563789e+02
1.290493082817761206e+02
1.234015083462054463e+02
3.195417892772638879e+02
3.194267231377466487e+02
3.190816769531352293e+02
3.185071074252050494e+02
3.177037757235666504e+02
3.166727474856884328e+02
3.154153928168966559e+02
3.139333862903413319e+02
3.122287069470417009e+02
3.103036382958748618e+02
3.081607683135189291e+02
3.058029894445667196e+02
3.032334986013893285e+02
3.004557971642498160e+02
2.974736909812691010e+02
2.942912903683804871e+02
2.909130101093865051e+02
2.873435694559361764e+02
2.835879921275136439e+02
2.796516063114609096e+02
2.755400446629778344e+02
2.712592443050994007e+02
2.668154468287184500e+02
2.622151982925629454e+02
2.574653492232073404e+02
2.525730546150953160e+02
2.475457739305056748e+02
2.423912710995523412e+02
2.371176145202412044e+02
2.317331770583564321e+02
2.262466360476082627e+02
2.206669732894852132e+02
2.150034750533791339e+02
2.092657320764828910e+02
2.034636395638699469e+02
1.976073971884602543e+02
1.917075090910202562e+02
1.857747838801287799e+02
1.798203346322793550e+02
1.738555788917437894e+02
1.678922386707085934e+02
1.619423404491499241e+02
1.560182151749245349e+02
1.501324982637356698e+02
1.442981295991103252e+02
1.385283535324560944e+02
1.328367188830156920e+02
1.272370789378896916e+02
1.217435914520024198e+02
1.163707186481360623e+02
3.092236574697835749e+02
3.091087804880771728e+02
3.087643084981891661e+02
3.081907183657790483e+02
3.073888048669800810e+02
3.063596806883197132e+02
3.051047764268105311e+02
3.036258405899047830e+02
3.019249395954602733e+02
3.000044577718540495e+02
2.978670973578346093e+02
2.955158785026355872e+02
2.929541392659189114e+02
2.901855356177975409e+02
2.872140414388240970e+02
2.840439485200136005e+02
2.806798665627866285e+02
2.771267231790602636e+02
2.733897638911457761e+02
2.694745521318282044e+02
2.653869692443208805e+02
2.611332144823109047e+02
2.567198050099023021e+02
2.521535759016501288e+02
2.474416801425491030e+02
2.425915886280449740e+02
2.376110901640231532e+02
2.325082914668314515e+02
2.272916171632459736e+02
2.219698097904824863e+02
2.165519297962191558e+02
2.110473555385397049e+02
2.054657832860357303e+02
1.998172272176702791e+02
1.941120194229370099e+02
1.883608099016782944e+02
1.825745665642671156e+02
1.767645752314479068e+02
1.709424396344502384e+02
1.651200814149774487e+02
1.593097401250929579e+02
1.535239732273794289e+02
1.477756560948364495e+02
1.420779820109032698e+02
1.364444621694588022e+02
1.308889256748670959e+02
1.254255195418863877e+02
1.200687086957259453e+02
1.148332759720915419e+02
1.097343221170717698e+02
2.991532003303973397e+02
2.990386417137187891e+02
2.986951311602183523e+02
2.981231645595357804e+02
2.973235683943357799e+02
2.962974997404330679e+02
2.950464462666900545e+02
2.935722262350282108e+02
2.918769885005076503e+02
2.899632125112134418e+02
2.878337083083238213e+02
2.854916165261101924e+02
2.829404083919484947e+02
2.801838857262396232e+02
2.772261809425117463e+02
2.740717570473293563e+02
2.707254076404069565e+02
2.671922569144612680e+02
2.634777596553249168e+02
2.595877012419464336e+02
2.555281976463106730e+02
2.513056954334615511e+02
2.469269717615929949e+02
2.423991343819238864e+02
2.377296216388003813e+02
2.329262024695822220e+02
2.279969764047791614e+02
2.229503735679372767e+02
2.177951546756958123e+02
2.125404110377985489e+02
2.071955645570369597e+02
2.017703677292956854e+02
1.962749036435411654e+02
1.907195859818216377e+02
1.851151590192671392e+02
1.794726976240781369e+02
1.738036072575482649e+02
1.681196239740529563e+02
1.624328144210267055e+02
1.567555758390312803e+02
1.511006360616420352e+02
1.454810535155729667e+02
1.399102172206085015e+02
1.344018467895693902e+02
1.289699924284263943e+02
1.236290349361865992e+02
1.183936857049388891e+02
1.132789867198653155e+02
1.083003105592183601e+02
1.034733603943550406e+02
2.893261324914533361e+02
2.892120192544552992e+02
2.888698507840786078e+02
2.883001408024142620e+02
2.875037455128449437e+02
2.864818636000904917e+02
2.852360362302874819e+02
2.837681470508869097e+02
2.820804221907451392e+02
2.801754302599988478e+02
2.780560823502355561e+02
2.757256320343230982e+02
2.731876753665233082e+02
2.704461508824465454e+02
2.675053395990630634e+02
2.643698650147143780e+02
2.610446931090677936e+02
2.575351323431732453e+02
2.538468336594405628e+02
2.499857904816281007e+02
2.459583387148541078e+02
2.417711567455626209e+02
2.374312654416144142e+02
2.329460281522074183e+02
2.283231507078767208e+02
2.235706814205173032e+02
2.186970110833954095e+02
2.137108729711371780e+02
2.086213428397286407e+02
2.034378389264816178e+02
1.981701219501132982e+02
1.928282951106552900e+02
1.874228040895332015e+02
1.819644370495097974e+02
1.764643246346963679e+02
1.709339399705868345e+02
1.653850986640236442e+02
1.598299588031750318e+02
1.542810209576259695e+02
1.487511281782872175e+02
1.432534659974066926e+02
1.378015624286263119e+02
1.324092879669365175e+02
1.270908555886762770e+02
1.218608207515444519e+02
1.167340813945884292e+02
1.117258779382382272e+02
1.068517932842610207e+02
1.021277528157952474e+02
9.757002439730513288e+01
2.797377940231854154e+02
2.796242516809456902e+02
2.792838014238100186e+02
2.787169735604493326e+02
2.779246519387015724e+02
2.769080739454466311e+02
2.756688305067996225e+02
2.742088660879062445e+02
2.725304786930792034e+02
2.706363198657754765e+02
2.685293946885167315e+02
2.662130617829802759e+02
2.636910333099876880e+02
2.609673749694479739e+02
2.580465060004371480e+02
2.549331991810959153e+02
2.516325808287433574e+02
2.481501307998087213e+02
2.444916824898086816e+02
2.406634228334269210e+02
2.366718923044686562e+02
2.325239849158492689e+02
2.282269482195943056e+02
2.237883833068735839e+02
2.192162448080011927e+02
2.145188408923672796e+02
2.097048332685176320e+02
2.047832371841082022e+02
1.997634214259278451e+02
1.946551083198983179e+02
1.894683737310288052e+02
1.842136470635068690e+02
1.789017112605847615e+02
1.735437028046931118e+02
1.681511117173499770e+02
1.627357815592176848e+02
1.573099094300573597e+02
1.518860459687857656e+02
1.464770953534184628e+02
1.410963153011152826e+02
1.357573170681348529e+02
1.304740654499028096e+02
1.252608787809208479e+02
1.201324289348349339e+02
1.151037413244125673e+02
1.101901949015655191e+02
1.054075221572929877e+02
1.007718091217270739e+02
9.629949536417825584e+01
9.200737399299896424e+01
2.703830165127669716e+02
2.702701686327600328e+02
2.699318068588127062e+02
2.693684767892705167e+02
2.685810877546714437e+02
2.675709128177572893e+02
2.663395887734850476e+02
2.648891161490723789e+02
2.632218592038952920e+02
2.613405459295677247e+02
2.592482680499301750e+02
2.569484810210042269e+02
2.544450040310721306e+02
2.517420200005858533e+02
2.488440755822693973e+02
2.457560811610051132e+02
2.424833108539019122e+02
2.390314025103066342e+02
2.354063577117926798e+02
2.316145417720804289e+02
2.276626837371736656e+02
2.235578763852686279e+02
2.193075762267767459e+02
2.149196035043246411e+02
2.104021421927541269e+02
2.057637399990994709e+02
2.010133083626556072e+02
1.961601224549212930e+02
1.912138211795650022e+02
1.861844071725158756e+02
1.810822468019182452e+02
1.759180701681088976e+02
1.707029711036511799e+02
1.654484071733236306e+02
1.601661996741199800e+02
1.548685336352491504e+02
1.495679578181238867e+02
1.442773847163834944e+02
1.390100905559052080e+02
1.337797152947359791e+02
1.286002626231606882e+02
1.234860999636794077e+02
1.184519584710074014e+02
1.135129330320751251e+02
1.086844822660282261e+02
1.039824285242161750e+02
9.942295789022637109e+01
9.502262017985003695e+01
9.079832894108221808e+01
8.676736145415588908e+01
2.612580185625915874e+02
2.611459861806451954e+02
2.608100755530585957e+02
2.602508462345099360e+02
2.594692308161938854e+02
2.584665349257534217e+02
2.572444372273139379e+02
2.558049894214605047e+02
2.541506162452492390e+02
2.522841154722073043e+02
2.502086579123329102e+02
2.479277874120953129e+02
2.454454208544461835e+02
2.427658481587968708e+02
2.398937322810184014e+02
2.368341092134642167e+02
2.335923879849815421e+02
2.301743506608431744e+02
2.265861523428043256e+02
2.228343211691139913e+02
2.189257583144922137e+02
2.148677379900959750e+02
2.106679074435760413e+02
2.063342869590542250e+02
2.018752698571006476e+02
1.972996224948133204e+02
1.926164842656817200e+02
1.878353675997345817e+02
1.829661579634262125e+02
1.780191138597047029e+02
1.730048668279778212e+02
1.679344214441243821e+02
1.628191553205056152e+02
1.576708191059537967e+02
1.525015364857267741e+02
1.473238041816330224e+02
1.421504919518952192e+02
1.369948425911957202e+02
1.318704719307447704e+02
1.267913688381554493e+02
1.217718952175800950e+02
1.168267860095852484e+02
1.119711491912426027e+02
1.072204657760607915e+02
1.025905898140649697e+02
9.809774839171723215e+01
9.375854163195072033e+01
8.958994269416962197e+01
8.560929777429464593e+01
8.183432610463796664e+01
2.523585475985896664e+02
2.522474486280316341e+02
2.519143424318485813e+02
2.513598011565136403e+02
2.505847783794592942e+02
2.495906091091228518e+02
2.483790097848896039e+02
2.469520782771269296e+02
2.453122938872184022e+02
2.434625173474728399e+02
2.414059908212038863e+02
2.391463379027186420e+02
2.366875636172494524e+02
2.340340544210789631e+02
2.311905782013923272e+02
2.281622842764022607e+02
2.249547033952808306e+02
2.215737477381821918e+02
2.180257109162539564e+02
2.143172679715803497e+02
2.104554753772617914e+02
2.064477710373466834e+02
2.023019742868996218e+02
1.980262858919218161e+02
1.936292880494306701e+02
1.891199443873688324e+02
1.845075999647065146e+02
1.798019812713846477e+02
1.750131962282921450e+02
1.701517341873227451e+02
1.652284659313409065e+02
1.602546436741818070e+02
1.552419010606740812e+02
1.502022531665943461e+02
1.451480964987240441e+02
1.400922089948153371e+02
1.350477500236138440e+02
1.300282603847904284e+02
1.250476623090662542e+02
1.201202594580649929e+02
1.152607369244606161e+02
1.104841612318523403e+02
1.058059803348328387e+02
1.012420236189882417e+02
9.680850190085266149e+01
9.252200742796503619e+01
8.839951387881228584e+01
8.445837636289752481e+01
8.071633142067184963e+01
7.719149702357981369e+01
2.436811923839854899e+02
2.435711405478969027e+02
2.432411794930203541e+02
2.426918925795803261e+02
2.419242520746706759e+02
2.409396191521409492e+02
2.397397438927214353e+02
2.383267652839435868e+02
2.367032112201286509e+02
2.348719985025013557e+02
2.328364328390307492e+02
2.306002088445666232e+02
2.281674100407371952e+02
2.255425088560286895e+02
2.227303666257284931e+02
2.197362335919706311e+02
2.165657489036902916e+02
2.132249406166579320e+02
2.097202256934679099e+02
2.060584100035384836e+02
2.022466883231118118e+02
1.982926443352539536e+02
1.942042506298207627e+02
1.899898687035602052e+02
1.856582489600100416e+02
1.812185307095091957e+02
1.766802421692318603e+02
1.720533004632216034e+02
1.673480116222663128e+02
1.625750705840573573e+02
1.577455611930417945e+02
1.528709562005474254e+02
1.479631172646804771e+02
1.430342949503938144e+02
1.380971287294755712e+02
1.331646469805150446e+02
1.282502669889254321e+02
1.233677949469438317e+02
1.185314259536539794e+02
1.137557440149521426e+02
1.090557220435357522e+02
1.044467218589602453e+02
9.994449418759359105e+01
9.556517866259355287e+01
9.132530382399863811e+01
8.724178711863714852e+01
8.333193490016128635e+01
7.961344242905852298e+01
7.610439387264023026e+01
7.282326230503031184e+01
2.352233284533895130e+02
2.351144321629021761e+02
2.347879410251266563e+02
2.342444482412361140e+02
2.334849424797425854e+02
2.325108078766447761e+02
2.313238240353257424e+02
2.299261660266097351e+02
2.283204043887394619e+02
2.265095051273533500e+02
2.244968297155423897e+02
2.222861350938273972e+02
2.198815736701135393e+02
2.172876933197471772e+02
2.145094373855044978e+02
2.115521446775460390e+02
2.084215494735190077e+02
2.051237815184208557e+02
2.016653660247129665e+02
1.980532236722865491e+02
1.942946706084057951e+02
1.903974184477988274e+02
1.863695742726008575e+02
1.822196406323769224e+02
1.779565155440877788e+02
1.735894924921353777e+02
1.691282604283628643e+02
1.645829037719977350e+02
1.599639024097086804e+02
1.552821316955601105e+02
1.505488624510917361e+02
1.457757609652162500e+02
1.409748889942761707e+02
1.361587037620438423e+02
1.313400579597214346e+02
1.265321997459068371e+02
1.217487727466505021e+02
1.170038160553872331e+02
1.123117642330157651e+02
1.076874473078078154e+02
1.031460907755217704e+02
9.870331559926626142e+01
9.437513820960248268e+01
9.017797050451008545e+01
8.612861984943265270e+01
8.224428907715264359e+01
7.854257648792781765e+01
7.504147584944576010e+01
7.175937639676703839e+01
6.871506283241615165e+01
2.269816227821934262e+02
2.268739850457450302e+02
2.265512723946812912e+02
2.260140865036987634e+02
2.252634301639545811e+02
2.243007072831119331e+02
2.231277228853059569e+02
2.217466831111210013e+02
2.201601952176247323e+02
2.183712675783567647e+02
2.163833096833286618e+02
2.142001321390125668e+02
2.118259466683753089e+02
2.092653661108215601e+02
2.065234044222734155e+02
2.036054766750794442e+02
2.005173990580829013e+02
1.972653888766217278e+02
1.938560645524376014e+02
1.902964456238237290e+02
1.865939527454770541e+02
1.827564076886119437e+02
1.787920333408919760e+02
1.747094537064754149e+02
1.705176939059583674e+02
1.662261801764429947e+02
1.618447398714579322e+02
1.573836014610833445e+02
1.528533945317690268e+02
1.482651497865049350e+02
1.436302990447529737e+02
1.389606752424128899e+02
1.342685124318677481e+02
1.295664457820066673e+02
1.248675115781225031e+02
1.201851472220369033e+02
1.155331912320320953e+02
1.109258832428508867e+02
1.063778640056966651e+02
1.019041753882788726e+02
9.752026037474479381e+01
9.324196306575913695e+01
8.908552867837897793e+01
8.506760354621292208e+01
8.120523511930741734e+01
7.751587196419222892e+01
7.401736376383496463e+01
7.072796131769791828e+01
6.766631654176080701e+01
6.485148246837297847e+01
2.189525911421242199e+02
2.188463114137448429e+02
2.185276751532569506e+02
2.179972911345885223e+02
2.172561739808998027e+02
2.163057441646969892e+02
2.151478280077071759e+02
2.137846576809579346e+02
2.122188712047545778e+02
2.104535124486915265e+02
2.084920311316068364e+02
2.063382828216390408e+02
2.039965289361930445e+02
2.014714367419855989e+02
1.987680793549657210e+02
1.958919357403829054e+02
1.928488907127530183e+02
1.896452349358810352e+02
1.862876649228496717e+02
1.827832830359966465e+02
1.791395974869715246e+02
1.753645223366675054e+02
1.714663774952782660e+02
1.674538887222752237e+02
1.633361876263847989e+02
1.591228116656338898e+02
1.548237041473157660e+02
1.504492142280128064e+02
1.460100969135623927e+02
1.415175130591137531e+02
1.369830293690370127e+02
1.324186183970482489e+02
1.278366585460958049e+02
1.232499340684057643e+02
1.186716350655160568e+02
1.141153574881968780e+02
1.095951031365302697e+02
1.051252796598760142e+02
1.007207005568375280e+02
9.639658517530733661e+01
9.216855871250118071e+01
8.805265221485569782e+01
8.406530257809663453e+01
8.022335254725021514e+01
7.654405071659766691e+01
7.304505152970932613e+01
6.974441527942190078e+01
6.666060810786120783e+01
6.381250200643080461e+01
6.121937481580062013e+01
2.111319718189974992e+02
2.110271460122362441e+02
2.107128734224716027e+02
2.101897685412154715e+02
2.094588555210179948e+02
2.085215681754107209e+02
2.073797499789748144e+02
2.060356540672614756e+02
2.044919432368828893e+02
2.027516899454212762e+02
2.008183763114971043e+02
1.986958941147690894e+02
1.963885447958546138e+02
1.939010394564320450e+02
1.912384988591611545e+02
1.884064534277172243e+02
1.854108432468251522e+02
1.822580180621912405e+02
1.789547372805259329e+02
1.755081699696006581e+02
1.719258948581568802e+02
1.682159003359629423e+02
1.643865844538026977e+02
1.604467549234641410e+02
1.564056291177735147e+02
1.522728340705498340e+02
1.480584064766389929e+02
1.437727926918796584e+02
1.394268487331487449e+02
1.350318402783159399e+02
1.305994426662778096e+02
1.261417408969577991e+02
1.216712296312607577e+02
1.172008131911297824e+02
1.127438055595121114e+02
1.083139303803591247e+02
1.039253209586604498e+02
9.959252026042122452e+01
9.533048091261662194e+01
9.115456520328280021e+01
8.708054508143732164e+01
8.312460215714736478e+01
7.930332770145014365e+01
7.563372264644385723e+01
7.213319758518537128e+01
6.881957277181527388e+01
6.571107812141008253e+01
6.282635321011866836e+01
6.018444727509404402e+01
5.780481921444788895e+01
2.035162160305389989e+02
2.034129355345839940e+02
2.031033003255060976e+02
2.025879292396211895e+02
2.018678536708193860e+02
2.009445175704968278e+02
1.998197774476579980e+02
1.984959023688134039e+02
1.969755739580250520e+02
1.952618863969405538e+02
1.933583464247135453e+02
1.912688733380718986e+02
1.889977989913063539e+02
1.865498677962250440e+02
1.839302367221876011e+02
1.811444752961392624e+02
1.781985656025426579e+02
1.750989022834119169e+02
1.718522925383354050e+02
1.684659561244302495e+02
1.649475253563650767e+02
1.613050451063713808e+02
1.575469728042094175e+02
1.536821784372023103e+02
1.497199445502019444e+02
1.456699662456685473e+02
1.415423511835570025e+02
1.373476195813736922e+02
1.330967042141992351e+02
1.288009504146543804e+02
1.244721160729113762e+02
1.201223716366826011e+02
1.157643001112546699e+02
1.114108970594315906e+02
1.070755706015688702e+02
1.027721414156189894e+02
9.851484273702908467e+01
9.431832035883189747e+01
9.019763263157756228e+01
8.616825046340181871e+01
8.224605731998053670e+01
7.844734922449561054e+01
7.478883475773727696e+01
7.128763505803590306e+01
6.796128382123924894e+01
6.482772730078067980e+01
6.190532430759958515e+01
5.921284621025506567e+01
5.676947693476677159e+01
5.459481296479680168e+01
1.961025044109305782e+02
1.960008550416091566e+02
1.956961142116824703e+02
1.951889037553542039e+02
1.944802600629600420e+02
1.935716340809335634e+02
1.924648913118744531e+02
1.911623118144802902e+02
1.896665902035806539e+02
1.879808356501825983e+02
1.861085718813569656e+02
1.840537371803293354e+02
1.818206843864800248e+02
1.794141808952645079e+02
1.768394086583271019e+02
1.741019641833986498e+02
1.712078585343647319e+02
1.681635173312201914e+02
1.649757807501032403e+02
1.616519035232613533e+02
1.581995549391194800e+02
1.546268188421663581e+02
1.509421936330795688e+02
1.471545922686232188e+02
1.432733422617047836e+02
1.393081856813523700e+02
1.352692791527715599e+02
1.311671938572317231e+02
1.270129155321569669e+02
1.228178444711147677e+02
1.185937955237932329e+02
1.143529980960011017e+02
1.101080961496677446e+02
1.058721482028772698e+02
1.016586273298457854e+02
9.748142116089866249e+01
9.335483188248190345e+01
8.929357623718487957e+01
8.531278552375169966e+01
8.142800559701299790e+01
7.765519686795414600e+01
7.401073430368114714e+01
7.051140742742063594e+01
6.717442031855398454e+01
6.401739161257182786e+01
6.105835450109680096e+01
5.831575673188353903e+01
5.580846060880730874e+01
5.355574299188674559e+01
5.157729529728385387e+01
1.888876454642968383e+02
1.887877070345325592e+02
1.884880995842195262e+02
1.879894466303767331e+02
1.872927873679600452e+02
1.863995766699986234e+02
1.853116850874698684e+02
1.840313988493448960e+02
1.825614198626112739e+02
1.809048657122502846e+02
1.790652696612596628e+02
1.770465806505853834e+02
1.748531632992012419e+02
1.724897979040861173e+02
1.699616804402126036e+02
1.672744225605356405e+02
1.644340515960038829e+02
1.614470105556051749e+02
1.583201581262756008e+02
1.550607686729563284e+02
1.516765322386277148e+02
1.481755545441956201e+02
1.445663569886505684e+02
1.408578766489085865e+02
1.370594662799135222e+02
1.331808943146029378e+02
1.292323448639081107e+02
1.252244177167767702e+02
1.211681283401048859e+02
1.170749078788389852e+02
1.129566031559079420e+02
1.088254766722116074e+02
1.046942066066776533e+02
1.005758868162388353e+02
9.648402683577614880e+01
9.243255187822114749e+01
8.843580283447636248e+01
8.450853627344940833e+01
8.066592444201887702e+01
7.692355526511391872e+01
7.329743234561192367e+01
6.980397496441810290e+01
6.646001808040864489e+01
6.328281233047619025e+01
6.029002402951846307e+01
5.749973517040416482e+01
5.493044342401844915e+01
5.260106213924018448e+01
5.053092034294195400e+01
4.873976273999005571e+01
1.818695336640189453e+02
1.817713804618051654e+02
1.814771288286806339e+02
1.809874026853321993e+02
1.803032418995371700e+02
1.794261022861974197e+02
1.783578556073166510e+02
1.771007895720003944e+02
1.756576078364787463e+02
1.740314300041291062e+02
1.722257916253624899e+02
1.702446441977713221e+02
1.680923551660384874e+02
1.657737079219486986e+02
1.632939018044112345e+02
1.606585520994258331e+02
1.578736900401509047e+02
1.549457628068125814e+02
1.518816335267729301e+02
1.486885812745072144e+02
1.453743010715697892e+02
1.419469038866736810e+02
1.384149166356337446e+02
1.347872821813325572e+02
1.310733593338454739e+02
1.272829228502587284e+02
1.234261634348740699e+02
1.195136877390496011e+02
1.155565183612566216e+02
1.115660938470796282e+02
1.075542686892390520e+02
1.035333133275344153e+02
9.951591414891254317e+01
9.551517348742208924e+01
9.154460962417942937e+01
8.761815678749371727e+01
8.375016515271909157e+01
7.995540084235699396e+01
7.624904592601069453e+01
7.264669842038529168e+01
6.916437228932181824e+01
6.581849744375176670e+01
6.262591974175393261e+01
5.960390098846346518e+01
5.677011893617418536e+01
5.414266728427037378e+01
5.174005567926087679e+01
4.958120971476773775e+01
4.768547093150345972e+01
4.607259681733921752e+01
1.750456879978173674e+02
1.749493883980676401e+02
1.746606972946096903e+02
1.741802377748626895e+02
1.735090483178282739e+02
1.726485827941246498e+02
1.716007104659979632e+02
1.703677159872654556e+02
1.689522994033495706e+02
1.673575761513006910e+02
1.655870770597630326e+02
1.636447483489973820e+02
1.615349516308583588e+02
1.592624639088171534e+02
1.568324775779160518e+02
1.542506004248366480e+02
1.515228556278771066e+02
1.486556817569066880e+02
1.456559327734225917e+02
1.425308780305044820e+02
1.392882022728713309e+02
1.359360056368245750e+02
1.324828036502708528e+02
1.289375272327220046e+02
1.253095226953291785e+02
1.216085517407918815e+02
1.178447914634489280e+02
1.140288343492557033e+02
1.101716882757273197e+02
1.062847765120409349e+02
1.023799377189448023e+02
9.846942594880374600e+01
9.456591064556505444e+01
9.068247664481532411e+01
8.683262417373498465e+01
8.303026885108693023e+01
7.928974168728473160e+01
7.562578908431305535e+01
7.205357283576176997e+01
6.858867012684868314e+01
6.524707353437406709e+01
6.204519102675476461e+01
5.899984596401282033e+01
5.612827709778684948e+01
5.344813857128656309e+01
5.097749991936098013e+01
4.873484606846432143e+01
4.673907733661053499e+01
4.500950943349835143e+01
4.356587346035212249e+01
1.684127172753278501e+02
1.683183330317206128e+02
1.680353873231638318e+02
1.675645012164068248e+02
1.669067098226719281e+02
1.660634622977454455e+02
1.650366218418412245e+02
1.638284656997257116e+02
1.624416851606497403e+02
1.608793855583485310e+02
1.591450862710644287e+02
1.572427207215696399e+02
1.551766363770752832e+02
1.529515947493337080e+02
1.505727713946043878e+02
1.480457559136084456e+02
1.453765519516082350e+02
1.425715771983391278e+02
1.396376633880322515e+02
1.365820562994485954e+02
1.334124157558221668e+02
1.301368156248827290e+02
1.267637438188785381e+02
1.233021022945422374e+02
1.197612070531363315e+02
1.161507881403622378e+02
1.124809896464967096e+02
1.087623697062326755e+02
1.050059004988497691e+02
1.012229682480551674e+02
9.742537322209727790e+01
9.362532973372026390e+01
8.983546614012993814e+01
8.606882484308471248e+01
8.233886228881601710e+01
7.865944896806240649e+01
7.504486941603545347e+01
7.150982221248796122e+01
6.806941998163438257e+01
6.473918939221903202e+01
6.153507115745924239e+01
5.847342003511357689e+01
5.557100482739087965e+01
5.284500838101848785e+01
5.031302758723086299e+01
4.799307338175822224e+01
4.590357074481516975e+01
4.406335870113480269e+01
4.249169031995734258e+01
4.120823271500739793e+01
1.619662463604754521e+02
1.618738318486180106e+02
1.615967942850716099e+02
1.611357515859594969e+02
1.604917336114567661e+02
1.596661821658130975e+02
1.586609509973641252e+02
1.574783057984859624e+02
1.561209242056634139e+02
1.545918957994331322e+02
1.528947221044177240e+02
1.510333165892802754e+02
1.490120046668039322e+02
1.468355236938009512e+02
1.445090229711809116e+02
1.420380637439166094e+02
1.394286192010554259e+02
1.366870744757306966e+02
1.338202266451048672e+02
1.308352847304604438e+02
1.277398696971204117e+02
1.245420144545050789e+02
1.212501638560866013e+02
1.178731746994230889e+02
1.144203157261244996e+02
1.109012676218981142e+02
1.073261230165257984e+02
1.037053864838071604e+02
1.000499745416959740e+02
9.637121565216375529e+01
9.268085022125660544e+01
8.899103059911794844e+01
8.531432107994305625e+01
8.166369790201315482e+01
7.805254924764994939e+01
7.449467524329520529e+01
7.100428795945390448e+01
6.759601141063740215e+01
6.428488155552258831e+01
6.108634629680409489e+01
5.801626548125113914e+01
5.509091089973026101e+01
5.232696628715984843e+01
4.974152732253287468e+01
4.735210162891689833e+01
4.517660877344269466e+01
4.323338026734973027e+01
4.154115956588384506e+01
4.011910206843367632e+01
3.898677511841697196e+01
