1.662124824334171080e+03
1.662633402094191524e+03
1.664159135366484634e+03
1.666702024127592495e+03
1.670262068338388417e+03
1.674839267944169706e+03
1.680433622874526691e+03
1.687045133043473697e+03
1.694673798349375147e+03
1.703319618674868252e+03
1.712982593887090843e+03
1.723662723837435351e+03
1.735360008361756854e+03
1.748074447280108188e+03
1.761806040397080551e+03
1.776554787501538613e+03
1.792320688366714876e+03
1.809103742750191259e+03
1.826903950393936157e+03
1.845721311024286933e+03
1.865555824351910360e+03
1.886407490071860593e+03
1.908276307863540296e+03
1.931162277390683357e+03
1.955065398301485402e+03
1.979985670228378012e+03
2.005923092788217673e+03
2.032877665582210057e+03
2.060849388195985284e+03
2.089838260199409433e+03
2.119844281146792127e+03
2.150867450576811279e+03
2.182907768012455563e+03
2.215965232961139009e+03
2.250039844914567766e+03
2.285131603348835142e+03
2.321240507724439794e+03
2.358366557486192505e+03
2.396509752063252563e+03
2.435670090869223259e+03
2.475847573301943157e+03
2.517042198743733024e+03
2.559253966561186644e+03
2.602482876105265404e+03
2.646728926711375607e+03
2.691992117699252503e+03
2.738272448372905728e+03
2.785569918020845307e+03
2.833884525915740141e+03
2.883216271314874120e+03
1.686480382996838443e+03
1.686996413026027540e+03
1.688544503105371632e+03
1.691124653210389852e+03
1.694736863300136065e+03
1.699381133317369176e+03
1.705057463188495603e+03
1.711765852823513569e+03
1.719506302116125653e+03
1.728278810943606913e+03
1.738083379166937448e+03
1.748920006630688249e+03
1.760788693163097605e+03
1.773689438576070643e+03
1.787622242665084514e+03
1.802587105209340734e+03
1.818584025971593519e+03
1.835613004698321447e+03
1.853674041119612866e+03
1.872767134949185674e+03
1.892892285884367084e+03
1.914049493606190254e+03
1.936238757779335629e+03
1.959460078052075005e+03
1.983713454056309274e+03
2.008998885407644593e+03
2.035316371705334859e+03
2.062665912532148923e+03
2.091047507454618426e+03
2.120461156022903197e+03
2.150906857770792158e+03
2.182384612215704237e+03
2.214894418858629251e+03
2.248436277184377104e+03
2.283010186661215357e+03
2.318616146741192097e+03
2.355254156859928116e+03
2.392924216436654206e+03
2.431626324874306192e+03
2.471360481559429445e+03
2.512126685862237082e+03
2.553924937136571316e+03
2.596755234719921646e+03
2.640617577933350276e+03
2.685511966081624905e+03
2.731438398453216450e+03
2.778396874320075312e+03
2.826387392937969253e+03
2.875409953546257839e+03
2.925464555367701450e+03
1.711186750898718856e+03
1.711710340521544140e+03
1.713281109381360466e+03
1.715899057452569878e+03
1.719564184692368826e+03
1.724276491040863448e+03
1.730035976421068654e+03
1.736842640738833097e+03
1.744696483883008796e+03
1.753597505725186465e+03
1.763545706119922897e+03
1.774541084904721401e+03
1.786583641899881059e+03
1.799673376908591081e+03
1.813810289716968782e+03
1.828994380094040025e+03
1.845225647791664869e+03
1.862504092544630339e+03
1.880829714070595401e+03
1.900202512070109151e+03
1.920622486226629007e+03
1.942089636206446812e+03
1.964603961658781373e+03
1.988165462215761181e+03
2.012774137492404634e+03
2.038429987086563642e+03
2.065133010578961148e+03
2.092883207533304812e+03
2.121680577496192655e+03
2.151525119996961166e+03
2.182416834548026600e+03
2.214355720644505254e+03
2.247341777764612743e+03
2.281375005369246537e+03
2.316455402902344304e+03
2.352582969790660172e+03
2.389757705443855684e+03
2.427979609254445222e+03
2.467248680597909697e+03
2.507564918832523745e+03
2.548928323299529893e+03
2.591338893322964850e+03
2.634796628209945538e+03
2.679301527250269373e+03
2.724853589716720762e+03
2.771452814864915126e+03
2.819099201933416680e+03
2.867792750143659305e+03
2.917533458700025676e+03
2.968321326789691739e+03
1.736248320139888392e+03
1.736779578029673530e+03
1.738373351690124082e+03
1.741029641094333556e+03
1.744748446197585736e+03
1.749529766937257591e+03
1.755373603232764481e+03
1.762279954985691120e+03
1.770248822079698357e+03
1.779280204380484065e+03
1.789374101736010971e+03
1.800530513976165594e+03
1.812749440913023591e+03
1.826030882340754943e+03
1.840374838035643279e+03
1.855781307756046772e+03
1.872250291242399499e+03
1.889781788217305802e+03
1.908375798385425924e+03
1.928032321433533980e+03
1.948751357030497729e+03
1.970532904827299035e+03
1.993376964456994301e+03
2.017283535534791781e+03
2.042252617657936753e+03
2.068284210405825888e+03
2.095378313339911983e+03
2.123534926003836972e+03
2.152754047923205235e+03
2.183035678605847352e+03
2.214379817541650027e+03
2.246786464202614297e+03
2.280255618042777769e+03
2.314787278498366959e+03
2.350381444987628129e+03
2.387038116910976896e+03
2.424757293650960492e+03
2.463538974572107691e+03
2.503383159021097981e+03
2.544289846326762472e+03
2.586259035800026140e+03
2.629290726733794600e+03
2.673384918403295615e+03
2.718541610065661644e+03
2.764760800960175402e+03
2.812042490308234392e+03
2.860386677313348173e+03
2.909793361161215671e+03
2.960262541019422770e+03
3.011794216037818387e+03
1.761669506428802379e+03
1.762208542615610440e+03
1.763825651166674334e+03
1.766520832053913637e+03
1.770294085230489145e+03
1.775145410630936340e+03
1.781074808170956203e+03
1.788082277747586659e+03
1.796167819239144592e+03
1.805331432505170142e+03
1.815573117386596323e+03
1.826892873705503462e+03
1.839290701265326788e+03
1.852766599850762304e+03
1.867320569227767010e+03
1.882952609143633936e+03
1.899662719326821843e+03
1.917450899487183278e+03
1.936317149315755159e+03
1.956261468484967736e+03
1.977283856648398341e+03
1.999384313440979440e+03
2.022562838478885624e+03
2.046819431359646387e+03
2.072154091661900566e+03
2.098566818945793329e+03
2.126057612752598743e+03
2.154626472604812989e+03
2.184273398006382649e+03
2.214998388442438682e+03
2.246801443379354168e+03
2.279682562264838452e+03
2.313641744527861647e+03
2.348678989578672827e+03
2.384794296808801391e+03
2.421987665591018413e+03
2.460259095279468511e+03
2.499608585209424746e+03
2.540036134697591933e+03
2.581541743041896098e+03
2.624125409521449455e+03
2.667787133396738227e+03
2.712526913909565792e+03
2.758344750282920813e+03
2.805240641721108204e+03
2.853214587409638625e+03
2.902266586515528161e+03
2.952396638186731707e+03
3.003604741552786891e+03
3.055890895724397978e+03
1.787454747476924013e+03
1.788001673354680634e+03
1.789642450978135457e+03
1.792377080317919535e+03
1.796205561325052713e+03
1.801127893931038670e+03
1.807144078047713265e+03
1.814254113567358218e+03
1.822458000362738858e+03
1.831755738286896303e+03
1.842147327173449867e+03
1.853632766836312840e+03
1.866212057069825732e+03
1.879885197648813119e+03
1.894652188328526108e+03
1.910513028844491146e+03
1.927467718912794226e+03
1.945516258229872619e+03
1.964658646472647206e+03
1.984894883298333298e+03
2.006224968344686886e+03
2.028648901229776811e+03
2.052166681552156206e+03
2.076778308890804055e+03
2.102483782805089959e+03
2.129283102834752754e+03
2.157176268500033075e+03
2.186163279301467810e+03
2.216244134720227521e+03
2.247418834217645326e+03
2.279687377235651184e+03
2.313049763196488584e+03
2.347505991502885081e+03
2.383056061537899950e+03
2.419699972665133373e+03
2.457437724228517254e+03
2.496269315552410717e+03
2.536194745941562360e+03
2.577214014681184381e+03
2.619327121036917561e+03
2.662534064254714394e+03
2.706834843561144680e+03
2.752229458163014897e+03
2.798717907247540552e+03
2.846300189982457596e+03
2.894976305515911008e+03
2.944746252976415235e+03
2.995610031472816900e+03
3.047567640094674516e+03
3.100619077911574095e+03
1.813608608781616340e+03
1.814163537145645932e+03
1.815828322227521994e+03
1.818602963996473363e+03
1.822487462401284120e+03
1.827481817370293356e+03
1.833586028811320375e+03
1.840800096611720392e+03
1.849124020638271304e+03
1.858557800737401067e+03
1.869101436734960316e+03
1.880754928436336513e+03
1.893518275626471677e+03
1.907391478069806908e+03
1.922374535510281476e+03
1.938467447671295304e+03
1.955670214255879500e+03
1.973982834946506500e+03
1.993405309405166690e+03
2.013937637273405244e+03
2.035579818172247087e+03
2.058331851702253971e+03
2.082193737443466034e+03
2.107165474955517311e+03
2.133247063777446328e+03
2.160438503427902560e+03
2.188739793404996362e+03
2.218150933186412658e+03
2.248671922229258598e+03
2.280302759970216812e+03
2.313043445825504477e+03
2.346893979190819209e+03
2.381854359441376801e+03
2.417924585931928050e+03
2.455104657996685091e+03
2.493394574949453272e+03
2.532794336083517010e+03
2.573303940671697546e+03
2.614923387966219707e+03
2.657652677199015216e+03
2.701491807581381636e+03
2.746440778304190644e+03
2.792499588537756154e+03
2.839668237432078968e+03
2.887946724116507994e+03
2.937335047699965344e+03
2.987833207270872208e+03
3.039441201897223891e+03
3.092159030626476124e+03
3.145986692485621461e+03
1.840136144604741730e+03
1.840699189792492916e+03
1.842388325345041267e+03
1.845203551230250923e+03
1.849144867394556968e+03
1.854212273762963378e+03
1.860405770239045296e+03
1.867725356704928117e+03
1.876171033021402309e+03
1.885742799027696037e+03
1.896440654541720505e+03
1.908264599359919430e+03
1.921214633257325886e+03
1.935290755987523426e+03
1.950492967282646759e+03
1.966821266853476800e+03
1.984275654389307419e+03
2.002856129558021166e+03
2.022562692006090401e+03
2.043395341358499536e+03
2.065354077218936709e+03
2.088438899169526849e+03
2.112649806771022213e+03
2.137986799562762826e+03
2.164449877062679661e+03
2.192039038767158218e+03
2.220754284151288175e+03
2.250595612668708782e+03
2.281563023751592482e+03
2.313656516810700396e+03
2.346876091235382319e+03
2.381221746393540343e+03
2.416693481631663417e+03
2.453291296274812794e+03
2.491015189626617939e+03
2.529865160969260614e+03
2.569841209563529901e+03
2.610943334648823111e+03
2.653171535442993445e+03
2.696525811142578277e+03
2.741006160922665913e+03
2.786612583936857845e+03
2.833345079317344698e+03
2.881203646174981259e+03
2.930188283599174156e+03
2.980298990657729519e+03
3.031535766397269072e+03
3.083898609842814494e+03
3.137387519998052539e+03
3.192002495845144949e+03
1.867042594244404881e+03
1.867613872189205267e+03
1.869327706012446242e+03
1.872184095680419432e+03
1.876183041137134296e+03
1.881324542304146917e+03
1.887608599080654812e+03
1.895035211343307765e+03
1.903604378946492034e+03
1.913316101722064786e+03
1.924170379479581470e+03
1.936167212006087766e+03
1.949306599066213948e+03
1.963588540402307899e+03
1.979013035734169534e+03
1.995580084759258853e+03
2.013289687152583383e+03
2.032141842566753894e+03
2.052136550631947557e+03
2.073273810956000943e+03
2.095553623124260412e+03
2.118975986699676014e+03
2.143540901222820594e+03
2.169248366211851135e+03
2.196098381162433725e+03
2.224090945547951833e+03
2.253226058819260743e+03
2.283503720404837622e+03
2.314923929710820175e+03
2.347486686120817012e+03
2.381191988996116834e+03
2.416039837675574290e+03
2.452030231475570417e+03
2.489163169690149061e+03
2.527438651590917743e+03
2.566856676427069942e+03
2.607417243425364632e+03
2.649120351790183122e+03
2.691966000703511327e+03
2.735954189324805611e+03
2.781084916791352498e+03
2.827358182217722060e+03
2.874773984696275875e+03
2.923332323296941922e+03
2.973033197067138644e+03
3.023876605031963209e+03
3.075862546194154220e+03
3.128991019533827966e+03
3.183262024008854496e+03
3.238675558554783947e+03
1.894333066534272803e+03
1.894912694726902600e+03
1.896651579293044506e+03
1.899549720197569513e+03
1.903607117381890475e+03
1.908823770763925950e+03
1.915199680238155452e+03
1.922734845675677207e+03
1.931429266924131525e+03
1.941282943807664196e+03
1.952295876127019710e+03
1.964468063659467134e+03
1.977799506158911754e+03
1.992290203355726817e+03
2.007940154956903143e+03
2.024749360645955676e+03
2.042717820082922572e+03
2.061845532904499123e+03
2.082132498723846311e+03
2.103578717130687892e+03
2.126184187691421812e+03
2.149948909948818709e+03
2.174872883422381165e+03
2.200956107608021739e+03
2.228198581978328093e+03
2.256600305982317423e+03
2.286161279045776155e+03
2.316881500570787011e+03
2.348760969936203310e+03
2.381799686497288349e+03
2.415997649585941872e+03
2.451354858510626400e+03
2.487871312556308112e+03
2.525547010984572353e+03
2.564381953033489481e+03
2.604376137917730375e+03
2.645529564828583261e+03
2.687842232933709056e+03
2.731314141377576107e+03
2.775945289280988163e+03
2.821735675741479099e+03
2.868685299832956389e+03
2.916794160606135392e+03
2.966062257087969556e+03
3.016489588282259774e+03
3.068076153169196459e+03
3.120821950705590098e+03
3.174726979824792124e+03
3.229791239436659907e+03
3.286014728427820501e+03
1.922012504051925362e+03
1.922600601491599946e+03
1.924364893798307548e+03
1.927305380935270705e+03
1.931422062841211982e+03
1.936714939430335789e+03
1.943184010592252207e+03
1.950829276192052930e+03
1.959650736070481344e+03
1.969648390043535755e+03
1.980822237902827965e+03
1.993172279415394542e+03
2.006698514323791869e+03
2.021400942345981775e+03
2.037279563175502517e+03
2.054334376481354866e+03
2.072565381907887968e+03
2.091972579075104477e+03
2.112555967578430227e+03
2.134315546988697406e+03
2.157251316852315085e+03
2.181363276691134615e+03
2.206651426002451899e+03
2.233115764259082425e+03
2.260756290909322615e+03
2.289573005376932088e+03
2.319565907061189591e+03
2.350734995336741576e+03
2.383080269553848666e+03
2.416601729038177382e+03
2.451299373090876088e+03
2.487173200988630924e+03
2.524223211983515739e+03
2.562449405303160347e+03
2.601851780150601371e+03
2.642430335704451409e+03
2.684185071118709857e+03
2.727115985522952087e+03
2.771223078022065692e+03
2.816506347696645207e+03
2.862965793602560097e+03
2.910601414771273539e+03
2.959413210209731915e+03
3.009401178900285686e+03
3.060565319800844009e+03
3.112905631844720574e+03
3.166422113940749568e+03
3.221114764973284309e+03
3.276983583802044905e+03
3.334028569262348810e+03
1.950085895555067282e+03
1.950682582766262385e+03
1.952472644387019727e+03
1.955456080378894512e+03
1.959632890677767136e+03
1.965003075193824998e+03
1.971566633811676184e+03
1.979323566390253973e+03
1.988273872762874817e+03
1.998417552737161259e+03
2.009754606095100371e+03
2.022285032593022834e+03
2.036008831961661599e+03
2.050926003906018650e+03
2.067036548105553265e+03
2.084340464213956693e+03
2.102837751859397031e+03
2.122528410644273663e+03
2.143412440145444634e+03
2.165489839914016557e+03
2.188760609475556066e+03
2.213224748329897466e+03
2.238882255951276875e+03
2.265733131788238097e+03
2.293777375263744034e+03
2.323014985775027071e+03
2.353445962693702768e+03
2.385070305365824424e+03
2.417888013111640703e+03
2.451899085225875297e+03
2.487103520977522294e+03
2.523501319610053088e+03
2.561092480341130795e+03
2.599877002362840358e+03
2.639854884841687181e+03
2.681026126918387490e+03
2.723390727708154827e+03
2.766948686300414465e+03
2.811700001759163570e+03
2.857644673122460063e+03
2.904782699402934213e+03
2.953114079587370270e+03
3.002638812637201227e+03
3.053356897487901733e+03
3.105268333049517878e+03
3.158373118206289746e+03
3.212671251817027951e+03
3.268162732714586127e+03
3.324847559706464835e+03
3.382725731574244946e+03
1.978558334996610711e+03
1.979163734074650847e+03
1.980979931295356209e+03
1.984006926618481657e+03
1.988244719976933084e+03
1.993693311276861778e+03
2.000352700397532544e+03
2.008222887191379868e+03
2.017303871484045885e+03
2.027595653074323764e+03
2.039098231734177034e+03
2.051811607208776422e+03
2.065735779216405717e+03
2.080870747448576367e+03
2.097216511569968134e+03
2.114773071218356563e+03
2.133540426004818528e+03
2.153518575513506676e+03
2.174707519301799948e+03
2.197107256900191260e+03
2.220717787812399365e+03
2.245539111515313380e+03
2.271571227458972771e+03
2.298814135066606923e+03
2.327267833734576016e+03
2.356932322832486989e+03
2.387807601703078490e+03
2.419893669662239063e+03
2.453190525999104921e+03
2.487698169975866676e+03
2.523416600828019000e+03
2.560345817764149160e+03
2.598485819965996143e+03
2.637836606588583436e+03
2.678398176760007573e+03
2.720170529581537266e+03
2.763153664127685261e+03
2.807347579446059171e+03
2.852752274557512010e+03
2.899367748456067147e+03
2.947194000108803721e+03
2.996231028456122658e+03
3.046478832411518397e+03
3.097937410861656190e+03
3.150606762666446684e+03
3.204486886658818094e+03
3.259577781645058622e+03
3.315879446404589089e+03
3.373391879689885627e+03
3.432115080226594728e+03
2.007434986583954469e+03
2.008049221220744585e+03
2.009891925117130995e+03
2.012963098230992728e+03
2.017262740492223202e+03
2.022790851802559018e+03
2.029547432035731845e+03
2.037532481037449770e+03
2.046745998625302263e+03
2.057187984588855215e+03
2.068858438689593186e+03
2.081757360660939412e+03
2.095884750208256264e+03
2.111240607008880943e+03
2.127824930712051810e+03
2.145637720938964321e+03
2.164678977282771029e+03
2.184948699308468804e+03
2.206446886553143031e+03
2.229173538525723416e+03
2.253128654707116766e+03
2.278312234550147423e+03
2.304724277479598186e+03
2.332364782892113908e+03
2.361233750156429778e+03
2.391331178613105294e+03
2.422657067574694793e+03
2.455211416325634218e+03
2.488994224122355718e+03
2.524005490193227615e+03
2.560245213738520761e+03
2.597713393930499933e+03
2.636410029913311973e+03
2.676335120803059908e+03
2.717488665687824323e+03
2.759870663627566501e+03
2.803481113654280762e+03
2.848320014771843489e+03
2.894387365955935820e+03
2.941683166154462015e+03
2.990207414287056054e+03
3.039960109245309013e+03
3.090941249892921405e+03
3.143150835065398496e+03
3.196588863570013928e+03
3.251255334186301752e+03
3.307150245665563034e+03
3.364273596731171438e+03
3.422625386078152587e+03
3.482205612373869826e+03
2.036721182884150494e+03
2.037344378405578027e+03
2.039213964955081337e+03
2.042329942488701363e+03
2.046692310933015733e+03
2.052301070185345907e+03
2.059156220113588006e+03
2.067257760556344692e+03
2.076605691322848998e+03
2.087200012192928170e+03
2.099040722917152380e+03
2.112127823216743309e+03
2.126461312783476387e+03
2.142041191279834948e+03
2.158867458338969755e+03
2.176940113564683088e+03
2.196259156531368717e+03
2.216824586784127860e+03
2.238636403838730530e+03
2.261694607181482297e+03
2.285999196269491222e+03
2.311550170530438209e+03
2.338347529362636124e+03
2.366391272135084819e+03
2.395681398187453851e+03
2.426217906829947424e+03
2.458000797343629529e+03
2.491030068980004671e+03
2.525305720961322550e+03
2.560827752480501204e+03
2.597596162701051981e+03
2.635610950757230512e+03
2.674872115753847538e+03
2.715379656766363951e+03
2.757133572840965826e+03
2.800133862994433457e+03
2.844380526214308702e+03
2.889873561458519816e+03
2.936612967655908960e+03
2.984598743705836114e+03
3.033830888478405541e+03
3.084309400814353012e+03
3.136034279524930298e+03
3.189005523392173473e+03
3.243223131168785130e+03
3.298687101577949306e+03
3.355397433313783040e+03
3.413354125040806593e+03
3.472557175394285878e+03
3.533006582980078747e+03
2.066422450882460907e+03
2.067054734290005854e+03
2.068951584497275235e+03
2.072113001458300459e+03
2.076538985096249235e+03
2.082229535303687044e+03
2.089184651942540768e+03
2.097404334843910419e+03
2.106888583808275598e+03
2.117637398605400904e+03
2.129650778974337300e+03
2.142928724623516246e+03
2.157471235230559614e+03
2.173278310442450675e+03
2.190349949875439961e+03
2.208686153115157595e+03
2.228286919716443663e+03
2.249152249203499650e+03
2.271282141069832505e+03
2.294676594778176423e+03
2.319335609760666102e+03
2.345259185418702600e+03
2.372447321122933772e+03
2.400900016213351137e+03
2.430617269999288510e+03
2.461599081759364708e+03
2.493845450741408513e+03
2.527356376162705146e+03
2.562131857209673399e+03
2.598171893038227154e+03
2.635476482773375210e+03
2.674045625509601450e+03
2.713879320310581988e+03
2.754977566209352972e+03
2.797340362208236456e+03
2.840967707278840408e+03
2.885859600362133733e+03
2.932016040368239373e+03
2.979437026176773088e+03
3.028122556636541503e+03
3.078072630565657164e+03
3.129287246751611292e+03
3.181766403951049597e+03
3.235510100890034209e+03
3.290518336263971833e+03
3.346791108737534159e+03
3.404328416944508717e+03
3.463130259488252705e+03
3.523196634941351931e+03
3.584527541845545784e+03
2.096544366277157678e+03
2.097185866262558648e+03
2.099110366202694422e+03
2.102317866049399072e+03
2.106808365722410144e+03
2.112581865109367300e+03
2.119638364065755013e+03
2.127977862414998981e+03
2.137600359948388814e+03
2.148505856425098500e+03
2.160694351572222786e+03
2.174165845084720331e+03
2.188920336625471919e+03
2.204957825825241798e+03
2.222278312282677689e+03
2.240881795564291679e+03
2.260768275204517067e+03
2.281937750705727467e+03
2.304390221538066271e+03
2.328125687139674937e+03
2.353144146916557929e+03
2.379445600242623641e+03
2.407030046459605273e+03
2.435897484877235456e+03
2.466047914773033426e+03
2.497481335392478741e+03
2.530197745948877582e+03
2.564197145623552387e+03
2.599479533565575821e+03
2.636044908892017702e+03
2.673893270687737186e+03
2.713024618005590582e+03
2.753438949866241273e+03
2.795136265258330695e+03
2.838116563138309175e+03
2.882379842430547342e+03
2.927926102027375691e+03
2.974755340788836747e+03
3.022867557543084786e+03
3.072262751086024309e+03
3.122940920181539241e+03
3.174902063561224622e+03
3.228146179924882290e+03
3.282673267939875132e+03
3.338483326241657778e+03
3.395576353433549684e+03
3.453952348086735128e+03
3.513611308740223649e+03
3.574553233901042404e+03
3.636778122044082465e+03
2.127092424287752692e+03
2.127743271215687400e+03
2.129695811982742271e+03
2.132950046538534480e+03
2.137505974799106752e+03
2.143363596646887800e+03
2.150522911930844657e+03
2.158983920466141626e+03
2.168746622034575466e+03
2.179811016384254344e+03
2.192177103229710156e+03
2.205844882251918989e+03
2.220814353098243373e+03
2.237085515382489120e+03
2.254658368684886227e+03
2.273532912552032940e+03
2.293709146497008078e+03
2.315187069999220967e+03
2.337966682504600158e+03
2.362047983425441089e+03
2.387430972140388349e+03
2.414115647994682149e+03
2.442102010299796348e+03
2.471390058333724937e+03
2.501979791340810607e+03
2.533871208531915272e+03
2.567064309084192701e+03
2.601559092141314977e+03
2.637355556813323346e+03
2.674453702176682327e+03
2.712853527274262433e+03
2.752555031115377915e+03
2.793558212675748109e+03
2.835863070897479247e+03
2.879469604689196331e+03
2.924377812925740727e+03
2.970587694448644015e+03
3.018099248065595930e+03
3.066912472550939128e+03
3.117027366645137135e+03
3.168443929055342778e+03
3.221162158455020744e+03
3.275182053484058997e+03
3.330503612748808791e+03
3.387126834821856391e+03
3.445051718242476909e+03
3.504278261516143630e+03
3.564806463114867711e+03
3.626636321477008096e+03
3.689767835007425219e+03
2.158072132746534862e+03
2.158732458661006604e+03
2.160713436386932699e+03
2.164015065871581101e+03
2.168637347027148280e+03
2.174580279730738312e+03
2.181843863824175060e+03
2.190428099114380075e+03
2.200332985372995154e+03
2.211558522336588339e+03
2.224104709706580252e+03
2.237971547149300022e+03
2.253159034295928450e+03
2.269667170742460712e+03
2.287495956049932829e+03
2.306645389744062413e+03
2.327115471315588820e+03
2.348906200220047594e+03
2.372017575877862328e+03
2.396449597674347842e+03
2.422202264959688819e+03
2.449275577048903415e+03
2.477669533221993788e+03
2.507384132723662788e+03
2.538419374763691394e+03
2.570775258516543090e+03
2.604451783121703556e+03
2.639448947683471488e+03
2.675766751270998611e+03
2.713405192918344255e+03
2.752364271624401226e+03
2.792643986353046785e+03
2.834244336032895717e+03
2.877165319557510429e+03
2.921406935785322730e+03
2.966969183539617916e+03
3.013852061608607528e+03
3.062055568745298388e+03
3.111579703667606282e+03
3.162424465058355509e+03
3.214589851565165191e+03
3.268075861800639359e+03
3.322882494342214613e+03
3.379009747732121923e+03
3.436457620477578075e+03
3.495226111050631971e+03
3.555315217888088682e+03
3.616724939391929183e+03
3.679455273928700080e+03
3.743506219829896509e+03
2.189488967820466314e+03
2.190158906450923041e+03
2.192168722323837301e+03
2.195518415384166474e+03
2.200207985540089339e+03
2.206237432662911942e+03
2.213606756587410018e+03
2.222315957111504758e+03
2.232365033996359216e+03
2.243753986966472439e+03
2.256482815709546230e+03
2.270551519876581551e+03
2.285960099081800308e+03
2.302708552902743122e+03
2.320796880880171557e+03
2.340225082518069485e+03
2.360993157283814980e+03
2.383101104607893376e+03
2.406548923884145097e+03
2.431336614469690630e+03
2.457464175684776819e+03
2.484931606813082453e+03
2.513738907101431778e+03
2.543886075759966388e+03
2.575373111962088842e+03
2.608200014844404450e+03
2.642366783506834963e+03
2.677873417012582195e+03
2.714719914388012967e+03
2.752906274622906494e+03
2.792432496670149703e+03
2.833298579445985069e+03
2.875504521829933765e+03
2.919050322664664691e+03
2.963935980756180925e+03
3.010161494873879292e+03
3.057726863750038774e+03
3.106632086080670433e+03
3.156877160524724331e+03
3.208462085704544279e+03
3.261386860205675475e+03
3.315651482576944090e+03
3.371255951330491826e+03
3.428200264941551723e+03
3.486484421848975671e+03
3.546108420454402221e+03
3.607072259123128788e+03
3.669375936183428166e+03
3.733019449927117421e+03
3.798002798608990815e+03
2.221348350611492606e+03
2.222028037375991971e+03
2.224067097650239248e+03
2.227465531376557010e+03
2.232223338458917624e+03
2.238340518762849115e+03
2.245817072115433803e+03
2.254652998305308301e+03
2.264848297082759473e+03
2.276402968159535249e+03
2.289317011209050179e+03
2.303590425866294481e+03
2.319223211727717171e+03
2.336215368351531652e+03
2.354566895257372835e+03
2.374277791926469035e+03
2.395348057801697905e+03
2.417777692287510490e+03
2.441566694749818907e+03
2.466715064516184611e+03
2.493222800875779740e+03
2.521089903079314354e+03
2.550316370339032801e+03
2.580902201828848774e+03
2.612847396684117030e+03
2.646151954001936701e+03
2.680815872840829343e+03
2.716839152220965389e+03
2.754221791124071842e+03
2.792963788493466382e+03
2.833065143234060997e+03
2.874525854212284685e+03
2.917345920256138925e+03
2.961525340155276353e+03
3.007064112660865703e+03
3.053962236485669109e+03
3.102219710303984357e+03
3.151836532751758568e+03
3.202812702426475425e+03
3.255148217887077863e+03
3.308843077654387344e+03
3.363897280210532244e+03
3.420310823999216154e+03
3.478083707425829289e+03
3.537215928857411654e+03
3.597707486622311990e+03
3.659558379010718454e+03
3.722768604274202971e+03
3.787338160626063654e+03
3.853267046241057869e+03
2.253655784940898684e+03
2.254345356966382496e+03
2.256414073022748653e+03
2.259861933049668096e+03
2.264688936946716694e+03
2.270895084573226086e+03
2.278480375748339611e+03
2.287444810250993669e+03
2.297788387819991840e+03
2.309511108153913028e+03
2.322612970911109187e+03
2.337093975709839015e+03
2.352954122128077415e+03
2.370193409703688303e+03
2.388811837934250889e+03
2.408809406277271137e+03
2.430186114149952118e+03
2.452941960929422294e+03
2.477076945952509050e+03
2.502591068515926054e+03
2.529484327876180942e+03
2.557756723249573042e+03
2.587408253812251587e+03
2.618438918700083832e+03
2.650848717008898348e+03
2.684637647794204440e+03
2.719805710071341309e+03
2.756352902815554899e+03
2.794279224961788714e+03
2.833584675404873906e+03
2.874269252999378295e+03
2.916332956559756440e+03
2.959775784860236399e+03
3.004597736634877947e+03
3.050798810577399763e+03
3.098379005341712400e+03
3.147338319541063356e+03
3.197676751748834704e+03
3.249394300498162465e+03
3.302490964281938886e+03
3.356966741552810163e+03
3.412821630723328781e+03
3.470055630165916227e+03
3.528668738212672906e+03
3.588660953155567768e+03
3.650032273246324621e+03
3.712782696696497624e+03
3.776912221677700018e+03
3.842420846320881537e+03
3.909308568717240632e+03
2.286417061318881224e+03
2.287116657486706117e+03
2.289215445969167376e+03
2.292713426703187451e+03
2.297610599583720159e+03
2.303906964463635632e+03
2.311602521153778071e+03
2.320697269422964837e+03
2.331191208997950071e+03
2.343084339563555659e+03
2.356376660762388383e+03
2.371068172195199168e+03
2.387158873420636155e+03
2.404648763955265167e+03
2.423537843273720682e+03
2.443826110808496651e+03
2.465513565950156135e+03
2.488600208047140768e+03
2.513086036405866253e+03
2.538971050290816493e+03
2.566255248924316220e+03
2.594938631486684244e+03
2.625021197116325311e+03
2.656502944909429061e+03
2.689383873920254246e+03
2.723663983161012766e+03
2.759343271601892411e+03
2.796421738171015022e+03
2.834899381754534261e+03
2.874776201196425518e+03
2.916052195298826973e+03
2.958727362821718998e+03
3.002801702482997825e+03
3.048275212958666543e+03
3.095147892882626820e+03
3.143419740846752575e+03
3.193090755400893158e+03
3.244160935052870173e+03
3.296630278268329221e+03
3.350498783471115075e+03
3.405766449042895601e+03
3.462433273323350932e+03
3.520499254610134358e+03
3.579964391158834133e+03
3.640828681182976197e+03
3.703092122854172885e+03
3.766754714301858257e+03
3.831816453613479553e+03
3.898277338834532202e+03
3.966137367968372018e+03
2.319638106476683333e+03
2.320347867449394471e+03
2.322477150345510836e+03
2.326025955099131352e+03
2.330994281600339946e+03
2.337382129695205094e+03
2.345189499185986733e+03
2.354416389830817025e+03
2.365062801344000491e+03
2.377128733395769359e+03
2.390614185612454094e+03
2.405519157576387897e+03
2.421843648826040862e+03
2.439587658855771224e+03
2.458751187116073652e+03
2.479334233013408721e+03
2.501336795910371166e+03
2.524758875125522991e+03
2.549600469933466229e+03
2.575861579564881595e+03
2.603542203206435261e+03
2.632642340000870718e+03
2.663161989046936014e+03
2.695101149399457881e+03
2.728459820069266243e+03
2.763238000023231052e+03
2.799435688184246374e+03
2.837052883431321334e+03
2.876089584599375030e+03
2.916545790479536663e+03
2.958421499818749908e+03
3.001716711320189916e+03
3.046431423642995014e+03
3.092565635402289900e+03
3.140119345169333883e+03
3.189092551471389925e+03
3.239485252791685980e+03
3.291297447569642372e+03
3.344529134200532553e+03
3.399180311035782779e+03
3.455250976382785666e+03
3.512741128505164397e+03
3.571650765622280232e+03
3.631979885909762288e+03
3.693728487499129187e+03
3.756896568478092831e+03
3.821484126890254629e+03
3.887491160735331960e+03
3.954917667969046306e+03
4.023763646503160089e+03
2.353324835197137418e+03
2.354044903427431109e+03
2.356205108095328796e+03
2.359805449131916703e+03
2.364845926422181947e+03
2.371326539805200809e+03
2.379247289074100991e+03
2.388608173975948375e+03
2.399409194211917566e+03
2.411650349437138630e+03
2.425331639260775773e+03
2.440453063246044167e+03
2.457014620910134454e+03
2.475016311724270054e+03
2.494458135113764911e+03
2.515340090457812039e+03
2.537662177089752277e+03
2.561424394296901937e+03
2.586626741320552810e+03
2.613269217356105401e+03
2.641351821552916590e+03
2.670874553014376488e+03
2.701837410797887969e+03
2.734240393914907145e+03
2.768083501330901527e+03
2.803366731965316831e+03
2.840090084691667016e+03
2.878253558337462437e+03
2.917857151684207565e+03
2.958900863467552881e+03
3.001384692376954263e+03
3.045308637056071802e+03
3.090672696102539248e+03
3.137476868067968553e+03
3.185721151458020813e+03
3.235405544732353974e+03
3.286530046304733332e+03
3.339094654542729131e+03
3.393099367768286356e+03
3.448544184257002598e+03
3.505429102238698306e+03
3.563754119897225792e+03
3.623519235370319166e+03
3.684724446749934486e+03
3.747369752081795014e+03
3.811455149365845500e+03
3.876980636555988895e+03
3.943946211560160009e+03
4.012351872240287776e+03
4.082197616412334355e+03
2.387483125242700680e+03
2.388213644979563014e+03
2.390405204166105250e+03
2.394057802730154890e+03
2.399171440551526757e+03
2.405746117461887934e+03
2.413781833244854624e+03
2.423278587635915301e+03
2.434236380322507557e+03
2.446655210943996735e+03
2.460535079091547232e+03
2.475875984308383067e+03
2.492677926089527318e+03
2.510940903881968552e+03
2.530664917084626268e+03
2.551849965048234026e+03
2.574496047075550905e+03
2.598603162421170509e+03
2.624171310291652844e+03
2.651200489845374705e+03
2.679690700192774329e+03
2.709641940396087193e+03
2.741054209469458328e+03
2.773927506378981889e+03
2.808261830042662496e+03
2.844057179330434337e+03
2.881313553064046573e+03
2.920030950017292071e+03
2.960209368915779123e+03
3.001848808437140633e+03
3.044949267210692142e+03
3.089510743817868388e+03
3.135533236792033222e+03
3.183016744618271332e+03
3.231961265733730215e+03
3.282366798527429182e+03
3.334233341340336665e+03
3.387560892465216966e+03
3.442349450146821255e+03
3.498599012581886655e+03
3.556309577918985724e+03
3.615481144258486438e+03
3.676113709652857324e+03
3.738207272106402797e+03
3.801761829575298179e+03
3.866777379967781144e+03
3.933253921143773368e+03
4.001191450915257519e+03
4.070589967046089441e+03
4.141449467252034992e+03
2.422118873143082055e+03
2.422859990442475464e+03
2.425083342315569098e+03
2.428788928686893996e+03
2.433976749430731616e+03
2.440646804371018334e+03
2.448799093281460500e+03
2.458433615885420750e+03
2.469550371855992580e+03
2.482149360815924410e+03
2.496230582337792384e+03
2.511794035943732069e+03
2.528839721105649915e+03
2.547367637245239621e+03
2.567377783733680644e+03
2.588870159892110223e+03
2.611844764991209104e+03
2.636301598251369342e+03
2.662240658842809808e+03
2.689661945885367004e+03
2.718565458448495065e+03
2.748951195551550427e+03
2.780819156163450771e+03
2.814169339202862830e+03
2.849001743538110532e+03
2.885316367987343256e+03
2.923113211318328467e+03
2.962392272248526751e+03
3.003153549445130466e+03
3.045397041525025998e+03
3.089122747054867887e+03
3.134330664550854181e+03
3.181020792479140709e+03
3.229193129255312215e+03
3.278847673244892121e+03
3.329984422762928716e+03
3.382603376074333482e+03
3.436704531393540037e+03
3.492287886884923864e+03
3.549353440662381672e+03
3.607901190789486009e+03
3.667931135279748560e+03
3.729443272095977591e+03
3.792437599151298855e+03
3.856914114307907312e+03
3.922872815378127598e+03
3.990313700123730541e+03
4.059236766256465671e+03
4.129642011437492329e+03
4.201529433277831231e+03
2.457237870064015169e+03
2.457989732777908557e+03
2.460245320893307053e+03
2.464004634331312445e+03
2.469267672960408163e+03
2.476034436596497471e+03
2.484304925002902564e+03
2.494079137890215407e+03
2.505357074916692909e+03
2.518138735687671215e+03
2.532424119756171876e+03
2.548213226622351613e+03
2.565506055734014353e+03
2.584302606486176046e+03
2.604602878221366154e+03
2.626406870229440301e+03
2.649714581747692591e+03
2.674526011960816959e+03
2.700841160000910349e+03
2.728660024947411330e+03
2.757982605827218322e+03
2.788808901614591832e+03
2.821138911231287238e+03
2.854972633546310590e+03
2.890310067376125062e+03
2.927151211484650958e+03
2.965496064583135194e+03
3.005344625330261806e+03
3.046696892332136031e+03
3.089552864142130147e+03
3.133912539261245911e+03
3.179775916137638433e+03
3.227142993167035456e+03
3.276013768692488611e+03
3.326388241004451629e+03
3.378266408340778071e+03
3.431648268886798633e+03
3.486533820775169715e+03
3.542923062085833408e+03
3.600815990846323530e+03
3.660212605031536441e+03
3.721112902563731950e+03
3.783516881312455553e+03
3.847424539094883130e+03
3.912835873675476250e+03
3.979750882765908045e+03
4.048169564025670297e+03
4.118091915061275358e+03
4.189517933426789568e+03
4.262447616623679096e+03
2.492845898893619960e+03
2.493608656675519342e+03
2.495896929993667527e+03
2.499710718765565161e+03
2.505050022853671180e+03
2.511914842065456014e+03
2.520305176153328830e+03
2.530221024814769407e+03
2.541662387692156244e+03
2.554629264372958005e+03
2.569121654389467494e+03
2.585139557219084509e+03
2.602682972284261268e+03
2.621751898952254578e+03
2.642346336535448700e+03
2.664466284291165721e+03
2.688111741421740589e+03
2.713282707074446080e+03
2.739979180341568735e+03
2.768201160260408415e+03
2.797948645813221447e+03
2.829221635927240186e+03
2.862020129474728947e+03
2.896344125272927613e+03
2.932193622084033450e+03
2.969568618615198830e+03
3.008469113518685845e+03
3.048895105391617562e+03
3.090846592776188118e+03
3.134323574159528562e+03
3.179326047973783261e+03
3.225854012596073517e+03
3.273907466348494836e+03
3.323486407498194239e+03
3.374590834257219285e+03
3.427220744782668135e+03
3.481376137176577231e+03
3.537057009485958133e+03
3.594263359702873913e+03
3.652995185764439157e+03
3.713252485552553935e+03
3.775035256894246231e+03
3.838343497561481854e+03
3.903177205271238563e+03
3.969536377685509706e+03
4.037421012411224638e+03
4.106831107000289194e+03
4.177766658949660268e+03
4.250227665701231672e+03
4.324214124641874150e+03
2.528948952805421868e+03
2.529722757149196696e+03
2.532044170151815706e+03
2.535913191726952846e+03
2.541329821730774711e+03
2.548294059961866424e+03
2.556805906161381699e+03
2.566865360012874135e+03
2.578472421142369967e+03
2.591627089118313961e+03
2.606329363451701738e+03
2.622579243595945627e+03
2.640376728946951971e+03
2.659721818843043820e+03
2.680614512565095083e+03
2.703054809336284507e+03
2.727042708322490853e+03
2.752578208631840880e+03
2.779661309315050403e+03
2.808292009365231934e+03
2.838470307718049753e+03
2.870196203251528914e+03
2.903469694786281252e+03
2.938290781085223898e+03
2.974659460853880773e+03
3.012575732740193416e+03
3.052039595334557816e+03
3.093051047169865342e+03
3.135610086721385414e+03
3.179716712407033356e+03
3.225370922586989764e+03
3.272572715563986549e+03
3.321322089583266916e+03
3.371619042832435298e+03
3.423463573441684730e+03
3.476855679483529912e+03
3.531795358973150996e+03
3.588282609867936571e+03
3.646317430067976147e+03
3.705899817415645884e+03
3.767029769696023322e+03
3.829707284636318036e+03
3.893932359906405509e+03
3.959704993118710263e+03
4.027025181827942106e+03
4.095892923531361248e+03
4.166308215668702360e+03
4.238271055622135464e+03
4.311781440716231373e+03
4.386839368218261370e+03
2.565553298648751479e+03
2.566338302936875152e+03
2.568693315771156449e+03
2.572618337061366219e+03
2.578113366657021288e+03
2.585178404347592277e+03
2.593813449862238940e+03
2.604018502870057091e+03
2.615793562979926264e+03
2.629138629740566557e+03
2.644053702640519532e+03
2.660538781108130024e+03
2.678593864511659376e+03
2.698218952159076252e+03
2.719414043298286288e+03
2.742179137116939728e+03
2.766514232742565582e+03
2.792419329242515232e+03
2.819894425623961979e+03
2.848939520833918323e+03
2.879554613759182757e+03
2.911739703226430720e+03
2.945494788002141377e+03
2.980819866792671746e+03
3.017714938244106634e+03
3.056180000942447350e+03
3.096215053413516216e+03
3.137820094122920182e+03
3.180995121476144050e+03
3.225740133818438608e+03
3.272055129434951141e+03
3.319940106550575365e+03
3.369395063330178800e+03
3.420419997878298091e+03
3.473014908239368651e+03
3.527179792397646452e+03
3.582914648277323977e+03
3.640219473742187347e+03
3.699094266595958743e+03
3.759539024582409183e+03
3.821553745384751892e+03
3.885138426626250748e+03
3.950293065870027931e+03
4.017017660618951595e+03
4.085312208315750922e+03
4.155176706342899706e+03
4.226611152022921488e+03
4.299615542617932988e+03
4.374189875329913775e+03
4.450334147300774930e+03
2.602665278036378368e+03
2.603461637561906628e+03
2.605850716107018798e+03
2.609832513577335703e+03
2.615407029815571605e+03
2.622574264601401865e+03
2.631334217651669860e+03
2.641686888620332411e+03
2.653632277098305622e+03
2.667170382613581751e+03
2.682301204631377004e+03
2.699024742553774558e+03
2.717340995720064711e+03
2.737249963406573897e+03
2.758751644826702432e+03
2.781846039130869030e+03
2.806533145406679978e+03
2.832812962678720851e+03
2.860685489908595173e+03
2.890150725995189077e+03
2.921208669774254304e+03
2.953859320018656035e+03
2.988102675438445658e+03
3.023938734680579273e+03
3.061367496329258756e+03
3.100388958905568870e+03
3.141003120867821963e+03
3.183209980611271476e+03
3.227009536468472106e+03
3.272401786708693635e+03
3.319386729538640338e+03
3.367964363101767503e+03
3.418134685478927622e+03
3.469897694687801959e+03
3.523253388683163848e+03
3.578201765356956003e+03
3.634742822538176824e+03
3.692876557992765811e+03
3.752602969423984632e+03
3.813922054471883257e+03
3.876833810713833373e+03
3.941338235664034073e+03
4.007435326774005262e+03
4.075125081432171555e+03
4.144407496963974154e+03
4.215282570632250099e+03
4.287750299636513773e+03
4.361810681113486680e+03
4.437463712137135190e+03
4.514709389718291277e+03
2.640291263632585924e+03
2.641099135629398461e+03
2.643522751586961931e+03
2.647562111406500662e+03
2.653217214923548454e+03
2.660488061907737119e+03
2.669374652062913356e+03
2.679876985027116461e+03
2.691995060372581520e+03
2.705728877605717116e+03
2.721078436167128075e+03
2.738043735431631376e+03
2.756624774708143377e+03
2.776821553239907644e+03
2.798634070204248928e+03
2.822062324712722784e+03
2.847106315811060995e+03
2.873766042479208863e+03
2.902041503631229261e+03
2.931932698115455423e+03
2.963439624714396814e+03
2.996562282144736855e+03
3.031300669057316099e+03
3.067654784037188165e+03
3.105624625603638833e+03
3.145210192210072364e+03
3.186411482244144281e+03
3.229228494027589932e+03
3.273661225816454134e+03
3.319709675800974310e+03
3.367373842105507720e+03
3.416653722788586037e+03
3.467549315842954002e+03
3.520060619195684467e+03
3.574187630707721382e+03
3.629930348174525534e+03
3.687288769325542944e+03
3.746262891824509552e+03
3.806852713269336164e+03
3.869058231191957020e+03
3.932879443058823199e+03
3.998316346270333270e+03
4.065368938161100232e+03
4.134037215999910586e+03
4.204321176989878950e+03
4.276220818268143375e+03
4.349736136906169122e+03
4.424867129909557661e+03
4.501613794218012117e+03
4.579976126705484603e+03
2.678437676665149866e+03
2.679257220330176551e+03
2.681715851290808587e+03
2.685813569443818324e+03
2.691550374617160287e+03
2.698926266569893869e+03
2.707941244992374322e+03
2.718595309505985824e+03
2.730888459663427966e+03
2.744820694948506116e+03
2.760392014776149153e+03
2.777602418492582274e+03
2.796451905375041406e+03
2.816940474632133373e+03
2.839068125403495287e+03
2.862834856759983722e+03
2.888240667703636518e+03
2.915285557167635488e+03
2.943969524016400555e+03
2.974292567045419219e+03
3.006254684981513492e+03
3.039855876482496114e+03
3.075096140137512975e+03
3.111975474466741161e+03
3.150493877921670901e+03
3.190651348884879553e+03
3.232447885670126198e+03
3.275883486522351177e+03
3.320958149617771141e+03
3.367671873063537987e+03
3.416024654898213612e+03
3.466016493091463872e+03
3.517647385544023564e+03
3.570917330088036579e+03
3.625826324486448812e+03
3.682374366433805335e+03
3.740561453555604203e+03
3.800387583408451064e+03
3.861852753480206957e+03
3.924956961190029233e+03
3.989700203888029591e+03
4.056082478855576483e+03
4.124103783305372417e+03
4.193764114381072432e+03
4.265063469157553300e+03
4.338001844640984928e+03
4.412579237768568419e+03
4.488795645408838027e+03
4.566651064361205499e+03
4.646145491356719504e+03
2.717110814385269805e+03
2.717942190851696523e+03
2.720436320214995703e+03
2.724593202367164849e+03
2.730412837128312731e+03
2.737895224246452926e+03
2.747040363397748933e+03
2.757848254186285430e+03
2.770318896144260634e+03
2.784452288731775752e+03
2.800248431337081456e+03
2.817707323276370971e+03
2.836828963793891489e+03
2.857613352061908699e+03
2.880060487180685413e+03
2.904170368178597528e+03
2.929942994011867086e+03
2.957378363564922893e+03
2.986476475650135853e+03
3.017237329007874450e+03
3.049660922306581142e+03
3.083747254142698239e+03
3.119496323040702009e+03
3.156908127453088127e+03
3.195982665760330747e+03
3.236719936270996186e+03
3.279119937221670170e+03
3.323182666776839596e+03
3.368908123029238141e+03
3.416296303999388329e+03
3.465347207636038092e+03
3.516060831815745132e+03
3.568437174343216611e+03
3.622476232951309157e+03
3.678178005300613222e+03
3.735542488980020607e+03
3.794569681506193774e+03
3.855259580324021044e+03
3.917612182806275541e+03
3.981627486253879852e+03
4.047305487895679562e+03
4.114646184888670177e+03
4.183649574317466431e+03
4.254315653195400955e+03
4.326644418463274633e+03
4.400635866990076465e+03
4.476289995572756197e+03
4.553606800936449872e+03
4.632586279734216987e+03
4.713228428547154181e+03
2.756316772166977898e+03
2.757160144458415289e+03
2.759690261295077107e+03
2.763907122564091878e+03
2.769810728077288786e+03
2.777401077571160840e+03
2.786678170706977653e+03
2.797642007070805903e+03
2.810292586173337440e+03
2.824629907450022074e+03
2.840653970261049380e+03
2.858364773891329151e+03
2.877762317550529133e+03
2.898846600373000456e+03
2.921617621417775808e+03
2.946075379668798178e+03
2.972219874034502936e+03
3.000051103348236211e+03
3.029569066367988398e+03
3.060773761776469200e+03
3.093665188181186295e+03
3.128243344114252977e+03
3.164508228032673287e+03
3.202459838318020502e+03
3.242098173276664056e+03
3.283423231139749987e+03
3.326435010063126811e+03
3.371133508127286404e+03
3.417518723337479969e+03
3.465590653623735307e+03
3.515349296840895477e+03
3.566794650768315478e+03
3.619926713110203309e+03
3.674745481495468084e+03
3.731250953477797339e+03
3.789443126535540159e+03
3.849321998071748567e+03
3.910887565414365326e+03
3.974139825815957920e+03
4.039078776453607134e+03
4.105704414429510507e+03
4.174016736770302487e+03
4.244015740427546916e+03
4.315701422277395068e+03
4.389073779120735708e+03
4.464132807683237843e+03
4.540878504615307065e+03
4.619310866492014611e+03
4.699429889813207410e+03
4.781235571003473524e+03
2.796061694476103639e+03
2.796917227519012613e+03
2.799483826608271556e+03
2.803761491625910821e+03
2.809750222375063004e+03
2.817450018580226697e+03
2.826860879887192368e+03
2.837982805863020985e+03
2.850815795996027191e+03
2.865359849695778394e+03
2.881614966293265297e+03
2.899581145040637239e+03
2.919258385111334064e+03
2.940646685600123874e+03
2.963746045523028897e+03
2.988556463817360509e+03
3.015077939341703313e+03
3.043310470875932424e+03
3.073254057121232563e+03
3.104908696700003020e+03
3.138274388155991801e+03
3.173351129954179669e+03
3.210138920480896104e+03
3.248637758043685153e+03
3.288847640871381373e+03
3.330768567114091638e+03
3.374400534843289279e+03
3.419743542051643544e+03
3.466797586653191047e+03
3.515562666483106113e+03
3.566038779297969086e+03
3.618225922775612617e+03
3.672124094515121669e+03
3.727733292036949024e+03
3.785053512782724283e+03
3.844084754115366650e+03
3.904827013319125399e+03
3.967280287599616258e+03
4.031444574083517637e+03
4.097319869819027190e+03
4.164906171775403891e+03
4.234203476843315002e+03
4.305211781834789690e+03
4.377931083482924805e+03
4.452361378442295063e+03
4.528502663288615622e+03
4.606354934519004019e+03
4.685918188551681851e+03
4.767192421726463181e+03
4.850177630304149716e+03
2.836351986397213750e+03
2.837219847068619401e+03
2.839823429041700820e+03
2.844162732193012744e+03
2.850237756316649666e+03
2.858048501124604627e+03
2.867594966246353124e+03
2.878877151229175979e+03
2.891895055538043380e+03
2.906648678555427523e+03
2.923138019581737353e+03
2.941363077834864725e+03
2.961323852450467257e+03
2.983020342481836451e+03
3.006452546900050038e+03
3.031620464593705492e+03
3.058524094369204249e+03
3.087163434950601641e+03
3.117538484979585519e+03
3.149649243015536285e+03
3.183495707535598740e+03
3.219077876934515189e+03
3.256395749524661824e+03
3.295449323536293832e+03
3.336238597117054724e+03
3.378763568332563864e+03
3.423024235165902155e+03
3.469020595517955826e+03
3.516752647207226801e+03
3.566220387969830426e+03
3.617423815459839261e+03
3.670362927248675078e+03
3.725037720825563611e+03
3.781448193597535919e+03
3.839594342889085965e+03
3.899476165942549414e+03
3.961093659917878540e+03
4.024446821892752268e+03
4.089535648862465678e+03
4.156360137739966376e+03
4.224920285356044587e+03
4.295216088458952981e+03
4.367247543714786843e+03
4.441014647707295808e+03
4.516517396937881131e+03
4.593755787825557491e+03
4.672729816707108512e+03
4.753439479837045837e+03
4.835884773387458154e+03
4.920065693448084858e+03
2.877194181197372473e+03
2.878074538351616866e+03
2.880715609771414165e+03
2.885117395327540635e+03
2.891279894804843934e+03
2.899203107902015745e+03
2.908887034231668167e+03
2.920331673320276877e+03
2.933537024608350748e+03
2.948503087450205840e+03
2.965229861114134110e+03
2.983717344782272903e+03
3.003965537550811860e+03
3.025974438429651855e+03
3.049744046342785623e+03
3.075274360127991713e+03
3.102565378537121887e+03
3.131617100235757789e+03
3.162429523803458324e+03
3.195002647733834692e+03
3.229336470434210241e+03
3.265430990225885125e+03
3.303286205344098562e+03
3.342902113938104321e+03
3.384278714070887872e+03
3.427416003719372384e+03
3.472313980774591528e+03
3.518972643041214269e+03
3.567391988238000522e+03
3.617572013997611521e+03
3.669512717866609819e+03
3.723214097305382438e+03
3.778676149688408259e+03
3.835898872303914686e+03
3.894882262354030900e+03
3.955626316955014318e+03
4.018131033136796759e+03
4.082396407843361885e+03
4.148422437932595130e+03
4.216209120176169563e+03
4.285756451259885580e+03
4.357064427783295287e+03
4.430133046260000810e+03
4.504962303117243209e+03
4.581552194696541846e+03
4.659902717252975890e+03
4.740013866955905542e+03
4.821885639888326295e+03
4.905518032047211818e+03
4.990911039343511220e+03
2.918594923050989109e+03
2.919487947558347059e+03
2.922167021035439575e+03
2.926632143347243527e+03
2.932883314268659888e+03
2.940920533484643329e+03
2.950743800590089450e+03
2.962353115089797484e+03
2.975748476398697221e+03
2.990929883841582978e+03
3.007897336653286402e+03
3.026650833978502760e+03
3.047190374872059238e+03
3.069515958298647092e+03
3.093627583133013559e+03
3.119525248159789044e+03
3.147208952073697219e+03
3.176678693479269896e+03
3.207934470891208093e+03
3.240976282734095548e+03
3.275804127342439642e+03
3.312418002960839658e+03
3.350817907743817159e+03
3.391003839755815989e+03
3.432975796971353247e+03
3.476733777274754630e+03
3.522277778460685568e+03
3.569607798233315862e+03
3.618723834207079108e+03
3.669625883906443505e+03
3.722313944765573979e+03
3.776788014128896975e+03
3.833048089250647990e+03
3.891094167295098487e+03
3.950926245336479951e+03
4.012544320358983896e+03
4.075948389256836890e+03
4.141138448834150950e+03
4.208114495805109982e+03
4.276876526793860648e+03
4.347424538334432327e+03
4.419758526870889000e+03
4.493878488757331979e+03
4.569784420257747115e+03
4.647476317546154860e+03
4.726954176706537510e+03
4.808217993732834657e+03
4.891267764528909538e+03
4.976103484908851897e+03
5.062725150596331332e+03
2.960560994605392352e+03
2.961466859402170030e+03
2.964184453745512201e+03
2.968713777494144779e+03
2.975054830412773299e+03
2.983207612171838718e+03
2.993172122347743880e+03
3.004948360422758924e+03
3.018536325784926703e+03
3.033936017728213756e+03
3.051147435452416175e+03
3.070170578063198263e+03
3.091005444572127999e+03
3.113652033896547437e+03
3.138110344859740053e+03
3.164380376190801144e+03
3.192462126524674204e+03
3.222355594402225961e+03
3.254060778270153605e+03
3.287577676480964328e+03
3.322906287293089008e+03
3.360046608870788987e+03
3.398998639284210640e+03
3.439762376509293063e+03
3.482337818427974071e+03
3.526724962827870513e+03
3.572923807402579314e+03
3.620934349751564696e+03
3.670756587380083147e+03
3.722390517699295742e+03
3.775836138026154913e+03
3.831093445583594985e+03
3.888162437500341184e+03
3.947043110810909639e+03
4.007735462455836114e+03
4.070239489281409988e+03
4.134555188039787936e+03
4.200682555388918445e+03
4.268621587892805110e+03
4.338372282021130559e+03
4.409934634149522026e+03
4.483308640559471314e+03
4.558494297438225658e+03
4.635491600879049656e+03
4.714300546881001537e+03
4.794921131348890412e+03
4.877353350093547306e+03
4.961597198831593232e+03
5.047652673185552885e+03
5.135519768683745497e+03
3.003099187993939267e+03
3.004018068088517794e+03
3.006774708323007417e+03
3.011369108549729390e+03
3.017801268522627197e+03
3.026071187897116488e+03
3.036178866230159201e+03
3.048124302980378616e+03
3.061907497507888820e+03
3.077528449074293349e+03
3.094987156842895274e+03
3.114283619878430272e+03
3.135417837147277623e+03
3.158389807517286044e+03
3.183199529757928303e+03
3.209847002540243466e+03
3.238332224436760498e+03
3.268655193921612408e+03
3.300815909370479858e+03
3.334814369060609351e+03
3.370650571170737294e+03
3.408324513781280984e+03
3.447836194874033481e+03
3.489185612332600158e+03
3.532372763941869835e+03
3.577397647388503628e+03
3.624260260260598443e+03
3.672960600047796561e+03
3.723498664141402514e+03
3.775874449834152983e+03
3.830087954320447352e+03
3.886139174696154441e+03
3.944028107958767123e+03
4.003754751007249979e+03
4.065319100642303056e+03
4.128721153565909844e+03
4.193960906381865243e+03
4.261038355595398571e+03
4.329953497613208128e+03
4.400706328743808626e+03
4.473296845196993672e+03
4.547725043084294157e+03
4.623990918418750880e+03
4.702094467114875442e+03
4.782035684988879439e+03
4.863814567758406156e+03
4.947431111042722478e+03
5.032885310362606106e+03
5.120177161140456519e+03
5.209306658700256776e+03
3.046215999283655492e+03
3.047148071683712715e+03
3.049944288832383336e+03
3.054604650575299729e+03
3.061129156655093993e+03
3.069517806711436151e+03
3.079770600281089173e+03
3.091887536797874873e+03
3.105868615592650258e+03
3.121713835893388023e+03
3.139423196825021023e+03
3.158996697409596436e+03
3.180434336566236198e+03
3.203736113111100622e+03
3.228902025757349747e+03
3.255932073115275216e+03
3.284826253692207047e+03
3.315584565892550017e+03
3.348207008017690441e+03
3.382693578266165787e+03
3.419044274733588736e+03
3.457259095412382521e+03
3.497338038192386648e+03
3.539281100860269817e+03
3.583088281099776395e+03
3.628759576491802363e+03
3.676294984514167027e+03
3.725694502541879501e+03
3.776958127846985917e+03
3.830085857598457096e+03
3.885077688862490049e+03
3.941933618602206479e+03
4.000653643677878790e+03
4.061237760846779565e+03
4.123685966763257056e+03
4.187998257978695619e+03
4.254174630941633950e+03
4.322215081997531342e+03
4.392119607388925033e+03
4.463888203255464759e+03
4.537520865633989160e+03
4.613017590458109225e+03
4.690378373558587555e+03
4.769603210663414757e+03
4.850692097397389261e+03
4.933645029282540236e+03
5.018462001737930223e+03
5.105143010079586929e+03
5.193688049520687855e+03
5.284097115171372934e+03
3.089917823973280520e+03
3.090863267662863564e+03
3.093699598677763788e+03
3.098426816856544974e+03
3.105044921930053988e+03
3.113553913521551749e+03
3.123953791146599542e+03
3.136244554213173160e+03
3.150426202021549216e+03
3.166498733764380177e+03
3.184462148526677083e+03
3.204316445285788632e+03
3.226061622911402083e+03
3.249697680165619659e+03
3.275224615702825304e+03
3.302642428069797461e+03
3.331951115705654502e+03
3.363150676941851543e+03
3.396241110002241385e+03
3.431222413003013116e+03
3.468094583952696212e+03
3.506857620752157345e+03
3.547511521194640864e+03
3.590056282965785158e+03
3.634491903643417118e+03
3.680818380697966404e+03
3.729035711492088012e+03
3.779143893280623161e+03
3.831142923211094057e+03
3.885032798323170937e+03
3.940813515548900796e+03
3.998485071712669196e+03
4.058047463531352150e+03
4.119500687614011440e+03
4.182844740462125628e+03
4.248079618469470915e+03
4.315205317922315771e+03
4.384221834999152634e+03
4.455129165770965301e+03
4.527927306200808744e+03
4.602616252144457576e+03
4.679195999349796693e+03
4.757666543457124135e+03
4.838027879999079232e+03
4.920280004400713551e+03
5.004422911979342643e+03
5.090456597944732493e+03
5.178381057398913072e+03
5.268196285336368419e+03
5.359902276643727419e+03
3.134211213015305475e+03
3.135170208994168206e+03
3.138047196874500514e+03
3.142842176487457891e+03
3.149555147551609480e+03
3.158186109673010833e+03
3.168735062345073402e+03
3.181202004948735066e+03
3.195586936752325528e+03
3.211889856911587685e+03
3.230110764469770857e+03
3.250249658357480257e+03
3.272306537392788869e+03
3.296281400281240167e+03
3.322174245615750806e+03
3.349985071876707025e+03
3.379713877431962828e+03
3.411360660536767227e+03
3.444925419333780155e+03
3.480408151853112031e+03
3.517808856012417436e+03
3.557127529616574520e+03
3.598364170358119281e+03
3.641518775816886318e+03
3.686591343460160260e+03
3.733581870642675767e+03
3.782490354606731216e+03
3.833316792481733955e+03
3.886061181284920167e+03
3.940723517920673657e+03
3.997303799180978331e+03
4.055802021745155798e+03
4.116218182179939504e+03
4.178552276939626609e+03
4.242804302365963849e+03
4.308974254687957909e+03
4.377062130022068231e+03
4.447067924372428934e+03
4.518991633630321303e+03
4.592833253574705850e+03
4.668592779871725725e+03
4.746270208075240589e+03
4.825865533626294564e+03
4.907378751853495487e+03
4.990809857972901227e+03
5.076158847087943286e+03
5.163425714189543214e+03
5.252610454156031665e+03
5.343713061753153852e+03
5.436733531634104111e+03
3.179102945164610446e+03
3.180075676504657167e+03
3.182993870465944838e+03
3.187857526871918253e+03
3.194666645428336778e+03
3.203421225723218413e+03
3.214121267226877080e+03
3.226766769291941728e+03
3.241357731153338136e+03
3.257894151928307110e+03
3.276376030616328535e+03
3.296803366099197774e+03
3.319176157141043859e+03
3.343494402388254457e+03
3.369758100369494969e+03
3.397967249495783108e+03
3.428121848060394768e+03
3.460221894238922232e+03
3.494267386089215051e+03
3.530258321551438257e+03
3.568194698448110103e+03
3.608076514483855135e+03
3.649903767245935342e+03
3.693676454203417052e+03
3.739394572708230498e+03
3.787058119994147091e+03
3.836667093177538845e+03
3.888221489256769019e+03
3.941721305112726441e+03
3.997166537508557212e+03
4.054557183089703358e+03
4.113893238383790958e+03
4.175174699800966664e+03
4.238401563633336082e+03
4.303573826055715472e+03
4.370691483124839579e+03
4.439754530779964625e+03
4.510762964842456313e+03
4.583716781016316418e+03
4.658615974887386983e+03
4.735460541924301651e+03
4.814250477477419736e+03
4.894985776779965818e+03
4.977666434947006564e+03
5.062292446976168321e+03
5.148863807747336978e+03
5.237380512022620678e+03
5.327842554446495342e+03
5.420249929545586383e+03
5.514602631728924280e+03
3.224599893185105429e+03
3.225586545055951774e+03
3.228546500607061716e+03
3.233479759653732799e+03
3.240386321888327984e+03
3.249266186880049645e+03
3.260119354075035062e+03
3.272945822796354150e+03
3.287745592244012641e+03
3.304518661494929347e+03
3.323265029502920243e+03
3.343984695098697557e+03
3.366677656990020751e+03
3.391343913761450949e+03
3.417983463874520567e+03
3.446596305667602337e+03
3.477182437356134415e+03
3.509741857032395274e+03
3.544274562665540088e+03
3.580780552101790363e+03
3.619259823064074681e+03
3.659712373152463442e+03
3.702138199843754137e+03
3.746537300491809219e+03
3.792909672327368753e+03
3.841255312458125900e+03
3.891574217868575488e+03
3.943866385420278675e+03
3.998131811851673319e+03
4.054370493778037599e+03
4.112582427691601879e+03
4.172767609961738344e+03
4.234926036834319348e+03
4.299057704432546416e+03
4.365162608756274494e+03
4.433240745682383022e+03
4.503292110964745916e+03
4.575316700233997835e+03
4.649314508997728808e+03
4.725285532640707061e+03
4.803229766424162335e+03
4.883147205486579878e+03
4.965037844843361199e+03
5.048901679386669457e+03
5.134738703885773248e+03
5.222548912986591858e+03
5.312332301212260973e+03
5.404088862962680651e+03
5.497818592514666307e+03
5.593521484022024197e+03
3.270709211703206165e+03
3.271709971446834061e+03
3.274712250613390552e+03
3.279716049009834933e+03
3.286721366314433453e+03
3.295728202076702473e+03
3.306736555717596730e+03
3.319746426529187829e+03
3.334757813675025773e+03
3.351770716189832910e+03
3.370785132979752689e+03
3.391801062822139556e+03
3.414818504365693116e+03
3.439837456130400369e+03
3.466857916507573464e+03
3.495879883759831500e+03
3.526903356021023228e+03
3.559928331296494889e+03
3.594954807462575900e+03
3.631982782267186849e+03
3.671012253329460236e+03
3.712043218139835062e+03
3.755075674059980884e+03
3.800109618322986989e+03
3.847145048033136391e+03
3.896181960166169574e+03
3.947220351568982096e+03
4.000260218959776012e+03
4.055301558928211307e+03
4.112344367934990260e+03
4.171388642312497723e+03
4.232434378264049883e+03
4.295481571864381294e+03
4.360530219059721276e+03
4.427580315667303694e+03
4.496631857375935397e+03
4.567684839745538738e+03
4.640739258207418061e+03
4.715795108064109627e+03
4.792852384489606266e+03
4.871911082529057239e+03
4.952971197099031997e+03
5.036032722987215493e+03
5.121095654852903863e+03
5.208159987226356861e+03
5.297225714509409045e+03
5.388292830975008656e+03
5.481361330767526852e+03
5.576431207902639471e+03
5.673502456267215166e+03
3.317438205142915649e+03
3.318453262313786126e+03
3.321498433758998999e+03
3.326573719276799238e+03
3.333679118530729738e+03
3.342814631049767286e+03
3.353980256228396684e+03
3.367175993326497974e+03
3.382401841469345527e+03
3.399657799647684442e+03
3.418943866717692345e+03
3.440260041400998944e+03
3.463606322284590533e+03
3.488982707820961423e+03
3.516389196327963873e+03
3.545825785989052292e+03
3.577292474852830310e+03
3.610789260833561002e+03
3.646316141710864486e+03
3.683873115129851158e+03
3.723460178600892505e+03
3.765077329499983080e+03
3.808724565068473566e+03
3.854401882413185376e+03
3.902109278506183273e+03
3.951846750185268320e+03
4.003614294153445826e+03
4.057411906979268679e+03
4.113239585096645897e+03
4.171097324804918571e+03
4.230985122268975829e+03
4.292902973519024272e+03
4.356850874450704396e+03
4.422828820825126968e+03
4.490836808268833920e+03
4.560874832273801076e+03
4.632942888197400862e+03
4.707040971262472340e+03
4.783169076557290282e+03
4.861327199035486046e+03
4.941515333516197643e+03
5.023733474684111570e+03
5.107981617089005340e+03
5.194259755146428688e+03
5.282567883137251556e+03
5.372905995207702290e+03
5.465274085369439490e+03
5.559672147499782113e+03
5.656100175341066461e+03
5.754558162501439256e+03
3.364793922413108703e+03
3.365823468710743782e+03
3.368912107533295512e+03
3.374059838669742021e+03
3.381266661768279391e+03
3.390532576336416696e+03
3.401857581741031481e+03
3.415241677208181500e+03
3.430684861823294796e+03
3.448187134531110587e+03
3.467748494135548754e+03
3.489368939299955400e+03
3.513048468546893673e+03
3.538787080258202877e+03
3.566584772675108979e+03
3.596441543898019063e+03
3.628357391886728237e+03
3.662332314460286398e+03
3.698366309296981399e+03
3.736459373934470023e+03
3.776611505769778887e+03
3.818822702058923824e+03
3.863092959917594271e+03
3.909422276320583478e+03
3.957810648101864444e+03
4.008258071954969637e+03
4.060764544432534422e+03
4.115330061946527167e+03
4.171954620768171480e+03
4.230638217028172221e+03
4.291380846716303495e+03
4.354182505681744260e+03
4.419043189632854592e+03
4.485962894137514922e+03
4.554941614622673114e+03
4.625979346374681882e+03
4.699076084539190560e+03
4.774231824121026875e+03
4.851446559984499800e+03
4.930720286853063953e+03
5.012052999309503321e+03
5.095444691795933068e+03
5.180895358613686767e+03
5.268404993923506481e+03
5.357973591745273552e+03
5.449601145958354209e+03
5.543287650301256690e+03
5.639033098371821325e+03
5.736837483627179608e+03
5.836700799383758749e+03
3.412782965955651889e+03
3.413827195106402087e+03
3.416959882485078651e+03
3.422181027871014521e+03
3.429490630896376842e+03
3.438888691046258828e+03
3.450375207658586078e+03
3.463950179924173426e+03
3.479613606886763137e+03
3.497365487442891663e+03
3.517205820342041989e+03
3.539134604186509932e+03
3.563151837431556942e+03
3.589257518385181811e+03
3.617451645208461741e+03
3.647734215915154891e+03
3.680105228371985504e+03
3.714564680298508392e+03
3.751112569267282197e+03
3.789748892703566071e+03
3.830473647885696664e+03
3.873286831944672485e+03
3.918188441864458582e+03
3.965178474481945159e+03
4.014256926486950761e+03
4.065423794421879393e+03
4.118679074682404462e+03
4.174022763516783925e+03
4.231454857026316859e+03
4.290975351165077882e+03
4.352584241740032667e+03
4.416281524411108876e+03
4.482067194691050645e+03
4.549941247945374016e+03
4.619903679392753475e+03
4.691954484104447147e+03
4.766093657004716988e+03
4.842321192870713276e+03
4.920637086332438230e+03
5.001041331872822411e+03
5.083533923827492799e+03
5.168114856385197527e+03
5.254784123587493923e+03
5.343541719328679392e+03
5.434387637355977859e+03
5.527321871269729854e+03
5.622344414522672196e+03
5.719455260420962077e+03
5.818654402123267573e+03
5.919941832641218753e+03
3.461411913737606483e+03
3.462471021491012380e+03
3.465648344674283180e+03
3.470943883056710092e+03
3.478357636253690544e+03
3.487889603726841870e+03
3.499539784783924915e+03
3.513308178578844036e+03
3.529194784111723493e+03
3.547199600228850613e+03
3.567322625622656233e+03
3.589563858831752441e+03
3.613923298240933946e+03
3.640400942081138510e+03
3.668996788429467415e+03
3.699710835209316429e+03
3.732543080189998363e+03
3.767493520987310603e+03
3.804562155062891634e+03
3.843748979724788569e+03
3.885053992127192487e+03
3.928477189270362487e+03
3.974018568000815321e+03
4.021678125011135307e+03
4.071455856840240358e+03
4.123351759873003175e+03
4.177365830340704633e+03
4.233498064320618141e+03
4.291748457736200180e+03
4.352117006357275386e+03
4.414603705799474483e+03
4.479208551524986433e+03
4.545931538841917245e+03
4.614772662904556455e+03
4.685731918713599953e+03
4.758809301115586095e+03
4.834004804803423212e+03
4.911318424316164055e+03
4.990750154039005793e+03
5.072299988203250905e+03
5.155967920886458160e+03
5.241753946012447159e+03
5.329658057350950003e+03
5.419680248518186090e+03
5.511820512976176360e+03
5.606078844033466339e+03
5.702455234844554070e+03
5.800949678410120214e+03
5.901562167577178116e+03
6.004292695038732745e+03
3.510687447628205064e+03
3.511761631800936811e+03
3.514984184238775015e+03
3.520355104700399806e+03
3.527874392783720396e+03
3.537542047925853694e+03
3.549358069402936962e+03
3.563322456330354271e+03
3.579435207662716948e+03
3.597696322193636661e+03
3.618105798556030095e+03
3.640663635221850654e+03
3.665369830502318564e+03
3.692224382547768073e+03
3.721227289347628357e+03
3.752378548730613602e+03
3.785678158364476076e+03
3.821126115756290346e+03
3.858722418252075840e+03
3.898467063037211574e+03
3.940360047136057801e+03
3.984401367412222498e+03
4.030591020568559998e+03
4.078929003146943614e+03
4.129415311528457096e+03
4.182049941933314585e+03
4.236832890420980220e+03
4.293764152889973047e+03
4.352843725078059833e+03
4.414071602562064982e+03
4.477447780758022418e+03
4.542972254921248350e+03
4.610645020145966555e+03
4.680466071365799507e+03
4.752435403353274523e+03
4.826553010720393104e+03
4.902818887918063410e+03
4.981233029236477705e+03
5.061795428804923176e+03
5.144506080591895625e+03
5.229364978405025795e+03
5.316372115891074827e+03
5.405527486536054312e+03
5.496831083665067126e+03
5.590282900442313803e+03
5.685882929871278975e+03
5.783631164794580400e+03
5.883527597893817074e+03
5.985572221690176775e+03
6.089765028543524750e+03
3.560616295880682628e+03
3.561705756376909449e+03
3.564974137781443005e+03
3.570421439842088148e+03
3.578047662138393207e+03
3.587852804081743670e+03
3.599836864915440856e+03
3.613999843714528652e+03
3.630341739385926303e+03
3.648862550668373387e+03
3.669562276132391162e+03
3.692440914180375785e+03
3.717498463046619236e+03
3.744734920797175619e+03
3.774150285329938015e+03
3.805744554374617110e+03
3.839517725492820773e+03
3.875469796077823048e+03
3.913600763354944775e+03
3.953910624381175239e+03
3.996399376045511872e+03
4.041067015068544151e+03
4.087913538002870155e+03
4.136938941232908292e+03
4.188143220974779979e+03
4.241526373276617960e+03
4.297088394018298459e+03
4.354829278911400252e+03
4.414749023499553005e+03
4.476847623158202623e+03
4.541125073094463005e+03
4.607581368347307034e+03
4.676216503787713918e+03
4.747030474118370876e+03
4.820023273873705875e+03
4.895194897420158668e+03
4.972545338955910665e+03
5.052074592511000446e+03
5.133782651947247359e+03
5.217669510958292449e+03
5.303735163069783994e+03
5.391979601638922759e+03
5.482402819855034977e+03
5.575004810738998458e+03
5.669785567143738263e+03
5.766745081754000239e+03
5.865883347086120921e+03
5.967200355488595960e+03
6.070696099141362538e+03
6.176370570056785255e+03
3.611205379529356833e+03
3.612310318372389247e+03
3.615625134813626573e+03
3.621149828589238950e+03
3.628884399259751262e+03
3.638828846209681615e+03
3.650983168647883303e+03
3.665347365607260599e+03
3.681921435944976110e+03
3.700705378342263430e+03
3.721699191304669966e+03
3.744902873161739080e+03
3.770316422067367057e+03
3.797939835999462048e+03
3.827773112760231015e+03
3.859816249976044219e+03
3.894069245097322437e+03
3.930532095398764795e+03
3.969204797979235082e+03
4.010087349761799032e+03
4.053179747493534705e+03
4.098481987745913102e+03
4.145994066914454379e+03
4.195715981218768320e+03
4.247647726702855834e+03
4.301789299234807913e+03
4.358140694506687396e+03
4.416701908035027373e+03
4.477472935160373709e+03
4.540453771047471491e+03
4.605644410685158618e+03
4.673044848886623186e+03
4.742655080289144280e+03
4.814475099354126542e+03
4.888504900367176560e+03
4.964744477438064678e+03
5.043193824500765913e+03
5.123852935313379930e+03
5.206721803458246541e+03
5.291800422341793819e+03
5.379088785194729098e+03
5.468586885071734287e+03
5.560294714851996105e+03
5.654212267238524873e+03
5.750339534758722948e+03
5.848676509764156435e+03
5.949223184430327819e+03
6.051979550757285324e+03
6.156945600568936243e+03
6.264121325513467127e+03
3.662461933316762952e+03
3.663582554699019056e+03
3.666944418753757873e+03
3.672547525205231977e+03
3.680391873593956916e+03
3.690477463276427443e+03
3.702804293425439482e+03
3.717372363029899589e+03
3.734181670894884064e+03
3.753232215641673974e+03
3.774523995707643735e+03
3.798057009346469385e+03
3.823831254627899852e+03
3.851846729437776503e+03
3.882103431478260973e+03
3.914601358267532305e+03
3.949340507140125737e+03
3.986320875246595278e+03
4.025542459553700155e+03
4.067005256844367977e+03
4.110709263717694739e+03
4.156654476588907528e+03
4.204840891689514137e+03
4.255268505067078877e+03
4.307937312585409018e+03
4.362847309924366527e+03
4.419998492580096354e+03
4.479390855864873629e+03
4.541024394907101851e+03
4.604899104651394737e+03
4.671014979858568950e+03
4.739372015105573155e+03
4.809970204785486203e+03
4.882809543107479840e+03
4.957890024097120659e+03
5.035211641595992660e+03
5.114774389261849137e+03
5.196578260568685437e+03
5.280623248806629817e+03
5.366909347081862506e+03
5.455436548316849439e+03
5.546204845250296785e+03
5.639214230436891739e+03
5.734464696247603570e+03
5.831956234869569926e+03
5.931688838306134130e+03
6.033662498376695112e+03
6.137877206716780165e+03
6.244332954778276871e+03
6.353029733829164797e+03
3.714393204918773336e+03
3.715529715202649186e+03
3.718939245958097217e+03
3.724621796896997239e+03
3.732577367538643102e+03
3.742805957210521228e+03
3.755307565047625303e+03
3.770082189992820076e+03
3.787129830796951865e+03
3.806450486018396077e+03
3.828044154023511055e+03
3.851910832986391142e+03
3.878050520889019026e+03
3.906463215521019265e+03
3.937148914479848827e+03
3.970107615170945792e+03
4.005339314807315532e+03
4.042844010409945895e+03
4.082621698807580742e+03
4.124672376636529407e+03
4.168996040341350636e+03
4.215592686174015398e+03
4.264462310194478960e+03
4.315604908270453961e+03
4.369020476077442254e+03
4.424709009098819479e+03
4.482670502625562222e+03
4.542904951756743685e+03
4.605412351399006184e+03
4.670192696266894927e+03
4.737245980882714321e+03
4.806572199576559797e+03
4.878171346486435141e+03
4.952043415558023298e+03
5.028188400544725482e+03
5.106606295008039524e+03
5.187297092317028728e+03
5.270260785648588353e+03
5.355497367987481994e+03
5.443006832126229710e+03
5.532789170665144411e+03
5.624844376012333669e+03
5.719172440383734283e+03
5.815773355803155027e+03
5.914647114102005617e+03
6.015793706919680517e+03
6.119213125703329752e+03
6.224905361707858901e+03
6.332870405996042791e+03
6.443108249438258099e+03
3.767006125622515356e+03
3.768158733275678514e+03
3.771616556134726125e+03
3.777379593898217536e+03
3.785447846063770157e+03
3.795821311928136765e+03
3.808499990587070442e+03
3.823483880935327761e+03
3.840772981666835221e+03
3.860367291274390482e+03
3.882266808050113923e+03
3.906471530084975711e+03
3.932981455269138223e+03
3.961796581291612711e+03
3.992916905640678578e+03
4.026342425603653737e+03
4.062073138266706792e+03
4.100109040515310880e+03
4.140450129033941266e+03
4.183096400305998941e+03
4.228047850613961600e+03
4.275304476039575093e+03
4.324866272463357745e+03
4.376733235565173345e+03
4.430905360823619958e+03
4.487382643516601092e+03
4.546165078720984638e+03
4.607252661312713826e+03
4.670645385966811773e+03
4.736343247157226870e+03
4.804346239157098353e+03
4.874654356038604419e+03
4.947267591672964045e+03
5.022185939730472455e+03
5.099409393680389257e+03
5.178937946791090326e+03
5.260771592130140561e+03
5.344910322563957379e+03
5.431354130757995335e+03
5.520103009176978048e+03
5.611156950084553500e+03
5.704515945543410453e+03
5.800179987415314827e+03
5.898149067361221569e+03
5.998423176840901760e+03
6.101002307113314600e+03
6.205886449236383669e+03
6.313075594067299789e+03
6.422569732262218167e+03
6.534368854276181082e+03
3.820307482064132728e+03
3.821476397629358416e+03
3.824983144220046142e+03
3.830827721521055992e+03
3.839010129007135674e+03
3.849530365943034212e+03
3.862388431383351417e+03
3.877584324172668403e+03
3.895118042945417073e+03
3.914989586126012000e+03
3.937198951928697170e+03
3.961746138357814743e+03
3.988631143207309378e+03
4.017853964061259830e+03
4.049414598293765266e+03
4.083313043068604202e+03
4.119549295339614218e+03
4.158123351850463223e+03
4.199035209134801335e+03
4.242284863516185396e+03
4.287872311108155372e+03
4.335797547813929668e+03
4.386060569326976292e+03
4.438661371130440784e+03
4.493599948497451805e+03
4.550876296491007452e+03
4.610490409964161699e+03
4.672442283559803400e+03
4.736731911710762688e+03
4.803359288639626357e+03
4.872324408359152585e+03
4.943627264671856210e+03
5.017267851170193353e+03
5.093246161236606895e+03
5.171562188043329115e+03
5.252215924552690922e+03
5.335207363516739861e+03
5.420536497477503872e+03
5.508203318767073142e+03
5.598207819507176282e+03
5.690549991609827885e+03
5.785229826776647315e+03
5.882247316499236149e+03
5.981602452059216375e+03
6.083295224528114886e+03
6.187325624767178851e+03
6.293693643427825009e+03
6.402399270951264043e+03
6.513442497568727958e+03
6.626823313301126291e+03
3.874304031863327054e+03
3.875489467974716717e+03
3.879045776198987824e+03
3.884972956206752315e+03
3.893271007448940054e+03
3.903939929156763355e+03
3.916979720341903885e+03
3.932390379796402158e+03
3.950171906092539757e+03
3.970324297583222688e+03
3.992847552401447501e+03
4.017741668460644178e+03
4.045006643454787991e+03
4.074642474857985690e+03
4.106649159924813830e+03
4.141026695690318775e+03
4.177775078969678361e+03
4.216894306358653921e+03
4.258384374233173730e+03
4.302245278749751378e+03
4.348477015845067399e+03
4.397079581236387639e+03
4.448052970421031205e+03
4.501397178676977092e+03
4.557112201062523127e+03
4.615198032416098613e+03
4.675654667356828213e+03
4.738482100283893487e+03
4.803680325377096779e+03
4.871249336596444664e+03
4.941189127682416256e+03
5.013499692155771299e+03
5.088181023317626568e+03
5.165233114249606842e+03
5.244655957813506575e+03
5.326449546651663695e+03
5.410613873186624005e+03
5.497148929621441312e+03
5.586054707939449145e+03
5.677331199904339883e+03
5.770978397060200223e+03
5.866996290731549379e+03
5.965384872023112621e+03
6.066144131820162329e+03
6.169274060788211500e+03
6.274774649373057400e+03
6.382645887801269964e+03
6.492887766079245011e+03
6.605500273993963674e+03
6.720483401113066975e+03
3.929002489903496098e+03
3.930204661315959129e+03
3.933811175438449936e+03
3.939822031926571981e+03
3.948237230206207641e+03
3.959056769473856093e+03
3.972280648696103526e+03
3.987908866610155201e+03
4.005941421723491658e+03
4.026378312313984679e+03
4.049219536429821346e+03
4.074465091889843734e+03
4.102114976282867246e+03
4.132169186968401846e+03
4.164627721076271882e+03
4.199490575506691130e+03
4.236757746930152280e+03
4.276429231787574281e+03
4.318505026290419664e+03
4.362985126420312554e+03
4.409869527929458854e+03
4.459158226340226065e+03
4.510851216945563465e+03
4.564948494808693795e+03
4.621450054763347907e+03
4.680355891413455538e+03
4.741665999133374498e+03
4.805380372068043471e+03
4.871499004132563641e+03
4.940021889012541578e+03
5.010949020163896421e+03
5.084280390812939913e+03
5.160015993956410966e+03
5.238155822361439277e+03
5.318699868565356155e+03
5.401648124876298425e+03
5.487000583372264373e+03
5.574757235901984131e+03
5.664918074084539512e+03
5.757483089309251227e+03
5.852452272735945371e+03
5.949825615294798808e+03
6.049603107686341900e+03
6.151784740381572192e+03
6.256370503621686112e+03
6.363360387418500068e+03
6.472754381554106658e+03
6.584552475580873761e+03
6.698754658821826524e+03
6.815360920370115309e+03
3.984409616443182585e+03
3.985628740041609490e+03
3.989286110716875555e+03
3.995381728108895913e+03
4.003915591617517748e+03
4.014887700402709925e+03
4.028298053384105515e+03
4.044146649241535215e+03
4.062433486414647632e+03
4.083158563103097549e+03
4.106321877266509546e+03
4.131923426624401145e+03
4.159963208656184179e+03
4.190441220601580426e+03
4.223357459459748497e+03
4.258711921990159681e+03
4.296504604712026776e+03
4.336735503904795223e+03
4.379404615607502819e+03
4.424511935619459109e+03
4.472057459499713332e+03
4.522041182567325450e+03
4.574463099901397982e+03
4.629323206340852266e+03
4.686621496484614909e+03
4.746357964691696907e+03
4.808532605080699796e+03
4.873145411530686033e+03
4.940196377680194928e+03
5.009685496928038447e+03
5.081612762432844647e+03
5.155978167113214113e+03
5.232781703647674476e+03
5.312023364474725895e+03
5.393703141792873794e+03
5.477821027560556104e+03
5.564377013496065956e+03
5.653371091077815436e+03
5.744803251543960869e+03
5.838673485892779354e+03
5.934981784882514148e+03
6.033728139031192768e+03
6.134912538616958955e+03
6.238534973677815287e+03
6.344595434011769612e+03
6.453093909176838679e+03
6.564030388490664336e+03
6.677404861031466680e+03
6.793217315636714375e+03
6.911467740904299717e+03
4.040532672894262760e+03
4.041768967748187606e+03
4.045477852184451876e+03
4.051659325826562963e+03
4.060313388047234184e+03
4.071440037968159231e+03
4.085039274460010802e+03
4.101111096142555652e+03
4.119655501384727359e+03
4.140672488304327999e+03
4.164162054768326016e+03
4.190124198392747530e+03
4.218558916542519910e+03
4.249466206331817375e+03
4.282846064623829989e+03
4.318698488030690896e+03
4.357023472913624573e+03
4.397821015382949554e+03
4.441091111298040232e+03
4.486833756267325953e+03
4.535048945648138215e+03
4.585736674547130860e+03
4.638896937819784398e+03
4.694529730070674304e+03
4.752635045653581074e+03
4.813212878671113685e+03
4.876263222975012468e+03
4.941786072166148188e+03
5.009781419594408362e+03
5.080249258358662701e+03
5.153189581306908622e+03
5.228602381036125735e+03
5.306487649892422269e+03
5.386845379970925933e+03
5.469675563115781188e+03
5.554978190920185625e+03
5.642753254726585510e+03
5.733000745626100070e+03
5.825720654459246362e+03
5.920912971815330820e+03
6.018577688032981314e+03
6.118714793199653286e+03
6.221324277151931710e+03
6.326406129475533817e+03
6.433960339505081720e+03
6.543986896324175177e+03
6.656485788765924553e+03
6.771457005412003127e+03
6.888900534593251905e+03
7.008816364389683258e+03
4.097379165783157077e+03
4.098632853172905925e+03
4.102393915210806881e+03
4.108662351503501668e+03
4.117438161395132738e+03
4.128721343967413304e+03
4.142511898039818334e+03
4.158809822169587278e+03
4.177615114651416661e+03
4.198927773517766582e+03
4.222747796538783405e+03
4.249075181222186075e+03
4.277909924813457110e+03
4.309252024295574302e+03
4.343101476389468189e+03
4.379458277553378139e+03
4.418322423983492627e+03
4.459693911613460841e+03
4.503572736114695545e+03
4.549958892896256657e+03
4.598852377104814877e+03
4.650253183624802659e+03
4.704161307078152277e+03
4.760576741824706914e+03
4.819499481961581296e+03
4.880929521323953850e+03
4.944866853484465537e+03
5.011311471753363548e+03
5.080263369178775974e+03
5.151722538546209762e+03
5.225688972379050938e+03
5.302162662938258109e+03
5.381143602222437039e+03
5.462631781967843381e+03
5.546627193648419052e+03
5.633129828475905924e+03
5.722139677399430184e+03
5.813656731105955259e+03
5.907680980020018069e+03
6.004212414303992773e+03
6.103251023857637847e+03
6.204796798318587207e+03
6.308849727062049169e+03
6.415409799200953785e+03
6.524477003585730017e+03
6.636051328804721379e+03
6.750132763183803945e+03
6.866721294786202634e+03
6.985816911413546222e+03
7.107419600604316656e+03
4.154956412591673143e+03
4.156227715970165264e+03
4.160041625968460721e+03
4.166398142175164139e+03
4.175297263904742977e+03
4.186738990197265593e+03
4.200723319818621349e+03
4.217250251260641562e+03
4.236319782740527444e+03
4.257931912201570412e+03
4.282086637312620951e+03
4.308783955468470594e+03
4.338023863789430834e+03
4.369806359121715104e+03
4.404131438037286898e+03
4.440999096833934345e+03
4.480409331535004640e+03
4.522362137889747828e+03
4.566857511373162197e+03
4.613895447185882404e+03
4.663475940254556917e+03
4.715598985231243205e+03
4.770264576494052562e+03
4.827472708146653531e+03
4.887223374018655704e+03
4.949516567665227740e+03
5.014352282367402040e+03
5.081730511132036554e+03
5.151651246691585584e+03
5.224114481504254400e+03
5.299120207754261173e+03
5.376668417351273092e+03
5.456759101930856559e+03
5.539392252854365324e+03
5.624567861208826798e+03
5.712285917807132137e+03
5.802546413187694270e+03
5.895349337615054537e+03
5.990694681079124166e+03
6.088582433295793635e+03
6.189012583706737132e+03
6.291985121479228837e+03
6.397500035506406675e+03
6.505557314407155900e+03
6.616156946526075444e+03
6.729298919933398793e+03
6.844983222425526037e+03
6.963209841524228068e+03
7.083978764477099503e+03
7.207289978257601433e+03
4.213271363341088545e+03
4.214560508262252370e+03
4.218427942882347452e+03
4.224873666771372882e+03
4.233897679212532239e+03
4.245499979202577379e+03
4.259680565451390066e+03
4.276439436382095664e+03
4.295776590131406010e+03
4.317692024549198322e+03
4.342185737198557945e+03
4.369257725355964794e+03
4.398907986011408866e+03
4.431136515867933667e+03
4.465943311341940898e+03
4.503328368563340518e+03
4.543291683375097818e+03
4.585833251333649059e+03
4.630953067708787785e+03
4.678651127483552045e+03
4.728927425354186198e+03
4.781781955730518348e+03
4.837214712735431021e+03
4.895225690205279534e+03
4.955814881689623689e+03
5.018982280451496081e+03
5.084727879467095590e+03
5.153051671426055691e+03
5.223953648731177964e+03
5.297433803498734051e+03
5.373492127558241009e+03
5.452128612452535890e+03
5.533343249437773011e+03
5.617136029483428501e+03
5.703506943272334865e+03
5.792455981200532733e+03
5.883983133377455488e+03
5.978088389625933814e+03
6.074771739481889199e+03
6.174033172194792314e+03
6.275872676727279213e+03
6.380290241755422358e+03
6.487285855668535987e+03
6.596859506569255245e+03
6.709011182273495251e+03
6.823740870310530227e+03
6.941048557922992586e+03
7.060934232066756522e+03
7.183397879411056238e+03
7.308439486338632378e+03
4.272330861147565884e+03
4.273638075249057692e+03
4.277559717403960349e+03
4.284095787162603301e+03
4.293246283775791198e+03
4.305011206194611077e+03
4.319390553070586066e+03
4.336384322755445282e+03
4.355992513301278450e+03
4.378215122460384919e+03
4.403052147685532873e+03
4.430503586129778341e+03
4.460569434646383343e+03
4.493249689789156946e+03
4.528544347811892294e+03
4.566453404669043266e+03
4.606976856015232443e+03
4.650114697205329321e+03
4.695866923294526714e+03
4.744233529038638153e+03
4.795214508893271159e+03
4.848809857014884983e+03
4.905019567259880205e+03
4.963843633185130784e+03
5.025282048047832177e+03
5.089334804805464955e+03
5.156001896115829368e+03
5.225283314337123556e+03
5.297179051527677984e+03
5.371689099446332875e+03
5.448813449552176280e+03
5.528552093004464041e+03
5.610905020663153664e+03
5.695872223088183091e+03
5.783453690539848139e+03
5.873649412978920736e+03
5.966459380066301492e+03
6.061883581163442614e+03
6.159922005331850414e+03
6.260574641333543696e+03
6.363841477630785448e+03
6.469722502386123779e+03
6.578217703462580175e+03
6.689327068423192031e+03
6.803050584531699315e+03
6.919388238751859717e+03
7.038340017747941602e+03
7.159905907884422049e+03
7.284085895225946842e+03
7.410879965537787939e+03
4.332141340060768016e+03
4.333466853036763496e+03
4.337443391808316846e+03
4.344070955905560368e+03
4.353349544545115350e+03
4.365279156630738726e+03
4.379859790752713707e+03
4.397091445188077159e+03
4.416974117900622332e+03
4.439507806540897946e+03
4.464692508446167267e+03
4.492528220640451764e+03
4.523014939834411052e+03
4.556152662425574817e+03
4.591941384498265506e+03
4.630381101823256358e+03
4.671471809858341658e+03
4.715213503747918367e+03
4.761606178323177119e+03
4.810649828101986714e+03
4.862344447289085110e+03
4.916690029775661060e+03
4.973686569140038046e+03
5.033334058646914855e+03
5.095632491247935832e+03
5.160581859581422577e+03
5.228182155972490364e+03
5.298433372432858050e+03
5.371335500661113656e+03
5.446888532042559746e+03
5.525092457649066091e+03
5.605947268239598998e+03
5.689452954259498256e+03
5.775609505841051032e+03
5.864416912803146261e+03
5.955875164651577506e+03
6.049984250578745559e+03
6.146744159463803044e+03
6.246154879872658057e+03
6.348216400058011459e+03
6.452928707959206804e+03
6.560291791202378590e+03
6.670305637100416789e+03
6.782970232652890445e+03
6.898285564546085880e+03
7.016251619153233150e+03
7.136868382533823933e+03
7.260135840434789316e+03
7.386053978289282895e+03
7.514622781217212832e+03
4.392708997074730178e+03
4.394053040655005134e+03
4.398085171232120956e+03
4.404805388314874108e+03
4.414213691084721177e+03
4.426310078395431447e+03
4.441094548773587121e+03
4.458567100418122209e+03
4.478727731200630842e+03
4.501576438665172645e+03
4.527113220028468277e+03
4.555338072179590199e+03
4.586250991680344669e+03
4.619851974765083469e+03
4.656141017340512008e+03
4.695118114986105866e+03
4.736783262953736084e+03
4.781136456167852884e+03
4.828177689225564791e+03
4.877906956396334863e+03
4.930324251622399061e+03
4.985429568518270571e+03
5.043222900371271862e+03
5.103704240141117225e+03
5.166873580460030098e+03
5.232730913632887678e+03
5.301276231637189085e+03
5.372509526122787975e+03
5.446430788412158108e+03
5.523040009500353335e+03
5.602337180054935743e+03
5.684322290416010219e+03
5.768995330596301756e+03
5.856356290281003567e+03
5.946405158827853484e+03
6.039141925267206716e+03
6.134566578301853042e+03
6.232679106307197799e+03
6.333479497331268249e+03
6.436967739094559875e+03
6.543143818990036380e+03
6.652007724083318863e+03
6.763559441112533932e+03
6.877798956488429212e+03
6.994726256294143241e+03
7.114341326285511968e+03
7.236644151890838657e+03
7.361634718210931169e+03
7.489313010019486683e+03
7.619679011761869333e+03
4.454040384684769379e+03
4.455403192654254781e+03
4.459491616391687785e+03
4.466305655383469457e+03
4.475845308774030855e+03
4.488110575365378281e+03
4.503101453617205152e+03
4.520817941647010230e+03
4.541260037229942100e+03
4.564427737798912858e+03
4.590321040444526261e+03
4.618939941915148665e+03
4.650284438616760781e+03
4.684354526613219605e+03
4.721150201626035596e+03
4.760671459034331747e+03
4.802918293875033669e+03
4.847890700842905972e+03
4.895588674290290328e+03
4.946012208227178235e+03
4.999161296321517511e+03
5.055035931898753006e+03
5.113636107942132185e+03
5.174961817092707861e+03
5.239013051649067165e+03
5.305789803567677154e+03
5.375292064462655617e+03
5.447519825605809274e+03
5.522473077926785663e+03
5.600151812012882147e+03
5.680556018109011347e+03
5.763685686117999467e+03
5.849540805600175190e+03
5.938121365773819889e+03
6.029427355514712872e+03
6.123458763356552481e+03
6.220215577490610485e+03
6.319697785766000379e+03
6.421905375689372704e+03
6.526838334425254288e+03
6.634496648795940928e+03
6.744880305281223627e+03
6.857989290018774227e+03
6.973823588803952589e+03
7.092383187090035790e+03
7.213668069987458694e+03
7.337678222265063596e+03
7.464413628348968814e+03
7.593874272323091645e+03
7.726060137929076518e+03
4.516142783160603358e+03
4.517524591407284788e+03
4.521670015968538792e+03
4.528579056307648898e+03
4.538251711530203465e+03
4.550687980383941067e+03
4.565887861258981502e+03
4.583851352187555676e+03
4.604578450844125655e+03
4.628069154545414676e+03
4.654323460250300741e+03
4.683341364560078546e+03
4.715122863718003828e+03
4.749667953609862707e+03
4.786976629763368692e+03
4.827048887348685639e+03
4.869884721178020300e+03
4.915484125706067971e+03
4.963847095029374941e+03
5.014973622887168858e+03
5.068863702660526542e+03
5.125517327372942418e+03
5.184934489690060218e+03
5.247115181919866700e+03
5.312059396012425168e+03
5.379767123560138316e+03
5.450238355797561780e+03
5.523473083601516009e+03
5.599471297491125370e+03
5.678232987627514376e+03
5.759758143814337927e+03
5.844046755497250160e+03
5.931098811764248239e+03
6.020914301345442254e+03
6.113493212613396281e+03
6.208835533582639073e+03
6.306941251909999664e+03
6.407810354894725606e+03
6.511442829478028216e+03
6.617838662243570980e+03
6.726997839417056639e+03
6.838920346866491855e+03
6.953606170102109900e+03
7.071055294276523455e+03
7.191267704184308059e+03
7.314243384262377731e+03
7.439982318589954957e+03
7.568484490888295113e+03
7.699749884521148488e+03
7.833778482494304626e+03
4.579023512543547440e+03
4.580424559053729354e+03
4.584627698397184759e+03
4.591632930013209261e+03
4.601440252966767730e+03
4.614049665948982692e+03
4.629461167277137974e+03
4.647674754894410398e+03
4.668690426370062596e+03
4.692508178899477571e+03
4.719128009304010448e+03
4.748549914031021217e+03
4.780773889154072094e+03
4.815799930372539166e+03
4.853628033012000742e+03
4.894258192024078198e+03
4.937690401986363213e+03
4.983924657102495985e+03
5.032960951202237084e+03
5.084799277741391961e+03
5.139439629801586307e+03
5.196882000090870861e+03
5.257126380943002005e+03
5.320172764317931069e+03
5.386021141801620615e+03
5.454671504606191775e+03
5.526123843569545897e+03
5.600378149155858409e+03
5.677434411455275949e+03
5.757292620183989129e+03
5.839952764684274371e+03
5.925414833924264713e+03
6.013678816498402739e+03
6.104744700627065868e+03
6.198612474156523604e+03
6.295282124559359545e+03
6.394753638933972979e+03
6.497027004004962691e+03
6.602102206122822281e+03
6.709979231264317605e+03
6.820658065031959268e+03
6.934138692654528313e+03
7.050421098986741526e+03
7.169505268509358757e+03
7.291391185329378459e+03
7.416078833179501999e+03
7.543568195418780306e+03
7.673859255032160036e+03
7.806951994630480840e+03
7.942846396450931934e+03
4.642689541030904365e+03
4.644110065870563631e+03
4.648371640194151951e+03
4.655474263415309906e+03
4.665417934556974615e+03
4.678202652251002291e+03
4.693828414738504762e+03
4.712295219869815810e+03
4.733603065104261987e+03
4.757751947510276295e+03
4.784741863765589187e+03
4.814572810156884771e+03
4.847244782580180981e+03
4.882757776540453960e+03
4.921111787151896351e+03
4.962306809137771779e+03
5.006342836830564920e+03
5.053219864171789595e+03
5.102937884712294363e+03
5.155496891611808678e+03
5.210896877639318518e+03
5.269137835172993618e+03
5.330219756199994663e+03
5.394142632316818890e+03
5.460906454728880817e+03
5.530511214250850571e+03
5.602956901306508371e+03
5.678243505928851846e+03
5.756371017759761344e+03
5.837339426050600196e+03
5.921148719661535324e+03
6.007798887062146605e+03
6.097289916330926644e+03
6.189621795155592736e+03
6.284794510833118693e+03
6.382808050269393789e+03
6.483662399979531983e+03
6.587357546087825540e+03
6.693893474327599506e+03
6.803270170041476376e+03
6.915487618181107791e+03
7.030545803307139067e+03
7.148444709589663944e+03
7.269184320807728909e+03
7.392764620349376855e+03
7.519185591211983592e+03
7.648447216002144160e+03
7.780549476935371786e+03
7.915492355836325260e+03
8.053275834139033577e+03
4.707147637487348220e+03
4.708587882785688635e+03
4.712908618476451920e+03
4.720109843946754154e+03
4.730191558175306454e+03
4.743153759732270373e+03
4.758996446779367943e+03
4.777719617069503329e+03
4.799323267947253953e+03
4.823807396348645852e+03
4.851171998801230075e+03
4.881417071423849848e+03
4.914542609927063495e+03
4.950548609612648761e+03
4.989435065373906582e+03
5.031201971695812063e+03
5.075849322654600655e+03
5.123377111918027367e+03
5.173785332745296728e+03
5.227073977987174658e+03
5.283243040085760185e+03
5.342292511074788308e+03
5.404222382579216173e+03
5.469032645815748765e+03
5.536723291592352325e+03
5.607294310308589047e+03
5.680745691955432449e+03
5.757077426115340131e+03
5.836289501962141912e+03
5.918381908261305398e+03
6.003354633369667681e+03
6.091207665235590866e+03
6.181940991398808364e+03
6.275554598990576778e+03
6.372048474733674084e+03
6.471422604942252292e+03
6.573676975522023895e+03
6.678811571970072691e+03
6.786826379375081160e+03
6.897721382416951201e+03
7.011496565367451694e+03
7.128151912089454527e+03
7.247687406037432993e+03
7.370103030257419960e+03
7.495398767386632244e+03
7.623574599654148187e+03
7.754630508880381967e+03
7.888566476476928983e+03
8.025382483447174309e+03
8.165078510385910704e+03
4.772404316709601517e+03
4.773864526627487066e+03
4.778245156167675304e+03
4.785546204689656406e+03
4.795767671125986453e+03
4.808909553982213765e+03
4.824971851336878899e+03
4.843954560841591046e+03
4.865857679720950728e+03
4.890681204772515230e+03
4.918425132366905927e+03
4.949089458447740071e+03
4.982674178531699908e+03
5.019179287708463562e+03
5.058604780640696845e+03
5.100950651564024156e+03
5.146216894287211289e+03
5.194403502191941698e+03
5.245510468232926542e+03
5.299537784937986544e+03
5.356485444407742762e+03
5.416353438316036772e+03
5.479141757909701482e+03
5.544850394008487456e+03
5.613479337005173875e+03
5.685028576865685864e+03
5.759498103128710682e+03
5.836887904906272524e+03
5.917197970883080416e+03
6.000428289317066628e+03
6.086578848039152945e+03
6.175649634453255203e+03
6.267640635536281479e+03
6.362551837838092979e+03
6.460383227481770518e+03
6.561134790163161597e+03
6.664806511151330596e+03
6.771398375288147690e+03
6.880910366988776332e+03
6.993342470241107549e+03
7.108694668606251980e+03
7.226966945218237015e+03
7.348159282784004972e+03
7.472271663583796908e+03
7.599304069470538707e+03
7.729256481870530479e+03
7.862128881782837198e+03
7.997921249779361460e+03
8.136633566005608373e+03
8.278265810179391337e+03
4.838465646125389867e+03
4.839946066807063289e+03
4.844387328628954492e+03
4.851789430921637177e+03
4.862152372569501495e+03
4.875476152010605801e+03
4.891760767236671199e+03
4.911006215793388037e+03
4.933212494779884764e+03
4.958379600849336384e+03
4.986507530208389653e+03
5.017596278617513235e+03
5.051645841390912210e+03
5.088656213396613566e+03
5.128627389056191532e+03
5.171559362345267800e+03
5.217452126792788476e+03
5.266305675481741673e+03
5.318120001048782797e+03
5.372895095684195439e+03
5.430630951132077826e+03
5.491327558690348269e+03
5.554984909210513251e+03
5.621602993097856597e+03
5.691181800311483130e+03
5.763721320364122221e+03
5.839221542322245114e+03
5.917682454806178612e+03
5.999104045989838596e+03
6.083486303600845531e+03
6.170829214920861887e+03
6.261132766784915475e+03
6.354396945582000626e+03
6.450621737254664367e+03
6.549807127299383865e+03
6.651953100766263560e+03
6.757059642259150678e+03
6.865126735935632496e+03
6.976154365507075454e+03
7.090142514238436888e+03
7.207091164948603364e+03
7.327000300010088722e+03
7.449869901349075008e+03
7.575699950445747163e+03
7.704490428333731870e+03
7.836241315600469534e+03
7.970952592387068762e+03
8.108624238388756567e+03
8.249256232853971596e+03
8.392848554585194506e+03
4.905337643338384623e+03
4.906838522895441201e+03
4.911341161333325545e+03
4.918845557952598028e+03
4.929351711587059981e+03
4.942859620604394877e+03
4.959369282905830005e+03
4.978880695925984583e+03
5.001393856633399082e+03
5.026908761529891308e+03
5.055425406651200319e+03
5.086943787566345236e+03
5.121463899378151837e+03
5.158985736722949696e+03
5.199509293770613112e+03
5.243034564224823953e+03
5.289561541322693301e+03
5.339090217834875148e+03
5.391620586065755560e+03
5.447152637853264423e+03
5.505686364568873614e+03
5.567221757117788002e+03
5.631758805938678051e+03
5.699297501003873549e+03
5.769837831819207167e+03
5.843379787424244569e+03
5.919923356392057030e+03
5.999468526829407892e+03
6.082015286376493350e+03
6.167563622207315348e+03
6.256113521029230469e+03
6.347664969083325559e+03
6.442217952144384981e+03
6.539772455520581389e+03
6.640328464053747666e+03
6.743885962119520627e+03
6.850444933626779857e+03
6.960005362018288906e+03
7.072567230270124128e+03
7.188130520892438653e+03
7.306695215928357356e+03
7.428261296955042781e+03
7.552828745083161266e+03
7.680397540956922057e+03
7.810967664754116413e+03
7.944539096186190363e+03
8.081111814498095555e+03
8.220685798468517532e+03
8.363261026409722035e+03
8.508837476167400382e+03
4.973027049311326664e+03
4.974548637875879649e+03
4.979113403325716718e+03
4.986721344929795123e+03
4.997372461469315567e+03
5.011066751238483448e+03
5.027804212043709413e+03
5.047584841203994984e+03
5.070408635551037150e+03
5.096275591428972803e+03
5.125185704694672495e+03
5.157138970717293887e+03
5.192135384378843810e+03
5.230174940073652579e+03
5.271257631708749614e+03
5.315383452703599687e+03
5.362552395990405785e+03
5.412764454013768045e+03
5.466019618730986622e+03
5.522317881611759731e+03
5.581659233638409205e+03
5.644043665305882314e+03
5.709471166621635348e+03
5.777941727105674545e+03
5.849455335790480603e+03
5.924011981221345195e+03
6.001611651455846186e+03
6.082254334064297836e+03
6.165940016129411561e+03
6.252668684246638804e+03
6.342440324523901836e+03
6.435254922581634673e+03
6.531112463552934059e+03
6.630012932083332089e+03
6.731956312331097251e+03
6.836942587966821520e+03
6.944971742173834173e+03
7.056043757648012615e+03
7.170158616597707805e+03
7.287316300743896136e+03
7.407516791320024822e+03
7.530760069072130136e+03
7.657046114259097521e+03
7.786374906651947640e+03
7.918746425534284754e+03
8.054160649702604132e+03
8.192617557465760910e+03
8.334117126645196549e+03
8.478659334574709646e+03
8.626244158100917048e+03
5.041540970931881020e+03
5.043083520675963882e+03
5.047711169653514844e+03
5.055423917100331892e+03
5.066221761742970557e+03
5.080104701798480164e+03
5.097072734974442028e+03
5.117125858469080413e+03
5.140264068971191591e+03
5.166487362660139297e+03
5.195795735205895653e+03
5.228189181769039351e+03
5.263667697000755652e+03
5.302231275042610832e+03
5.343879909527042400e+03
5.388613593576906169e+03
5.436432319805741827e+03
5.487336080317390952e+03
5.541324866706720968e+03
5.598398670058827520e+03
5.658557480949563796e+03
5.721801289445314069e+03
5.788130085103072815e+03
5.857543856970361958e+03
5.930042593585388204e+03
6.005626282976891162e+03
6.084294912664101503e+03
6.166048469657009264e+03
6.250886940456022785e+03
6.338810311052232464e+03
6.429818566927299798e+03
6.523911693053491945e+03
6.621089673893607142e+03
6.721352493400975618e+03
6.824700135019763366e+03
6.931132581684285469e+03
7.040649815819999276e+03
7.153251819342472118e+03
7.268938573658071618e+03
7.387710059663580068e+03
7.509566257746731026e+03
7.634507147785446250e+03
7.762532709148520553e+03
7.893642920694976965e+03
8.027837760774748858e+03
8.165117207228377083e+03
8.305481237386706198e+03
8.448929828071490192e+03
8.595462955594788582e+03
8.745080595759267453e+03
5.110886298429211820e+03
5.112450063527641760e+03
5.117141358556636987e+03
5.124960182717738462e+03
5.135906534679937067e+03
5.149980412579982840e+03
5.167181814022190338e+03
5.187510736078631453e+03
5.210967175288790713e+03
5.237551127660026395e+03
5.267262588667033015e+03
5.300101553252527083e+03
5.336068015826374904e+03
5.375161970266617573e+03
5.417383409918481448e+03
5.462732327594987510e+03
5.511208715576837676e+03
5.562812565612300205e+03
5.617543868917285181e+03
5.675402616175422736e+03
5.736388797537794744e+03
5.800502402623237685e+03
5.867743420518270796e+03
5.938111839776904162e+03
6.011607648420749683e+03
6.088230833939330296e+03
6.167981383289543373e+03
6.250859282895930846e+03
6.336864518650789250e+03
6.425997075914021480e+03
6.518256939513018551e+03
6.613644093743005214e+03
6.712158522366621582e+03
6.813800208614414260e+03
6.918569135184308834e+03
7.026465284241908194e+03
7.137488637420612577e+03
7.251639175821310346e+03
7.368916880012458023e+03
7.489321730030344952e+03
7.612853705378711311e+03
7.739512785029091901e+03
7.869298947420398690e+03
8.002212170459491063e+03
8.138252431520716527e+03
8.277419707445915265e+03
8.419713974544643861e+03
8.565135208594407231e+03
8.713683384839820064e+03
8.865358477993368069e+03
5.181069494506800766e+03
5.182654731076809185e+03
5.187410440508908323e+03
5.195336621968446707e+03
5.206433274064617763e+03
5.220700394850268822e+03
5.238137981821712856e+03
5.258746031919220513e+03
5.282524541526488974e+03
5.309473506470908433e+03
5.339592922023673964e+03
5.372882782899448102e+03
5.409343083256658247e+03
5.448973816697389339e+03
5.491774976267303828e+03
5.537746554455831756e+03
5.586888543195982493e+03
5.639200933864420222e+03
5.694683717281577628e+03
5.753336883711351220e+03
5.815160422861406005e+03
5.880154323883213692e+03
5.948318575371558836e+03
6.019653165365222776e+03
6.094158081346374274e+03
6.171833310241065192e+03
6.252678838418812120e+03
6.336694651693012929e+03
6.423880735320456552e+03
6.514237074001736801e+03
6.607763651881175974e+03
6.704460452546602937e+03
6.804327459029575039e+03
6.907364653805227135e+03
7.013572018792577182e+03
7.122949535354109685e+03
7.235497184295923034e+03
7.351214945867885035e+03
7.470102799763481016e+03
7.592160725119962080e+03
7.717388700518009500e+03
7.845786703982184918e+03
7.977354712980589284e+03
8.112092704424942895e+03
8.250000654670733638e+03
8.391078539517062381e+03
8.535326334206652973e+03
8.682744013425994126e+03
8.833331551305112953e+03
8.987088921417807796e+03
5.252096823709810451e+03
5.253703789767617309e+03
5.258524687650530723e+03
5.266559516486381654e+03
5.277808274821647501e+03
5.292270960621597624e+03
5.309947571270034132e+03
5.330838103569287341e+03
5.354942553740329458e+03
5.382260917422892817e+03
5.412793189675160647e+03
5.446539364973962620e+03
5.483499437214959471e+03
5.523673399712038190e+03
5.567061245198071447e+03
5.613662965824270941e+03
5.663478553160719457e+03
5.716507998195955224e+03
5.772751291337082876e+03
5.832208422410000821e+03
5.894879380659101116e+03
5.960764154747418615e+03
6.029862732756669175e+03
6.102175102187023185e+03
6.177701249957483924e+03
6.256441162405470095e+03
6.338394825287195999e+03
6.423562223777366853e+03
6.511943342469407980e+03
6.603538165375198332e+03
6.698346675925449745e+03
6.796368856969327680e+03
6.897604690774604023e+03
7.002054159027807145e+03
7.109717242834032731e+03
7.220593922716868292e+03
7.334684178618734222e+03
7.451987989900544562e+03
7.572505335341777936e+03
7.696236193140596697e+03
7.823180540913805089e+03
7.953338355696738290e+03
8.086709613943639852e+03
8.223294291526903180e+03
8.363092363737601772e+03
8.506103805286178613e+03
8.652328590300536234e+03
8.801766692328024874e+03
8.954418084334443847e+03
9.110282738703972427e+03
5.323973748315590456e+03
5.325602703620726970e+03
5.330489569232365284e+03
5.338634344239305392e+03
5.350037027122539257e+03
5.364697615755782863e+03
5.382616107405131515e+03
5.403792498729178988e+03
5.428226785778974772e+03
5.455918963997874016e+03
5.486869028221917688e+03
5.521076972679527898e+03
5.558542790991623406e+03
5.599266476171503200e+03
5.643248020624999299e+03
5.690487416150403988e+03
5.740984653938464362e+03
5.794739724572423256e+03
5.851752618027906465e+03
5.912023323673111008e+03
5.975551830268614140e+03
6.042338125967565247e+03
6.112382198315420283e+03
6.185684034250205514e+03
6.262243620102481145e+03
6.342060941595074837e+03
6.425135983843385475e+03
6.511468731355421369e+03
6.601059168031383706e+03
6.693907277164082188e+03
6.790013041438935034e+03
6.889376442933515136e+03
6.991997463118082123e+03
7.097876082855312234e+03
7.207012282400266486e+03
7.319406041400687172e+03
7.435057338896474903e+03
7.553966153320175181e+03
7.676132462496980224e+03
7.801556243644047754e+03
7.930237473371485976e+03
8.062176127681671460e+03
8.197372181969436497e+03
8.335825611022150042e+03
8.477536389019482158e+03
8.622504489533715969e+03
8.770729885529666717e+03
8.922212549364454389e+03
9.076952452787660150e+03
9.234949566941546436e+03
5.396705205663465676e+03
5.398356411611946896e+03
5.403310029139826838e+03
5.411566057294824532e+03
5.423124494489987228e+03
5.437985338503191997e+03
5.456148586477638673e+03
5.477614234921740717e+03
5.502382279708967872e+03
5.530452716077964396e+03
5.561825538632509051e+03
5.596500741341553294e+03
5.634478317539257660e+03
5.675758259924805316e+03
5.720340560562665814e+03
5.768225210882367719e+03
5.819412201678687779e+03
5.873901523111347160e+03
5.931693164705507115e+03
5.992787115351347893e+03
6.057183363304109662e+03
6.124881896184358084e+03
6.195882700977676905e+03
6.270185764034825297e+03
6.347791071071886108e+03
6.428698607169811112e+03
6.512908356774839376e+03
6.600420303698418138e+03
6.691234431117133681e+03
6.785350721572626753e+03
6.882769156971828124e+03
6.983489718586686649e+03
7.087512387054403007e+03
7.194837142377234159e+03
7.305463963922761650e+03
7.419392830423475971e+03
7.536623719977190376e+03
7.657156610046968126e+03
7.780991477460702299e+03
7.908128298411611468e+03
8.038567048458237878e+03
8.172307702524070010e+03
8.309350234897843620e+03
8.449694619233241610e+03
8.593340828549420621e+03
8.740288835230558107e+03
8.890538611025780483e+03
9.044090127049685179e+03
9.200943353781744008e+03
9.361098261066899795e+03
5.470296319855151523e+03
5.471970039477166210e+03
5.476991198011622146e+03
5.485359794463382059e+03
5.497075827174057849e+03
5.512139293821822321e+03
5.530550191421525597e+03
5.552308516324653283e+03
5.577414264219252800e+03
5.605867430130085268e+03
5.637668008418510908e+03
5.672815992782375361e+03
5.711311376256465337e+03
5.753154151211826502e+03
5.798344309356518352e+03
5.846881841734936643e+03
5.898766738728227210e+03
5.953998990054060414e+03
6.012578584766970380e+03
6.074505511257825674e+03
6.139779757254359538e+03
6.208401309820828828e+03
6.280370155358014017e+03
6.355686279603598450e+03
6.434349667631674492e+03
6.516360303853048208e+03
6.601718172015163873e+03
6.690423255201949360e+03
6.782475535834199036e+03
6.877874995669155396e+03
6.976621615800733707e+03
7.078715376659563844e+03
7.184156258012762919e+03
7.292944238964158103e+03
7.405079297954292088e+03
7.520561412760078383e+03
7.639390560495447062e+03
7.761566717610548949e+03
7.887089859892360437e+03
8.015959962464572527e+03
8.148176999787361638e+03
8.283740945657427801e+03
8.422651773208750456e+03
8.564909454910775821e+03
8.710513962570757940e+03
8.859465267331643190e+03
9.011763339673885639e+03
9.167408149413859064e+03
9.326399665704760992e+03
9.488737857036539936e+03
5.544752815339545123e+03
5.546449313347541647e+03
5.551538807024901871e+03
5.560021295331883266e+03
5.571896776535633762e+03
5.587165248210074424e+03
5.605826707236057700e+03
5.627881149801093670e+03
5.653328571399735665e+03
5.682168966833273771e+03
5.714402330209888532e+03
5.750028654944533628e+03
5.789047933759093212e+03
5.831460158682223664e+03
5.877265321049435443e+03
5.926463411503125826e+03
5.979054419992432486e+03
6.035038335773530889e+03
6.094415147409222300e+03
6.157184842769235729e+03
6.223347409030149720e+03
6.292902832675433274e+03
6.365851099495292146e+03
6.442192194586823462e+03
6.521926102353972965e+03
6.605052806507576861e+03
6.691572290065209927e+03
6.781484535351334671e+03
6.874789523997264951e+03
6.971487236941167794e+03
7.071577654428058850e+03
7.175060756009695069e+03
7.281936520544832092e+03
7.392204926198965950e+03
7.505865950444444934e+03
7.622919570060465048e+03
7.743365761133039086e+03
7.867204499055105771e+03
7.994435758526378777e+03
8.125059513553499528e+03
8.259075737449697044e+03
8.396484402835312721e+03
8.537285481637658449e+03
8.681478945090399066e+03
8.829064763734246299e+03
8.980042907417100650e+03
9.134413345293220118e+03
9.292176045823907771e+03
9.453330976777428077e+03
9.617878105228783170e+03
5.620080405648877786e+03
5.621799948413202401e+03
5.626958576344160974e+03
5.635556288355246579e+03
5.647593082635846258e+03
5.663068956651083681e+03
5.681983907141632699e+03
5.704337930124211198e+03
5.730131020891046319e+03
5.759363174010029070e+03
5.792034383325092676e+03
5.828144641955645966e+03
5.867693942296948080e+03
5.910682276019959318e+03
5.957109634071305663e+03
6.006976006673539814e+03
6.060281383324763738e+03
6.117025752798933354e+03
6.177209103145628433e+03
6.240831421690245406e+03
6.307892695033880955e+03
6.378392909053483891e+03
6.452332048901553208e+03
6.529710099006479140e+03
6.610527043072238484e+03
6.694782864078736566e+03
6.782477544281391602e+03
6.873611065211548521e+03
6.968183407676178831e+03
7.066194551757992485e+03
7.167644476815591588e+03
7.272533161483049298e+03
7.380860583670369124e+03
7.492626720563217532e+03
7.607831548623039453e+03
7.726475043586977336e+03
7.848557180467953913e+03
7.974077933554477568e+03
8.103037276411214407e+03
8.235435181877923242e+03
8.371271622070556987e+03
8.510546568380808822e+03
8.653259991475806601e+03
8.799411861298722215e+03
8.949002147068313207e+03
9.102030817279000985e+03
9.258497839701098201e+03
9.418403181380730530e+03
9.581746808639385563e+03
9.748528687074744084e+03
5.696284855990597862e+03
5.698027711570905922e+03
5.703256277933405727e+03
5.711970553942971492e+03
5.724170537707702351e+03
5.739856226579111535e+03
5.759027617151711638e+03
5.781684705263539399e+03
5.807827485995630923e+03
5.837455953672360920e+03
5.870570101861592775e+03
5.907169923374112841e+03
5.947255410264006059e+03
5.990826553828886063e+03
6.037883344609364940e+03
6.088425772389314261e+03
6.142453826195985130e+03
6.199967494299812643e+03
6.260966764214534123e+03
6.325451622697073617e+03
6.393422055747578270e+03
6.464878048609572943e+03
6.539819585769767400e+03
6.618246650958174541e+03
6.700159227147992169e+03
6.785557296555680296e+03
6.874440840641038449e+03
6.966809840106937372e+03
7.062664274899816519e+03
7.162004124208995563e+03
7.264829366467286491e+03
7.371139979350687099e+03
7.480935939778570173e+03
7.594217223913346970e+03
7.710983807160801007e+03
7.831235664170018026e+03
7.954972768833234113e+03
8.082195094285907544e+03
8.212902612906949798e+03
8.347095296318457258e+03
8.484773115385602068e+03
8.625936040216933179e+03
8.770584040164370890e+03
8.918717083822912173e+03
9.070335139030854407e+03
9.225438172869948176e+03
9.384026151664707868e+03
9.546099040983563100e+03
9.711656805637479920e+03
9.880699409681406905e+03
5.773371910786636363e+03
5.775138348931553082e+03
5.780437662970939527e+03
5.789269851718851896e+03
5.801634913198578943e+03
5.817532844642793862e+03
5.836963642493590669e+03
5.859927302402222267e+03
5.886423819229473338e+03
5.916453187045401137e+03
5.950015399129294565e+03
5.987110447969864254e+03
6.027738325265279855e+03
6.071899021922793509e+03
6.119592528059190954e+03
6.170818833000528684e+03
6.225577925282209435e+03
6.283869792648904877e+03
6.345694422054823917e+03
6.411051799663330712e+03
6.479941910847135659e+03
6.552364740188333599e+03
6.628320271478362883e+03
6.707808487718011747e+03
6.790829371117411029e+03
6.877382903095963229e+03
6.967469064282416184e+03
7.061087834514903079e+03
7.158239192840937903e+03
7.258923117517269930e+03
7.363139586010106541e+03
7.470888574994773990e+03
7.582170060356171234e+03
7.696984017188431608e+03
7.815330419795069247e+03
7.937209241688909060e+03
8.062620455591968494e+03
8.191564033436027785e+03
8.324039946361684997e+03
8.460048164719182751e+03
8.599588658068038058e+03
8.742661395177037775e+03
8.889266344024463251e+03
9.039403471797868406e+03
9.193072744894076095e+03
9.350274128919258146e+03
9.511007588688926262e+03
9.675273088228019333e+03
9.843070590770745184e+03
1.001440005876065698e+04
5.851346846903386904e+03
5.853137138954025431e+03
5.858508014692915822e+03
5.867459472880909743e+03
5.879991511452923987e+03
5.896104127517560300e+03
5.915797317357525571e+03
5.939071076429438108e+03
5.965925399363716679e+03
5.996360279964922483e+03
6.030375711211338967e+03
6.067971685255240118e+03
6.109148193422811346e+03
6.153905226214192226e+03
6.202242773303471949e+03
6.254160823538692966e+03
6.309659364941542663e+03
6.368738384708080957e+03
6.431397869207823533e+03
6.497637803984654965e+03
6.567458173756070209e+03
6.640858962413631161e+03
6.717840153022696541e+03
6.798401727822692919e+03
6.882543668226996488e+03
6.970265954822669300e+03
7.061568567370954952e+03
7.156451484806855660e+03
7.254914685239479695e+03
7.356958145951617553e+03
7.462581843400167600e+03
7.571785753215863224e+03
7.684569850203425631e+03
7.800934108341417414e+03
7.920878500782501760e+03
8.044402999852991343e+03
8.171507577053262139e+03
8.302192203057680672e+03
8.436456847714529431e+03
8.574301480045960488e+03
8.715726068247931835e+03
8.860730579690576633e+03
9.009314980917755747e+03
9.161479237647276022e+03
9.317223314771050354e+03
9.476547176354719340e+03
9.639450785637867739e+03
9.805934105034111781e+03
9.975997096130791761e+03
1.014963971968935221e+04
5.930214049244834314e+03
5.932028467967938923e+03
5.937471723705850309e+03
5.946543815163977342e+03
5.959244740184658440e+03
5.975574495747234323e+03
5.995533077967858844e+03
6.019120482099917353e+03
6.046336702533532844e+03
6.077181732795755124e+03
6.111655565550715437e+03
6.149758192599392714e+03
6.191489604879734543e+03
6.236849792466652616e+03
6.285838744572060932e+03
6.338456449544689349e+03
6.394702894870344608e+03
6.454578067171648399e+03
6.518081952208452094e+03
6.585214534877043661e+03
6.655975799211280901e+03
6.730365728381419103e+03
6.808384304695096034e+03
6.890031509596610704e+03
6.975307323667266246e+03
7.064211726625444498e+03
7.156744697326303140e+03
7.252906213762116749e+03
7.352696253061935749e+03
7.456114791491927463e+03
7.563161804455072343e+03
7.673837266491355876e+03
7.788141151277689460e+03
7.906073431628024991e+03
8.027634079493130230e+03
8.152823065960849817e+03
8.281640361255767857e+03
8.414085934739659933e+03
8.550159754911268465e+03
8.689861789405918898e+03
8.833192004996286414e+03
8.980150367591855684e+03
9.130736842238926329e+03
9.284951393120840294e+03
9.442793983558127366e+03
9.604264576007986761e+03
9.769363132064427191e+03
9.938089612458801639e+03
1.011044397705927622e+04
1.028642618487060645e+04
6.009977649631764507e+03
6.011816469156087805e+03
6.017332927278251191e+03
6.026527022645723264e+03
6.039398753004358696e+03
6.055948115198400046e+03
6.076175105170402276e+03
6.100079717961231836e+03
6.127661947710142158e+03
6.158921787654624495e+03
6.193859230130745345e+03
6.232474266572656234e+03
6.274766887513048459e+03
6.320737082582809307e+03
6.370384840511292168e+03
6.423710149126122815e+03
6.480712995353239421e+03
6.541393365217004430e+03
6.605751243840169991e+03
6.673786615443646042e+03
6.745499463346845914e+03
6.820889769967455322e+03
6.899957516821511490e+03
6.982702684523398602e+03
7.069125252785927842e+03
7.159225200420148212e+03
7.253002505335416572e+03
7.350457144539555884e+03
7.451589094138701512e+03
7.556398329337335781e+03
7.664884824438141550e+03
7.777048552842302342e+03
7.892889487049387753e+03
8.012407598657128801e+03
8.135602858361758990e+03
8.262475235957785117e+03
8.393024700338173716e+03
8.527251219493942699e+03
8.665154760514724330e+03
8.806735289588383239e+03
8.951992772001327467e+03
9.100927172137820889e+03
9.253538453481118268e+03
9.409826578612259254e+03
9.569791509210896038e+03
9.733433206055224218e+03
9.900751629021215194e+03
1.007174673708376213e+04
1.024641848831568859e+04
1.042476683988843433e+04
6.090642137290008577e+03
6.092505633147311528e+03
6.098096120248101215e+03
6.107413597179326644e+03
6.120458061586380609e+03
6.137229510172194750e+03
6.157727938697992613e+03
6.181953341982989514e+03
6.209905713904542608e+03
6.241585047397772541e+03
6.276991334456170080e+03
6.316124566130990388e+03
6.358984732531705049e+03
6.405571822825929303e+03
6.455885825238927282e+03
6.509926727054335061e+03
6.567694514613738647e+03
6.629189173316717643e+03
6.694410687621029865e+03
6.763359041042273930e+03
6.836034216154227579e+03
6.912436194588697617e+03
6.992564957035408042e+03
7.076420483242334740e+03
7.164002752015259830e+03
7.255311741218254610e+03
7.350347427773195705e+03
7.449109787660138863e+03
7.551598795917129792e+03
7.657814426640318743e+03
7.767756652983772256e+03
7.881425447159699615e+03
7.998820780438336442e+03
8.119942623147835548e+03
8.244790944674756247e+03
8.373365713463121210e+03
8.505666897015620634e+03
8.641694461892333493e+03
8.781448373711858949e+03
8.924928597150938003e+03
9.072135095943773194e+03
9.223067832883165465e+03
9.377726769819446417e+03
9.536111867661551514e+03
9.698223086376174251e+03
9.864060384987851648e+03
1.003362372157956452e+04
1.020691305329213174e+04
1.038392833632421207e+04
1.056466952593276255e+04
6.172212138783834234e+03
6.174100587910250397e+03
6.179765934797463160e+03
6.189208177969362623e+03
6.202427314965916594e+03
6.219423342343020522e+03
6.240196255672420193e+03
6.264746049542016408e+03
6.293072717555560303e+03
6.325176252332691547e+03
6.361056645509203918e+03
6.400713887736704237e+03
6.444147968682803366e+03
6.491358877031113479e+03
6.542346600481134374e+03
6.597111125748445374e+03
6.655652438564516160e+03
6.717970523676740413e+03
6.784065364848554054e+03
6.853936944859242431e+03
6.927585245504285012e+03
7.005010247594820612e+03
7.086211930958256744e+03
7.171190274437738481e+03
7.259945255892337627e+03
7.352476852197431072e+03
7.448785039243944084e+03
7.548869791939106108e+03
7.652731084205811385e+03
7.760368888983217403e+03
7.871783178226110067e+03
7.986973922905576728e+03
8.105941093008482312e+03
8.228684657537542080e+03
8.355204584511815483e+03
8.485500840965869429e+03
8.619573392950618654e+03
8.757422205532824592e+03
8.899047242794798876e+03
9.044448467835536576e+03
9.193625842769733936e+03
9.346579328727784741e+03
9.503308885856009510e+03
9.663814473317112061e+03
9.828096049289721122e+03
9.996153570968013810e+03
1.016798699456239774e+04
1.034359627529928184e+04
1.052298136742115275e+04
1.070614222418597274e+04
6.254692298345919880e+03
6.256605979054256750e+03
6.262347020665212767e+03
6.271915421636928841e+03
6.285311179399438515e+03
6.302534290354856239e+03
6.323584749877454669e+03
6.348462552313397282e+03
6.377167690980892985e+03
6.409700158170342547e+03
6.446059945143967525e+03
6.486247042136255914e+03
6.530261438353477388e+03
6.578103121974208989e+03
6.629772080148882196e+03
6.685268299000010302e+03
6.744591763622224789e+03
6.807742458082088888e+03
6.874720365418322217e+03
6.945525467641497926e+03
7.020157745734384662e+03
7.098617179651796505e+03
7.180903748320436534e+03
7.267017429639281545e+03
7.356958200479121842e+03
7.450726036682908671e+03
7.548320913065632340e+03
7.649742803414217633e+03
7.754991680487781196e+03
7.864067516017371418e+03
7.976970280706041194e+03
8.093699944229038920e+03
8.214256475233620222e+03
8.338639841338817860e+03
8.466850009136123845e+03
8.598886944188734560e+03
8.734750611032040979e+03
8.874440973173401289e+03
9.017957993092219112e+03
9.165301632239939863e+03
9.316471851040356341e+03
9.471468608888850213e+03
9.630291864152846756e+03
9.792941574172118635e+03
9.959417695258252934e+03
1.012972018269510954e+04
1.030384899073836459e+04
1.048180407261565961e+04
1.066358538052713811e+04
1.084919286564445429e+04
6.338087503119520079e+03
6.340026695100429606e+03
6.345844270506252542e+03
6.355540227726199191e+03
6.369114564075819544e+03
6.386567275796778631e+03
6.407898358056854704e+03
6.433107804950054742e+03
6.462195609496727229e+03
6.495161763643143786e+03
6.532006258261996663e+03
6.572729083151974010e+03
6.617330227038071826e+03
6.665809677571435714e+03
6.718167421329440003e+03
6.774403443815572246e+03
6.834517729459548718e+03
6.898510261617275319e+03
6.966381022570810273e+03
7.038129993528514206e+03
7.113757154624825489e+03
7.193262484920334828e+03
7.276645962401896213e+03
7.363907563982593274e+03
7.455047265501510083e+03
7.550065041724110415e+03
7.648960866342084046e+03
7.751734711972972036e+03
7.858386550160957995e+03
7.968916351376113198e+03
8.083324085014661250e+03
8.201609719399242749e+03
8.323773221778461448e+03
8.449814558327412669e+03
8.579733694147080314e+03
8.713530593264598792e+03
8.851205218633444019e+03
8.992757532133509812e+03
9.138187494570351191e+03
9.287495065676162994e+03
9.440680204108957696e+03
9.597742867453311192e+03
9.758683012219611555e+03
9.923500593844968535e+03
1.009219556669199847e+04
1.026476788404988838e+04
1.044121749813416500e+04
1.062154436008601442e+04
1.080574841997349722e+04
1.099382962679017874e+04
6.422402451083901724e+03
6.424367435340627708e+03
6.430262387550101266e+03
6.440087306029681713e+03
6.453842187975244997e+03
6.471527029460958147e+03
6.493141825439200147e+03
6.518686569740793857e+03
6.548161255074887777e+03
6.581565873028921487e+03
6.618900414068586542e+03
6.660164867537976534e+03
6.705359221659553441e+03
6.754483463534029397e+03
6.807537579140482194e+03
6.864521553336278885e+03
6.925435369857079422e+03
6.990279011317018558e+03
7.059052459208298387e+03
7.131755693901784980e+03
7.208388694646411750e+03
7.288951439569435024e+03
7.373443905676670511e+03
7.461866068851955788e+03
7.554217903857609599e+03
7.650499384334352726e+03
7.750710482801082435e+03
7.854851170655099850e+03
7.962921418171958976e+03
8.074921194505691346e+03
8.190850467688429489e+03
8.310709204630824388e+03
8.434497371121855394e+03
8.562214931828597400e+03
8.693861850296721968e+03
8.829438088950004385e+03
8.968943609090652899e+03
9.112378370899477886e+03
9.259742333434738612e+03
9.411035454634278722e+03
9.566257691313163377e+03
9.725408999165438217e+03
9.888489332763128914e+03
1.005549864555670501e+04
1.022643688987515452e+04
1.040130401692537453e+04
1.058009997679285698e+04
1.076282471844153042e+04
1.094947818971331799e+04
1.114006033732880496e+04
6.507640626441570930e+03
6.509631685029414257e+03
6.515604860207152342e+03
6.525560150217340379e+03
6.539497552130910663e+03
6.557417061847066179e+03
6.579318674093580739e+03
6.605202382426341501e+03
6.635068179229809175e+03
6.668916055716711526e+03
6.706746001928157057e+03
6.748558006733674119e+03
6.794352057830981721e+03
6.844128141746447909e+03
6.897886243834591369e+03
6.955626348278239675e+03
7.017348438088940384e+03
7.083052495106168863e+03
7.152738499998046791e+03
7.226406432261001100e+03
7.304056270219764883e+03
7.385687991027566568e+03
7.471301570665787040e+03
7.560896983944417116e+03
7.654474204501639178e+03
7.752033204804092748e+03
7.853573956146722594e+03
7.959096428652931536e+03
8.068600591274313047e+03
8.182086411791108731e+03
8.299553856811598962e+03
8.421002891772710427e+03
8.546433480939489527e+03
8.675845587405547121e+03
8.809239173092768397e+03
8.946614198751603908e+03
9.087970623960396551e+03
9.233308407126363818e+03
9.382627505484833819e+03
9.535927875099332596e+03
9.693209470862333546e+03
9.854472246493969578e+03
1.001971615454332641e+04
1.018894114638752944e+04
1.036214717223212210e+04
1.053933418111099309e+04
1.072050212088659828e+04
1.090565093824936048e+04
1.109478057871857891e+04
1.128789098664166522e+04
6.593804641747207825e+03
6.595822057577152009e+03
6.601874304455274796e+03
6.611961380545835709e+03
6.626083282789370969e+03
6.644240006902691675e+03
6.666431547378806499e+03
6.692657897486924412e+03
6.722919049272491065e+03
6.757214993557113303e+03
6.795545719938824732e+03
6.837911216791629158e+03
6.884311471265921682e+03
6.934746469288218577e+03
6.989216195561311906e+03
7.047720633564229502e+03
7.110259765552200406e+03
7.176833572556613035e+03
7.247442034385244369e+03
7.322085129621919805e+03
7.400762835626740525e+03
7.483475128536079865e+03
7.570221983262513277e+03
7.661003373494811967e+03
7.755819271698024750e+03
7.854669649113323430e+03
7.957554475758115586e+03
8.064473720426235559e+03
8.175427350687414219e+03
8.290415332887845580e+03
8.409437632150002173e+03
8.532494212372208494e+03
8.659585036229296747e+03
8.790710065172484974e+03
8.925869259428813166e+03
9.065062578001894508e+03
9.208289978671322388e+03
9.355551417992955976e+03
9.506846851298860201e+03
9.662176232697598607e+03
9.821539515073558505e+03
9.984936650087547605e+03
1.015236758817673035e+04
1.032383227855416408e+04
1.049933066920940837e+04
1.067886270690814854e+04
1.086242833719226473e+04
1.105002750437991745e+04
1.124166015156538379e+04
1.143732622061937400e+04
6.680896948557460746e+03
6.682941005364530611e+03
6.689073175146707399e+03
6.699293455986587105e+03
6.713601844688810161e+03
6.731998336779611236e+03
6.754482926507042066e+03
6.781055606841088775e+03
6.811716369473439954e+03
6.846465204817566701e+03
6.885302102008760812e+03
6.928227048904166622e+03
6.975240032082713697e+03
7.026341036844996779e+03
7.081530047213580474e+03
7.140807045932850087e+03
7.204172014468819725e+03
7.271624933009396045e+03
7.343165780464308227e+03
7.418794534465101606e+03
7.498511171365066730e+03
7.582315666239233906e+03
7.670207992884570558e+03
7.762188123819858447e+03
7.858256030285511770e+03
7.958411682243877294e+03
8.062655048379042455e+03
8.170986096096915389e+03
8.283404791525261317e+03
8.399911099513512454e+03
8.520504983633145457e+03
8.645186406177041135e+03
8.773955328160203862e+03
8.906811709319450529e+03
9.043755508113159522e+03
9.184786681721789137e+03
9.329905186047350071e+03
9.479110975713714652e+03
9.632404004066756897e+03
9.789784223173683131e+03
9.951251583824236150e+03
1.011680603552933098e+04
1.028644752652189709e+04
1.046017600375641086e+04
1.063799141290989246e+04
1.081989369838023231e+04
1.100588280328778092e+04
1.119595866947429386e+04
1.139012123750361206e+04
1.158837044666127804e+04
6.768920052109895551e+03
6.770991034500070782e+03
6.777203981003215631e+03
6.787558889616737360e+03
6.802055757003206963e+03
6.820694578490133608e+03
6.843475348069962820e+03
6.870398058400382979e+03
6.901462700803676853e+03
6.936669265267482842e+03
6.976017740444376614e+03
7.019508113651833810e+03
7.067140370872341919e+03
7.118914496753556705e+03
7.174830474607915676e+03
7.234888286413024616e+03
7.299087912811349270e+03
7.367429333110483640e+03
7.439912525283034483e+03
7.516537465966507625e+03
7.597304130463385263e+03
7.682212492741351525e+03
7.771262525432916846e+03
7.864454199835600775e+03
7.961787485912054763e+03
8.063262352289825685e+03
8.168878766261514102e+03
8.278636693784581439e+03
8.392536099481807469e+03
8.510576946640601818e+03
8.632759197213545121e+03
8.759082811818339906e+03
8.889547749737630511e+03
9.024153968918957617e+03
9.162901425974723679e+03
9.305790076182953271e+03
9.452819873485774224e+03
9.603990770491009243e+03
9.759302718471417393e+03
9.918755667364470355e+03
1.008234956577272533e+04
1.025008436096391051e+04
1.042195999887068501e+04
1.059797642409057516e+04
1.077813357988619282e+04
1.096243140818531538e+04
1.115086984958043104e+04
1.134344884332934635e+04
1.154016832735449862e+04
1.174102823824371990e+04
6.857876301904791035e+03
6.859974495301723437e+03
6.866269074795620327e+03
6.876760038294984952e+03
6.891447382314102470e+03
6.910331101973118166e+03
6.933411190997692756e+03
6.960687641719421663e+03
6.992160445075569442e+03
7.027829590609030674e+03
7.067695066468597361e+03
7.111756859408615128e+03
7.160014954789289732e+03
7.212469336576494243e+03
7.269119987341885462e+03
7.329966888262788416e+03
7.395010019122271842e+03
7.464249358309189120e+03
7.537684882818021833e+03
7.615316568249075317e+03
7.697144388808396798e+03
7.783168317307550751e+03
7.873388325164228263e+03
7.967804382401405746e+03
8.066416457648149844e+03
8.169224518139003521e+03
8.276228529714368051e+03
8.387428456820392967e+03
8.502824262509004257e+03
8.622415908437384132e+03
8.746203354869294344e+03
8.874186560673630083e+03
9.006365483325074820e+03
9.142740078903898393e+03
9.283310302096728265e+03
9.428076106195172542e+03
9.577037443097273353e+03
9.730194263305975255e+03
9.887546515930807800e+03
1.004909414868635940e+04
1.021483710789349607e+04
1.038477533847822087e+04
1.055890878397288725e+04
1.073723738651498570e+04
1.091976108684828796e+04
1.110647982432177196e+04
1.129739353689077143e+04
1.149250216111560439e+04
1.169180563216294468e+04
1.189530388380497607e+04
6.947768771434236442e+03
6.949894462105628008e+03
6.956271533391714001e+03
6.966899983108305605e+03
6.981779807615073878e+03
7.000911001815666168e+03
7.024293559157399613e+03
7.051927471631718618e+03
7.083812729773626415e+03
7.119949322662402665e+03
7.160337237920884945e+03
7.204976461715811638e+03
7.253866978758007463e+03
7.307008772301931458e+03
7.364401824146170839e+03
7.426046114632868012e+03
7.491941622648330849e+03
7.562088325622539742e+03
7.636486199529485930e+03
7.715135218886946859e+03
7.798035356756675355e+03
7.885186584744246829e+03
7.976588872999021078e+03
8.072242190214372386e+03
8.172146503627459424e+03
8.276301779019338937e+03
8.384707980715043959e+03
8.497365071583279132e+03
8.614273013036798147e+03
8.735431765032140902e+03
8.860841286069822672e+03
8.990501533194219519e+03
9.124412461993111719e+03
9.262574026599091667e+03
9.404986179687815820e+03
9.551648872479214333e+03
9.702562054736821665e+03
9.857725674768440513e+03
1.001713967942540330e+04
1.018080401410293234e+04
1.034871862274045816e+04
1.052088344782077911e+04
1.069729843037096907e+04
1.087796350996192450e+04
1.106287862470814252e+04
1.125204371126847036e+04
1.144545870484527404e+04
1.164312353918459485e+04
1.184503814657682597e+04
1.205120245785618317e+04
7.038600933223203356e+03
7.040754408269852320e+03
7.047214832649426171e+03
7.057982204080910378e+03
7.073056518762693486e+03
7.092437771372336101e+03
7.116125955066952883e+03
7.144121061482678670e+03
7.176423080735351505e+03
7.213032001419871449e+03
7.253947810610536180e+03
7.299170493860931856e+03
7.348700035204122287e+03
7.402536417152418835e+03
7.460679620697305836e+03
7.523129625309934454e+03
7.589886408940438741e+03
7.660949948018545001e+03
7.736320217453112491e+03
7.815997190632552702e+03
7.899980839424339138e+03
7.988271134175495717e+03
8.080868043712294821e+03
8.177771535340298215e+03
8.278981574844503484e+03
8.384498126489083006e+03
8.494321153017684992e+03
8.608450615653244313e+03
8.726886474098060717e+03
8.849628686533682412e+03
8.976677209620826034e+03
9.108031998500186091e+03
9.243693006790786967e+03
9.383660186591972888e+03
9.527933488481872701e+03
9.676512861517949204e+03
9.829398253237210156e+03
9.986589609655842651e+03
1.014808687526935137e+04
1.031388999305272591e+04
1.048399890446019890e+04
1.065841354942517683e+04
1.083713386636069663e+04
1.102015979215881634e+04
1.120749126219114623e+04
1.139912821030869418e+04
1.159507056884141639e+04
1.179531826859920329e+04
1.199987123887050620e+04
1.220872940742378887e+04
7.130375674800347952e+03
7.132557222028140131e+03
7.139101862917527797e+03
7.150009595086506124e+03
7.165280414564979765e+03
7.184914315794912909e+03
7.208911291630215601e+03
7.237271333336782845e+03
7.269994430592494609e+03
7.307080571487214002e+03
7.348529742522828201e+03
7.394341928613092023e+03
7.444517113083823460e+03
7.499055277672899138e+03
7.557956402529990555e+03
7.621220466216792374e+03
7.688847445707172483e+03
7.760837316386755447e+03
7.837190052053377258e+03
7.917905624916518718e+03
8.002984005597909345e+03
8.092425163131261797e+03
8.186229064962086341e+03
8.284395676948064647e+03
8.386924963358789682e+03
8.493816886875796627e+03
8.605071408592570151e+03
8.720688488014729955e+03
8.840668083059805213e+03
8.965010150057196370e+03
9.093714643748475282e+03
9.226781517286932285e+03
9.364210722238189192e+03
9.506002208579579019e+03
9.652155924700386095e+03
9.802671817402293527e+03
9.957549831898328193e+03
1.011678991181421770e+04
1.028039199918680424e+04
1.044835603446578352e+04
1.062068195651234782e+04
1.079736970259962982e+04
1.097841920841301544e+04
1.116383040804976190e+04
1.135360323401891947e+04
1.154773761724194082e+04
1.174623348705176795e+04
1.194909077119359608e+04
1.215630939582464089e+04
1.236788928551406207e+04
7.223094683158744374e+03
7.225304590867494881e+03
7.231934313164515515e+03
7.242983847562489245e+03
7.258453189915560870e+03
7.278342334419941835e+03
7.302651273613037120e+03
7.331379998374472962e+03
7.364528497925182819e+03
7.402096759828092218e+03
7.444084769987814980e+03
7.490492512650537719e+03
7.541319970404174455e+03
7.596567124178439371e+03
7.656233953244736767e+03
7.720320435216081023e+03
7.788826546047326701e+03
7.861752260034942083e+03
7.939097549817233812e+03
8.020862386374043126e+03
8.107046739027055082e+03
8.197650575439676686e+03
8.292673861616853173e+03
8.392116561905444541e+03
8.495978638993885397e+03
8.604260053912374133e+03
8.716960766032798347e+03
8.834080733068882182e+03
8.955619911075851633e+03
9.081578254450809254e+03
9.211955715932313979e+03
9.346752246601150546e+03
9.485967795879181722e+03
9.629602311530561565e+03
9.777655739660531253e+03
9.930128024716774235e+03
1.008701910948783188e+04
1.024832893510491340e+04
1.041405744104016230e+04
1.058420456510786244e+04
1.075877024346368671e+04
1.093775441060529374e+04
1.112115699937188219e+04
1.130897794094471465e+04
1.150121716484621538e+04
1.169787459894079439e+04
1.189895016943463270e+04
1.210444380087543868e+04
1.231435541615307193e+04
1.252868493649839365e+04
7.316759167495963993e+03
7.318997724370433389e+03
7.325713394127963511e+03
7.336906174171190287e+03
7.352576060171107201e+03
7.372723046067031646e+03
7.397347124066830474e+03
7.426448284646615321e+03
7.460026516551010900e+03
7.498081806792811221e+03
7.540614140653511640e+03
7.587623501682779533e+03
7.639109871698792631e+03
7.695073230788125329e+03
7.755513557305562244e+03
7.820430827874550232e+03
7.889825017386707259e+03
7.963696099002277151e+03
8.042044044149595720e+03
8.124868822525627365e+03
8.212170402095769532e+03
8.303948749093517108e+03
8.400203828021025402e+03
8.500935601648772717e+03
8.606144031015635846e+03
8.715829075428851866e+03
8.829990692464018139e+03
8.948628837965316052e+03
9.071743466045063542e+03
9.199334529084202586e+03
9.331401977731806255e+03
9.467945760905573479e+03
9.608965825791605312e+03
9.754462117844241220e+03
9.904434580786224615e+03
1.005888315660877197e+04
1.021780778557157100e+04
1.038120840620255512e+04
1.054908495529798529e+04
1.072143736792281743e+04
1.089826557741018041e+04
1.107956951536145061e+04
1.126534911164685582e+04
1.145560429440464213e+04
1.165033499004145233e+04
1.184954112323256049e+04
1.205322261692125176e+04
1.226137939231981909e+04
1.247401136890835005e+04
1.269111846443555260e+04
7.411369731442239754e+03
7.413637226521396769e+03
7.420439710854755504e+03
7.431777181730126358e+03
7.447649634627357955e+03
7.468057063218148869e+03
7.492999459365933035e+03
7.522476813126293564e+03
7.556489112746551655e+03
7.595036344665989418e+03
7.638118493515813498e+03
7.685735542119194179e+03
7.737887471490958887e+03
7.794574260838089685e+03
7.855795887559375842e+03
7.921552327245611195e+03
7.991843553679245815e+03
8.066669538834919877e+03
8.146030252879048021e+03
8.229925664169853917e+03
8.318355739257640380e+03
8.411320442884554723e+03
8.508819737984633321e+03
8.610853585683722486e+03
8.717421945299785875e+03
8.828524774342517048e+03
8.944162028513574114e+03
9.064333661706465136e+03
9.189039626006811886e+03
9.318279871691780500e+03
9.452054347230765416e+03
9.590362999284858233e+03
9.733205772707302458e+03
9.880582610542811381e+03
1.003249345402847757e+04
1.018893824259301618e+04
1.034991691385713784e+04
1.051542940363348498e+04
1.068547564592654453e+04
1.086005557293272796e+04
1.103916911504014388e+04
1.122281620082935660e+04
1.141099675707224924e+04
1.160371070873300960e+04
1.180095797896728982e+04
1.200273848912312678e+04
1.220905215874040550e+04
1.241989890555047714e+04
1.263527864547700119e+04
1.285519129263548166e+04
7.506926434043521112e+03
7.509223156666053001e+03
7.516113323589934225e+03
7.527596931983187460e+03
7.543673977126141835e+03
7.564344452411129168e+03
7.589608349342748625e+03
7.619465657537489278e+03
7.653916364724068444e+03
7.692960456743321629e+03
7.736597917548086116e+03
7.784828729203468356e+03
7.837652871886651155e+03
7.895070323886746337e+03
7.957081061605208561e+03
8.023685059555494263e+03
8.094882290363064385e+03
8.170672724765722705e+03
8.251056331613199291e+03
8.336033077867303291e+03
8.425602928602187603e+03
8.519765847003858653e+03
8.618521794370546559e+03
8.721870730112565070e+03
8.829812611752420707e+03
8.942347394924619948e+03
9.059475033375671046e+03
9.181195478964431459e+03
9.307508681661829542e+03
9.438414589550879100e+03
9.573913148826477482e+03
9.714004303795869419e+03
9.858687996878339618e+03
1.000796416860544014e+04
1.016183275762045923e+04
1.032029370067933451e+04
1.048334693264935959e+04
1.065099238651070300e+04
1.082322999335527493e+04
1.100005968238686728e+04
1.118148138092199952e+04
1.136749501438869993e+04
1.155810050632741513e+04
1.175329777839063718e+04
1.195308675034296721e+04
1.215746734006105180e+04
1.236643946353380306e+04
1.258000303486187477e+04
1.279815796625879011e+04
1.302090416804905180e+04
7.603429606091745882e+03
7.605755845830950420e+03
7.612734564063051039e+03
7.624365757831279552e+03
7.640649422207843600e+03
7.661585550293769302e+03
7.687174133218983116e+03
7.717415160142232708e+03
7.752308618251163352e+03
7.791854492762240625e+03
7.836052766920905015e+03
7.884903422001305444e+03
7.938406437306563021e+03
7.996561790168698280e+03
8.059369455948512950e+03
8.126829408035708184e+03
8.198941617848844544e+03
8.275706054835420218e+03
8.357122686471597262e+03
8.443191478262710007e+03
8.533912393742715722e+03
8.629285394474549321e+03
8.729310440049934186e+03
8.833987488089556791e+03
8.943316494242935732e+03
9.057297412188328963e+03
9.175930193632970258e+03
9.299214788313216559e+03
9.427151143993796722e+03
9.559739206468671910e+03
9.696978919560478971e+03
9.838870225120748728e+03
9.985413063029986006e+03
1.013660737119759324e+04
1.029245308556164673e+04
1.045295014008911494e+04
1.061809846677594214e+04
1.078789799564697205e+04
1.096234865475586594e+04
1.114145037018511175e+04
1.132520306604586403e+04
1.151360666447870608e+04
1.170666108565251307e+04
1.190436624776536155e+04
1.210672206704407472e+04
1.231372845774429516e+04
1.252538533215079042e+04
1.274169260057692554e+04
1.296265017136473398e+04
1.318825795088575069e+04
7.700880888781928661e+03
7.703236935425782576e+03
7.710305074328553928e+03
7.722085302403077549e+03
7.738577614504530175e+03
7.759782003430132136e+03
7.785698459918990011e+03
7.816326972652253062e+03
7.851667528253187811e+03
7.891720111287023428e+03
7.936484704261260958e+03
7.985961287624983015e+03
8.040149839769886057e+03
8.099050337029059847e+03
8.162662753678205263e+03
8.230987061934683879e+03
8.304023231958088218e+03
8.381771231849937976e+03
8.464231027653946512e+03
8.551402583355638853e+03
8.643285860882808265e+03
8.739880820105099701e+03
8.841187418834200798e+03
8.947205612823987394e+03
9.057935355770307069e+03
9.173376599311040991e+03
9.293529293025889274e+03
9.418393384437044006e+03
9.547968819008323408e+03
9.682255540145737541e+03
9.821253489197488307e+03
9.964962605453516517e+03
1.011338282614588024e+04
1.026651408644897856e+04
1.042435631947872389e+04
1.058690945629359703e+04
1.075417342589366854e+04
1.092614815522127537e+04
1.110283356916086996e+04
1.128422959053879458e+04
1.147033614012343605e+04
1.166115313662514018e+04
1.185668049669652646e+04
1.205691813493217524e+04
1.226186596386840756e+04
1.247152389398411287e+04
1.268589183369984676e+04
1.290496968937804922e+04
1.312875736532358496e+04
1.335725476378327949e+04
7.799281854881352047e+03
7.801667998336711207e+03
7.808826427628597230e+03
7.820757139534141970e+03
7.837460128682019786e+03
7.858935387552453903e+03
7.885182906476946300e+03
7.916202673638697888e+03
7.951994675072076461e+03
7.992558894663185129e+03
8.037895314149523074e+03
8.088003913119942808e+03
8.142884669014961219e+03
8.202537557126372121e+03
8.266962550597592781e+03
8.336159620423359229e+03
8.410128735449992746e+03
8.488869862375244338e+03
8.572382965748336574e+03
8.660668007969965402e+03
8.753724949292252859e+03
8.851553747818798001e+03
8.954154359504778768e+03
9.061526738156657302e+03
9.173670835432365493e+03
9.290586600841683321e+03
9.412273981745329365e+03
9.538732923355837556e+03
9.669963368737020573e+03
9.805965258804311816e+03
9.946738532324465268e+03
1.009228312591585563e+04
1.024259897404817821e+04
1.039768600904274899e+04
1.055754416107220095e+04
1.072217335816071682e+04
1.089157352618394725e+04
1.106574458886886168e+04
1.124468646779420487e+04
1.142839908239003853e+04
1.161688234993774495e+04
1.181013618557032351e+04
1.200816050227225242e+04
1.221095521087939596e+04
1.241852022007909363e+04
1.263085543641015283e+04
1.284796076426315813e+04
1.306983610587970725e+04
1.329648136135294044e+04
1.352789642862777873e+04
7.898632735570950899e+03
7.901049265613437456e+03
7.908298854619602025e+03
7.920381499224807158e+03
7.937297193821639667e+03
7.959045930559605949e+03
7.985627699345210203e+03
8.017042487841914408e+03
8.053290281470367518e+03
8.094371063408023474e+03
8.140284814589411326e+03
8.191031513706130681e+03
8.246611137206627973e+03
8.307023659296570258e+03
8.372269051938359553e+03
8.442347284851772201e+03
8.517258325513088494e+03
8.597002139156036719e+03
8.681578688771196539e+03
8.770987935106177247e+03
8.865229836665359471e+03
8.964304349710497263e+03
9.068211428260079629e+03
9.176951024089779821e+03
9.290523086732113370e+03
9.408927563476785508e+03
9.532164399370230967e+03
9.660233537216223340e+03
9.793134917575192958e+03
9.930868478764901738e+03
1.007343415685985201e+04
1.022083188569179947e+04
1.037306159684938757e+04
1.053012321967798925e+04
1.069201668128039273e+04
1.085874190651641948e+04
1.103029881800239309e+04
1.120668733611213065e+04
1.138790737897617510e+04
1.157395886248233728e+04
1.176484170027515574e+04
1.196055580375635509e+04
1.216110108208461861e+04
1.236647744217543732e+04
1.257668478870171748e+04
1.279172302409309304e+04
1.301159204853600750e+04
1.323629175997439233e+04
1.346582205410891220e+04
1.370018282439718860e+04
7.998932698142121808e+03
8.001379904201333375e+03
8.008721521208220111e+03
8.020957545650465363e+03
8.038087971674333858e+03
8.060112791084520723e+03
8.087031993344226066e+03
8.118845565575043111e+03
8.155553492557108257e+03
8.197155756729140194e+03
8.243652338188174326e+03
8.295043214689902015e+03
8.351328361648256760e+03
8.412507752136018098e+03
8.478581356884091292e+03
8.549549144282005727e+03
8.625411080377867620e+03
8.706167128878178119e+03
8.791817251147827847e+03
8.882361406210331552e+03
8.977799550747666217e+03
9.078131639100358370e+03
9.183357623267283998e+03
9.293477452905675818e+03
9.408491075331690809e+03
9.528398435519648046e+03
9.653199476102221524e+03
9.782894137371007673e+03
9.917482357275654067e+03
1.005696407142462158e+04
1.020133921308448953e+04
1.035060771318088337e+04
1.050476950029739419e+04
1.066382450067620448e+04
1.082777263821806991e+04
1.099661383448240849e+04
1.117034800868676393e+04
1.134897507770718585e+04
1.153249495607868448e+04
1.172090755599424483e+04
1.191421278730535960e+04
1.211241055752240391e+04
1.231550077181395864e+04
1.252348333300695595e+04
1.273635814158706125e+04
1.295412509569852409e+04
1.317678409114349415e+04
1.340433502138345466e+04
1.363677777753764531e+04
1.387411224838410817e+04
8.100180008898329106e+03
8.102658179931418999e+03
8.110092691808479685e+03
8.122483540863147937e+03
8.139830720984718937e+03
8.162134223618522810e+03
8.189394037765016947e+03
8.221610149981112045e+03
8.258782544378884268e+03
8.300911202626555678e+03
8.347996103947707525e+03
8.400037225122066957e+03
8.457034540484832178e+03
8.518988021927005320e+03
8.585897638895288765e+03
8.657763358392268856e+03
8.734585144976146694e+03
8.816362960760860005e+03
8.903096765416079506e+03
8.994786516167361697e+03
9.091432167795839632e+03
9.193033672638497592e+03
9.299590980587821832e+03
9.411104039092455423e+03
9.527572793156346961e+03
9.648997185339643693e+03
9.775377155757723813e+03
9.906712642082084130e+03
1.004300357953964885e+04
1.018424990091367908e+04
1.033045153654226488e+04
1.048160841432013513e+04
1.063772045969706960e+04
1.079878759567911038e+04
1.096480974282765965e+04
1.113578681925999626e+04
1.131171874064928852e+04
1.149260542022413210e+04
1.167844676876916310e+04
1.186924269462459415e+04
1.206499310368644728e+04
1.226569789940640476e+04
1.247135698279180360e+04
1.268197025240624498e+04
1.289753760436815355e+04
1.311805893235267285e+04
1.334353412759007006e+04
1.357396307886635077e+04
1.380934567252362831e+04
1.404968179245952342e+04
8.202371227239420477e+03
8.204880651608958942e+03
8.212408923441898878e+03
8.224956038910970165e+03
8.242521991637848259e+03
8.265106772692699451e+03
8.292710370593908010e+03
8.325332771308922020e+03
8.362973958253671299e+03
8.405633912292576497e+03
8.453312611738661872e+03
8.506010032353704446e+03
8.563726147347817459e+03
8.626460927380056091e+03
8.694214340557702599e+03
8.766986352436864763e+03
8.844776926022290354e+03
8.927586021767068814e+03
9.015413597573191510e+03
9.108259608791020582e+03
9.206124008219565440e+03
9.309006746106546416e+03
9.416907770148023701e+03
9.529827025489112202e+03
9.647764454723073868e+03
9.770719997891774256e+03
9.898693592486173657e+03
1.003168517344503562e+04
1.016969467315660404e+04
1.031272202145707161e+04
1.046076714563165842e+04
1.061382997041353883e+04
1.077191041798528204e+04
1.093500840797757155e+04
1.110312385746980544e+04
1.127625668098986898e+04
1.145440679051436382e+04
1.163757409546875897e+04
1.182575850272648131e+04
1.201895991661012886e+04
1.221717823889040665e+04
1.242041336878711809e+04
1.262866520296840099e+04
1.284193363555103497e+04
1.306021855810028319e+04
1.328351985963005609e+04
1.351183742660305143e+04
1.374517114293030318e+04
1.398352088997163810e+04
1.422688654653544836e+04
8.305502343916410609e+03
8.308043309268896337e+03
8.315666203994662283e+03
8.328371024099131319e+03
8.346157762924462077e+03
8.369026411149699925e+03
8.396976956790695112e+03
8.430009385200341057e+03
8.468123679068261481e+03
8.511319818421119635e+03
8.559597780622121718e+03
8.612957540371666255e+03
8.671399069706998489e+03
8.734922338001941171e+03
8.803527311967589412e+03
8.877213955651654032e+03
8.955982230438810802e+03
9.039832095050580392e+03
9.128763505545293810e+03
9.222776415318283398e+03
9.321870775101691834e+03
9.426046532964504877e+03
9.535303634312716895e+03
9.649642021888970703e+03
9.769061635772686714e+03
9.893562413380777798e+03
1.002314428946647240e+04
1.015780719611992390e+04
1.029755106276843435e+04
1.044237581617577780e+04
1.059228138044287880e+04
1.074726767700766140e+04
1.090733462464459080e+04
1.107248213946513715e+04
1.124271013491761551e+04
1.141801852178734043e+04
1.159840720819647686e+04
1.178387609960380723e+04
1.197442509880534089e+04
1.217005410593378656e+04
1.237076301845862326e+04
1.257655173118640414e+04
1.278742013626060725e+04
1.300336812316102987e+04
1.322439557870514727e+04
1.345050238704675394e+04
1.368168842967672026e+04
1.391795358542268877e+04
1.415929773044922513e+04
1.440572073825781808e+04
8.409571483179510324e+03
8.412144276474198705e+03
8.419862654968406787e+03
8.432726614492783483e+03
8.450736148098258127e+03
8.473891246056155069e+03
8.502191895858193675e+03
8.535638082216413750e+03
8.574229787063170079e+03
8.617966989551556253e+03
8.666849666054607951e+03
8.720877790166052364e+03
8.780051332699713384e+03
8.844370261690073676e+03
8.913834542391819923e+03
8.988444137280112045e+03
9.068199006050386743e+03
9.153099105618517569e+03
9.243144390120733078e+03
9.338334810913769616e+03
9.438670316574567551e+03
9.544150852900505924e+03
9.654776362909387899e+03
9.770546786839227934e+03
9.891462062148775658e+03
1.001752212351675553e+04
1.014872690284263081e+04
1.028507632924583959e+04
1.042657032906648419e+04
1.057320882586509470e+04
1.072499174042241066e+04
1.088191899073975401e+04
1.104399049203834693e+04
1.121120615676030320e+04
1.138356589456801339e+04
1.156106961234407572e+04
1.174371721419159621e+04
1.193150860143396130e+04
1.212444367261499247e+04
1.232252232349909173e+04
1.252574444707064140e+04
1.273410993353468257e+04
1.294761867031669135e+04
1.316627054206219327e+04
1.339006543063722711e+04
1.361900321512841037e+04
1.385308377184264828e+04
1.409230697430712098e+04
1.433667269326952010e+04
1.458618079669774124e+04
8.514578263051665999e+03
8.517183170547279587e+03
8.524997891583590899e+03
8.538022421808969739e+03
8.556256753970728823e+03
8.579700877915001911e+03
8.608354780587091227e+03
8.642218446030899941e+03
8.681291855389417833e+03
8.725574986904726757e+03
8.775067815917433109e+03
8.829770314867346315e+03
8.889682453293062281e+03
8.954804197832307182e+03
9.025135512221444515e+03
9.100676357295924390e+03
9.181426690990103452e+03
9.267386468337197584e+03
9.358555641469365582e+03
9.454934159617816476e+03
9.556521969112320221e+03
9.663319013382078992e+03
9.775325232954779494e+03
9.892540565457238699e+03
1.001496494561524742e+04
1.014259830525315920e+04
1.027544057329472162e+04
1.041349167576239233e+04
1.055675153577741730e+04
1.070522007356013637e+04
1.085889720642967404e+04
1.101778284880439605e+04
1.118187691220108172e+04
1.135117930523582254e+04
1.152568993362357651e+04
1.170540870017786438e+04
1.189033550481175007e+04
1.208047024453662743e+04
1.227581281346321339e+04
1.247636310280108773e+04
1.268212100085823658e+04
1.289308639304249482e+04
1.310925916185980532e+04
1.333063918691527761e+04
1.355722634491318422e+04
1.378902050965651506e+04
1.402602155204696464e+04
1.426822934008578159e+04
1.451564373887231341e+04
1.476826461060530346e+04
8.620521582020350252e+03
8.623158889155660290e+03
8.631070809047892908e+03
8.644257337155371715e+03
8.662718465908823418e+03
8.686454184711275957e+03
8.715464479938076693e+03
8.749749334936799642e+03
8.789308730027376441e+03
8.834142642501887167e+03
8.884251046624853188e+03
8.939633913633049815e+03
9.000291211735542674e+03
9.066222906113618592e+03
9.137428958920925652e+03
9.213909329283447732e+03
9.295663973299308054e+03
9.382692844038994735e+03
9.474995891545442646e+03
9.572573062833575023e+03
9.675424301890870993e+03
9.783549549676990864e+03
9.896948744123770666e+03
1.001562182013556958e+04
1.013956870958888067e+04
1.026878934133257280e+04
1.040328364118772697e+04
1.054305153194779086e+04
1.068809293337828058e+04
1.083840776221753367e+04
1.099399593217557049e+04
1.115485735393485811e+04
1.132099193515053594e+04
1.149239958044965169e+04
1.166908019143162710e+04
1.185103366666817237e+04
1.203825990170344085e+04
1.223075878905350146e+04
1.242853021820709182e+04
1.263157407562516710e+04
1.283989024474074904e+04
1.305347860595944985e+04
1.327233903665902835e+04
1.349647141118953186e+04
1.372587560087322345e+04
1.396055147400473652e+04
1.420049889585114579e+04
1.444571772865159255e+04
1.469620783161750842e+04
1.495196906093254438e+04
8.727398651685196455e+03
8.730068642956097392e+03
8.738078615189124321e+03
8.751428563644594760e+03
8.770118480423130677e+03
8.794148354465922239e+03
8.823518171554042056e+03
8.858227914309167318e+03
8.898277562192939513e+03
8.943667091507677469e+03
8.994396475395660673e+03
9.050465683839471239e+03
9.111874683662146708e+03
9.178623438526868995e+03
9.250711908937168118e+03
9.328140052236827614e+03
9.410907822609904542e+03
9.499015171080676737e+03
9.592462045513835619e+03
9.691248390614229720e+03
9.795374147927077502e+03
9.904839255837865494e+03
1.001964364957226826e+04
1.013978726119633757e+04
1.026527001961638598e+04
1.039609185057891773e+04
1.053225267667085063e+04
1.067375241731936876e+04
1.082059098879191515e+04
1.097276830419605176e+04
1.113028427347990146e+04
1.129313880343162600e+04
1.146133179767980437e+04
1.163486315669327632e+04
1.181373277778106967e+04
1.199794055509263126e+04
1.218748637961759050e+04
1.238237013918584671e+04
1.258259171846786194e+04
1.278815099897368236e+04
1.299904785905459903e+04
1.321528217390133796e+04
1.343685381554534251e+04
1.366376265285824411e+04
1.389600855155193494e+04
1.413359137417857346e+04
1.437651098013058436e+04
1.462476722564080410e+04
1.487835996378240998e+04
1.513728904446816159e+04
8.835205950684970958e+03
8.837908909506571945e+03
8.846017784322573789e+03
8.859532570187146121e+03
8.878453258856930915e+03
8.902779838791160728e+03
8.932512295151886065e+03
8.967650609803853513e+03
9.008194761314294738e+03
9.054144724953288460e+03
9.105500472693505799e+03
9.162261973210244832e+03
9.224429191881577935e+03
9.292002090788249916e+03
9.364980628713359692e+03
9.443364761143206124e+03
9.527154440266371239e+03
9.616349614974220458e+03
9.710950230860627926e+03
9.810956230222473096e+03
9.916367552059076843e+03
1.002718413207245794e+04
1.014340590266730578e+04
1.026503279295078210e+04
1.039206472873327948e+04
1.052450163252736638e+04
1.066234342354831278e+04
1.080559001771401563e+04
1.095424132764545357e+04
1.110829726266607940e+04
1.126775772880167460e+04
1.143262262878094225e+04
1.160289186203537247e+04
1.177856532469907870e+04
1.195964290960849576e+04
1.214612450630329477e+04
1.233801000102539547e+04
1.253529927671941914e+04
1.273799221303291597e+04
1.294608868631583755e+04
1.315958856962098798e+04
1.337849173270357460e+04
1.360279804202188279e+04
1.383250736073644839e+04
1.406761954871088528e+04
1.430813446251083042e+04
1.455405195540553541e+04
1.480537187736611668e+04
1.506209407506639764e+04
1.532421839188342892e+04
8.943938197683943145e+03
8.946674406123254812e+03
8.954883029720993363e+03
8.968564063315701787e+03
8.987717498305755726e+03
9.012343322648272078e+03
9.042441520859862067e+03
9.078012074016138286e+03
9.119054959752171271e+03
9.165570152262223928e+03
9.217557622299485956e+03
9.275017337176828732e+03
9.337949260766019506e+03
9.406353353498161596e+03
9.480229572363668922e+03
9.559577870911918581e+03
9.644398199251932965e+03
9.734690504051513926e+03
9.830454728537953997e+03
9.931690812497739898e+03
1.003839869227643612e+04
1.015057830077913968e+04
1.026822956746976524e+04
1.039135241837205649e+04
1.051994677606815821e+04
1.065401255970004968e+04
1.079354968496878973e+04
1.093855806413459140e+04
1.108903760601720023e+04
1.124498821599490839e+04
1.140640979600599712e+04
1.157330224454737254e+04
1.174566545667570063e+04
1.192349932400649413e+04
1.210680373471450366e+04
1.229557857353393047e+04
1.248982372175798082e+04
1.268953905723924436e+04
1.289472445438938485e+04
1.310537978417960403e+04
1.332150491413972304e+04
1.354309970835962849e+04
1.377016402748752989e+04
1.400269772873154216e+04
1.424070066585894347e+04
1.448417268919570233e+04
1.473311364562762901e+04
1.498752337859953695e+04
1.524740172811501179e+04
1.551274853073785562e+04
9.053588599330396391e+03
9.056358337862964618e+03
9.064667551665592327e+03
9.078516235352859439e+03
9.097904379949037320e+03
9.122831972888092423e+03
9.153298998013837263e+03
9.189305435579664845e+03
9.230851262248810599e+03
9.277936451093977666e+03
9.330560971597946264e+03
9.388724789652958862e+03
9.452427867561103994e+03
9.521670164033934270e+03
9.596451634193121208e+03
9.676772229569829506e+03
9.762631898104889842e+03
9.854030584148935304e+03
9.950968228462215848e+03
1.005344476821490753e+04
1.016146013698683782e+04
1.027501426476730194e+04
1.039410707795567214e+04
1.051873849936085571e+04
1.064890844820123129e+04
1.078461684010547651e+04
1.092586358711150751e+04
1.107264859766723930e+04
1.122497177662997638e+04
1.138283302526709485e+04
1.154623224125551496e+04
1.171516931868185020e+04
1.188964414804240732e+04
1.206965661624349195e+04
1.225520660660072281e+04
1.244629399883986844e+04
1.264291866909585769e+04
1.284508048991384931e+04
1.305277933024838967e+04
1.326601505546394401e+04
1.348478752733475085e+04
1.370909660404443821e+04
1.393894214018670573e+04
1.417432398676464800e+04
1.441524199119150217e+04
1.466169599728982575e+04
1.491368584529186592e+04
1.517121137184009604e+04
1.543427240998607886e+04
1.570286878919159790e+04
9.164150636458505687e+03
9.166954183854235453e+03
9.175364824168278574e+03
9.189382551781553047e+03
9.209007357328724538e+03
9.234239227698481045e+03
9.265078146033374651e+03
9.301524091729712381e+03
9.343577040437972755e+03
9.391236964062196421e+03
9.444503830760633718e+03
9.503377604945209896e+03
9.567858247281908916e+03
9.637945714690393288e+03
9.713639960344380597e+03
9.794940933671681705e+03
9.881848580353485886e+03
9.974362842325186648e+03
1.007248365777619802e+04
1.017621096114968714e+04
1.028554468314261248e+04
1.040048475070602763e+04
1.052103108704469923e+04
1.064718361161726534e+04
1.077894224013660642e+04
1.091630688456924327e+04
1.105927745313541345e+04
1.120785385030952420e+04
1.136203597681984866e+04
1.152182372964845490e+04
1.168721700203142609e+04
1.185821568345856213e+04
1.203481965967368160e+04
1.221702881267462180e+04
1.240484302071278398e+04
1.259826215829374087e+04
1.279728609617692746e+04
1.300191470137542638e+04
1.321214783715663543e+04
1.342798536304152003e+04
1.364942713480521343e+04
1.387647300447618727e+04
1.410912282033753763e+04
1.434737642692577174e+04
1.459123366503141915e+04
1.484069437169902449e+04
1.509575838022677272e+04
1.535642552016724949e+04
1.562269561732591683e+04
1.589456849376316859e+04
9.275619880630605621e+03
9.278457513928136905e+03
9.286970411866339418e+03
9.301158568582612133e+03
9.321021974305571348e+03
9.346560615355541813e+03
9.377774474144340275e+03
9.414663529175224539e+03
9.457227755042935314e+03
9.505467122433741679e+03
9.559381598125506571e+03
9.618971144987426669e+03
9.684235721980370727e+03
9.755175284156621274e+03
9.831789782660014680e+03
9.914079164725801093e+03
1.000204337368074812e+04
1.009568234894337911e+04
1.019499602602324194e+04
1.029998433652182575e+04
1.041064720813195345e+04
1.052698456463796538e+04
1.064899632591573209e+04
1.077668240793248879e+04
1.091004272274714458e+04
1.104907717851013695e+04
1.119378567946311341e+04
1.134416812593955547e+04
1.150022441436438748e+04
1.166195443725382574e+04
1.182935808321599325e+04
1.200243523695000113e+04
1.218118577924694000e+04
1.236560958698911782e+04
1.255570653315044183e+04
1.275147648679611302e+04
1.295291931308338462e+04
1.316003487326042887e+04
1.337282302466731744e+04
1.359128362073518838e+04
1.381541651098715738e+04
1.404522154103763933e+04
1.428069855259263932e+04
1.452184738344938887e+04
1.476866786749708990e+04
1.502115983471579239e+04
1.527932311117789686e+04
1.554315751904641729e+04
1.581266287657672365e+04
1.608783899811472293e+04
9.387991932368777270e+03
9.390863926749640086e+03
9.399479907853370605e+03
9.413839869563389584e+03
9.433943801685396465e+03
9.459791689947413033e+03
9.491383515999663359e+03
9.528719257414573804e+03
9.571798887687160459e+03
9.620622376234374315e+03
9.675189688395637859e+03
9.735500785432654084e+03
9.801555624529290071e+03
9.873354158791775262e+03
9.950896337248612326e+03
1.003418210485051532e+04
1.012321140247073890e+04
1.021798416690429258e+04
1.031850033086910480e+04
1.042475982300485703e+04
1.053676256787381681e+04
1.065450848596045398e+04
1.077799749367128788e+04
1.090722950333565677e+04
1.104220442320464281e+04
1.118292215745176145e+04
1.132938260617296146e+04
1.148158566538647028e+04
1.163953122703249755e+04
1.180321917897382809e+04
1.197264940499553632e+04
1.214782178480459152e+04
1.232873619403077646e+04
1.251539250422570149e+04
1.270779058286355757e+04
1.290593029334073981e+04
1.310981149497570186e+04
1.331943404300962720e+04
1.353479778860552506e+04
1.375590257884906896e+04
1.398274825674775457e+04
1.421533466123188737e+04
1.445366162715352766e+04
1.469772898528754013e+04
1.494753656233062065e+04
1.520308418090189662e+04
1.546437165954299962e+04
1.573139881271739068e+04
1.600416545081118966e+04
1.628267138013294789e+04
9.501261294341096800e+03
9.504167923020835588e+03
9.512887806932933017e+03
9.527420939696336063e+03
9.547767310675984845e+03
9.573926904982688939e+03
9.605899703472952751e+03
9.643685682749908665e+03
9.687284815161774532e+03
9.736697068803361617e+03
9.791922407515168743e+03
9.852960790883609661e+03
9.919812174241276807e+03
9.992476508666375594e+03
1.007095374098317552e+04
1.015524381376205019e+04
1.024534666531932635e+04
1.034126222971690368e+04
1.044299043676301153e+04
1.055053121201156864e+04
1.066388447676263240e+04
1.078305014806232975e+04
1.090802813870216960e+04
1.103881835722025608e+04
1.117542070790022990e+04
1.131783509077179951e+04
1.146606140161065923e+04
1.162009953193834554e+04
1.177994936902238442e+04
1.194561079587644235e+04
1.211708369125979880e+04
1.229436792967787005e+04
1.247746338138191823e+04
1.266636991236934227e+04
1.286108738438330511e+04
1.306161565491296096e+04
1.326795457719329897e+04
1.348010400020560519e+04
1.369806376867662402e+04
1.392183372307954414e+04
1.415141369963301622e+04
1.438680353030198057e+04
1.462800304279729244e+04
1.487501206057550007e+04
1.512783040283920855e+04
1.538645788453747264e+04
1.565089431636442896e+04
1.592113950476080572e+04
1.619719325191272219e+04
1.647905535575288741e+04
9.615421494045298459e+03
9.618363028153529740e+03
9.627187628259283883e+03
9.641895287705892770e+03
9.662485995398887098e+03
9.688959735806027311e+03
9.721316488957312686e+03
9.759556230444899484e+03
9.803678931423215545e+03
9.853684558608809311e+03
9.909573074280577202e+03
9.971344436279536239e+03
1.003899859800886406e+04
1.011253550843427183e+04
1.019195511208325479e+04
1.027725734904576348e+04
1.036844215497383993e+04
1.046550946108194148e+04
1.056845919414672608e+04
1.067729127650667033e+04
1.079200562606312451e+04
1.091260215627880825e+04
1.103908077617961681e+04
1.117144139035281114e+04
1.130968389894852953e+04
1.145380819767850335e+04
1.160381417781741220e+04
1.175970172620137964e+04
1.192147072522933195e+04
1.208912105286208316e+04
1.226265258262295356e+04
1.244206518359707479e+04
1.262735872043193376e+04
1.281853305333766002e+04
1.301558803808597986e+04
1.321852352601126768e+04
1.342733936400979110e+04
1.364203539454054771e+04
1.386261145562374077e+04
1.408906738084313838e+04
1.432140299934356699e+04
1.455961813583280673e+04
1.480371261058022901e+04
1.505368623941815895e+04
1.530953883374058933e+04
1.557127020050408282e+04
1.583888014222687343e+04
1.611236845699007245e+04
1.639173493843645701e+04
1.667697937577122502e+04
9.730464734027502345e+03
9.733441442313127482e+03
9.742371564855526231e+03
9.757255094710784761e+03
9.778092020305999540e+03
9.804882325438824410e+03
9.837625989277890767e+03
9.876322986362576557e+03
9.920973286603042652e+03
9.971576855280203745e+03
1.002813365304579384e+04
1.009064363592244626e+04
1.015910675530343178e+04
1.023352295795283862e+04
1.031389218600558343e+04
1.040021437696759676e+04
1.049248946371502279e+04
1.059071737449539796e+04
1.069489803292685792e+04
1.080503135799813208e+04
1.092111726406892558e+04
1.104315566086984290e+04
1.117114645350208411e+04
1.130508954243775042e+04
1.144498482351953862e+04
1.159083218796119218e+04
1.174263152234721019e+04
1.190038270863290927e+04
1.206408562414405060e+04
1.223374014157767851e+04
1.240934612900142929e+04
1.259090344985353659e+04
1.277841196294328620e+04
1.297187152245070683e+04
1.317128197792665924e+04
1.337664317429266703e+04
1.358795495184093306e+04
1.380521714623478147e+04
1.402842958850843934e+04
1.425759210506620002e+04
1.449270451768385647e+04
1.473376664350788087e+04
1.498077829505511181e+04
1.523373928021374013e+04
1.549264940224232487e+04
1.575750845977048084e+04
1.602831624679856759e+04
1.630507255269761299e+04
1.658777716220962975e+04
1.687642985544728799e+04
9.846380224013993939e+03
9.849392372260732373e+03
9.858428814586470253e+03
9.873489543748404685e+03
9.894574547674892528e+03
9.921683809465814193e+03
9.954817307392242583e+03
9.993975014896781431e+03
1.003915690059348708e+04
1.009036292826738099e+04
1.014759305687535561e+04
1.021084724054533945e+04
1.028012542857682820e+04
1.035542756544055010e+04
1.043675359077875873e+04
1.052410343940497660e+04
1.061747704130410420e+04
1.071687432163230369e+04
1.082229520071731167e+04
1.093373959405835194e+04
1.105120741232546243e+04
1.117469856136085582e+04
1.130421294217724972e+04
1.143975045095946007e+04
1.158131097906319519e+04
1.172889441301587431e+04
1.188250063451611459e+04
1.204212952043402220e+04
1.220778094281073754e+04
1.237945476885912831e+04
1.255715086096347477e+04
1.274086907667916967e+04
1.293060926873295102e+04
1.312637128502334781e+04
1.332815496861993233e+04
1.353596015776361128e+04
1.374978668586686581e+04
1.396963438151328774e+04
1.419550306845818886e+04
1.442739256562792070e+04
1.466530268712040197e+04
1.490923324220496579e+04
1.515918403532198863e+04
1.541515486608363972e+04
1.567714552927342629e+04
1.594515581484574795e+04
1.621918550792709721e+04
1.649923438881493712e+04
1.678530223297730117e+04
1.707738881105524342e+04
9.963156087408682652e+03
9.966203938166321677e+03
9.975347487921075299e+03
9.990586729118338553e+03
1.001192164916729598e+04
1.003935223044057602e+04
1.007287845027462936e+04
1.011250028096935603e+04
1.015821768978848195e+04
1.021003063895917330e+04
1.026793908567246217e+04
1.033194298208282635e+04
1.040204227530830394e+04
1.047823690743083171e+04
1.056052681549605586e+04
1.064891193151258085e+04
1.074339218245359007e+04
1.084396749025518147e+04
1.095063777181750629e+04
1.106340293900393590e+04
1.118226289864196588e+04
1.130721755252231196e+04
1.143826679739966858e+04
1.157541052499217039e+04
1.171864862198147785e+04
1.186798097001315000e+04
1.202340744569634444e+04
1.218492792060366446e+04
1.235254226127138645e+04
1.252625032919953264e+04
1.270605198085195298e+04
1.289194706765541378e+04
1.308393543600118392e+04
1.328201692724375425e+04
1.348619137770121233e+04
1.369645861865516599e+04
1.391281847635142731e+04
1.413527077199887572e+04
1.436381532177013833e+04
1.459845193680166631e+04
1.483918042319343476e+04
1.508600058200878811e+04
1.533891220927527320e+04
1.559791509598380799e+04
1.586300902808867795e+04
1.613419378650814906e+04
1.641146914712377838e+04
1.669483488078155278e+04
1.698429075328992258e+04
1.727983652542206983e+04
1.008078184759870055e+04
1.008386566021385988e+04
1.009311709543279358e+04
1.010853614537654721e+04
1.013012279691319418e+04
1.015787703165801759e+04
1.019179882597378128e+04
1.023188815097034785e+04
1.027814497250471868e+04
1.033056925118144864e+04
1.038916094235192577e+04
1.045391999611532265e+04
1.052484635731752860e+04
1.060193996555214289e+04
1.068520075515956160e+04
1.077462865522784341e+04
1.087022358959203848e+04
1.097198547683471224e+04
1.107991423028518875e+04
1.119400975802053290e+04
1.131427196286479921e+04
1.144070074238948109e+04
1.157329598891328715e+04
1.171205758950183372e+04
1.185698542596848347e+04
1.200807937487350864e+04
1.216533930752469496e+04
1.232876508997666497e+04
1.249835658303186392e+04
1.267411364223949022e+04
1.285603611789633760e+04
1.304412385504618578e+04
1.323837669348002601e+04
1.343879446773659402e+04
1.364537700710131139e+04
1.385812413560718960e+04
1.407703567203422244e+04
1.430211142991000452e+04
1.453335121750895632e+04
1.477075483785317010e+04
1.501432208871165130e+04
1.526405276260099163e+04
1.551994664678454683e+04
1.578200352327348810e+04
1.605022316882574705e+04
1.632460535494707619e+04
1.660514984788975926e+04
1.689185640865374080e+04
1.718472479298634426e+04
1.748375475138194088e+04
1.019924809355696561e+04
1.020236812416290741e+04
1.021172821324148572e+04
1.022732835257564511e+04
1.024916852846994698e+04
1.027724872175106975e+04
1.031156890776742330e+04
1.035212905638934353e+04
1.039892913200886505e+04
1.045196909354024137e+04
1.051124889441947198e+04
1.057676848260416591e+04
1.064852780057412929e+04
1.072652678533086146e+04
1.081076536839782420e+04
1.090124347582051632e+04
1.099796102816586972e+04
1.110091794052315527e+04
1.121011412250322792e+04
1.132554947823897783e+04
1.144722390638488287e+04
1.157513730011775442e+04
1.170928954713599524e+04
1.184968052965996321e+04
1.199631012443182954e+04
1.214917820271557503e+04
1.230828463029721752e+04
1.247362926748466271e+04
1.264521196910747312e+04
1.282303258451740112e+04
1.300709095758770673e+04
1.319738692671391254e+04
1.339392032481312890e+04
1.359669097932427030e+04
1.380569871220867208e+04
1.402094333994894805e+04
1.424242467354974906e+04
1.447014251853776477e+04
1.470409667496126713e+04
1.494428693739094524e+04
1.519071309491869215e+04
1.544337493115888901e+04
1.570227222424705360e+04
1.596740474684171750e+04
1.623877226612178856e+04
1.651637454378927214e+04
1.680021133606745207e+04
1.709028239370218216e+04
1.738658746196021457e+04
1.768912628063086959e+04
1.031854535546536499e+04
1.032170185696933549e+04
1.033117135862479154e+04
1.034695385186254680e+04
1.036904932240031485e+04
1.039745775024338582e+04
1.043217910968375327e+04
1.047321336930084180e+04
1.052056049196119056e+04
1.057422043481847140e+04
1.063419314931335612e+04
1.070047858117391115e+04
1.077307667041539753e+04
1.085198735133985792e+04
1.093721055253687700e+04
1.102874619688297207e+04
1.112659420154189684e+04
1.123075447796471417e+04
1.134122693188927224e+04
1.145801146334073019e+04
1.158110796663171095e+04
1.171051633036161911e+04
1.184623643741701926e+04
1.198826816497186519e+04
1.213661138448704514e+04
1.229126596171082929e+04
1.245223175667835312e+04
1.261950862371228686e+04
1.279309641142208420e+04
1.297299496270450982e+04
1.315920411474341199e+04
1.335172369900995727e+04
1.355055354126231214e+04
1.375569346154596496e+04
1.396714327419340407e+04
1.418490278782420864e+04
1.440897180534534527e+04
1.463935012395070953e+04
1.487603753512151525e+04
1.511903382462613263e+04
1.536833877251986632e+04
1.562395215314548477e+04
1.588587373513261446e+04
1.615410328139842022e+04
1.642864054914692315e+04
1.670948528986900783e+04
1.699663724934331913e+04
1.729009616763535814e+04
1.758986177909840262e+04
1.789593381237136782e+04
1.043866496155586356e+04
1.044185818398727861e+04
1.045143784830277946e+04
1.046740394556642605e+04
1.048975646088516987e+04
1.051849537340831375e+04
1.055362065632827216e+04
1.059513227687989456e+04
1.064303019634091106e+04
1.069731437003171413e+04
1.075798474731535316e+04
1.082504127159775999e+04
1.089848388032737603e+04
1.097831250499552880e+04
1.106452707113627730e+04
1.115712749832626650e+04
1.125611370018486923e+04
1.136148558437427346e+04
1.147324305259947687e+04
1.159138600060782665e+04
1.171591431818978890e+04
1.184682788917833386e+04
1.198412659144923964e+04
1.212781029692094671e+04
1.227787887155469980e+04
1.243433217535425683e+04
1.259717006236625457e+04
1.276639238068014492e+04
1.294199897242803308e+04
1.312398967378445923e+04
1.331236431496722616e+04
1.350712272023633886e+04
1.370826470789476480e+04
1.391579009028820656e+04
1.412969867380487267e+04
1.434999025887615608e+04
1.457666463997573555e+04
1.480972160561994497e+04
1.504916093836838263e+04
1.529498241482277263e+04
1.554718580562787974e+04
1.580577087547097290e+04
1.607073738308251086e+04
1.634208508123492720e+04
1.661981371674422189e+04
1.690392303046822417e+04
1.719441275730848065e+04
1.749128262620827809e+04
1.779453236015433504e+04
1.810416167617525571e+04
1.055959790194670677e+04
1.056282809237669971e+04
1.057251866056102153e+04
1.058866959718170619e+04
1.061128088670928628e+04
1.064035250740255287e+04
1.067588443130822816e+04
1.071787662426125644e+04
1.076632904588495876e+04
1.082124164959069822e+04
1.088261438257806367e+04
1.095044718583471877e+04
1.102473999413662932e+04
1.110549273604813970e+04
1.119270533392129073e+04
1.128637770389665639e+04
1.138650975590303460e+04
1.149310139365722171e+04
1.160615251466424525e+04
1.172566301021735489e+04
1.185163276539803155e+04
1.198406165907590548e+04
1.212294956390852894e+04
1.226829634634229114e+04
1.242010186661089756e+04
1.257836597873711071e+04
1.274308853053131861e+04
1.291426936359206047e+04
1.309190831330647597e+04
1.327600520884978687e+04
1.346655987318490588e+04
1.366357212306350812e+04
1.386704176902518702e+04
1.407696861539769452e+04
1.429335246029730479e+04
1.451619309562799208e+04
1.474549030708211103e+04
1.498124387414046942e+04
1.522345357007172061e+04
1.547211916193282377e+04
1.572724041056888564e+04
1.598881707061316956e+04
1.625684889048716286e+04
1.653133561240065319e+04
1.681227697235135565e+04
1.709967270012536392e+04
1.739352251929752310e+04
1.769382614722932703e+04
1.800058329507191957e+04
1.831379366776370080e+04
1.068133148226138474e+04
1.068459888391805544e+04
1.069440108564981529e+04
1.071073807774121087e+04
1.073360984400024608e+04
1.076301636175799104e+04
1.079895760186862753e+04
1.084143352870948183e+04
1.089044410018110830e+04
1.094598926770716753e+04
1.100806897623442637e+04
1.107668316423306896e+04
1.115183176369608555e+04
1.123351470013987273e+04
1.132173189260379331e+04
1.141648325365046367e+04
1.151776868936576648e+04
1.162558809935861427e+04
1.173994137676110404e+04
1.186082840822837170e+04
1.198824907393880858e+04
1.212220324759429423e+04
1.226269079641921599e+04
1.240971158116152219e+04
1.256326545609226741e+04
1.272335226900569614e+04
1.288997186121900995e+04
1.306312406757297140e+04
1.324280871643107639e+04
1.342902562968007805e+04
1.362177462272992125e+04
1.382105550451402996e+04
1.402686807748856700e+04
1.423921213763272499e+04
1.445808747444940855e+04
1.468349387096418468e+04
1.491543110372610136e+04
1.515389894280716908e+04
1.539889715180265739e+04
1.565042548783094389e+04
1.590848370153351607e+04
1.617307153707520229e+04
1.644418873214378254e+04
1.672183501795007032e+04
1.700601011922890393e+04
1.729671375423670906e+04
1.759394563475446557e+04
1.789770546608603399e+04
1.820799294705769353e+04
1.852480777001983370e+04
1.080384968043180561e+04
1.080715453189600339e+04
1.081706908291209766e+04
1.083359332335097315e+04
1.085672723633062196e+04
1.088647079821642728e+04
1.092282397862080325e+04
1.096578674040362421e+04
1.101535903967184458e+04
1.107154082577949339e+04
1.113433204132813080e+04
1.120373262216639887e+04
1.127974249739008883e+04
1.136236158934222294e+04
1.145158981361343285e+04
1.154742707904089548e+04
1.164987328770962449e+04
1.175892833495148261e+04
1.187459210934578914e+04
1.199686449271894162e+04
1.212574536014441583e+04
1.226123457994352430e+04
1.240333201368404480e+04
1.255203751618144815e+04
1.270735093549834892e+04
1.286927211294452354e+04
1.303780088307689766e+04
1.321293707369977710e+04
1.339468050586477511e+04
1.358303099387035218e+04
1.377798834526250539e+04
1.397955236083460841e+04
1.418772283462673477e+04
1.440249955392664560e+04
1.462388229926909844e+04
1.485187084443623462e+04
1.508646495645734831e+04
1.532766439560865911e+04
1.557546891541429977e+04
1.582987826264494834e+04
1.609089217731889221e+04
1.635851039270149340e+04
1.663273263530542681e+04
1.691355862489065839e+04
1.720098807446386854e+04
1.749502069027979087e+04
1.779565617183986251e+04
1.810289421189281711e+04
1.841673449643440108e+04
1.873717670470826488e+04
1.092713608535283674e+04
1.093047862039240135e+04
1.094050622199127611e+04
1.095721887958931438e+04
1.098061657558643310e+04
1.101069928534267638e+04
1.104746697717761526e+04
1.109091961237102987e+04
1.114105714516305488e+04
1.119787952275320640e+04
1.126138668530112773e+04
1.133157856592682401e+04
1.140845509070951812e+04
1.149201617868902758e+04
1.158226174186499156e+04
1.167919168519680716e+04
1.178280590660407688e+04
1.189310429696623396e+04
1.201008674012268784e+04
1.213375311287298609e+04
1.226410328497627233e+04
1.240113711915197746e+04
1.254485447107958862e+04
1.269525518939819085e+04
1.285233911570685450e+04
1.301610608456515729e+04
1.318655592349197468e+04
1.336368845296669861e+04
1.354750348642816425e+04
1.373800083027557230e+04
1.393518028386779406e+04
1.413904163952414274e+04
1.434958468252345119e+04
1.456680919110446303e+04
1.479071493646612544e+04
1.502130168276751829e+04
1.525856918712732477e+04
1.550251719962428251e+04
1.575314546329726181e+04
1.601045371414488727e+04
1.627444168112606349e+04
1.654510908615899825e+04
1.682245564412278327e+04
1.710648106285573886e+04
1.739718504315654354e+04
1.769456727878393212e+04
1.799862745645593168e+04
1.830936525585093477e+04
1.862678034960754303e+04
1.895087240332486545e+04
1.105117530381426150e+04
1.105455575146531010e+04
1.106469709074925413e+04
1.108159931065726232e+04
1.110526239284187432e+04
1.113568631161638223e+04
1.117287103395475788e+04
1.121681651949241677e+04
1.126752272052522130e+04
1.132498958201055393e+04
1.138921704156624946e+04
1.146020502947104978e+04
1.153795346866506043e+04
1.162246227474899206e+04
1.171373135598461522e+04
1.181176061329468575e+04
1.191654994026263557e+04
1.202809922313319112e+04
1.214640834081183129e+04
1.227147716486486752e+04
1.240330555951997303e+04
1.254189338166512789e+04
1.268724048084989954e+04
1.283934669928415497e+04
1.299821187183935399e+04
1.316383582604733783e+04
1.333621838210137867e+04
1.351535935285520827e+04
1.370125854382376929e+04
1.389391575318298601e+04
1.409333077176961524e+04
1.429950338308132450e+04
1.451243336327684119e+04
1.473212048117572158e+04
1.495856449825851087e+04
1.519176516866665770e+04
1.543172223920259967e+04
1.567843544932960140e+04
1.593190453117222205e+04
1.619212920951546585e+04
1.645910920180548055e+04
1.673284421814969392e+04
1.701333396131576592e+04
1.730057812673294393e+04
1.759457640249062752e+04
1.789532846934071131e+04
1.820283400069395793e+04
1.851709266262393430e+04
1.883810411386396663e+04
1.916586800580898853e+04
1.117595170030995178e+04
1.117937028474390536e+04
1.118962603422035863e+04
1.120671893726406233e+04
1.123064897474917780e+04
1.126141611989957346e+04
1.129902033828883214e+04
1.134346158784038926e+04
1.139473981882717089e+04
1.145285497387173200e+04
1.151780698794664204e+04
1.158959578837379922e+04
1.166822129482519267e+04
1.175368341932191106e+04
1.184598206623536498e+04
1.194511713228629014e+04
1.205108850654505659e+04
1.216389607043220167e+04
1.228353969771736411e+04
1.241001925452019350e+04
1.254333459931005200e+04
1.268348558290570872e+04
1.283047204847601643e+04
1.298429383153923845e+04
1.314495075996334526e+04
1.331244265396617266e+04
1.348676932611525990e+04
1.366793058132740589e+04
1.385592621686957136e+04
1.405075602235842780e+04
1.425241977975997543e+04
1.446091726339000161e+04
1.467624823991423000e+04
1.489841246834778940e+04
1.512740970005567397e+04
1.536323967875265771e+04
1.560590214050284885e+04
1.585539681372051746e+04
1.611172341916918958e+04
1.637488166996217842e+04
1.664487127156295901e+04
1.692169192178395679e+04
1.720534331078745890e+04
1.749582512108615265e+04
1.779313702754158658e+04
1.809727869736525463e+04
1.840824979011874166e+04
1.872604995771265021e+04
1.905067884440753187e+04
1.938213608681386904e+04
1.130145092524291249e+04
1.130490786600103092e+04
1.131527868428853799e+04
1.133256336814376118e+04
1.135676189763125876e+04
1.138787424484113762e+04
1.142590037388921155e+04
1.147084024091706488e+04
1.152269379409214343e+04
1.158146097360743988e+04
1.164714171168187386e+04
1.171973593255991909e+04
1.179924355251220368e+04
1.188566447983453145e+04
1.197899861484885696e+04
1.207924584990269068e+04
1.218640606936946824e+04
1.230047914964817755e+04
1.242146495916373715e+04
1.254936335836669059e+04
1.268417419973335745e+04
1.282589732776568781e+04
1.297453257899163327e+04
1.313007978196461954e+04
1.329253875726415936e+04
1.346190931749507945e+04
1.363819126728844822e+04
1.382138440330042249e+04
1.401148851421362451e+04
1.420850338073591956e+04
1.441242877560125635e+04
1.462326446356913220e+04
1.484101020142459856e+04
1.506566573797901219e+04
1.529723081406890014e+04
1.553570516255695111e+04
1.578108850833124598e+04
1.603338056830602909e+04
1.629258105142101340e+04
1.655868965864169513e+04
1.683170608295904458e+04
1.711163000939025733e+04
1.739846111497824313e+04
1.769219906879152404e+04
1.799284353192433628e+04
1.830039415749615728e+04
1.861485059065307723e+04
1.893621246856703874e+04
1.926447942043432704e+04
1.959965106747889149e+04
1.142765976306372977e+04
1.143115527525757534e+04
1.144164180768340520e+04
1.145911934787409336e+04
1.148358787505124747e+04
1.151504736012505782e+04
1.155349776569429741e+04
1.159893904604632553e+04
1.165137114715707867e+04
1.171079400669138158e+04
1.177720755400233975e+04
1.185061171013209423e+04
1.193100638781068847e+04
1.201839149145765441e+04
1.211276691718065558e+04
1.221413255277578537e+04
1.232248827772832556e+04
1.243783396321176406e+04
1.256016947208816782e+04
1.268949465890864303e+04
1.282580936991234921e+04
1.296911344302763246e+04
1.311940670787089402e+04
1.327668898574764535e+04
1.344096008965160217e+04
1.361221982426559407e+04
1.379046798596058034e+04
1.397570436279647765e+04
1.416792873452156164e+04
1.436714087257284154e+04
1.457334054007606028e+04
1.478652749184539061e+04
1.500670147438374079e+04
1.523386222588260352e+04
1.546800947622205058e+04
1.570914294697073819e+04
1.595726235138620905e+04
1.621236739441443751e+04
1.647445777268982783e+04
1.674353317453566706e+04
1.701959327996382854e+04
1.730263776067461731e+04
1.759266628005707389e+04
1.788967849318942172e+04
1.819367404683725908e+04
1.850465257945597841e+04
1.882261372118894724e+04
1.914755709386766466e+04
1.947948231101387864e+04
1.981838897783685024e+04
1.155456302532093105e+04
1.155809731909585025e+04
1.156870019608944312e+04
1.158637164330828818e+04
1.161111163909716561e+04
1.164292015313806951e+04
1.168179714645126842e+04
1.172774257139470501e+04
1.178075637166398337e+04
1.184083848229268733e+04
1.190798882965191297e+04
1.198220733145095983e+04
1.206349389673664518e+04
1.215184842589360414e+04
1.224727081064459890e+04
1.234976093404945095e+04
1.245931867050664187e+04
1.257594388575209086e+04
1.269963643685900934e+04
1.283039617223948881e+04
1.296822293164245821e+04
1.311311654615512089e+04
1.326507683820235252e+04
1.342410362154684299e+04
1.359019670128911093e+04
1.376335587386741645e+04
1.394358092705783747e+04
1.413087163997427888e+04
1.432522778306838518e+04
1.452664911812970240e+04
1.473513539828551620e+04
1.495068636800086279e+04
1.517330176307867259e+04
1.540298131065969756e+04
1.563972472922220368e+04
1.588353172858258586e+04
1.613440200989505865e+04
1.639233526565127977e+04
1.665733117968117585e+04
1.692938942715212033e+04
1.720850967456923900e+04
1.749469157977576469e+04
1.778793479195261898e+04
1.808823895161822293e+04
1.839560369062958853e+04
1.871002863218079074e+04
1.903151339080341131e+04
1.936005757236792488e+04
1.969566077408156343e+04
2.003832258449044093e+04
1.168213953189448694e+04
1.168571281091726632e+04
1.169643264347200784e+04
1.171429901601792699e+04
1.173931190598697503e+04
1.177147128178368439e+04
1.181077710278570157e+04
1.185722931934310509e+04
1.191082787277893294e+04
1.197157269538888613e+04
1.203946371044169973e+04
1.211450083217846441e+04
1.219668396581338675e+04
1.228601300753310534e+04
1.238248784449751838e+04
1.248610835483873416e+04
1.259687440766204782e+04
1.271478586304525925e+04
1.283984257203928792e+04
1.297204437666732701e+04
1.311139110992553469e+04
1.325788259578318139e+04
1.341151864918182036e+04
1.357229907603611173e+04
1.374022367323315484e+04
1.391529222863315772e+04
1.409750452106898956e+04
1.428686032034609889e+04
1.448335938724297557e+04
1.468700147351061423e+04
1.489778632187289986e+04
1.511571366602674971e+04
1.534078323064136384e+04
1.557299473135905464e+04
1.581234787479479564e+04
1.605884235853629070e+04
1.631247787114398307e+04
1.657325409215127365e+04
1.684117069206430097e+04
1.711622733236178465e+04
1.739842366549510189e+04
1.768775933488889859e+04
1.798423397494025266e+04
1.828784721101844116e+04
1.859859865946721766e+04
1.891648792760133801e+04
1.924151461370911420e+04
1.957367830705152301e+04
1.991297858786250072e+04
2.025941502734804089e+04
1.181036603871439183e+04
1.181397849962490909e+04
1.182481587765308541e+04
1.184287815868833604e+04
1.186816531921309979e+04
1.190067732630298815e+04
1.194041413762624870e+04
1.198737570144430720e+04
1.204156195661175843e+04
1.210297283257599156e+04
1.217160824937711004e+04
1.224746811764885024e+04
1.233055233861720444e+04
1.242086080410179784e+04
1.251839339651473892e+04
1.262314998886161811e+04
1.273513044474058552e+04
1.285433461834289483e+04
1.298076235445296334e+04
1.311441348844785716e+04
1.325528784629796064e+04
1.340338524456645609e+04
1.355870549040961669e+04
1.372124838157659178e+04
1.389101370640961795e+04
1.406800124384380979e+04
1.425221076340752370e+04
1.444364202522168307e+04
1.464229478000053496e+04
1.484816876905134995e+04
1.506126372427388560e+04
1.528157936816160145e+04
1.550911541380044764e+04
1.574387156486939784e+04
1.598584751564067119e+04
1.623504295097920112e+04
1.649145754634317564e+04
1.675509096778349340e+04
1.702594287194392382e+04
1.730401290606187104e+04
1.758930070796729342e+04
1.788180590608302009e+04
1.818152811942491098e+04
1.848846695760191142e+04
1.880262202081606301e+04
1.912399289986236181e+04
1.945257917612859092e+04
1.978838042159562247e+04
2.013139619883713749e+04
2.048162606102050631e+04
1.193921949823811701e+04
1.194287133083056142e+04
1.195382682370730799e+04
1.197208596216508704e+04
1.199764872169832051e+04
1.203051506800011339e+04
1.207068495696065293e+04
1.211815833466865479e+04
1.217293513741007337e+04
1.223501529166946966e+04
1.230439871412871435e+04
1.238108531166805369e+04
1.246507498136512913e+04
1.255636761049587767e+04
1.265496307653408257e+04
1.276086124715122060e+04
1.287406198021684213e+04
1.299456512379826199e+04
1.312237051616072313e+04
1.325747798576761306e+04
1.339988735127985819e+04
1.354959842155631122e+04
1.370661099565404584e+04
1.387092486282775462e+04
1.404253980253004920e+04
1.422145558441153844e+04
1.440767196832067930e+04
1.460118870430376955e+04
1.480200553260503148e+04
1.501012218366652814e+04
1.522553837812855090e+04
1.544825382682885538e+04
1.567826823080326903e+04
1.591558128128546377e+04
1.616019265970711058e+04
1.641210203769764848e+04
1.667130907708466839e+04
1.693781342989336554e+04
1.721161473834702701e+04
1.749271263486631869e+04
1.778110674207073316e+04
1.807679667277716362e+04
1.837978202999966015e+04
1.869006240695216547e+04
1.900763738704396746e+04
1.933250654388454495e+04
1.966466944127963143e+04
2.000412563323364520e+04
2.035087466394846342e+04
2.070491606782464441e+04
1.206867698059742543e+04
1.207236836797475553e+04
1.208344252500031325e+04
1.210189943635441523e+04
1.212773907650428919e+04
1.216096140970436500e+04
1.220156638999560528e+04
1.224955396120609839e+04
1.230492405695076741e+04
1.236767660063166295e+04
1.243781150543744297e+04
1.251532867434389118e+04
1.260022800011370236e+04
1.269250936529639694e+04
1.279217264222847916e+04
1.289921769303335532e+04
1.301364436962133732e+04
1.313545251368964273e+04
1.326464195672254755e+04
1.340121251999107699e+04
1.354516401455316554e+04
1.369649624125380251e+04
1.385520899072480461e+04
1.402130204338504882e+04
1.419477516944001218e+04
1.437562812888245389e+04
1.456386067149188966e+04
1.475947253683451163e+04
1.496246345426409971e+04
1.517283314292050454e+04
1.539058131173131369e+04
1.561570765941026548e+04
1.584821187445860778e+04
1.608809363516441590e+04
1.633535260960229607e+04
1.658998845563413124e+04
1.685200082090856813e+04
1.712138934286137373e+04
1.739815364871507700e+04
1.768229335547918527e+04
1.797380806994972954e+04
1.827269738871048685e+04
1.857896089813160143e+04
1.889259817436959565e+04
1.921360878336963651e+04
1.954199228086175208e+04
1.987774821236446951e+04
2.022087611318208292e+04
2.057137550840646509e+04
2.092924591291678735e+04
1.219871611902385666e+04
1.220244723760318630e+04
1.221364058802093132e+04
1.223229615431637285e+04
1.225841390988807689e+04
1.229199381749413078e+04
1.233303582925213959e+04
1.238153988663915152e+04
1.243750592049142688e+04
1.250093385100505293e+04
1.257182358773570741e+04
1.265017502959775265e+04
1.273598806486567446e+04
1.282926257117325440e+04
1.292999841551378813e+04
1.303819545423986347e+04
1.315385353306366233e+04
1.327697248705680977e+04
1.340755214065021937e+04
1.354559230763440246e+04
1.369109279115953905e+04
1.384405338373502127e+04
1.400447386722938427e+04
1.417235401287151399e+04
1.434769358124875362e+04
1.453049232230856978e+04
1.472074997535757211e+04
1.491846626906211168e+04
1.512364092144775896e+04
1.533627363989929290e+04
1.555636412116162501e+04
1.578391205133872609e+04
1.601891710589385730e+04
1.626137894965017949e+04
1.651129723678984010e+04
1.676867161085472981e+04
1.703350170474633705e+04
1.730578714072528965e+04
1.758552753041158212e+04
1.787272247478525242e+04
1.816737156418487939e+04
1.846947437830961644e+04
1.877903048621768176e+04
1.909603944632544881e+04
1.942050080641092791e+04
1.975241410361043745e+04
2.009177886441921146e+04
2.043859460469320766e+04
2.079286082964729940e+04
2.115457703385497371e+04
1.232931882185524410e+04
1.233308984198758117e+04
1.234440289684213531e+04
1.236325796979114421e+04
1.238965503312192595e+04
1.242359404803657162e+04
1.246507496465210352e+04
1.251409772200031512e+04
1.257066224802808028e+04
1.263476845959727689e+04
1.270641626248410284e+04
1.278560555138043674e+04
1.287233620989233350e+04
1.296660811054115038e+04
1.306842111476316859e+04
1.317777507290922222e+04
1.329466982424552589e+04
1.341910519695238690e+04
1.355108100812609882e+04
1.369059706377697694e+04
1.383765315883048606e+04
1.399224907712709864e+04
1.415438459142205829e+04
1.432405946338568901e+04
1.450127344360294046e+04
1.468602627157376082e+04
1.487831767571302953e+04
1.507814737335039899e+04
1.528551507073060020e+04
1.550042046301321716e+04
1.572286323427253228e+04
1.595284305749798114e+04
1.619035959459377591e+04
1.643541249637890724e+04
1.668800140258728425e+04
1.694812594186805654e+04
1.721578573178476290e+04
1.749098037881610071e+04
1.777370947835576590e+04
1.806397261471192905e+04
1.836176936110814495e+04
1.866709927968258853e+04
1.897996192148881892e+04
1.930035682649395312e+04
1.962828352358155826e+04
1.996374153054906128e+04
2.030673035410957891e+04
2.065724948989039331e+04
2.101529842243386884e+04
2.138087662519774312e+04
1.246046753062114476e+04
1.246427861657389258e+04
1.247571186865828531e+04
1.249476726955329832e+04
1.252144479039043290e+04
1.255574439075348891e+04
1.259766601867916870e+04
1.264720961065692427e+04
1.270437509162813149e+04
1.276916237498729424e+04
1.284157136258136234e+04
1.292160194470981514e+04
1.300925400012488353e+04
1.310452739603094051e+04
1.320742198808541980e+04
1.331793762039812100e+04
1.343607412553130052e+04
1.356183132450003905e+04
1.369520902677193953e+04
1.383620703026720912e+04
1.398482512135834986e+04
1.414106307487069535e+04
1.430492065408225244e+04
1.447639761072347574e+04
1.465549368497719661e+04
1.484220860547922348e+04
1.503654208931758694e+04
1.523849384203329646e+04
1.544806355761958548e+04
1.566525091852228434e+04
1.589005559563997849e+04
1.612247724832362292e+04
1.636251552437715873e+04
1.661017006005658914e+04
1.686544048007074889e+04
1.712832639758137884e+04
1.739882741420190723e+04
1.767694311999942511e+04
1.796267309349271454e+04
1.825601690165361288e+04
1.855697409990625601e+04
1.886554423212813344e+04
1.918172683064828379e+04
1.950552141624818250e+04
1.983692749816327705e+04
2.017594457408055678e+04
2.052257213013975343e+04
2.087680964093306102e+04
2.123865656950541234e+04
2.160811236735450439e+04
1.259214017750643143e+04
1.259599148638274892e+04
1.260754540699773861e+04
1.262680192130922842e+04
1.265376099924666596e+04
1.268842259871181886e+04
1.273078666557792894e+04
1.278085313369009236e+04
1.283862192486549247e+04
1.290409294889317061e+04
1.297726610353386968e+04
1.305814127452019056e+04
1.314671833555667035e+04
1.324299714831962228e+04
1.334697756245736855e+04
1.345865941558994018e+04
1.357804253330929532e+04
1.370512672917925556e+04
1.383991180473556960e+04
1.398239754948554037e+04
1.413258374090878533e+04
1.429047014445632158e+04
1.445605651355147893e+04
1.462934258958913779e+04
1.481032810193596561e+04
1.499901276793085890e+04
1.519539629288419746e+04
1.539947837007844100e+04
1.561125868076783263e+04
1.583073689417831883e+04
1.605791266750816249e+04
1.629278564592702060e+04
1.653535546257664100e+04
1.678562173857039670e+04
1.704358408299397706e+04
1.730924209290431827e+04
1.758259535333081658e+04
1.786364343727427695e+04
1.815238590570758606e+04
1.844882230757548314e+04
1.875295217979419249e+04
1.906477504725262406e+04
1.938429042281101647e+04
1.971149780730108250e+04
2.004639668952707507e+04
2.038898654626488496e+04
2.073926684226232101e+04
2.109723703023822236e+04
2.146289655088488144e+04
2.183624483286500254e+04
1.272431023832791652e+04
1.272820191899760721e+04
1.273987695474306747e+04
1.275933532677208859e+04
1.278657700376493267e+04
1.282160194187372326e+04
1.286441008472267276e+04
1.291500136340808604e+04
1.297337569649827492e+04
1.303953299003357279e+04
1.311347313752639820e+04
1.319519601996125857e+04
1.328470150579467736e+04
1.338198945095511226e+04
1.348705969884334445e+04
1.359991208033193288e+04
1.372054641376553263e+04
1.384896250496088578e+04
1.398516014720697422e+04
1.412913912126456671e+04
1.428089919536644993e+04
1.444044012521779587e+04
1.460776165399533966e+04
1.478286351234836002e+04
1.496574541839784797e+04
1.515640707773703252e+04
1.535484818343100596e+04
1.556106841601702581e+04
1.577506744350451481e+04
1.599684492137475900e+04
1.622640049258097861e+04
1.646373378754886653e+04
1.670884442417582250e+04
1.696173200783133871e+04
1.722239613135707259e+04
1.749083637506646483e+04
1.776705230674557970e+04
1.805104348165180636e+04
1.834280944251501569e+04
1.864234971953707645e+04
1.894966383039172797e+04
1.926475128022563513e+04
1.958761156165564898e+04
1.991824415477246293e+04
2.025664852713816799e+04
2.060282413378657293e+04
2.095677041722380454e+04
2.131848680742890065e+04
2.168797272185111069e+04
2.206522756541319904e+04
1.285694954575668271e+04
1.286088173852423643e+04
1.287267831030309571e+04
1.289233924152199506e+04
1.291986449956205797e+04
1.295525403875656957e+04
1.299850780039188612e+04
1.304962571270637818e+04
1.310860769089087262e+04
1.317545363708874538e+04
1.325016344039575779e+04
1.333273697686020932e+04
1.342317410948279212e+04
1.352147468821650909e+04
1.362763854996705959e+04
1.374166551859245010e+04
1.386355540490308158e+04
1.399330800666189134e+04
1.413092310858436031e+04
1.427640048233805283e+04
1.442973988654345339e+04
1.459094106677313539e+04
1.476000375555228493e+04
1.493692767235847896e+04
1.512171252362183259e+04
1.531435800272477718e+04
1.551486379000213310e+04
1.572322955274140986e+04
1.593945494518235682e+04
1.616353960851726333e+04
1.639548317089095872e+04
1.663528524740028661e+04
1.688294544009522724e+04
1.713846333797755506e+04
1.740183851700195737e+04
1.767307054007521219e+04
1.795215895705693401e+04
1.823910330475852606e+04
1.853390310694491563e+04
1.883655787433235673e+04
1.914706710458995076e+04
1.946543028233948644e+04
1.979164687915545073e+04
2.012571635356350089e+04
2.046763815104350215e+04
2.081741170402619900e+04
2.117503643189563081e+04
2.154051174098822230e+04
2.191383702459249253e+04
2.229501166294964423e+04
1.299002685943764845e+04
1.299399969570617941e+04
1.300591819771784685e+04
1.302578234509125286e+04
1.305359210385707593e+04
1.308934742645851657e+04
1.313304825175100632e+04
1.318469450500242601e+04
1.324428609789280563e+04
1.331182292851455350e+04
1.338730488137268003e+04
1.347073182738389187e+04
1.356210362387787427e+04
1.366142011459616333e+04
1.376868112969297363e+04
1.388388648573474347e+04
1.400703598570006216e+04
1.413812941897996643e+04
1.427716656137795326e+04
1.442414717510943410e+04
1.457907100880280814e+04
1.474193779749824171e+04
1.491274726264820492e+04
1.509149911211791914e+04
1.527819304018468392e+04
1.547282872753809534e+04
1.567540584127997681e+04
1.588592403492475569e+04
1.610438294839915761e+04
1.633078220804198463e+04
1.656512142660449172e+04
1.680740020325030491e+04
1.705761812355535585e+04
1.731577475950780354e+04
1.758186966950832721e+04
1.785590239836968249e+04
1.813787247731731259e+04
1.842777942398849336e+04
1.872562274243334105e+04
1.903140192311366263e+04
1.934511644290402546e+04
1.966676576509204824e+04
1.999634933937613823e+04
2.033386660186776498e+04
2.067931697509084188e+04
2.103269986798204627e+04
2.139401467588898595e+04
2.176326078057324412e+04
2.214043755020732715e+04
2.252554433937681824e+04
1.312350950246900538e+04
1.312752310445390867e+04
1.313956390333404124e+04
1.315963187788596224e+04
1.318772699273684702e+04
1.322384919836493646e+04
1.326799843109968970e+04
1.332017461312102569e+04
1.338037765246008348e+04
1.344860744299884027e+04
1.352486386447033874e+04
1.360914678245846153e+04
1.370145604839800944e+04
1.380179149957469599e+04
1.391015295912522197e+04
1.402654023603743917e+04
1.415095312514957550e+04
1.428339140715130816e+04
1.442385484858315613e+04
1.457234320183639829e+04
1.472885620515330629e+04
1.489339358262729183e+04
1.506595504420223006e+04
1.524654028567359273e+04
1.543514898868738783e+04
1.563178082074030681e+04
1.583643543518041952e+04
1.604911247120677763e+04
1.626981155386897626e+04
1.649853229406782339e+04
1.673527428855512335e+04
1.698003711993321122e+04
1.723282035665571675e+04
1.749362355302726792e+04
1.776244624920301794e+04
1.803928797118972579e+04
1.832414823084430463e+04
1.861702652587488774e+04
1.891792233984127233e+04
1.922683514215259493e+04
1.954376438807078739e+04
1.986870951870726640e+04
2.020166996102519261e+04
2.054264512783841565e+04
2.089163441781117217e+04
2.124863721545959197e+04
2.161365289115080304e+04
2.198668080110170922e+04
2.236772028738080917e+04
2.275677067790820729e+04
1.325736844957615722e+04
1.326142293049686850e+04
1.327358636589307571e+04
1.329385873366580563e+04
1.332223999698392981e+04
1.335873010428357156e+04
1.340332898926862981e+04
1.345603657091047899e+04
1.351685275344751426e+04
1.358577742638635755e+04
1.366281046450073154e+04
1.374795172783198359e+04
1.384120106168863094e+04
1.394255829664712110e+04
1.405202324855137340e+04
1.416959571851248256e+04
1.429527549290939169e+04
1.442906234338844661e+04
1.457095602686323764e+04
1.472095628551528534e+04
1.487906284679327837e+04
1.504527542341376466e+04
1.521959371336022923e+04
1.540201739988424379e+04
1.559254615150477184e+04
1.579117962200765032e+04
1.599791745044717572e+04
1.621275926114465801e+04
1.643570466368866255e+04
1.666675325293590504e+04
1.690590460900989274e+04
1.715315829730222322e+04
1.740851386847164758e+04
1.767197085844463800e+04
1.794352878841490019e+04
1.822318716484399556e+04
1.851094547946058810e+04
1.880680320926133572e+04
1.911075981650992617e+04
1.942281474873804473e+04
1.974296743874371532e+04
2.007121730459433093e+04
2.040756374962377959e+04
2.075200616243273544e+04
2.110454391689048134e+04
2.146517637213340277e+04
2.183390287256558440e+04
2.221072274785819900e+04
2.259563531295013308e+04
2.298863986804826709e+04
1.339157846623947989e+04
1.339567393052667830e+04
1.340796031571881031e+04
1.342843759880778089e+04
1.345710574144656312e+04
1.349396468994958377e+04
1.353901437529240502e+04
1.359225471311166621e+04
1.365368560370529849e+04
1.372330693203275587e+04
1.380111856771426028e+04
1.388712036503162926e+04
1.398131216292760291e+04
1.408369378500636594e+04
1.419426503953347128e+04
1.431302571943532166e+04
1.443997560229975898e+04
1.457511445037584963e+04
1.471844201057403188e+04
1.486995801446551013e+04
1.502966217828316076e+04
1.519755420292100644e+04
1.537363377393406336e+04
1.555790056153902333e+04
1.575035422061334066e+04
1.595099439069599612e+04
1.615982069598688395e+04
1.637683274534765587e+04
1.660203013230072247e+04
1.683541243502986617e+04
1.707697921638009575e+04
1.732673002385771179e+04
1.758466438963023393e+04
1.785078183052632812e+04
1.812508184803573386e+04
1.840756392831008270e+04
1.869822754216132307e+04
1.899707214506345917e+04
1.930409717715065199e+04
1.961930206321994774e+04
1.994268621272840392e+04
2.027424901979368951e+04
2.061398986319697360e+04
2.096190810637775212e+04
2.131800309743963953e+04
2.168227416914517744e+04
2.205472063891950893e+04
2.243534180884853413e+04
2.282413696567891748e+04
2.322110538081960840e+04
1.352611280569590235e+04
1.353024934856754589e+04
1.354265896919810075e+04
1.356334164363443051e+04
1.359229733195479639e+04
1.362952597826870260e+04
1.367502751071689636e+04
1.372880184147152249e+04
1.379084886673596520e+04
1.386116846674462977e+04
1.393976050576353919e+04
1.402662483209011589e+04
1.412176127805264514e+04
1.422516966001088258e+04
1.433684977835605423e+04
1.445680141751032897e+04
1.458502434592742247e+04
1.472151831609236615e+04
1.486628306452121251e+04
1.501931831176140440e+04
1.518062376239178411e+04
1.535019910502243511e+04
1.552804401229468567e+04
1.571415814088118168e+04
1.590854113148589022e+04
1.611119260884386858e+04
1.632211218172164990e+04
1.654129944291715583e+04
1.676875396925909808e+04
1.700447532160804622e+04
1.724846304485580185e+04
1.750071666792481119e+04
1.776123570376974749e+04
1.803001964937569210e+04
1.830706798575965877e+04
1.859238017796966960e+04
1.888595567508506792e+04
1.918779391021598713e+04
1.949789430050532246e+04
1.981625624712554054e+04
2.014287913528096396e+04
2.047776233420821154e+04
2.082090519717318602e+04
2.117230706147499222e+04
2.153196724844322671e+04
2.189988506343858535e+04
2.227605979585314344e+04
2.266049071911038482e+04
2.305317709066548559e+04
2.345411815200411002e+04
1.366093930719156015e+04
1.366511701355678633e+04
1.367765012434082018e+04
1.369853861460895496e+04
1.372778244280326908e+04
1.376538155074263159e+04
1.381133586362261667e+04
1.386564529001604205e+04
1.392830972187190673e+04
1.399932903451667698e+04
1.407870308665337689e+04
1.416643172036159194e+04
1.426251476109822215e+04
1.436695201769665255e+04
1.447974328236720430e+04
1.460088833069706379e+04
1.473038692164974782e+04
1.486823879756692077e+04
1.501444368416537145e+04
1.516900129053988167e+04
1.533191130916172006e+04
1.550317341587886585e+04
1.568278726991623626e+04
1.587075251387561002e+04
1.606706877373555108e+04
1.627173565885141215e+04
1.648475276195540573e+04
1.670611965915645487e+04
1.693583590994050246e+04
1.717390105717034385e+04
1.742031462708526669e+04
1.767507612930164032e+04
1.793818505681269744e+04
1.820964088598839226e+04
1.848944307657560057e+04
1.877759107169761774e+04
1.907408429785512635e+04
1.937892216492582520e+04
1.969210406616305772e+04
2.001362937819794752e+04
2.034349746103877624e+04
2.068170765806947384e+04
2.102825929605144847e+04
2.138315168512326636e+04
2.174638411879974956e+04
2.211795587397348936e+04
2.249786621091182678e+04
2.288611437326107989e+04
2.328269958804382259e+04
2.368762106565888462e+04
1.379602358377004202e+04
1.380024252770764724e+04
1.381289935086912556e+04
1.383399402729977191e+04
1.386352651374212110e+04
1.390149674963557482e+04
1.394790465711647266e+04
1.400275014101816851e+04
1.406603308887103231e+04
1.413775337090222274e+04
1.421791084003606011e+04
1.430650533189403541e+04
1.440353666479389540e+04
1.450900463975123421e+04
1.462290904047805816e+04
1.474524963338346060e+04
1.487602616757347459e+04
1.501523837485152944e+04
1.516288596971715560e+04
1.531896864936766178e+04
1.548348609369721271e+04
1.565643796529646534e+04
1.583782390945361840e+04
1.602764355415320097e+04
1.622589651007736575e+04
1.643258237060513056e+04
1.664770071181192179e+04
1.687125109247085493e+04
1.710323305405146675e+04
1.734364612072075397e+04
1.759248979934219824e+04
1.784976357947675569e+04
1.811546693338179102e+04
1.838959931601213248e+04
1.867216016501924969e+04
1.896314890075200310e+04
1.926256492625558894e+04
1.957040762727289621e+04
1.988667637224322607e+04
2.021137051230319412e+04
2.054448938128552982e+04
2.088603229572193595e+04
2.123599855483856300e+04
2.159438744056084761e+04
2.196119821750896153e+04
2.233643013300206803e+04
2.272008241705528417e+04
2.311215428238119785e+04
2.351264492438804155e+04
2.392155352118273368e+04
1.393132639005739293e+04
1.393558663418942524e+04
1.394836735758084069e+04
1.396966853321797862e+04
1.399949011607782268e+04
1.403783204312829548e+04
1.408469423332803672e+04
1.414007658762678511e+04
1.420397898896499100e+04
1.427640130227352165e+04
1.435734337447471808e+04
1.444680503448148556e+04
1.454478609319729367e+04
1.465128634351693290e+04
1.476630556032546338e+04
1.488984350049948443e+04
1.502189990290563946e+04
1.516247448840204015e+04
1.531156695983721147e+04
1.546917700205077927e+04
1.563530428187300458e+04
1.580994844812516931e+04
1.599310913161904500e+04
1.618478594515765144e+04
1.638497848353464724e+04
1.659368632353440989e+04
1.681090902393225406e+04
1.703664612549452431e+04
1.727089715097804219e+04
1.751366160513059003e+04
1.776493897469079820e+04
1.802472872838817784e+04
1.829303031694302990e+04
1.856984317306660159e+04
1.885516671146039516e+04
1.914900032881784500e+04
1.945134340382189112e+04
1.976219529714762757e+04
2.008155535145973045e+04
2.040942289141457877e+04
2.074579722365918497e+04
2.109067763683106023e+04
2.144406340155910584e+04
2.180595377046241265e+04
2.217634797815117054e+04
2.255524524122665753e+04
2.294264475828094874e+04
2.333854570989690910e+04
2.374294725864729116e+04
2.415584854909714704e+04
1.406680335571597061e+04
1.407110495055985666e+04
1.408400972572023056e+04
1.410551765308340146e+04
1.413562868579295719e+04
1.417434275825000077e+04
1.422165978611322680e+04
1.427757966629875773e+04
1.434210227697993469e+04
1.441522747758805599e+04
1.449695510881141126e+04
1.458728499259601995e+04
1.468621693214527113e+04
1.479375071192013456e+04
1.490988609763909699e+04
1.503462283627762372e+04
1.516796065606930097e+04
1.530989926650484631e+04
1.546043835833249068e+04
1.561957760355797473e+04
1.578731665544440330e+04
1.596365514851254375e+04
1.614859269854036938e+04
1.634212890256367245e+04
1.654426333887522560e+04
1.675499556702591872e+04
1.697432512782332560e+04
1.720225154333335740e+04
1.743877431687860735e+04
1.768389293303963859e+04
1.793760685765437302e+04
1.819991553781793846e+04
1.847081840188343267e+04
1.875031485946086104e+04
1.903840430141826801e+04
1.933508609988075477e+04
1.964035960823063579e+04
1.995422416110886843e+04
2.027667907441233911e+04
2.060772364529627157e+04
2.094735715217363395e+04
2.129557885471422196e+04
2.165238799384557569e+04
2.201778379175236114e+04
2.239176545187759257e+04
2.277433215892112275e+04
2.316548307883992311e+04
2.356521735884871305e+04
2.397353412742025466e+04
2.439043249428444324e+04
1.420241129535952496e+04
1.420675427927987221e+04
1.421978322128923901e+04
1.424149809213122353e+04
1.427189884304584666e+04
1.431098540576886080e+04
1.435875769253190447e+04
1.441521559606273149e+04
1.448035898958475263e+04
1.455418772681787232e+04
1.463670164197712074e+04
1.472790054977425098e+04
1.482778424541629647e+04
1.493635250460662610e+04
1.505360508354457670e+04
1.517954171892521663e+04
1.531416212793957675e+04
1.545746600827465045e+04
1.560945303811354279e+04
1.577012287613501940e+04
1.593947516151395757e+04
1.611750951392104980e+04
1.630422553352309478e+04
1.649962280098278279e+04
1.670370087745853380e+04
1.691645930460489035e+04
1.713789760457234297e+04
1.736801528000735925e+04
1.760681181405213283e+04
1.785428667034488899e+04
1.811043929302005927e+04
1.837526910670741563e+04
1.864877551653338014e+04
1.893095790811973347e+04
1.922181564758466266e+04
1.952134808154157145e+04
1.982955453710080110e+04
2.014643432186797509e+04
2.047198672394430832e+04
2.080621101192809874e+04
2.114910643491263545e+04
2.150067222248708276e+04
2.186090758473771348e+04
2.222981171224516220e+04
2.260738377608656083e+04
2.299362292783613884e+04
2.338852829956219284e+04
2.379209900383011700e+04
2.420433413370119524e+04
2.462523276273198644e+04
1.433811764470488015e+04
1.434250204491543991e+04
1.435565523540011236e+04
1.437757718571666919e+04
1.440826784512811719e+04
1.444772714260276734e+04
1.449595498681454410e+04
1.455295126614199398e+04
1.461871584866935336e+04
1.469324858218586269e+04
1.477654929418622487e+04
1.486861779187021602e+04
1.496945386214277460e+04
1.507905727161444884e+04
1.519742776660064010e+04
1.532456507312243230e+04
1.546046889690554235e+04
1.560513892338152073e+04
1.575857481768677280e+04
1.592077622466308640e+04
1.609174276885755717e+04
1.627147405452258863e+04
1.645996966561544104e+04
1.665722916579920638e+04
1.686325209844161145e+04
1.707803798661605833e+04
1.730158633310118967e+04
1.753389662038057213e+04
1.777496831064331491e+04
1.802480084578352762e+04
1.828339364740084784e+04
1.855074611680008093e+04
1.882685763499087625e+04
1.911172756268873127e+04
1.940535524031414025e+04
1.970773998799298352e+04
2.001888110555591993e+04
2.033877787253913993e+04
2.066742954818437283e+04
2.100483537143797366e+04
2.135099456095243295e+04
2.170590631508427396e+04
2.206956981189614453e+04
2.244198420915624229e+04
2.282314864433677212e+04
2.321306223461670015e+04
2.361172407687869782e+04
2.401913324771188127e+04
2.443528880340970136e+04
2.486018977997203547e+04
1.447389231532156373e+04
1.447831814799451422e+04
1.449159563545542005e+04
1.451372474603097908e+04
1.454470542693206880e+04
1.458453760425406108e+04
1.463322118297658744e+04
1.469075604696377013e+04
1.475714205896398744e+04
1.483237906061003741e+04
1.491646687241920154e+04
1.500940529379317923e+04
1.511119410301769858e+04
1.522183305726328581e+04
1.534132189258449762e+04
1.546966032392053057e+04
1.560684804509476817e+04
1.575288472881523558e+04
1.590777002667383931e+04
1.607150356914742770e+04
1.624408496559688683e+04
1.642551380426751348e+04
1.661578965228909510e+04
1.681491205567575162e+04
1.702288053932587354e+04
1.723969460702248034e+04
1.746535374143271110e+04
1.769985740410811559e+04
1.794320503548472698e+04
1.819539605488300003e+04
1.845642986050756735e+04
1.872630582944763592e+04
1.900502331767650685e+04
1.929258166005229214e+04
1.958898017031697236e+04
1.989421814109755360e+04
2.020829484390469588e+04
2.053120952913407746e+04
2.086296142606533977e+04
2.120354974286207653e+04
2.155297366657366001e+04
2.191123236313251255e+04
2.227832497735623110e+04
2.265425063294575739e+04
2.303900843248781530e+04
2.343259745745247710e+04
2.383501676819469139e+04
2.424626540395335542e+04
2.466634238285223546e+04
2.509524670189906101e+04
1.460970149606183986e+04
1.461416876603561832e+04
1.462757056497313533e+04
1.464990685992279396e+04
1.468117759596520955e+04
1.472138269621344261e+04
1.477052206181284964e+04
1.482859557194099762e+04
1.489560308380744755e+04
1.497154443265458212e+04
1.505641943175676897e+04
1.515022787242052436e+04
1.525296952398495341e+04
1.536464413382130442e+04
1.548525142733304347e+04
1.561479110795600354e+04
1.575326285715823360e+04
1.590066633444030231e+04
1.605700117733461593e+04
1.622226700140625508e+04
1.639646340025228710e+04
1.657958994550252464e+04
1.677164618681831416e+04
1.697263165189421488e+04
1.718254584645622526e+04
1.740138825426295807e+04
1.762915833710561128e+04
1.786585553480714952e+04
1.811147926522312264e+04
1.836602892424124002e+04
1.862950388578163620e+04
1.890190350179682355e+04
1.918322710227084826e+04
1.947347399522110936e+04
1.977264346669623410e+04
2.008073478077843174e+04
2.039774717958122710e+04
2.072367988325004262e+04
2.105853208996389367e+04
2.140230297593279829e+04
2.175499169540004732e+04
2.211659738064069461e+04
2.248711914196185899e+04
2.286655606770394297e+04
2.325490722423789339e+04
2.365217165596914128e+04
2.405834838533367656e+04
2.447343641279955409e+04
2.489743471686930934e+04
2.533034225407603299e+04
1.474550732792689087e+04
1.475001602841575732e+04
1.476354211845644568e+04
1.478608556377093919e+04
1.481764630722848960e+04
1.485822426884722699e+04
1.490781934579217705e+04
1.496643141237685268e+04
1.503406032006258283e+04
1.511070589745834877e+04
1.519636795032116970e+04
1.529104626155602273e+04
1.539474059121554637e+04
1.550745067650041165e+04
1.562917623175917470e+04
1.575991694848820043e+04
1.589967249533174254e+04
1.604844251808215813e+04
1.620622663967924382e+04
1.637302446021112701e+04
1.654883555691359652e+04
1.673365948417017353e+04
1.692749577351272092e+04
1.713034393362045012e+04
1.734220345032076511e+04
1.756307378658887683e+04
1.779295438254803230e+04
1.803184465546913270e+04
1.827974399977096982e+04
1.853665178702037156e+04
1.880256736593196183e+04
1.907749006236826972e+04
1.936141917933976583e+04
1.965435399700451671e+04
1.995629377266883967e+04
2.026723774078679344e+04
2.058718511295986173e+04
2.091613507793893586e+04
2.125408680162066230e+04
2.160103942705063673e+04
2.195699207442309489e+04
2.232194384107848964e+04
2.269589380150682700e+04
2.307884100734463573e+04
2.347078448737738654e+04
2.387172324753737485e+04
2.428165627090584167e+04
2.470058251771085270e+04
2.512850092532941562e+04
2.556541040828597033e+04
1.488126891335438449e+04
1.488581902523962162e+04
1.489946934901036002e+04
1.492221984901182805e+04
1.495407046581916075e+04
1.499502111623739074e+04
1.504507169330198121e+04
1.510422206627830019e+04
1.517247208066161511e+04
1.524982155817747298e+04
1.533627029678162398e+04
1.543181807065942121e+04
1.553646463022664648e+04
1.565020970212905559e+04
1.577305298924246199e+04
1.590499417067265495e+04
1.604603290175585425e+04
1.619616881405772801e+04
1.635540151537452402e+04
1.652373058973224397e+04
1.670115559738716547e+04
1.688767607482554740e+04
1.708329153476370266e+04
1.728800146614829282e+04
1.750180533415535319e+04
1.772470258019143148e+04
1.795669262189342771e+04
1.819777485312791396e+04
1.844794864399129074e+04
1.870721334081076566e+04
1.897556826614300007e+04
1.925301271877500039e+04
1.953954597372315402e+04
1.983516728223548853e+04
2.013987587178841568e+04
2.045367094608930711e+04
2.077655168507529379e+04
2.110851724491415735e+04
2.144956675800252196e+04
2.179969933296827730e+04
2.215891405466845754e+04
2.252720998419135867e+04
2.290458615885442487e+04
2.329104159220484507e+04
2.368657527402077176e+04
2.409118617030981113e+04
2.450487322330991447e+04
2.492763535148939627e+04
2.535947144954540636e+04
2.580038038840727313e+04
1.501693512087983072e+04
1.502152661030072522e+04
1.503530106620223705e+04
1.505825845150085661e+04
1.509039870439088736e+04
1.513172173834421483e+04
1.518222744211061581e+04
1.524191567971759650e+04
1.531078629046972492e+04
1.538883908895020977e+04
1.547607386501946712e+04
1.557249038381534410e+04
1.567808838575410846e+04
1.579286758652907884e+04
1.591682767711154156e+04
1.604996832375051417e+04
1.619228916797267811e+04
1.634378982658252608e+04
1.650446989166175626e+04
1.667432893057070760e+04
1.685336648594640428e+04
1.704158207570420200e+04
1.723897519303704757e+04
1.744554530641532256e+04
1.766129185958743619e+04
1.788621427157947255e+04
1.812031193669493587e+04
1.836358422451538354e+04
1.861603047989986590e+04
1.887765002298510808e+04
1.914844214918563739e+04
1.942840612919371779e+04
1.971754120897882603e+04
2.001584660978945249e+04
2.032332152815039808e+04
2.063996513586425863e+04
2.096577658001236341e+04
2.130075498295263969e+04
2.164489944232173002e+04
2.199820903103288219e+04
2.236068279727836125e+04
2.273231976452643721e+04
2.311311893152439370e+04
2.350307927229732741e+04
2.390219973614754781e+04
2.431047924765395510e+04
2.472791670667538710e+04
2.515451098834698132e+04
2.559026094308167740e+04
2.603516539657023895e+04
1.515245100193722647e+04
1.515708381934784120e+04
1.517098225872488547e+04
1.519414628150252611e+04
1.522657582340502813e+04
1.526827079444577248e+04
1.531923107892854750e+04
1.537945653544609922e+04
1.544894699688097717e+04
1.552770227040544523e+04
1.561572213748149807e+04
1.571300635386053909e+04
1.581955464958377888e+04
1.593536672898183679e+04
1.606044227067529027e+04
1.619478092757397644e+04
1.633838232687768686e+04
1.649124607007570376e+04
1.665337173294687818e+04
1.682475886555986654e+04
1.700540699227273581e+04
1.719531561173342561e+04
1.739448419687922433e+04
1.760291219493751487e+04
1.782059902742465420e+04
1.804754409014715930e+04
1.828374675320105598e+04
1.852920636097178431e+04
1.878392223213472607e+04
1.904789365965469551e+04
1.932111991078621213e+04
1.960360022707360986e+04
1.989533382435032036e+04
2.019631989273996805e+04
2.050655759665520964e+04
2.082604607479909828e+04
2.115478444016389403e+04
2.149277178003133668e+04
2.184000715597327871e+04
2.219648960385075043e+04
2.256221813381398533e+04
2.293719173030482852e+04
2.332140935205218921e+04
2.371486993207599880e+04
2.411757237768567211e+04
2.452951557048042378e+04
2.495069836634866078e+04
2.538111959546889193e+04
2.582077806230821079e+04
2.626967254562502421e+04
1.528776632930028609e+04
1.529244040974822383e+04
1.530646263772450766e+04
1.532983297312618197e+04
1.536255134911486130e+04
1.540461767211672850e+04
1.545603182182283672e+04
1.551679365118896567e+04
1.558690298643523420e+04
1.566635962704663143e+04
1.575516334577294583e+04
1.585331388862831045e+04
1.596081097489165222e+04
1.607765429710669378e+04
1.620384352108180792e+04
1.633937828588955199e+04
1.648425820386804116e+04
1.663848286061912950e+04
1.680205181500991603e+04
1.697496459917184984e+04
1.715722071850132124e+04
1.734881965165929432e+04
1.754976085057122327e+04
1.776004374042736163e+04
1.797966771968268949e+04
1.820863216005666982e+04
1.844693640653341936e+04
1.869457977736199973e+04
1.895156156405596266e+04
1.921788103139328814e+04
1.949353741741727572e+04
1.977852993343519120e+04
2.007285776401886324e+04
2.037652006700561105e+04
2.068951597349708391e+04
2.101184458785943934e+04
2.134350498772285573e+04
2.168449622398354040e+04
2.203481732080156871e+04
2.239446727560152794e+04
2.276344505907279017e+04
2.314174961516982876e+04
2.352937986111131249e+04
2.392633468738101146e+04
2.433261295772657104e+04
2.474821350916105803e+04
2.517313515196171284e+04
2.560737666967149198e+04
2.605093681909602310e+04
2.650381433030725020e+04
1.542283655492352955e+04
1.542755181843593346e+04
1.544169759507440176e+04
1.546527384314072151e+04
1.549828049313934207e+04
1.554071744777555250e+04
1.559258458195616367e+04
1.565388174279003761e+04
1.572460874958755994e+04
1.580476539386010336e+04
1.589435143932117353e+04
1.599336662188572154e+04
1.610181064966998929e+04
1.621968320299227526e+04
1.634698393437209415e+04
1.648371246853040793e+04
1.662986840239022786e+04
1.678545130507563954e+04
1.695046071791269424e+04
1.712489615442859576e+04
1.730875710035259908e+04
1.750204301361501712e+04
1.770475332434822849e+04
1.791688743488581895e+04
1.813844471976305431e+04
1.836942452571679314e+04
1.860982617168542492e+04
1.885964894880892825e+04
1.911889212042880536e+04
1.938755492208846044e+04
1.966563656153205739e+04
1.995313621870627685e+04
2.025005304575855189e+04
2.055638616703860680e+04
2.087213467909714382e+04
2.119729765068708002e+04
2.153187412276201940e+04
2.187586310847776258e+04
2.222926359319201947e+04
2.259207453446227373e+04
2.296429486205033754e+04
2.334592347791749489e+04
2.373695925622723735e+04
2.413740104334435091e+04
2.454724765783612384e+04
2.496649789047023660e+04
2.539515050421656997e+04
2.583320423424659748e+04
2.628065778793309801e+04
2.673750984485074514e+04
1.555761699665041851e+04
1.556237334825125981e+04
1.557664238860305159e+04
1.560042407435442510e+04
1.563371833325337866e+04
1.567652506414644085e+04
1.572884413697958371e+04
1.579067539279776611e+04
1.586201864374508295e+04
1.594287367306469605e+04
1.603324023509867402e+04
1.613311805528837795e+04
1.624250683017430674e+04
1.636140622739579339e+04
1.648981588569153973e+04
1.662773541489915806e+04
1.677516439595524207e+04
1.693210238089576160e+04
1.709854889285565878e+04
1.727450342606880440e+04
1.745996544586826712e+04
1.765493438868634257e+04
1.785940966205407676e+04
1.807339064460196096e+04
1.829687668605932413e+04
1.852986710725463126e+04
1.877236120011555977e+04
1.902435822766869751e+04
1.928585742403985569e+04
1.955685799445389785e+04
1.983735911523475079e+04
2.012735993380556465e+04
2.042685956868763242e+04
2.073585710950313296e+04
2.105435161697217336e+04
2.138234212291354197e+04
2.171982763024607266e+04
2.206680711298698225e+04
2.242327951625308560e+04
2.278924375626077745e+04
2.316469872032333296e+04
2.354964326685573542e+04
2.394407622537073621e+04
2.434799639648008451e+04
2.476140255189511663e+04
2.518429343442585377e+04
2.561666775798191156e+04
2.605852420757097934e+04
2.650986143930155595e+04
2.697067808037930445e+04
1.569206309857486303e+04
1.569686042927143353e+04
1.571125240633894646e+04
1.573523898471156099e+04
1.576882008927888455e+04
1.581199561488665495e+04
1.586476542633636200e+04
1.592712935838570229e+04
1.599908721574797710e+04
1.608063877309261079e+04
1.617178377504478703e+04
1.627252193618566344e+04
1.638285294105238063e+04
1.650277644413798407e+04
1.663229206989126396e+04
1.677139941271692078e+04
1.692009803697609095e+04
1.707838747698519728e+04
1.724626723701658193e+04
1.742373679129915763e+04
1.761079558401683971e+04
1.780744302931020502e+04
1.801367851127542963e+04
1.822950138396466355e+04
1.845491097138574332e+04
1.868990656750285416e+04
1.893448743623563860e+04
1.918865281145993504e+04
1.945240189700757401e+04
1.972573386666620718e+04
2.000864786417878349e+04
2.030114300324536816e+04
2.060321836752079253e+04
2.091487301061685503e+04
2.123610595610019300e+04
2.156691619749411257e+04
2.190730269827720986e+04
2.225726439188535369e+04
2.261680018170833864e+04
2.298590894109323199e+04
2.336458951334255471e+04
2.375284071171548203e+04
2.415066131942573338e+04
2.455805008964398439e+04
2.497500574549637167e+04
2.540152698006538049e+04
2.583761245638864420e+04
2.628326080746046500e+04
2.673847063623118811e+04
2.720324051560571024e+04
1.582612974078415391e+04
1.583096792767552506e+04
1.584548247273467678e+04
1.586967332911808626e+04
1.590354041875214716e+04
1.594708363233432101e+04
1.600030282933304625e+04
1.606319783798721801e+04
1.613576845530633364e+04
1.621801444707064729e+04
1.630993554783124819e+04
1.641153146090990413e+04
1.652280185839898331e+04
1.664374638116176720e+04
1.677436463883213946e+04
1.691465620981428583e+04
1.706462064128383281e+04
1.722425744918685450e+04
1.739356611823980711e+04
1.757254610193005283e+04
1.776119682251585982e+04
1.795951767102603117e+04
1.816750800726003945e+04
1.838516715978812499e+04
1.861249442595127766e+04
1.884948907186117140e+04
1.909615033240008052e+04
1.935247741122111620e+04
1.961846948074806642e+04
1.989412568217555236e+04
2.017944512546849364e+04
2.047442688936310515e+04
2.077907002136544179e+04
2.109337353775360316e+04
2.141733642357515419e+04
2.175095763264865309e+04
2.209423608756424073e+04
2.244717067968182891e+04
2.280976026913140231e+04
2.318200368481575424e+04
2.356389972440653582e+04
2.395544715434668251e+04
2.435664470985072330e+04
2.476749109490144110e+04
2.518798498225593721e+04
2.561812501343835538e+04
2.605790979874624827e+04
2.650733791724633193e+04
2.696640791677721791e+04
2.743511831394637920e+04
1.595976196889978382e+04
1.596464087253949947e+04
1.597927756722970116e+04
1.600367200428346769e+04
1.603782410255628929e+04
1.608173374844530554e+04
1.613540079589029119e+04
1.619882506637251572e+04
1.627200634891611662e+04
1.635494440008672609e+04
1.644763894399215860e+04
1.655008967228286565e+04
1.666229624415071521e+04
1.678425828633006313e+04
1.691597539309752028e+04
1.705744712627135232e+04
1.720867301521245099e+04
1.736965255682328643e+04
1.754038521554896943e+04
1.772087042337633102e+04
1.791110757983445365e+04
1.811109605199476209e+04
1.832083517447032864e+04
1.854032424941662248e+04
1.876956254653130964e+04
1.900854930305392190e+04
1.925728372376624975e+04
1.951576498099219316e+04
1.978399221459767432e+04
2.006196453199117968e+04
2.034968100812238845e+04
2.064714068548376599e+04
2.095434257411004000e+04
2.127128565157788034e+04
2.159796886300530969e+04
2.193439112105352251e+04
2.228055130592535352e+04
2.263644826536619803e+04
2.300208081466250223e+04
2.337744773664386958e+04
2.376254778168155826e+04
2.415737966768908154e+04
2.456194208012220770e+04
2.497623367197835978e+04
2.540025306379751055e+04
2.583399884366160040e+04
2.627746956719420268e+04
2.673066375756206980e+04
2.719357990547329609e+04
2.766621646917762337e+04
1.609289324324041991e+04
1.609781270453595425e+04
1.611257107155711310e+04
1.613716829370696360e+04
1.617160428665730797e+04
1.621587893234898911e+04
1.626999207899105568e+04
1.633394354106197352e+04
1.640773309930826508e+04
1.649136050074578816e+04
1.658482545865876818e+04
1.668812765260046581e+04
1.680126672839257299e+04
1.692424229812574413e+04
1.705705394015959973e+04
1.719970119912181690e+04
1.735218358590948992e+04
1.751450057768829356e+04
1.768665161789241756e+04
1.786863611622501048e+04
1.806045344865803418e+04
1.826210295743195820e+04
1.847358395105629825e+04
1.869489570430899403e+04
1.892603745823688223e+04
1.916700842015560193e+04
1.941780776364968551e+04
1.967843462857179838e+04
1.994888812104424505e+04
2.022916731345746302e+04
2.051927124447047390e+04
2.081919891901179653e+04
2.112894930827830467e+04
2.144852134973552893e+04
2.177791394711736575e+04
2.211712597042757625e+04
2.246615625593706864e+04
2.282500360618693594e+04
2.319366678998721909e+04
2.357214454241511703e+04
2.396043556481739142e+04
2.435853852481038120e+04
2.476645205627785981e+04
2.518417475937258132e+04
2.561170520051685526e+04
2.604904191240166256e+04
2.649618339398542230e+04
2.695312811049704396e+04
2.741987449343256958e+04
2.789642094055822599e+04
1.622545682134667186e+04
1.623041666132060709e+04
1.624529616371698103e+04
1.627009527595972213e+04
1.630481391042167161e+04
1.634945194442502725e+04
1.640400922024157990e+04
1.646848554509134919e+04
1.654288069114454629e+04
1.662719439552006224e+04
1.672142636028608467e+04
1.682557625245999589e+04
1.693964370400855478e+04
1.706362831184750030e+04
1.719752963784185340e+04
1.734134720880577515e+04
1.749508051650271591e+04
1.765872901764555354e+04
1.783229213389578581e+04
1.801576925186448716e+04
1.820915972311187579e+04
1.841246286414760471e+04
1.862567795643023419e+04
1.884880424636738462e+04
1.908184094531626761e+04
1.932478722958307844e+04
1.957764224042322530e+04
1.984040508404132197e+04
2.011307483159150070e+04
2.039565051917634264e+04
2.068813114784855497e+04
2.099051568360907186e+04
2.130280305740901167e+04
2.162499216514788714e+04
2.195708186767539519e+04
2.229907099078870306e+04
2.265095832523608624e+04
2.301274262671419638e+04
2.338442261586836321e+04
2.376599697829381694e+04
2.415746436453537171e+04
2.455882339008561030e+04
2.497007263538823099e+04
2.539121064583408224e+04
2.582223593176513532e+04
2.626314696847081723e+04
2.671394219619075375e+04
2.717462002011446384e+04
2.764517881037863845e+04
2.812561690207136780e+04
1.635739492537193837e+04
1.636239494670568638e+04
1.637739499249770779e+04
1.640239500812094775e+04
1.643739490253081749e+04
1.648239454826413566e+04
1.653739378144011062e+04
1.660239240175966916e+04
1.667739017250626785e+04
1.676238682054455785e+04
1.685738203632210207e+04
1.696237547386794904e+04
1.707736675079339329e+04
1.720235544829150240e+04
1.733734111113782637e+04
1.748232324768923718e+04
1.763730132988538026e+04
1.780227479324730666e+04
1.797724303687838619e+04
1.816220542346407819e+04
1.835716127927169873e+04
1.856210989415065706e+04
1.877705052153229917e+04
1.900198237843005700e+04
1.923690464543953203e+04
1.948181646673780779e+04
1.973671695008480674e+04
2.000160516682194429e+04
2.027648015187241981e+04
2.056134090374204607e+04
2.085618638451857623e+04
2.116101551987109633e+04
2.147582719905191698e+04
2.180062027489384491e+04
2.213539356381291509e+04
2.248014584580717565e+04
2.283487586445577836e+04
2.319958232692018282e+04
2.357426390394478585e+04
2.395891922985508063e+04
2.435354690255887181e+04
2.475814548354567887e+04
2.517271349788764564e+04
2.559724943423831792e+04
2.603175174483415685e+04
2.647621884549183233e+04
2.693064911561244298e+04
2.739504089817758722e+04
2.786939249975027269e+04
2.835370219047763385e+04
1.648865216310627875e+04
1.649369215047643956e+04
1.650881209366942494e+04
1.653401193593420612e+04
1.656929158268477840e+04
1.661465090150121250e+04
1.667008972212920344e+04
1.673560783648016150e+04
1.681120499863140867e+04
1.689688092482530556e+04
1.699263529347081203e+04
1.709846774514214121e+04
1.721437788257905413e+04
1.734036527068731812e+04
1.747642943653848488e+04
1.762256986936957401e+04
1.777878602058323668e+04
1.794507730374811945e+04
1.812144309459851502e+04
1.830788273103432221e+04
1.850439551312122785e+04
1.871098070309055038e+04
1.892763752533937804e+04
1.915436516643050345e+04
1.939116277509257634e+04
1.963802946221949242e+04
1.989496430087145563e+04
2.016196632627383951e+04
2.043903453581863869e+04
2.072616788906210058e+04
2.102336530772739206e+04
2.133062567570307874e+04
2.164794783904320138e+04
2.197533060596773066e+04
2.231277274686211240e+04
2.266027299427787511e+04
2.301783004293217164e+04
2.338544254970717520e+04
2.376310913365220404e+04
2.415082837598068363e+04
2.454859882007288616e+04
2.495641897147440250e+04
2.537428729789674617e+04
2.580220222921616369e+04
2.624016215747603201e+04
2.668816543688474849e+04
2.714621038381634935e+04
2.761429527681048057e+04
2.809241835657303454e+04
2.858057782597552432e+04
1.661917879342263404e+04
1.662425851561586751e+04
1.663949766254465067e+04
1.666489617525720314e+04
1.670045395550035391e+04
1.674617086571978143e+04
1.680204672905953703e+04
1.686808132936281982e+04
1.694427441117113631e+04
1.703062567972521356e+04
1.712713480096393323e+04
1.723380140152569948e+04
1.735062506874669270e+04
1.747760535066261946e+04
1.761474175600748640e+04
1.776203375421421879e+04
1.791948077541398379e+04
1.808708221043775484e+04
1.826483741081400149e+04
1.845274568877084675e+04
1.865080631723458282e+04
1.885901852983063873e+04
1.907738152088260540e+04
1.930589444541351259e+04
1.954455641914447915e+04
1.979336651849590999e+04
2.005232378058667382e+04
2.032142720323402682e+04
2.060067574495466761e+04
2.089006832496352217e+04
2.118960382317421318e+04
2.149928108019988213e+04
2.181909889735076649e+04
2.214905603663737566e+04
2.248915122076869011e+04
2.283938313315168853e+04
2.319975041789257375e+04
2.357025167979706384e+04
2.395088548436736528e+04
2.434165035780673134e+04
2.474254478701611151e+04
2.515356721959536299e+04
2.557471606384266852e+04
2.600598968875571518e+04
2.644738642403020276e+04
2.689890456006075328e+04
2.736054234794149306e+04
2.783229799946396452e+04
2.831416968711952723e+04
2.880615554409723700e+04
1.674893227723949531e+04
1.675405148984805055e+04
1.676940910726329821e+04
1.679500506825441698e+04
1.683083927077033513e+04
1.687691157193883919e+04
1.693322178806791635e+04
1.699976969464448121e+04
1.707655502633481956e+04
1.716357747698536332e+04
1.726083669962137355e+04
1.736833230644772993e+04
1.748606386884913809e+04
1.761403091738922376e+04
1.775223294181136953e+04
1.790066939103848927e+04
1.805933967317294810e+04
1.822824315549640596e+04
1.840737916446998133e+04
1.859674698573454953e+04
1.879634586411028431e+04
1.900617500359665792e+04
1.922623356737312861e+04
1.945652067779769641e+04
1.969703541640895492e+04
1.994777682392426141e+04
2.020874390024050444e+04
2.047993560443410388e+04
2.076135085476092354e+04
2.105298852865659501e+04
2.135484746273596102e+04
2.166692645279333010e+04
2.198922425380230197e+04
2.232173957991593124e+04
2.266447110446764054e+04
2.301741745996908503e+04
2.338057723811228425e+04
2.375394898976810509e+04
2.413753122498716766e+04
2.453132241299984526e+04
2.493532098221506385e+04
2.534952532022240848e+04
2.577393377379030426e+04
2.620854464886633650e+04
2.665335621057844764e+04
2.710836668323311824e+04
2.757357425031659659e+04
2.804897705449487330e+04
2.853457319761400868e+04
2.903036074069738606e+04
1.687786576892646553e+04
1.688302421308730845e+04
1.689849952437339016e+04
1.692429163919389975e+04
1.696040045156451015e+04
1.700682581310745081e+04
1.706356753305090024e+04
1.713062537822944796e+04
1.720799907308408729e+04
1.729568829966205885e+04
1.739369269761664327e+04
1.750201186420781596e+04
1.762064535430135948e+04
1.774959268036991489e+04
1.788885331249207229e+04
1.803842667835245447e+04
1.819831216324276465e+04
1.836850911006028400e+04
1.854901681930884297e+04
1.873983454909860666e+04
1.894096151514599842e+04
1.915239689077338699e+04
1.937413980691023244e+04
1.960618935209140545e+04
1.984854457245872618e+04
2.010120447176003290e+04
2.036416801134941852e+04
2.063743411018716142e+04
2.092100164484008928e+04
2.121486944948128439e+04
2.151903631589023644e+04
2.183350099345200942e+04
2.215826218915935897e+04
2.249331856760970186e+04
2.283866875100769175e+04
2.319431131916432423e+04
2.356024480949660574e+04
2.393646771702757906e+04
2.432297849438752382e+04
2.471977555181153366e+04
2.512685725714254659e+04
2.554422193582892578e+04
2.597186787092505256e+04
2.640979330309255602e+04
2.685799643059878508e+04
2.731647540931711046e+04
2.778522835272785233e+04
2.826425333191703612e+04
2.875354837557764040e+04
2.925311147000775236e+04
1.700590647393361724e+04
1.701110386852944066e+04
1.702669603030547660e+04
1.705268289322831697e+04
1.708906434724189967e+04
1.713584023826774501e+04
1.719301036820494846e+04
1.726057449493017339e+04
1.733853233229812395e+04
1.742688355014016997e+04
1.752562777426616594e+04
1.763476458646300671e+04
1.775429352449539874e+04
1.788421408210562367e+04
1.802452570901353465e+04
1.817522781091633806e+04
1.833631974948942297e+04
1.850780084238522250e+04
1.868967036323382126e+04
1.888192754164303187e+04
1.908457156319824935e+04
1.929760156946243296e+04
1.952101665797613168e+04
1.975481588225731321e+04
1.999899825180174594e+04
2.025356273208278071e+04
2.051850824455141264e+04
2.079383366663569177e+04
2.107953783174237469e+04
2.137561952925443620e+04
2.168207750453348126e+04
2.199891045891793692e+04
2.232611704972471853e+04
2.266369589024725428e+04
2.301164554975791179e+04
2.336996455350466204e+04
2.373865138271533579e+04
2.411770447459427305e+04
2.450712222232262502e+04
2.490690297506019488e+04
2.531704503794420089e+04
2.573754667208898536e+04
2.616840609458752806e+04
2.660962147850962720e+04
2.706119095290159748e+04
2.752311260278959890e+04
2.799538446917570764e+04
2.847800454904063372e+04
2.897097079534190198e+04
2.947428111701447051e+04
1.713297215648412748e+04
1.713820819530693916e+04
1.715391628892113295e+04
1.718009636876414879e+04
1.721674832056540617e+04
1.726387198434622405e+04
1.732146715441899505e+04
1.738953357938824774e+04
1.746807096215025012e+04
1.755707895989295866e+04
1.765655718409584370e+04
1.776650520053044602e+04
1.788692252925981666e+04
1.801780864463883700e+04
1.815916297531392411e+04
1.831098490422330724e+04
1.847327376859713331e+04
1.864602885995713950e+04
1.882924942411636948e+04
1.902293466118029028e+04
1.922708372554582820e+04
1.944169572590150710e+04
1.966676972522752112e+04
1.990230474079612395e+04
2.014829974417087578e+04
2.040475366120745093e+04
2.067166537205291024e+04
2.094903371114621041e+04
2.123685746721806208e+04
2.153513538329086077e+04
2.184386615667881415e+04
2.216304843898766921e+04
2.249268083611483962e+04
2.283276190824926744e+04
2.318329016987293653e+04
2.354426408975784216e+04
2.391568209096840292e+04
2.429754255086118064e+04
2.468984380108395271e+04
2.509258412757602127e+04
2.550576177056882443e+04
2.592937492458592533e+04
2.636342173844180434e+04
2.680790031524217557e+04
2.726280871238607870e+04
2.772814494156379442e+04
2.820390696875620051e+04
2.869009271423722748e+04
2.918670005257202502e+04
2.969372681261696198e+04
1.725898358591719807e+04
1.726425793845169028e+04
1.728008097232827640e+04
1.730645261636792929e+04
1.734337275193790265e+04
1.739084121295293880e+04
1.744885778587467939e+04
1.751742220971194183e+04
1.759653417602013724e+04
1.768619332890216174e+04
1.778639926500788351e+04
1.789715153353404094e+04
1.801844963622450814e+04
1.815029302737002581e+04
1.829268111380883784e+04
1.844561325492554533e+04
1.860908876265246727e+04
1.878310690146819616e+04
1.896766688839898052e+04
1.916276789301794634e+04
1.936840903744526440e+04
1.958458939634806302e+04
1.981130799694028610e+04
2.004856381898343898e+04
2.029635579478561704e+04
2.055468280920194957e+04
2.082354369963513818e+04
2.110293725603408529e+04
2.139286222089564762e+04
2.169331728926287542e+04
2.200430110872609293e+04
2.232581227942349142e+04
2.265784935403856434e+04
2.300041083780373083e+04
2.335349518849701053e+04
2.371710081644444654e+04
2.409122608451828637e+04
2.447586930813849904e+04
2.487102875527186188e+04
2.527670264643135670e+04
2.569288915467859624e+04
2.611958640562140135e+04
2.655679247741379004e+04
2.700450540075871686e+04
2.746272315890412938e+04
2.793144368764660612e+04
2.841066487532922838e+04
2.890038456284067433e+04
2.940060054361977745e+04
2.991131056364974938e+04
1.738386604644028921e+04
1.738917835906484834e+04
1.740511527230932916e+04
1.743167671228638937e+04
1.746886255585081744e+04
1.751667263059857578e+04
1.757510671486814681e+04
1.764416453773947069e+04
1.772384577903426180e+04
1.781415006931615426e+04
1.791507698989062192e+04
1.802662607280482553e+04
1.814879680084807842e+04
1.828158860755085334e+04
1.842500087718614668e+04
1.857903294476856536e+04
1.874368409605396300e+04
1.891895356754093882e+04
1.910484054646917502e+04
1.930134417082058280e+04
1.950846352931876027e+04
1.972619766142899243e+04
1.995454555735856775e+04
2.019350615805653069e+04
2.044307835521378001e+04
2.070326099126274858e+04
2.097405285937808731e+04
2.125545270347629412e+04
2.154745921821510638e+04
2.185007104899462502e+04
2.216328679195642690e+04
2.248710499398445609e+04
2.282152415270381243e+04
2.316654271648167196e+04
2.352215908442697764e+04
2.388837160639043941e+04
2.426517858296544364e+04
2.465257826548531739e+04
2.505056885602728653e+04
2.545914850740882684e+04
2.587831532319038888e+04
2.630806735767297869e+04
2.674840261590058435e+04
2.719931905365865532e+04
2.766081457747380409e+04
2.813288704461562520e+04
2.861553426309425777e+04
2.910875399166313218e+04
2.961254393981592511e+04
3.012690176778929890e+04
1.750754710114733825e+04
1.751289699778355134e+04
1.752894666212917582e+04
1.755569601749600042e+04
1.759314493606946780e+04
1.764129323891006425e+04
1.770014069595208639e+04
1.776968702600401957e+04
1.784993189674939276e+04
1.794087492474538158e+04
1.804251567542375415e+04
1.815485366309060919e+04
1.827788835092625595e+04
1.841161915098549071e+04
1.855604542419716017e+04
1.871116648036475817e+04
1.887698157816589446e+04
1.905348992515268765e+04
1.924069067775121584e+04
1.943858294126213514e+04
1.964716576986051950e+04
1.986643816659549702e+04
2.009639908339075555e+04
2.033704742104426623e+04
2.058838202922811251e+04
2.085040170648881031e+04
2.112310520024766447e+04
2.140649120679927364e+04
2.170055837131349108e+04
2.200530528783413683e+04
2.232073049927930697e+04
2.264683249744151180e+04
2.298360972298754132e+04
2.333106056545845422e+04
2.368918336327017823e+04
2.405797640371141097e+04
2.443743792294723607e+04
2.482756610601579087e+04
2.522835908682979425e+04
2.563981494817623388e+04
2.606193172171667175e+04
2.649470738798602906e+04
2.693813987639593324e+04
2.739222706522893350e+04
2.785696678164488912e+04
2.833235680167642204e+04
2.881839485023071393e+04
2.931507860108952809e+04
2.982240567690860189e+04
3.034037364921823610e+04
1.762996956494218102e+04
1.763535665156049072e+04
1.765151788488696911e+04
1.767845318533538011e+04
1.771616242026296459e+04
1.776464540396879602e+04
1.782390189769542485e+04
1.789393160962792172e+04
1.797473419489400112e+04
1.806630925556403963e+04
1.816865634065129416e+04
1.828177494611153088e+04
1.840566451484361824e+04
1.854032443668870474e+04
1.868575404843128854e+04
1.884195263379774406e+04
1.900891942345810821e+04
1.918665359502422871e+04
1.937515427305136836e+04
1.957442052903729564e+04
1.978445138142236101e+04
2.000524579558994810e+04
2.023680268386586613e+04
2.047912090551888832e+04
2.073219926676028990e+04
2.099603652074438287e+04
2.127063136756775566e+04
2.155598245427017901e+04
2.185208837483393654e+04
2.215894767018410857e+04
2.247655882818829195e+04
2.280492028365733859e+04
2.314403041834430041e+04
2.349388756094473865e+04
2.385448998709792431e+04
2.422583591938503741e+04
2.460792352733036023e+04
2.500075092740068430e+04
2.540431618300499395e+04
2.581861730449660899e+04
2.624365224917012893e+04
2.667941892126327730e+04
2.712591517195748384e+04
2.758313879937395541e+04
2.805108754858095563e+04
2.852975911158561576e+04
2.901915112733968272e+04
2.951926118173802388e+04
3.003008680761680080e+04
3.055162548475588119e+04
1.775108136758611363e+04
1.775650523370086376e+04
1.777277680451720516e+04
1.779989599745332816e+04
1.783786267487198347e+04
1.788667664408111159e+04
1.794633765733412292e+04
1.801684541182930843e+04
1.809819954971014158e+04
1.819039965806541659e+04
1.829344526892911381e+04
1.840733585928008688e+04
1.853207085104274302e+04
1.866764961108636635e+04
1.881407145122534348e+04
1.897133562821939631e+04
1.913944134377364389e+04
1.931838774453785663e+04
1.950817392210713660e+04
1.970879891302191390e+04
1.992026169876779386e+04
2.014256120577533511e+04
2.037569630542035884e+04
2.061966581402369411e+04
2.087446849285189819e+04
2.114010304811578681e+04
2.141656813097218401e+04
2.170386233752272528e+04
2.200198420881376296e+04
2.231093223083795965e+04
2.263070483453187262e+04
2.296130039577777279e+04
2.330271723540348103e+04
2.365495361918146955e+04
2.401800775782946221e+04
2.439187780700983058e+04
2.477656186733141294e+04
2.517205798434740063e+04
2.557836414855622206e+04
2.599547829540097155e+04
2.642339830527059166e+04
2.686212200349928025e+04
2.731164716036558457e+04
2.777197149109451857e+04
2.824309265585452522e+04
2.872500825976112537e+04
2.921771585287297057e+04
2.972121293019548102e+04
3.023549693167872829e+04
3.076056524221772997e+04
1.787081298433357370e+04
1.787627319769005044e+04
1.789265380919937161e+04
1.791995473318138465e+04
1.795817582683525688e+04
1.800731689024026491e+04
1.806737766635539447e+04
1.813835784101911486e+04
1.822025704295007745e+04
1.831307484374656269e+04
1.841681075788642192e+04
1.853146424272737568e+04
1.865703469850700276e+04
1.879352146834268569e+04
1.894092383823135606e+04
1.909924103704974914e+04
1.926847223655454218e+04
1.944861655138204878e+04
1.963967303904822256e+04
1.984164069994926467e+04
2.005451847736025957e+04
2.027830525743706676e+04
2.051299986921458185e+04
2.075860108460771517e+04
2.101510761841124622e+04
2.128251812829982373e+04
2.156083121482697607e+04
2.185004542142723949e+04
2.215015923441417908e+04
2.246117108298130916e+04
2.278307933920162395e+04
2.311588231802852533e+04
2.345957827729459314e+04
2.381416541771220000e+04
2.417964188287381330e+04
2.455600575925170051e+04
2.494325507619729979e+04
2.534138780594275886e+04
2.575040186359880681e+04
2.617029510715686411e+04
2.660106533748785296e+04
2.704271029834217188e+04
2.749522767635032142e+04
2.795861510102228567e+04
2.843287014474875104e+04
2.891799032279868698e+04
2.941397309332205623e+04
2.992081585734740656e+04
3.043851595878398439e+04
3.096707068442083255e+04
1.798907148119489284e+04
1.799456758065374015e+04
1.801105584940319022e+04
1.803853619855999568e+04
1.807700847998603422e+04
1.812647248628771558e+04
1.818692795081634904e+04
1.825837454766785231e+04
1.834081189168288620e+04
1.843423953844656717e+04
1.853865698428929318e+04
1.865406366628553587e+04
1.878045896225504839e+04
1.891784219076180307e+04
1.906621261111467902e+04
1.922556942336761131e+04
1.939591176831875782e+04
1.957723872751103045e+04
1.976954932323246612e+04
1.997284251851533554e+04
2.018711721713680163e+04
2.041237226361886133e+04
2.064860644322819280e+04
2.089581848197584259e+04
2.115400704661836426e+04
2.142317074465609039e+04
2.170330812433455139e+04
2.199441767464395525e+04
2.229649782531911842e+04
2.260954694683975322e+04
2.293356335043032959e+04
2.326854528805931113e+04
2.361449095244158161e+04
2.397139847703389751e+04
2.433926593604064692e+04
2.471809134440991329e+04
2.510787265783377006e+04
2.550860777274889915e+04
2.592029452633839173e+04
2.634293069652873601e+04
2.677651400199071577e+04
2.722104210214122941e+04
2.767651259714117987e+04
2.814292302789575115e+04
2.862027087605535417e+04
2.910855356401468089e+04
2.960776845491394124e+04
3.011791285263734608e+04
3.063898400181460602e+04
3.117097908781852311e+04
1.810576218110244008e+04
1.811129367623387589e+04
1.812788813089681207e+04
1.815554545289880116e+04
1.819426548858526439e+04
1.824404802283955360e+04
1.830489277908357690e+04
1.837679941927694745e+04
1.845976754391790382e+04
1.855379669204269885e+04
1.865888634122559961e+04
1.877503590757912025e+04
1.890224474575400745e+04
1.904051214893888755e+04
1.918983734886114689e+04
1.935021951578550943e+04
1.952165775851555372e+04
1.970415112439263612e+04
1.989769859929644372e+04
2.010229910764481610e+04
2.031795151239369443e+04
2.054465461503703773e+04
2.078240715560733952e+04
2.103120781267496932e+04
2.129105520334845278e+04
2.156194788327456990e+04
2.184388434663833323e+04
2.213686302616285320e+04
2.244088229310879615e+04
2.275594045727605771e+04
2.308203576700240592e+04
2.341916640916345568e+04
2.376733050917209766e+04
2.412652613098210350e+04
2.449675127708239233e+04
2.487800388850155286e+04
2.527028184480574782e+04
2.567358296410050752e+04
2.608790500302863438e+04
2.651324565677017017e+04
2.694960255904516089e+04
2.739697328211029162e+04
2.785535533676162959e+04
2.832474617233189565e+04
2.880514317669409866e+04
2.929654367625728992e+04
2.979894493596990651e+04
3.031234415931854892e+04
3.083673848832646763e+04
3.137212500355720476e+04
1.822079851416545716e+04
1.822636488847418514e+04
1.824306397952932457e+04
1.827089569171834955e+04
1.830985986568680164e+04
1.835995627833843537e+04
1.842118464283483627e+04
1.849354460859649407e+04
1.857703576130158399e+04
1.867165762288663973e+04
1.877740965154634978e+04
1.889429124173375385e+04
1.902230172415996276e+04
1.916144036579445674e+04
1.931170636986462341e+04
1.947309887585636898e+04
1.964561695951359434e+04
1.982925963283832971e+04
2.002402584409128394e+04
2.022991447779077134e+04
2.044692435471354838e+04
2.067505423189489375e+04
2.091430280262784436e+04
2.116466869646380292e+04
2.142615047921238511e+04
2.169874665294143415e+04
2.198245565597668974e+04
2.227727586290302497e+04
2.258320558456216531e+04
2.290024306805510787e+04
2.322838649674092085e+04
2.356763399023596503e+04
2.391798360441589466e+04
2.427943333141441326e+04
2.465198109962269154e+04
2.503562477369117187e+04
2.543036215452714896e+04
2.583619097929749842e+04
2.625310892142654848e+04
2.668111359059700408e+04
2.712020253274992501e+04
2.757037323008353269e+04
2.803162310105653887e+04
2.850394950038328898e+04
2.898734971903771293e+04
2.948182098425240838e+04
2.998736045951651613e+04
3.050396524457937630e+04
3.103163237544655567e+04
3.157035882438291446e+04
1.833409633459966062e+04
1.833969704655070746e+04
1.835649914935538618e+04
1.838450254386793677e+04
1.842370706484598486e+04
1.847411248094931580e+04
1.853571849474125702e+04
1.860852474268775404e+04
1.869253079515760692e+04
1.878773615642269942e+04
1.889414026465783536e+04
1.901174249194059303e+04
1.914054214425133614e+04
1.928053846147395234e+04
1.943173061739457626e+04
1.959411771970220070e+04
1.976769880998957160e+04
1.995247286375130716e+04
2.014843879038570230e+04
2.035559543319345539e+04
2.057394156937850130e+04
2.080347591004753485e+04
2.104419710021018909e+04
2.129610371877909711e+04
2.155919427856967377e+04
2.183346722630009754e+04
2.211892094259201258e+04
2.241555374196923367e+04
2.272336387285940873e+04
2.304234951759159958e+04
2.337250879239975984e+04
2.371383974741881320e+04
2.406634036668795670e+04
2.443000856814887811e+04
2.480484220364602879e+04
2.519083905892694020e+04
2.558799685364192555e+04
2.599631324134376700e+04
2.641578580948983654e+04
2.684641207943786867e+04
2.728818950645108998e+04
2.774111547969338790e+04
2.820518732223323968e+04
2.868040229104099126e+04
2.916675757699097812e+04
2.966425030485849129e+04
3.017287753332402644e+04
3.069263625497023895e+04
3.122352339628105256e+04
3.176553581764558839e+04
1.844558342170709511e+04
1.845121790759442956e+04
1.846812133099160565e+04
1.849629358910389419e+04
1.853573451060712250e+04
1.858644385564707409e+04
1.864842131584009621e+04
1.872166651427263059e+04
1.880617900550138802e+04
1.890195827555347205e+04
1.900900374192618256e+04
1.912731475358699026e+04
1.925689059097377685e+04
1.939773046599467853e+04
1.954983352202801325e+04
1.971319883392250995e+04
1.988782540799691924e+04
2.007371218204063189e+04
2.027085802531291847e+04
2.047926173854345325e+04
2.069892205393246695e+04
2.092983763515000464e+04
2.117200707733672971e+04
2.142542890710349820e+04
2.169010158253104237e+04
2.196602349317102562e+04
2.225319296004515127e+04
2.255160823564483508e+04
2.286126750393274779e+04
2.318216888034112344e+04
2.351431041177238512e+04
2.385769007659989074e+04
2.421230578466656880e+04
2.457815537728583877e+04
2.495523662724190217e+04
2.534354723878853474e+04
2.574308484764999957e+04
2.615384702102103984e+04
2.657583125756597656e+04
2.700903498742112060e+04
2.745345557219055263e+04
2.790909030495064872e+04
2.837593641024704993e+04
2.885399104409589199e+04
2.934325129398408899e+04
2.984371417886783456e+04
3.035537664917470829e+04
3.087823558680095812e+04
3.141228780511573859e+04
3.195753004895535196e+04
1.855520445341191225e+04
1.856087213142518522e+04
1.857787512994438293e+04
1.860621334240666692e+04
1.864588659120765078e+04
1.869689462770081082e+04
1.875923713219852652e+04
1.883291371397065814e+04
1.891792391124560527e+04
1.901426719120998678e+04
1.912194295000851344e+04
1.924095051274411890e+04
1.937128913347828347e+04
1.951295799523025562e+04
1.966595620997759397e+04
1.983028281865608733e+04
2.000593679115998748e+04
2.019291702634124522e+04
2.039122235201064905e+04
2.060085152493676651e+04
2.082180323084616975e+04
2.105407608442442142e+04
2.129766862931432843e+04
2.155257933811799376e+04
2.181880661239453548e+04
2.209634878266221494e+04
2.238520410839737451e+04
2.268537077803345528e+04
2.299684690896416942e+04
2.331963054753941833e+04
2.365371966906847592e+04
2.399911217781906817e+04
2.435580590701556503e+04
2.472379861884231286e+04
2.510308800444060398e+04
2.549367168391108862e+04
2.589554720631167584e+04
2.630871204965812285e+04
2.673316362092646159e+04
2.716889925604816017e+04
2.761591621991525972e+04
2.807421170637674732e+04
2.854378283824007667e+04
2.902462666727114993e+04
2.951674017419342272e+04
3.002012026868972680e+04
3.053476378939922142e+04
3.106066750392134418e+04
3.159782810881339537e+04
3.214624222958900646e+04
1.866290175705709407e+04
1.866860202649134590e+04
1.868570279797662079e+04
1.871420396105963664e+04
1.875410533165207380e+04
1.880540665203018943e+04
1.886810759083482480e+04
1.894220774307116881e+04
1.902770663010975841e+04
1.912460369968493978e+04
1.923289832589618163e+04
1.935258980920745307e+04
1.948367737644760564e+04
1.962616018080954382e+04
1.978003730185128006e+04
1.994530774549533089e+04
2.012197044402880056e+04
2.031002425610328646e+04
2.050946796673542849e+04
2.072030028730606864e+04
2.094251985556100772e+04
2.117612523561047055e+04
2.142111491792926972e+04
2.167748731935716933e+04
2.194524078309784090e+04
2.222437357872043503e+04
2.251488390215854452e+04
2.281676987571002610e+04
2.313002954803748071e+04
2.345466089416792602e+04
2.379066181549417888e+04
2.413803013977212686e+04
2.449676362112283459e+04
2.486685994003285668e+04
2.524831670335212766e+04
2.564113144429605381e+04
2.604530162244342864e+04
2.646082462373972885e+04
2.688769776049381835e+04
2.732591827137882137e+04
2.777548332143275547e+04
2.823639000205942648e+04
2.870863533102571455e+04
2.919221625246336771e+04
2.968712963686994044e+04
3.019337228110604337e+04
3.071094090839869750e+04
3.123983216833767074e+04
3.178004263687853381e+04
3.233156881634113233e+04
1.876858928920356993e+04
1.877432152218746705e+04
1.879151818298275248e+04
1.882017915712056856e+04
1.886030425381992973e+04
1.891189320598687118e+04
1.897494567021537296e+04
1.904946122678666143e+04
1.913543937966952944e+04
1.923287955652055462e+04
1.934178110868303338e+04
1.946214331118881091e+04
1.959396536275661128e+04
1.973724638579255770e+04
1.989198542639079824e+04
2.005818145433242171e+04
2.023583336308668731e+04
2.042493996980958036e+04
2.062550001534532203e+04
2.083751216422516882e+04
2.106097500466815472e+04
2.129588704858050187e+04
2.154224673155643541e+04
2.180005241287714671e+04
2.206930237551175014e+04
2.234999482611677377e+04
2.264212789503593012e+04
2.294569963630056009e+04
2.326070802763024403e+04
2.358715097043144124e+04
2.392502628979764268e+04
2.427433173451057155e+04
2.463506497703989953e+04
2.500722361354110035e+04
2.539080516385881128e+04
2.578580707152468676e+04
2.619222670375741654e+04
2.661006135146392990e+04
2.703930822923818414e+04
2.747996447536176493e+04
2.793202715180359519e+04
2.839549324422084101e+04
2.887035966195677975e+04
2.935662323804384141e+04
2.985428072920118575e+04
3.036332881583499693e+04
3.088376410203939668e+04
3.141558311559613867e+04
3.195878230797461583e+04
3.251335805433154746e+04
1.887217007417378409e+04
1.887793361246614586e+04
1.889522418780567750e+04
1.892404168157979075e+04
1.896438589610064082e+04
1.901625655460490452e+04
1.907965330125451510e+04
1.915457570113600741e+04
1.924102324026102724e+04
1.933899532556559643e+04
1.944849128491114243e+04
1.956951036708354150e+04
1.970205174179363894e+04
1.984611449967716544e+04
2.000169765229437326e+04
2.016880013213093116e+04
2.034742079259687307e+04
2.053755840802727835e+04
2.073921167368189344e+04
2.095237920574580494e+04
2.117705954132800980e+04
2.141325113846339082e+04
2.166095237611110133e+04
2.192016155415497633e+04
2.219087689340419092e+04
2.247309653559204889e+04
2.276681854337796904e+04
2.307204090034429100e+04
2.338876151100066636e+04
2.371697820077891447e+04
2.405668871603817752e+04
2.440789072406035484e+04
2.477058181305346807e+04
2.514475949214981301e+04
2.553042119140688374e+04
2.592756426180676499e+04
2.633618597525673977e+04
2.675628352458807058e+04
2.718785402355812766e+04
2.763089450684795520e+04
2.808540193006441041e+04
2.855137316973802444e+04
2.902880502332542892e+04
2.951769420920724224e+04
3.001803736668959027e+04
3.052983105600226918e+04
3.105307175830117922e+04
3.158775587566681861e+04
3.213387973110396342e+04
3.269143956854289354e+04
1.897354151318381628e+04
1.897933566740175593e+04
1.899671808909314132e+04
1.902568865536977682e+04
1.906624716141807949e+04
1.911839332049938457e+04
1.918212676394940354e+04
1.925744704117846413e+04
1.934435361967173958e+04
1.944284588498870289e+04
1.955292314076367256e+04
1.967458460870557246e+04
1.980782942859786999e+04
1.995265665829833597e+04
2.010906527374019424e+04
2.027705416893036090e+04
2.045662215595105590e+04
2.064776796495857343e+04
2.085049024418443150e+04
2.106478755993414961e+04
2.129065839658831828e+04
2.152810115660190422e+04
2.177711416050427215e+04
2.203769564690007246e+04
2.230984377246810982e+04
2.259355661196180517e+04
2.288883215820927217e+04
2.319566832211360816e+04
2.351406293265154090e+04
2.384401373687524028e+04
2.418551839991141605e+04
2.453857450496131423e+04
2.490317955330040786e+04
2.527933096427962664e+04
2.566702607532382171e+04
2.606626214193268606e+04
2.647703633768014697e+04
2.689934575421557383e+04
2.733318740126257399e+04
2.777855820661867983e+04
2.823545501615687317e+04
2.870387459382466841e+04
2.918381362164412349e+04
2.967526869971152337e+04
3.017823634619829318e+04
3.069271299735100911e+04
3.121869500748865175e+04
3.175617864900717177e+04
3.230516011237614293e+04
3.286563550613997359e+04
1.907259362310082724e+04
1.907841767183269258e+04
1.909588977559580235e+04
1.912500980709243595e+04
1.916577755415975480e+04
1.921819271976945311e+04
1.928225492202864189e+04
1.935796369417865571e+04
1.944531848459632602e+04
1.954431865679263501e+04
1.965496348941382894e+04
1.977725217624106153e+04
1.991118382619000113e+04
2.005675746331144182e+04
2.021397202679076872e+04
2.038282637094835081e+04
2.056331926523974471e+04
2.075544939425458142e+04
2.095921535771799245e+04
2.117461567048962752e+04
2.140164876256403659e+04
2.164031297907073895e+04
2.189060658027392492e+04
2.215252774157276508e+04
2.242607455350131931e+04
2.271124502172794382e+04
2.300803706705695004e+04
2.331644852542619265e+04
2.363647714790901591e+04
2.396812060071412634e+04
2.431137646518406473e+04
2.466624223779672320e+04
2.503271533016504691e+04
2.541079306903611723e+04
2.580047269629297443e+04
2.620175136895219839e+04
2.661462615916601135e+04
2.703909405422139753e+04
2.747515195654007766e+04
2.792279668367882550e+04
2.838202496832855104e+04
2.885283345831612678e+04
2.933521871660225952e+04
2.982917722128301102e+04
3.033470536558919048e+04
3.085179945788604527e+04
3.138045572167508362e+04
3.192067029559044749e+04
3.247243923340313995e+04
3.303575850401770003e+04
1.916921901953575434e+04
1.917507220992320072e+04
1.919263173713738797e+04
1.922189746933364950e+04
1.926286918677078575e+04
1.931554658181077320e+04
1.937992925891952109e+04
1.945601673466626380e+04
1.954380843772348089e+04
1.964330370886781020e+04
1.975450180097876364e+04
1.987740187903940023e+04
2.001200302013686814e+04
2.015830421346094954e+04
2.031630436030551937e+04
2.048600227406791237e+04
2.066739668024873390e+04
2.086048621645204548e+04
2.106526943238569947e+04
2.128174478986102258e+04
2.150991066279228471e+04
2.174976533719813960e+04
2.200130701119996957e+04
2.226453379502315147e+04
2.253944371099623822e+04
2.282603469355126435e+04
2.312430458922396429e+04
2.343425115665407429e+04
2.375587206658383366e+04
2.408916490185917428e+04
2.443412715743003719e+04
2.479075624034915745e+04
2.515904946977419240e+04
2.553900407696407274e+04
2.593061720528324440e+04
2.633388591019865999e+04
2.674880715928096106e+04
2.717537783220450365e+04
2.761359472074612495e+04
2.806345452878789001e+04
2.852495387231374480e+04
2.899808927941224465e+04
2.948285719027535379e+04
2.997925395719721564e+04
3.048727584457689227e+04
3.100691902891685459e+04
3.153817959882204741e+04
3.208105355500234873e+04
3.263553681027042330e+04
3.320162518954111874e+04
1.926333784330427079e+04
1.926921939686152109e+04
1.928686401202283741e+04
1.931627155225578463e+04
1.935744179000645818e+04
1.941037440669985517e+04
1.947506899273889576e+04
1.955152504750519074e+04
1.963974197935923803e+04
1.973971910563932397e+04
1.985145565266270569e+04
1.997495075572502901e+04
2.011020345910022297e+04
2.025721271604091453e+04
2.041597738877825032e+04
2.058649624852167472e+04
2.076876797545923910e+04
2.096279115875730349e+04
2.116856429656111868e+04
2.138608579599394943e+04
2.161535397315787850e+04
2.185636705313330094e+04
2.210912316997898233e+04
2.237362036673251350e+04
2.264985659540995402e+04
2.293782971700511553e+04
2.323753750149141342e+04
2.354897762781972051e+04
2.387214768392065525e+04
2.420704516670108933e+04
2.455366748204930263e+04
2.491201194483013023e+04
2.528207577888709420e+04
2.566385611704238909e+04
2.605735000109689281e+04
2.646255438182985745e+04
2.687946611899890922e+04
2.730808198134006307e+04
2.774839864656860300e+04
2.820041270137699030e+04
2.866412064143666430e+04
2.913951887139895189e+04
2.962660370489114212e+04
3.012537136452161940e+04
3.063581798187411914e+04
3.115793959751469083e+04
3.169173216098473131e+04
3.223719153080552496e+04
3.279431347447613371e+04
3.336309366847581259e+04
1.935488146526987839e+04
1.936079058026469647e+04
1.937851787812860493e+04
1.940806321749763083e+04
1.944942636276634221e+04
1.950260698408631652e+04
1.956760465736707920e+04
1.964441886427592544e+04
1.973304899223762550e+04
1.983349433443451562e+04
1.994575408980699649e+04
2.006982736305265644e+04
2.020571316462731556e+04
2.035341041074389068e+04
2.051291792337330480e+04
2.068423443024410881e+04
2.086735856484225951e+04
2.106228886641171630e+04
2.126902377995421921e+04
2.148756165622868866e+04
2.171790075175166203e+04
2.196003922879829770e+04
2.221397515540032327e+04
2.247970650534762171e+04
2.275723115818770384e+04
2.304654689922578473e+04
2.334765141952508930e+04
2.366054231590502968e+04
2.398521709094499602e+04
2.432167315297980895e+04
2.466990781610396152e+04
2.502991830016769018e+04
2.540170173078028529e+04
2.578525513930829402e+04
2.618057546287612422e+04
2.658765954436451648e+04
2.700650413241419301e+04
2.743710588142160486e+04
2.787946135154227886e+04
2.833356700868777625e+04
2.879941922452902145e+04
2.927701427649359539e+04
2.976634834776662683e+04
3.026741752729200380e+04
3.078021780976996524e+04
3.130474509565950211e+04
3.184099519117626187e+04
3.238896380829434202e+04
3.294864656474510411e+04
3.352003898401805054e+04
1.944377068963422062e+04
1.944970653839739680e+04
1.946751403590625705e+04
1.949719303581946224e+04
1.953874329423418385e+04
1.959216446968669698e+04
1.965745612315254039e+04
1.973461771804538148e+04
1.982364862021874433e+04
1.992454809796458721e+04
2.003731532201391019e+04
2.016194936553673324e+04
2.029844920414181252e+04
2.044681371587701869e+04
2.060704168122894407e+04
2.077913178312383025e+04
2.096308260692573458e+04
2.115889264043880758e+04
2.136656027390517920e+04
2.158608380000653779e+04
2.181746141386323143e+04
2.206069121303471547e+04
2.231577119751925056e+04
2.258269926975390263e+04
2.286147323461500491e+04
2.315209079941784512e+04
2.345454957391666539e+04
2.376884707030391655e+04
2.409498070321175692e+04
2.443294778971145934e+04
2.478274554931249440e+04
2.514437110396374919e+04
2.551782147805291243e+04
2.590309359840678735e+04
2.630018429429098251e+04
2.670909029740990445e+04
2.712980824190708518e+04
2.756233466436515300e+04
2.800666600380494128e+04
2.846279860168760933e+04
2.893072870191190304e+04
2.941045245081628673e+04
2.990196589717773531e+04
3.040526499221201811e+04
3.092034558957493573e+04
3.144720344535986806e+04
3.198583421809992797e+04
3.253623346876702271e+04
3.309839666077217407e+04
3.367231915996429598e+04
1.952990978335060208e+04
1.953587150810259845e+04
1.955375663186866223e+04
1.958356500317904647e+04
1.962529636958462652e+04
1.967895037765629240e+04
1.974452657298517443e+04
1.982202440018287962e+04
1.991144320288102244e+04
2.001278222373177050e+04
2.012604060440730609e+04
2.025121738560005542e+04
2.038831150702314335e+04
2.053732180740939657e+04
2.069824702451235862e+04
2.087108579510557684e+04
2.105583665498291521e+04
2.125249803895856894e+04
2.146106828086696260e+04
2.168154561356285194e+04
2.191392816892107294e+04
2.215821397783717475e+04
2.241440097022617192e+04
2.268248697502455616e+04
2.296246972018768065e+04
2.325434683269213565e+04
2.355811583853452976e+04
2.387377416273163180e+04
2.420131912932053456e+04
2.454074796135894940e+04
2.489205778092430774e+04
2.525524560911435401e+04
2.563030836604745491e+04
2.601724287086229378e+04
2.641604584171727765e+04
2.682671389579142487e+04
2.724924354928437606e+04
2.768363121741519353e+04
2.812987321442415123e+04
2.858796575357064285e+04
2.905790494713589214e+04
2.953968680642022446e+04
3.003330724174399074e+04
3.053876206244907007e+04
3.105604697689644308e+04
3.158515759246771631e+04
3.212608941556512218e+04
3.267883785161090054e+04
3.324339820504761883e+04
3.381976567933785554e+04
1.961319919654488331e+04
1.961918590863660938e+04
1.963714599266184814e+04
1.966707929186986803e+04
1.970898554500960745e+04
1.976286438633011858e+04
1.982871534557921041e+04
1.990653784800512585e+04
1.999633121435529756e+04
2.009809466087661713e+04
2.021182729931630820e+04
2.033752813692035488e+04
2.047519607643501513e+04
2.062482991610568206e+04
2.078642834967786257e+04
2.095998996639597681e+04
2.114551325100501344e+04
2.134299658374864885e+04
2.155243824037089871e+04
2.177383639211484478e+04
2.200718910572338064e+04
2.225249434343944085e+04
2.250974996300480416e+04
2.277895371766150492e+04
2.306010325615094916e+04
2.335319612271450751e+04
2.365822975709155071e+04
2.397520149452429905e+04
2.430410856575084108e+04
2.464494809701166741e+04
2.499771711004541430e+04
2.536241252209159211e+04
2.573903114588817334e+04
2.612756968967248031e+04
2.652802475718332789e+04
2.694039284765706907e+04
2.736467035583063989e+04
2.780085357194063181e+04
2.824893868172330258e+04
2.870892176641427795e+04
2.918079880274884272e+04
2.966456566296134406e+04
3.016021811478731252e+04
3.066775182146041698e+04
3.118716234171430551e+04
3.171844512978289640e+04
3.226159553539855551e+04
3.281660880379453010e+04
3.338348007570311893e+04
3.396220438735569041e+04
1.969352365295458003e+04
1.969953443031628558e+04
1.971756670833891258e+04
1.974762032483461735e+04
1.978969500949150097e+04
1.984379038387199398e+04
1.990990596141348942e+04
1.998804114742892853e+04
2.007819523910597854e+04
2.018036742550718191e+04
2.029455678757032365e+04
2.042076229810830409e+04
2.055898282180881506e+04
2.070921711523457634e+04
2.087146382682370313e+04
2.104572149688882200e+04
2.123198855761810046e+04
2.143026333307435925e+04
2.164054403919537071e+04
2.186282878379423346e+04
2.209711556655929598e+04
2.234340227905325446e+04
2.260168670471436417e+04
2.287196651885566826e+04
2.315423928866493952e+04
2.344850247320603739e+04
2.375475342341693977e+04
2.407298938211018321e+04
2.440320748397546777e+04
2.474540475557448008e+04
2.509957811534665598e+04
2.546572437360464392e+04
2.584384023253702981e+04
2.623392228620741662e+04
2.663596702055444257e+04
2.704997081339024589e+04
2.747592993440503051e+04
2.791384054516099059e+04
2.836369869909776753e+04
2.882550034152791341e+04
2.929924130964051437e+04
2.978491733249908430e+04
3.028252403104245968e+04
3.079205691808389383e+04
3.131351139831288674e+04
3.184688276829213646e+04
3.239216621646119165e+04
3.294935682313340658e+04
3.351844956049777829e+04
3.409943929261802259e+04
1.977076121473495004e+04
1.977679510082968409e+04
1.979489670318662320e+04
1.982506585402234123e+04
1.986730227369836575e+04
1.992160557072065785e+04
1.998797524173960483e+04
2.006641067155063138e+04
2.015691113309321736e+04
2.025947578745171995e+04
2.037410368385492984e+04
2.050079375967629676e+04
2.063954484043370030e+04
2.079035563978974824e+04
2.095322475955140180e+04
2.112815068967044499e+04
2.131513180824306983e+04
2.151416638151006919e+04
2.172525256385688408e+04
2.194838839781338538e+04
2.218357181405432857e+04
2.243080063139829508e+04
2.269007255680905291e+04
2.296138518539525467e+04
2.324473600040922247e+04
2.354012237324847592e+04
2.384754156345479714e+04
2.416699071871486740e+04
2.449846687485933217e+04
2.484196695586463829e+04
2.519748777384999630e+04
2.556502602908070185e+04
2.594457830996604389e+04
2.633614109305987586e+04
2.673971074306064111e+04
2.715528351281106370e+04
2.758285554329904699e+04
2.802242286365678228e+04
2.847398139116103266e+04
2.893752693123284917e+04
2.941305517743815653e+04
2.990056171148747308e+04
3.040004200323588884e+04
3.091149141068247627e+04
3.143490517997209463e+04
3.197027844539297803e+04
3.251760622937854350e+04
3.307688344250679074e+04
3.364810488349939988e+04
3.423126523922443448e+04
1.984481044277594992e+04
1.985086645054267865e+04
1.986903441599580765e+04
1.989931416559496211e+04
1.994170541010566740e+04
1.999620774459981476e+04
2.006282064845565037e+04
2.014154348535771351e+04
2.023237550329660371e+04
2.033531583456942826e+04
2.045036349577943110e+04
2.057751738783592009e+04
2.071677629595501276e+04
2.086813888965843944e+04
2.103160372277481292e+04
2.120716923343858798e+04
2.139483374409049429e+04
2.159459546147801666e+04
2.180645247665400530e+04
2.203040276497866580e+04
2.226644418611749643e+04
2.251457448404289607e+04
2.277479128703332026e+04
2.304709210767320474e+04
2.333147434285380587e+04
2.362793527377258943e+04
2.393647206593201918e+04
2.425708176914304204e+04
2.458976131752115180e+04
2.493450752948895752e+04
2.529131710777437547e+04
2.566018663941334307e+04
2.604111259574619908e+04
2.643409133242009193e+04
2.683911908938928900e+04
2.725619199091276460e+04
2.768530604555811078e+04
2.812645714619641876e+04
2.857964107000710283e+04
2.904485347847488083e+04
2.952208991739098565e+04
3.001134581685315788e+04
3.051261649126475459e+04
3.102589713933593885e+04
3.155118284408308682e+04
3.208846857282878773e+04
3.263774917720214216e+04
3.319901939313755429e+04
3.377227384087655082e+04
3.435750702496685699e+04
1.991560256341093191e+04
1.992167968151989044e+04
1.993991097602565787e+04
1.997029626746545182e+04
2.001283525673435724e+04
2.006752752508570484e+04
2.013437253413091457e+04
2.021336962583950299e+04
2.030451802253878486e+04
2.040781682691453898e+04
2.052326502201041512e+04
2.065086147122807961e+04
2.079060491832767002e+04
2.094249398742688936e+04
2.110652718300184279e+04
2.128270288988664834e+04
2.147101937327329142e+04
2.167147477871238516e+04
2.188406713211209717e+04
2.210879433973885534e+04
2.234565418821709318e+04
2.259464434452956993e+04
2.285576235601668668e+04
2.312900565037762135e+04
2.341437153566888082e+04
2.371185720030522862e+04
2.402145971306041974e+04
2.434317602306479603e+04
2.467700295980769806e+04
2.502293723313657028e+04
2.538097543325632796e+04
2.575111403073090696e+04
2.613334937648141931e+04
2.652767770178797946e+04
2.693409511828728500e+04
2.735259761797594183e+04
2.778318107320744093e+04
2.822584123669336623e+04
2.868057374150430405e+04
2.914737410106832976e+04
2.962623770917101137e+04
3.011715983995660645e+04
3.062013564792778197e+04
3.113516016794528696e+04
3.166222831522675915e+04
3.220133488534914432e+04
3.275247455424687359e+04
3.331564187821337691e+04
3.389083129389837268e+04
3.447803711831147666e+04
1.998307202316573239e+04
1.998916921690996242e+04
2.000746073629178136e+04
2.003794639575835390e+04
2.008062588605434939e+04
2.013549877422292411e+04
2.020256450360481540e+04
2.028182239383886554e+04
2.037327164086256380e+04
2.047691131690999100e+04
2.059274037051462437e+04
2.072075762650714023e+04
2.086096178601618158e+04
2.101335142646879103e+04
2.117792500158983239e+04
2.135468084140181236e+04
2.154361715222595740e+04
2.174473201668047113e+04
2.195802339368257526e+04
2.218348911844683971e+04
2.242112690248601939e+04
2.267093433361075586e+04
2.293290887592957006e+04
2.320704786984940074e+04
2.349334853207483320e+04
2.379180795560872139e+04
2.410242310975111832e+04
2.442519084010109509e+04
2.476010786855537663e+04
2.510717079330818888e+04
2.546637608885248483e+04
2.583772010597840563e+04
2.622119907177481582e+04
2.661680908962777539e+04
2.702454613922175849e+04
2.744440607654026462e+04
2.787638463386307922e+04
2.832047741976869656e+04
2.877667991913313017e+04
2.924498749313139706e+04
2.972539537923572789e+04
3.021789869121706215e+04
3.072249241914262893e+04
3.123917142937958852e+04
3.176793046459230391e+04
3.230876414374294109e+04
3.286166696209208021e+04
3.342663329119750415e+04
3.400365737891570461e+04
3.459273334940129280e+04
2.004713852731364022e+04
2.005325473684615645e+04
2.007160330150592563e+04
2.010218402947877257e+04
2.014499660107473392e+04
2.020004056872759611e+04
2.026731535699552114e+04
2.034682026256003519e+04
2.043855445422749108e+04
2.054251697292731114e+04
2.065870673171358794e+04
2.078712251576401468e+04
2.092776298238057643e+04
2.108062666098870250e+04
2.124571195313849967e+04
2.142301713250352259e+04
2.161254034488153411e+04
2.181427960819420696e+04
2.202823281248735657e+04
2.225439771993023896e+04
2.249277196481716601e+04
2.274335305356514073e+04
2.300613836471605464e+04
2.328112514893564367e+04
2.356831052901331350e+04
2.386769149986230332e+04
2.417926492852075171e+04
2.450302755414911007e+04
2.483897598803438814e+04
2.518710671358500622e+04
2.554741608633473152e+04
2.591990033394055718e+04
2.630455555618452127e+04
2.670137772497188780e+04
2.711036268433205623e+04
2.753150615041765195e+04
2.796480371150664723e+04
2.841025082800085147e+04
2.886784283242468518e+04
2.933757492942792305e+04
2.981944219578326738e+04
3.031343958038845085e+04
3.081956190426474859e+04
3.133780386055695999e+04
3.186816001453462377e+04
3.241062480359111214e+04
3.296519253724272858e+04
3.353185739713111252e+04
3.411061343702173326e+04
3.470145458280239836e+04
2.010771690527637111e+04
2.011385104527857766e+04
2.013225339920184706e+04
2.016292376879755466e+04
2.020586182365104833e+04
2.026106710118142291e+04
2.032853900664235698e+04
2.040827681312149798e+04
2.050027966154031310e+04
2.060454656065507879e+04
2.072107638705521458e+04
2.084986788516478919e+04
2.099091966724222220e+04
2.114423021337961472e+04
2.130979787150333141e+04
2.148762085737371308e+04
2.167769725458545872e+04
2.188002501456723257e+04
2.209460195658175508e+04
2.232142576772609391e+04
2.256049400293098370e+04
2.281180408496144810e+04
2.307535330441714905e+04
2.335113881973120442e+04
2.363915765717047179e+04
2.393940671083782945e+04
2.425188274266747612e+04
2.457658238242978041e+04
2.491350212772886152e+04
2.526263834400257838e+04
2.562398726452253686e+04
2.599754499039530128e+04
2.638330749056119021e+04
2.678127060179455657e+04
2.719143002870380951e+04
2.761378134373171633e+04
2.804831998715478039e+04
2.849504126708385957e+04
2.895394035946416625e+04
2.942501230807435059e+04
2.990825202452803205e+04
3.040365428827226424e+04
3.091121374658844798e+04
3.143092491459143639e+04
3.196278217523225248e+04
3.250677977929323242e+04
3.306291184539259120e+04
3.363117235998257820e+04
3.421155517734860041e+04
3.480405401961130701e+04
2.016470139457745245e+04
2.017085234829710316e+04
2.018930514116974882e+04
2.022005956833504388e+04
2.026311528835966237e+04
2.031847182323637389e+04
2.038612855838512769e+04
2.046608474265189943e+04
2.055833948830976078e+04
2.066289177105803174e+04
2.077974043002276085e+04
2.090888416775639416e+04
2.105032155023824816e+04
2.120405100687420054e+04
2.137007083049631183e+04
2.154837917736388772e+04
2.173897406716226396e+04
2.194185338300364310e+04
2.215701487142678161e+04
2.238445614239678252e+04
2.262417466930583032e+04
2.287616778897229960e+04
2.314043270164135538e+04
2.341696647098433459e+04
2.370576602410013220e+04
2.400682815151321847e+04
2.432014950717469401e+04
2.464572660846321742e+04
2.498355583618285891e+04
2.533363343456524672e+04
2.569595551126834107e+04
2.607051803737583032e+04
2.645731684739924458e+04
2.685634763927585664e+04
2.726760597436987155e+04
2.769108727747243393e+04
2.812678683680042013e+04
2.857469980399825363e+04
2.903482119413547480e+04
2.950714588570978231e+04
2.999166862064551606e+04
3.048838400429182366e+04
3.099728650542601827e+04
3.151837045625173414e+04
3.205163005239925405e+04
3.259705935292458889e+04
3.315465228031098377e+04
3.372440262046924181e+04
3.430630402273436630e+04
3.490034999987043557e+04
2.021795209466737651e+04
2.022411870396626909e+04
2.024261846131298444e+04
2.027345115505719878e+04
2.031661643244910738e+04
2.037211379963810032e+04
2.043994262167416309e+04
2.052010212250669065e+04
2.061259138498538232e+04
2.071740935085980163e+04
2.083455482077912893e+04
2.096402645429285985e+04
2.110582276985019053e+04
2.125994214480048686e+04
2.142638281539272430e+04
2.160514287677604807e+04
2.179622028299960948e+04
2.199961284701203112e+04
2.221531824066248009e+04
2.244333399469981669e+04
2.268365749877223789e+04
2.293628600142892537e+04
2.320121661011868855e+04
2.347844629118920420e+04
2.376797186988975955e+04
2.406979003036819267e+04
2.438389731567349372e+04
2.471029012775276715e+04
2.504896472745531355e+04
2.539991723452870428e+04
2.576314362762120072e+04
2.613863974428083384e+04
2.652640128095572436e+04
2.692642379299256208e+04
2.733870269464053490e+04
2.776323325904680314e+04
2.820001061825860234e+04
2.864902976322415998e+04
2.911028554379087655e+04
2.958377266870562744e+04
3.006948570561659290e+04
3.056741908107020572e+04
3.107756708051419992e+04
3.159992384829607909e+04
3.213448338766253437e+04
3.268123956076002651e+04
3.324018608863661939e+04
3.381131655123863311e+04
3.439462438741217193e+04
3.499010289490585274e+04
2.026732989720251862e+04
2.027351096256931487e+04
2.029205408579612777e+04
2.032295904826196420e+04
2.036622548559861025e+04
2.042185288769057297e+04
2.048984059867514952e+04
2.057018781694197605e+04
2.066289359513401359e+04
2.076795684014647850e+04
2.088537631312730446e+04
2.101515062947760089e+04
2.115727825885051061e+04
2.131175752515234126e+04
2.147858660654196501e+04
2.165776353543113510e+04
2.184928619848399831e+04
2.205315233661788807e+04
2.226935954500216394e+04
2.249790527305943397e+04
2.273878682446517632e+04
2.299200135714697171e+04
2.325754588328557656e+04
2.353541726931401354e+04
2.382561223591922680e+04
2.412812735803860778e+04
2.444295906486452805e+04
2.477010363984087962e+04
2.510955722066440285e+04
2.546131579928502833e+04
2.582537522190523305e+04
2.620173118897946551e+04
2.659037925521594661e+04
2.699131482957454864e+04
2.740453317526892715e+04
2.783002940976500031e+04
2.826779850478093795e+04
2.871783528628839122e+04
2.918013443451157582e+04
2.965469048392606055e+04
3.014149782326269997e+04
3.064055069550310145e+04
3.115184319788204448e+04
3.167536928188686215e+04
3.221112275325837254e+04
3.275909727198904875e+04
3.331928635232512897e+04
3.389168336276483024e+04
3.447628152605921059e+04
3.507307391921222006e+04
2.031273234223037070e+04
2.031892663135499606e+04
2.033750942347053933e+04
2.036848049280206396e+04
2.041183946305841164e+04
2.046758580743130369e+04
2.053571884859638885e+04
2.061623775871271209e+04
2.070914155942235448e+04
2.081442912185108798e+04
2.093209916660824456e+04
2.106215026378655966e+04
2.120458083296193581e+04
2.135938914319414471e+04
2.152657331302589228e+04
2.170613131048374635e+04
2.189806095307744545e+04
2.210235990780044449e+04
2.231902569112927813e+04
2.254805566902405189e+04
2.278944705692856587e+04
2.304319691976964532e+04
2.330930217195782461e+04
2.358775957738725992e+04
2.387856574943513624e+04
2.418171715096165644e+04
2.449721009431171478e+04
2.482504074131308516e+04
2.516520510327639568e+04
2.551769904099637643e+04
2.588251826475122289e+04
2.625965833430139537e+04
2.664911465889266037e+04
2.705088249725364949e+04
2.746495695759464797e+04
2.789133299761185117e+04
2.833000542448371561e+04
2.878096889487217777e+04
2.924421791492265038e+04
2.971974684026402610e+04
3.020754987600867025e+04
3.070762107675212246e+04
3.121995434657401347e+04
3.174454343903713743e+04
3.228138195718717179e+04
3.283046335355387419e+04
3.339178093014955812e+04
3.396532783847123937e+04
3.455109707949880976e+04
3.514908150369561918e+04
2.035407447481490453e+04
2.036028072673525458e+04
2.037889940479135475e+04
2.040993027586940298e+04
2.045337295144562086e+04
2.050922688758752702e+04
2.057749138495281295e+04
2.065816558878987053e+04
2.075124848893778835e+04
2.085673891982620989e+04
2.097463556047538805e+04
2.110493693449643615e+04
2.124764141009056038e+04
2.140274720005027120e+04
2.157025236175832106e+04
2.175015479718793722e+04
2.194245225290342205e+04
2.214714232005909798e+04
2.236422243440051534e+04
2.259368987626339731e+04
2.283554177057461129e+04
2.308977508685105204e+04
2.335638663920053659e+04
2.363537308632127679e+04
2.392673093150309069e+04
2.423045652262438307e+04
2.454654605215637275e+04
2.487499555715961105e+04
2.521580091928596448e+04
2.556895786477707588e+04
2.593446196446620888e+04
2.631230863377610876e+04
2.670249313272142899e+04
2.710501056590662120e+04
2.751985588252682646e+04
2.794702387636819549e+04
2.838650918580666985e+04
2.883830629381009203e+04
2.930240952793580072e+04
2.977881306033244255e+04
3.026751090773874603e+04
3.076849693148445294e+04
3.128176483748999453e+04
3.180730817626560020e+04
3.234512034291370946e+04
3.289519457712594885e+04
3.345752396318493993e+04
3.403210142996461946e+04
3.461891975092779467e+04
3.521797154413101089e+04
2.039127921961410902e+04
2.039749614843556992e+04
2.041614685468630341e+04
2.044723109772560929e+04
2.049074847648512150e+04
2.054669842946971767e+04
2.061508023475675873e+04
2.069589300999640182e+04
2.078913571241143291e+04
2.089480713879773612e+04
2.101290592552352973e+04
2.114343054853027934e+04
2.128637932333185745e+04
2.144175040501484909e+04
2.160954178823893380e+04
2.178975130723620168e+04
2.198237663581153174e+04
2.218741528734297754e+04
2.240486461478083947e+04
2.263472181064844335e+04
2.287698390704160192e+04
2.313164777562951713e+04
2.339871012765343039e+04
2.367816751392774677e+04
2.397001632483958747e+04
2.427425279034832784e+04
2.459087297998697250e+04
2.491987280286078385e+04
2.526124800764773681e+04
2.561499418259882077e+04
2.598110675553774126e+04
2.635958099386031608e+04
2.675041200453597412e+04
2.715359473410687133e+04
2.756912396868726137e+04
2.799699433396502354e+04
2.843720029519954551e+04
2.888973615722443355e+04
2.935459606444449673e+04
2.983177400083907924e+04
3.032126378995932464e+04
3.082305909492848878e+04
3.133715341844375143e+04
3.186354010277469933e+04
3.240221232976273313e+04
3.295316312082346849e+04
3.351638533694494981e+04
3.409187167868700635e+04
3.467961468618341314e+04
3.527960673913912615e+04
2.042428058771732321e+04
2.043050688832052765e+04
2.044918570734436435e+04
2.048031679643092139e+04
2.052389974165127205e+04
2.057993396350373951e+04
2.064841871691570850e+04
2.072935309124212290e+04
2.082273601026667893e+04
2.092856623220124311e+04
2.104684234968537203e+04
2.117756278978761839e+04
2.132072581400408671e+04
2.147632951825964119e+04
2.164437183290715257e+04
2.182485052272772737e+04
2.201776318693055146e+04
2.222310725915334115e+04
2.244088000746175385e+04
2.267107853434997014e+04
2.291369977674003167e+04
2.316874050598289614e+04
2.343619732785706947e+04
2.371606668256875491e+04
2.400834484475459976e+04
2.431302792347651121e+04
2.463011186222684046e+04
2.495959243892563609e+04
2.530146526592064401e+04
2.565572578998853714e+04
2.602236929233337651e+04
2.640139088858844116e+04
2.679278552881411815e+04
2.719654799750060192e+04
2.761267291356459100e+04
2.804115473035199102e+04
2.848198773563702343e+04
2.893516605162130872e+04
2.940068363493598008e+04
2.987853427663897673e+04
3.036871160221774699e+04
3.087120907158653790e+04
3.138601997908972407e+04
3.191313745349786041e+04
3.245255445801133828e+04
3.300426379025824281e+04
3.356825808229405084e+04
3.414452980060468690e+04
3.473307124610104074e+04
3.533387455412533745e+04
2.045301069248724525e+04
2.045924504015488128e+04
2.047794799773555496e+04
2.050911930896260674e+04
2.055275854672489368e+04
2.060886511306693865e+04
2.067743823918863200e+04
2.075847698544559171e+04
2.085198024134888328e+04
2.095794672556507794e+04
2.107637498591641997e+04
2.120726339938081219e+04
2.135061017209151760e+04
2.150641333933723945e+04
2.167467076556241955e+04
2.185538014436709273e+04
2.204853899850703237e+04
2.225414467989283730e+04
2.247219436959160885e+04
2.270268507782505549e+04
2.294561364397138095e+04
2.320097673656346160e+04
2.346877085329045440e+04
2.374899232099657456e+04
2.404163729568214694e+04
2.434670176250195436e+04
2.466418153576766417e+04
2.499407225894568182e+04
2.533636940465809676e+04
2.569106827468294796e+04
2.605816399995304164e+04
2.643765154055775565e+04
2.682952568574091856e+04
2.723378105390262863e+04
2.765041209259864627e+04
2.807941307853949911e+04
2.852077811759227188e+04
2.897450114477881652e+04
2.944057592427755662e+04
2.991899604942045698e+04
3.040975494269726551e+04
3.091284585575188612e+04
3.142826186938479077e+04
3.195599589355090939e+04
3.249604066736143432e+04
3.304838875908262708e+04
3.361303256613731355e+04
3.418996431510246475e+04
3.477917606171195075e+04
3.538065969085437246e+04
2.047735099571248793e+04
2.048359202988649486e+04
2.050231504428537301e+04
2.053351977453985455e+04
2.057720578003439368e+04
2.063337244390731939e+04
2.070201897305067541e+04
2.078314439811022748e+04
2.087674757348554340e+04
2.098282717733036407e+04
2.110138171155161399e+04
2.123240950181032895e+04
2.137590869752140497e+04
2.153187727185354379e+04
2.170031302172893993e+04
2.188121356782380462e+04
2.207457635456815478e+04
2.228039865014564566e+04
2.249867754649388371e+04
2.272940995930412100e+04
2.297259262802147714e+04
2.322822211584525576e+04
2.349629480972786769e+04
2.377680692037544577e+04
2.406975448224905631e+04
2.437513335356197786e+04
2.469293921628256430e+04
2.502316757613213485e+04
2.536581376258679302e+04
2.572087292887499643e+04
2.608834005198059458e+04
2.646820993263948549e+04
2.686047719534265707e+04
2.726513628833496841e+04
2.768218148361393105e+04
2.811160687693184809e+04
2.855340638779459186e+04
2.900757375946159300e+04
2.947410255894616421e+04
2.995298617701549301e+04
3.044421782819093278e+04
3.094779055074619828e+04
3.146369720671069808e+04
3.199193048186619490e+04
3.253248288574953403e+04
3.308534675164931832e+04
3.365051423661043373e+04
3.422797732143013855e+04
3.481772781065956224e+04
3.541975733260309062e+04
2.049716047422559132e+04
2.050340679131265279e+04
2.052214565168522677e+04
2.055337678267672527e+04
2.059709972984289197e+04
2.065331385696193320e+04
2.072201834603455063e+04
2.080321219728352662e+04
2.089689422915368414e+04
2.100306307831306185e+04
2.112171719965112788e+04
2.125285486628012950e+04
2.139647416953486390e+04
2.155257301897169600e+04
2.172114914237022094e+04
2.190220008573176892e+04
2.209572321328035468e+04
2.230171570746203361e+04
2.252017456894554925e+04
2.275109661662115104e+04
2.299447848760276611e+04
2.325031663722575104e+04
2.351860733904747394e+04
2.379934668484868962e+04
2.409253058463218622e+04
2.439815476662200308e+04
2.471621477726572994e+04
2.504670598123326999e+04
2.538962356141564669e+04
2.574496251892803048e+04
2.611271767310639189e+04
2.649288366150994989e+04
2.688545493991932744e+04
2.729042578233899621e+04
2.770779028099423158e+04
2.813754234633294618e+04
2.857967570702658122e+04
2.903418390996769813e+04
2.950106032027088077e+04
2.998029812127454716e+04
3.047189031453793359e+04
3.097582971984411415e+04
3.149210897519697028e+04
3.202072053682331898e+04
3.256165667917290557e+04
3.311490949491750507e+04
3.368047089494969987e+04
3.425833260838711431e+04
3.484848618256788905e+04
3.545092298305280565e+04
2.051231714543678027e+04
2.051856730397844149e+04
2.053731768588356135e+04
2.056856800999329062e+04
2.061231780770897967e+04
2.066856642299285159e+04
2.073731301236769650e+04
2.081855654491679888e+04
2.091229580228408304e+04
2.101852937867435321e+04
2.113725568085275518e+04
2.126847292814500179e+04
2.141217915243760217e+04
2.156837219817763616e+04
2.173704972237275433e+04
2.191820919459109791e+04
2.211184789696191365e+04
2.231796292417417862e+04
2.253655118347857569e+04
2.276760939468537617e+04
2.301113409016609876e+04
2.326712161485268734e+04
2.353556812623795122e+04
2.381646959437466649e+04
2.410982180187693302e+04
2.441562034391881753e+04
2.473386062823525936e+04
2.506453787512297640e+04
2.540764711743668158e+04
2.576318320059453981e+04
2.613114078257331130e+04
2.651151433391108367e+04
2.690429813770727560e+04
2.730948628962020666e+04
2.772707269786981851e+04
2.815705108323770037e+04
2.859941497906402219e+04
2.905415773125120540e+04
2.952127249826086336e+04
3.000075225111655891e+04
3.049258977340226193e+04
3.099677766126145070e+04
3.151330832339923654e+04
3.204217398108085035e+04
3.258336666813253396e+04
3.313687823094127089e+04
3.370270032845382957e+04
3.428082443217832770e+04
3.487124182618299528e+04
3.547394360709768080e+04
2.052273292772307832e+04
2.052898545760929846e+04
2.054774295065196202e+04
2.057900511700306015e+04
2.062277147358251386e+04
2.067904134407869424e+04
2.074781385894705818e+04
2.082908795541190193e+04
2.092286237746505503e+04
2.102913567586665522e+04
2.114790620814475551e+04
2.127917213859510957e+04
2.142293143828176835e+04
2.157918188503685815e+04
2.174792106346012588e+04
2.192914636491968849e+04
2.212285498755151639e+04
2.232904393625949524e+04
2.254771002271566613e+04
2.277884986536021825e+04
2.302245988940042662e+04
2.327853632681308227e+04
2.354707521634190925e+04
2.382807240349848144e+04
2.412152354056282275e+04
2.442742408658371642e+04
2.474576930737596922e+04
2.507655427552405672e+04
2.541977387038029337e+04
2.577542277806393759e+04
2.614349549146330173e+04
2.652398631023455164e+04
2.691688934080108811e+04
2.732219849635536593e+04
2.773990749685708579e+04
2.817000986903379453e+04
2.861249894638240221e+04
2.906736786916583878e+04
2.953460958441670664e+04
3.001421684593454484e+04
3.050618221428733887e+04
3.101049805681153157e+04
3.152715654761050246e+04
3.205614966755638306e+04
3.259746920428854719e+04
3.315110675221603742e+04
3.371705371251422184e+04
3.429530129312570352e+04
3.488584050876519177e+04
3.548866218091006886e+04
2.052833217383317606e+04
2.053458558026757964e+04
2.055334569999255837e+04
2.058461223427381628e+04
2.062838468522136100e+04
2.068466235578891065e+04
2.075344434977409765e+04
2.083472957181857055e+04
2.092851672740759386e+04
2.103480432287066651e+04
2.115359066538106345e+04
2.128487386295614488e+04
2.142865182445704340e+04
2.158492225958896961e+04
2.175368267890045536e+04
2.193493039378480171e+04
2.212866251647884928e+04
2.233487596006345120e+04
2.255356743846293102e+04
2.278473346644614139e+04
2.302837035962556911e+04
2.328447423445777531e+04
2.355304100824271882e+04
2.383406639912542960e+04
2.412754592609356405e+04
2.443347490897910393e+04
2.475184846845816719e+04
2.508266152605089519e+04
2.542590880412171828e+04
2.578158482587726394e+04
2.614968391536998024e+04
2.653020019749571293e+04
2.692312759799369815e+04
2.732845984344718818e+04
2.774619046128403352e+04
2.817631277977519130e+04
2.861881992803622052e+04
2.907370483602608147e+04
2.954096023454803799e+04
3.002057865524875524e+04
3.051255243061980946e+04
3.101687369399557065e+04
3.153353437955471600e+04
3.206252622232022986e+04
3.260384075815848701e+04
3.315746932377987832e+04
3.372340305673939292e+04
3.430163289543512656e+04
3.489214957910917292e+04
3.549494364784823119e+04
2.052908050301190815e+04
2.053533328186911967e+04
2.055409151583429048e+04
2.058535489708871683e+04
2.062912291260045095e+04
2.068539484412553793e+04
2.075416976820679338e+04
2.083544655617500393e+04
2.092922387414750847e+04
2.103550018303000616e+04
2.115427373851465018e+04
2.128554259108136466e+04
2.142930458599751728e+04
2.158555736331754815e+04
2.175429835788349737e+04
2.193552479932463757e+04
2.212923371205753574e+04
2.233542191528613330e+04
2.255408602300212806e+04
2.278522244398391194e+04
2.302882738179732769e+04
2.328489683479650193e+04
2.355342659612157877e+04
2.383441225370112807e+04
2.412784919025034469e+04
2.443373258327210351e+04
2.475205740505650101e+04
2.508281842268145920e+04
2.542601019801168150e+04
2.578162708769923483e+04
2.614966324318417537e+04
2.653011261069271495e+04
2.692296893124027338e+04
2.732822574062750573e+04
2.774587636944397673e+04
2.817591394306600705e+04
2.861833138165760101e+04
2.907312140016892954e+04
2.954027650833965163e+04
3.001978901069469430e+04
3.051165100654785783e+04
3.101585438999882172e+04
3.153239084993613869e+04
3.206125187003514293e+04
3.260242872875763351e+04
3.315591249935459928e+04
3.372169404986228619e+04
3.429976404310642829e+04
3.489011293669833685e+04
3.549273098303729057e+04
2.052496813762907914e+04
2.053121878436089173e+04
2.054997061885486255e+04
2.058122332400693995e+04
2.062497637130968360e+04
2.068122902085299938e+04
2.074998032132422668e+04
2.083122911000759632e+04
2.092497401278440884e+04
2.103121344413314728e+04
2.114994560712966631e+04
2.128116849344648290e+04
2.142487988335369664e+04
2.158107734571831315e+04
2.174975823800438593e+04
2.193091970627339470e+04
2.212455868518395437e+04
2.233067189799150219e+04
2.254925585654867245e+04
2.278030686130568938e+04
2.302382100130883555e+04
2.327979415420304576e+04
2.354822198622938959e+04
2.382909995222598809e+04
2.412242329562862506e+04
2.442818704847013578e+04
2.474638603137979590e+04
2.507701485358514401e+04
2.542006791290987167e+04
2.577553939577592246e+04
2.614342327720047979e+04
2.652371332079959029e+04
2.691640307878666863e+04
2.732148589197034380e+04
2.773895488975843546e+04
2.816880299015368291e+04
2.861102289975860913e+04
2.906560711377096595e+04
2.953254791598616430e+04
3.001183737879728142e+04
3.050346736319321644e+04
3.100742951876114967e+04
3.152371528368560757e+04
3.205231588474695309e+04
3.259322233732351742e+04
3.314642544539159280e+04
3.371191580152268580e+04
3.428968378688690427e+04
3.487971957125076733e+04
3.548201311297847133e+04
2.051593968269275865e+04
2.052218667694061514e+04
2.054092755082084841e+04
2.057216197774247848e+04
2.061588941338785298e+04
2.067210909571129741e+04
2.074082004494092325e+04
2.082202106357719094e+04
2.091571073639336828e+04
2.102188743043545037e+04
2.114054929502261439e+04
2.127169426174668843e+04
2.141532004447208237e+04
2.157142413933623538e+04
2.174000382474939033e+04
2.192105616139467020e+04
2.211457799222777612e+04
2.232056594247766770e+04
2.253901641964572991e+04
2.276992561350622782e+04
2.301328949610630661e+04
2.326910382176599160e+04
2.353736412707818818e+04
2.381806573090822712e+04
2.411120373439462128e+04
2.441677302094892002e+04
2.473476825625493802e+04
2.506518388826922819e+04
2.540801414722166737e+04
2.576325304561517623e+04
2.613089437822479158e+04
2.651093172209887780e+04
2.690335843655763529e+04
2.730816766319609815e+04
2.772535232587961218e+04
2.815490513074837509e+04
2.859681856621470433e+04
2.905108490296333912e+04
2.951769619395236077e+04
2.999664427441226871e+04
3.048792076184660255e+04
3.099151705603162554e+04
3.150742433901662662e+04
3.203563357512393850e+04
3.257613551094770082e+04
3.312892067535600654e+04
3.369397937948937033e+04
3.427130171676071768e+04
3.486087756285602518e+04
3.546269657573429868e+04
2.050184911997424206e+04
2.050809089506446981e+04
2.052681610824250311e+04
2.055802442323101786e+04
2.060171527956822320e+04
2.065788789260705016e+04
2.072654125351618859e+04
2.080767412927881742e+04
2.090128506269381251e+04
2.100737237237490262e+04
2.112593415275136795e+04
2.125696827406735247e+04
2.140047238238238060e+04
2.155644389957099702e+04
2.172488002332306496e+04
2.190577772714368621e+04
2.209913376035281908e+04
2.230494464808627163e+04
2.252320669129403541e+04
2.275391596674216999e+04
2.299706832701197709e+04
2.325265940049878918e+04
2.352068459141476706e+04
2.380113907978557108e+04
2.409401782145323523e+04
2.439931554807541761e+04
2.471702676712266111e+04
2.504714576188325736e+04
2.538966659145929225e+04
2.574458309076847581e+04
2.611188887054352745e+04
2.649157731733278706e+04
2.688364159349900365e+04
2.728807463722053581e+04
2.770486916249107526e+04
2.813401765911900657e+04
2.857551239272864404e+04
2.902934540475932226e+04
2.949550851246476668e+04
2.997399330891463615e+04
3.046479116299360612e+04
3.096789321940135051e+04
3.148329039865348022e+04
3.201097339707939682e+04
3.255093268682533744e+04
3.310315851585134078e+04
3.366764090793245850e+04
3.424436966266148374e+04
3.483333435544349049e+04
3.543452433749977354e+04
2.048254670253603035e+04
2.048878164409825331e+04
2.050748635339770408e+04
2.053866048427251735e+04
2.058230345978571131e+04
2.063841447222618444e+04
2.070699248310787152e+04
2.078803622317006375e+04
2.088154419237768525e+04
2.098751465992040539e+04
2.110594566421385389e+04
2.123683501289838023e+04
2.138018028284030515e+04
2.153597882013089838e+04
2.170422774008678243e+04
2.188492392725008176e+04
2.207806403538787345e+04
2.228364448749319490e+04
2.250166147578405071e+04
2.273211096170340898e+04
2.297498867592033275e+04
2.323029011832871402e+04
2.349801055804785574e+04
2.377814503342248645e+04
2.407068835202305127e+04
2.437563509064420941e+04
2.469297959530679873e+04
2.502271598125753371e+04
2.536483813296733206e+04
2.571933970413222778e+04
2.608621411767550671e+04
2.646545456574343189e+04
2.685705400970921983e+04
2.726100518017149807e+04
2.767730057695250071e+04
2.810593246910169182e+04
2.854689289489276052e+04
2.900017366182510159e+04
2.946576634662384458e+04
2.994366229523863149e+04
3.043385262284512646e+04
3.093632821384350245e+04
3.145107972186087864e+04
3.197809756974735501e+04
3.251737194958028704e+04
3.306889282266153168e+04
3.363264991951928096e+04
3.420863273990531889e+04
3.479683055279777909e+04
3.539723239640048996e+04
2.045793119818161722e+04
2.046415766014350447e+04
2.048283692728159440e+04
2.051396864335182181e+04
2.055755221461458859e+04
2.061358680983425802e+04
2.068207136027937668e+04
2.076300455972242708e+04
2.085638486444031514e+04
2.096221049321381361e+04
2.108047942732779848e+04
2.121118941057140182e+04
2.135433794923786263e+04
2.150992231212444312e+04
2.167793953053258883e+04
2.185838639826768849e+04
2.205125947163954334e+04
2.225655506946183596e+04
2.247426927305241406e+04
2.270439792623316680e+04
2.294693663533053041e+04
2.320188076917414219e+04
2.346922545909849941e+04
2.374896559894250458e+04
2.404109584504810118e+04
2.434561061626270020e+04
2.466250409393584778e+04
2.499177022192331424e+04
2.533340270658391091e+04
2.568739501678070883e+04
2.605374038388102417e+04
2.643243180175583620e+04
2.682346202678127156e+04
2.722682357783621046e+04
2.764250873630438218e+04
2.807050954607408858e+04
2.851081781353665792e+04
2.896342510758828939e+04
2.942832275962882704e+04
2.990550186356297854e+04
3.039495327579940204e+04
3.089666761524949834e+04
3.141063526333042682e+04
3.193684636396301357e+04
3.247529082357201696e+04
3.302595831108556013e+04
3.358883825793782307e+04
3.416391985806543380e+04
3.475119206790926546e+04
3.535064360641505482e+04
2.042792838009798652e+04
2.043414469351940352e+04
2.045279351160972146e+04
2.048387446784772692e+04
2.052738695136410388e+04
2.058333010694241239e+04
2.065170283501826634e+04
2.073250379167999927e+04
2.082573138866791851e+04
2.093138379337498554e+04
2.104945892884643399e+04
2.117995447378014796e+04
2.132286786252590537e+04
2.147819628508636742e+04
2.164593668711624196e+04
2.182608576992280723e+04
2.201863999046562094e+04
2.222359556135688763e+04
2.244094845086063651e+04
2.267069438289399841e+04
2.291282883702585241e+04
2.316734704847779722e+04
2.343424400812394379e+04
2.371351446249051878e+04
2.400515291375601737e+04
2.430915361975166888e+04
2.462551059396112760e+04
2.495421760552017076e+04
2.529526817921669135e+04
2.564865559549161844e+04
2.601437289043830606e+04
2.639241285580162003e+04
2.678276803897976424e+04
2.718543074302245441e+04
2.760039302663305352e+04
2.802764670416551598e+04
2.846718334562774544e+04
2.891899427667946657e+04
2.938307057863251612e+04
2.985940308845207619e+04
3.034798239875423315e+04
3.084879885780901532e+04
3.136184256953735166e+04
3.188710339351382572e+04
3.242457094496421632e+04
3.297423459476825519e+04
3.353608346945687663e+04
3.411010645121314155e+04
3.469629217787345260e+04
3.529462904292631720e+04
2.039249782125140700e+04
2.039870230562254073e+04
2.041731563307143733e+04
2.044833742660413554e+04
2.049176705789758125e+04
2.054760364729940920e+04
2.061584606382803031e+04
2.069649292517275899e+04
2.078954259769337295e+04
2.089499319642080445e+04
2.101284258505635808e+04
2.114308837597226011e+04
2.128572793021157850e+04
2.144075835748814643e+04
2.160817651618617674e+04
2.178797901336133509e+04
2.198016220473944850e+04
2.218472219471747667e+04
2.240165483636276986e+04
2.263095573141375280e+04
2.287262023027960822e+04
2.312664343204005490e+04
2.339302018444595888e+04
2.367174508391811469e+04
2.396281247554937363e+04
2.426621645310206077e+04
2.458195085901024868e+04
2.491000928437824768e+04
2.525038506898151172e+04
2.560307130126511765e+04
2.596806081834681027e+04
2.634534620601334609e+04
2.673491979872324009e+04
2.713677367960523770e+04
2.755089968045922433e+04
2.797728938175623625e+04
2.841593411263663074e+04
2.886682495091342207e+04
2.932995272306864717e+04
2.980530800425609777e+04
3.029288111830010166e+04
3.079266213769611932e+04
3.130464088360925598e+04
3.182880692587696103e+04
3.236514958300570652e+04
3.291365792217433045e+04
3.347432075923128286e+04
3.404712665869647026e+04
3.463206393376034248e+04
3.522912064628447843e+04
2.035165692719465369e+04
2.035784790989926842e+04
2.037642072879286206e+04
2.040737499621377356e+04
2.045071006606015726e+04
2.050642503378889887e+04
2.057451873641586280e+04
2.065498975251663796e+04
2.074783640222540271e+04
2.085305674723569246e+04
2.097064859080008682e+04
2.110060947773043517e+04
2.124293669439756195e+04
2.139762726873148858e+04
2.156467797022158629e+04
2.174408530991589214e+04
2.193584554042187665e+04
2.213995465590626918e+04
2.235640839209448313e+04
2.258520222627187832e+04
2.282633137728165093e+04
2.307979080552740925e+04
2.334557521297150015e+04
2.362367904313487088e+04
2.391409648109826594e+04
2.421682145350132487e+04
2.453184762854258952e+04
2.485916841598039537e+04
2.519877696713107798e+04
2.555066617487166877e+04
2.591482867363659534e+04
2.629125683942099204e+04
2.667994278977766953e+04
2.708087838381986148e+04
2.749405522221938372e+04
2.791946464720725271e+04
2.835709774257338722e+04
2.880694533366719770e+04
2.926899798739668768e+04
2.974324601222936690e+04
3.022967945819254965e+04
3.072828811687092093e+04
3.123906152140989434e+04
3.176198894651406590e+04
3.229705940844572251e+04
3.284426166502786509e+04
3.340358421564118180e+04
3.397501530122644908e+04
3.455854290428396780e+04
3.515415474887200980e+04
2.030542918169180484e+04
2.031160499984472699e+04
2.033013232146201335e+04
2.036101074802028597e+04
2.040423961531359964e+04
2.045981799345395120e+04
2.052774468687061744e+04
2.060801823431090088e+04
2.070063690883936579e+04
2.080559871783862036e+04
2.092290140300876010e+04
2.105254244036730961e+04
2.119451904025004114e+04
2.134882814730970858e+04
2.151546644051738258e+04
2.169443033316118454e+04
2.188571597284726522e+04
2.208931924149935003e+04
2.230523575535880809e+04
2.253346086498459044e+04
2.277398965525329186e+04
2.302681694535961651e+04
2.329193728881546122e+04
2.356934497345052296e+04
2.385903402141138940e+04
2.416099818916397271e+04
2.447523096749076285e+04
2.480172558149176257e+04
2.514047499058506219e+04
2.549147188850656676e+04
2.585470870330906837e+04
2.623017759736346125e+04
2.661787046735844342e+04
2.701777894430081869e+04
2.742989439351428518e+04
2.785420791463972637e+04
2.829071034163704826e+04
2.873939224278274196e+04
2.920024392067201188e+04
2.967325541221604362e+04
3.015841648864594754e+04
3.065571665550820762e+04
3.116514515266832314e+04
3.168669095430929156e+04
3.222034276893160859e+04
3.276608903935326816e+04
3.332391794271006802e+04
3.389381739045560244e+04
3.447577502836126223e+04
3.506977823651504877e+04
2.025374151599097240e+04
2.025990048348315395e+04
2.027837724943401554e+04
2.030917140426534752e+04
2.035228226534771602e+04
2.040770887699962623e+04
2.047545001048759514e+04
2.055550416402623523e+04
2.064786956277847275e+04
2.075254415885516937e+04
2.086952563131550778e+04
2.099881138616645694e+04
2.114039855636375796e+04
2.129428400181048710e+04
2.146046430935840908e+04
2.163893579280731137e+04
2.182969449290498960e+04
2.203273617734718573e+04
2.224805634077809736e+04
2.247565020479032682e+04
2.271551271792350235e+04
2.296763855566678103e+04
2.323202212045665146e+04
2.350865754167746854e+04
2.379753867566220651e+04
2.409865910569230255e+04
2.441201214199584865e+04
2.473759082175122967e+04
2.507538790908286683e+04
2.542539589506516859e+04
2.578760699771919462e+04
2.616201316201477312e+04
2.654860605986990049e+04
2.694737709015013752e+04
2.735831737867010816e+04
2.778141777819200797e+04
2.821666886842558597e+04
2.866406095603027279e+04
2.912358407461215393e+04
2.959522798472638169e+04
3.007898217387537443e+04
3.057483585651031171e+04
3.108277797403025033e+04
3.160279719478269908e+04
3.213488191406304395e+04
3.267902025411452269e+04
3.323520006412915245e+04
3.380340892024590721e+04
3.438363412555403193e+04
3.497586271008822223e+04
2.019647375451972766e+04
2.020261414579408665e+04
2.022103517934404590e+04
2.025173643434929181e+04
2.029471720944366098e+04
2.034997652271363040e+04
2.041751311169923429e+04
2.049732543339420590e+04
2.058941166424513722e+04
2.069376970015234110e+04
2.081039715646920740e+04
2.093929136800276683e+04
2.108044938901328715e+04
2.123386799321421495e+04
2.139954367377284507e+04
2.157747264330904000e+04
2.176765083389682331e+04
2.197007389706307731e+04
2.218473720378809230e+04
2.241163584450623603e+04
2.265076462910367991e+04
2.290211808692144405e+04
2.316569046675340360e+04
2.344147573684646704e+04
2.372946758490131106e+04
2.402965941807178751e+04
2.434204436296507265e+04
2.466661526564196902e+04
2.500336469161659988e+04
2.535228492585580898e+04
2.571336797278066297e+04
2.608660555626495989e+04
2.647198911963581122e+04
2.686950982567486790e+04
2.727915855661558453e+04
2.770092591414534763e+04
2.813480221940547563e+04
2.858077751298939620e+04
2.903884155494536753e+04
2.950898382477407722e+04
2.999119352142952266e+04
3.048545956331963680e+04
3.099177058830506576e+04
3.151011495370069679e+04
3.204048073627351550e+04
3.258285573224475229e+04
3.313722745728955488e+04
3.370358314653458365e+04
3.428190975456133310e+04
3.487219395540432743e+04
2.013352794412609728e+04
2.013964800210260364e+04
2.015800803195027765e+04
2.018860760142365325e+04
2.023144599011303944e+04
2.028652218944527340e+04
2.035383490268350215e+04
2.043338254492694614e+04
2.052516324311128847e+04
2.062917483600775449e+04
2.074541487422485807e+04
2.087388062020628786e+04
2.101456904823256264e+04
2.116747684442066020e+04
2.133260040672303148e+04
2.150993584492895752e+04
2.169947898066387279e+04
2.190122534738884497e+04
2.211517019040244850e+04
2.234130846683789787e+04
2.257963484566592524e+04
2.283014370769281595e+04
2.309282914556115429e+04
2.336768496375013274e+04
2.365470467857479161e+04
2.395388151818618280e+04
2.426520842257286859e+04
2.458867804355759290e+04
2.492428274480062100e+04
2.527201460179912829e+04
2.563186540188447179e+04
2.600382664422613743e+04
2.638788953982900057e+04
2.678404501153424280e+04
2.719228369401905002e+04
2.761259593379751823e+04
2.804497178921913655e+04
2.848940103047031516e+04
2.894587313957345032e+04
2.941437731038695347e+04
2.989490244860553503e+04
3.038743717176051359e+04
3.089196980921891009e+04
3.140848840218465193e+04
3.193698070369706693e+04
3.247743417863208742e+04
3.302983600370225759e+04
3.359417306745581300e+04
3.417043197027729911e+04
3.475859902438757126e+04
2.006484819726028945e+04
2.007094614861572700e+04
2.008923985473158245e+04
2.011972887175716096e+04
2.016241245994054407e+04
2.021728958362950652e+04
2.028435891127128343e+04
2.036361881541203547e+04
2.045506737269783844e+04
2.055870236387340628e+04
2.067452127378328441e+04
2.080252129137155134e+04
2.094269930968107292e+04
2.109505192585440091e+04
2.125957544113324184e+04
2.143626586085914096e+04
2.162511889447212889e+04
2.182612995551244239e+04
2.203929416161910558e+04
2.226460633453098126e+04
2.250206100008563226e+04
2.275165238822046376e+04
2.301337443297203936e+04
2.328722077247615016e+04
2.357318474896889529e+04
2.387125940878346955e+04
2.418143750235564585e+04
2.450371148421679027e+04
2.483807351300129085e+04
2.518451545144034753e+04
2.554302886636560288e+04
2.591360502870763230e+04
2.629623491349623873e+04
2.669090919986138033e+04
2.709761827103163159e+04
2.751635221433510378e+04
2.794710082119915387e+04
2.838985358715065740e+04
2.884459971181574292e+04
2.931132809891944999e+04
2.979002735628758455e+04
3.028068579584396502e+04
3.078329143361164097e+04
3.129783198971381353e+04
3.182429488837290774e+04
3.236266725791059071e+04
3.291293593074684759e+04
3.347508744340333214e+04
3.404910803649848822e+04
3.463498365475182800e+04
1.999039811847175588e+04
1.999647218002867885e+04
2.001469421282172334e+04
2.004506376121912399e+04
2.008758006583487440e+04
2.014224206352787223e+04
2.020904838740269406e+04
2.028799736680965361e+04
2.037908702734405961e+04
2.048231509084704885e+04
2.059767897540488411e+04
2.072517579534973993e+04
2.086480236125908050e+04
2.101655517995565606e+04
2.118043045450781210e+04
2.135642408422942754e+04
2.154453166467980554e+04
2.174474848766362629e+04
2.195706954123117248e+04
2.218148950967815836e+04
2.241800277354559512e+04
2.266660340962031842e+04
2.292728519093452633e+04
2.320004158676541192e+04
2.348486576263621828e+04
2.378175058031532171e+04
2.409068859781715946e+04
2.441167206940069082e+04
2.474469294557093235e+04
2.508974287307804116e+04
2.544681319491852992e+04
2.581589495033313142e+04
2.619697887480894497e+04
2.659005540007759191e+04
2.699511465411796962e+04
2.741214646115228607e+04
2.784114034164940676e+04
2.828208551232364698e+04
2.873497088613415326e+04
2.919978507228673334e+04
2.967651637623142233e+04
3.016515279966430535e+04
3.066568204052691726e+04
3.117809149300592253e+04
3.170236824753374094e+04
3.223849909078883866e+04
3.278647050569421845e+04
3.334626867141802359e+04
3.391787946337596077e+04
3.450128845322615234e+04
1.991020969581730606e+04
1.991625809598576598e+04
1.993440314062937978e+04
1.996464436216259128e+04
2.000698098127607591e+04
2.006141190693741373e+04
2.012793573638994712e+04
2.020655075515378485e+04
2.029725493702501990e+04
2.040004594407628247e+04
2.051492112665672175e+04
2.064187752339133294e+04
2.078091186118202313e+04
2.093202055520676731e+04
2.109519970891976118e+04
2.127044511405187950e+04
2.145775225061015590e+04
2.165711628687798293e+04
2.186853207941514120e+04
2.209199417305770476e+04
2.232749680091804476e+04
2.257503388438514594e+04
2.283459903312359529e+04
2.310618554507588487e+04
2.338978640645897758e+04
2.368539429176750491e+04
2.399300156377194071e+04
2.431260027351921235e+04
2.464418216033209319e+04
2.498773865181101428e+04
2.534326086383104484e+04
2.571073960054521376e+04
2.609016535438179926e+04
2.648152830604552219e+04
2.688481832451816445e+04
2.730002496705735030e+04
2.772713747919715388e+04
2.816614479474749896e+04
2.861703553579536674e+04
2.907979801270387907e+04
2.955442022411261860e+04
3.004088985693730501e+04
3.053919428636982047e+04
3.104932057587878444e+04
3.157125547720897885e+04
3.210498543038132266e+04
3.265049656369410513e+04
3.320777469372023916e+04
3.377680532531061181e+04
3.435757365159133769e+04
1.982436022588156629e+04
1.983038121888777459e+04
1.984844403800320651e+04
1.987854820351769013e+04
1.992069291591466754e+04
1.997487705587082019e+04
2.004109918425630531e+04
2.011935754213436667e+04
2.020965005076156376e+04
2.031197431158845211e+04
2.042632760625808078e+04
2.055270689660740754e+04
2.069110882466641851e+04
2.084152971265856104e+04
2.100396556300051816e+04
2.117841205830283434e+04
2.136486456136852576e+04
2.156331811519453186e+04
2.177376744297119512e+04
2.199620694808193730e+04
2.223063071410342673e+04
2.247703250480602219e+04
2.273540576415340911e+04
2.300574361630212297e+04
2.328803886560247702e+04
2.358228399659856223e+04
2.388847117402626100e+04
2.420659224281674324e+04
2.453663872809314125e+04
2.487860183517204860e+04
2.523247244956473878e+04
2.559824113697444045e+04
2.597589814329785440e+04
2.636543339462514268e+04
2.676683649724054703e+04
2.718009673762056264e+04
2.760520308243576437e+04
2.804214417854988642e+04
2.849090835301952393e+04
2.895148361309566098e+04
2.942385764622152419e+04
2.990801782003472908e+04
3.040395118236483540e+04
3.091164446123639209e+04
3.143108406486589956e+04
3.196225608166453821e+04
3.250514628023483965e+04
3.305974010937521962e+04
3.362602269807545235e+04
3.420397885551907530e+04
1.973290407168193997e+04
1.973889592946556877e+04
1.975687133881600312e+04
1.978682980773093368e+04
1.982877051620698694e+04
1.988269231623909582e+04
1.994859373182104537e+04
2.002647295894485069e+04
2.011632786560145905e+04
2.021815599178019693e+04
2.033195454946909740e+04
2.045772042265487835e+04
2.059545016732242220e+04
2.074514001145568545e+04
2.090678585503686190e+04
2.108038327004707389e+04
2.126592750046559740e+04
2.146341346227056056e+04
2.167283574343870714e+04
2.189418860394539297e+04
2.212746597576430577e+04
2.237266146286826188e+04
2.262976834122749278e+04
2.289877955881244634e+04
2.317968773559096007e+04
2.347248516352980732e+04
2.377716380659421702e+04
2.409371530074865223e+04
2.442213095395527489e+04
2.476240174617517550e+04
2.511451832936836581e+04
2.547847102749256010e+04
2.585424983650591457e+04
2.624184442436217068e+04
2.664124413101641767e+04
2.705243796842175288e+04
2.747541462052837960e+04
2.791016244328663379e+04
2.835666946464516514e+04
2.881492338455063873e+04
2.928491157494863728e+04
2.976662107978336280e+04
3.026003861499763298e+04
3.076515056853289207e+04
3.128194300032858519e+04
3.181040164232399547e+04
3.235051189845580666e+04
3.290225884465962736e+04
3.346562722886968550e+04
3.404060147101972689e+04
1.963582940247829174e+04
1.964179039203698630e+04
1.965967319256090559e+04
1.968947729959343997e+04
1.973120187237319988e+04
1.978484573383479801e+04
1.985040737060830725e+04
1.992788493301926064e+04
2.001727623508872784e+04
2.011857875453324596e+04
2.023178963276525974e+04
2.035690567489223031e+04
2.049392334971791206e+04
2.064283878974075924e+04
2.080364779115537385e+04
2.097634581385174533e+04
2.116092798141539606e+04
2.135738908112746867e+04
2.156572356396448595e+04
2.178592554459874009e+04
2.201798880139797984e+04
2.226190677642565061e+04
2.251767257544027598e+04
2.278527896789682927e+04
2.306471838694475809e+04
2.335598292942965418e+04
2.365906435589264947e+04
2.397395409057086727e+04
2.430064322139575597e+04
2.463912249999551204e+04
2.498938234169296993e+04
2.535141282550800315e+04
2.572520369415390815e+04
2.611074435404104224e+04
2.650802387527528481e+04
2.691703099165685489e+04
2.733775410068362180e+04
2.777018126354657215e+04
2.821430020513404816e+04
2.867009831402932105e+04
2.913756264251090397e+04
2.961667990655374888e+04
3.010743648582774767e+04
3.060981842369740843e+04
3.112381142722491131e+04
3.164940086716645237e+04
3.218657177797437180e+04
3.273530885779655364e+04
3.329559646847550175e+04
3.386741863555076998e+04
1.953312604618971091e+04
1.953905442987843344e+04
1.955683940858860660e+04
1.958648046525263271e+04
1.962797673809101616e+04
1.968132702061279633e+04
1.974652976161481274e+04
1.982358306518259997e+04
1.991248469068932536e+04
2.001323205279709146e+04
2.012582222145586638e+04
2.025025192190393500e+04
2.038651753466774608e+04
2.053461509556185047e+04
2.069454029568942133e+04
2.086628848144164294e+04
2.104985465449779804e+04
2.124523347182563884e+04
2.145241924568116156e+04
2.167140594360853356e+04
2.190218718843993702e+04
2.214475625829648561e+04
2.239910608658616911e+04
2.266522926200680740e+04
2.294311802854342022e+04
2.323276428546993702e+04
2.353415958734785818e+04
2.384729514402685527e+04
2.417216182064597160e+04
2.450875013763106836e+04
2.485705027069798234e+04
2.521705205084829868e+04
2.558874496437389826e+04
2.597211815285451667e+04
2.636716041315746043e+04
2.677386019743910947e+04
2.719220561314280712e+04
2.762218442300187962e+04
2.806378404503660204e+04
2.851699155255543519e+04
2.898179367415620436e+04
2.945817679372400016e+04
2.994612695043239364e+04
3.044562983874341808e+04
3.095667080840636481e+04
3.147923486446082461e+04
3.201330666723242757e+04
3.255887053233618644e+04
3.311591043067528517e+04
3.368440998844076967e+04
1.942479060688227401e+04
1.943068464604190740e+04
1.944836658691103003e+04
1.947783589966085492e+04
1.951909170124349475e+04
1.957213275539129245e+04
1.963695747261794895e+04
1.971356391021762101e+04
1.980194977226505944e+04
1.990211240961616568e+04
2.001404881990735521e+04
2.013775564755603045e+04
2.027322918376004600e+04
2.042046536649831978e+04
2.057945978053021463e+04
2.075020765739608032e+04
2.093270387541724631e+04
2.112694295969511950e+04
2.133291908211253758e+04
2.155062606133295412e+04
2.178005736280040946e+04
2.202120609873994181e+04
2.227406502815665590e+04
2.253862655683739649e+04
2.281488273734930772e+04
2.310282526904074984e+04
2.340244549803931659e+04
2.371373441725548400e+04
2.403668266637941997e+04
2.437128053188159174e+04
2.471751794701382823e+04
2.507538449180901807e+04
2.544486939308020010e+04
2.582596152442177481e+04
2.621864940620828929e+04
2.662292120559504838e+04
2.703876473651871493e+04
2.746616745969640760e+04
2.790511648262599920e+04
2.835559855958581466e+04
2.881760009163554059e+04
2.929110712661531579e+04
2.977610535914603315e+04
3.027258013062964892e+04
3.078051642924795669e+04
3.129989888996472655e+04
3.183071179452356955e+04
3.237293907144945842e+04
3.292656429604812729e+04
3.349157069040575152e+04
1.931082965018026516e+04
1.931668760908314653e+04
1.933426130488085983e+04
1.936355019483971773e+04
1.940455337440342555e+04
1.945726957719345228e+04
1.952169717500919432e+04
1.959783417782644756e+04
1.968567823380006666e+04
1.978522662926123667e+04
1.989647628871944107e+04
2.001942377486117766e+04
2.015406528855100987e+04
2.030039666883074824e+04
2.045841339291973782e+04
2.062811057621509826e+04
2.080948297229118180e+04
2.100252497290019528e+04
2.120723060797194921e+04
2.142359354561343207e+04
2.165160709210954155e+04
2.189126419192219328e+04
2.214255742769182689e+04
2.240547902023551433e+04
2.268002082854824766e+04
2.296617434980301550e+04
2.326393071934914406e+04
2.357328071071485101e+04
2.389421473560499362e+04
2.422672284390228015e+04
2.457079472366755726e+04
2.492641970113860953e+04
2.529358674073015936e+04
2.567228444503537685e+04
2.606250105482528670e+04
2.646422444904722579e+04
2.687744214482760799e+04
2.730214129746946128e+04
2.773830870045276242e+04
2.818593078543684169e+04
2.864499362225675941e+04
2.911548291892631823e+04
2.959738402163657156e+04
3.009068191475580534e+04
3.059536122083014925e+04
3.111140620058298009e+04
3.163880075291611502e+04
3.217752841490740320e+04
3.272757236181374901e+04
3.328891540706899832e+04
1.919129178009325187e+04
1.919711193906566041e+04
1.921457223072388661e+04
1.924367209929194723e+04
1.928441061847623496e+04
1.933678649146569660e+04
1.940079805093182586e+04
1.947644325902880882e+04
1.956371970739345124e+04
1.966262461714465462e+04
1.977315483888439121e+04
1.989530685269702735e+04
2.002907676814932711e+04
2.017446032429105253e+04
2.033145288965419968e+04
2.050004946225324966e+04
2.068024466958543780e+04
2.087203276863071369e+04
2.107540764585102443e+04
2.129036281719140607e+04
2.151689142807943790e+04
2.175498625342478044e+04
2.200463969762040506e+04
2.226584379454152440e+04
2.253859020754528683e+04
2.282287022947245350e+04
2.311867478264563761e+04
2.342599441886977729e+04
2.374481931943379823e+04
2.407513929510757225e+04
2.441694378614435482e+04
2.477022186227986822e+04
2.513496222273200328e+04
2.551115319620203081e+04
2.589878274087277532e+04
2.629783844441074689e+04
2.670830752396371463e+04
2.713017682616343154e+04
2.756343282712259679e+04
2.800806163243851188e+04
2.846404897718882057e+04
2.893138022593605638e+04
2.941004037272250571e+04
2.990001404107563940e+04
3.040128548400449654e+04
3.091383858400028112e+04
3.143765685303696955e+04
3.197272343257130342e+04
3.251902109354310960e+04
3.307653223637377232e+04
1.906630052025676923e+04
1.907208119902800900e+04
1.908942304569101543e+04
1.911832549129333711e+04
1.915878758758041658e+04
1.921080800699617976e+04
1.927438504268282850e+04
1.934951660848090251e+04
1.943620023892905738e+04
1.953443308926436293e+04
1.964421193542185938e+04
1.976553317403530309e+04
1.989839282243633352e+04
2.004278651865501888e+04
2.019870952141968519e+04
2.036615671015662519e+04
2.054512258499107702e+04
2.073560126674586354e+04
2.093758649694253472e+04
2.115107163780043993e+04
2.137604967223766653e+04
2.161251320387039596e+04
2.186045445701302015e+04
2.211986527667795599e+04
2.239073712857650025e+04
2.267306109911760359e+04
2.296682789540924932e+04
2.327202784525616153e+04
2.358865089716315924e+04
2.391668662033255896e+04
2.425612420466404728e+04
2.460695246075708201e+04
2.496915981990908404e+04
2.534273433411423684e+04
2.572766367606739732e+04
2.612393513915928270e+04
2.653153563748067609e+04
2.695045170581973434e+04
2.738066949966317407e+04
2.782217479519567860e+04
2.827495298930080025e+04
2.873898909955975614e+04
2.921426776425202115e+04
2.970077324235595734e+04
3.019848941354757699e+04
3.070739977820115382e+04
3.122748745738984508e+04
3.175873519288446187e+04
3.230112534715438596e+04
3.285463990336696588e+04
1.893600118719245802e+04
1.894174075165786417e+04
1.895895925096753490e+04
1.898765610286242736e+04
1.902783033691078526e+04
1.907948059450783694e+04
1.914260512887661389e+04
1.921720180506675388e+04
1.930326809995578151e+04
1.940080110224797318e+04
1.950979751247541572e+04
1.963025364299680223e+04
1.976216541799870538e+04
1.990552837349461333e+04
2.006033765732528627e+04
2.022658802915914930e+04
2.040427386049145571e+04
2.059338913464466532e+04
2.079392744676889924e+04
2.100588200384140509e+04
2.122924562466657153e+04
2.146401073987612835e+04
2.171016939192911013e+04
2.196771323511165974e+04
2.223663353553759589e+04
2.251692117114725988e+04
2.280856663170925458e+04
2.311156001881893826e+04
2.342589104589842464e+04
2.375154903819808897e+04
2.408852293279445075e+04
2.443680127859291315e+04
2.479637223632441237e+04
2.516722357854814618e+04
2.554934268965007504e+04
2.594271656584411903e+04
2.634733181517064440e+04
2.676317465749798430e+04
2.719023092452152923e+04
2.762848605976341787e+04
2.807792511857375575e+04
2.853853276813000048e+04
2.901029328743576843e+04
2.949319056732322861e+04
2.998720811045131995e+04
3.049232903130602062e+04
3.100853605620007511e+04
3.153581152327569725e+04
3.207413738250003371e+04
3.262349519566881281e+04
1.880048310114163178e+04
1.880617994546112823e+04
1.882327027985631139e+04
1.885175350863694985e+04
1.889162863898673095e+04
1.894289428096188567e+04
1.900554864749271292e+04
1.907958955438220801e+04
1.916501442030713952e+04
1.926182026681749267e+04
1.937000371833634563e+04
1.948956100216044797e+04
1.962048794845956581e+04
1.976277999027699116e+04
1.991643216352940726e+04
2.008143910700641572e+04
2.025779506237131500e+04
2.044549387416062382e+04
2.064452898978432495e+04
2.085489345952547956e+04
2.107657993654060920e+04
2.130958067685954302e+04
2.155388753938526133e+04
2.180949198589435764e+04
2.207638508103688582e+04
2.235455749233536335e+04
2.264399949018661573e+04
2.294470094786053596e+04
2.325665134149979349e+04
2.357983975012120936e+04
2.391425485561406458e+04
2.425988494274194454e+04
2.461671789914089459e+04
2.498474121532096251e+04
2.536394198466465969e+04
2.575430690342848902e+04
2.615582227074234470e+04
2.656847398860918474e+04
2.699224756190506014e+04
2.742712809838030807e+04
2.787310030865683075e+04
2.833014850623203529e+04
2.879825660747489383e+04
2.927740813162836275e+04
2.976758620080878609e+04
3.026877354000558989e+04
3.078095247708248644e+04
3.130410494277475664e+04
3.183821247069257151e+04
3.238325619731828192e+04
1.865981079813748875e+04
1.866546333673196932e+04
1.868242074943585249e+04
1.871068242701100462e+04
1.875024735405948741e+04
1.880111410902524585e+04
1.886328086419264946e+04
1.893674538568749631e+04
1.902150503347631093e+04
1.911755676136658440e+04
1.922489711700730550e+04
1.934352224188804394e+04
1.947342787133940510e+04
1.961460933453327016e+04
1.976706155448217396e+04
1.993077904804006903e+04
2.010575592590180167e+04
2.029198589260295194e+04
2.048946224652058663e+04
2.069817787987237170e+04
2.091812527871722341e+04
2.114929652295525739e+04
2.139168328632710472e+04
2.164527683641487602e+04
2.191006803464112454e+04
2.218604733627034875e+04
2.247320479040733335e+04
2.277153003999834982e+04
2.308101232182980311e+04
2.340164046652989782e+04
2.373340289856817617e+04
2.407628763625446663e+04
2.443028229173978616e+04
2.479537407101664212e+04
2.517154977391752982e+04
2.555879579411733357e+04
2.595709811913093290e+04
2.636644233031408294e+04
2.678681360286464042e+04
2.721819670582105391e+04
2.766057600206174175e+04
2.811393544830752944e+04
2.857825859511983072e+04
2.905352858690033099e+04
2.953972816189343575e+04
3.003683965218260710e+04
3.054484498369371431e+04
3.106372567619291658e+04
3.159346284328785259e+04
3.213403719242705847e+04
1.851403871138844261e+04
1.851964537556947835e+04
1.853646516048009653e+04
1.856449744322405240e+04
1.860374118564087985e+04
1.865419493430582952e+04
1.871585682053015989e+04
1.878872456036045332e+04
1.887279545457947097e+04
1.896806638870558891e+04
1.907453383299328561e+04
1.919219384243221430e+04
1.932104205674856348e+04
1.946107370040355454e+04
1.961228358259495508e+04
1.977466609725570379e+04
1.994821522305490726e+04
2.013292452339745432e+04
2.032878714642371779e+04
2.053579582501007826e+04
2.075394287676885870e+04
2.098322020404793875e+04
2.122361929393097671e+04
2.147513121823749316e+04
2.173774663352287462e+04
2.201145578107813708e+04
2.229624848693068270e+04
2.259211416184249902e+04
2.289904180131240355e+04
2.321701998557485422e+04
2.354603687959964373e+04
2.388608023309279815e+04
2.423713738049597669e+04
2.459919524098677357e+04
2.497224031847811784e+04
2.535625870161917919e+04
2.575123606379505145e+04
2.615715766312587220e+04
2.657400834246861268e+04
2.700177252941496772e+04
2.744043423629348763e+04
2.788997706016713710e+04
2.835038418283632564e+04
2.882163837083620092e+04
2.930372197543753282e+04
2.979661693264794303e+04
3.030030476320947128e+04
3.081476657260130378e+04
3.133998305103796156e+04
3.187593447346838002e+04
1.836318132084890385e+04
1.836874054594379049e+04
1.838541800901081660e+04
1.841321307339656778e+04
1.845212467801214370e+04
1.850215133733271068e+04
1.856329114139839294e+04
1.863554175581346863e+04
1.871890042174640985e+04
1.881336395593052657e+04
1.891892875066309716e+04
1.903559077380608142e+04
1.916334556878594594e+04
1.930218825459330037e+04
1.945211352578326114e+04
1.961311565247554609e+04
1.978518848035393239e+04
1.996832543066678409e+04
2.016251950022713936e+04
2.036776326141186291e+04
2.058404886216279192e+04
2.081136802598591021e+04
2.104971205195154835e+04
2.129907181469479838e+04
2.155943776441457157e+04
2.183079992687453341e+04
2.211314790340338732e+04
2.240647087089291745e+04
2.271075758180056073e+04
2.302599636414682391e+04
2.335217512151818300e+04
2.368928133306478048e+04
2.403730205350075266e+04
2.439622391310513194e+04
2.476603311772153756e+04
2.514671544875757900e+04
2.553825626318515060e+04
2.594064049354195231e+04
2.635385264792724411e+04
2.677787681000821249e+04
2.721269663901360400e+04
2.765829536973797076e+04
2.811465581253984783e+04
2.858176035334296830e+04
2.905959095363353481e+04
2.954812915046477428e+04
3.004735605645206670e+04
3.055725235977661214e+04
3.107779832418357910e+04
3.160897378898183160e+04
1.820726653954966241e+04
1.821277676899035214e+04
1.822930724047932745e+04
1.825685730351756138e+04
1.829542587394053044e+04
1.834501143391707956e+04
1.840561203195064445e+04
1.847722528287863315e+04
1.855984836787236782e+04
1.865347803443728480e+04
1.875811059641281099e+04
1.887374193397257113e+04
1.900036749362402406e+04
1.913798228820913573e+04
1.928658089690346242e+04
1.944615746521670371e+04
1.961670570499290989e+04
1.979821889440988161e+04
1.999068987797947193e+04
2.019411106654805189e+04
2.040847443729535371e+04
2.063377153373577676e+04
2.086999346571724163e+04
2.111713090942233248e+04
2.137517410736730380e+04
2.164411286840231696e+04
2.192393656771188762e+04
2.221463414681466020e+04
2.251619411356296041e+04
2.282860454214369383e+04
2.315185307307729090e+04
2.348592691321846360e+04
2.383081283575635825e+04
2.418649718021333683e+04
2.455296585244650487e+04
2.493020432464709302e+04
2.531819763533955484e+04
2.571693038938337850e+04
2.612638675797158430e+04
2.654655047863161599e+04
2.697740485522475137e+04
2.741893275794548754e+04
2.787111662332426931e+04
2.833393845422385129e+04
2.880737981984202634e+04
2.929142185571011578e+04
2.978604526369387168e+04
3.029123031199287652e+04
3.080695683514143821e+04
3.133320423400649088e+04
1.804641983757854541e+04
1.805187955373374643e+04
1.806825848072344161e+04
1.809555595412219554e+04
1.813377086655373205e+04
1.818290166769118878e+04
1.824294636425763019e+04
1.831390252002491616e+04
1.839576725581491701e+04
1.848853724949905518e+04
1.859220873599785409e+04
1.870677750728176034e+04
1.883223891237056159e+04
1.896858785733312834e+04
1.911581880528865440e+04
1.927392577640512172e+04
1.944290234790052273e+04
1.962274165404195082e+04
1.981343638614612064e+04
2.001497879257946624e+04
2.022736067875757726e+04
2.045057340714576276e+04
2.068460789725888026e+04
2.092945462566111382e+04
2.118510362596604682e+04
2.145154448883734585e+04
2.172876636198725464e+04
2.201675795017824203e+04
2.231550751522263454e+04
2.262500287598080104e+04
2.294523140836372477e+04
2.327618004533239218e+04
2.361783527689567563e+04
2.397018315011337108e+04
2.433320926909376067e+04
2.470689879499544259e+04
2.509123644602641434e+04
2.548620649744346520e+04
2.589179278155370412e+04
2.630797868771302819e+04
2.673474716232734136e+04
2.717208070885226334e+04
2.761996138779189278e+04
2.807837081670125554e+04
2.854729017018386730e+04
2.902670017989263943e+04
2.951658113453049737e+04
3.001691287985007148e+04
3.052767481865278751e+04
3.104884591078947051e+04
1.788083641969675955e+04
1.788624416584184291e+04
1.790246717813435316e+04
1.792950477814535407e+04
1.796735583516040788e+04
1.801601876617905873e+04
1.807549153591480717e+04
1.814577165679581231e+04
1.822685618896404412e+04
1.831874174027568006e+04
1.842142446630115592e+04
1.853490007032496578e+04
1.865916380334564019e+04
1.879421046407621179e+04
1.894003439894390613e+04
1.909662950208939947e+04
1.926398921536830676e+04
1.944210652835022120e+04
1.963097397831863054e+04
1.983058365027151740e+04
2.004092717692075530e+04
2.026199573869242522e+04
2.049378006372687014e+04
2.073627042787863320e+04
2.098945665471637767e+04
2.125332811552289058e+04
2.152787372929484991e+04
2.181308196274342845e+04
2.210894083029446119e+04
2.241543789408691009e+04
2.273256026397423921e+04
2.306029459752426192e+04
2.339862710001974119e+04
2.374754352445537006e+04
2.410702917154200622e+04
2.447706888970454384e+04
2.485764707508072388e+04
2.524874767152384084e+04
2.565035417060062173e+04
2.606244961159184822e+04
2.648501658149355717e+04
2.691803721501401014e+04
2.736149319457733145e+04
2.781536575032138717e+04
2.827963566009748320e+04
2.875428324947218425e+04
2.923928839172549488e+04
2.973463050785115411e+04
3.024028856655877462e+04
3.075624108426988096e+04
1.771075154764791296e+04
1.771610594104117627e+04
1.773216889038591762e+04
1.775893970317785352e+04
1.779641722524327997e+04
1.784459984073858504e+04
1.790348547215103099e+04
1.797307158029783022e+04
1.805335516432682925e+04
1.814433276171674515e+04
1.824600044827631427e+04
1.835835383814469242e+04
1.848138808379182228e+04
1.861509787601752032e+04
1.875947744395277186e+04
1.891452055505874159e+04
1.908022051512633334e+04
1.925657016827828193e+04
1.944356189696645743e+04
1.964118762197419346e+04
1.984943880241447187e+04
2.006830643573114867e+04
2.029778105769871036e+04
2.053785274242151718e+04
2.078851110233494910e+04
2.104974528820442356e+04
2.132154398912613760e+04
2.160389543252646763e+04
2.189678738416250781e+04
2.220020714812138249e+04
2.251414156682100656e+04
2.283857702100976894e+04
2.317349942976640523e+04
2.351889425050012505e+04
2.387474647895063026e+04
2.424104064918780568e+04
2.461776083361201017e+04
2.500489064295500793e+04
2.540241322627783302e+04
2.581031127097200442e+04
2.622856700276042830e+04
2.665716218569559715e+04
2.709607812216078673e+04
2.754529565286975412e+04
2.800479515686644663e+04
2.847455655152589316e+04
2.895455929255301089e+04
2.944478237398288911e+04
2.994520432818171685e+04
3.045580322584676833e+04
1.753645710232050624e+04
1.754175685324889855e+04
1.755765587048312955e+04
1.758415344737052874e+04
1.762124840615653375e+04
1.766893909798500317e+04
1.772722340289753265e+04
1.779609872983436071e+04
1.787556201663376851e+04
1.796560973003215622e+04
1.806623786566410490e+04
1.817744194806262749e+04
1.829921703065876136e+04
1.843155769578144464e+04
1.857445805465863305e+04
1.872791174741549548e+04
1.889191194307598562e+04
1.906645133956226346e+04
1.925152216369444068e+04
1.944711617119090442e+04
1.965322464666814994e+04
1.986983840364117350e+04
2.009694778452300670e+04
2.033454266062449096e+04
2.058261243215550348e+04
2.084114602822319284e+04
2.111013190683343055e+04
2.138955805489028353e+04
2.167941198819592682e+04
2.197968075145035982e+04
2.229035091825274503e+04
2.261140859109946177e+04
2.294283940138514663e+04
2.328462850940377393e+04
2.363676060434590909e+04
2.399921990430084406e+04
2.437199015625749962e+04
2.475505463610049264e+04
2.514839614861496739e+04
2.555199702748268464e+04
2.596583913528411358e+04
2.638990386349814798e+04
2.682417213250088753e+04
2.726862439156896653e+04
2.772324061887441712e+04
2.818800032148919854e+04
2.866288253538247591e+04
2.914786582542274118e+04
2.964292828537600144e+04
3.014804753790576797e+04
1.735826919324722257e+04
1.736351311239983988e+04
1.737924462956599746e+04
1.740546302387156175e+04
1.744216709385909780e+04
1.748935515748841499e+04
1.754702505213670884e+04
1.761517413459773525e+04
1.769379928108264721e+04
1.778289688721967468e+04
1.788246286805428826e+04
1.799249265804860261e+04
1.811298121108226769e+04
1.824392300045193770e+04
1.838531201887114366e+04
1.853714177847071551e+04
1.869940531079866196e+04
1.887209516681984314e+04
1.905520341691627982e+04
1.924872165088709153e+04
1.945264097794862755e+04
1.966695202673425592e+04
1.989164494529434887e+04
2.012670940109645380e+04
2.037213458102511868e+04
2.062790919138243771e+04
2.089402145788683993e+04
2.117045912567421692e+04
2.145720945929754816e+04
2.175425924272728298e+04
2.206159477935064569e+04
2.237920189197150830e+04
2.270706592281142730e+04
2.304517173350935263e+04
2.339350370511995789e+04
2.375204573811667433e+04
2.412078125238895154e+04
2.449969318724349068e+04
2.488876400140452461e+04
2.528797567301292656e+04
2.569730969962741437e+04
2.611674709822242949e+04
2.654626840519055622e+04
2.698585367634132126e+04
2.743548248690118999e+04
2.789513393151446508e+04
2.836478662424057620e+04
2.884441869855800178e+04
2.933400780736155866e+04
2.983353112296359905e+04
1.717639178580467706e+04
1.718157874437580904e+04
1.719713937503395937e+04
1.722307294261455900e+04
1.725937822184293327e+04
1.730605349733438561e+04
1.736309656359457949e+04
1.743050472501924378e+04
1.750827479589414361e+04
1.759640310039526230e+04
1.769488547258879407e+04
1.780371725643082391e+04
1.792289330576772772e+04
1.805240798433601230e+04
1.819225516576231530e+04
1.834242823356347071e+04
1.850292008114615601e+04
1.867372311180732504e+04
1.885482923873435720e+04
1.904622988500439897e+04
1.924791598358478950e+04
1.945987797733308253e+04
1.968210581899681347e+04
1.991458897121393966e+04
2.015731640651218549e+04
2.041027660730962089e+04
2.067345756591460668e+04
2.094684678452495064e+04
2.123043127522957366e+04
2.152419756000654161e+04
2.182813167072526994e+04
2.214221914914378431e+04
2.246644504691115071e+04
2.280079392556702442e+04
2.314524985653982367e+04
2.349979642114946546e+04
2.386441671060492808e+04
2.423909332600578637e+04
2.462380837834249905e+04
2.501854348849368034e+04
2.542327978723035994e+04
2.583799791521202496e+04
2.626267802298904644e+04
2.669729977100208271e+04
2.714184232958086795e+04
2.759628437894662056e+04
2.806060410921024231e+04
2.853477922037200187e+04
2.901878692232306275e+04
2.951260393484486849e+04
1.699096651754780396e+04
1.699609542448494540e+04
1.701148189545726200e+04
1.703712518094865300e+04
1.707302403176519510e+04
1.711917669903573187e+04
1.717558093421098238e+04
1.724223398906459261e+04
1.731913261569260067e+04
1.740627306651360050e+04
1.750365109426820709e+04
1.761126195202011149e+04
1.772910039315509857e+04
1.785716067138120343e+04
1.799543654072939171e+04
1.814392125555294479e+04
1.830260757052739427e+04
1.847148774065105317e+04
1.865055352124424462e+04
1.883979616795037873e+04
1.903920643673480663e+04
1.924877458388543164e+04
1.946849036601285479e+04
1.969834304005007652e+04
1.993832136325219471e+04
2.018841359319715775e+04
2.044860748778546622e+04
2.071889030523955807e+04
2.099924880410465630e+04
2.128966924324883439e+04
2.159013738186210321e+04
2.190063847945627276e+04
2.222115729586766975e+04
2.255167809125305212e+04
2.289218462609248309e+04
2.324266016118842163e+04
2.360308745766633365e+04
2.397344877697226548e+04
2.435372588087739132e+04
2.474390003147315656e+04
2.514395199117461743e+04
2.555386202271893126e+04
2.597360988916625502e+04
2.640317485389823560e+04
2.684253568061891929e+04
2.729167063335626153e+04
2.775055747645971496e+04
2.821917347460081874e+04
2.869749539277411895e+04
2.918549949629687035e+04
1.680217532693169778e+04
1.680724514288946739e+04
1.682245433612183479e+04
1.684780214270608485e+04
1.688328728943732494e+04
1.692890799382916884e+04
1.698466196411292549e+04
1.705054639923832656e+04
1.712655798887302080e+04
1.721269291340308700e+04
1.730894684393228817e+04
1.741531494228297379e+04
1.753179186099502476e+04
1.765837174332697759e+04
1.779504822325535861e+04
1.794181442547437473e+04
1.809866296539704854e+04
1.826558594915399954e+04
1.844257497359429544e+04
1.862962112628474642e+04
1.882671498551053446e+04
1.903384662027489685e+04
1.925100559029942815e+04
1.947818094602325800e+04
1.971536122860417527e+04
1.996253446991787860e+04
2.021968819255804920e+04
2.048680940983710389e+04
2.076388462578445979e+04
2.105089983514850974e+04
2.134784052339576374e+04
2.165469166671057974e+04
2.197143773199483621e+04
2.229806267687005675e+04
2.263454994967469247e+04
2.298088248946502790e+04
2.333704272601698904e+04
2.370301257982343304e+04
2.407877346209473399e+04
2.446430627476153677e+04
2.485959141047017692e+04
2.526460875258635497e+04
2.567933767519419416e+04
2.610375704309565845e+04
2.653784521180993397e+04
2.698158002757524446e+04
2.743493882734795261e+04
2.789789843880195622e+04
2.837043518033017972e+04
2.885252486104279160e+04
1.661027345139056342e+04
1.661528321581711862e+04
1.663031224963583372e+04
1.665535977446340257e+04
1.669042449299452710e+04
1.673550458900164449e+04
1.679059772733489808e+04
1.685570105392260666e+04
1.693081119577080608e+04
1.701592426096317286e+04
1.711103583866163899e+04
1.721614099910539153e+04
1.733123429361201852e+04
1.745630975457674867e+04
1.759136089547253869e+04
1.773638071085042611e+04
1.789136167633902733e+04
1.805629574864512324e+04
1.823117436555306267e+04
1.841598844592507157e+04
1.861072838970130761e+04
1.881538407789995836e+04
1.902994487261662289e+04
1.925439961702499932e+04
1.948873663537680477e+04
1.973294373300109146e+04
1.998700819630539627e+04
2.025091679277466028e+04
2.052465577097154892e+04
2.080821086053704857e+04
2.110156727218933884e+04
2.140470969772589524e+04
2.171762231001988039e+04
2.204028876302375647e+04
2.237269219176808474e+04
2.271481521236000845e+04
2.306663992198537017e+04
2.342814789890720203e+04
2.379932020246815227e+04
2.418013737308592681e+04
2.457057943225875715e+04
2.497062588256085292e+04
2.538025570764511940e+04
2.579944737224195705e+04
2.622817882216016369e+04
2.666642748428603227e+04
2.711417026658303439e+04
2.757138355809395944e+04
2.803804322893817516e+04
2.851412463031313746e+04
1.641555193386049359e+04
1.642050077702697308e+04
1.643534704222672008e+04
1.646008993656255188e+04
1.649472813853807020e+04
1.653925979805929455e+04
1.659368253643325806e+04
1.665799344636866226e+04
1.673218909197604808e+04
1.681626550876755209e+04
1.691021820365661551e+04
1.701404215495835888e+04
1.712773181238988764e+04
1.725128109706959731e+04
1.738468340151742450e+04
1.752793158965505427e+04
1.768101799680562181e+04
1.784393442969409807e+04
1.801667216644704968e+04
1.819922195659220597e+04
1.839157402105956862e+04
1.859371805218014197e+04
1.880564321368675883e+04
1.902733814071416418e+04
1.925879093979824393e+04
1.949998918887657419e+04
1.975091993728862508e+04
2.001156970577509856e+04
2.028192448647890342e+04
2.056196974294319443e+04
2.085169041011461741e+04
2.115107089434028967e+04
2.146009507336869501e+04
2.177874629635031670e+04
2.210700738383760108e+04
2.244486062778439009e+04
2.279228779154557924e+04
2.314927010987806352e+04
2.351578828894040998e+04
2.389182250629316331e+04
2.427735241089764531e+04
2.467235712311685347e+04
2.507681523471637774e+04
2.549070480886257428e+04
2.591400338012317661e+04
2.634668795446850709e+04
2.678873500926935594e+04
2.724012049329849106e+04
2.770081982673157836e+04
2.817080790114384217e+04
1.621833560636059701e+04
1.622322276329047418e+04
1.623788396492341235e+04
1.626231840378879133e+04
1.629652473410237690e+04
1.634050107176646270e+04
1.639424499436935002e+04
1.645775354118578980e+04
1.653102321317722453e+04
1.661404997299086972e+04
1.670682924496039413e+04
1.680935591510607628e+04
1.692162433113420047e+04
1.704362830243773351e+04
1.717536110009564072e+04
1.731681545687304970e+04
1.746798356722183598e+04
1.762885708728026657e+04
1.779942713487253059e+04
1.797968428950935049e+04
1.816961859238760371e+04
1.836921954639099931e+04
1.857847611608887382e+04
1.879737672773724989e+04
1.902590926927875262e+04
1.926406109034170731e+04
1.951181900224112906e+04
1.976916927797863900e+04
2.003609765224124931e+04
2.031258932140356774e+04
2.059862894352560761e+04
2.089420063835359542e+04
2.119928798732113864e+04
2.151387403354722846e+04
2.183794128183732755e+04
2.217147169868318815e+04
2.251444671226333230e+04
2.286684721244273533e+04
2.322865355077131608e+04
2.359984554048666541e+04
2.398040245651251826e+04
2.437030303545877177e+04
2.476952547562116888e+04
2.517804743698252423e+04
2.559584604121209850e+04
2.602289787166440146e+04
2.645917897338070543e+04
2.690466485308964548e+04
2.735933047920480021e+04
2.782315028182680908e+04
1.601898397246729110e+04
1.602380879612383069e+04
1.603828299305685687e+04
1.606240574115683194e+04
1.609617567024035088e+04
1.613959086205136373e+04
1.619264885026025877e+04
1.625534662046455378e+04
1.632768061018820481e+04
1.640964670888183537e+04
1.650124025792350221e+04
1.660245605061754759e+04
1.671328833219505759e+04
1.683373079981417322e+04
1.696377660255954470e+04
1.710341834144294990e+04
1.725264806940261406e+04
1.741145729130373002e+04
1.757983696393807622e+04
1.775777749602449694e+04
1.794526874820849116e+04
1.814230003306230719e+04
1.834886011508501542e+04
1.856493721070243555e+04
1.879051898826704200e+04
1.902559256805852783e+04
1.927014452228293885e+04
1.952416087507314660e+04
1.978762710248899384e+04
2.006052813251714542e+04
2.034284834507070627e+04
2.063457157198990899e+04
2.093568109704195376e+04
2.124615965591965505e+04
2.156598943624461026e+04
2.189515207756267046e+04
2.223362867134892440e+04
2.258139976100422427e+04
2.293844534185548764e+04
2.330474486115751279e+04
2.368027721809115246e+04
2.406502076376485275e+04
2.445895330121281222e+04
2.486205208539710657e+04
2.527429382320497098e+04
2.569565467345273646e+04
2.612611024688158068e+04
2.656563560615995812e+04
2.701420526588390203e+04
2.747179319257520547e+04
1.581779153323805076e+04
1.582255347046490533e+04
1.583683900320564317e+04
1.586064729464139054e+04
1.589397695007399489e+04
1.593682601692595745e+04
1.598919198474019686e+04
1.605107178518119326e+04
1.612246179203308748e+04
1.620335782120143085e+04
1.629375513071242131e+04
1.639364842071267776e+04
1.650303183346977676e+04
1.662189895337200869e+04
1.675024280692809771e+04
1.688805586276801841e+04
1.703533003164178081e+04
1.719205666642058713e+04
1.735822656209643173e+04
1.753382995578166083e+04
1.771885652670941272e+04
1.791329539623378150e+04
1.811713512782936596e+04
1.833036372709163334e+04
1.855296864173639551e+04
1.878493676160072209e+04
1.902625441864203458e+04
1.927690738693847015e+04
1.953688088268927459e+04
1.980615956421373266e+04
2.008472753195231417e+04
2.037256832846621182e+04
2.066966493843710850e+04
2.097599978866765014e+04
2.129155474808127838e+04
2.161631112772162669e+04
2.195024968075297875e+04
2.229335060246133435e+04
2.264559353025288146e+04
2.300695754365430548e+04
2.337742116431218165e+04
2.375696235599631837e+04
2.414555852459428206e+04
2.454318651811687960e+04
2.494982262669357806e+04
2.536544258257617912e+04
2.579002156013575586e+04
2.622353417586539945e+04
2.666595448837840013e+04
2.711725599840822906e+04
1.561484221735948449e+04
1.561954073308872103e+04
1.563363599641320434e+04
1.565712715574431968e+04
1.569001279176707794e+04
1.573229091744102880e+04
1.578395897799903832e+04
1.584501385094889156e+04
1.591545184607207375e+04
1.599526870542414690e+04
1.608445960333483526e+04
1.618301914640778705e+04
1.629094137352096004e+04
1.640821975582609230e+04
1.653484719674937151e+04
1.667081603199070014e+04
1.681611802952443031e+04
1.697074438959869804e+04
1.713468574473563422e+04
1.730793215973183760e+04
1.749047313165768355e+04
1.768229758985777880e+04
1.788339389595087778e+04
1.809374984382937691e+04
1.831335265966042061e+04
1.854218900188447878e+04
1.878024496121664197e+04
1.902750606064622116e+04
1.928395725543593289e+04
1.954958293312317255e+04
1.982436691351904301e+04
2.010829244870910770e+04
2.040134222305262665e+04
2.070349835318332407e+04
2.101474238800831881e+04
2.133505530870964503e+04
2.166441752874288795e+04
2.200280889383823887e+04
2.235020868199929464e+04
2.270659560350334868e+04
2.307194780090382483e+04
2.344624284902571890e+04
2.382945775497016075e+04
2.422156895811046343e+04
2.462255233009576114e+04
2.503238317484829167e+04
2.545103622856458969e+04
2.587848565971519929e+04
2.631470506904467402e+04
2.675966748957216623e+04
1.541020219461408124e+04
1.541483676453670523e+04
1.542874018550158507e+04
1.545191159109966247e+04
1.548434953731642236e+04
1.552605200253083240e+04
1.557701638751655082e+04
1.563723951544087140e+04
1.570671763186510361e+04
1.578544640474501648e+04
1.587342092443032016e+04
1.597063570366450767e+04
1.607708467758554070e+04
1.619276120372516380e+04
1.631765806200951374e+04
1.645176745475843563e+04
1.659508100668616316e+04
1.674758976490079294e+04
1.690928419890466830e+04
1.708015420059412645e+04
1.726018908425930931e+04
1.744937758658496386e+04
1.764770786664970001e+04
1.785516750592607059e+04
1.807174350828055685e+04
1.829742229997433969e+04
1.853218972966207366e+04
1.877603106839266547e+04
1.902893100960917218e+04
1.929087366914874656e+04
1.956184258524232791e+04
1.984182071851561705e+04
2.013079045198749736e+04
2.042873359107185752e+04
2.073563136357521944e+04
2.105146441970039814e+04
2.137621283204195424e+04
2.170985609559011209e+04
2.205237312772836231e+04
2.240374226823526624e+04
2.276394127928172747e+04
2.313294734543402956e+04
2.351073707365321752e+04
2.389728649329238760e+04
2.429257105610001236e+04
2.469656563621841269e+04
2.510924453018408894e+04
2.553058145692769540e+04
2.596054955777314535e+04
2.639912139643941555e+04
1.520404247089550154e+04
1.520861261895727876e+04
1.522232276938461837e+04
1.524517204090193445e+04
1.527715896471772794e+04
1.531828148452336791e+04
1.536853695649362271e+04
1.542792214928651083e+04
1.549643324404329724e+04
1.557406583438842063e+04
1.566081492642971716e+04
1.575667493875827495e+04
1.586163970244857956e+04
1.597570246105836486e+04
1.609885587062808554e+04
1.623109199968234861e+04
1.637240232922833093e+04
1.652277775275698878e+04
1.668220857624222117e+04
1.685068451814117725e+04
1.702819470939456005e+04
1.721472769342616084e+04
1.741027142614302647e+04
1.761481327593537571e+04
1.782834002367705398e+04
1.805083786272499856e+04
1.828229239891910038e+04
1.852268865058317533e+04
1.877201104852360731e+04
1.903024343603055968e+04
1.929736906887744044e+04
1.957337061532052758e+04
1.985823015609942740e+04
2.015192918443820599e+04
2.045444860604190399e+04
2.076576873910077484e+04
2.108586931428817479e+04
2.141472947475964975e+04
2.175232777615474333e+04
2.209864218659640756e+04
2.245365008669007875e+04
2.281732826952581308e+04
2.318965294067553987e+04
2.357059971819520069e+04
2.396014363262414190e+04
2.435825912698449611e+04
2.476492005678180067e+04
2.518009969000528872e+04
2.560377070712699424e+04
2.603590520110204307e+04
1.499661319575253947e+04
1.500111852204410388e+04
1.501463420218912324e+04
1.503715933999918161e+04
1.506869244182674447e+04
1.510923141656530788e+04
1.515877357564962222e+04
1.521731563305486998e+04
1.528485370529794272e+04
1.536138331143623145e+04
1.544689937306823776e+04
1.554139621433356842e+04
1.564486756191270797e+04
1.575730654502732796e+04
1.587870569544020327e+04
1.600905694745461005e+04
1.614835163791515879e+04
1.629658050620764698e+04
1.645373369425859346e+04
1.661980074653539850e+04
1.679477061004702773e+04
1.697863163434286980e+04
1.717137157151379870e+04
1.737297757619103140e+04
1.758343620554766676e+04
1.780273341929705566e+04
1.803085457969397612e+04
1.826778445153407301e+04
1.851350720215403635e+04
1.876800640143149576e+04
1.903126502178520241e+04
1.930326543817470156e+04
1.958398942810087465e+04
1.987341817160540813e+04
2.017153225127094629e+04
2.047831165222093477e+04
2.079373576212037733e+04
2.111778337117509000e+04
2.145043267213168292e+04
2.179166126027818609e+04
2.214144613344281606e+04
2.249976369199551482e+04
2.286658973884702209e+04
2.324189947944948290e+04
2.362566752179524701e+04
2.401786787641837509e+04
2.441847395639312526e+04
2.482745857733607409e+04
2.524479395740339169e+04
2.567045171729266076e+04
1.478827356355168376e+04
1.479271378075683606e+04
1.480603412865252722e+04
1.482823369607960194e+04
1.485931096444013019e+04
1.489926380769596290e+04
1.494808949237024717e+04
1.500578467754659505e+04
1.507234541486938360e+04
1.514776714854315287e+04
1.523204471533373726e+04
1.532517234456751430e+04
1.542714365813132281e+04
1.553795167047246650e+04
1.565758878859916513e+04
1.578604681208063630e+04
1.592331693304587679e+04
1.606938973618563614e+04
1.622425519875021746e+04
1.638790269055152748e+04
1.656032097396132303e+04
1.674149820391274625e+04
1.693142192789900946e+04
1.713007908597432834e+04
1.733745601075353625e+04
1.755353842741184781e+04
1.777831145368547004e+04
1.801175959987108217e+04
1.825386676882620304e+04
1.850461625596865997e+04
1.876399074927742913e+04
1.903197232929172242e+04
1.930854246911151859e+04
1.959368203439726130e+04
1.988737128337106697e+04
2.018958986681385068e+04
2.050031682806911704e+04
2.081953060303991879e+04
2.114720902018992274e+04
2.148332930054372628e+04
2.182786805768713020e+04
2.218080129776565809e+04
2.254210441948604785e+04
2.291175221411534221e+04
2.328971886548151815e+04
2.367597794997315577e+04
2.407050243653945290e+04
2.447326468669052701e+04
2.488423645449620381e+04
2.530338888658813448e+04
1.457962640995826041e+04
1.458400142573100311e+04
1.459712616431003516e+04
1.461899969947603495e+04
1.464962048753098497e+04
1.468898636729734972e+04
1.473709456011814109e+04
1.479394166985722768e+04
1.485952368289940750e+04
1.493383596814957491e+04
1.501687327703393748e+04
1.510862974349909746e+04
1.520909888401229182e+04
1.531827359756190708e+04
1.543614616565628239e+04
1.556270825232513744e+04
1.569795090411859383e+04
1.584186455010755344e+04
1.599443900188346743e+04
1.615566345355879639e+04
1.632552648176632101e+04
1.650401604565975867e+04
1.669111948691367434e+04
1.688682352972288572e+04
1.709111428080313999e+04
1.730397722939119194e+04
1.752539724724397092e+04
1.775535858863941030e+04
1.799384489037614185e+04
1.824083917177343392e+04
1.849632383467125328e+04
1.876028066343026876e+04
1.903269082493170572e+04
1.931353486857809185e+04
1.960279272629183470e+04
1.990044371251648772e+04
2.020646652421601175e+04
2.052083924087583000e+04
2.084353932450146021e+04
2.117454361961851464e+04
2.151382835327482826e+04
2.186136913503711912e+04
2.221714095699492827e+04
2.258111819375638515e+04
2.295327460245243856e+04
2.333358332273201086e+04
2.372201687676776419e+04
2.411854716925063258e+04
2.452314548739347447e+04
2.493578250092984308e+04
1.437133022450545104e+04
1.437564015923847728e+04
1.438856964963542850e+04
1.441011775429168119e+04
1.444028290419873883e+04
1.447906290274507592e+04
1.452645492571574869e+04
1.458245552129240605e+04
1.464706061005366064e+04
1.472026548497440854e+04
1.480206481142658959e+04
1.489245262717872720e+04
1.499142234239570826e+04
1.509896673963983812e+04
1.521507797386917991e+04
1.533974757243906060e+04
1.547296643510162539e+04
1.561472483400507372e+04
1.576501241369472336e+04
1.592381819111263394e+04
1.609113055559744862e+04
1.626693726888424862e+04
1.645122546510522807e+04
1.664398165078894817e+04
1.684519170486063013e+04
1.705484087864230605e+04
1.727291379585297545e+04
1.749939445260777939e+04
1.773426621741858253e+04
1.797751183119445705e+04
1.822911340724067486e+04
1.848905243125947527e+04
1.875730976134946104e+04
1.903386562800627144e+04
1.931869963412191282e+04
1.961179075498512248e+04
1.991311733828176148e+04
2.022265710409374151e+04
2.054038714489979611e+04
2.086628392557607367e+04
2.120032328339432934e+04
2.154248042802343480e+04
2.189272994152937099e+04
2.225104577837403849e+04
2.261740126541644713e+04
2.299176910191272327e+04
2.337412135951460004e+04
2.376442948227152738e+04
2.416266428662887120e+04
2.456879596142910668e+04
1.416373559857129294e+04
1.416798067554335285e+04
1.418071558754854777e+04
1.420193937785378148e+04
1.423165045190353339e+04
1.426984657732009509e+04
1.431652488390401777e+04
1.437168186363328459e+04
1.443531337066383458e+04
1.450741462132941706e+04
1.458798019414189184e+04
1.467700402979047067e+04
1.477447943114270856e+04
1.488039906324373260e+04
1.499475495331648744e+04
1.511753849076164079e+04
1.524874042715820542e+04
1.538835087626262066e+04
1.553635931400905611e+04
1.569275457850994826e+04
1.585752487005508192e+04
1.603065775111265975e+04
1.621214014632823819e+04
1.640195834252540226e+04
1.660009798870540544e+04
1.680654409604789907e+04
1.702128103790952810e+04
1.724429254982548446e+04
1.747556172950839755e+04
1.771507103684901449e+04
1.796280229391557805e+04
1.821873668495459060e+04
1.848285475639014840e+04
1.875513641682406887e+04
1.903556093703627994e+04
1.932410694998452527e+04
1.962075245080389504e+04
1.992547479680858305e+04
2.023825070748837970e+04
2.055905626451355420e+04
2.088786691173057261e+04
2.122465745516395327e+04
2.156940206301624130e+04
2.192207426566801587e+04
2.228264695567728995e+04
2.265109238778040890e+04
2.302738217889084990e+04
2.341148730810042980e+04
2.380337811667929418e+04
2.420302430807381097e+04
1.395697696875708971e+04
1.396115743644236318e+04
1.397369851542960896e+04
1.399459923351363068e+04
1.402385797035200630e+04
1.406147245746547014e+04
1.410743977823820751e+04
1.416175636791717807e+04
1.422441801361234502e+04
1.429541985429720262e+04
1.437475638080771569e+04
1.446242143584337646e+04
1.455840821396698993e+04
1.466270926160374620e+04
1.477531647704252646e+04
1.489622111043498262e+04
1.502541376379622307e+04
1.516288439100389951e+04
1.530862229779942572e+04
1.546261614178676246e+04
1.562485393243309773e+04
1.579532303106884683e+04
1.597401015088757958e+04
1.616090135694571472e+04
1.635598206616282368e+04
1.655923704732178157e+04
1.677065042106823967e+04
1.699020565991122567e+04
1.721788558822269624e+04
1.745367238223790628e+04
1.769754757005496867e+04
1.794949203163499260e+04
1.820948599880269467e+04
1.847750905524511109e+04
1.875354013651319110e+04
1.903755753002087658e+04
1.932953887504421073e+04
1.962946116272360086e+04
1.993730073606184305e+04
2.025303328992504248e+04
2.057663387104215144e+04
2.090807687800527856e+04
2.124733606127059102e+04
2.159438452315559334e+04
2.194919471784214693e+04
2.231173845137497483e+04
2.268198688166194188e+04
2.305991051847346898e+04
2.344547922344372637e+04
2.383866221006974229e+04
1.375123448846412975e+04
1.375535063700916362e+04
1.376769875336860059e+04
1.378827784971508663e+04
1.381708627966956192e+04
1.385412173830165193e+04
1.389938126212935822e+04
1.395286122911898019e+04
1.401455735868542797e+04
1.408446471169183133e+04
1.416257769045000714e+04
1.424889003871991554e+04
1.434339484171027834e+04
1.444608452607811523e+04
1.455695085992867098e+04
1.467598495281610303e+04
1.480317725574241194e+04
1.493851756115850549e+04
1.508199500296344195e+04
1.523359805650488852e+04
1.539331453857873021e+04
1.556113160742976652e+04
1.573703576275056548e+04
1.592101284568252595e+04
1.611304803881580483e+04
1.631312586618802561e+04
1.652123019328617738e+04
1.673734422704531607e+04
1.696145051584881003e+04
1.719353094952877291e+04
1.743356675936539978e+04
1.768153851808756372e+04
1.793742613987259028e+04
1.820120888034602831e+04
1.847286533658234475e+04
1.875237344710376419e+04
1.903971049188112374e+04
1.933485309233431690e+04
1.963777721133071100e+04
1.994845815318694804e+04
2.026687056366760589e+04
2.059298842998547843e+04
2.092678508080280153e+04
2.126823318622943407e+04
2.161730475782345093e+04
2.197397114859237990e+04
2.233820305299074607e+04
2.270997050692312769e+04
2.308924288774142042e+04
2.347598891424574322e+04
1.354681191962663434e+04
1.355086412832603492e+04
1.356302041988495512e+04
1.358327979068606874e+04
1.361164056803333187e+04
1.364810041015251409e+04
1.369265630619096009e+04
1.374530457621767709e+04
1.380604087122333112e+04
1.387486017312031981e+04
1.395175679474232311e+04
1.403672437984513090e+04
1.412975590310566076e+04
1.423084367012317307e+04
1.433997931741775210e+04
1.445715381243182128e+04
1.458235745352893173e+04
1.471557986999459899e+04
1.485681002203576281e+04
1.500603620078110544e+04
1.516324602828096067e+04
1.532842645750739939e+04
1.550156377235377113e+04
1.568264358763553901e+04
1.587165084908936660e+04
1.606856983337380916e+04
1.627338414806914989e+04
1.648607673167702887e+04
1.670662985362082327e+04
1.693502511424564364e+04
1.717124344481817388e+04
1.741526510752684408e+04
1.766706969548158668e+04
1.792663613271398935e+04
1.819394267417707670e+04
1.846896690574582681e+04
1.875168574421725862e+04
1.904207543730884208e+04
1.934011156366098658e+04
1.964576903283462525e+04
1.995902208531303404e+04
2.027984429250075846e+04
2.060820855672470134e+04
2.094408711123226749e+04
2.128745152019352463e+04
2.163827267869904244e+04
2.199652081276265744e+04
2.236216547931780951e+04
2.273517556622209668e+04
2.311551929225242930e+04
1.334405639131152020e+04
1.334804514391559314e+04
1.336001106186154175e+04
1.337995312555062810e+04
1.340786963565142287e+04
1.344375821310040919e+04
1.348761579910114961e+04
1.353943865512481716e+04
1.359922236291019180e+04
1.366696182446329112e+04
1.374265126205811248e+04
1.382628421823551434e+04
1.391785355580426221e+04
1.401735145784058113e+04
1.412476942768807930e+04
1.424009828895774808e+04
1.436332818552834033e+04
1.449444858154606663e+04
1.463344826142429156e+04
1.478031532984429396e+04
1.493503721175458486e+04
1.509760065237135859e+04
1.526799171717811987e+04
1.544619579192582569e+04
1.563219758263312542e+04
1.582598111558619712e+04
1.602752973733845465e+04
1.623682611471076598e+04
1.645385223479191336e+04
1.667858940493783666e+04
1.691101825277193348e+04
1.715111872618535926e+04
1.739887009333642709e+04
1.765425094265136431e+04
1.791723918282324667e+04
1.818781204281367536e+04
1.846594607185018685e+04
1.875161713942967981e+04
1.904480043531475530e+04
1.934547046953715108e+04
1.965360107239454737e+04
1.996916539445343733e+04
2.029213590654671862e+04
2.062248439977550515e+04
2.096018198550852321e+04
2.130519909538149295e+04
2.165750548129684103e+04
2.201707021542673101e+04
2.238386169020850502e+04
2.275784761834954043e+04
1.314339371674683753e+04
1.314731963341068877e+04
1.315909703813281340e+04
1.317872489510523337e+04
1.320620147798111611e+04
1.324152436987484725e+04
1.328469046336226711e+04
1.333569596048035601e+04
1.339453637272731612e+04
1.346120652106272610e+04
1.353570053590753196e+04
1.361801185714375606e+04
1.370813323411493911e+04
1.380605672562554355e+04
1.391177369994162837e+04
1.402527483479032890e+04
1.414655011736014421e+04
1.427558884430095532e+04
1.441237962172370680e+04
1.455691036520071611e+04
1.470916829976560257e+04
1.486913995991320189e+04
1.503681118959980267e+04
1.521216714224252974e+04
1.539519228072034093e+04
1.558587037737303581e+04
1.578418451400193590e+04
1.599011708186958458e+04
1.620364978169967071e+04
1.642476362367741240e+04
1.665343892744893674e+04
1.688965532212212929e+04
1.713339174626571548e+04
1.738462644790987179e+04
1.764333698454591649e+04
1.790950022312699730e+04
1.818309234006680344e+04
1.846408882124039155e+04
1.875246446198464764e+04
1.904819336709715571e+04
1.935124895083754382e+04
1.966160393692553043e+04
1.997923035854273621e+04
2.030409955833268396e+04
2.063618218839959081e+04
2.097544821030805906e+04
2.132186689508519703e+04
2.167540682321972054e+04
2.203603588465982102e+04
2.240372127881710185e+04
1.294531789207545989e+04
1.294918175636409251e+04
1.296077299846486676e+04
1.298009056608361789e+04
1.300713270539654332e+04
1.304189696105004259e+04
1.308438017616109937e+04
1.313457849231713226e+04
1.319248734957591296e+04
1.325810148646579910e+04
1.333141493998550686e+04
1.341242104560425651e+04
1.350111243726147768e+04
1.359748104736725872e+04
1.370151810680211747e+04
1.381321414491693213e+04
1.393255898953308679e+04
1.405954176694217495e+04
1.419415090190667252e+04
1.433637411765918478e+04
1.448619843590260280e+04
1.464361017681062549e+04
1.480859495902715571e+04
1.498113769966668406e+04
1.516122261431397965e+04
1.534883321702432113e+04
1.554395232032341664e+04
1.574656203520748932e+04
1.595664377114295894e+04
1.617417823606713864e+04
1.639914543638716714e+04
1.663152467698121836e+04
1.687129456119745009e+04
1.711843299085467152e+04
1.737291716624220862e+04
1.763472358611958771e+04
1.790382804771707015e+04
1.818020564673497574e+04
1.846383077734435574e+04
1.875467713218661811e+04
1.905271770237353121e+04
1.935792477748752208e+04
1.967026994558121442e+04
1.998972409317775600e+04
2.031625740527063681e+04
2.064983936532401640e+04
2.099043875527270939e+04
2.133802365552067567e+04
2.169256144494405089e+04
2.205401880088841790e+04
1.275023079348837564e+04
1.275403351847004706e+04
1.276544133704859087e+04
1.278445318012525968e+04
1.281106726586813238e+04
1.284528109971317099e+04
1.288709147436323656e+04
1.293649446978884043e+04
1.299348545322770042e+04
1.305805907918496268e+04
1.313020928943296894e+04
1.320992931301157114e+04
1.329721166622774399e+04
1.339204815265626712e+04
1.349442986313867186e+04
1.360434717578429263e+04
1.372178975596943928e+04
1.384674655633830298e+04
1.397920581680182295e+04
1.411915506453851776e+04
1.426658111399448535e+04
1.442147006688279907e+04
1.458380731218410983e+04
1.475357752614627316e+04
1.493076467228471847e+04
1.511535200138193068e+04
1.530732205148789581e+04
1.550665664791995368e+04
1.571333690326271790e+04
1.592734321736831225e+04
1.614865527735590331e+04
1.637725205761231882e+04
1.661311181979150933e+04
1.685621211281492651e+04
1.710652977287145404e+04
1.736404092341680007e+04
1.762872097517447401e+04
1.790054462613564465e+04
1.817948586155807789e+04
1.846551795396711168e+04
1.875861346315589981e+04
1.905874423618418587e+04
1.936588140737967478e+04
1.967999539833726885e+04
2.000105591791937695e+04
2.032903196225531065e+04
2.066389181474126599e+04
2.100560304604247722e+04
2.135413251409014993e+04
2.170944636408330553e+04
1.255821249653907580e+04
1.256195500803763389e+04
1.257318218045497815e+04
1.259189292755604583e+04
1.261808543894934155e+04
1.265175718008670992e+04
1.269290489226318641e+04
1.274152459261737567e+04
1.279761157413107321e+04
1.286116040562971284e+04
1.293216493178169912e+04
1.301061827309914952e+04
1.309651282593745236e+04
1.318984026249518138e+04
1.329059153081463228e+04
1.339875685478091327e+04
1.351432573412322745e+04
1.363728694441366861e+04
1.376762853706767055e+04
1.390533783934438361e+04
1.405040145434585065e+04
1.420280526101782925e+04
1.436253441414927147e+04
1.452957334437284408e+04
1.470390575816395540e+04
1.488551463784203042e+04
1.507438224156946126e+04
1.527049010335190360e+04
1.547381903303888248e+04
1.568434911632296644e+04
1.590205971474013677e+04
1.612692946566933824e+04
1.635893628233384334e+04
1.659805735379935140e+04
1.684426914497544203e+04
1.709754739661472559e+04
1.735786712531368539e+04
1.762520262351154088e+04
1.789952745949161181e+04
1.818081447737949929e+04
1.846903579714580701e+04
1.876416281460236132e+04
1.906616620140630403e+04
1.937501590505750573e+04
1.969068114889917706e+04
2.001313043211666809e+04
2.034233152974077893e+04
2.067825149264444917e+04
2.102085664754455865e+04
2.137011259700072333e+04
1.236928827274414289e+04
1.237297148881710564e+04
1.238402076913242490e+04
1.240243500997871706e+04
1.242821237183701123e+04
1.246135027938089479e+04
1.250184542147629509e+04
1.254969375118169773e+04
1.260489048574785011e+04
1.266743010661836342e+04
1.273730635942865774e+04
1.281451225400708972e+04
1.289904006437427597e+04
1.299088132874302028e+04
1.309002684951929041e+04
1.319646669330078657e+04
1.331019019087777087e+04
1.343118593723337108e+04
1.355944179154266749e+04
1.369494487717338416e+04
1.383768158168572882e+04
1.398763755683224554e+04
1.414479771855788749e+04
1.430914624700032255e+04
1.448066658648940574e+04
1.465934144554739760e+04
1.484515279688927512e+04
1.503808187742204791e+04
1.523810918824551663e+04
1.544521449465196383e+04
1.565937682612555545e+04
1.588057447634355412e+04
1.610878500317547332e+04
1.634398522868301916e+04
1.658615123912052877e+04
1.683525838493483025e+04
1.709128128076516441e+04
1.735419380544317391e+04
1.762396910199277045e+04
1.790057957763065133e+04
1.818399690376554645e+04
1.847419201599920416e+04
1.877113511412547450e+04
1.907479566213048020e+04
1.938514238819243474e+04
1.970214328468349049e+04
2.002576560816669371e+04
2.035597587939840378e+04
2.069273988332679437e+04
2.103602266909274476e+04
1.218358229299102823e+04
1.218720715974851919e+04
1.219808138617160330e+04
1.221620385071264536e+04
1.224157268412553458e+04
1.227418526946545717e+04
1.231403824208950937e+04
1.236112748965592800e+04
1.241544815212455433e+04
1.247699462175705776e+04
1.254576054311625376e+04
1.262173881306686417e+04
1.270492158077483145e+04
1.279530024770754972e+04
1.289286546763423758e+04
1.299760714662564533e+04
1.310951444305381665e+04
1.322857576759239782e+04
1.335477878321656499e+04
1.348811040520308779e+04
1.362855680113049493e+04
1.377610339087815737e+04
1.393073484662750161e+04
1.409243509286147855e+04
1.426118730636456712e+04
1.443697391622239047e+04
1.461977660382240174e+04
1.480957630285380765e+04
1.500635319930696096e+04
1.521008673147381705e+04
1.542075558994785388e+04
1.563833771762430479e+04
1.586281030969970016e+04
1.609414981367217479e+04
1.633233192934130784e+04
1.657733160880835931e+04
1.682912305647588801e+04
1.708767972904835551e+04
1.735297433553114388e+04
1.762497883723214545e+04
1.790366444775963828e+04
1.818900163302411602e+04
1.848096011123743665e+04
1.877950885291314262e+04
1.908461608086599881e+04
1.939624927021274561e+04
1.971437514837089111e+04
2.003895969505992980e+04
2.036996814230163363e+04
2.070736497441794199e+04
1.200129652246929800e+04
1.200486404204874270e+04
1.201556622086278912e+04
1.203340191913950184e+04
1.205836923725837551e+04
1.209046551575071680e+04
1.212968733530002828e+04
1.217603051674139715e+04
1.222949012106187183e+04
1.229006044940047104e+04
1.235773504304764538e+04
1.243250668344603582e+04
1.251436739219010087e+04
1.260330843102625840e+04
1.269932030185236727e+04
1.280239274671847306e+04
1.291251474782628429e+04
1.302967452752985446e+04
1.315385954833413962e+04
1.328505651289689558e+04
1.342325136402731368e+04
1.356842928468608989e+04
1.372057469798642160e+04
1.387967126719308908e+04
1.404570189572261006e+04
1.421864872714339435e+04
1.439849314517581115e+04
1.458521577369204533e+04
1.477879647671594830e+04
1.497921435842348001e+04
1.518644776314226874e+04
1.540047427535197676e+04
1.562127071968385826e+04
1.584881316092120505e+04
1.608307690399904641e+04
1.632403649400453105e+04
1.657166571617631053e+04
1.682593759590493573e+04
1.708682439873306794e+04
1.735429763035487485e+04
1.762832803661664730e+04
1.790888560351656270e+04
1.819593955720392842e+04
1.848945836398130996e+04
1.878940973030148598e+04
1.909576060277049692e+04
1.940847716814520754e+04
1.972752485333512595e+04
2.005286832540059550e+04
2.038447149155520674e+04
1.182266571099792964e+04
1.182617695480583643e+04
1.183671030008971138e+04
1.185426458842865395e+04
1.187883788912161799e+04
1.191042749918688060e+04
1.194902994336265147e+04
1.199464097410600516e+04
1.204725557159432901e+04
1.210686794372395525e+04
1.217347152611121965e+04
1.224705898209155384e+04
1.232762220272024933e+04
1.241515230677221916e+04
1.250963964074139767e+04
1.261107377884187918e+04
1.271944352300708124e+04
1.283473690288974467e+04
1.295694117586216089e+04
1.308604282701670309e+04
1.322202756916476574e+04
1.336488034283729576e+04
1.351458531628524361e+04
1.367112588547828091e+04
1.383448467410653393e+04
1.400464353357923210e+04
1.418158354302499902e+04
1.436528500929216534e+04
1.455572746694883790e+04
1.475288967828214481e+04
1.495674963329929597e+04
1.516728454972674808e+04
1.538447087301043757e+04
1.560828427631599880e+04
1.583869966052876953e+04
1.607569115425318705e+04
1.631923211381354122e+04
1.656929512325367250e+04
1.682585199433667003e+04
1.708887376654577747e+04
1.735833070708304149e+04
1.763419231087057778e+04
1.791642730054991262e+04
1.820500362648181181e+04
1.849988846674659726e+04
1.880104822714535476e+04
1.910844854119720185e+04
1.942205427014111410e+04
1.974182950293591784e+04
2.006773755625999911e+04
1.164800382518531842e+04
1.165145996805389041e+04
1.166182800414435405e+04
1.167910675590966639e+04
1.170329426077175049e+04
1.173438777112141906e+04
1.177238375431799432e+04
1.181727789268976812e+04
1.186906508353392019e+04
1.192773943911621791e+04
1.199329428667086540e+04
1.206572216840163492e+04
1.214501484148043710e+04
1.223116327804799221e+04
1.232415766521429214e+04
1.242398740505738351e+04
1.253064111462489018e+04
1.264410662593240886e+04
1.276437098596481155e+04
1.289142045667548155e+04
1.302524051498691369e+04
1.316581585279012324e+04
1.331313037694470404e+04
1.346716720927952338e+04
1.362790868659180887e+04
1.379533636064767597e+04
1.396943099818220981e+04
1.415017258089869756e+04
1.433754030547000548e+04
1.453151258353727826e+04
1.473206704171040292e+04
1.493918052156807971e+04
1.515282907965805134e+04
1.537298798749641901e+04
1.559963173156855373e+04
1.583273401332811045e+04
1.607226774919763557e+04
1.631820507056871247e+04
1.657051732380144313e+04
1.682917507022466452e+04
1.709414808613625428e+04
1.736540536280275046e+04
1.764291510645883318e+04
1.792664473830973293e+04
1.821656089452699234e+04
1.851262942625271535e+04
1.881481539959743895e+04
1.912308309563983858e+04
1.943739601042822687e+04
1.975771685497905492e+04
1.147763958667837869e+04
1.148104191309865564e+04
1.149124849328950404e+04
1.150825813004098563e+04
1.153206882800373023e+04
1.156267779368787706e+04
1.160008143546444080e+04
1.164427536356394376e+04
1.169525439007732894e+04
1.175301252895557445e+04
1.181754299601001003e+04
1.188883820891184405e+04
1.196688978719263650e+04
1.205168855224383151e+04
1.214322452731736666e+04
1.224148693752499639e+04
1.234646420983866301e+04
1.245814397309065134e+04
1.257651305797329223e+04
1.270155749703894799e+04
1.283326252470017971e+04
1.297161257722965820e+04
1.311659129276032763e+04
1.326818151128516911e+04
1.342636527465720064e+04
1.359112382658986462e+04
1.376243761265641297e+04
1.394028628029044194e+04
1.412464867878573750e+04
1.431550285929597521e+04
1.451282607483517495e+04
1.471659478027746991e+04
1.492678463235711206e+04
1.514337048966831389e+04
1.536632641266585961e+04
1.559562566366419742e+04
1.583124070683841819e+04
1.607314320822304762e+04
1.632130403571341049e+04
1.657569325906456288e+04
1.683628014989229268e+04
1.710303318167158795e+04
1.737592002973815397e+04
1.765490757128797486e+04
1.793996188537676062e+04
1.823104825292072564e+04
1.852813115669626495e+04
1.883117428133907015e+04
1.914014051334652322e+04
1.945499194107378571e+04
1.131173105756897712e+04
1.131508089874538746e+04
1.132513001645793338e+04
1.134187719325609578e+04
1.136532040005651288e+04
1.139545679614169239e+04
1.143228272916113929e+04
1.147579373513053724e+04
1.152598453843233983e+04
1.158284905181517388e+04
1.164638037639466893e+04
1.171657080165255138e+04
1.179341180543709379e+04
1.187689405396334587e+04
1.196700740181267975e+04
1.206374089193286636e+04
1.216708275563837560e+04
1.227702041261037812e+04
1.239354047089614141e+04
1.251662872690947916e+04
1.264627016543098216e+04
1.278244895960786744e+04
1.292514847095329424e+04
1.307435124934734995e+04
1.323003903303651896e+04
1.339219274863406463e+04
1.356079251111926533e+04
1.373581762383832938e+04
1.391724657850371295e+04
1.410505705519464391e+04
1.429922592235652701e+04
1.449972923680146232e+04
1.470654224370832708e+04
1.491963937662201897e+04
1.513899425745413828e+04
1.536457969648298058e+04
1.559636769235309293e+04
1.583432943207579410e+04
1.607843529102850152e+04
1.632865483295563536e+04
1.658495680996778174e+04
1.684730916254238764e+04
1.711567901952306056e+04
1.739003269811973951e+04
1.767033570391019384e+04
1.795655273083593784e+04
1.824864766120845161e+04
1.854658356570295655e+04
1.885032270336250804e+04
1.915982652159679492e+04
1.115029553940697406e+04
1.115359422133777480e+04
1.116348985436510156e+04
1.117998120019486487e+04
1.120306619500312627e+04
1.123274194943633120e+04
1.126900474861122348e+04
1.131185005211561111e+04
1.136127249400692563e+04
1.141726588281358090e+04
1.147982320153414548e+04
1.154893660763779371e+04
1.162459743306408200e+04
1.170679618422286694e+04
1.179552254199469098e+04
1.189076536173016939e+04
1.199251267325068147e+04
1.210075168084798315e+04
1.221546876328413055e+04
1.233664947379164369e+04
1.246427854007356473e+04
1.259833986430339792e+04
1.273881652312464576e+04
1.288569076765202226e+04
1.303894402346986681e+04
1.319855689063357750e+04
1.336450914366855613e+04
1.353677973157103588e+04
1.371534677780717539e+04
1.390018758031411926e+04
1.409127861149886485e+04
1.428859551823939000e+04
1.449211312188375268e+04
1.470180541825046203e+04
1.491764557762886943e+04
1.513960594477801533e+04
1.536765803892808435e+04
1.560177255377910296e+04
1.584191935750216726e+04
1.608806749273836976e+04
1.634018517659918143e+04
1.659823980066676086e+04
1.686219793099341405e+04
1.713202530810243115e+04
1.740768684698680954e+04
1.768914663711045068e+04
1.797636794240770541e+04
1.826931320128278458e+04
1.856794402661095592e+04
1.887222120573794018e+04
1.099336074528628160e+04
1.099660959105252368e+04
1.100635570842746347e+04
1.102259783764035637e+04
1.104533387907296492e+04
1.107456089325978610e+04
1.111027510088820236e+04
1.115247188279803049e+04
1.120114577998212189e+04
1.125629049358576594e+04
1.131789888490751218e+04
1.138596297539781153e+04
1.146047394666038599e+04
1.154142214045183755e+04
1.162879705868105339e+04
1.172258736340988071e+04
1.182278087685275204e+04
1.192936458137713453e+04
1.204232461950270226e+04
1.216164629390239861e+04
1.228731406740174316e+04
1.241931156297854068e+04
1.255762156376401072e+04
1.270222601304158161e+04
1.285310601424771448e+04
1.301024183097130481e+04
1.317361288695436451e+04
1.334319776609125620e+04
1.351897421242915698e+04
1.370091913016813123e+04
1.388900858366112880e+04
1.408321779741307546e+04
1.428352115608239183e+04
1.448989220448000560e+04
1.470230364756942618e+04
1.492072735046697926e+04
1.514513433844172141e+04
1.537549479691529086e+04
1.561177807146266969e+04
1.585395266781044120e+04
1.610198625183898002e+04
1.635584564958071496e+04
1.661549684722134043e+04
1.688090499109891243e+04
1.715203438770458888e+04
1.742884850368106345e+04
1.771130996582511943e+04
1.799938056108597448e+04
1.829302123656573895e+04
1.859219209951788798e+04
1.084102298855471781e+04
1.084422333903027356e+04
1.085382396315208098e+04
1.086982357900501484e+04
1.089222005006422478e+04
1.092101038519444955e+04
1.095619073865115388e+04
1.099775641007878767e+04
1.104570184451267778e+04
1.110002063237781476e+04
1.116070550948916207e+04
1.122774835705179976e+04
1.130114020166054979e+04
1.138087121530058175e+04
1.146693071534681076e+04
1.155930716456433947e+04
1.165798817110794516e+04
1.176296048852297281e+04
1.187421001574436195e+04
1.199172179709686679e+04
1.211548002229574195e+04
1.224546802644582931e+04
1.238166829004239844e+04
1.252406243897022796e+04
1.267263124450444957e+04
1.282735462330992959e+04
1.298821163744181285e+04
1.315518049434505519e+04
1.332823854685481456e+04
1.350736229319591075e+04
1.369252737698335841e+04
1.388370858722244884e+04
1.408087985830782964e+04
1.428401427002487799e+04
1.449308404754826006e+04
1.470806056144344075e+04
1.492891432766494472e+04
1.515561500755810084e+04
1.538813140785790165e+04
1.562643148068923438e+04
1.587048232356733024e+04
1.612025017939701320e+04
1.637570043647338025e+04
1.663679762848157043e+04
1.690350543449646284e+04
1.717578667898305866e+04
1.745360333179663212e+04
1.773691650818151902e+04
1.802568646877383071e+04
1.831987261959754323e+04
1.069338575594228314e+04
1.069653897191941905e+04
1.070599818492939812e+04
1.072176209020729766e+04
1.074382851314464824e+04
1.077219440929032680e+04
1.080685586434947254e+04
1.084780809418407443e+04
1.089504544481284574e+04
1.094856139241126948e+04
1.100834854331143652e+04
1.107439863400244030e+04
1.114670253112975297e+04
1.122525023149576919e+04
1.131003086205949694e+04
1.140103267993686131e+04
1.149824307240025155e+04
1.160164855687912677e+04
1.171123478095933024e+04
1.182698652238370050e+04
1.194888768905146571e+04
1.207692131901899302e+04
1.221106958049904279e+04
1.235131377186136524e+04
1.249763432163210018e+04
1.265001078849460646e+04
1.280842186128847970e+04
1.297284535901015624e+04
1.314325823081306589e+04
1.331963655600725360e+04
1.350195554405915209e+04
1.369018953459249133e+04
1.388431199738723444e+04
1.408429553238041444e+04
1.429011186966537571e+04
1.450173186949268711e+04
1.471912552226937441e+04
1.494226194855915855e+04
1.517110939908259934e+04
1.540563525471702633e+04
1.564580602649622597e+04
1.589158735561106005e+04
1.614294401340885088e+04
1.639983990139383604e+04
1.666223805122672275e+04
1.693010062472482605e+04
1.720338891386351679e+04
1.748206334077288557e+04
1.776608345774154077e+04
1.805540794721309794e+04
1.055052756149219385e+04
1.055363502694676026e+04
1.056295698052209264e+04
1.057849209385305221e+04
1.060023815299757553e+04
1.062819205843694181e+04
1.066234982507573113e+04
1.070270658224156614e+04
1.074925657368529210e+04
1.080199315758106059e+04
1.086090880652614032e+04
1.092599510754113544e+04
1.099724276206992181e+04
1.107464158597933056e+04
1.115818050955946637e+04
1.124784757752392215e+04
1.134362994900925514e+04
1.144551389757528705e+04
1.155348481120502947e+04
1.166752719230483672e+04
1.178762465770402378e+04
1.191375993865547935e+04
1.204591488083519835e+04
1.218407044434191812e+04
1.232820670369831896e+04
1.247830284784981814e+04
1.263433718016525199e+04
1.279628711843664314e+04
1.296412919487905492e+04
1.313783905613096613e+04
1.331739146325404909e+04
1.350276029173308780e+04
1.369391853147620532e+04
1.389083828681471823e+04
1.409349077650298022e+04
1.430184633371891323e+04
1.451587440606325254e+04
1.473554355556014525e+04
1.496082145865701204e+04
1.519167490622430705e+04
1.542806980355605083e+04
1.566997117036923191e+04
1.591734314080364675e+04
1.617014896342334396e+04
1.642835100121465075e+04
1.669191073158708605e+04
1.696078874637411718e+04
1.723494475183239774e+04
1.751433756864055977e+04
1.779892513190194950e+04
1.041250357120725312e+04
1.041556669550864899e+04
1.042475561749089684e+04
1.044006898438768440e+04
1.046150454158869979e+04
1.048905913263949151e+04
1.052272869924153565e+04
1.056250828125215958e+04
1.060839201668439637e+04
1.066037314170731952e+04
1.071844399064593745e+04
1.078259599598080422e+04
1.085281968834866893e+04
1.092910469654225381e+04
1.101143974750956113e+04
1.109981266635509201e+04
1.119421037633886408e+04
1.129461889887701000e+04
1.140102335354117713e+04
1.151340795805920970e+04
1.163175602831483957e+04
1.175604997834731512e+04
1.188627132035223076e+04
1.202240066468054101e+04
1.216441771983939725e+04
1.231230129249198944e+04
1.246602928745680038e+04
1.262557870770880618e+04
1.279092565437842131e+04
1.296204532675225528e+04
1.313891202227243048e+04
1.332149913653711337e+04
1.350977916330058724e+04
1.370372369447257734e+04
1.390330342011892208e+04
1.410848812846120381e+04
1.431924670587719993e+04
1.453554713690020071e+04
1.475735650421931132e+04
1.498464098867983193e+04
1.521736586928265388e+04
1.545549552318501082e+04
1.569899342569927467e+04
1.594782215029423787e+04
1.620194336859428040e+04
1.646131785038020826e+04
1.672590546358787833e+04
1.699566517430897147e+04
1.727055504679204387e+04
1.755053224344131377e+04
1.027930849305441006e+04
1.028232869044370455e+04
1.029138882327428473e+04
1.030648751353457192e+04
1.032762246453849730e+04
1.035479046092526369e+04
1.038798736866021864e+04
1.042720813503384124e+04
1.047244678866218237e+04
1.052369643948698831e+04
1.058094927877542978e+04
1.064419657912048933e+04
1.071342869444038115e+04
1.078863505997901484e+04
1.086980419230606822e+04
1.095692368931645433e+04
1.104998023023078167e+04
1.114895957559527596e+04
1.125384656728169830e+04
1.136462512848712868e+04
1.148127826373471726e+04
1.160378805887254748e+04
1.173213568107485116e+04
1.186630137884094438e+04
1.200626448199606421e+04
1.215200340169083938e+04
1.230349563040135763e+04
1.246071774192940575e+04
1.262364539140245688e+04
1.279225331527322851e+04
1.296651533132020086e+04
1.314640433864739498e+04
1.333189231768437821e+04
1.352295033018617687e+04
1.371954851923351271e+04
1.392165610923272288e+04
1.412924140591538526e+04
1.434227179633914238e+04
1.456071374888650462e+04
1.478453281326642355e+04
1.501369362051248754e+04
1.524815988298458433e+04
1.548789439436776047e+04
1.573285902967260517e+04
1.598301474523562501e+04
1.623832157871856907e+04
1.649873864910871998e+04
1.676422415671883573e+04
1.703473538318788269e+04
1.731022869147970414e+04
1.015076868123253371e+04
1.015374731013821474e+04
1.016268272881639678e+04
1.017757353314997636e+04
1.019841738294405695e+04
1.022521100192572339e+04
1.025795017774392727e+04
1.029662976196986347e+04
1.034124367009663547e+04
1.039178488153925173e+04
1.044824543963473661e+04
1.051061645164243964e+04
1.057888808874357346e+04
1.065304958604110652e+04
1.073308924256010323e+04
1.081899442124821144e+04
1.091075154897415268e+04
1.100834611652946114e+04
1.111176267862735222e+04
1.122098485390286805e+04
1.133599532491348327e+04
1.145677583813843194e+04
1.158330720397892401e+04
1.171556929675838001e+04
1.185354105472197261e+04
1.199720048003723605e+04
1.214652463879345669e+04
1.230148966100197504e+04
1.246207074059604201e+04
1.262824213543134101e+04
1.279997716728500200e+04
1.297724822185674930e+04
1.316002674876760102e+04
1.334828326156146795e+04
1.354198733770348008e+04
1.374110761858143269e+04
1.394561180950449852e+04
1.415546667970435556e+04
1.437063806233444120e+04
1.459109085447046891e+04
1.481678901710976425e+04
1.504769557517223075e+04
1.528377261749907666e+04
1.552498129685409367e+04
1.577128182992282746e+04
1.602263349731295602e+04
1.627899464355429336e+04
1.654032267709802181e+04
1.680657407031806724e+04
1.707770435951048785e+04
1.002665277748042172e+04
1.002959112065108638e+04
1.003840567313272913e+04
1.005309500383414888e+04
1.007365672760352027e+04
1.010008750522827904e+04
1.013238304343493292e+04
1.017053809488944171e+04
1.021454645819691541e+04
1.026440097790157233e+04
1.032009354448708473e+04
1.038161509437653331e+04
1.044895560993184881e+04
1.052210411945437409e+04
1.060104869718482769e+04
1.068577646330292373e+04
1.077627358392798305e+04
1.087252527111801646e+04
1.097451578287109442e+04
1.108222842312375178e+04
1.119564554175212834e+04
1.131474853457158679e+04
1.143951784333686737e+04
1.156993295574170588e+04
1.170597240541906103e+04
1.184761377194164743e+04
1.199483368082079869e+04
1.214760780350737514e+04
1.230591085739153277e+04
1.246971660580265961e+04
1.263899785800921018e+04
1.281372646921916748e+04
1.299387334057951193e+04
1.317940841917660146e+04
1.337030069803616607e+04
1.356651821612293497e+04
1.376802805834101127e+04
1.397479635553372646e+04
1.418678828448370587e+04
1.440396806791257768e+04
1.462629897448171687e+04
1.485374331879127749e+04
1.508626246138108581e+04
1.532381680872951256e+04
1.556636581325528823e+04
1.581386797331470007e+04
1.606628083320568476e+04
1.632356098316298085e+04
1.658566405936229057e+04
1.685254474391725307e+04
9.906747079151235084e+03
9.909646345863089664e+03
9.918343659686153842e+03
9.932837561682239539e+03
9.953125620288195933e+03
9.979204431315300099e+03
1.001106961794967719e+04
1.004871583075202943e+04
1.009213674765764335e+04
1.014132507397668269e+04
1.019627254239382273e+04
1.025696991296858141e+04
1.032340697313497913e+04
1.039557253770173338e+04
1.047345444885255893e+04
1.055703957614522005e+04
1.064631381651262564e+04
1.074126209426231071e+04
1.084186836107642193e+04
1.094811559601180306e+04
1.105998580549984035e+04
1.117746002334683908e+04
1.130051831073357425e+04
1.142913975621566715e+04
1.156330247572304870e+04
1.170298361256095632e+04
1.184815933740871151e+04
1.199880484832063667e+04
1.215489437072559122e+04
1.231640115742720809e+04
1.248329748860351174e+04
1.265555467180790038e+04
1.283314304196755984e+04
1.301603196138489693e+04
1.320418981973701557e+04
1.339758403407518017e+04
1.359618104882618718e+04
1.379994633579076435e+04
1.400884439414448934e+04
1.422283875043770786e+04
1.444189195859568463e+04
1.466596559991777758e+04
1.489502028307856563e+04
1.512901564412716834e+04
1.536791034648695131e+04
1.561166208095664842e+04
1.586022756570931233e+04
1.611356254629238902e+04
1.637162179562862184e+04
1.663435911401453995e+04
9.790847715046766098e+03
9.793709041169828197e+03
9.802292523653288299e+03
9.816596674840562628e+03
9.836619015303956985e+03
9.862356073844579441e+03
9.893803387492387628e+03
9.930955501506521614e+03
9.973805969374629058e+03
1.002234735281365283e+04
1.007657122176904886e+04
1.013646815441552462e+04
1.020202773715633703e+04
1.027323856462415642e+04
1.035008823967988610e+04
1.043256337341381368e+04
1.052064958514514183e+04
1.061433150242146439e+04
1.071359276102005788e+04
1.081841600494635713e+04
1.092878288643517772e+04
1.104467406594979730e+04
1.116606921218317439e+04
1.129294700205612935e+04
1.142528512071915793e+04
1.156306026155137624e+04
1.170624812616082090e+04
1.185482342438444903e+04
1.200875987428806548e+04
1.216803020216661935e+04
1.233260614254345455e+04
1.250245843817136483e+04
1.267755684003168426e+04
1.285787010733467105e+04
1.304336600751973128e+04
1.323401131625496419e+04
1.342977181743731308e+04
1.363061230319279639e+04
1.383649657387650223e+04
1.404738743807176070e+04
1.426324671259150455e+04
1.448403522247713227e+04
1.470971280099903743e+04
1.494023828965676512e+04
1.517556953817847898e+04
1.541566340452133409e+04
1.566047575487133690e+04
1.590996146364341257e+04
1.616407441348140492e+04
1.642276749525778359e+04
9.678715686295883643e+03
9.681540127341198968e+03
9.690012944729081937e+03
9.704132621215725521e+03
9.723896628061122101e+03
9.749301425029556412e+03
9.780342460389230837e+03
9.817014170912556438e+03
9.859309981875752783e+03
9.907222307059328159e+03
9.960742548747703040e+03
1.001986109772936652e+04
1.008456733329702183e+04
1.015484962324713524e+04
1.023069532388065818e+04
1.031209078000195768e+04
1.039902132492018973e+04
1.049147128044796773e+04
1.058942395690238845e+04
1.069286165310419710e+04
1.080176565637862041e+04
1.091611624255475908e+04
1.103589267596544232e+04
1.116107320944820458e+04
1.129163508434400319e+04
1.142755453049820426e+04
1.156880676626034619e+04
1.171536599848369951e+04
1.186720542252578525e+04
1.202429722224784746e+04
1.218661257001584454e+04
1.235412162669914869e+04
1.252679354167154634e+04
1.270459645281084704e+04
1.288749748649858338e+04
1.307546275762092591e+04
1.326845736956761357e+04
1.346644541423249029e+04
1.366938997201365601e+04
1.387725311181338839e+04
1.408999589103746075e+04
1.430757835559635714e+04
1.452995953990406088e+04
1.475709746687910592e+04
1.498894914794353281e+04
1.522547058302385813e+04
1.546661676055085263e+04
1.571234165745863720e+04
1.596259823918595976e+04
1.621733845967537491e+04
9.570065113479851789e+03
9.572853645000577671e+03
9.581218723665037032e+03
9.595158801779954956e+03
9.614671299856316182e+03
9.639752606610007206e+03
9.670398078960981366e+03
9.706602042033902762e+03
9.748357789157693333e+03
9.795657581865914835e+03
9.848492649896608782e+03
9.906853191192074519e+03
9.970728371899363992e+03
1.004010632636963419e+04
1.011497415715890202e+04
1.019531793502756045e+04
1.028112269894018027e+04
1.037237245606615943e+04
1.046905018177896272e+04
1.057113781965714770e+04
1.067861628148299678e+04
1.079146544724380874e+04
1.090966416513113836e+04
1.103319025154102383e+04
1.116202049107406856e+04
1.129613063653505378e+04
1.143549540893354788e+04
1.158008849748352986e+04
1.172988255960323477e+04
1.188484922091561202e+04
1.204495907524778886e+04
1.221018168463191068e+04
1.238048557930399875e+04
1.255583825770463591e+04
1.273620618647934498e+04
1.292155480047760284e+04
1.311184850275336976e+04
1.330705066456547138e+04
1.350712362537706213e+04
1.371202869285533234e+04
1.392172614287240685e+04
1.413617521950474475e+04
1.435533413503336851e+04
1.457916006994347845e+04
1.480760917292514023e+04
1.504063656087252275e+04
1.527819631888466211e+04
1.552024150026439384e+04
1.576672412651957166e+04
1.601759518736283280e+04
9.464571117489640528e+03
9.467324626735375205e+03
9.475584628140761197e+03
9.489349542710442620e+03
9.508616738785727648e+03
9.533382532044355685e+03
9.563642185500384585e+03
9.599389909504528987e+03
9.640618861743898378e+03
9.687321147242073494e+03
9.739487818359255471e+03
9.797108874791925700e+03
9.860173263573225995e+03
9.928668879072687560e+03
1.000258256299624372e+04
1.008190010438655372e+04
1.016660623962252430e+04
1.025668465241960803e+04
1.035211797382983968e+04
1.045288778224175985e+04
1.055897460338004203e+04
1.067035791030616565e+04
1.078701612341812142e+04
1.090892661045018031e+04
1.103606568647334461e+04
1.116840861389482598e+04
1.130592960245826362e+04
1.144860180924433735e+04
1.159639733866962706e+04
1.174928724248744948e+04
1.190724151978747614e+04
1.207022911699596079e+04
1.223821792787566665e+04
1.241117479352586452e+04
1.258906550238202726e+04
1.277185479021628998e+04
1.295950634013759918e+04
1.315198278259079780e+04
1.334924569535777118e+04
1.355125560355630478e+04
1.375797197964114639e+04
1.396935324340317129e+04
1.418535676197022076e+04
1.440593884980595794e+04
1.463105476871123756e+04
1.486065872782281258e+04
1.509470388361417645e+04
1.533314233989540298e+04
1.557592514781269165e+04
1.582300230584920973e+04
9.361907977005936118e+03
9.364627257526270114e+03
9.372784562043989354e+03
9.386378279430156908e+03
9.405405724469497727e+03
9.429863137860706047e+03
9.459745686216478134e+03
9.495047462063250350e+03
9.535761483841535664e+03
9.581879695905816334e+03
9.633392968524161915e+03
9.690291097878949586e+03
9.752562806066292978e+03
9.820195741096198617e+03
9.893176476892562277e+03
9.971490513293398180e+03
1.005512227605049702e+04
1.014405511682950055e+04
1.023827131321005800e+04
1.033775206868563146e+04
1.044247751266387604e+04
1.055242670046603416e+04
1.066757761332739028e+04
1.078790715839719815e+04
1.091339116873867533e+04
1.104400440332885046e+04
1.117972054705857408e+04
1.132051221073280976e+04
1.146635093107026114e+04
1.161720717070382670e+04
1.177305031817983581e+04
1.193384868795927468e+04
1.209956952041625300e+04
1.227017898183938451e+04
1.244564216443086480e+04
1.262592308630686057e+04
1.281098469149757511e+04
1.300078884994695727e+04
1.319529635751329442e+04
1.339446693596808836e+04
1.359825923299740680e+04
1.380663082220075921e+04
1.401953820309199727e+04
1.423693680109848538e+04
1.445878096756185550e+04
1.468502397973725238e+04
1.491561804079431749e+04
1.515051427981628149e+04
1.538966275179973309e+04
1.563301243765636173e+04
9.261743645080210626e+03
9.264429390120880271e+03
9.272486077221894448e+03
9.285912062319956021e+03
9.304704605309590988e+03
9.328859870043326737e+03
9.358372924331319155e+03
9.393237739941696418e+03
9.433447192600207927e+03
9.478993061990762726e+03
9.529866031754825599e+03
9.586055689491748126e+03
9.647550526758854176e+03
9.714337939071090659e+03
9.786404225901302198e+03
9.863734590680413021e+03
9.946313140796823063e+03
1.003412288759697367e+04
1.012714574638486374e+04
1.022536253642275915e+04
1.032875298093040328e+04
1.043729570708539177e+04
1.055096824602348170e+04
1.066974703283782765e+04
1.079360740657981842e+04
1.092252361025824393e+04
1.105646879083997192e+04
1.119541499924980599e+04
1.133933319037024921e+04
1.148819322304173875e+04
1.164196386006195462e+04
1.180061276818742044e+04
1.196410651813168079e+04
1.213241058456651444e+04
1.230548934612132507e+04
1.248330608538337037e+04
1.266582298889799495e+04
1.285300114716809185e+04
1.304480055465440637e+04
1.324118010977569247e+04
1.344209761490818346e+04
1.364750977638641416e+04
1.385737220450255336e+04
1.407163941350639470e+04
1.429026482160566047e+04
1.451320075096615801e+04
1.474039842771132135e+04
1.497180798192236216e+04
1.520737844763819521e+04
1.544705776285657703e+04
9.163678959102526278e+03
9.166331741089947172e+03
9.174289527801987788e+03
9.187550641488542169e+03
9.206112285899165727e+03
9.229970546283273507e+03
9.259120389390091077e+03
9.293555663468812782e+03
9.333269098268412563e+03
9.378252305037600308e+03
9.428495776524981920e+03
9.483988886979128438e+03
9.544719892148388681e+03
9.610675929280660057e+03
9.681843017124265316e+03
9.758206055926697445e+03
9.839748827435945714e+03
9.926453994899324243e+03
1.001830310306415049e+04
1.011527657817775071e+04
1.021735372798684693e+04
1.032451274173854472e+04
1.043673069017972921e+04
1.055398352555653219e+04
1.067624608161546894e+04
1.080349207360291075e+04
1.093569409826469928e+04
1.107282363384676137e+04
1.121485104009510360e+04
1.136174555825497555e+04
1.151347531107179202e+04
1.167000730279104027e+04
1.183130741915761064e+04
1.199734042741647499e+04
1.216806997631230479e+04
1.234345859609000763e+04
1.252346769849358134e+04
1.270805757676771464e+04
1.289718740565634471e+04
1.309081524140341025e+04
1.328889802175278055e+04
1.349139156594810629e+04
1.369825057473281049e+04
1.390942863035009759e+04
1.412487819654332634e+04
1.434455061855525491e+04
1.456839612312902864e+04
1.479636381850726320e+04
1.502840169443197738e+04
1.526445662214625008e+04
9.067176228877997346e+03
9.069796457057767839e+03
9.077656570897222991e+03
9.090754858297144892e+03
9.109088465758872189e+03
9.132653398384074535e+03
9.161444519875127298e+03
9.195455552534780509e+03
9.234679077266340755e+03
9.279106533573591150e+03
9.328728219560882280e+03
9.383533291933039436e+03
9.443509765995335329e+03
9.508644515653599228e+03
9.578923273414375217e+03
9.654330630384227334e+03
9.734850036270700002e+03
9.820463799381552235e+03
9.911153086625290598e+03
1.000689792351067808e+04
1.010767719414722342e+04
1.021346864124461717e+04
1.032424886611344482e+04
1.043999332866451368e+04
1.056067634740944959e+04
1.068627109945994926e+04
1.081674962052860246e+04
1.095208280492814447e+04
1.109224040557220724e+04
1.123719103397464460e+04
1.138690216025020163e+04
1.154134011311331597e+04
1.170047007987992947e+04
1.186425610646589666e+04
1.203266109738766863e+04
1.220564681576229304e+04
1.238317388330718495e+04
1.256520178034050696e+04
1.275168884578063989e+04
1.294259227714678673e+04
1.313786813055844505e+04
1.333747132073547982e+04
1.354135562099857816e+04
1.374947366326887277e+04
1.396177693806779098e+04
1.417821579451757862e+04
1.439873944034062879e+04
1.462329594186015311e+04
1.485183222399988699e+04
1.508429407028355126e+04
8.971627644332367709e+03
8.974215543814276316e+03
8.981978659925782267e+03
8.994915245664438771e+03
9.013022389359244698e+03
9.036296014671164812e+03
9.064730880592529502e+03
9.098320581447636869e+03
9.137057546892188839e+03
9.180933041913438501e+03
9.229937166830761271e+03
9.284058857294894551e+03
9.343285884288168745e+03
9.407604854124618214e+03
9.477001208450095874e+03
9.551459224241891206e+03
9.630962013809228665e+03
9.715491524792620112e+03
9.805028540164585138e+03
9.899552678229079902e+03
9.999042392621882755e+03
1.010347497231032321e+04
1.021282654159343474e+04
1.032707206010165100e+04
1.044618532279772262e+04
1.057013895997533837e+04
1.069890443726020203e+04
1.083245205560956492e+04
1.097075095131268972e+04
1.111376909598986094e+04
1.126147329659344541e+04
1.141382919540759212e+04
1.157080127004777205e+04
1.173235283346116375e+04
1.189844603392672616e+04
1.206904185505512396e+04
1.224410011578849299e+04
1.242357947040083309e+04
1.260743740849761707e+04
1.279563025501624907e+04
1.298811317022538424e+04
1.318484014972561090e+04
1.338576402444922132e+04
1.359083646066013353e+04
1.380000795995344197e+04
1.401322785925678181e+04
1.423044433082895921e+04
1.445160438226018050e+04
1.467665385647281437e+04
1.490553743172055511e+04
8.876491962487685669e+03
8.879047600382931705e+03
8.886713919950352647e+03
8.899489138835671838e+03
8.917370286447938270e+03
8.940353203960019528e+03
8.968432544308408978e+03
9.001601772193453144e+03
9.039853164078938789e+03
9.083177808192354860e+03
9.131565604525121671e+03
9.185005264831981549e+03
9.243484312631646389e+03
9.306989083206151918e+03
9.375504723601656224e+03
9.449015192627673969e+03
9.527503260857429268e+03
9.610950510627921176e+03
9.699337336039850925e+03
9.792642942957323612e+03
9.890845349008563062e+03
9.993921383585075091e+03
1.010184668784199857e+04
1.021459571469874027e+04
1.033214172883761785e+04
1.045445680670513866e+04
1.058151183651125393e+04
1.071327651822972803e+04
1.084971936359791835e+04
1.099080769611684082e+04
1.113650765105118444e+04
1.128678417542929856e+04
1.144160102804335111e+04
1.160092077944909761e+04
1.176470481196588480e+04
1.193291331967687620e+04
1.210550530842859553e+04
1.228243859583168705e+04
1.246366981126023711e+04
1.264915439585198874e+04
1.283884660250851084e+04
1.303269949589480348e+04
1.323066495243961072e+04
1.343269366033564438e+04
1.363873511953882735e+04
1.384873764176912482e+04
1.406264835051009322e+04
1.428041318100872559e+04
1.450197688027583354e+04
1.472728300708619463e+04
8.781286786336711884e+03
8.783810095403850937e+03
8.791379416588482854e+03
8.803992931839806261e+03
8.821647611073520238e+03
8.844339212171196777e+03
8.872062280980950163e+03
8.904810151316913107e+03
8.942574944959384084e+03
8.985347571655096544e+03
9.033117729116762348e+03
9.085873903023411913e+03
9.143603367020317819e+03
9.206292182719114862e+03
9.273925199697145217e+03
9.346486055498493442e+03
9.423957175633289808e+03
9.506319773577728483e+03
9.593553850774469538e+03
9.685638196632075051e+03
9.782550388525502058e+03
9.884266791796184407e+03
9.990762559751297886e+03
1.010201163366453693e+04
1.021798674277548889e+04
1.033865940429056172e+04
1.046399992338153061e+04
1.059397739318721142e+04
1.072855969481202010e+04
1.086771349732703129e+04
1.101140425776929987e+04
1.115959622114201011e+04
1.131225242041485581e+04
1.146933467652335457e+04
1.163080359836969001e+04
1.179661858282186950e+04
1.196673781471425536e+04
1.214111826684749394e+04
1.231971569998844097e+04
1.250248466286999792e+04
1.268937849219143209e+04
1.288034931261813654e+04
1.307534803678193748e+04
1.327432436528048675e+04
1.347722678667802575e+04
1.368400257750492165e+04
1.389459780225737086e+04
1.410895731339852864e+04
1.432702475135693021e+04
1.454874254452776404e+04
8.685503790676497374e+03
8.687994562252015385e+03
8.695466258987380570e+03
8.707917026908566186e+03
8.725343776058973162e+03
8.747742180499320966e+03
8.775106678307716720e+03
8.807430471579549703e+03
8.844705526427711447e+03
8.886922572982333804e+03
8.934071105390936282e+03
8.986139381818324182e+03
9.043114424446761404e+03
9.104982019475755806e+03
9.171726717122282935e+03
9.243331831620707817e+03
9.319779441222484820e+03
9.401050388196797940e+03
9.487124278829773175e+03
9.577979483425262515e+03
9.673593136304361906e+03
9.773941135805293015e+03
9.878998144283892543e+03
9.988737588113204765e+03
1.010313165768388899e+04
1.022215130740361565e+04
1.034576625569760290e+04
1.047394498500830196e+04
1.060665474179571356e+04
1.074386153653707333e+04
1.088553014372678263e+04
1.103162410187701425e+04
1.118210571351687577e+04
1.133693604519324617e+04
1.149607492746978642e+04
1.165948095492823632e+04
1.182711148616711762e+04
1.199892264380241613e+04
1.217486931446774179e+04
1.235490514881371382e+04
1.253898256150864654e+04
1.272705273123786719e+04
1.291906560070416708e+04
1.311496987662781066e+04
1.331471302974652281e+04
1.351824129481489399e+04
1.372549967060535892e+04
1.393643191990743981e+04
1.415098056952820116e+04
1.436908691029172223e+04
8.588650108463374636e+03
8.591107996381955672e+03
8.598481030142314921e+03
8.610767319758413578e+03
8.627963715253410555e+03
8.650065806659729787e+03
8.677067924019183920e+03
8.708963137382701461e+03
8.745743256810668754e+03
8.787398832372597099e+03
8.833919154147337395e+03
8.885292252222938259e+03
8.941504896696831565e+03
9.002542597675679644e+03
9.068389605275455324e+03
9.139028909621287312e+03
9.214442240847840367e+03
9.294610069098629538e+03
9.379511604526858719e+03
9.469124797294814925e+03
9.563426337574013814e+03
9.662391655545283356e+03
9.765994921399093073e+03
9.874209045334358962e+03
9.987005677560091499e+03
1.010435520829423695e+04
1.022622676776397020e+04
1.035258822620570209e+04
1.048340619386537219e+04
1.061864602099793410e+04
1.075827179786794295e+04
1.090224635474874049e+04
1.105053126192327363e+04
1.120308682968387438e+04
1.135987210833165227e+04
1.152084488817763486e+04
1.168596169954177276e+04
1.185517781275302696e+04
1.202844723815049656e+04
1.220572272608137609e+04
1.238695576690308008e+04
1.257209659098195152e+04
1.276109416869356573e+04
1.295389621042295403e+04
1.315044916656408168e+04
1.335069822752052460e+04
1.355458732370508733e+04
1.376205912553981216e+04
1.397305504345566442e+04
1.418751522789367846e+04
8.490201730790508009e+03
8.492626242575359356e+03
8.499899135952357028e+03
8.512018484988175260e+03
8.528981079794297329e+03
8.550782426526817289e+03
8.577416747386185307e+03
8.608876980617613299e+03
8.645154780510627461e+03
8.686240517399672171e+03
8.732123277663542467e+03
8.782790863725645977e+03
8.838229794053935620e+03
8.898425303160896874e+03
8.963361341603709661e+03
9.033020575984059178e+03
9.107384388948161359e+03
9.186432879186857463e+03
9.270144861435521307e+03
9.358497866474142938e+03
9.451468141127179479e+03
9.549030648263851617e+03
9.651159066797617925e+03
9.757825791686778757e+03
9.869001933934365297e+03
9.984657320587379218e+03
1.010476049473807871e+04
1.022927871552269607e+04
1.035817795812249642e+04
1.049142291376316825e+04
1.062897698971467798e+04
1.077080230929201753e+04
1.091685971185446215e+04
1.106710875280593064e+04
1.122150770359492890e+04
1.138001355171453179e+04
1.154258200070231942e+04
1.170916747014045177e+04
1.187972309565589057e+04
1.205420072891979544e+04
1.223255093764798039e+04
1.241472300560121766e+04
1.260066493258424634e+04
1.279032343444684193e+04
1.298364394308312876e+04
1.318057060643188015e+04
1.338104628847630374e+04
1.358501256924440349e+04
1.379240974480876503e+04
1.400317682728594627e+04
8.389607510235540758e+03
8.391997999036144392e+03
8.399168811559926326e+03
8.411117986173432655e+03
8.427842253487331618e+03
8.449337036356648241e+03
8.475596449880678847e+03
8.506613301402998331e+03
8.542379090511454706e+03
8.582884009038365548e+03
8.628116941060019599e+03
8.678065462897089674e+03
8.732715843114798190e+03
8.792053042522296892e+03
8.856060714173281667e+03
8.924721203365645124e+03
8.998015547641482044e+03
9.075923476787351319e+03
9.158423412834015835e+03
9.245492470056433376e+03
9.337106454973991276e+03
9.433239866350277225e+03
9.533865895193153847e+03
9.638956424754951513e+03
9.748482030532008139e+03
9.862411980265278544e+03
9.980714233939655969e+03
1.010335544378449413e+04
1.023030095427353990e+04
1.036151480212462593e+04
1.049695971629997439e+04
1.063659711800619334e+04
1.078038712069383109e+04
1.092828853005835299e+04
1.108025884403870441e+04
1.123625425281882963e+04
1.139622963882644945e+04
1.156013857673391067e+04
1.172793333345778956e+04
1.189956486815882818e+04
1.207498283224208535e+04
1.225413556935715496e+04
1.243697011539734376e+04
1.262343219850095011e+04
1.281346623904990702e+04
1.300701534967106454e+04
1.320402133523483280e+04
1.340442469285691550e+04
1.360816461189627626e+04
1.381517897395679029e+04
8.286286222830844054e+03
8.288641878534312127e+03
8.295708180019004431e+03
8.307483130407794306e+03
8.323963401572238581e+03
8.345144334132441145e+03
8.371019937457049309e+03
8.401582889663435708e+03
8.436824537617552778e+03
8.476734896933861819e+03
8.521302651975513072e+03
8.570515155854120167e+03
8.624358430430143926e+03
8.682817166312512200e+03
8.745874722858692621e+03
8.813513128174841768e+03
8.885713079115703295e+03
8.962453941284631583e+03
9.043713749033486238e+03
9.129469205462972241e+03
9.219695682422032405e+03
9.314367220508567698e+03
9.413456529068904274e+03
9.516934986197915350e+03
9.624772638739310423e+03
9.736938202285122316e+03
9.853399061176029136e+03
9.974121268501752638e+03
1.009906954609982677e+04
1.022820728455705284e+04
1.036149654320873560e+04
1.049889805013822297e+04
1.064037120217828124e+04
1.078587406490987632e+04
1.093536337266217197e+04
1.108879452851397218e+04
1.124612160429160213e+04
1.140729734057057067e+04
1.157227314667488827e+04
1.174099910067722340e+04
1.191342394939874794e+04
1.208949510840920993e+04
1.226915866202693906e+04
1.245235936331907033e+04
1.263904063410124400e+04
1.282914456493745092e+04
1.302261191514079110e+04
1.321938211277241317e+04
1.341939325464257672e+04
1.362258210630974099e+04
8.179661488526865469e+03
8.181981340757070939e+03
8.188940220299855355e+03
8.200536095712361202e+03
8.216765581255989673e+03
8.237623936897118256e+03
8.263105068306571411e+03
8.293201526859813384e+03
8.327904509637013689e+03
8.367203859422943424e+03
8.411088064707124431e+03
8.459544259683525524e+03
8.512558224250937201e+03
8.570114384012564187e+03
8.632195810276471093e+03
8.698784220055244077e+03
8.769859976066149102e+03
8.845402086731040981e+03
8.925388206176497988e+03
9.009794634233647230e+03
9.098596316438373833e+03
9.191766844031046276e+03
9.289278453956663725e+03
9.391102028865210741e+03
9.497207097110655013e+03
9.607561832752404371e+03
9.722133055553740633e+03
9.840886230983263886e+03
9.963785470213602821e+03
1.009079353012233150e+04
1.022187181329187842e+04
1.035698036800878617e+04
1.049607788826468459e+04
1.063912171375568505e+04
1.078606782988246414e+04
1.093687086775025818e+04
1.109148410416939078e+04
1.124985946165414498e+04
1.141194750842411486e+04
1.157769745840323594e+04
1.174705717121984526e+04
1.191997315220729979e+04
1.209639055240336347e+04
1.227625316855058736e+04
1.245950344309600587e+04
1.264608246419152238e+04
1.283592996569344359e+04
1.302898432716271236e+04
1.322518257386521691e+04
1.342446037677101776e+04
8.069309932434899565e+03
8.071592899806583773e+03
8.078441113547492932e+03
8.089852508535575907e+03
8.105823642900493724e+03
8.126349698023886958e+03
8.151424478539221127e+03
8.181040412331981315e+03
8.215188550539474818e+03
8.253858567550916632e+03
8.297038761007266658e+03
8.344716051801658978e+03
8.396875984078937108e+03
8.453502725235806793e+03
8.514579065920997891e+03
8.580086420035058836e+03
8.650004824730369364e+03
8.724312940411437012e+03
8.802988050734333228e+03
8.886006062607255444e+03
8.973341506190270593e+03
9.064967534895193239e+03
9.160855925385931187e+03
9.260977077578141689e+03
9.365300014639311485e+03
9.473792382989207908e+03
9.586420452298929376e+03
9.703149115491896737e+03
9.823941888743243908e+03
9.948760911480121649e+03
1.007756694638139015e+04
1.021031937937785551e+04
1.034697621965240978e+04
1.048749409963951075e+04
1.063182827502570581e+04
1.077993262474971380e+04
1.093175965100135727e+04
1.108726047922315593e+04
1.124638485810934617e+04
1.140908115960557188e+04
1.157529637890987397e+04
1.174497613447215372e+04
1.191806466799395457e+04
1.209450484442876041e+04
1.227423815198221746e+04
1.245720470211161592e+04
1.264334322952610455e+04
1.283259109218685444e+04
1.302488427130704986e+04
1.322015737135143354e+04
7.954827826288085816e+03
7.957072724119067061e+03
7.963806718379903941e+03
7.975027711374346836e+03
7.990732206941894219e+03
8.010915310458130989e+03
8.035570728834272813e+03
8.064690770517434430e+03
8.098266345490552339e+03
8.136286965272423004e+03
8.178740742917662828e+03
8.225614393016712711e+03
8.276893231695945360e+03
8.332561176617407909e+03
8.392600746979192991e+03
8.456993063515066751e+03
8.525717848494650752e+03
8.598753425723392866e+03
8.676076720542747353e+03
8.757663259829807430e+03
8.843487171997670885e+03
8.933521186995032622e+03
9.027736636306712171e+03
9.126103452953240776e+03
9.228590171490850480e+03
9.335163928011676035e+03
9.445790460144053213e+03
9.560434107051682076e+03
9.679057809434198134e+03
9.801623109527403358e+03
9.928090151102347590e+03
1.005841767946655273e+04
1.019256304146294133e+04
1.033048218547052420e+04
1.047212966140402023e+04
1.061745862071378178e+04
1.076642081638662239e+04
1.091896660294438880e+04
1.107504493644554168e+04
1.123460337448379141e+04
1.139758807618901847e+04
1.156394380222673135e+04
1.173361391479860140e+04
1.190654037764162786e+04
1.208266375602897824e+04
1.226192321676997744e+04
1.244425652820897631e+04
1.262960006022687230e+04
1.281788878424003997e+04
1.300905627320086387e+04
7.835909973060855009e+03
7.838115543237070597e+03
7.844731544115309589e+03
7.855755846743855727e+03
7.871184902870557380e+03
7.891013744941725236e+03
7.915235986103084542e+03
7.943843820199049333e+03
7.976828021773333603e+03
8.014177946068532947e+03
8.055881529026199132e+03
8.101925287287031097e+03
8.152294318190721242e+03
8.206972299775809006e+03
8.265941490779974629e+03
8.329182730640126465e+03
8.396675439491711586e+03
8.468397618169547059e+03
8.544325848207336094e+03
8.624435291837964542e+03
8.708699691992971566e+03
8.797091372303308162e+03
8.889581237098695055e+03
8.986138771407961030e+03
9.086732040958926518e+03
9.191327692178296275e+03
9.299890952192223267e+03
9.412385628825177264e+03
9.528774110601261782e+03
9.649017366743388266e+03
9.773074947173503460e+03
9.900904982512201968e+03
1.003246418407979945e+04
1.016770784389503569e+04
1.030658983467598409e+04
1.044906260983937864e+04
1.059507720350158343e+04
1.074458323047724662e+04
1.089752888628057372e+04
1.105386094712472732e+04
1.121352476992137781e+04
1.137646429228182933e+04
1.154262203251619212e+04
1.171193908963330978e+04
1.188435514334165964e+04
1.205980845404792490e+04
1.223823586285864985e+04
1.241957279157880657e+04
1.260375324271232421e+04
1.279070979946277475e+04
7.712353673357521075e+03
7.714518615426678480e+03
7.721012722074684461e+03
7.731833834623140319e+03
7.746978355274828573e+03
7.766441247113485588e+03
7.790216034103953461e+03
7.818294801092179114e+03
7.850668193805252486e+03
7.887325418851142786e+03
7.928254243719189617e+03
7.973440996779420857e+03
8.022870567283462151e+03
8.076526405363627418e+03
8.134390522033261732e+03
8.196443489187193336e+03
8.262664439600939659e+03
8.333031066931311216e+03
8.407519625716076916e+03
8.486104931374180524e+03
8.568760360205564211e+03
8.655457849391381387e+03
8.746167896993711111e+03
8.840859561955767276e+03
8.939500464101911348e+03
9.042056784137457726e+03
9.148493263649015717e+03
9.258773205103883811e+03
9.372858471850955539e+03
9.490709488119895468e+03
9.612285239021275629e+03
9.737543270547121210e+03
9.866439689570370319e+03
9.998929163845028597e+03
1.013496492200632383e+04
1.027449875357016572e+04
1.041748100893422270e+04
1.056386059937653954e+04
1.071358499705669055e+04
1.086660023501508476e+04
1.102285090717335515e+04
1.118228016833427318e+04
1.134482973418137954e+04
1.151043988127965713e+04
1.167904944707493087e+04
1.185059582989439696e+04
1.202501498894594079e+04
1.220224144431858804e+04
1.238220827698288849e+04
1.256484712879008293e+04
7.583972193239408625e+03
7.586095169608673132e+03
7.592463369830321426e+03
7.603074607245957850e+03
7.617925237425197338e+03
7.637010158165328903e+03
7.660322809491617591e+03
7.687855173656771512e+03
7.719597775141588500e+03
7.755539680654767835e+03
7.795668499132489160e+03
7.839970381738983633e+03
7.888430021866270181e+03
7.941030655133961773e+03
7.997754059389800204e+03
8.058580554709047647e+03
8.123489003394979591e+03
8.192456809978504680e+03
8.265459921218545787e+03
8.342472826101507962e+03
8.423468555842076967e+03
8.508418683882231562e+03
8.597293325892109351e+03
8.690061139769530200e+03
8.786689325640130846e+03
8.887143625857333973e+03
8.991388325002313650e+03
9.099386249884370045e+03
9.211098769540058129e+03
9.326485795234324542e+03
9.445505780459447124e+03
9.568115720935793433e+03
9.694271154611518796e+03
9.823926161662257073e+03
9.957033364491962857e+03
1.009354392773192012e+04
1.023340755824180269e+04
1.037657250510831909e+04
1.052298555964656225e+04
1.067259205539934010e+04
1.082533586813701731e+04
1.098115941585812470e+04
1.114000365878867706e+04
1.130180809938269704e+04
1.146651078232184773e+04
1.163404829451580190e+04
1.180435576510194551e+04
1.197736686544521945e+04
1.215301380913888352e+04
1.233122735200367970e+04
7.450651537331926193e+03
7.452731192699047824e+03
7.458969421241135933e+03
7.469364010280779439e+03
7.483911272022244702e+03
7.502606043551584662e+03
7.525441686836188637e+03
7.552410088725574496e+03
7.583501660950711084e+03
7.618705340124468421e+03
7.658008587741240262e+03
7.701397390177021407e+03
7.748856258689821516e+03
7.800368229419177624e+03
7.855914863386222351e+03
7.915476246493918552e+03
7.979030989527018392e+03
8.046556228151644063e+03
8.118027622916049950e+03
8.193419359249824993e+03
8.272704147464499329e+03
8.355853222753163209e+03
8.442836345190622524e+03
8.533621799733433363e+03
8.628176396219827438e+03
8.726465469369713901e+03
8.828452878784786662e+03
8.934101008948269737e+03
9.043370769225248296e+03
9.156221593862483132e+03
9.272611441988223305e+03
9.392496797612921000e+03
9.515832669628025542e+03
9.642572591807265781e+03
9.772668622805971609e+03
9.906071346160842950e+03
1.004272987029040996e+04
1.018259182849540957e+04
1.032560337895741577e+04
1.047170920474051491e+04
1.062085251378979046e+04
1.077297503893260000e+04
1.092801703787752922e+04
1.108591729321536513e+04
1.124661311241826843e+04
1.141004032783992807e+04
1.157613329671607971e+04
1.174482490116398913e+04
1.191604654818274867e+04
1.208972816965319907e+04
7.312302659770542050e+03
7.314337628721773399e+03
7.320441790070806746e+03
7.330612907303171596e+03
7.344847252894965095e+03
7.363139608312545533e+03
7.385483264012691507e+03
7.411870019442820194e+03
7.442290183040540796e+03
7.476732572233800056e+03
7.515184513441226954e+03
7.557631842071562460e+03
7.604058902524116093e+03
7.654448548188762288e+03
7.708782141445377420e+03
7.767039553664592859e+03
7.829199165207303849e+03
7.895237865424897791e+03
7.965131052659065062e+03
8.038852634241985470e+03
8.116375026496219107e+03
8.197669154734663607e+03
8.282704453260786977e+03
8.371448865368316547e+03
8.463868843341477259e+03
8.559929348454867068e+03
8.659593850973427834e+03
8.762824330152701805e+03
8.869581274238498736e+03
8.979823680466930455e+03
9.093509055064714630e+03
9.210593413248943762e+03
9.331031279227090636e+03
9.454775686197004688e+03
9.581778176346839246e+03
9.711988800855579029e+03
9.845356119891903290e+03
9.981827202615704664e+03
1.012134762717672311e+04
1.026386148071530079e+04
1.040931135936208739e+04
1.055763836823833481e+04
1.070878212145566977e+04
1.086268074211579915e+04
1.101927086231125941e+04
1.117848762312496547e+04
1.134026467462983055e+04
1.150453417588945194e+04
1.167122679495787452e+04
1.184027170887983084e+04
7.168975578460883298e+03
7.170964525422921724e+03
7.176930613650218220e+03
7.186871585166234581e+03
7.200783676676905998e+03
7.218661619570450057e+03
7.240498639917329456e+03
7.266286458470517573e+03
7.296015290665271095e+03
7.329673846619053620e+03
7.367249331132029511e+03
7.408727443686264451e+03
7.454092378446451221e+03
7.503326824259602290e+03
7.556411964655012525e+03
7.613327477844260102e+03
7.674051536721472985e+03
7.738560808862985141e+03
7.806830456527450224e+03
7.878834136655882503e+03
7.954544000871692333e+03
8.033930695480686154e+03
8.116963361470841846e+03
8.203609634512607954e+03
8.293835644958789999e+03
8.387606017844518647e+03
8.484883872887205143e+03
8.585630824486581332e+03
8.689806981724965226e+03
8.797370948366657103e+03
8.908279822858730768e+03
9.022489198330125873e+03
9.139953162592595618e+03
9.260624298139797247e+03
9.384453682148128792e+03
9.511390886476116066e+03
9.641383977664645499e+03
9.774379516936884102e+03
9.910322560198514111e+03
1.004915665803764568e+04
1.019082385572429848e+04
1.033526469321130571e+04
1.048241820513347557e+04
1.063222192080820605e+04
1.078461186423533036e+04
1.093952255409666031e+04
1.109688700375651570e+04
1.125663672126188430e+04
1.141870170934172711e+04
1.158301046540721836e+04
7.020871083985639416e+03
7.022812746512840931e+03
7.028636975126914876e+03
7.038341492925042076e+03
7.051922505069303952e+03
7.069374698786532463e+03
7.090691243368382857e+03
7.115863790171412802e+03
7.144882472616927771e+03
7.177735906190984679e+03
7.214411188444690197e+03
7.254893898993675975e+03
7.299168099518547933e+03
7.347216333764777119e+03
7.399019627542543276e+03
7.454557488726928568e+03
7.513807907257728402e+03
7.576747355139673346e+03
7.643350786442207209e+03
7.713591637299676222e+03
7.787441825911324486e+03
7.864871752540807393e+03
7.945850299517170242e+03
8.030344831233870536e+03
8.118321194149453731e+03
8.209743716786873847e+03
8.304575209734404780e+03
8.402776965644799930e+03
8.504308759235755133e+03
8.609128847289790428e+03
8.717193968654177297e+03
8.828459344241082363e+03
8.942878677027389131e+03
9.060404152054767110e+03
9.180986436430202957e+03
9.304574679324636236e+03
9.431116511974627429e+03
9.560558047680919117e+03
9.692843881809571030e+03
9.827917091791201528e+03
9.965719237121220431e+03
1.010619035935997090e+04
1.024926898213266213e+04
1.039489211112928933e+04
1.054299523410433358e+04
1.069351232087759308e+04
1.084637582333357386e+04
1.100151667542127143e+04
1.115886429315469286e+04
1.131834657461278402e+04
6.868270079027449356e+03
6.870163291630508866e+03
6.875842165057406419e+03
6.885304406161253610e+03
6.898546193030445465e+03
6.915562174989001505e+03
6.936345472596144646e+03
6.960887677646496741e+03
6.989178853170263210e+03
7.021207533432819218e+03
7.056960723934973430e+03
7.096423901413156273e+03
7.139581013838892432e+03
7.186414480419368374e+03
7.236905191596974873e+03
7.291032509049500732e+03
7.348774265690242828e+03
7.410106765667819673e+03
7.475004784366281456e+03
7.543441568405151884e+03
7.615388835639160789e+03
7.690816775158546989e+03
7.769694047288908223e+03
7.851987783591349398e+03
7.937663586862186094e+03
8.026685531133352924e+03
8.119016161671955160e+03
8.214616494980607968e+03
8.313446018797360011e+03
8.415462692095577950e+03
8.520622945084141975e+03
8.628881679207097477e+03
8.740192267144115249e+03
8.854506552810107678e+03
8.971774851355576175e+03
9.091945949166225546e+03
9.214967103863273223e+03
9.340784044303140035e+03
9.469340970577983171e+03
9.600580554014944937e+03
9.734443937177124099e+03
9.870870733862298948e+03
1.000979902910429155e+04
1.015116537917189453e+04
1.029490481156949500e+04
1.044095082503683079e+04
1.058923538954907963e+04
1.073968894631661897e+04
1.089224040778564449e+04
1.104681715763717875e+04
6.711673156301269046e+03
6.713516913804066462e+03
6.719047417432307157e+03
6.728262360545386400e+03
6.741157898742168982e+03
6.757728649861140184e+03
6.777967693980410331e+03
6.801866573417707514e+03
6.829415292730042893e+03
6.860602318714389185e+03
6.895414580407077665e+03
6.933837469084020995e+03
6.975854838260677752e+03
7.021449003692244332e+03
7.070600743373233854e+03
7.123289297537970015e+03
7.179492368660286957e+03
7.239186121453447413e+03
7.302345182870377357e+03
7.368942642103775142e+03
7.438950050585503959e+03
7.512337421987429479e+03
7.589073232220546743e+03
7.669124419435850541e+03
7.752456384023654209e+03
7.839032988613856105e+03
7.928816558076087858e+03
8.021767879519339658e+03
8.117846202292335875e+03
8.217009237983271305e+03
8.319213160419849373e+03
8.424412605669735058e+03
8.532560672039608107e+03
8.643608920076152572e+03
8.757507372565518381e+03
8.874204514533099427e+03
8.993647293244370303e+03
9.115781118204116865e+03
9.240549861156599945e+03
9.367895856086002823e+03
9.497759899215603582e+03
9.630081249008677332e+03
9.764797626167819544e+03
9.901845213635320761e+03
1.004115865659302108e+04
1.018267106246215371e+04
1.032631400090387251e+04
1.047201750381865713e+04
1.061971006534660410e+04
1.076931864186728126e+04
6.551680906448420501e+03
6.553474393326496283e+03
6.558854081514330574e+03
6.567817653672856977e+03
6.580361247570219348e+03
6.596479456081851822e+03
6.616165327190363314e+03
6.639410363985803087e+03
6.666204524665279678e+03
6.696536222533192813e+03
6.730392326001492620e+03
6.767758158588965671e+03
6.808617498921989863e+03
6.852952580733926879e+03
6.900744092865731545e+03
6.951971179265304272e+03
7.006611438987988549e+03
7.064640926196413602e+03
7.126034150160232457e+03
7.190764075256690376e+03
7.258802120970092801e+03
7.330118161891921773e+03
7.404680527721211547e+03
7.482456003264056562e+03
7.563409828433766961e+03
7.647505698251052308e+03
7.734705762843835146e+03
7.824970627447214611e+03
7.918259352403765661e+03
8.014529453163125254e+03
8.113736900282219722e+03
8.215836119425375728e+03
8.320779991363906447e+03
8.428519851976792779e+03
8.539005492249771123e+03
8.652185158276401125e+03
8.768005551256996114e+03
8.886411827499538049e+03
9.007347598418769849e+03
9.130754930537401378e+03
9.256574345484750665e+03
9.384744819997877130e+03
9.515203785920675728e+03
9.647887130204557252e+03
9.782729194908293721e+03
9.919662777197496325e+03
1.005861912934574320e+04
1.019952795873299146e+04
1.034231742784724338e+04
1.048691415428334039e+04
6.388920170921816862e+03
6.390662763602715131e+03
6.395889766571220207e+03
6.404598854604880216e+03
6.416786152332709207e+03
6.432446234235650991e+03
6.451572124646115299e+03
6.474155297748249723e+03
6.500185677577898787e+03
6.529651638022414772e+03
6.562540002820886002e+03
6.598836045564250526e+03
6.638523489694800446e+03
6.681584508506603015e+03
6.727999725145575212e+03
6.777748212608950780e+03
6.830807493745889587e+03
6.887153541257134748e+03
6.946760777694976241e+03
7.009602075463551955e+03
7.075648756818547554e+03
7.144870593867381103e+03
7.217235808569057554e+03
7.292711072734164190e+03
7.371261508025213516e+03
7.452850685956150301e+03
7.537440627892654447e+03
7.624991805051990923e+03
7.715463138503271693e+03
7.808811999167042813e+03
7.904994207815699156e+03
8.003964035073143350e+03
8.105674201415013158e+03
8.210075877168643274e+03
8.317118682512955274e+03
8.426750687478639520e+03
8.538918411947784989e+03
8.653566825654403146e+03
8.770639348184280607e+03
8.890077848974442531e+03
9.011822647313920243e+03
9.135812512343136405e+03
9.261984663054514385e+03
9.390274768291797955e+03
9.520616946750578791e+03
9.652943766978145504e+03
9.787186247373179867e+03
9.923273856186520788e+03
1.006113451152017115e+04
1.020069458132790351e+04
6.224043713156485865e+03
6.225734981506623626e+03
6.230808009790773212e+03
6.239260467709603290e+03
6.251088471431255130e+03
6.266286583590954251e+03
6.284847813291132297e+03
6.306763616101496154e+03
6.332023894059034319e+03
6.360616995667744959e+03
6.392529715899097027e+03
6.427747296191530950e+03
6.466253424450807870e+03
6.508030235049925068e+03
6.553058308829160524e+03
6.601316673095804617e+03
6.652782801624577587e+03
6.707432614657325757e+03
6.765240478903024268e+03
6.826179207538037190e+03
6.890220060205858317e+03
6.957332743017029316e+03
7.027485408549712702e+03
7.100644655848934235e+03
7.176775530426994010e+03
7.255841524263549218e+03
7.337804575805383138e+03
7.422625069966480623e+03
7.510261838127992633e+03
7.600672158138498162e+03
7.693811754313552228e+03
7.789634797435988730e+03
7.888093904755956828e+03
7.989140139990770876e+03
8.092723013324833119e+03
8.198790481410014763e+03
8.307288947365199419e+03
8.418163260776433162e+03
8.531356717697235581e+03
8.646811060648209605e+03
8.764466478617199755e+03
8.884261607058911977e+03
9.006133527895977750e+03
9.130017769517658962e+03
9.255848306780686471e+03
9.383557561008956327e+03
9.513076399993451560e+03
9.644334137992624164e+03
9.777258535732016753e+03
9.911775800404257097e+03
6.057770278975756810e+03
6.059410003369028345e+03
6.064328399015797004e+03
6.072523133316697567e+03
6.083990318606311121e+03
6.098724512152709394e+03
6.116718716158250572e+03
6.137964377758597038e+03
6.162451389023506636e+03
6.190168086956457046e+03
6.221101253494604862e+03
6.255236115509130286e+03
6.292556344804741457e+03
6.333044058120208319e+03
6.376679817127903334e+03
6.423442628434069775e+03
6.473309943578708044e+03
6.526257659035688448e+03
6.582260116212599314e+03
6.641290101450749717e+03
6.703318846025467792e+03
6.768316026145801516e+03
6.836249762954442303e+03
6.907086622527988766e+03
6.980791615876834840e+03
7.057328198945204349e+03
7.136658272611043685e+03
7.218742182686052729e+03
7.303538719915877664e+03
7.391005119979884512e+03
7.481097063491195513e+03
7.573768675996650927e+03
7.668972527977226491e+03
7.766659634847276720e+03
7.866779456955251590e+03
7.969279899583246333e+03
8.074107312947035098e+03
8.181206492196527506e+03
8.290520677415164755e+03
8.401991553620215200e+03
8.515559250762862575e+03
8.631162343727888583e+03
8.748737852334215859e+03
8.868221241334063961e+03
8.989546420413716987e+03
9.112645744193590872e+03
9.237450012227100160e+03
9.363888469002253260e+03
9.491888803940279104e+03
9.621377151396700356e+03
5.890900957157100493e+03
5.892489145222384650e+03
5.897252932013013378e+03
5.905189985312972567e+03
5.916296418095764238e+03
5.930566788524174626e+03
5.947994099950467898e+03
5.968569800916195163e+03
5.992283785152342716e+03
6.019124391579301118e+03
6.049078404306745142e+03
6.082131052633788386e+03
6.118266011048906876e+03
6.157465399230015464e+03
6.199709782044389613e+03
6.244978169548592632e+03
6.293248016988589370e+03
6.344495224799895368e+03
6.398694138607273089e+03
6.455817549224775576e+03
6.515836692656080231e+03
6.578721250093887647e+03
6.644439347920638284e+03
6.712957557708023160e+03
6.784240896216981128e+03
6.858252825398001733e+03
6.934955252390977876e+03
7.014308529524972073e+03
7.096271454318639371e+03
7.180801269479843540e+03
7.267853662906039062e+03
7.357382767683853672e+03
7.449341162089391219e+03
7.543679869588117981e+03
7.640348358834936334e+03
7.739294543673925546e+03
7.840464783139016617e+03
7.943803881452898167e+03
8.049255088027999591e+03
8.156760097466151819e+03
8.266259049558433617e+03
8.377690529285397133e+03
8.490991566817001512e+03
8.606097637512371875e+03
8.722942661920114915e+03
8.841459005778537176e+03
8.961577480014739194e+03
9.083227340745756010e+03
9.206336289277714968e+03
9.330830472106072193e+03
5.724315059847110206e+03
5.725851966414741582e+03
5.730461909693114649e+03
5.738142560408050485e+03
5.748890036435947877e+03
5.762698902803852434e+03
5.779562171689576644e+03
5.799471302421200562e+03
5.822416201477532923e+03
5.848385222487952888e+03
5.877365166232531919e+03
5.909341280641759113e+03
5.944297260796854061e+03
5.982215248929492191e+03
6.023075834422002117e+03
6.066858053807322904e+03
6.113539390768892190e+03
6.163095776140987255e+03
6.215501587907965586e+03
6.270729651205367190e+03
6.328751238318886863e+03
6.389536068685022656e+03
6.453052308890694803e+03
6.519266572673511291e+03
6.588143920921766039e+03
6.659647861674177875e+03
6.733740350120039693e+03
6.810381788599404899e+03
6.889531026602753627e+03
6.971145360771136438e+03
7.055180534896294375e+03
7.141590739920578017e+03
7.230328613936762849e+03
7.321345242188385782e+03
7.414590157069483212e+03
7.510011338124627400e+03
7.607555212049115653e+03
7.707166652688707472e+03
7.808788981039772807e+03
7.912363965249369357e+03
8.017831820615052493e+03
8.125131209584727003e+03
8.234199241757323762e+03
8.344971473882347709e+03
8.457381909859350344e+03
8.571363000738983828e+03
8.686845644722325233e+03
8.803759187161176669e+03
8.922031420557535967e+03
9.041588584564275152e+03
5.558974292797491216e+03
5.560460444602729694e+03
5.564918125360994054e+03
5.572345011099931071e+03
5.582737228532057998e+03
5.596089355055141823e+03
5.612394418751894591e+03
5.631643898390090726e+03
5.653827723422712552e+03
5.678934273987541019e+03
5.706950380907604085e+03
5.737861325690762897e+03
5.771650840530355708e+03
5.808301108304249283e+03
5.847792762575788402e+03
5.890104887593111016e+03
5.935215018289606633e+03
5.983099140283495217e+03
6.033731689878284669e+03
6.087085554062316987e+03
6.143132070509143887e+03
6.201841027577377645e+03
6.263180664310539214e+03
6.327117670437360175e+03
6.393617186371518983e+03
6.462642803211868340e+03
6.534156562742130518e+03
6.608118957431277522e+03
6.684488930433151836e+03
6.763223875586883878e+03
6.844279637416434525e+03
6.927610511130865234e+03
7.013169242624371691e+03
7.100907028476171945e+03
7.190773515950543697e+03
7.282716802996825209e+03
7.376683438249377105e+03
7.472618421027466866e+03
7.570465201335839993e+03
7.670165679863885089e+03
7.771660207986087698e+03
7.874887587762334988e+03
7.979785071937233624e+03
8.086288363940487216e+03
8.194331617886897220e+03
8.303847438576363857e+03
8.414766881493656911e+03
8.527019452808948699e+03
8.640533109377278379e+03
8.755234258738559220e+03
5.395928279878678950e+03
5.397364502115162395e+03
5.401672396626888258e+03
5.408849646820688577e+03
5.418892391707989191e+03
5.431795225904768813e+03
5.447551199631523559e+03
5.466151818713342436e+03
5.487587044579981921e+03
5.511845294265564917e+03
5.538913440408843599e+03
5.568776811253276719e+03
5.601419190646690367e+03
5.636822818041575374e+03
5.674968388494979081e+03
5.715835052668467142e+03
5.759400416828232665e+03
5.805640542845026175e+03
5.854529948194037388e+03
5.906041605955124396e+03
5.960146944812777292e+03
6.016815849056001753e+03
6.076016658578168972e+03
6.137716168877507698e+03
6.201879631056613107e+03
6.268470751822746934e+03
6.337451693487651028e+03
6.408783073967772907e+03
6.482423966783926517e+03
6.558331901061554163e+03
6.636462861530806549e+03
6.716771288526198987e+03
6.799210077986951546e+03
6.883730581456764412e+03
6.970282606083894279e+03
7.058814414621224387e+03
7.149272725426158104e+03
7.241602712460614384e+03
7.335748005291330628e+03
7.431650689089110529e+03
7.529251304629875449e+03
7.628488848293727642e+03
7.729300772065471392e+03
7.831622983534467494e+03
7.935389845894708742e+03
8.040534177944360636e+03
8.146987254086903704e+03
8.254678804329614650e+03
8.363537014284778706e+03
8.473488525169159402e+03
5.236244521543501833e+03
5.237631939974638044e+03
5.241793426121148514e+03
5.248726672542602500e+03
5.258427833504963019e+03
5.270891524980243048e+03
5.286110824647077607e+03
5.304077271890416341e+03
5.324780867801450768e+03
5.348210075177878934e+03
5.374351818523450675e+03
5.403191484048609709e+03
5.434712919669929761e+03
5.468898435010411959e+03
5.505728801399375698e+03
5.545183251872458641e+03
5.587239481171725856e+03
5.631873645745486101e+03
5.679060363748476448e+03
5.728772715041714036e+03
5.780982241192646143e+03
5.835658945474999200e+03
5.892771292868853379e+03
5.952286210060644407e+03
6.014169085443238146e+03
6.078383769115627729e+03
6.144892572883388311e+03
6.213656270258297809e+03
6.284634096458451495e+03
6.357783748408451174e+03
6.433061384739175992e+03
6.510421625787746962e+03
6.589817553597792539e+03
6.671200711919179412e+03
6.754521106208055244e+03
6.839727203627148810e+03
6.926765933045355268e+03
7.015582685037922602e+03
7.106121311886529838e+03
7.198324127579023298e+03
7.292131907809713084e+03
7.387483889979572268e+03
7.484317773195167319e+03
7.582569718270178782e+03
7.682174347724185282e+03
7.783064745783197395e+03
7.885172458379656746e+03
7.988427493152357783e+03
8.092758319446147652e+03
8.198091868312834777e+03
5.080758240519419815e+03
5.082098203415512216e+03
5.086117326506155223e+03
5.092813312998487163e+03
5.102182334904379786e+03
5.114219033040399154e+03
5.128916517027846567e+03
5.146266365292983210e+03
5.166258625066423519e+03
5.188881812383783654e+03
5.214122912085447751e+03
5.241967377816422413e+03
5.272399132026596817e+03
5.305400565970330717e+03
5.340952539707093820e+03
5.379034382100788207e+03
5.419623890820237648e+03
5.462697332338962042e+03
5.508229441935138311e+03
5.556193423691865974e+03
5.606560950496789701e+03
5.659302164042514960e+03
5.714385674826151444e+03
5.771778562149658683e+03
5.831446374119839675e+03
5.893353127648045302e+03
5.957461308450585420e+03
6.023731871048312314e+03
6.092124238766928102e+03
6.162596303736866503e+03
6.235104426893258278e+03
6.309603437976041278e+03
6.386046635529851301e+03
6.464385786904169436e+03
6.544571128252982817e+03
6.626551364535241191e+03
6.710273669514549510e+03
6.795683685759361651e+03
6.882725524642637538e+03
6.971341766342334267e+03
7.061473459841029580e+03
7.153060122925960059e+03
7.246039742189320350e+03
7.340348773027926654e+03
7.435922139643253104e+03
7.532693235041733715e+03
7.630593921034233063e+03
7.729554528236652004e+03
7.829503856069701214e+03
7.930369172758370041e+03
4.930276022499356259e+03
4.931570087350792164e+03
4.935451520257856828e+03
4.941918036278745603e+03
4.950965827176939456e+03
4.962589561421434155e+03
4.976782384186814852e+03
4.993535917352876822e+03
5.012840259505007452e+03
5.034683985933877011e+03
5.059054148635671481e+03
5.085936276312016162e+03
5.115314374370048426e+03
5.147170924922117592e+03
5.181486886786160539e+03
5.218241695485630771e+03
5.257413263249304691e+03
5.298977979011283423e+03
5.342910708411295673e+03
5.389184793794356665e+03
5.437772054211033719e+03
5.488642785417293453e+03
5.541765759874503601e+03
5.597108226749469395e+03
5.654635911914435383e+03
5.714313017947081789e+03
5.776102224130568175e+03
5.839964686453375180e+03
5.905860037609538267e+03
5.973746386998452181e+03
6.043580320724989178e+03
6.115316901599347148e+03
6.188909669137387937e+03
6.264310639560146228e+03
6.341470305794246087e+03
6.420337637471599919e+03
6.500860080929896867e+03
6.582983559211736065e+03
6.666652472065645270e+03
6.751809695945325984e+03
6.838396584009918115e+03
6.926352966124038176e+03
7.015617148857775646e+03
7.106125915486397389e+03
7.197814525991286246e+03
7.290616717058279391e+03
7.384464702079488234e+03
7.479289171152079689e+03
7.575019291078509013e+03
7.671582705367048220e+03
4.785524566833601057e+03
4.786774471587212247e+03
4.790523428454814166e+03
4.796769165256516317e+03
4.805507895025698417e+03
4.816734316009198665e+03
4.830441611667159123e+03
4.846621450673221261e+03
4.865263986914366797e+03
4.886357859490847659e+03
4.909890192716375168e+03
4.935846596118078196e+03
4.964211164436316722e+03
4.994966477625098378e+03
5.028093600851510018e+03
5.063572084496172465e+03
5.101379964153125002e+03
5.141493760629562530e+03
5.183888479946290317e+03
5.228537613337455696e+03
5.275413137250514410e+03
5.324485513346227890e+03
5.375723688499003401e+03
5.429095094796214653e+03
5.484565649539035803e+03
5.542099755241792991e+03
5.601660299632158058e+03
5.663208655651374102e+03
5.726704681453838930e+03
5.792106720407407920e+03
5.859371601093395839e+03
5.928454637306344921e+03
5.999309628054372297e+03
6.071888857558747077e+03
6.146143095254274158e+03
6.222021595789139610e+03
6.299472099024758791e+03
6.378440830036121952e+03
6.458872499111445904e+03
6.540710301752294072e+03
6.623895918673838423e+03
6.708369515804368348e+03
6.794069744285745401e+03
6.880933740472907630e+03
6.968897125934745418e+03
7.057894007452887308e+03
7.147856977022759565e+03
7.238717111852868584e+03
7.330403974365329304e+03
7.422845612195563263e+03
4.647125204986498829e+03
4.648332831108973551e+03
4.651954956544197557e+03
4.657989322495571287e+03
4.666432164301909324e+03
4.677278211437624122e+03
4.690520687512655059e+03
4.706151310272502997e+03
4.724160291598233925e+03
4.744536337506474410e+03
4.767266648149340654e+03
4.792336917814509434e+03
4.819731334925184456e+03
4.849432582040283705e+03
4.881421835853946504e+03
4.915678767196254739e+03
4.952181541032473433e+03
4.990906816463620999e+03
5.031829746726240955e+03
5.074923979192324623e+03
5.120161655369543041e+03
5.167513410901013231e+03
5.216948375565455535e+03
5.268434173277114496e+03
5.321936922085758852e+03
5.377421234176684266e+03
5.434850215870976172e+03
5.494185467624826742e+03
5.555387084030371625e+03
5.618413653815006910e+03
5.683222259841916639e+03
5.749768479109661712e+03
5.818006382752325408e+03
5.887888536039819883e+03
5.959365998377279539e+03
6.032388323305478480e+03
6.106903558500789586e+03
6.182858245775150863e+03
6.260197421075986313e+03
6.338864614486169557e+03
6.418801850224402187e+03
6.499949646644684435e+03
6.582247016236654417e+03
6.665631465625438068e+03
6.750038995571837404e+03
6.835404100972103151e+03
6.921659770857938383e+03
7.008737488396870503e+03
7.096567230891650979e+03
7.185077469780783758e+03
4.515693822618534796e+03
4.516861193728270337e+03
4.520362558688968420e+03
4.526195672396208465e+03
4.534356793008744717e+03
4.544840681949153804e+03
4.557640603903337251e+03
4.572748326820980765e+03
4.590154121915095857e+03
4.609846763662555531e+03
4.631813529803518577e+03
4.656040201341852480e+03
4.682511062544942433e+03
4.711208900943650406e+03
4.742115007332510686e+03
4.775209175769759895e+03
4.810469703576814027e+03
4.847873391338946021e+03
4.887395542904944705e+03
4.929009965387005650e+03
4.972688969161102250e+03
5.018403367866653753e+03
5.066122478406630762e+03
5.115814120947561605e+03
5.167444618919565073e+03
5.220978799016354969e+03
5.276379991195085495e+03
5.333610028676655020e+03
5.392629247945365023e+03
5.453396488749073796e+03
5.515869094099381982e+03
5.580002910271218752e+03
5.645752286803220159e+03
5.713070076497577247e+03
5.781907635419959661e+03
5.852214822899630235e+03
5.923940001529444999e+03
5.997030037165775866e+03
6.071430298928741649e+03
6.147084659201671457e+03
6.223935493631718600e+03
6.301923681129513170e+03
6.380988603869241160e+03
6.461068147288718137e+03
6.542098700089279191e+03
6.624015154235621594e+03
6.706750904956455088e+03
6.790237850743626950e+03
6.874406393352728628e+03
6.959185437803019340e+03
4.391714057997053715e+03
4.392843316623081591e+03
4.396230348692294683e+03
4.401872922777897656e+03
4.409767319835054877e+03
4.419908333201267851e+03
4.432289268595771318e+03
4.446901944120327244e+03
4.463736690258504495e+03
4.482782349876136323e+03
4.504026278221128450e+03
4.527454342923344484e+03
4.553050923994987897e+03
4.580798913830221863e+03
4.610679717205243833e+03
4.642673251278590214e+03
4.676757945590604322e+03
4.712910742064043916e+03
4.751107095003514587e+03
4.791320971095842651e+03
4.833524849409930539e+03
4.877689721396866844e+03
4.923785090889661660e+03
4.971778974103547625e+03
5.021637899635948088e+03
5.073326908466204259e+03
5.126809553955884439e+03
5.182047901848591209e+03
5.239002530270075113e+03
5.297632529728200097e+03
5.357895503112899860e+03
5.419747565696146012e+03
5.483143345132210015e+03
5.548035981457284834e+03
5.614377127089785972e+03
5.682116946830054076e+03
5.751204117860727820e+03
5.821585829746443778e+03
5.893207784434025598e+03
5.966014196252331203e+03
6.039947791912330104e+03
6.114949810507066104e+03
6.190960003511729155e+03
6.267916634783659902e+03
6.345756480562272372e+03
6.424414829468939388e+03
6.503825482507257220e+03
6.583920753063087432e+03
6.664631466904135777e+03
6.745886962180217779e+03
4.275636271226403551e+03
4.276729672448330348e+03
4.280009136745055002e+03
4.285472446009255691e+03
4.293115903395687383e+03
4.302934333320763471e+03
4.314921081462974144e+03
4.329068014762469829e+03
4.345365521421324047e+03
4.363802510903458824e+03
4.384366413934723823e+03
4.407043182502699892e+03
4.431817289856932803e+03
4.458671730508892324e+03
4.487588020231669361e+03
4.518546196060394323e+03
4.551524816292006108e+03
4.586500960485333962e+03
4.623450229461052004e+03
4.662346745301685587e+03
4.703163151351570377e+03
4.745870612216966038e+03
4.790438813765983468e+03
4.836835963128578442e+03
4.885028788696483389e+03
4.934982540123503895e+03
4.986660988325108519e+03
5.040026425478647980e+03
5.095039665023439738e+03
5.151660041660534262e+03
5.209845411352944211e+03
5.269552151325531668e+03
5.330735160064818956e+03
5.393347857319402465e+03
5.457342184099805309e+03
5.522668602678170828e+03
5.589276096588643668e+03
5.657112170627176965e+03
5.726122850851576914e+03
5.796252684581645553e+03
5.867444740398847898e+03
5.939640608146608429e+03
6.012780398930165575e+03
6.086802745116642654e+03
6.161644800335086984e+03
6.237242239476283430e+03
6.313529258692976327e+03
6.390438575399609363e+03
6.467901428272701196e+03
6.545847577250545328e+03
4.167694988717926208e+03
4.168754834380858483e+03
4.171933636233575271e+03
4.177229188867461744e+03
4.184637816601518352e+03
4.194154373482471783e+03
4.205772243284589422e+03
4.219483339509793041e+03
4.235278105387540563e+03
4.253145513874983408e+03
4.273073067656923740e+03
4.295046799145741716e+03
4.319051270481319989e+03
4.345069573531342940e+03
4.373083329891112044e+03
4.403072690883353062e+03
4.435016337558598025e+03
4.468891480694840538e+03
4.504673860797955058e+03
4.542337748101090256e+03
4.581855942565312034e+03
4.623199773879036911e+03
4.666339101458561345e+03
4.711242314447645185e+03
4.757876331717625362e+03
4.806206601867643258e+03
4.856197103224303646e+03
4.907810343841863869e+03
4.961007361502197455e+03
5.015747723714791391e+03
5.071989527716823432e+03
5.129689400472973830e+03
5.188802498675727293e+03
5.249282508744879124e+03
5.311081646828067278e+03
5.374150658800544988e+03
5.438438820265218965e+03
5.503893936552382911e+03
5.570462342720172273e+03
5.638088903554337776e+03
5.706717013568095354e+03
5.776288597002387178e+03
5.846744107825695210e+03
5.918022529734305863e+03
5.990061376151895274e+03
6.062796690229902197e+03
6.136163044847307901e+03
6.210093542610745317e+03
6.284519815854537228e+03
6.359372026640509830e+03
4.067850437372499073e+03
4.068878992857131834e+03
4.071963928149026742e+03
4.077103049761868988e+03
4.084292701885487986e+03
4.093527766385325776e+03
4.104801662802856299e+03
4.118106348355506270e+03
4.133432317936278196e+03
4.150768604114318805e+03
4.170102777134540702e+03
4.191420944917770612e+03
4.214707753060717550e+03
4.239946384835850949e+03
4.267118561191712615e+03
4.296204540752455614e+03
4.327183119818376326e+03
4.360031632365537916e+03
4.394725950045805803e+03
4.431240482187035923e+03
4.469548175792776419e+03
4.509620515542792418e+03
4.551427523792351167e+03
4.594937760572823208e+03
4.640118323591271292e+03
4.686934848230900570e+03
4.735351507550603856e+03
4.785331012285003453e+03
4.836834610845016869e+03
4.889822089317021891e+03
4.944251771463541445e+03
5.000080518722825218e+03
5.057263730209039750e+03
5.115755342712191123e+03
5.175507830698279577e+03
5.236472206309031208e+03
5.298598019362202649e+03
5.361833357351240011e+03
5.426124845445580831e+03
5.491417646490504012e+03
5.557655461007243503e+03
5.624780527192797308e+03
5.692733620920004796e+03
5.761454055737810450e+03
5.830879682870772740e+03
5.900946891219443387e+03
5.971590607360250942e+03
6.042744295545503519e+03
6.114339957703198706e+03
6.186308133437630204e+03
3.975978085848471892e+03
3.976977554667314507e+03
3.979975233633354037e+03
3.984968940275128261e+03
3.991955037140238801e+03
4.000928431795235156e+03
4.011882576825844808e+03
4.024809469836630342e+03
4.039699653451331415e+03
4.056542215312712415e+03
4.075324788082563373e+03
4.096033549441510331e+03
4.118653222089544215e+03
4.143167073745492416e+03
4.169556917147095191e+03
4.197803110051419935e+03
4.227884555234292748e+03
4.259778700490869596e+03
4.293461538634876888e+03
4.328907607499634651e+03
4.366089989936956954e+03
4.404980313818138711e+03
4.445548752033118944e+03
4.487764022491205651e+03
4.531593388120502823e+03
4.577002656868330632e+03
4.623956181700767047e+03
4.672416860603220812e+03
4.722346136579933955e+03
4.773703997654290106e+03
4.826448976868580758e+03
4.880538152284316311e+03
4.935927146981839542e+03
4.992570129060671206e+03
5.050419811639244472e+03
5.109427452855091360e+03
5.169542855864771809e+03
5.230714368843830016e+03
5.292888884987026358e+03
5.356011842507807160e+03
5.420027224638943153e+03
5.484877559632120210e+03
5.550503920758084860e+03
5.616845926306685215e+03
5.683841739586493532e+03
5.751428068925481966e+03
5.819540167670500523e+03
5.888111834187459863e+03
5.957075411861221255e+03
6.026361789095744825e+03
3.891715151645409151e+03
3.892687611316962830e+03
3.895604266209981233e+03
3.900462943959875247e+03
3.907260023958731836e+03
3.915990437355731046e+03
3.926647667056575301e+03
3.939223747724251098e+03
3.953709265778343251e+03
3.970093359395377774e+03
3.988363718508783677e+03
4.008506584808856132e+03
4.030506751742791494e+03
4.054347564514500846e+03
4.080010920084911504e+03
4.107477267171816493e+03
4.136725606249910925e+03
4.167733489550603736e+03
4.200477021062321910e+03
4.234930856530279016e+03
4.271068203456593437e+03
4.308860821100324756e+03
4.348279020477396443e+03
4.389291664360333016e+03
4.431866167278902140e+03
4.475968495519585304e+03
4.521563167125653308e+03
4.568613251897431837e+03
4.617080371391921290e+03
4.666924698923139658e+03
4.718104959561931537e+03
4.770578430136008137e+03
4.824300939229942742e+03
4.879226867185138872e+03
4.935309146099901227e+03
4.992499259829628500e+03
5.050747243986165813e+03
5.110001685938565970e+03
5.170209724812593777e+03
5.231317051490957056e+03
5.293267908613188411e+03
5.356005090575801660e+03
5.419469943531983517e+03
5.483602365391902822e+03
5.548340805822628681e+03
5.613622266248057713e+03
5.679382299849105038e+03
5.745555011563207700e+03
5.812073058085009507e+03
5.878867647865983599e+03
3.814579249240845456e+03
3.815526617648932188e+03
3.818368001833353446e+03
3.823101238674780689e+03
3.829722722974508997e+03
3.838227407454193326e+03
3.848608802755923534e+03
3.860858977442300329e+03
3.874968557996415257e+03
3.890926728821947563e+03
3.908721232242858605e+03
3.928338368503697438e+03
3.949762995769447116e+03
3.972978530125525594e+03
3.997966945578014020e+03
4.024708774053199704e+03
4.053183105398034058e+03
4.083367587379977067e+03
4.115238425686736264e+03
4.148770383926755130e+03
4.183936783628837475e+03
4.220709504242184266e+03
4.259058983136583265e+03
4.298954215602293516e+03
4.340362754850009878e+03
4.383250712010938514e+03
4.427582756136719581e+03
4.473322114199504540e+03
4.520430571091840648e+03
4.568868469626901970e+03
4.618594710538218351e+03
4.669566752479870956e+03
4.721740612026262170e+03
4.775070863672529413e+03
4.829510639834059475e+03
4.885011630846785920e+03
4.941524084967189083e+03
4.998996808372150554e+03
5.057377165159020478e+03
5.116611077345623926e+03
5.176643024870297268e+03
5.237416045591960938e+03
5.298871735289670141e+03
5.360950247663406117e+03
5.423590294333204838e+03
5.486729144839880064e+03
5.550302626644641350e+03
5.614245125129059488e+03
5.678489583595289332e+03
5.742967503265920641e+03
3.743976748702739769e+03
3.744900768766456167e+03
3.747672110749495459e+03
3.752288620027437901e+03
3.758746705559568909e+03
3.767041339888957282e+03
3.777166059142321501e+03
3.789112963030106584e+03
3.802872714846519557e+03
3.818434541469438500e+03
3.835786233360598089e+03
3.854914144565289462e+03
3.875803192712585769e+03
3.898436859015267146e+03
3.922797188269820708e+03
3.948864788856553787e+03
3.976618832739442496e+03
4.006037055466094898e+03
4.037095756167976106e+03
4.069769797560184088e+03
4.104032605941559268e+03
4.139856171194689523e+03
4.177211046785866529e+03
4.216066349765014820e+03
4.256389760765993742e+03
4.298147524006215463e+03
4.341304447286840514e+03
4.385823901992732317e+03
4.431667823092614526e+03
4.478796709138653569e+03
4.527169622267099840e+03
4.576744188197608310e+03
4.627476596233729651e+03
4.679321599262682867e+03
4.732232513755434411e+03
4.786161219766654540e+03
4.841058160934646367e+03
4.896872344481645996e+03
4.953551341213407795e+03
5.011041285519468147e+03
5.069286875373147268e+03
5.128231372331470084e+03
5.187816601535094378e+03
5.247982951708536348e+03
5.308669375159827723e+03
5.369813387780975063e+03
5.431351069047498640e+03
5.493217062018743491e+03
5.555344573337833936e+03
5.617665373231450758e+03
3.679184785746523630e+03
3.680087010295456366e+03
3.682792968379620106e+03
3.687300513311640771e+03
3.693606067278968112e+03
3.701704621344106272e+03
3.711589735444666076e+03
3.723253538393123563e+03
3.736686727877042813e+03
3.751878570458889499e+03
3.768816901576315104e+03
3.787488125541888621e+03
3.807877215543082002e+03
3.829967713642493436e+03
3.853741730777793691e+03
3.879179946761458268e+03
3.906261610281110734e+03
3.934964538899369472e+03
3.965265119053734907e+03
3.997138306056967849e+03
4.030557624096521067e+03
4.065495166235223223e+03
4.101921594410517173e+03
4.139806139435108889e+03
4.179116600996660054e+03
4.219819347657676190e+03
4.261879316856000514e+03
4.305260014904206400e+03
4.349923516989936616e+03
4.395830467175869671e+03
4.442940078399715276e+03
4.491210132474104284e+03
4.540596980086775147e+03
4.591055540800387462e+03
4.642539303052672039e+03
4.695000324156239913e+03
4.748389230298964321e+03
4.802655216543409551e+03
4.857746046827439386e+03
4.913608053963685052e+03
4.970186139639925386e+03
5.027423774418896755e+03
5.085262997738293052e+03
5.143644417910991251e+03
5.202507212124601210e+03
5.261789126442105953e+03
5.321426475801028573e+03
5.381354144014305348e+03
5.441505583769715486e+03
5.501812816629997542e+03
3.619378851063307593e+03
3.620260617298887155e+03
3.622905202984441075e+03
3.627310469056757029e+03
3.633472850410441879e+03
3.641387355897942598e+03
3.651047568329488513e+03
3.662445644473204084e+03
3.675572315055016134e+03
3.690416884758708875e+03
3.706967232225925272e+03
3.725209810056109291e+03
3.745129644806524993e+03
3.766710336992370230e+03
3.789934061086493330e+03
3.814781565519827382e+03
3.841232172680899112e+03
3.869263778916244064e+03
3.898852854530142849e+03
3.929974443784847608e+03
3.962602164900204116e+03
3.996708210054142000e+03
4.032263345382299576e+03
4.069236910978171636e+03
4.107596820893074437e+03
4.147309563136256656e+03
4.188340199674637006e+03
4.230652366433105271e+03
4.274208273294334504e+03
4.318968704098968374e+03
4.364893016645207354e+03
4.411939142689334403e+03
4.460063587945342078e+03
4.509221432085079869e+03
4.559366328738367883e+03
4.610450505492697630e+03
4.662424763893416639e+03
4.715238479443844881e+03
4.768839601604933705e+03
4.823174653795604172e+03
4.878188733392637914e+03
4.933825511730598919e+03
4.990027234101830800e+03
5.046734719756689628e+03
5.103887361903161946e+03
5.161423127707242202e+03
5.219278558292671732e+03
5.277388768741009699e+03
5.335687448091714032e+03
5.394106859342021380e+03
3.563578598343136946e+03
3.564440987499930543e+03
3.567027444524247585e+03
3.571335838078368852e+03
3.577362615932637709e+03
3.585102804965667019e+03
3.594550011164036277e+03
3.605696419622594021e+03
3.618532794544288663e+03
3.633048479240263532e+03
3.649231396129778204e+03
3.667068046740287627e+03
3.686543511707251582e+03
3.707641450774493023e+03
3.730344102793802904e+03
3.754632285725240763e+03
3.780485396636928726e+03
3.807881411705200662e+03
3.836796886214528968e+03
3.867206954557483641e+03
3.899085330234811408e+03
3.932404305855470739e+03
3.967134753136481777e+03
4.003246122903116429e+03
4.040706445088592773e+03
4.079482328734608473e+03
4.119538961990580901e+03
4.160840112114442491e+03
4.203348125472150969e+03
4.247023927537763484e+03
4.291827022893585308e+03
4.337715495229872431e+03
4.384646007345357248e+03
4.432573801146607366e+03
4.481452697648592221e+03
4.531235096974076441e+03
4.581871978354381099e+03
4.633312900128809815e+03
4.685505999744691508e+03
4.738397993757719632e+03
4.791934177831497436e+03
4.846058426738106391e+03
4.900713194357308566e+03
4.955839513677612558e+03
5.011376996795131163e+03
5.067263834914456311e+03
5.123436798348052434e+03
5.179831236516899480e+03
5.236381077949810788e+03
5.293018830283965144e+03
3.510679995927394884e+03
3.511523801288376490e+03
3.514054509700959898e+03
3.518269998153793040e+03
3.524166728294744644e+03
3.531739746430787363e+03
3.540982683528113739e+03
3.551887755211888816e+03
3.564445761766592113e+03
3.578646088135675200e+03
3.594476703921960507e+03
3.611924163387129738e+03
3.630973605452235461e+03
3.651608753697284101e+03
3.673811916361614749e+03
3.697563986343500801e+03
3.722844441200511937e+03
3.749631343149341319e+03
3.777901339065616867e+03
3.807629660484470151e+03
3.838790123599854269e+03
3.871355129265073629e+03
3.905295662992330108e+03
3.940581294953251927e+03
3.977180179978328397e+03
4.015059057557436972e+03
4.054183251839352124e+03
4.094516671632277394e+03
4.136021810403311065e+03
4.178659746278715829e+03
4.222390142044029744e+03
4.267171245143799752e+03
4.312959887681851797e+03
4.359711486420981601e+03
4.407380042783150202e+03
4.455918142849630385e+03
4.505276957360631059e+03
4.555406241715672877e+03
4.606254335973176239e+03
4.657768164850911489e+03
4.709893237725775180e+03
4.762573648633709126e+03
4.815752076269897771e+03
4.869369783988493509e+03
4.923366619802966852e+03
4.977681016385872681e+03
5.032249991068813870e+03
5.087009145842671387e+03
5.141892667357448772e+03
5.196833326922122069e+03
3.459525894130668803e+03
3.460351618415567373e+03
3.462828086768164667e+03
3.466953185682257299e+03
3.472723392647461878e+03
3.480133776149349160e+03
3.489177995669175743e+03
3.499848301684229227e+03
3.512135535667520344e+03
3.526029130088033980e+03
3.541517108410535911e+03
3.558586085095631461e+03
3.577221265599840990e+03
3.597406446375506221e+03
3.619124014870882093e+03
3.642354949529968962e+03
3.667078819792701779e+03
3.693273786094929619e+03
3.720916599868170579e+03
3.749982603540085165e+03
3.780445730533831920e+03
3.812278505268750450e+03
3.845452043159828463e+03
3.879936050618084664e+03
3.915698825050185405e+03
3.952707254858826673e+03
3.990926819442468513e+03
4.030321589195485103e+03
4.070854225508052423e+03
4.112485980766298781e+03
4.155176698352003768e+03
4.198884812643162149e+03
4.243567349013157582e+03
4.289179923831625274e+03
4.335676744463891737e+03
4.383010609271082103e+03
4.431132907610390248e+03
4.479993619834658602e+03
4.529541317292607346e+03
4.579723162328984472e+03
4.630484908284112862e+03
4.681770899494495097e+03
4.733524071292246845e+03
4.785685950005434279e+03
4.838196652958004051e+03
4.890994888469701436e+03
4.944017955856073058e+03
4.997201745428696995e+03
5.050480738494987236e+03
5.103788007357896277e+03
3.408919717716003106e+03
3.409727577995340653e+03
3.412150458115642323e+03
3.416186255923510998e+03
3.421831467830145357e+03
3.429081188811153424e+03
3.437929112406531203e+03
3.448367530720835020e+03
3.460387334422970525e+03
3.473978012746366858e+03
3.489127653488935721e+03
3.505822943012977703e+03
3.524049166245257766e+03
3.543790206677044807e+03
3.565028546363938403e+03
3.587745265926249431e+03
3.611920044548469377e+03
3.637531159979630502e+03
3.664555488533324024e+03
3.692968505087492304e+03
3.722744283084542076e+03
3.753855494531421755e+03
3.786273409999390879e+03
3.819967898624213376e+03
3.854907428106192128e+03
3.891059064709982522e+03
3.928388473264855293e+03
3.966859917164318176e+03
4.006436258366420589e+03
4.047078957393788642e+03
4.088748073333287266e+03
4.131402263836434940e+03
4.174998785119025342e+03
4.219493491961543441e+03
4.264840837708675281e+03
4.310993874269722255e+03
4.357904252118260047e+03
4.405522220292747988e+03
4.453796626395463136e+03
4.502674916593757189e+03
4.552103135619063323e+03
4.602025926767320925e+03
4.652386531899044712e+03
4.703126791439065528e+03
4.754187144376753167e+03
4.805506628265978179e+03
4.857022879224966346e+03
4.908672131936365986e+03
4.960389219647481696e+03
5.012107574169779582e+03
3.357617189856417554e+03
3.358407110199740146e+03
3.360776175149851497e+03
3.364722296467145043e+03
3.370241993752339567e+03
3.377330394446422360e+03
3.385981233830629208e+03
3.396186855026485318e+03
3.407938208995820787e+03
3.421224854540753313e+03
3.436034958303594067e+03
3.452355294767054602e+03
3.470171246254002199e+03
3.489466802927703611e+03
3.510224562791601329e+03
3.532425731689443182e+03
3.556050123305377838e+03
3.581076159163634202e+03
3.607480868628802909e+03
3.635239888905895441e+03
3.664327465039908020e+03
3.694716449916389138e+03
3.726378304260985260e+03
3.759283096639819632e+03
3.793399503459075277e+03
3.828694808965261927e+03
3.865134905245251048e+03
3.902684292226202160e+03
3.941306077675486904e+03
3.980961977200725414e+03
4.021612314249902283e+03
4.063216020111326543e+03
4.105730633913405654e+03
4.149112302624947006e+03
4.193315781055010120e+03
4.238294431853016249e+03
4.284000225508482799e+03
4.330383740351408051e+03
4.377394162551884619e+03
4.424979286120408688e+03
4.473085512907762677e+03
4.521657852604903383e+03
4.570639922743150237e+03
4.619973948694148021e+03
4.669600763669602202e+03
4.719459808721808258e+03
4.769489132743085065e+03
4.819625392466150515e+03
4.869803852463974181e+03
4.919958385149773676e+03
3.304597559732618265e+03
3.305369242536850379e+03
3.307683600587684850e+03
3.311538562799398733e+03
3.316930677362601273e+03
3.323855111744023816e+03
3.332305652686689882e+03
3.342274706209764190e+03
3.353753297608704997e+03
3.366731071455149049e+03
3.381196291597007075e+03
3.397135841158293260e+03
3.414535222539389906e+03
3.433378557416782769e+03
3.453648586743213400e+03
3.475326670747695971e+03
3.498392788935367207e+03
3.522825540087713762e+03
3.548602142262249345e+03
3.575698432792895346e+03
3.604088868289750280e+03
3.633746524639036579e+03
3.664643097003287494e+03
3.696748899821234772e+03
3.730032866807770461e+03
3.764462550954173366e+03
3.800004124527731619e+03
3.836622379072196054e+03
3.874280725407212685e+03
3.912941193628928886e+03
3.952564433109576385e+03
3.993109712497698638e+03
4.034534919717922548e+03
4.076796561971301799e+03
4.119849765734784341e+03
4.163648276761932721e+03
4.208144460082166916e+03
4.253289300001445554e+03
4.299032400101737039e+03
4.345321983241244197e+03
4.392104891554481583e+03
4.439326586452200900e+03
4.486931148621124521e+03
4.534861278024512103e+03
4.583058293901710385e+03
4.631462134768298711e+03
4.680011358416019903e+03
4.728643141912812098e+03
4.777293281603003379e+03
4.825896193107079853e+03
3.248865272327558614e+03
3.249618211986311508e+03
3.251876347632465695e+03
3.255637629275838663e+03
3.260898640266115308e+03
3.267654597292827475e+03
3.275899350385410798e+03
3.285625382913129670e+03
3.296823811585113617e+03
3.309484386450435522e+03
3.323595490897920172e+03
3.339144141656390730e+03
3.356115988794480472e+03
3.374495315720613235e+03
3.394265039183248064e+03
3.415406709270579540e+03
3.437900509410705126e+03
3.461725256371626983e+03
3.486858400261174666e+03
3.513276024527120626e+03
3.540952845957008321e+03
3.569862214678209966e+03
3.599976114158228938e+03
3.631265161204131346e+03
3.663698605963001228e+03
3.697244331921827325e+03
3.731868855907388479e+03
3.767537328086366870e+03
3.804213531965236143e+03
3.841859884390525167e+03
3.880437435548401481e+03
3.919905868965163791e+03
3.960223501506637149e+03
4.001347283378891007e+03
4.043232798127594833e+03
4.085834262638400105e+03
4.129104527136822071e+03
4.172995075188168812e+03
4.217456023697802266e+03
4.262436122910723498e+03
4.307882756411913761e+03
4.353741941126334495e+03
4.399958327318548072e+03
4.446475198593286223e+03
4.493234471894917988e+03
4.540176697507756217e+03
4.587241059056054837e+03
4.634365373503858791e+03
4.681486091155041322e+03
4.728538295653606838e+03
3.189590092773168180e+03
3.190323619470234462e+03
3.192523524789237399e+03
3.196187784413458303e+03
3.201313024481672983e+03
3.207894521588286807e+03
3.215926202783104145e+03
3.225400645571539826e+03
3.236309077914503177e+03
3.248641378228436679e+03
3.262386075385317326e+03
3.277530348712616615e+03
3.294060027993376934e+03
3.311959593466136994e+03
3.331212175824949554e+03
3.351799556219399619e+03
3.373702166254645363e+03
3.396899087991319902e+03
3.421368053945551765e+03
3.447085447089099034e+03
3.474026300849118343e+03
3.502164299108395880e+03
3.531471776205231890e+03
3.561919716933365180e+03
3.593477756542180487e+03
3.626114180736446087e+03
3.659795925676613933e+03
3.694488577978518151e+03
3.730156374713639252e+03
3.766762203408916321e+03
3.804267602046782486e+03
3.842632759065281789e+03
3.881816513357951408e+03
3.921776354273826200e+03
3.962468421617434615e+03
4.003847505648953302e+03
4.045867047083977923e+03
4.088479137093675490e+03
4.131634517304708424e+03
4.175282579799310952e+03
4.219371367115172689e+03
4.263847572245633273e+03
4.308656538639297651e+03
4.353742260200722740e+03
4.399047381289544319e+03
4.444513196721193708e+03
4.490079651766602183e+03
4.535685342152002704e+03
4.581267514059504720e+03
4.626762064126562109e+03
3.126202566077817210e+03
3.126915913299133990e+03
3.129055290450063694e+03
3.132618703992022802e+03
3.137602831360538858e+03
3.144003020965309588e+03
3.151813292190392076e+03
3.161026335393974932e+03
3.171633511908396486e+03
3.183624854040374430e+03
3.196989065070738434e+03
3.211713519254525636e+03
3.227784261821019300e+03
3.245186008973746539e+03
3.263902147890405558e+03
3.283914736722939324e+03
3.305204504597516916e+03
3.327750851614477142e+03
3.351531848848424033e+03
3.376524238348167728e+03
3.402703433136764488e+03
3.430043517211364360e+03
3.458517245543438094e+03
3.488096044078815794e+03
3.518750009737232176e+03
3.550447910412761757e+03
3.583157184973894346e+03
3.616843943263082565e+03
3.651472966097041081e+03
3.687007705266902576e+03
3.723410283537721625e+03
3.760641494648893968e+03
3.798660803314229724e+03
3.837426345221388146e+03
3.876894927032556552e+03
3.917022026383998764e+03
3.957761791886165611e+03
3.999067043123810890e+03
4.040889270655876771e+03
4.083178636015493794e+03
4.125883971710095466e+03
4.168952781221189070e+03
4.212331239004622148e+03
4.255964190490431065e+03
4.299795152082841014e+03
4.343766311160304213e+03
4.387818526075534464e+03
4.431891326155361639e+03
4.475922911700990880e+03
4.519850153987666090e+03
3.058202756012898590e+03
3.058895080577315184e+03
3.060971401881488418e+03
3.064429762757716617e+03
3.069266901260069517e+03
3.075478250664199550e+03
3.083057939467229062e+03
3.091998791388012705e+03
3.102292325367064677e+03
3.113928755566348627e+03
3.126896991369486841e+03
3.141184637381760240e+03
3.156777993430011975e+03
3.173662054562706999e+03
3.191820511049873858e+03
3.211235748383179271e+03
3.231888847275911303e+03
3.253759583662940713e+03
3.276826428700701399e+03
3.301066548767361382e+03
3.326455805462520402e+03
3.352968755607472758e+03
3.380578651245210949e+03
3.409257439640138273e+03
3.438975763278373506e+03
3.469702959867655863e+03
3.501407062337269508e+03
3.534054798838193619e+03
3.567611592742840458e+03
3.602041562645354134e+03
3.637307522361652445e+03
3.673370980928817971e+03
3.710192142605933441e+03
3.747729906873511482e+03
3.785941868433799755e+03
3.824784317210363042e+03
3.864212238348689425e+03
3.904179312215735990e+03
3.944637914400042519e+03
3.985539115711806517e+03
4.026832682182809094e+03
4.068467075066412690e+03
4.110389450837563345e+03
4.152545661192941225e+03
4.194880253050730971e+03
4.237336468550665813e+03
4.279856245054172177e+03
4.322380215144373324e+03
4.364847706625710089e+03
4.407196742524509318e+03
2.985565388659551900e+03
2.986235888408278697e+03
2.988246749307108985e+03
2.991596056314202997e+03
2.996280617693022123e+03
3.002295965012516717e+03
3.009636353146959209e+03
3.018294760276148736e+03
3.028262887885186046e+03
3.039531160764530341e+03
3.052088727010243474e+03
3.065923458023576131e+03
3.081021948511363462e+03
3.097369516485665827e+03
3.114950203264110314e+03
3.133746773469586969e+03
3.153740715030551200e+03
3.174912239180704091e+03
3.197240280459273890e+03
3.220702496710809100e+03
3.245275269085273976e+03
3.270933702038102183e+03
3.297651623330087659e+03
3.325401584027380068e+03
3.354154858501639410e+03
3.383881444429789553e+03
3.414550062794357018e+03
3.446128157883094900e+03
3.478581897289245717e+03
3.511876171911467281e+03
3.545974595953642620e+03
3.580839506925409751e+03
3.616431965641444094e+03
3.652711756222136501e+03
3.689637386092992074e+03
3.727166085985155860e+03
3.765253809935074969e+03
3.803855235284572700e+03
3.842923762680963137e+03
3.882411516076937460e+03
3.922269342730411608e+03
3.962446813205133367e+03
4.002892221369771960e+03
4.043552584398715226e+03
4.084373642771652158e+03
4.125299860273647027e+03
4.166274423995257166e+03
4.207239244332337876e+03
4.248134954986237062e+03
4.288900912963602423e+03
2.908455092658547073e+03
2.909103055388035045e+03
2.911046321200709826e+03
2.914283022969527792e+03
2.918810048815904338e+03
2.924623042109809830e+03
2.931716401469903758e+03
2.940083280763322819e+03
2.949715589105835534e+03
2.960603990861803595e+03
2.972737905644047714e+03
2.986105508314096824e+03
3.000693728982033463e+03
3.016488253006438299e+03
3.033473520994599767e+03
3.051632728802227575e+03
3.070947827533738291e+03
3.091399523542065708e+03
3.112967278428754980e+03
3.135629309043868943e+03
3.159362587486119537e+03
3.184142841102698185e+03
3.209944552489484067e+03
3.236740959490892692e+03
3.264504055199893173e+03
3.293204587958067805e+03
3.322812061355534752e+03
3.353294734230985341e+03
3.384619620671742268e+03
3.416752490013701845e+03
3.449657866841258965e+03
3.483299030987458082e+03
3.517638017533954553e+03
3.552635616810827287e+03
3.588251374396880692e+03
3.624443591119453686e+03
3.661169323054461074e+03
3.698384381526352627e+03
3.736043333108265415e+03
3.774099499621759605e+03
3.812504958137120866e+03
3.851210540973094339e+03
3.890165835697075636e+03
3.929319185125071272e+03
3.968617687321511767e+03
4.008007195599475381e+03
4.047432318520766785e+03
4.086836419895613744e+03
4.126161618782741243e+03
4.165348789489712544e+03
2.827274056851630576e+03
2.827898905711341285e+03
2.829772847766093946e+03
2.832894069442848831e+03
2.837259548119808187e+03
2.842865052126474893e+03
2.849705140743632455e+03
2.857773164203365468e+03
2.867061263689057341e+03
2.877560371335334821e+03
2.889260210228106644e+03
2.902149294404637203e+03
2.916214928853454239e+03
2.931443209514327464e+03
2.947819023278327677e+03
2.965326047987863149e+03
2.983946752436565930e+03
3.003662396369406906e+03
3.024453030482542545e+03
3.046297496423581833e+03
3.069173426791299789e+03
3.093057245135791163e+03
3.117924165958413596e+03
3.143748194711842189e+03
3.170502127800015387e+03
3.198157552578228206e+03
3.226684847352923043e+03
3.256053181381995728e+03
3.286230514874470373e+03
3.317183598990823157e+03
3.348877975842621254e+03
3.381277978492865714e+03
3.414346730955912790e+03
3.448046148197060120e+03
3.482336936133378913e+03
3.517178591632765801e+03
3.552529402514740923e+03
3.588346447549914501e+03
3.624585596460292436e+03
3.661201509919199452e+03
3.698147639551052634e+03
3.735376227931737958e+03
3.772838308588347900e+03
3.810483705999293306e+03
3.848261035594229270e+03
3.886117703754204285e+03
3.923999907811472895e+03
3.961852636049494777e+03
3.999619667703124378e+03
4.037243572958573168e+03
2.742759025372075939e+03
2.743360380833299587e+03
2.745163862286195581e+03
2.748167714938214431e+03
2.752369014135354064e+03
2.757763665361721905e+03
2.764346404240029642e+03
2.772110796531137566e+03
2.781049238134414736e+03
2.791152955087454757e+03
2.802412003566322255e+03
2.814815269885343696e+03
2.828350470497260631e+03
2.843004151993094638e+03
2.858761691102321038e+03
2.875607294692694268e+03
2.893523999770403861e+03
2.912493673479843892e+03
2.932497013103917197e+03
2.953513546063788908e+03
2.975521629919020143e+03
2.998498452367527989e+03
3.022420031245550035e+03
3.047261214527717584e+03
3.072995680326945148e+03
3.099595936894596889e+03
3.127033322620358376e+03
3.155278006032252506e+03
3.184298985796582656e+03
3.214064090718162788e+03
3.244539979740011404e+03
3.275692141943712613e+03
3.307484896548961387e+03
3.339881392913904619e+03
3.372843610535028347e+03
3.406332359047231421e+03
3.440307278223750927e+03
3.474726837976125807e+03
3.509548338354193220e+03
3.544727909546357751e+03
3.580220511879209425e+03
3.615979935817714704e+03
3.651958801965216935e+03
3.688108561063396792e+03
3.724379493992235439e+03
3.760720711770356047e+03
3.797080155554264365e+03
3.833404596639145893e+03
3.869639636458487075e+03
3.905729706584111227e+03
2.655780398529486774e+03
2.656358106026421865e+03
2.658090664743932848e+03
2.660976383362083197e+03
2.665012443014328710e+03
2.670194897287501590e+03
2.676518672221845918e+03
2.683977566310924431e+03
2.692564250501732204e+03
2.702270268194638447e+03
2.713086035243406968e+03
2.725000839955138417e+03
2.738002843090347142e+03
2.752079077862921167e+03
2.767215449940124472e+03
2.783396737442672020e+03
2.800606590944501932e+03
2.818827533473116546e+03
2.838040960509298657e+03
2.858227139987207011e+03
2.879365212294430876e+03
2.901433190271878630e+03
2.924407959213908725e+03
2.948265276868255569e+03
2.972979773435952211e+03
2.998524951571520432e+03
3.024873186382782023e+03
3.051995725431007941e+03
3.079862688730770515e+03
3.108443068750110342e+03
3.137704730410405318e+03
3.167614411086447035e+03
3.198137720606268886e+03
3.229239141251506680e+03
3.260882027757096239e+03
3.293028607311233372e+03
3.325639979555641276e+03
3.358676116585380896e+03
3.392095862948887316e+03
3.425856935647971113e+03
3.459915924137817456e+03
3.494228290327062950e+03
3.528748368577566907e+03
3.563429365704829706e+03
3.598223360977461653e+03
3.633081306117598160e+03
3.667953025300789704e+03
3.702787215155846297e+03
3.737531444764954358e+03
3.772132155663939557e+03
2.567504515062277278e+03
2.568058694702623598e+03
2.569720692270209383e+03
2.572488883704806995e+03
2.576360562239396131e+03
2.581331938400088347e+03
2.587398140006200720e+03
2.594553212170277675e+03
2.602790117297975939e+03
2.612100735088120018e+03
2.622475862532799965e+03
2.633905213917235869e+03
2.646377420819817416e+03
2.659880032112198478e+03
2.674399513959050182e+03
2.689921249818439719e+03
2.706429540441414701e+03
2.723907603872324671e+03
2.742337575448667849e+03
2.761700507801151616e+03
2.781976370853593835e+03
2.803144051823096561e+03
2.825181355219816396e+03
2.848065002847249616e+03
2.871770633801929762e+03
2.896272804473615906e+03
2.921544988545311753e+03
2.947559576993152405e+03
2.974287878086423916e+03
3.001700117387599676e+03
3.029765437752435901e+03
3.058451899329801108e+03
3.087726479561676115e+03
3.117555073183363220e+03
3.147902492223162426e+03
3.178732466002732963e+03
3.210007641136864095e+03
3.241689581533516048e+03
3.273738768393817281e+03
3.306114600212026744e+03
3.338775392775763521e+03
3.371678379165549359e+03
3.404779709755416661e+03
3.438034452212301858e+03
3.471396591496537894e+03
3.504819029861323543e+03
3.538253586853481011e+03
3.571650999312737440e+03
3.604960921371988206e+03
3.638131924457373771e+03
2.479281844473916863e+03
2.479812925431474468e+03
2.481405650263335701e+03
2.484058464847199502e+03
2.487768778979197123e+03
2.492532966373914860e+03
2.498346364664409066e+03
2.505203275402171585e+03
2.513096964057107471e+03
2.522019660017671413e+03
2.531962556590694021e+03
2.542915811001497332e+03
2.554868544393855245e+03
2.567808841829977155e+03
2.581723752290467019e+03
2.596599288674553918e+03
2.612420427799785557e+03
2.629171110402163777e+03
2.646834241136180935e+03
2.665391688574800355e+03
2.684824285209401751e+03
2.705111827449854900e+03
2.726233075624406865e+03
2.748165753979833426e+03
2.770886550681363133e+03
2.794371117812640023e+03
2.818594071375798649e+03
2.843528991291369493e+03
2.869148421398411756e+03
2.895423869454399664e+03
2.922325807135223386e+03
2.949823670035319537e+03
2.977885857667502023e+03
3.006479733463038428e+03
3.035571624771667757e+03
3.065126822861695018e+03
3.095109582919614240e+03
3.125483124050674633e+03
3.156209629278313059e+03
3.187250245544646532e+03
3.218565083710094314e+03
3.250113218553565275e+03
3.281852688772422425e+03
3.313740496982518380e+03
3.345732609718159893e+03
3.377783957432029638e+03
3.409848434495378115e+03
3.441878899197793999e+03
3.473827173747319193e+03
3.505644044270638915e+03
2.392409504955177454e+03
2.392918196452891607e+03
2.394443776734495714e+03
2.396984763165107779e+03
2.400538684686694069e+03
2.405102081818009992e+03
2.410670506654525980e+03
2.417238522868558448e+03
2.424799705709176578e+03
2.433346642002239605e+03
2.442870930150358163e+03
2.453363180132972502e+03
2.464813013506235166e+03
2.477209063403184700e+03
2.490538974533478722e+03
2.504789403183735885e+03
2.519946017217250755e+03
2.535993496074089308e+03
2.552915530771125759e+03
2.570694823902082589e+03
2.589313089637300891e+03
2.608751053724063240e+03
2.628988453486329036e+03
2.650004037824904572e+03
2.671775567217290700e+03
2.694279813717874731e+03
2.717492560957756268e+03
2.741388604144864075e+03
2.765941750063821928e+03
2.791124817076119143e+03
2.816909635119998256e+03
2.843267045710414550e+03
2.870166901939247509e+03
2.897578068475070268e+03
2.925468421563171887e+03
2.953804849025724707e+03
2.982553250261768426e+03
3.011678536246790827e+03
3.041144629533353964e+03
3.070914464250790843e+03
3.100949986105092648e+03
3.131212152379058807e+03
3.161660931932298354e+03
3.192255305201153078e+03
3.222953264198925808e+03
3.253711812515386100e+03
3.284486965317341856e+03
3.315233749348332367e+03
3.345906202928593757e+03
3.376457375955169482e+03
2.308048116765405666e+03
2.308535352040166799e+03
2.309996587628878387e+03
2.312430412824824089e+03
2.315834476450220336e+03
2.320205486856006246e+03
2.325539211922129198e+03
2.331830479057297453e+03
2.339073175199132493e+03
2.347260246814092625e+03
2.356383699897548922e+03
2.366434599973672448e+03
2.377403072095527477e+03
2.389278300845054218e+03
2.402048530333009694e+03
2.415701064199045959e+03
2.430222265611727380e+03
2.445597557268380569e+03
2.461811421395282196e+03
2.478847399747527106e+03
2.496688093609028329e+03
2.515315163792668955e+03
2.534709330640112057e+03
2.554850374021953030e+03
2.575717133337585892e+03
2.597287507515261495e+03
2.619538455012161648e+03
2.642445993814286794e+03
2.665985201436512853e+03
2.690130214922552113e+03
2.714854230844991889e+03
2.740129505305333169e+03
2.765927353933856466e+03
2.792218151889775072e+03
2.818971333861119092e+03
2.846155394064832308e+03
2.873737886246620747e+03
2.901685423681139127e+03
2.929963679172033153e+03
2.958537385051462024e+03
2.987370333180706439e+03
3.016425374949941670e+03
3.045664421277971542e+03
3.075048442612796862e+03
3.104537468930933301e+03
3.134090589738017570e+03
3.163665954068468182e+03
3.193220770485444064e+03
3.222711307081075120e+03
3.252092891476536352e+03
2.227377954692883577e+03
2.227844887553013905e+03
2.229245239632954508e+03
2.231577671431030922e+03
2.234839950444552414e+03
2.239028951169795164e+03
2.244140655101887205e+03
2.250170150734902563e+03
2.257111633561843519e+03
2.264958406074697450e+03
2.273702877764245841e+03
2.283336565120350770e+03
2.293850091631630676e+03
2.305233187785745486e+03
2.317474691069264736e+03
2.330562545967609367e+03
2.344483803965241805e+03
2.359224623545439044e+03
2.374770270190500469e+03
2.391105116381538664e+03
2.408212641598671325e+03
2.426075432320923483e+03
2.444675182026211587e+03
2.463992691191454924e+03
2.484007867292385981e+03
2.504699724803761910e+03
2.526046385199208544e+03
2.548025076951281335e+03
2.570612135531481272e+03
2.593783003410180754e+03
2.617512230056775024e+03
2.641773471939472984e+03
2.666539492525506375e+03
2.691782162280958346e+03
2.717472458670859851e+03
2.743580466159149637e+03
2.770075376208713806e+03
2.796925487281365804e+03
2.824098204837885987e+03
2.851560041337810162e+03
2.879276616239773375e+03
2.907212656001244341e+03
2.935331994078751450e+03
2.963597570927580364e+03
2.991971434001963189e+03
3.020414737755118040e+03
3.048887743639208111e+03
3.077349820105268918e+03
3.105759442603167827e+03
3.134074193581909640e+03
2.151293122034189764e+03
2.151741047859218270e+03
2.153084401987560796e+03
2.155321914378949714e+03
2.158451468299536828e+03
2.162470100322062990e+03
2.167374000325613451e+03
2.173158511495898892e+03
2.179818130324993945e+03
2.187346506611485438e+03
2.195736443460494684e+03
2.204979897283502851e+03
2.215067977798620632e+03
2.225990948030281743e+03
2.237738224309585803e+03
2.250298376273917711e+03
2.263659126867234136e+03
2.277807352340005309e+03
2.292729082249138628e+03
2.308409499457960919e+03
2.324832940136426714e+03
2.341982893760814477e+03
2.359842003114029922e+03
2.378392064285284050e+03
2.397614026670453313e+03
2.417487992971738549e+03
2.437993219197930102e+03
2.459108114664180448e+03
2.480810241992306601e+03
2.503076317110412674e+03
2.525882209253154542e+03
2.549202940961739387e+03
2.573012688083736066e+03
2.597284779773266109e+03
2.621991698490887757e+03
2.647105080003731018e+03
2.672595713385248928e+03
2.698433541015447190e+03
2.724587658580958305e+03
2.751026315074644572e+03
2.777716912795995086e+03
2.804626007350937925e+03
2.831719307651875624e+03
2.858961675917763841e+03
2.886317127673881714e+03
2.913748831752172919e+03
2.941219110290944627e+03
2.968689438734978921e+03
2.996120445835610099e+03
3.023471913650610077e+03
2.080608376288012096e+03
2.081038704345530732e+03
2.082329287405892956e+03
2.084478922132537718e+03
2.087485602964477494e+03
2.091346522116415144e+03
2.096058069578608411e+03
2.101615833116966314e+03
2.108014598272954117e+03
2.115248348363744753e+03
2.123310264482105140e+03
2.132192725496376170e+03
2.141887308050513639e+03
2.152384786564179194e+03
2.163675133232553890e+03
2.175747518026469152e+03
2.188590308692406779e+03
2.202191070752405722e+03
2.216536567504173490e+03
2.231612760021012946e+03
2.247404807151838213e+03
2.263897065521234708e+03
2.281073089529286335e+03
2.298915631351822867e+03
2.317406640940229408e+03
2.336527266021486412e+03
2.356257852098281091e+03
2.376577942448799604e+03
2.397466278126974885e+03
2.418900797962180604e+03
2.440858638559613155e+03
2.463316134299967871e+03
2.486248817339552716e+03
2.509631417610326935e+03
2.533437862819861493e+03
2.557641278451361359e+03
2.582213987763604109e+03
2.607127511791020424e+03
2.632352569343614505e+03
2.657859077007117321e+03
2.683616149142759696e+03
2.709592097887404179e+03
2.735754433153601894e+03
2.762069862629459749e+03
2.788504291778735933e+03
2.815022823840763522e+03
2.841589759830564162e+03
2.868168598538735296e+03
2.894722036531371941e+03
2.921211968150449593e+03
2.015943650135530561e+03
2.016357860515749053e+03
2.017600111558256913e+03
2.019669262968629027e+03
2.022563414255974521e+03
2.026279904733295552e+03
2.030815313517147388e+03
2.036165459527808252e+03
2.042325401489184287e+03
2.049289437929019186e+03
2.057051107178570874e+03
2.065603187372895718e+03
2.074937696450660951e+03
2.085045892154312241e+03
2.095918272029886339e+03
2.107544573427143405e+03
2.119913773499547460e+03
2.133014089204247284e+03
2.146832977302020936e+03
2.161357134357444920e+03
2.176572496738648169e+03
2.192464240617539417e+03
2.209016781969694421e+03
2.226213776574373696e+03
2.244038120014465676e+03
2.262471947676658601e+03
2.281496634751192687e+03
2.301092796232163892e+03
2.321240286917164667e+03
2.341918201407603647e+03
2.363104874108557851e+03
2.384777879228712209e+03
2.406914030780531903e+03
2.429489382580129586e+03
2.452479228247284482e+03
2.475858101205555158e+03
2.499599774682034422e+03
2.523677261707613525e+03
2.548062815116869388e+03
2.572727927547968193e+03
2.597643331442876843e+03
2.622778999047151501e+03
2.648104142410109944e+03
2.673587213384772895e+03
2.699195903627772623e+03
2.724897144599405237e+03
2.750657107563711179e+03
2.776441203588547069e+03
2.802214083545209178e+03
2.827939638108773579e+03
1.957583522422017495e+03
1.957983095370707360e+03
1.959181453682712345e+03
1.961177515755669674e+03
1.963969478919011635e+03
1.967554819434061073e+03
1.971930292493842217e+03
1.977091932223136837e+03
1.983035051678560421e+03
1.989754242848486228e+03
1.997243376653159430e+03
2.005495602944487473e+03
2.014503350506231527e+03
2.024258327053909397e+03
2.034751519234892612e+03
2.045973192628233846e+03
2.057912891744839271e+03
2.070559440027352593e+03
2.083900939850271698e+03
2.097924772519851103e+03
2.112617598274103784e+03
2.127965356282857101e+03
2.143953264647696869e+03
2.160565820402022382e+03
2.177786799511011395e+03
2.195599256871616944e+03
2.213985526312569618e+03
2.232927220594433493e+03
2.252405231409511543e+03
2.272399729381864745e+03
2.292890164067463047e+03
2.313855263953920712e+03
2.335273036460686399e+03
2.357120767939022699e+03
2.379375023671987947e+03
2.402011647874341179e+03
2.425005763692733126e+03
2.448331773205495665e+03
2.471963357422831905e+03
2.495873476286722962e+03
2.520034368670868389e+03
2.544417552380821235e+03
2.568993824153854803e+03
2.593733259659112719e+03
2.618605213497479326e+03
2.643578319201651539e+03
2.668620489235953301e+03
2.693698914996768053e+03
2.718780066812087171e+03
2.743829693941620462e+03
1.905696104419234871e+03
1.906082493027194232e+03
1.907241316228388769e+03
1.909171546154993848e+03
1.911871469693835479e+03
1.915338688486504680e+03
1.919570118929338150e+03
1.924561992173456247e+03
1.930309854124629965e+03
1.936808565443451698e+03
1.944052301545260207e+03
1.952034552600082407e+03
1.960748123532690897e+03
1.970185134022680359e+03
1.980337018504277012e+03
1.991194526166509604e+03
2.002747720953133467e+03
2.014985981562707138e+03
2.027898001448458217e+03
2.041471788818341793e+03
2.055694666635114572e+03
2.070553272616242339e+03
2.086033559233972937e+03
2.102120793715224863e+03
2.118799558041738692e+03
2.136053748949924284e+03
2.153866577931012216e+03
2.172220571230885525e+03
2.191097569850266154e+03
2.210478729544509861e+03
2.230344520823829498e+03
2.250674728953072190e+03
2.271448453951942611e+03
2.292644110594741051e+03
2.314239428410663550e+03
2.336211451683576797e+03
2.358536539452037232e+03
2.381190365509439744e+03
2.404147918403926724e+03
2.427383501438195253e+03
2.450870732669935933e+03
2.474582544911470450e+03
2.498491185729809331e+03
2.522568217446784274e+03
2.546784517138993124e+03
2.571110276637644802e+03
2.595515002528827608e+03
2.619967516153300039e+03
2.644435953606565363e+03
2.668887765738948929e+03
1.859837933902478198e+03
1.860212447507232355e+03
1.861335661975128005e+03
1.863206598267197478e+03
1.865823624651795853e+03
1.869184456704677586e+03
1.873286157308825750e+03
1.878125136654678727e+03
1.883697152239998559e+03
1.889997308869813651e+03
1.897020058656645688e+03
1.904759201020207456e+03
1.913207882687667279e+03
1.922358597693478941e+03
1.932203187379438077e+03
1.942732840394758796e+03
1.953938092695902014e+03
1.965808827546766224e+03
1.978334275518534469e+03
1.991503014489732323e+03
2.005302969646246765e+03
2.019721413481344371e+03
2.034744965795596272e+03
2.050359593696934098e+03
2.066550611600594948e+03
2.083302681229232348e+03
2.100599811612823942e+03
2.118425359088632831e+03
2.136762027301339458e+03
2.155591867202929279e+03
2.174896277052747791e+03
2.194656002417502805e+03
2.214851136171243070e+03
2.235461118495322808e+03
2.256464736878418535e+03
2.277840126116700503e+03
2.299564768313530294e+03
2.321615492879686826e+03
2.343968476533272224e+03
2.366599243299750469e+03
2.389482664511888288e+03
2.412592958809852917e+03
2.435903692141152987e+03
2.459387777760582594e+03
2.483017476230410466e+03
2.506764395420001620e+03
2.530599490506347138e+03
2.554493063973685366e+03
2.578414765613464169e+03
2.602333592524777032e+03
1.819266037814012861e+03
1.819629781633257835e+03
1.820720701502295924e+03
1.822537862654940000e+03
1.825079707147513773e+03
1.828344053858946381e+03
1.832328098490658249e+03
1.837028413566618610e+03
1.842440948433363701e+03
1.848561029259940369e+03
1.855383359037962919e+03
1.862902017581518521e+03
1.871110461527393909e+03
1.880001524334734995e+03
1.889567416285349964e+03
1.899799724483519412e+03
1.910689412856091394e+03
1.922226822152500290e+03
1.934401669944615151e+03
1.947203050626929553e+03
1.960619435416504075e+03
1.974638672352853064e+03
1.989247986298058322e+03
2.004433978936825952e+03
2.020182628776258980e+03
2.036479291146141122e+03
2.053308698198672118e+03
2.070654958908695335e+03
2.088501559073563385e+03
2.106831361313159960e+03
2.125626605069896868e+03
2.144868906608754514e+03
2.164539259017260520e+03
2.184618032205435156e+03
2.205084972905865470e+03
2.225919204673743934e+03
2.247099227886697918e+03
2.268602919744921564e+03
2.290407534271253098e+03
2.312489702310926987e+03
2.334825431531820868e+03
2.357390106424323676e+03
2.380158488301333364e+03
2.403104715298297833e+03
2.426202302373250404e+03
2.449424141306773436e+03
2.472742500701921472e+03
2.496129025984297641e+03
2.519554739402148243e+03
2.542990040026097631e+03
1.783128013391395370e+03
1.783481884440580643e+03
1.784543199396371847e+03
1.786311063683569955e+03
1.788783986343522201e+03
1.791959880034047046e+03
1.795836061029566054e+03
1.800409249220952688e+03
1.805675568115702845e+03
1.811630544837726120e+03
1.818269110127554768e+03
1.825585598342210233e+03
1.833573747455318426e+03
1.842226699056860980e+03
1.851536998353556783e+03
1.861496594168480897e+03
1.872096838941388341e+03
1.883328488728409411e+03
1.895181703202354129e+03
1.907646045652465091e+03
1.920710482984494092e+03
1.934363385720833548e+03
1.948592528000365974e+03
1.963385087578406683e+03
1.978727645826931166e+03
1.994606187734329069e+03
2.011006101905612240e+03
2.027912180562301046e+03
2.045308619542405722e+03
2.063179018300502321e+03
2.081506379907693827e+03
2.100273111051611522e+03
2.119461022036375653e+03
2.139051326782710930e+03
2.159024642827830576e+03
2.179360991325457690e+03
2.200039797045879823e+03
2.221039888375912597e+03
2.242339497318861504e+03
2.263916259494597853e+03
2.285747214139519201e+03
2.307808804106571188e+03
2.330076875865169313e+03
2.352526679501314447e+03
2.375132868717533711e+03
2.397869500832825906e+03
2.420710036782774296e+03
2.443627341119584798e+03
2.466593682011686269e+03
2.489580731244397157e+03
1.750442396651048284e+03
1.750787089880058602e+03
1.751820883628492311e+03
1.753542920080728209e+03
1.755951769543893761e+03
1.759045430448073375e+03
1.762821329346176526e+03
1.767276320914030975e+03
1.772406687950327296e+03
1.778208141376618869e+03
1.784675820237282551e+03
1.791804291699653049e+03
1.799587551053908328e+03
1.808019021713145548e+03
1.817091555213228958e+03
1.826797431212961783e+03
1.837128357494028251e+03
1.848075469960993587e+03
1.859629332641266728e+03
1.871779937685118966e+03
1.884516705365721464e+03
1.897828484079165264e+03
1.911703550344289624e+03
1.926129608802966686e+03
1.941093792219779289e+03
1.956582661482343610e+03
1.972582205601004944e+03
1.989077841709104177e+03
2.006054415062749285e+03
2.023496199040967667e+03
2.041386895145743892e+03
2.059709633001830298e+03
2.078446970356822021e+03
2.097580893081347767e+03
2.117092815168708512e+03
2.136963578735238571e+03
2.157173454020115514e+03
2.177702139385284227e+03
2.198528761315704742e+03
2.219631874419140786e+03
2.240989461426219350e+03
2.262578933190506177e+03
2.284377128688352968e+03
2.306360315019048812e+03
2.328504187404727418e+03
2.350783869190384848e+03
2.373173911843954102e+03
2.395648294956212339e+03
2.418180426240724046e+03
2.440743141534047481e+03
1.720126996862101578e+03
1.720462992279768287e+03
1.721470703952888925e+03
1.723149308141993743e+03
1.725497431947966788e+03
1.728513153311989072e+03
1.732194001015670892e+03
1.736536954680843792e+03
1.741538444769825446e+03
1.747194352585135448e+03
1.753500010269779750e+03
1.760450200807023748e+03
1.768039158020466630e+03
1.776260566574137556e+03
1.785107561972343547e+03
1.794572730559726324e+03
1.804648109521356901e+03
1.815325186882546404e+03
1.826594901509035026e+03
1.838447643106860596e+03
1.850873252222394513e+03
1.863861020242457698e+03
1.877399689394072311e+03
1.891477452744690254e+03
1.906081954202136330e+03
1.921200288514493423e+03
1.936819001270237095e+03
1.952924088898233322e+03
1.969500998667588874e+03
1.986534628687877557e+03
2.004009327908912837e+03
2.021908896120900408e+03
2.040216583954437056e+03
2.058915092880359680e+03
2.077986575209934017e+03
2.097412634094761415e+03
2.117174323526777698e+03
2.137252148338253392e+03
2.157626064201811914e+03
2.178275477630430942e+03
2.199179245977442406e+03
2.220315677436455189e+03
2.241662531041546117e+03
2.263197016667030766e+03
2.284895795027618078e+03
2.306734977678407631e+03
2.328690127014700465e+03
2.350736256272322407e+03
2.372847829527283011e+03
2.394998761696039310e+03
1.691029784061868213e+03
1.691357365597393027e+03
1.692339846399079306e+03
1.693976435052206853e+03
1.696265812532184782e+03
1.699206132204684081e+03
1.702795019825505960e+03
1.707029573540675528e+03
1.711906363886346981e+03
1.717421433788880904e+03
1.723570298564861105e+03
1.730347945920963639e+03
1.737748835954107562e+03
1.745766901151417414e+03
1.754395546390090431e+03
1.763627648937661661e+03
1.773455558451701108e+03
1.783871096980059747e+03
1.794865558960736962e+03
1.806429711221899879e+03
1.818553792981883134e+03
1.831227515849225938e+03
1.844440063822730735e+03
1.858180093291196044e+03
1.872435733033777524e+03
1.887194584219741955e+03
1.902443720408503623e+03
1.918169687549720948e+03
1.934358503983162336e+03
1.950995660438915365e+03
1.968066120037065048e+03
1.985554318287995557e+03
2.003444163092277904e+03
2.021719034740575125e+03
2.040361785913830772e+03
2.059354741683099292e+03
2.078679699509697002e+03
2.098317929245050891e+03
2.118250173130737494e+03
2.138456645798631598e+03
2.158917034270681597e+03
2.179610497959098666e+03
2.200515668666222609e+03
2.221610650584599171e+03
2.242873020296921368e+03
2.264279826776108621e+03
2.285807591385226715e+03
2.307432307877547828e+03
2.329129442396530521e+03
2.350873933475781996e+03
1.661904992842001548e+03
1.662224246308577904e+03
1.663181753450051701e+03
1.664776754491621659e+03
1.667007983141900240e+03
1.669873666593010284e+03
1.673371525520527257e+03
1.677498774083460376e+03
1.682252119924290355e+03
1.687627764168970089e+03
1.693621401426867124e+03
1.700228219790839603e+03
1.707442900837255138e+03
1.715259619625840060e+03
1.723672044699829485e+03
1.732673338085912064e+03
1.742256155294266364e+03
1.752412645318467412e+03
1.763134450635599705e+03
1.774412707206162622e+03
1.786238044474184107e+03
1.798600585367050144e+03
1.811489946295675281e+03
1.824895237154464667e+03
1.838805061321219455e+03
1.853207515657175009e+03
1.868090190507094349e+03
1.883440169699175158e+03
1.899244030545048645e+03
1.915487843839836387e+03
1.932157173862094623e+03
1.949237078373888153e+03
1.966712108620678464e+03
1.984566309331379671e+03
2.002783218718434455e+03
2.021345868477699923e+03
2.040236783788524463e+03
2.059437983313595396e+03
2.078930979199223202e+03
2.098696777075095724e+03
2.118715876054352520e+03
2.138968268733606237e+03
2.159433441192921691e+03
2.180090372995872713e+03
2.200917537189373888e+03
2.221892900303942042e+03
2.242993922353434755e+03
2.264197556835237265e+03
2.285480250730169246e+03
2.306817944502502996e+03
1.631616945444704925e+03
1.631927794162815417e+03
1.632860097714285530e+03
1.634413128290551185e+03
1.636585672877250317e+03
1.639376033254374533e+03
1.642782025996098128e+03
1.646800982470930876e+03
1.651429748841640730e+03
1.656664686065255410e+03
1.662501669893060807e+03
1.668936090870640101e+03
1.675962854337872841e+03
1.683576380428803532e+03
1.691770604071886510e+03
1.700538974989759254e+03
1.709874457699337881e+03
1.719769531511815330e+03
1.730216190532663177e+03
1.741205943661649826e+03
1.752729814592764114e+03
1.764778341814311034e+03
1.777341578608816917e+03
1.790409093053123570e+03
1.803969968018331429e+03
1.818012801169800241e+03
1.832525704967148613e+03
1.847496306664311305e+03
1.862911748309462155e+03
1.878758686745034765e+03
1.895023293607797086e+03
1.911691255328662464e+03
1.928747773132973407e+03
1.946177563040199175e+03
1.963964855864219317e+03
1.982093397213039452e+03
2.000546447489038201e+03
2.019306781888834166e+03
2.038356690403323455e+03
2.057677977817661485e+03
2.077251963711243206e+03
2.097059482457799277e+03
2.117080883225336493e+03
2.137296029976027967e+03
2.157684301466436864e+03
2.178224591247347689e+03
2.198895307663766289e+03
2.219674373855089925e+03
2.240539227754879903e+03
2.261466822091013910e+03
1.599289842699344490e+03
1.599592119501285879e+03
1.600498718352639571e+03
1.602008944589802695e+03
1.604121640440287820e+03
1.606835185022475798e+03
1.610147494345786299e+03
1.614056021310583901e+03
1.618557755708252444e+03
1.623649224221120903e+03
1.629326490422461802e+03
1.635585154776587615e+03
1.642420354638773006e+03
1.649826764255275748e+03
1.657798594763316260e+03
1.666329594191097385e+03
1.675413047457747552e+03
1.685041776373490620e+03
1.695208139639457158e+03
1.705904032847683993e+03
1.717120888481379779e+03
1.728849675914527097e+03
1.741080901412222602e+03
1.753804608130432598e+03
1.767010376116218140e+03
1.780687322307547447e+03
1.794824100533351839e+03
1.809408901513620549e+03
1.824429452859192224e+03
1.839873019072039369e+03
1.855726401544984583e+03
1.871975938561869498e+03
1.888607505297594798e+03
1.905606513817872383e+03
1.922957913079509581e+03
1.940646188930315930e+03
1.958655364108987214e+03
1.976968998245240527e+03
1.995570187859811995e+03
2.014441566364268965e+03
2.033565304061388133e+03
2.052923108144701473e+03
2.072496222698892780e+03
2.092265428699477070e+03
2.112211044013084575e+03
2.132312923397156283e+03
2.152550458500305467e+03
2.172902577862013459e+03
2.193347746912706953e+03
2.213863967973888066e+03
1.564106289372640958e+03
1.564399752007110010e+03
1.565279920064995167e+03
1.566746134009842308e+03
1.568797294614322936e+03
1.571431862960025683e+03
1.574647860437664804e+03
1.578442868746928298e+03
1.582814029896648435e+03
1.587758046204593711e+03
1.593271180297620049e+03
1.599349255111652155e+03
1.605987653891588707e+03
1.613181320191434452e+03
1.620924757874206534e+03
1.629212031111952228e+03
1.638036764385750075e+03
1.647392142485822887e+03
1.657270910511291049e+03
1.667665373870420353e+03
1.678567398280430780e+03
1.689968409767667936e+03
1.701859394667489369e+03
1.714230899624302083e+03
1.727073031591487506e+03
1.740375457831551785e+03
1.754127405916032558e+03
1.768317663725459397e+03
1.782934579449450439e+03
1.797966061586673050e+03
1.813399578944730138e+03
1.829222160640445736e+03
1.845420396099522350e+03
1.861980435056845181e+03
1.878887987556178359e+03
1.896128323950449612e+03
1.913686274901579054e+03
1.931546231380555810e+03
1.949692144667437788e+03
1.968107526351218439e+03
1.986775448330035942e+03
2.005678542811021089e+03
2.024799002310354808e+03
2.044118579653248389e+03
2.063618587974038746e+03
2.083279900715922395e+03
2.103082951631355172e+03
2.123007734781670933e+03
2.143033804537310516e+03
2.163140275577764896e+03
1.525913137414155017e+03
1.526197574241640041e+03
1.527050677293023682e+03
1.528471824274864275e+03
1.530459978031501578e+03
1.533013686544904886e+03
1.536131082934919732e+03
1.539809885458964800e+03
1.544047397512239741e+03
1.548840507627725628e+03
1.554185689476052403e+03
1.560079001865574355e+03
1.566516088742446300e+03
1.573492179190452589e+03
1.581002087431158998e+03
1.589040212823855882e+03
1.597600539865519977e+03
1.606676638190909443e+03
1.616261662572393789e+03
1.626348352920255593e+03
1.636929034282293969e+03
1.647995616844203369e+03
1.659539595929269808e+03
1.671552051998598245e+03
1.684023650650942727e+03
1.696944642622876700e+03
1.710304863788583816e+03
1.724093735160067808e+03
1.738300262886999235e+03
1.752913038256792788e+03
1.767920237694606158e+03
1.783309622763283642e+03
1.799068540163394346e+03
1.815183921733269699e+03
1.831642284448965484e+03
1.848429730424186346e+03
1.865531946910437000e+03
1.882934206296946741e+03
1.900621366110613053e+03
1.918577869016132809e+03
1.936787742815795355e+03
1.955234600449803793e+03
1.973901639995934374e+03
1.992771644669763418e+03
2.011826982824534980e+03
2.031049607951236567e+03
2.050421058678637110e+03
2.069922458773191920e+03
2.089534517139024047e+03
2.109237527818038416e+03
1.484868391689360578e+03
1.485143673311351222e+03
1.485969323806121565e+03
1.487344760059841065e+03
1.489269010216200286e+03
1.491740713676297901e+03
1.494758121098755055e+03
1.498319094399694904e+03
1.502421106752611422e+03
1.507061242588520145e+03
1.512236197595939302e+03
1.517942278720738614e+03
1.524175404166404178e+03
1.530931103393792682e+03
1.538204517121281924e+03
1.545990397324658261e+03
1.554283107237229842e+03
1.563076621349732022e+03
1.572364525410402393e+03
1.582140016424962823e+03
1.592395902656543740e+03
1.603124603625739610e+03
1.614318150110723991e+03
1.625968184147041029e+03
1.638065959027680265e+03
1.650602339303209874e+03
1.663567800781531105e+03
1.676952430528103832e+03
1.690745926865891533e+03
1.704937599375208947e+03
1.719516368893929894e+03
1.734470767517317881e+03
1.749788938598214827e+03
1.765458636746833008e+03
1.781467227830887623e+03
1.797801688975577463e+03
1.814448608563566268e+03
1.831394186234907238e+03
1.848624232887269955e+03
1.866124170675694359e+03
1.883879033012647142e+03
1.901873464568211602e+03
1.920091721269765458e+03
1.938517670302265515e+03
1.957134790108151719e+03
1.975926170387253933e+03
1.994874512096904027e+03
2.013962127451899505e+03
2.033170939924540562e+03
2.052482484244535499e+03
1.441392090077897592e+03
1.441658189056056472e+03
1.442456305177093554e+03
1.443785896000766343e+03
1.445646057460048041e+03
1.448035523861013417e+03
1.450952667883010918e+03
1.454395500578471001e+03
1.458361671373059608e+03
1.462848468065582665e+03
1.467852816828061123e+03
1.473371282205637954e+03
1.479400067116709351e+03
1.485935012852773298e+03
1.492971599078562804e+03
1.500504943831951323e+03
1.508529803523989131e+03
1.517040572938905598e+03
1.526031285234125789e+03
1.535495611940234539e+03
1.545426862960994185e+03
1.555817986573363896e+03
1.566661569427424183e+03
1.577949836546527649e+03
1.589674651327091624e+03
1.601827515538768012e+03
1.614399569324443064e+03
1.627381591200029789e+03
1.640763998054770354e+03
1.654536845150990530e+03
1.668689826124174715e+03
1.683212272983155344e+03
1.698093156109697020e+03
1.713321084258912606e+03
1.728884304559016982e+03
1.744770702511459604e+03
1.760967801990773296e+03
1.777462765244782304e+03
1.794242392894375371e+03
1.811293123933713332e+03
1.828601035730059721e+03
1.846151844023912190e+03
1.863930902928908836e+03
1.881923204931865712e+03
1.900113380892795021e+03
1.918485700044868736e+03
1.937024069994454976e+03
1.955712036721024560e+03
1.974532784577377242e+03
1.993469136289339303e+03
1.396346556915166957e+03
1.396603576534876765e+03
1.397374468340596422e+03
1.398658731172266243e+03
1.400455529763083405e+03
1.402763694739481480e+03
1.405581722621207064e+03
1.408907775821262476e+03
1.412739682645906214e+03
1.417074937294709571e+03
1.421910699860499562e+03
1.427243796329397128e+03
1.433070718580741641e+03
1.439387624387203914e+03
1.446190337414691385e+03
1.453474347222424967e+03
1.461234809262843328e+03
1.469466544881716572e+03
1.478164041318052568e+03
1.487321451704114452e+03
1.496932595065516125e+03
1.506990956321071053e+03
1.517489686282885941e+03
1.528421601656380744e+03
1.539779185040155653e+03
1.551554584926179814e+03
1.563739615699698106e+03
1.576325757639134963e+03
1.589304156916265811e+03
1.602665625596121799e+03
1.616400641636990485e+03
1.630499348890509737e+03
1.644951557101440585e+03
1.659746741907952128e+03
1.674874044841430987e+03
1.690322273326614777e+03
1.706079900681364279e+03
1.722135066116872395e+03
1.738475574737738725e+03
1.755088897541668302e+03
1.771962171419734887e+03
1.789082199156212027e+03
1.806435449428704487e+03
1.824008056808092078e+03
1.841785821758473048e+03
1.859754210637314827e+03
1.877898355695265309e+03
1.896203055076227884e+03
1.914652772817532878e+03
1.933231638849633782e+03
1.350707258353243787e+03
1.350955440471257816e+03
1.351699833398792407e+03
1.352939976856437852e+03
1.354675103711656448e+03
1.356904139979046022e+03
1.359625704820151213e+03
1.362838110543539869e+03
1.366539362604858752e+03
1.370727159606663690e+03
1.375398893298608982e+03
1.380551648577352353e+03
1.386182203486498565e+03
1.392287029216788596e+03
1.398862290105853390e+03
1.405903843638403259e+03
1.413407240446152400e+03
1.421367724307856406e+03
1.429780232149236554e+03
1.438639394043055518e+03
1.447939533209099181e+03
1.457674666014137756e+03
1.467838501972020595e+03
1.478424443743525217e+03
1.489425587136470995e+03
1.500834721105775316e+03
1.512644327753226435e+03
1.524846582327749502e+03
1.537433353225215569e+03
1.550396201988557323e+03
1.563726383307691094e+03
1.577414845019537324e+03
1.591452228108058307e+03
1.605828866704238635e+03
1.620534788086066101e+03
1.635559712678495316e+03
1.650893054053559126e+03
1.666523918930295167e+03
1.682441107174762919e+03
1.698633111799987773e+03
1.715088118966055617e+03
1.731794007980056449e+03
1.748738351296064366e+03
1.765908414515233062e+03
1.783291156385682143e+03
1.800873228802572612e+03
1.818640976808031382e+03
1.836580438591264738e+03
1.854677345488444871e+03
1.872917121982785147e+03
1.305472661428230595e+03
1.305712355014558625e+03
1.306431295484155044e+03
1.307629061969066697e+03
1.309304953022565996e+03
1.311457986619283702e+03
1.314086900155151170e+03
1.317190150447477890e+03
1.320765913734836204e+03
1.324812085677175901e+03
1.329326281355709625e+03
1.334305835273009279e+03
1.339747801352946908e+03
1.345648952940772915e+03
1.352005782803000102e+03
1.358814503127443231e+03
1.366071045523350904e+03
1.373771061021197283e+03
1.381909920072757814e+03
1.390482712551223131e+03
1.399484247751066277e+03
1.408909054388061577e+03
1.418751380599322374e+03
1.429005193943282848e+03
1.439664181399696872e+03
1.450721749369677127e+03
1.462171023675580273e+03
1.474004849561178389e+03
1.486215791691487766e+03
1.498796134152883042e+03
1.511737880453059233e+03
1.525032753521050608e+03
1.538672195707173842e+03
1.552647368783084403e+03
1.566949153941796567e+03
1.581568151797587916e+03
1.596494682386113027e+03
1.611718785164309111e+03
1.627230219010452174e+03
1.643018462224119958e+03
1.659072712526267424e+03
1.675381887059131714e+03
1.691934622386251476e+03
1.708719274492523255e+03
1.725723918784183297e+03
1.742936350088730933e+03
1.760344082655042939e+03
1.777934350153259402e+03
1.795694105674935372e+03
1.813610021732851465e+03
1.261699784318314641e+03
1.261931434411072360e+03
1.262626256664210132e+03
1.263783867002454599e+03
1.265403625300298927e+03
1.267484635381985527e+03
1.270025745021617468e+03
1.273025545943066163e+03
1.276482373819969098e+03
1.280394308275845106e+03
1.284759172883904512e+03
1.289574535167218983e+03
1.294837706598608975e+03
1.300545742600756284e+03
1.306695442546072172e+03
1.313283349756791949e+03
1.320305751504937007e+03
1.327758679012352559e+03
1.335637907450632156e+03
1.343938955941193171e+03
1.352657087555219960e+03
1.361787309313740479e+03
1.371324372187548988e+03
1.381262771097226505e+03
1.391596744913158545e+03
1.402320276455516932e+03
1.413427092494316639e+03
1.424910663749282548e+03
1.436764204890001338e+03
1.448980674535846447e+03
1.461552775255919869e+03
1.474472953569223364e+03
1.487733399944507482e+03
1.501326048800232684e+03
1.515242578504834682e+03
1.529474411376384069e+03
1.544012713682832327e+03
1.558848395641859952e+03
1.573972111421047202e+03
1.589374259137609215e+03
1.605044980858754798e+03
1.620974162601309445e+03
1.637151434331978407e+03
1.653566169967272572e+03
1.670207487373488675e+03
1.687064248366671791e+03
1.704125058712672171e+03
1.721378268127220281e+03
1.738811970275757403e+03
1.756414002773510674e+03
1.220291336022417681e+03
1.220515447906071358e+03
1.221187666604653941e+03
1.222307641261143772e+03
1.223874787113838238e+03
1.225888285496258277e+03
1.228347083837320497e+03
1.231249895661221672e+03
1.234595200587458976e+03
1.238381244330829077e+03
1.242606038701410398e+03
1.247267361604732059e+03
1.252362757041453278e+03
1.257889535107608481e+03
1.263844771994570237e+03
1.270225309988973095e+03
1.277027757472808389e+03
1.284248488923291688e+03
1.291883644913070839e+03
1.299929132109980401e+03
1.308380623277249242e+03
1.317233557273349788e+03
1.326483139052110573e+03
1.336124339662622560e+03
1.346151896249352831e+03
1.356560312051992014e+03
1.367343856405587530e+03
1.378496564740525400e+03
1.390012238582433611e+03
1.401884445552241232e+03
1.414106519366271186e+03
1.426671559836089955e+03
1.439572432868563510e+03
1.452801770465934396e+03
1.466351970725649380e+03
1.480215197840531573e+03
1.494383382098703805e+03
1.508848219883607953e+03
1.523601173673985841e+03
1.538633472043822394e+03
1.553936109662534591e+03
1.569499847294726578e+03
1.585315211800377710e+03
1.601372496134786161e+03
1.617661759348493433e+03
1.634172826587416694e+03
1.650895289092716212e+03
1.667818504200909047e+03
1.684931595343869049e+03
1.702223452048599484e+03
1.181796591583615054e+03
1.182013659795586591e+03
1.182664757185269309e+03
1.183749562013910463e+03
1.185267538050368330e+03
1.187217934570962143e+03
1.189599786359565314e+03
1.192411913707549729e+03
1.195652922413861006e+03
1.199321203784904810e+03
1.203414934634660540e+03
1.207932077284643356e+03
1.212870379563829147e+03
1.218227374808786180e+03
1.224000381863580287e+03
1.230186505079814197e+03
1.236782634316568874e+03
1.243785444940518346e+03
1.251191397825816011e+03
1.258996739354188321e+03
1.267197501414803583e+03
1.275789501404441808e+03
1.284768342227380344e+03
1.294129412295433212e+03
1.303867885527836279e+03
1.313978721351493959e+03
1.324456664700808915e+03
1.335296246017624753e+03
1.346491781251397015e+03
1.358037371859078803e+03
1.369926904805083723e+03
1.382154052561493927e+03
1.394712273107794999e+03
1.407594809931007831e+03
1.420794692025746599e+03
1.434304733894123274e+03
1.448117535545748069e+03
1.462225482497747862e+03
1.476620745774823718e+03
1.491295281909174264e+03
1.506240832940553219e+03
1.521448926416174572e+03
1.536910875390826050e+03
1.552617778426830910e+03
1.568560519593991785e+03
1.584729768469666624e+03
1.601115980138786199e+03
1.617709395193685395e+03
1.634500039734348320e+03
1.651477725368200254e+03
1.146708984725800519e+03
1.146919479352770168e+03
1.147550864175267861e+03
1.148602842018230376e+03
1.150074917589790857e+03
1.151966397481354988e+03
1.154276390167600084e+03
1.157003806006514424e+03
1.160147357239244002e+03
1.163705557990283523e+03
1.167676724267342479e+03
1.172058973961422225e+03
1.176850226846738678e+03
1.182048204580856464e+03
1.187650430704517703e+03
1.193654230641755021e+03
1.200056731699855163e+03
1.206854863069414250e+03
1.214045355824225680e+03
1.221624742921373354e+03
1.229589359201194611e+03
1.237935341387317976e+03
1.246658628086606768e+03
1.255754959789157965e+03
1.265219878868417027e+03
1.275048729580987583e+03
1.285236658066802875e+03
1.295778612349067771e+03
1.306669342334184194e+03
1.317903399811863665e+03
1.329475138455052274e+03
1.341378713820025268e+03
1.353608083346216517e+03
1.366157006356388592e+03
1.379019044056576604e+03
1.392187559536012031e+03
1.405655717767236411e+03
1.419416485606101787e+03
1.433462631791580179e+03
1.447786726946086901e+03
1.462381143575100850e+03
1.477238056067524894e+03
1.492349440695439398e+03
1.507707075614234782e+03
1.523302540862535579e+03
1.539127218362201120e+03
1.555172291918438532e+03
1.571428747219613342e+03
1.587887371837420460e+03
1.604538755226788680e+03
1.115119067819440033e+03
1.115323401643081525e+03
1.115936310714933597e+03
1.116957517837856130e+03
1.118386561016601945e+03
1.120222793457761099e+03
1.122465383569874575e+03
1.125113314963395396e+03
1.128165386450594497e+03
1.131620212045675089e+03
1.135476220964771301e+03
1.139731657625873140e+03
1.144384581648883568e+03
1.149432867855561426e+03
1.154874206269596471e+03
1.160706102116572993e+03
1.166925875823968227e+03
1.173530663021135069e+03
1.180517414539356878e+03
1.187882896411717184e+03
1.195623689873362537e+03
1.203736191361163719e+03
1.212216612513979499e+03
1.221060980172562040e+03
1.230265136379519618e+03
1.239824738379354585e+03
1.249735258618500211e+03
1.259991984745264972e+03
1.270590019609869614e+03
1.281524281264410092e+03
1.292789502962837787e+03
1.304380233161111846e+03
1.316290835516952029e+03
1.328515488890047891e+03
1.341048187342001484e+03
1.353882740136252096e+03
1.367012771738169931e+03
1.380431721815019273e+03
1.394132845235920513e+03
1.408109212071944285e+03
1.422353707596016648e+03
1.436859032282977068e+03
1.451617701809557957e+03
1.466622047054367385e+03
1.481864214097925014e+03
1.497336164222663911e+03
1.513029673912872795e+03
1.528936334854715142e+03
1.545047553936361282e+03
1.561354553247743524e+03
1.086908510843632712e+03
1.087107019077526047e+03
1.087702456575319275e+03
1.088694561725295216e+03
1.090082898507982236e+03
1.091866856496191531e+03
1.094045650854809537e+03
1.096618322341005978e+03
1.099583737304158149e+03
1.102940587685888431e+03
1.106687391019931965e+03
1.110822490432364475e+03
1.115344054641373759e+03
1.120250077957374970e+03
1.125538380283046536e+03
1.131206607113218297e+03
1.137252229534965409e+03
1.143672544227570143e+03
1.150464673462522569e+03
1.157625565103558074e+03
1.165151992606505928e+03
1.173040555019573048e+03
1.181287676983060919e+03
1.189889608729515658e+03
1.198842426083710279e+03
1.208142030462624916e+03
1.217784148875371784e+03
1.227764333923441200e+03
1.238077963800397583e+03
1.248720242292032935e+03
1.259686198776402534e+03
1.270970688223769685e+03
1.282568391196529547e+03
1.294473813849416956e+03
1.306681287929222890e+03
1.319184970775097554e+03
1.331978845318341655e+03
1.345056720082387301e+03
1.358412229183045383e+03
1.372038832328200897e+03
1.385929814818022578e+03
1.400078287544867408e+03
1.414477186993243095e+03
1.429119275240016805e+03
1.443997139954092290e+03
1.459103194396751178e+03
1.474429677421388305e+03
1.489968653473567883e+03
1.505712012591194025e+03
1.521651470404284055e+03
1.061743926722878541e+03
1.061936862007238915e+03
1.062515584530880687e+03
1.063479844305599499e+03
1.064829224684444853e+03
1.066563142361606651e+03
1.068680847372490916e+03
1.071181423093700460e+03
1.074063786243054210e+03
1.077326686879606086e+03
1.080968708403550636e+03
1.084988267556298069e+03
1.089383614420531330e+03
1.094152832420017376e+03
1.099293838319814085e+03
1.104804382226158623e+03
1.110682047586465160e+03
1.116924251189421511e+03
1.123528243164836795e+03
1.130491106983754435e+03
1.137809759458434655e+03
1.145480950742315372e+03
1.153501264330069944e+03
1.161867117057511223e+03
1.170574759101763675e+03
1.179620273981034416e+03
1.188999578554785330e+03
1.198708423023712612e+03
1.208742390929652856e+03
1.219096899155734491e+03
1.229767197926150857e+03
1.240748370806443290e+03
1.252035334703255785e+03
1.263622839864486423e+03
1.275505469879211205e+03
1.287677641677703377e+03
1.300133605531452076e+03
1.312867445053200299e+03
1.325873077196774830e+03
1.339144252257312928e+03
1.352674553871111129e+03
1.366457399015644114e+03
1.380486038009640424e+03
1.394753554513026074e+03
1.409252865526847700e+03
1.423976721393463095e+03
1.438917705796370683e+03
1.454068235760322068e+03
1.469420561651190837e+03
1.484966767176141957e+03
1.038904123494830856e+03
1.039091653520699765e+03
1.039654163106926489e+03
1.040591410779218904e+03
1.041902994080468716e+03
1.043588349570673699e+03
1.045646752827015689e+03
1.048077318443821014e+03
1.050879000032561407e+03
1.054050590221853099e+03
1.057590720657496377e+03
1.061497862002359625e+03
1.065770323936552131e+03
1.070406255157270834e+03
1.075403643378876950e+03
1.080760315332933487e+03
1.086473936768091562e+03
1.092542012450148150e+03
1.098961886162082237e+03
1.105730740704037316e+03
1.112845597893207696e+03
1.120303318564083384e+03
1.128100602568205659e+03
1.136233988774279169e+03
1.144699855068173065e+03
1.153494418352920547e+03
1.162613734548661569e+03
1.172053698592738556e+03
1.181810044439562944e+03
1.191878345060786160e+03
1.202254012445166609e+03
1.212932297598608102e+03
1.223908290544159172e+03
1.235176920322089700e+03
1.246732954989681730e+03
1.258571001621495043e+03
1.270685506309177981e+03
1.283070754161542482e+03
1.295720869304507914e+03
1.308629814881233642e+03
1.321791393051948262e+03
1.335199244994062838e+03
1.348846850902172491e+03
1.362727529987921571e+03
1.376834440480213971e+03
1.391160579625022820e+03
1.405698783685503940e+03
1.420441727941977206e+03
1.435381926691926992e+03
1.450511733249868485e+03
1.017567140121286684e+03
1.017749346786312458e+03
1.018295888410951420e+03
1.019206529883926237e+03
1.020480879353025671e+03
1.022118388225218609e+03
1.024118351166616094e+03
1.026479906102413906e+03
1.029202034216969651e+03
1.032283559953763643e+03
1.035723151015436770e+03
1.039519318363697266e+03
1.043670416219432127e+03
1.048174642062633666e+03
1.053030036632473411e+03
1.058234483927208203e+03
1.063785711204218387e+03
1.069681288980007139e+03
1.075918631030314600e+03
1.082494994389852081e+03
1.089407479352625387e+03
1.096653029471591935e+03
1.104228431559022283e+03
1.112130315686177482e+03
1.120355155183498709e+03
1.128899266640606356e+03
1.137758809906188162e+03
1.146929788088091982e+03
1.156408047553270535e+03
1.166189277927818011e+03
1.176269012096990309e+03
1.186642626205146598e+03
1.197305339655751368e+03
1.208252215111504711e+03
1.219478158494060381e+03
1.230977918984384132e+03
1.242746089022451315e+03
1.254777104307436275e+03
1.267065243797598441e+03
1.279604629710358267e+03
1.292389227522240390e+03
1.305412845968949796e+03
1.318669137045276329e+03
1.332151596005132888e+03
1.345853561361612492e+03
1.359768214886893702e+03
1.373888581612334292e+03
1.388207529828340057e+03
1.402717771084534661e+03
1.417411860189645267e+03
9.969173790379575166e+02
9.970943081717488212e+02
9.976250188985318346e+02
9.985092811944392679e+02
9.997467116864033869e+02
1.001336773652155898e+03
1.003278777020151779e+03
1.005571878369626802e+03
1.008215080930654040e+03
1.011207234583972991e+03
1.014547035861141921e+03
1.018233027944593914e+03
1.022263600667334458e+03
1.026636990513300816e+03
1.031351280617134989e+03
1.036404400764278535e+03
1.041794127390933909e+03
1.047518083584047190e+03
1.053573739081419490e+03
1.059958410271519824e+03
1.066669260193653599e+03
1.073703298537926230e+03
1.081057381645109672e+03
1.088728212506850923e+03
1.096712340765539693e+03
1.105006162714327502e+03
1.113605921297126542e+03
1.122507706108668344e+03
1.131707453394388494e+03
1.141200946050522134e+03
1.150983813624179675e+03
1.161051532313043253e+03
1.171399424965727576e+03
1.182022661081570504e+03
1.192916256810652385e+03
1.204075074953891544e+03
1.215493824962948111e+03
1.227167062940187179e+03
1.239089191638868215e+03
1.251254460462954967e+03
1.263656965467172768e+03
1.276290649357008533e+03
1.289149301488805577e+03
1.302226557869630597e+03
1.315515901157273902e+03
1.329010660660382428e+03
1.342704012338306939e+03
1.356588978801217536e+03
1.370658429310026349e+03
1.384905079776463708e+03
9.761048885951595366e+02
9.762765747972631516e+02
9.767915582902635379e+02
9.776496137343239070e+02
9.788503655629672267e+02
9.803932879831146465e+02
9.822777049751986169e+02
9.845027902929359698e+02
9.870675674635928090e+02
9.899709097877196200e+02
9.932115403393974020e+02
9.967880319660669102e+02
1.000698807288586067e+03
1.004942138701210297e+03
1.009516148371668919e+03
1.014418808241051238e+03
1.019647940023882370e+03
1.025201215208123131e+03
1.031076155055093977e+03
1.037270130599589947e+03
1.043780362649783910e+03
1.050603921787323316e+03
1.057737728367158070e+03
1.065178552517788148e+03
1.072923014140997111e+03
1.080967582912099488e+03
1.089308578279750918e+03
1.097942169466061159e+03
1.106864375466519277e+03
1.116071065050107336e+03
1.125557956759109857e+03
1.135320618909266386e+03
1.145354469589828341e+03
1.155654776663349594e+03
1.166216657765801301e+03
1.177035080306647387e+03
1.188104861468711306e+03
1.199420668208214693e+03
1.210977017254871726e+03
1.222768275111737466e+03
1.234788658055284259e+03
1.247032232135495633e+03
1.259492913175620288e+03
1.272164466772475635e+03
1.285040508296144026e+03
1.298114502890295398e+03
1.311379765471808014e+03
1.324829460731185236e+03
1.338456603132196278e+03
1.352254056912101987e+03
9.544469371758736997e+02
9.546134215970406558e+02
9.551128013986650558e+02
9.559448561953065564e+02
9.571092186778475934e+02
9.586053746134363109e+02
9.604326628456192338e+02
9.625902752943602536e+02
9.650772569558132545e+02
9.678925059025875726e+02
9.710347732836149817e+02
9.745026633241687932e+02
9.782946333258450977e+02
9.824089936666002814e+02
9.868439078007705803e+02
9.915973922589197400e+02
9.966673166481048156e+02
1.002051403651667670e+03
1.007747229029234859e+03
1.013752221616850079e+03
1.020063663326861047e+03
1.026678689147994874e+03
1.033594287145300996e+03
1.040807298460170614e+03
1.048314417310355793e+03
1.056112190989892952e+03
1.064197019869292717e+03
1.072565157395255710e+03
1.081212710090919018e+03
1.090135637555761150e+03
1.099329752465583397e+03
1.108790720572509827e+03
1.118514060705043221e+03
1.128495144768010050e+03
1.138729197742615497e+03
1.149211297686349553e+03
1.159936375733138902e+03
1.170899216093137738e+03
1.182094456052898977e+03
1.193516585975373800e+03
1.205159949299760001e+03
1.217018742541673191e+03
1.229087015293032437e+03
1.241358670222117098e+03
1.253827463073548643e+03
1.266487002668289506e+03
1.279330750903644230e+03
1.292352022753258780e+03
1.305543986267139189e+03
1.318899662571614726e+03
9.316626607066116321e+02
9.318240268533675135e+02
9.323080536430552456e+02
9.331145261238777948e+02
9.342430860430113171e+02
9.356932318463577758e+02
9.374643186786784099e+02
9.395555583836122651e+02
9.419660195036005916e+02
9.446946272799625604e+02
9.477401636528004474e+02
9.511012672611134349e+02
9.547764334427029098e+02
9.587640142341911087e+02
9.630622183711352591e+02
9.676691112877998648e+02
9.725826151173653216e+02
9.778005086918899451e+02
9.833204275421772991e+02
9.891398638979277393e+02
9.952561666876628124e+02
1.001666541538725141e+03
1.008368050777373014e+03
1.015357613428610193e+03
1.022632005216337348e+03
1.030187858563256896e+03
1.038021662590949745e+03
1.046129763119836298e+03
1.054508362669101416e+03
1.063153520456864953e+03
1.072061152400048513e+03
1.081227031114375905e+03
1.090646785914486827e+03
1.100315902813804314e+03
1.110229724524572248e+03
1.120383450457950403e+03
1.130772136723862786e+03
1.141390696131130198e+03
1.152233898187356999e+03
1.163296369099024787e+03
1.174572591771455564e+03
1.186056905808811734e+03
1.197743507514038129e+03
1.209626449888996149e+03
1.221699642634348493e+03
1.233956852149617589e+03
1.246391701533108744e+03
1.258997670582061801e+03
1.271768095792443319e+03
1.284696170359192593e+03
9.075482056687746990e+02
9.077045852417503511e+02
9.081736543225625837e+02
9.089552039966216626e+02
9.100488860731085197e+02
9.114542130848235502e+02
9.131705582882242425e+02
9.151971556634066474e+02
9.175330999141426673e+02
9.201773464678618666e+02
9.231287114756506753e+02
9.263858718121961147e+02
9.299473650759750853e+02
9.338115895889889089e+02
9.379768043969722839e+02
9.424411292692411735e+02
9.472025446988254771e+02
9.522588919024315146e+02
9.576078728203848414e+02
9.632470501166683334e+02
9.691738471789032019e+02
9.753855481184434666e+02
9.818792977702248663e+02
9.886521016928592189e+02
9.957008261685965635e+02
1.003022198203401103e+03
1.010612805526856505e+03
1.018469096592165556e+03
1.026587380576264195e+03
1.034963827379707936e+03
1.043594467626689948e+03
1.052475192665080385e+03
1.061601754566424916e+03
1.070969766125851265e+03
1.080574700862276359e+03
1.090411893018123692e+03
1.100476537559586632e+03
1.110763690176459704e+03
1.121268267282194529e+03
1.131985046013918918e+03
1.142908664232398451e+03
1.154033620522113779e+03
1.165354274191088280e+03
1.176864845271097693e+03
1.188559414517574851e+03
1.200431923409553292e+03
1.212476174149704320e+03
1.224685829664489802e+03
1.237054413603895455e+03
1.249575310341583645e+03
8.823124880122842342e+02
8.824640501673192148e+02
8.829186691228869677e+02
8.836761423504905224e+02
8.847361323024452986e+02
8.860981664121254653e+02
8.877616370939070976e+02
8.897258017430166319e+02
8.919897827357013966e+02
8.945525674291540099e+02
8.974130081615309109e+02
9.005698222519527008e+02
9.040215920005039152e+02
9.077667646881764085e+02
9.118036525770017988e+02
9.161304329099190227e+02
9.207451479108499370e+02
9.256457047846424757e+02
9.308298757171465923e+02
9.362952978751574165e+02
9.420394734063771693e+02
9.480597694395858070e+02
9.543534180843948889e+02
9.609175164314743824e+02
9.677490265523829294e+02
9.748447754996428785e+02
9.822014553068356690e+02
9.898156229883359174e+02
9.976837005396342875e+02
1.005801974937090336e+03
1.014166598138065865e+03
1.022773587080829770e+03
1.031618823684671725e+03
1.040698054849807932e+03
1.050006892457399090e+03
1.059540813369627131e+03
1.069295159429543673e+03
1.079265137461239419e+03
1.089445819269731828e+03
1.099832141640983309e+03
1.110418906341938737e+03
1.121200780120507943e+03
1.132172294705526383e+03
1.143327846806831303e+03
1.154661698115167610e+03
1.166167975302282002e+03
1.177840670020903644e+03
1.189673638904632071e+03
1.201660603568124543e+03
1.213795150606927109e+03
8.564048310316820789e+02
8.565517776531237359e+02
8.569925520938568297e+02
8.577269580830488849e+02
8.587546685027783724e+02
8.600752253878454212e+02
8.616880399258661782e+02
8.635923924572921351e+02
8.657874324753530573e+02
8.682721786261140551e+02
8.710455187084183990e+02
8.741062096739256049e+02
8.774528776271305333e+02
8.810840178252495889e+02
8.849979946784666254e+02
8.891930417495738084e+02
8.936672617543118804e+02
8.984186265611810995e+02
9.034449771914978555e+02
9.087440238193570394e+02
9.143133457717074180e+02
9.201503915282197568e+02
9.262524787215131710e+02
9.326167941368718175e+02
9.392403937124527147e+02
9.461202025392291262e+02
9.532530148609339449e+02
9.606354940741728115e+02
9.682641727282922375e+02
9.761354525254924965e+02
9.842456043207713492e+02
9.925907681218859580e+02
1.001166953089466460e+03
1.009970037536883524e+03
1.018995768930418876e+03
1.028239763889056803e+03
1.037697508184616481e+03
1.047364356741752545e+03
1.057235533637879143e+03
1.067306132103283289e+03
1.077571114520992523e+03
1.088025312426888604e+03
1.098663426509593364e+03
1.109480026610640380e+03
1.120469551724265102e+03
1.131626309997576072e+03
1.142944478730479887e+03
1.154418104375660505e+03
1.166041102538618588e+03
1.177807257977690369e+03
8.303540733557875910e+02
8.304966181078157206e+02
8.309241888255579624e+02
8.316365948940642738e+02
8.326335186217193041e+02
8.339145152402807071e+02
8.354790129048410563e+02
8.373263126938846881e+02
8.394555886092121000e+02
8.418658875760532965e+02
8.445561294428785004e+02
8.475251069816446261e+02
8.507714858875866639e+02
8.542938047792935095e+02
8.580904751987455938e+02
8.621597816112588362e+02
8.664998814055593357e+02
8.711088048936517225e+02
8.759844553109132903e+02
8.811246088161510670e+02
8.865269144914312847e+02
8.921888943422876537e+02
8.981079432974562451e+02
9.042813292091977928e+02
9.107061928530507657e+02
9.173795479278510356e+02
9.242982810559207110e+02
9.314591517828603173e+02
9.388587925776239445e+02
9.464937088325578998e+02
9.543602788633620548e+02
9.624547539090333430e+02
9.707732581320366307e+02
9.793117886180955338e+02
9.880662153763257720e+02
9.970322813392158423e+02
1.006205602362588934e+03
1.015581667225641581e+03
1.025155837630923770e+03
1.034923348204301874e+03
1.044879306495090532e+03
1.055018692975901786e+03
1.065336361042701128e+03
1.075827037014808639e+03
1.086485320134954691e+03
1.097305682569128749e+03
1.108282469406806968e+03
1.119409898660705949e+03
1.130682061266914616e+03
1.142092921085027911e+03
8.048052687080181613e+02
8.049435918245725361e+02
8.053584991805754498e+02
8.060498047947058922e+02
8.070171986982282988e+02
8.082602469348595378e+02
8.097783915608260941e+02
8.115709506448259845e+02
8.136371182681045866e+02
8.159759645243221939e+02
8.185864355197244322e+02
8.214673533729713881e+02
8.246174162152518647e+02
8.280351981902640546e+02
8.317191494541779093e+02
8.356675961756158131e+02
8.398787405357855960e+02
8.443506607283476342e+02
8.490813109593963190e+02
8.540685214476297915e+02
8.593099984241803213e+02
8.648033241326515963e+02
8.705459568291757932e+02
8.765352307823567344e+02
8.827683562733454892e+02
8.892424195957081565e+02
8.959543830555768409e+02
9.029010849715367613e+02
9.100792396746252280e+02
9.174854375085033098e+02
9.251161448291895795e+02
9.329677040052880557e+02
9.410363334178365449e+02
9.493181274604201008e+02
9.578090565390386928e+02
9.665049670722585233e+02
9.754015814911554116e+02
9.844944982392196380e+02
9.937791917724894120e+02
1.003251012559492892e+03
1.012905187081211466e+03
1.022736817831173539e+03
1.032740883315417022e+03
1.042912238052394969e+03
1.053245612573088465e+03
1.063735613421006974e+03
1.074376723152094428e+03
1.085163300334859969e+03
1.096089579550247663e+03
1.107149671391709944e+03
7.804293276290840140e+02
7.805635660477227020e+02
7.809662203789571322e+02
7.816371078489700039e+02
7.825759238347131941e+02
7.837822418638703539e+02
7.852555136148945394e+02
7.869950689170460691e+02
7.890001157503169225e+02
7.912697402455061138e+02
7.938029066841636450e+02
7.965984574986274538e+02
7.996551132719673660e+02
8.029714727380602426e+02
8.065460127815716760e+02
8.103770884378604933e+02
8.144629328931310965e+02
8.188016574843762783e+02
8.233912516992631936e+02
8.282295831762857006e+02
8.333143977047257067e+02
8.386433192246158796e+02
8.442138498267960358e+02
8.500233697527809227e+02
8.560691373949680383e+02
8.623482892964678967e+02
8.688578401511600759e+02
8.755946828037129990e+02
8.825555882495640390e+02
8.897372056349013292e+02
8.971360622567013934e+02
9.047485635627481315e+02
9.125709931514999198e+02
9.205995127723174392e+02
9.288301623251792307e+02
9.372588598609656856e+02
9.458814015812890830e+02
9.546934618384739224e+02
9.636905931357091504e+02
9.728682261268961611e+02
9.822216696167060945e+02
9.917461105606168985e+02
1.001436614064838636e+03
1.011288123386388293e+03
1.021295459933014627e+03
1.031453323263273660e+03
1.041756291086471720e+03
1.052198819262703864e+03
1.062775241802834671e+03
1.073479770868440710e+03
7.575862514054657595e+02
7.577164867119184919e+02
7.581071322797660059e+02
7.587580070546285924e+02
7.596688092792570615e+02
7.608391164934195103e+02
7.622683855339952288e+02
7.639559525349378646e+02
7.659010329272556419e+02
7.681027214391443749e+02
7.705599920957411086e+02
7.732716982193892363e+02
7.762365724294303391e+02
7.794532266423553892e+02
7.829201520716537743e+02
7.866357192279830315e+02
7.905981779190369707e+02
7.948056572496019498e+02
7.992561656215760877e+02
8.039475907338934348e+02
8.088776995826000302e+02
8.140441384608342332e+02
8.194444329587516904e+02
8.250759879636954111e+02
8.309360876600067058e+02
8.370218955291571774e+02
8.433304543496736869e+02
8.498586861971944018e+02
8.566033924444127479e+02
8.635612537610958270e+02
8.707288301141412603e+02
8.781025607675209130e+02
8.856787642822420139e+02
8.934536385164241210e+02
9.014232606252789992e+02
9.095835870611305154e+02
9.179304535732815111e+02
9.264595752082414037e+02
9.351665463094983579e+02
9.440468405177094837e+02
9.530958107706055671e+02
9.623086893028963686e+02
9.716805876464983385e+02
9.812064966303637448e+02
9.908812863805375173e+02
1.000699706320100745e+03
1.010656385169284022e+03
1.020745830945391617e+03
1.030962430962764074e+03
1.041300451832834597e+03
7.364683413321509988e+02
7.365945903773839518e+02
7.369732772842212398e+02
7.376042213661738742e+02
7.384871214790299518e+02
7.396215560208551096e+02
7.410069829321059842e+02
7.426427396955356244e+02
7.445280433361745054e+02
7.466619904214061307e+02
7.490435570608914304e+02
7.516715989067014334e+02
7.545448511530897804e+02
7.576619285367200973e+02
7.610213253365524224e+02
7.646214153738620780e+02
7.684604520122396707e+02
7.725365681575718781e+02
7.768477762580801027e+02
7.813919683043195619e+02
7.861669158291419990e+02
7.911702699076954559e+02
7.963995611574811164e+02
8.018521997382966902e+02
8.075254753522737019e+02
8.134165572438215577e+02
8.195224941997215637e+02
8.258402145490132398e+02
8.323665261631086878e+02
8.390981164556970953e+02
8.460315523827830475e+02
8.531632804427052861e+02
8.604896266761367087e+02
8.680067966660279808e+02
8.757108755376444833e+02
8.835978279586242934e+02
8.916634981388256165e+02
8.999036098305358564e+02
9.083137663282817584e+02
9.168894504689243377e+02
9.256260246316401208e+02
9.345187307379774211e+02
9.435626902516673908e+02
9.527529041789080111e+02
9.620842530680988602e+02
9.715514970100305163e+02
9.811492756377901969e+02
9.908721081267419777e+02
1.000714393194622630e+03
1.010670409101445898e+03
7.171180740504800042e+02
7.172403044964426044e+02
7.176069353481769895e+02
7.182177851469759844e+02
7.190725514617497538e+02
7.201708108889874893e+02
7.215120190526628221e+02
7.230955106044044669e+02
7.249204992233065923e+02
7.269860776160991236e+02
7.292912175170348519e+02
7.318347696879262685e+02
7.346154639181653465e+02
7.376319090246852284e+02
7.408825928519983108e+02
7.443658822721582737e+02
7.480800231847789519e+02
7.520231405170155767e+02
7.561932382236781223e+02
7.605881992870043860e+02
7.652057857168870214e+02
7.700436385507410932e+02
7.750992778535229490e+02
7.803701027178059348e+02
7.858533912636858076e+02
7.915463006387994938e+02
7.974458670183821596e+02
8.035490056052291266e+02
8.098525106296771128e+02
8.163530553496040056e+02
8.230471920504669470e+02
8.299313520453210913e+02
8.370018456747251321e+02
8.442548623068356619e+02
8.516864703373320253e+02
8.592926171894911249e+02
8.670691293141507003e+02
8.750117121896513481e+02
8.831159503219320186e+02
8.913773072445488879e+02
8.997911255185044865e+02
9.083526267324751871e+02
9.170569115026030431e+02
9.258989594726282348e+02
9.348736293138319979e+02
9.439756587251508790e+02
9.531996644329485662e+02
9.625401421912252999e+02
9.719914667815032772e+02
9.815478920129028211e+02
6.992481525654739016e+02
6.993663227745704489e+02
6.997207723952101333e+02
7.003113184074246647e+02
7.011376557778513643e+02
7.021993574599036947e+02
7.034958743936196015e+02
7.050265355057186980e+02
7.067905477096019240e+02
7.087869959053895172e+02
7.110148429797504832e+02
7.134729298062060252e+02
7.161599752448069012e+02
7.190745761423613658e+02
7.222152073323400145e+02
7.255802216348760112e+02
7.291678498567648603e+02
7.329762007915405775e+02
7.370032612193616615e+02
7.412468959070869232e+02
7.457048476082187562e+02
7.503747370629790794e+02
7.552540629982521523e+02
7.603402021275845755e+02
7.656304091512046170e+02
7.711218167560597294e+02
7.768114356157033171e+02
7.826961543904076279e+02
7.887727397271078189e+02
7.950378362594771033e+02
8.014879666077755473e+02
8.081195313789445436e+02
8.149288091666827540e+02
8.219119565513134376e+02
8.290650080998412932e+02
8.363838763659524602e+02
8.438643518900145182e+02
8.515021031990196434e+02
8.592926768067172816e+02
8.672314972135192193e+02
8.753138669064431951e+02
8.835349663593206060e+02
8.918898540324752275e+02
9.003734663730634793e+02
9.089806178148478466e+02
9.177060007783097717e+02
9.265441856705365353e+02
9.354896208853725739e+02
9.445366328033060199e+02
9.536794257914493755e+02
6.824963388765278296e+02
6.826104069647840333e+02
6.829525495668539179e+02
6.835225816947172461e+02
6.843201950349756544e+02
6.853449579488332120e+02
6.865963154721915771e+02
6.880735893155360827e+02
6.897759778640685226e+02
6.917025561775366214e+02
6.938522759903852375e+02
6.962239657116811031e+02
6.988163304251315822e+02
7.016279518890845566e+02
7.046572885365284264e+02
7.079026754750733517e+02
7.113623244869889959e+02
7.150343240291855409e+02
7.189166392332140276e+02
7.230071119052278164e+02
7.273034605260590979e+02
7.318032802511424961e+02
7.365040429106102238e+02
7.414030970091781683e+02
7.464976677262219482e+02
7.517848569157573593e+02
7.572616431064224116e+02
7.629248815015140508e+02
7.687713039789892946e+02
7.747975190913507504e+02
7.810000120658552305e+02
7.873751448043435630e+02
7.939191558832779947e+02
8.006281605538182475e+02
8.074981507416888462e+02
8.145249950473120180e+02
8.217044387457121957e+02
8.290321037865737708e+02
8.365034887942215391e+02
8.441139690676019427e+02
8.518587965803211546e+02
8.597330999805876672e+02
8.677318845913077894e+02
8.758500324099713907e+02
8.840823021087279585e+02
8.924233290343673843e+02
9.008676252083205327e+02
9.094095793266774308e+02
9.180434567600930222e+02
9.267633995539388252e+02
6.664313203866640833e+02
6.665412867787949835e+02
6.668711235844284602e+02
6.674206436914005280e+02
6.681895352460097683e+02
6.691773616530932713e+02
6.703835615760643805e+02
6.718074489368556215e+02
6.734482129158626549e+02
6.753049179520947973e+02
6.773765037430621305e+02
6.796617852447942596e+02
6.821594526718589577e+02
6.848680714973625072e+02
6.877860824529117281e+02
6.909118015286898071e+02
6.942434199733611422e+02
6.977790042941857109e+02
7.015164962568670717e+02
7.054537128857040216e+02
7.095883464634956681e+02
7.139179645315986136e+02
7.184400098898701117e+02
7.231518005967055842e+02
7.280505299690768197e+02
7.331332665823803154e+02
7.383969542706646507e+02
7.438384121264220994e+02
7.494543345006832169e+02
7.552412910030739113e+02
7.611957265016826568e+02
7.673139611231741810e+02
7.735921902526948770e+02
7.800264845339484054e+02
7.866127898691767086e+02
7.933469274191603517e+02
8.002245936031613383e+02
8.072413600990179248e+02
8.143926738430877776e+02
8.216738570302292146e+02
8.290801071138957923e+02
8.366064968060223919e+02
8.442479740770826311e+02
8.519993621560691963e+02
8.598553595304944110e+02
8.678105399464849370e+02
8.758593524085919171e+02
8.839961211799618468e+02
8.922150457822416456e+02
9.005102009956355005e+02
6.505621576072447851e+02
6.506680923708169075e+02
6.509858335910129199e+02
6.515151920561947918e+02
6.522558524136646838e+02
6.532073731696831373e+02
6.543691866893558426e+02
6.557405991967470982e+02
6.573207907748610523e+02
6.591088153656036184e+02
6.611036007698013464e+02
6.633039486472019917e+02
6.657085345164924775e+02
6.683159077552431881e+02
6.711244915999827754e+02
6.741325831461230109e+02
6.773383533480341612e+02
6.807398470190074704e+02
6.843349828311980900e+02
6.881215533157766231e+02
6.920972248627587078e+02
6.962595377211187042e+02
7.006059059986947659e+02
7.051336176623408392e+02
7.098398345377366923e+02
7.147215923095586732e+02
7.197758005213662500e+02
7.249992425756394141e+02
7.303885757337980067e+02
7.359403311161637475e+02
7.416509137019792206e+02
7.475166023294264050e+02
7.535335496955894996e+02
7.596977823564733399e+02
7.660052007270413696e+02
7.724515790811400393e+02
7.790325655515175640e+02
7.857436821299188523e+02
7.925803246669337341e+02
7.995377628720916618e+02
8.066111403138430660e+02
8.137954744196349566e+02
8.210856564756833222e+02
8.284764516272957735e+02
8.359624988785677715e+02
8.435383110925537267e+02
8.511982749912855297e+02
8.589366511556401065e+02
8.667475740254531047e+02
8.746250518994808090e+02
6.345003842428695862e+02
6.346024231474794988e+02
6.349084761241670094e+02
6.354183519615995692e+02
6.361317319741033316e+02
6.370481700018141282e+02
6.381670924106780376e+02
6.394877980922236702e+02
6.410094584639219875e+02
6.427311174688460369e+02
6.446516915758783171e+02
6.467699697796925875e+02
6.490846136006590541e+02
6.515941570849008713e+02
6.542970068043132414e+02
6.571914418565256710e+02
6.602756138649397144e+02
6.635475469786721305e+02
6.670051378726308258e+02
6.706461557474767687e+02
6.744682423295671470e+02
6.784689118710313096e+02
6.826455511498276110e+02
6.869954194695159231e+02
6.915156486595795968e+02
6.962032430751037282e+02
7.010550795970024183e+02
7.060679076319237311e+02
7.112383491122878922e+02
7.165628984962305594e+02
7.220379227676213532e+02
7.276596614361588991e+02
7.334242265372381553e+02
7.393276026319881566e+02
7.453656468073290853e+02
7.515340886759153136e+02
7.578285303761541627e+02
7.642444465722254563e+02
7.707771844539857966e+02
7.774219637371402314e+02
7.841738766630707005e+02
7.910278879989505185e+02
7.979788350377058350e+02
8.050214275979973308e+02
8.121502480242005504e+02
8.193597511865391425e+02
8.266442644808572595e+02
8.339979878288849022e+02
8.414149936780100916e+02
8.488892270014313226e+02
6.181399381822151327e+02
6.182382661244597557e+02
6.185331855215091537e+02
6.190245030842902452e+02
6.197118966642847226e+02
6.205949152536428528e+02
6.216729789850509178e+02
6.229453791319011771e+02
6.244112781080843888e+02
6.260697094681783028e+02
6.279195779073347694e+02
6.299596592612791710e+02
6.321886005064243363e+02
6.346049197597002376e+02
6.372070062787050801e+02
6.399931204616299283e+02
6.429613938472584778e+02
6.461098291149672832e+02
6.494363000848011325e+02
6.529385517173219569e+02
6.566142001137601483e+02
6.604607325159577158e+02
6.644755073063303143e+02
6.686557540078865713e+02
6.729985732843033475e+02
6.775009369398313765e+02
6.821596879192762799e+02
6.869715403081310114e+02
6.919330793324434126e+02
6.970407613589107996e+02
7.022909138948042482e+02
7.076797355879685938e+02
7.132032962269363452e+02
7.188575367407944441e+02
7.246382691992229184e+02
7.305411768125887875e+02
7.365618139317007262e+02
7.426956060481870736e+02
7.489378497941174828e+02
7.552837129422300677e+02
7.617282344058935450e+02
7.682663242390314053e+02
7.748927636361789837e+02
7.816022049325397347e+02
7.883891716038154982e+02
7.952480582664520625e+02
8.021731306773366441e+02
8.091585257341383794e+02
8.161982514750055770e+02
8.232861870787360203e+02
6.014285732725094249e+02
6.015234194174089453e+02
6.018078926315979515e+02
6.022817972537003470e+02
6.029448071814726973e+02
6.037964658717100974e+02
6.048361863402647032e+02
6.060632511621028016e+02
6.074768124713235693e+02
6.090758919610266275e+02
6.108593808834447145e+02
6.128260400499053731e+02
6.149744998307937749e+02
6.173032601555897827e+02
6.198106905128876178e+02
6.224950299503007045e+02
6.253543870745943423e+02
6.283867400515722466e+02
6.315899366061520368e+02
6.349616940223276060e+02
6.384995991431688935e+02
6.422011083708601973e+02
6.460635476666425348e+02
6.500841125508713958e+02
6.542598681029213594e+02
6.585877489613380931e+02
6.630645593237053390e+02
6.676869729466829995e+02
6.724515331460642074e+02
6.773546527966800568e+02
6.823926143324380291e+02
6.875615697464164668e+02
6.928575405906750575e+02
6.982764179764066057e+02
7.038139625738987206e+02
7.094658046125156261e+02
7.152274438806784929e+02
7.210942497259603670e+02
7.270614610549159806e+02
7.331241863333085576e+02
7.392774035859019932e+02
7.455159603965549877e+02
7.518345739082405998e+02
7.582278308230078210e+02
7.646901874019628167e+02
7.712159694653450970e+02
7.777993723924510050e+02
7.844344611216342855e+02
7.911151701504005587e+02
7.978353035353128462e+02
5.845364202634565345e+02
5.846280008687662075e+02
5.849026765322188339e+02
5.853602487964243437e+02
5.860003868990020237e+02
5.868226277726952276e+02
5.878263760452000497e+02
5.890109040393932673e+02
5.903753517731047396e+02
5.919187269593256815e+02
5.936399050059814044e+02
5.955376290161780162e+02
5.976105097879932373e+02
5.998570258145908838e+02
6.022755232842200712e+02
6.048642160801401815e+02
6.076211857806773651e+02
6.105443816592620578e+02
6.136316206843540613e+02
6.168805875194228747e+02
6.202888345230993536e+02
6.238537817489486770e+02
6.275727169456786214e+02
6.314427955570826043e+02
6.354610407218880255e+02
6.396243432740030812e+02
6.439294617423266800e+02
6.483730223508246127e+02
6.529515190185861684e+02
6.576613133596348462e+02
6.624986346831747142e+02
6.674595799933816807e+02
6.725401139895362803e+02
6.777360690659482998e+02
6.830431453119937260e+02
6.884569105121537405e+02
6.939728001458812514e+02
6.995861173877528927e+02
7.052920331073740954e+02
7.110855858694170593e+02
7.169616819336397384e+02
7.229150952547532825e+02
7.289404674826869268e+02
7.350323079622853584e+02
7.411849937335356344e+02
7.473927695314538369e+02
7.536497477861227026e+02
7.599499086226538793e+02
7.662870998612447693e+02
7.726550370171972872e+02
5.677799119322344268e+02
5.678683935953093851e+02
5.681337713327631036e+02
5.685758433890176775e+02
5.691942735048201030e+02
5.699885909172053289e+02
5.709581903595525318e+02
5.721023320614904151e+02
5.734201417489922505e+02
5.749106106442619648e+02
5.765725954659236550e+02
5.784048184287561298e+02
5.804058672439585962e+02
5.825741951189419296e+02
5.849081207574803329e+02
5.874058283596165211e+02
5.900653676216999202e+02
5.928846537364051983e+02
5.958614673926376781e+02
5.989934547756851089e+02
6.022781275670846526e+02
6.057128629446802961e+02
6.092949035826222826e+02
6.130213576513862108e+02
6.168891988176786754e+02
6.208952662445881288e+02
6.250362645914719906e+02
6.293087640139560790e+02
6.337092001639538239e+02
6.382338741897987120e+02
6.428789527359791691e+02
6.476404679433661613e+02
6.525143174491366835e+02
6.574962643866797407e+02
6.625819373857856363e+02
6.677668305725129585e+02
6.730463035691892628e+02
6.784155814945052043e+02
6.838697549633442350e+02
6.894037800870099773e+02
6.950124784730368219e+02
7.006905372252845154e+02
7.064325089439004159e+02
7.122328117253194932e+02
7.180857291622828598e+02
7.239854103438764241e+02
7.299258698554353941e+02
7.359009877786206744e+02
7.419045096913615680e+02
7.479300466679509327e+02
5.514561488376065199e+02
5.515416400285365626e+02
5.517980450868359412e+02
5.522251584689760193e+02
5.528226376023136481e+02
5.535900028852628338e+02
5.545266376871609282e+02
5.556317883483075093e+02
5.569045641799826853e+02
5.583439374644095778e+02
5.599487434547919520e+02
5.617176803752954584e+02
5.636493094210474055e+02
5.657420547581560868e+02
5.679942035236725815e+02
5.704039058256284989e+02
5.729691747430175610e+02
5.756878863257574039e+02
5.785577795948029234e+02
5.815764565420332701e+02
5.847413821303083523e+02
5.880498842933926653e+02
5.914991539361077457e+02
5.950862449341798310e+02
5.988080741343347881e+02
6.026614213542226253e+02
6.066429293825118521e+02
6.107491039787570344e+02
6.149763138735503389e+02
6.193207907684458178e+02
6.237786293358832381e+02
6.283457872193972662e+02
6.330180850333514400e+02
6.377912063631659976e+02
6.426606977652037358e+02
6.476219687667518201e+02
6.526702918661158037e+02
6.578008025325440258e+02
6.630084992062469382e+02
6.682882432984342813e+02
6.736347591912021926e+02
6.790426342377031688e+02
6.845063187619757628e+02
6.900201260590771426e+02
6.955782323950074897e+02
7.011746770067285297e+02
7.068033621021830868e+02
7.124580528602564300e+02
7.181323774308339125e+02
7.238198269347245741e+02
5.357777000502134115e+02
5.358602389851322414e+02
5.361077859252153530e+02
5.365201312763284704e+02
5.370969257149340592e+02
5.378376801880904168e+02
5.387417659134333690e+02
5.398084143791569431e+02
5.410367173441272826e+02
5.424256268377121160e+02
5.439739551598753451e+02
5.456803748812149024e+02
5.475434188428683910e+02
5.495614801565883454e+02
5.517328122047047145e+02
5.540555286401058765e+02
5.565276033862952545e+02
5.591468706373916575e+02
5.619110248580341249e+02
5.648176207834959541e+02
5.678640734196088715e+02
5.710476580428197622e+02
5.743655102001335990e+02
5.778146257091520965e+02
5.813918606580538153e+02
5.850939314056328158e+02
5.889174145812413599e+02
5.928587470848091243e+02
5.969142260868997028e+02
6.010800090286352315e+02
6.053521136216772902e+02
6.097264178483404748e+02
6.141986599615355544e+02
6.187644384846748835e+02
6.234192122118239467e+02
6.281583002076445155e+02
6.329768818073375769e+02
6.378699966167005186e+02
6.428325445121458870e+02
6.478592856406635292e+02
6.529448404197827358e+02
6.580836895376668281e+02
6.632701739530943996e+02
6.684984948953646153e+02
6.737627138643537137e+02
6.790567526306290347e+02
6.843743932352405182e+02
6.897092779898154049e+02
6.950549094766907956e+02
7.004046505486485330e+02
5.209400697665387270e+02
5.210196222056234774e+02
5.212582083092532912e+02
5.216556144367056049e+02
5.222114845200280797e+02
5.229253200641513786e+02
5.237964801467569487e+02
5.248241814184098075e+02
5.260074981025203442e+02
5.273453619952874760e+02
5.288365624657558328e+02
5.304797464557774447e+02
5.322734184800689263e+02
5.342159406261354206e+02
5.363055325543465415e+02
5.385402714978605445e+02
5.409180922627191421e+02
5.434367872277144897e+02
5.460940063445605119e+02
5.488872571377404483e+02
5.518139047045451662e+02
5.548711717151491030e+02
5.580561384125340965e+02
5.613657426125087113e+02
5.647967797036889124e+02
5.683459026475551354e+02
5.720096219783764582e+02
5.757843058033055286e+02
5.796661798022834091e+02
5.836513272280589035e+02
5.877356889062829168e+02
5.919150632353193942e+02
5.961851061864914527e+02
6.005413313038729939e+02
6.049791097043643049e+02
6.094936700777301439e+02
6.140800986865239111e+02
6.187333393661447190e+02
6.234481935248558102e+02
6.282193201437090693e+02
6.330412357765643492e+02
6.379083145501454055e+02
6.428147881640219339e+02
6.477547458905140729e+02
6.527221345748822614e+02
6.577107586350999782e+02
6.627142800620617891e+02
6.677262184194319161e+02
6.727399508437201803e+02
6.777487120442818878e+02
5.069416039921558195e+02
5.070181139082970958e+02
5.072475711525801785e+02
5.076297582126206294e+02
5.081643125677335888e+02
5.088507266889905623e+02
5.096883480392003776e+02
5.106763790729094694e+02
5.118138772363825524e+02
5.130997549676218341e+02
5.145327796963670153e+02
5.161115738441139911e+02
5.178346148240583489e+02
5.197002350411329417e+02
5.217066218920081155e+02
5.238518177651106953e+02
5.261337200405856720e+02
5.285500810903348565e+02
5.310985082779211552e+02
5.337764639587021520e+02
5.365812654798105541e+02
5.395100851800028749e+02
5.425599503898675948e+02
5.457277434316551989e+02
5.490102016194290400e+02
5.524039172588951487e+02
5.559053376475920913e+02
5.595107650746816716e+02
5.632163568211581151e+02
5.670181251596962966e+02
5.709119373547272289e+02
5.748935156624194178e+02
5.789584373306221323e+02
5.831021345990166083e+02
5.873198946989077740e+02
5.916068598534328657e+02
5.959580272774095420e+02
6.003682491773739685e+02
6.048322327516567611e+02
6.093445401902878302e+02
6.138995886750157069e+02
6.184916503793450602e+02
6.231148524684803078e+02
6.277631770994389626e+02
6.324304614209003148e+02
6.371103975732997924e+02
6.417965326888103164e+02
6.464822688913424145e+02
6.511608632965059087e+02
6.558254280116860855e+02
4.936503733494532753e+02
4.937237954113887213e+02
4.939439878989825274e+02
4.943107297173506822e+02
4.948236523751271534e+02
4.954822399843881726e+02
4.962858292606142641e+02
4.972336095227470878e+02
4.983246226932085960e+02
4.995577632978248630e+02
5.009317784658643404e+02
5.024452679300755449e+02
5.040966840266492000e+02
5.058843316951613929e+02
5.078063684787252896e+02
5.098608045238203204e+02
5.120455025804441220e+02
5.143581780019607095e+02
5.167963987452139918e+02
5.193575853705093550e+02
5.220390110415943354e+02
5.248378015256207618e+02
5.277509351932773143e+02
5.307752430185814774e+02
5.339074085790684876e+02
5.371439680557159591e+02
5.404813102329247840e+02
5.439156764985378913e+02
5.474431608438786725e+02
5.510597098636745841e+02
5.547611227561143323e+02
5.585430513228478731e+02
5.624009999689670849e+02
5.663303257029687074e+02
5.703262381368480192e+02
5.743837994860049321e+02
5.784979245693193661e+02
5.826633808090946332e+02
5.868747882310761952e+02
5.911266194644516645e+02
5.954131997418888886e+02
5.997287068994978654e+02
6.040671713767741267e+02
6.084224762166741129e+02
6.127883570656914571e+02
6.171584021736672412e+02
6.215260523938846973e+02
6.258846011831451506e+02
6.302271946016352331e+02
6.345468313130405704e+02
4.809089794998726575e+02
4.809792946712339585e+02
4.811901653980991114e+02
4.815413673187738937e+02
4.820325264971264119e+02
4.826631194225493573e+02
4.834324730099789349e+02
4.843397645998948065e+02
4.853840219583389626e+02
4.865641232768969644e+02
4.878787971726410433e+02
4.893266226882436172e+02
4.909060292919207313e+02
4.926152968773749308e+02
4.944525557639281033e+02
4.964157866963508354e+02
4.985028208450519855e+02
5.007113398059648830e+02
5.030388756004905417e+02
5.054828106756493185e+02
5.080403779039670553e+02
5.107086605835509658e+02
5.134845924379950475e+02
5.163649576164743848e+02
5.193463906937078036e+02
5.224253766699386006e+02
5.255982509709534725e+02
5.288611994481016154e+02
5.322102583782566398e+02
5.356413144638357835e+02
5.391501048327995704e+02
5.427322170386711377e+02
5.463830890604791648e+02
5.500980093028337023e+02
5.538721165958691017e+02
5.577004001952635690e+02
5.615776997822005114e+02
5.654987054634830201e+02
5.694579577714004017e+02
5.734498476638046895e+02
5.774686165240723312e+02
5.815083561611610321e+02
5.855630088095343808e+02
5.896263671291990249e+02
5.936920742057433245e+02
5.977536235502233239e+02
6.018043590993139560e+02
6.058374752152341216e+02
6.098460166856701790e+02
6.138228787238896302e+02
4.685223974025423672e+02
4.685896479458051544e+02
4.687913237392535848e+02
4.691271972740006504e+02
4.695968893685744661e+02
4.701998691688800136e+02
4.709354541482563263e+02
4.718028101074196456e+02
4.728009511745009377e+02
4.739287398050843194e+02
4.751848867820740452e+02
4.765679512158081934e+02
4.780763405440969223e+02
4.797083105320704135e+02
4.814619652722929573e+02
4.833352571847436820e+02
4.853259870168168391e+02
4.874318038432837170e+02
4.896502050663305567e+02
4.919785364155775937e+02
4.944139919480031722e+02
4.969536140480007020e+02
4.995942934274353320e+02
5.023327691254735328e+02
5.051656285087536276e+02
5.080893072713100196e+02
5.111000894345920642e+02
5.141941073474072255e+02
5.173673416860348198e+02
5.206156214540934570e+02
5.239346239826545570e+02
5.273198749301665202e+02
5.307667482825119123e+02
5.342704663529881373e+02
5.378260997822129639e+02
5.414285675383325724e+02
5.450726369167758776e+02
5.487529235404812198e+02
5.524638913597451619e+02
5.561998526522415887e+02
5.599549680231158391e+02
5.637232464048906877e+02
5.674985450574467905e+02
5.712745695681368261e+02
5.750448738517283118e+02
5.788028601502901438e+02
5.825417790334009851e+02
5.862547293980165932e+02
5.899346584684886921e+02
5.935743617965650856e+02
4.562862341741151795e+02
4.563505301521407205e+02
4.565433411617808019e+02
4.568644364294982552e+02
4.573134313328447433e+02
4.578897874003283732e+02
4.585928123114702544e+02
4.594216598968235417e+02
4.603753301378977199e+02
4.614526691672722336e+02
4.626523692685016727e+02
4.639729688761349280e+02
4.654128525757528223e+02
4.669702511038925081e+02
4.686432413481800836e+02
4.704297463471789342e+02
4.723275352904844340e+02
4.743342235187052438e+02
4.764472725234251129e+02
4.786639899472978072e+02
4.809815295839143801e+02
4.833968913778979299e+02
4.859069214248847857e+02
4.885083119715052931e+02
4.911976014154220138e+02
4.939711743052915267e+02
4.968252613407267972e+02
4.997559393724486654e+02
5.027591314020961590e+02
5.058306065823595645e+02
5.089659802169042564e+02
5.121607137604277113e+02
5.154101148186404089e+02
5.187093371482470729e+02
5.220533806569278568e+02
5.254370914034325324e+02
5.288551615974483866e+02
5.323021295997136804e+02
5.357723799219987768e+02
5.392601432270112127e+02
5.427594963284908545e+02
5.462643621912093295e+02
5.497685099309327370e+02
5.532655548144020941e+02
5.567489582594475905e+02
5.602120278347797466e+02
5.636479172602358858e+02
5.670496264065908463e+02
5.704100012956132559e+02
5.737217341001800150e+02
4.441237223081202501e+02
4.441852065525798139e+02
4.443695811821915527e+02
4.446766118856923526e+02
4.451059081443607397e+02
4.456569232319604339e+02
4.463289542147587667e+02
4.471211419515460079e+02
4.480324710935785220e+02
4.490617700846352705e+02
4.502077111610181532e+02
4.514688103514951649e+02
4.528434274773947550e+02
4.543297661524927094e+02
4.559258737830873542e+02
4.576296415680189966e+02
4.594388044985558963e+02
4.613509413585271659e+02
4.633634747242846288e+02
4.654736709646082318e+02
4.676786402408386607e+02
4.699753365068204403e+02
4.723605575089019339e+02
4.748309447859165857e+02
4.773829836691637070e+02
4.800130032825601347e+02
4.827171765424130285e+02
4.854915201576091022e+02
4.883318946295010505e+02
4.912340042519455210e+02
4.941933971113219854e+02
4.972054650865136978e+02
5.002654438488699498e+02
5.033684128623386869e+02
5.065092953832390776e+02
5.096828584604887737e+02
5.128837129354906210e+02
5.161063134421510767e+02
5.193449584068426930e+02
5.225937900485178034e+02
5.258467943785376519e+02
5.290978012008812357e+02
5.323404841119175899e+02
5.355683605006144035e+02
5.387747915483865881e+02
5.419529822291527807e+02
5.450959813093542152e+02
5.481966813479743905e+02
5.512478186964054885e+02
5.542419734986197000e+02
4.320424507782074102e+02
4.321012758924022705e+02
4.322776718259244149e+02
4.325714003515296895e+02
4.329820644238111527e+02
4.335091081792749605e+02
4.341518169361885953e+02
4.349093171946757934e+02
4.357805766367732758e+02
4.367644041262981887e+02
4.378594497089238757e+02
4.390642046121797648e+02
4.403770012454136236e+02
4.417960131998863176e+02
4.433192552486199816e+02
4.449445833465119904e+02
4.466696946303348454e+02
4.484921274186604023e+02
4.504092612119355294e+02
4.524183166924634065e+02
4.545163557243275250e+02
4.567002813535054884e+02
4.589668378078499700e+02
4.613126104969940684e+02
4.637340260124081510e+02
4.662273521275134271e+02
4.687886977974547449e+02
4.714140131592898797e+02
4.740990895318948901e+02
4.768395594160020892e+02
4.796308964941620729e+02
4.824684156308383649e+02
4.853472728722370562e+02
4.882624654464962077e+02
4.912088317635910357e+02
4.941810514152772384e+02
4.971736451751856407e+02
5.001809749988599947e+02
5.031972440235676913e+02
5.062164965685269635e+02
5.092326181347175407e+02
5.122393354050321932e+02
5.152302162441818609e+02
5.181986696986958805e+02
5.211379459969975869e+02
5.240411365492908544e+02
5.269011739477112997e+02
5.297108319661560927e+02
5.324627255604355014e+02
5.351493108681211197e+02
4.200808044766783382e+02
4.201371163384426950e+02
4.203059710781644753e+02
4.205871261591482835e+02
4.209801773535370444e+02
4.214845587423496909e+02
4.220995427154624053e+02
4.228242399716085060e+02
4.236575995184163617e+02
4.245984086722955908e+02
4.256452930586078764e+02
4.267967166115151372e+02
4.280509815740932140e+02
4.294062284981994821e+02
4.308604362446620257e+02
4.324114219830714205e+02
4.340568411919131790e+02
4.357941876585679779e+02
4.376207934792546439e+02
4.395338290589923531e+02
4.415303031117900900e+02
4.436070626604002314e+02
4.457607930365270477e+02
4.479880178806373010e+02
4.502850991421307185e+02
4.526482370792829784e+02
4.550734702591701648e+02
4.575566755577445406e+02
4.600935681599101486e+02
4.626797015592576940e+02
4.653104675584245342e+02
4.679810962687535039e+02
4.706866561105774167e+02
4.734220538130102796e+02
4.761820344140422208e+02
4.789611812605395471e+02
4.817539160082446870e+02
4.845544986217001906e+02
4.873570273743628718e+02
4.901554388485654385e+02
4.929435079354410050e+02
4.957148478350177356e+02
4.984629100562187887e+02
5.011809844167676715e+02
5.038621990432829989e+02
5.064995203712404077e+02
5.090857531449728413e+02
5.116135404176891939e+02
5.140753635514366806e+02
5.164635422171386381e+02
4.083506443077074550e+02
4.084045410104693019e+02
4.085661487790162028e+02
4.088352205940377075e+02
4.092113447567082289e+02
4.096939448886587343e+02
4.102822799320430818e+02
4.109754441494146704e+02
4.117723671238309180e+02
4.126718137587961905e+02
4.136723842783567306e+02
4.147725142269109710e+02
4.159704744694560645e+02
4.172643711913413540e+02
4.186521458984581727e+02
4.201315754171635604e+02
4.217002718942239881e+02
4.233556827969853771e+02
4.250950909131461231e+02
4.269156143509462709e+02
4.288142065390919129e+02
4.307876562267172744e+02
4.328325874834415004e+02
4.349454596994064559e+02
4.371225675851633241e+02
4.393600411717291649e+02
4.416538458106439862e+02
4.439997821738946300e+02
4.463934862538962989e+02
4.488304293635868021e+02
4.513059181363321954e+02
4.538150945260213120e+02
4.563529358069520754e+02
4.589142545739642856e+02
4.614936987422689754e+02
4.640857515476568551e+02
4.666847315462897541e+02
4.692847926148715487e+02
4.718799239505718219e+02
4.744639500709316167e+02
4.770305308141094542e+02
4.795731613386351455e+02
4.820851721235233640e+02
4.845597289682928022e+02
4.869898329928711291e+02
4.893683206377280044e+02
4.916878636637420641e+02
4.939409691523337642e+02
4.961199795052758645e+02
4.982170724449398449e+02
3.969769474102804452e+02
3.970284709529323663e+02
3.971829577789473547e+02
3.974401564824650563e+02
3.977996480536963304e+02
3.982608458789703150e+02
3.988229957406872472e+02
3.994851758173657004e+02
4.002462966835575457e+02
4.011051013099897204e+02
4.020601650634034741e+02
4.031098957066774346e+02
4.042525333987138652e+02
4.054861506946281224e+02
4.068086525455214542e+02
4.082177762986134439e+02
4.097110916972421251e+02
4.112860008807880945e+02
4.129397383847314700e+02
4.146693711407086198e+02
4.164717984763986465e+02
4.183437521155042305e+02
4.202817961779601319e+02
4.222823271796680160e+02
4.243415740326857417e+02
4.264555980451329447e+02
4.286202929212663548e+02
4.308313847613855501e+02
4.330844320618704728e+02
4.353748257152385008e+02
4.376977890100495756e+02
4.400483776310200597e+02
4.424214796588898935e+02
4.448118155705363392e+02
4.472139382388793933e+02
4.496222329329763738e+02
4.520309173179460345e+02
4.544340414550258060e+02
4.568254878015143845e+02
4.591989712108291428e+02
4.615480389324488897e+02
4.638660706119708266e+02
4.661462782910537612e+02
4.683817064074560221e+02
4.705652317950352881e+02
4.726895636837676875e+02
4.747472436996720830e+02
4.767306458648477019e+02
4.786319765975690643e+02
4.804432747120775389e+02
3.860134399103666851e+02
3.860625992223655771e+02
3.862099919955994665e+02
3.864553627418937936e+02
3.867982856475862263e+02
3.872381645735648021e+02
3.877742330552204635e+02
3.884055543025131669e+02
3.891310211999249873e+02
3.899493563065163926e+02
3.908591118557940831e+02
3.918586697558907872e+02
3.929462415894230958e+02
3.941198686135862772e+02
3.953774217600312113e+02
3.967166016350726636e+02
3.981349385194334900e+02
3.996297923684626880e+02
4.011983528120026676e+02
4.028376391544459807e+02
4.045445003746976909e+02
4.063156151262508615e+02
4.081474917370731532e+02
4.100364682097392688e+02
4.119787122212794088e+02
4.139702211233118874e+02
4.160068219420243736e+02
4.180841713780409918e+02
4.201977558065929657e+02
4.223428912774427886e+02
4.245147235149223093e+02
4.267082279177809028e+02
4.289182095594317730e+02
4.311393031877628346e+02
4.333659732252120307e+02
4.355925137687677307e+02
4.378130485899116024e+02
4.400215311346944986e+02
4.422117445237176980e+02
4.443773015521135790e+02
4.465116446894891737e+02
4.486080460800583865e+02
4.506596075425856611e+02
4.526592605702906553e+02
4.545997663310193388e+02
4.564737156670540799e+02
4.582735290953033882e+02
4.599914568071881149e+02
4.616195786686413385e+02
4.631498042201466205e+02
3.754644221217991458e+02
3.755112083773137215e+02
3.756514807787614814e+02
3.758849802308550920e+02
3.762112749081533707e+02
3.766297602550139345e+02
3.771396589856124137e+02
3.777400210839421675e+02
3.784297238038145110e+02
3.792074716688489389e+02
3.800717964724924514e+02
3.810210572780192706e+02
3.820534404185025323e+02
3.831669594968427077e+02
3.843594553857485607e+02
3.856285962277278827e+02
3.869718774351724733e+02
3.883866216902068231e+02
3.898699789448490378e+02
3.914189264208782220e+02
3.930302686098912091e+02
3.947006372733691819e+02
3.964264914425068014e+02
3.982041174184018928e+02
4.000296287719417592e+02
4.018989663438030107e+02
4.038078982445464931e+02
4.057520198544466439e+02
4.077267538237189797e+02
4.097273500722924950e+02
4.117488857899616050e+02
4.137862654363478327e+02
4.158342207408243780e+02
4.178873107026864204e+02
4.199399215909427880e+02
4.219862669445054166e+02
4.240203875720378051e+02
4.260361515520496027e+02
4.280272542328589225e+02
4.299872182326301413e+02
4.319093934392791994e+02
4.337869570106060451e+02
4.356129133742001613e+02
4.373800942274594377e+02
4.390811585376468429e+02
4.407085925417391081e+02
4.422547097466538730e+02
4.437116509290414683e+02
4.450713841353983184e+02
4.463257046820103824e+02
3.653122395172374581e+02
3.653566385490307766e+02
3.654897482664978270e+02
3.657113065358904009e+02
3.660208764676061151e+02
3.664178464161977899e+02
3.669014299804018719e+02
3.674706660031290539e+02
3.681244185713978823e+02
3.688613770164579364e+02
3.696800559136572133e+02
3.705787950825462644e+02
3.715557595868214662e+02
3.726089397343438918e+02
3.737361510771393114e+02
3.749350344113888127e+02
3.762030557774664885e+02
3.775375064598354697e+02
3.789355029871899205e+02
3.803939871323602233e+02
3.819097259123509502e+02
3.834793115883219912e+02
3.850991616655695111e+02
3.867655188936017225e+02
3.884744512660442410e+02
3.902218520206967582e+02
3.920034396395142835e+02
3.938147578486829730e+02
3.956511756184302726e+02
3.975078871632149458e+02
3.993799119416887038e+02
4.012620946566016755e+02
4.031491052548972220e+02
4.050354389276549227e+02
4.069154161101853902e+02
4.087831824818787823e+02
4.106327089662992762e+02
4.124577917312232671e+02
4.142520521885444396e+02
4.160089369943686393e+02
4.177217180488810300e+02
4.193834924965169080e+02
4.209871827258098165e+02
4.225255363694486732e+02
4.239911263043723011e+02
4.253763506516179405e+02
4.266734327763212491e+02
4.278744212879435622e+02
4.289711900399500450e+02
4.299554381300367822e+02
3.554855838223242586e+02
3.555276103928406428e+02
3.556536018598516762e+02
3.558632934896574511e+02
3.561562440594817076e+02
3.565318358573961177e+02
3.569892746823863376e+02
3.575275898443048277e+02
3.581456341638802883e+02
3.588420839727272664e+02
3.596154391133457580e+02
3.604640229391122830e+02
3.613859823143077961e+02
3.623792876140612407e+02
3.634417327244155445e+02
3.645709350422616239e+02
3.657643354754138159e+02
3.670191984425533178e+02
3.683326118731997667e+02
3.697014872078341341e+02
3.711225593977569019e+02
3.725923869051636643e+02
3.741073517031736628e+02
3.756636592757066069e+02
3.772573386176721328e+02
3.788842422347518664e+02
3.805400461436079240e+02
3.822202498716933405e+02
3.839201764574037838e+02
3.856349724500394700e+02
3.873596079096917606e+02
3.890888764074134087e+02
3.908173950251049860e+02
3.925396043555717256e+02
3.942497685024856651e+02
3.959419750803666034e+02
3.976101352146959584e+02
3.992479835418028529e+02
4.008490782088453557e+02
4.024068008739429274e+02
4.039143567060629607e+02
4.053647743850016809e+02
4.067509061015546763e+02
4.080654275573276095e+02
4.093008379648115920e+02
4.104494600473647665e+02
4.115034400392687530e+02
4.124547476856719186e+02
4.132951762425705056e+02
4.140163424769032758e+02
3.459010620342344851e+02
3.459407666273932591e+02
3.460597913834722590e+02
3.462578692324219105e+02
3.465345550574359663e+02
3.468892256950179558e+02
3.473210799349525928e+02
3.478291385202775814e+02
3.484122441473497815e+02
3.490690614657978585e+02
3.497980770785413256e+02
3.505975995417524587e+02
3.514657593649417322e+02
3.524005090108441323e+02
3.533996228955326728e+02
3.544606973883143723e+02
3.555811508118154052e+02
3.567582234419338079e+02
3.579889775078489151e+02
3.592702971920307959e+02
3.605988886302213814e+02
3.619712799114533368e+02
3.633838210780690474e+02
3.648326841256353532e+02
3.663138630030478566e+02
3.678231736124833446e+02
3.693562538093904664e+02
3.709085634025086620e+02
3.724753841538396841e+02
3.740518197786855126e+02
3.756327959456673966e+02
3.772130602766310403e+02
3.787871823467412469e+02
3.803495536844252456e+02
3.818943877714104929e+02
3.834157200427057433e+02
3.849074078866010495e+02
3.863631306446677627e+02
3.877763896117774607e+02
3.891405080360262332e+02
3.904486311188672403e+02
3.916937260150348266e+02
3.928685818324879619e+02
3.939658096324857866e+02
3.949778424296444541e+02
3.958969351917668860e+02
3.967151648399938608e+02
3.974244302487288110e+02
3.980164522456751115e+02
3.984827736117987911e+02
3.365111980076846976e+02
3.365486546867846869e+02
3.366609349630304564e+02
3.368477695532590133e+02
3.371087096522368824e+02
3.374431269326218512e+02
3.378502135449631965e+02
3.383289821177110639e+02
3.388782657572259609e+02
3.394967180477597708e+02
3.401828130514748523e+02
3.409348453084248831e+02
3.417509298365833388e+02
3.426290021318057484e+02
3.435668181678295241e+02
3.445619543963402975e+02
3.456118077468962042e+02
3.467135956269752910e+02
3.478643559219183885e+02
3.490609469949959021e+02
3.503000476873978641e+02
3.515781573181679391e+02
3.528915956842695323e+02
3.542365030605954530e+02
3.556088401999109578e+02
3.570043883328821721e+02
3.584187491680571043e+02
3.598473448919510815e+02
3.612854181689233997e+02
3.627280321412437729e+02
3.641700704290921635e+02
3.656062371305210945e+02
3.670310568215502940e+02
3.684388745560151506e+02
3.698238558657560020e+02
3.711799867603910457e+02
3.725010737275245560e+02
3.737807437326712829e+02
3.750124442191615231e+02
3.761894431082737356e+02
3.773048287992726841e+02
3.783515101691629638e+02
3.793222165729541189e+02
3.802094978435472399e+02
3.810057242917347935e+02
3.817030867061816934e+02
3.822935963535011865e+02
3.827690849781977818e+02
3.831212048025918193e+02
3.833414285270653750e+02
3.272934923387348931e+02
3.273287903514112145e+02
3.274345938923488575e+02
3.276106314701602855e+02
3.278564505992752061e+02
3.281714177998367177e+02
3.285547185977861773e+02
3.290053575247971480e+02
3.295221581183132571e+02
3.301037629215575748e+02
3.307486334834853210e+02
3.314550503588407082e+02
3.322211131080810560e+02
3.330447402975001410e+02
3.339236694990859178e+02
3.348554572906247699e+02
3.358374792556351736e+02
3.368669299834247681e+02
3.379408230690425512e+02
3.390559911133171340e+02
3.402090857228188270e+02
3.413965775098877771e+02
3.426147560926248730e+02
3.438597300949008400e+02
3.451274271463281025e+02
3.464135938822892058e+02
3.477137959439365318e+02
3.490234179781832040e+02
3.503376636376553392e+02
3.516515555808344402e+02
3.529599354718773725e+02
3.542574639807488097e+02
3.555386207831550678e+02
3.567977045605630337e+02
3.580288330002001089e+02
3.592259427950731947e+02
3.603827896439308347e+02
3.614929482513010157e+02
3.625498123274155660e+02
3.635465945883993300e+02
3.644763267559672499e+02
3.653318595577085830e+02
3.661058627269540011e+02
3.667908250027570034e+02
3.673790541300074324e+02
3.678626768592986878e+02
3.682336389469469395e+02
3.684837051551236868e+02
3.686044592517039860e+02
3.685873040103426206e+02
3.182406639303583802e+02
3.182738968944249791e+02
3.183735045417487868e+02
3.185392131377587361e+02
3.187705664581794167e+02
3.190669257889832693e+02
3.194274699264667561e+02
3.198511951771744748e+02
3.203369153579463386e+02
3.208832617959274103e+02
3.214886833285295893e+02
3.221514463034225173e+02
3.228696345786090660e+02
3.236411495223497354e+02
3.244637100131815828e+02
3.253348524399370945e+02
3.262519307017252572e+02
3.272121162079599799e+02
3.282123978783033635e+02
3.292495821427318674e+02
3.303202929414889581e+02
3.314209717251041525e+02
3.325478774544023963e+02
3.336970866004757568e+02
3.348644931447021804e+02
3.360458085787645928e+02
3.372365619045941116e+02
3.384320996344361561e+02
3.396275857908127023e+02
3.408180019065222837e+02
3.419981470246303275e+02
3.431626376985453248e+02
3.443059079918763814e+02
3.454222094785943113e+02
3.465056112429086284e+02
3.475499998793149530e+02
3.485490794925946716e+02
3.494963716978342632e+02
3.503852156204061430e+02
3.512087678959119330e+02
3.519600026702771061e+02
3.526317115997320002e+02
3.532165038507552595e+02
3.537068061001112369e+02
3.540948625348694918e+02
3.543727348523664773e+02
3.545323022602246965e+02
3.545652614763336601e+02
3.544631267289446441e+02
3.542172297564434302e+02
3.093899987656148483e+02
3.094212338409174095e+02
3.095148471261950363e+02
3.096705627995106624e+02
3.098879211576199282e+02
3.101662786159901657e+02
3.105048077088194418e+02
3.109024970889985866e+02
3.113581515281111933e+02
3.118703919164620970e+02
3.124376552630773745e+02
3.130581946956472734e+02
3.137300794606024397e+02
3.144511949230850973e+02
3.152192425669208546e+02
3.160317399946753198e+02
3.168860209275787270e+02
3.177792352055917036e+02
3.187083487873867966e+02
3.196701437503388092e+02
3.206612182905151371e+02
3.216779867227141381e+02
3.227166794804361416e+02
3.237733431158649751e+02
3.248438402999151435e+02
3.259238498222032376e+02
3.270088665910482746e+02
3.280942016334809637e+02
3.291749820952342702e+02
3.302461512407527948e+02
3.313024684531929438e+02
3.323385092344040004e+02
3.333486652049562622e+02
3.343271441041035246e+02
3.352679697898679478e+02
3.361649822388699249e+02
3.370118375465456779e+02
3.378020079269958842e+02
3.385287817129854488e+02
3.391852633560764048e+02
3.397643734264572117e+02
3.402588486130942442e+02
3.406612417235616590e+02
3.409639216842492715e+02
3.411590735401925372e+02
3.412386984551479259e+02
3.411946137115554052e+02
3.410184527105949996e+02
3.407016649721867907e+02
3.402355161348395995e+02
3.007865490808304116e+02
3.008158207059921097e+02
3.009035430760604868e+02
3.010494386747666340e+02
3.012530449749704076e+02
3.015137144386604291e+02
3.018306145170299715e+02
3.022027276503631015e+02
3.026288512681294947e+02
3.031075977889088335e+02
3.036373946204567460e+02
3.042164841596672886e+02
3.048429237925631696e+02
3.055145858943528197e+02
3.062291578293449561e+02
3.069841419510339620e+02
3.077768556020525352e+02
3.086044311141336038e+02
3.094638158082242967e+02
3.103517719943814086e+02
3.112648769718191488e+02
3.121995230288898142e+02
3.131519174430839598e+02
3.141180824810874128e+02
3.150938553986482589e+02
3.160748884407477703e+02
3.170566488414578998e+02
3.180344188240174503e+02
3.190032956008034830e+02
3.199581913733595684e+02
3.208938333323487768e+02
3.218047636575818160e+02
3.226853395180550592e+02
3.235297330718556736e+02
3.243319314662755914e+02
3.250857368376784962e+02
3.257847663116611443e+02
3.264224520028922711e+02
3.269920410152546424e+02
3.274865954416933960e+02
3.278989923643962356e+02
3.282219238546228439e+02
3.284478969727994695e+02
3.285692337685380267e+02
3.285780712805414510e+02
3.284663615366791305e+02
3.282258715539683180e+02
3.278481833386119320e+02
3.273246938858467843e+02
3.266466151802281388e+02
2.924465532069954747e+02
2.924738792744297484e+02
2.925557645831038940e+02
2.926919304520936294e+02
2.928819124132360230e+02
2.931250602110632713e+02
2.934205378028783002e+02
2.937673233586792776e+02
2.941642092611876365e+02
2.946098021058958238e+02
2.951025227009817513e+02
2.956406060673657521e+02
2.962221014387106948e+02
2.968448722613838413e+02
2.975065961945044251e+02
2.982047651098961865e+02
2.989366850921442165e+02
2.996994764385381700e+02
3.004900736590817019e+02
3.013052254765587463e+02
3.021414948264293798e+02
3.029952588569055365e+02
3.038627089289320793e+02
3.047398506161679848e+02
3.056225037050144806e+02
3.065063021945964579e+02
3.073866942967716227e+02
3.082589424361117381e+02
3.091181232499404246e+02
3.099591275882668810e+02
3.107766605138995715e+02
3.115652413023137228e+02
3.123192034417361924e+02
3.130326946331270506e+02
3.136996767901602539e+02
3.143139260392520669e+02
3.148690327195329814e+02
3.153584013829042192e+02
3.157752507939335374e+02
3.161126139299502142e+02
3.163633379810069641e+02
3.165200843498989229e+02
3.165753286521256200e+02
3.165213607159671483e+02
3.163502845823321081e+02
3.160540185049664501e+02
3.156242949502636179e+02
3.150526605974353629e+02
3.143304763383032991e+02
3.134489172774881922e+02
2.843642276416744608e+02
2.843896214939244942e+02
2.844657099662223914e+02
2.845922138052212063e+02
2.847686675886222929e+02
2.849944197252511913e+02
2.852686324550006702e+02
2.855902818488592061e+02
2.859581578089394611e+02
2.863708640683739759e+02
2.868268181914572779e+02
2.873242515735133225e+02
2.878612094409997439e+02
2.884355508514317989e+02
2.890449486934490437e+02
2.896868896867393346e+02
2.903586743821146570e+02
2.910574171614541683e+02
2.917800462377329040e+02
2.925233036550214933e+02
2.932837452884863865e+02
2.940577408443611489e+02
2.948414738599846601e+02
2.956309417037819571e+02
2.964219555752738984e+02
2.972101405050580070e+02
2.979909353548180206e+02
2.987595928173523703e+02
2.995111794165268293e+02
3.002405755073027649e+02
3.009424752757373085e+02
3.016113867389738630e+02
3.022416317452420458e+02
3.028273459738386464e+02
3.033624789352036828e+02
3.038407939708254730e+02
3.042558682532880425e+02
3.046010927862899393e+02
3.048696724045688029e+02
3.050546257739957241e+02
3.051487853915280652e+02
3.051447975851904744e+02
3.050351225141033069e+02
3.048120341685110475e+02
3.044676203696781158e+02
3.039937827700403545e+02
3.033822368530536551e+02
3.026245119332884315e+02
3.017119511564108620e+02
3.006357114992208039e+02
2.765258048077801618e+02
2.765492814383397331e+02
2.766196182557507655e+02
2.767365360372859300e+02
2.768995694116729851e+02
2.771080668591991980e+02
2.773611907116067528e+02
2.776579171521594276e+02
2.779970362156045098e+02
2.783771517882485114e+02
2.787966816078058514e+02
2.792538572635787091e+02
2.797467241963242373e+02
2.802731416983306190e+02
2.808307829133506743e+02
2.814171348366680263e+02
2.820294983150688495e+02
2.826649880468228844e+02
2.833205325817213520e+02
2.839928743210388689e+02
2.846785695175621527e+02
2.853739882755898520e+02
2.860753145508946886e+02
2.867785461507897367e+02
2.874794947340433282e+02
2.881737858109734702e+02
2.888568587433629204e+02
2.895239667445063674e+02
2.901701768792293024e+02
2.907903700638219675e+02
2.913792410660865357e+02
2.919312985053181819e+02
2.924408648523524334e+02
2.929020764294800188e+02
2.933088834105224691e+02
2.936550498207945452e+02
2.939341535371132181e+02
2.941395862877887453e+02
2.942645536526526939e+02
2.943020750630201405e+02
2.942449838017182628e+02
2.940859270030860557e+02
2.938173656529367577e+02
2.934315745885953675e+02
2.929206424988990420e+02
2.922764719241968123e+02
2.914907792563212752e+02
2.905550947385791005e+02
2.894607624658268037e+02
2.881989403844424373e+02
2.688986389830366193e+02
2.689202327643916419e+02
2.689849211993760036e+02
2.690924255607380360e+02
2.692422813030266866e+02
2.694338380626296043e+02
2.696662596577823479e+02
2.699385240885116559e+02
2.702494235366733051e+02
2.705975643659807588e+02
2.709813671219478692e+02
2.713990665319272466e+02
2.718487115050625675e+02
2.723281651323645747e+02
2.728351046866540059e+02
2.733670216225808076e+02
2.739212215766144709e+02
2.744948243670535248e+02
2.750847639940161571e+02
2.756877886394590860e+02
2.763004606671586316e+02
2.769191566227107160e+02
2.775400672335497916e+02
2.781591974089110408e+02
2.787723662398964848e+02
2.793752069993805094e+02
2.799631671421233818e+02
2.805315083046575069e+02
2.810753063053728624e+02
2.815894511444791419e+02
2.820686470040054132e+02
2.825074122478099525e+02
2.829000794215706378e+02
2.832407952528039345e+02
2.835235206508457395e+02
2.837420307068422858e+02
2.838899146937971523e+02
2.839605760665146477e+02
2.839472324616376113e+02
2.838429156976189915e+02
2.836404717747503241e+02
2.833325608751617324e+02
2.829116573627743492e+02
2.823700497833764871e+02
2.816998408645285394e+02
2.808929475156863305e+02
2.799411008280496276e+02
2.788358460747228378e+02
2.775685427105732401e+02
2.761303643723541086e+02
2.614456260395930371e+02
2.614653939419231961e+02
2.615246050044675030e+02
2.616229812938873351e+02
2.617600595879423508e+02
2.619351913754902057e+02
2.621475428564963295e+02
2.623960949420431348e+02
2.626796432543017090e+02
2.629967981265508570e+02
2.633459846031769302e+02
2.637254424396644481e+02
2.641332261025960975e+02
2.645672047697000266e+02
2.650250623297362722e+02
2.655042973826293178e+02
2.660022232393923218e+02
2.665159679221176248e+02
2.670424741640431421e+02
2.675784994094574927e+02
2.681206158138138562e+02
2.686652102436350447e+02
2.692084842765514736e+02
2.697464542012824040e+02
2.702749510176829517e+02
2.707896204366970210e+02
2.712859228803570772e+02
2.717591334818318387e+02
2.722043420853784141e+02
2.726164532463333785e+02
2.729901862311787113e+02
2.733200750174849532e+02
2.736004682939115469e+02
2.738255294602443541e+02
2.739892366273390394e+02
2.740853826172156005e+02
2.741075749629449660e+02
2.740492359087056684e+02
2.739036024098027156e+02
2.736637261326298471e+02
2.733224734547074490e+02
2.728725254646254257e+02
2.723063779621099911e+02
2.716163414579568780e+02
2.707945411740884651e+02
2.698329170435537776e+02
2.687232237104335013e+02
2.674570305300107975e+02
2.660257215685817300e+02
2.644204956036067529e+02
2.541561978934604724e+02
2.541742009452339630e+02
2.542281178113985902e+02
2.543176716245530429e+02
2.544424009389747994e+02
2.546016597306769711e+02
2.547946173973893167e+02
2.550202587585488345e+02
2.552773840553280991e+02
2.555646089505974601e+02
2.558803645289534074e+02
2.562228972967091067e+02
2.565902691818943708e+02
2.569803575342746171e+02
2.573908551252846451e+02
2.578192701481232803e+02
2.582629262176965312e+02
2.587189623705986037e+02
2.591843330651784072e+02
2.596558081814824277e+02
2.601299730212834334e+02
2.606032283080613183e+02
2.610717901870221453e+02
2.615316902250697240e+02
2.619787754108623972e+02
2.624087081547467619e+02
2.628169662887860909e+02
2.631988430667699390e+02
2.635494471642043095e+02
2.638637026783214878e+02
2.641363491280515063e+02
2.643619414540505090e+02
2.645348500186912588e+02
2.646492606060728008e+02
2.646991744219917564e+02
2.646784080939805222e+02
2.645805936712785638e+02
2.643991786248610083e+02
2.641274258473818577e+02
2.637584136532400976e+02
2.632850357785609390e+02
2.627000013811482404e+02
2.619958350405700571e+02
2.611648767580826984e+02
2.601992819566589787e+02
2.590910214810075445e+02
2.578318815975346183e+02
2.564134639943726484e+02
2.548271857813707015e+02
2.530642794900946342e+02
2.470406353067744476e+02
2.470569237855026188e+02
2.471056974067853957e+02
2.471866807260691132e+02
2.472994146690439266e+02
2.474432565316817545e+02
2.476173799802268150e+02
2.478207750512334826e+02
2.480522481514905451e+02
2.483104220580969468e+02
2.485937359184144100e+02
2.489004452500864772e+02
2.492286219410478338e+02
2.495761542495055494e+02
2.499407468039199216e+02
2.503199206030615187e+02
2.507110130159730943e+02
2.511111777819792223e+02
2.515173850106388329e+02
2.519264211818684203e+02
2.523348891457904415e+02
2.527392081228470033e+02
2.531356137037524263e+02
2.535201578494839509e+02
2.538887088913289176e+02
2.542369515307996153e+02
2.545603868397373901e+02
2.548543322602464798e+02
2.551139216046938714e+02
2.553341050557473011e+02
2.555096491663562119e+02
2.556351368597044313e+02
2.557049674293239150e+02
2.557133565389524961e+02
2.556543362226667000e+02
2.555217548847773799e+02
2.553092772999150384e+02
2.550103846129445628e+02
2.546183743390315612e+02
2.541263603636423341e+02
2.535272729424775662e+02
2.528138587015480994e+02
2.519786806371181740e+02
2.510141181157621304e+02
2.499123668743171152e+02
2.486654390198831663e+02
2.472651630298703935e+02
2.457031837519328406e+02
2.439709624040347080e+02
2.420597765743934815e+02
2.401081706047610282e+02
2.401227840498260377e+02
2.401665331916831292e+02
2.402391444502427476e+02
2.403401618587489850e+02
2.404689470636848512e+02
2.406246793248480174e+02
2.408063555153129585e+02
2.410127901214783037e+02
2.412426152429721355e+02
2.414942805927371978e+02
2.417660534970119954e+02
2.420560188953118086e+02
2.423620793404381857e+02
2.426819549984979005e+02
2.430131836488556019e+02
2.433531206841716141e+02
2.436989391104210085e+02
2.440476295468272383e+02
2.443960002259283613e+02
2.447406769935393243e+02
2.450781033087707783e+02
2.454045402440006569e+02
2.457160664849216687e+02
2.460085783304843119e+02
2.462777896929442818e+02
2.465192320978530915e+02
2.467282546840484088e+02
2.469000242036069324e+02
2.470295250219767809e+02
2.471115591178166255e+02
2.471407460831187564e+02
2.471115231231332530e+02
2.470181450564344345e+02
2.468546843148449739e+02
2.466150309435022336e+02
2.462928926008108306e+02
2.458817945584807205e+02
2.453750797014985494e+02
2.447659085281372882e+02
2.440472591499561190e+02
2.432119272918289994e+02
2.422525262918782119e+02
2.411614871015312076e+02
2.399310582855017913e+02
2.385533060217899788e+02
2.370201141016821111e+02
2.353231839297601766e+02
2.334540345238830525e+02
2.314040025151958275e+02
2.333628201390733068e+02
2.333757906090170309e+02
2.334146116153306139e+02
2.334790119474992593e+02
2.335685395879446844e+02
2.336825617120912852e+02
2.338202646883189573e+02
2.339806540780197395e+02
2.341625546355127483e+02
2.343646103081387650e+02
2.345852842361845489e+02
2.348228587529301024e+02
2.350754353846203344e+02
2.353409348504745253e+02
2.356170970627147199e+02
2.359014811264898981e+02
2.361914653399802830e+02
2.364842471942930899e+02
2.367768433735572273e+02
2.370660897548475532e+02
2.373486414082132399e+02
2.376209725966873521e+02
2.378793767763056621e+02
2.381199665960309630e+02
2.383386738978288122e+02
2.385312497166391097e+02
2.386932642803950841e+02
2.388201070099663923e+02
2.389069865192254838e+02
2.389489306150285870e+02
2.389407862971779650e+02
2.388772197584785317e+02
2.387527163847001361e+02
2.385615807545964913e+02
2.382979366398861316e+02
2.379557270052619629e+02
2.375287140084291480e+02
2.370104790000103208e+02
2.363944225236498937e+02
2.356737643159381719e+02
2.348415433064777176e+02
2.338906176178075498e+02
2.328136645654694803e+02
2.316031806579701424e+02
2.302514815968095263e+02
2.287507022764240503e+02
2.270927967842718829e+02
2.252695384007571135e+02
2.232725195992770750e+02
2.210931520461940636e+02
2.268067344356647084e+02
2.268180870985740114e+02
2.268520556612827477e+02
2.269083718457428347e+02
2.269865885218772803e+02
2.270860797075992252e+02
2.272060405687549576e+02
2.273454874191997988e+02
2.275032577207412032e+02
2.276780100831388154e+02
2.278682242641612561e+02
2.280722011695388574e+02
2.282880628529350417e+02
2.285137525160223504e+02
2.287470345084348651e+02
2.289854943277778716e+02
2.292265386196277177e+02
2.294673951775128558e+02
2.297051129429613923e+02
2.299365620054440171e+02
2.301584336024309891e+02
2.303672401193447570e+02
2.305593150895693384e+02
2.307308131944883485e+02
2.308777102634375353e+02
2.309958032737142730e+02
2.310807103505870259e+02
2.311278707673333486e+02
2.311325449451639145e+02
2.310898144532700371e+02
2.309945820087951347e+02
2.308415714768917155e+02
2.306253278706454353e+02
2.303402173511320257e+02
2.299804272274078016e+02
2.295399659564812396e+02
2.290126631433224702e+02
2.283921695409010795e+02
2.276719570501389285e+02
2.268453187199384047e+02
2.259053687471350713e+02
2.248450424766019751e+02
2.236570964011358740e+02
2.223341081615141377e+02
2.208684765464757618e+02
2.192524214927592254e+02
2.174779840850268045e+02
2.155370265559687084e+02
2.134212322861988866e+02
2.111221058043118717e+02
2.204324565214979827e+02
2.204422182369967231e+02
2.204714151183964077e+02
2.205197823705210283e+02
2.205868786680203755e+02
2.206720861554269106e+02
2.207746104471463298e+02
2.208934806274290565e+02
2.210275492503891712e+02
2.211754923400424957e+02
2.213358093902210442e+02
2.215068233646869942e+02
2.216866806969809147e+02
2.218733512905922964e+02
2.220646285188271065e+02
2.222581292248643479e+02
2.224512937217658362e+02
2.226413857924569584e+02
2.228254926896890140e+02
2.230005251361433238e+02
2.231632173243080217e+02
2.233101269165823908e+02
2.234376350451915130e+02
2.235419463122620130e+02
2.236190887897559207e+02
2.236649140195273446e+02
2.236750970132656278e+02
2.236451362525618549e+02
2.235703536888422605e+02
2.234458947434158347e+02
2.232667283074457885e+02
2.230276467419685105e+02
2.227232658778840744e+02
2.223480250159752813e+02
2.218961869268412102e+02
2.213618378510110176e+02
2.207388874988206737e+02
2.200210690505078617e+02
2.192019391561643715e+02
2.182748779357647493e+02
2.172330889791188326e+02
2.160695993459190447e+02
2.147772595657215788e+02
2.133487436379558346e+02
2.117765490318959110e+02
2.100529966866891698e+02
2.081702310113845158e+02
2.061202198848377520e+02
2.038947546558063095e+02
2.014854501429113043e+02
2.142242199212489595e+02
2.142324264035172234e+02
2.142569589056601274e+02
2.142975565936637850e+02
2.143537847442094915e+02
2.144250347445980367e+02
2.145105240928349701e+02
2.146092963975547718e+02
2.147202213780966815e+02
2.148419948644194335e+02
2.149731387971864081e+02
2.151120012276995510e+02
2.152567563179275112e+02
2.154054043405153607e+02
2.155557716787560310e+02
2.157055108266187347e+02
2.158521003887396148e+02
2.159928450804026454e+02
2.161248757275681385e+02
2.162451492668537867e+02
2.163504487455630567e+02
2.164373833216283458e+02
2.165023882636679389e+02
2.165417249509668238e+02
2.165514808734675114e+02
2.165275696317507936e+02
2.164657309371307292e+02
2.163615306115123929e+02
2.162103605875055621e+02
2.160074389083680160e+02
2.157478097280242366e+02
2.154263433110751578e+02
2.150377360327695442e+02
2.145765103790230057e+02
2.140370149464369263e+02
2.134134244422417339e+02
2.126997396843535171e+02
2.118897876013553230e+02
2.109772212324685370e+02
2.099555197276193610e+02
2.088179883473534062e+02
2.075577584629305363e+02
2.061677875562205884e+02
2.046408592198076803e+02
2.029695831568953110e+02
2.011463951813917959e+02
1.991635572178343807e+02
1.970131573014460571e+02
1.946871095781072256e+02
1.921771543043651889e+02
2.081682663178317796e+02
2.081749602804165988e+02
2.081949566835987753e+02
2.082279990735476929e+02
2.082736600272312444e+02
2.083313411523969592e+02
2.084002730876098610e+02
2.084795155021955395e+02
2.085679570962876426e+02
2.086643156007804976e+02
2.087671377773858694e+02
2.088747994185761456e+02
2.089855053476223077e+02
2.090972894186033102e+02
2.092080145163777161e+02
2.093153725565552179e+02
2.094168844855725240e+02
2.095099002806553870e+02
2.095915989498090823e+02
2.096589885318091149e+02
2.097089060962389340e+02
2.097380177434521045e+02
2.097428186046386145e+02
2.097196328417112454e+02
2.096646136474191735e+02
2.095737432452627615e+02
2.094428328895598099e+02
2.092675228654078126e+02
2.090432824886837295e+02
2.087654101060631149e+02
2.084290330950106238e+02
2.080291078637515056e+02
2.075604198513379686e+02
2.070175835276018006e+02
2.063950423931354692e+02
2.056870689793489362e+02
2.048877648484221936e+02
2.039910605933528132e+02
2.029907158378610745e+02
2.018803192365320740e+02
2.006532884747116441e+02
1.993028702684966902e+02
1.978221403648395551e+02
1.962040035414057968e+02
1.944411936067164390e+02
1.925262734000341425e+02
1.904516347914295693e+02
1.882094986817719473e+02
1.857919150026816624e+02
1.831907627166060593e+02
2.022617506304698054e+02
2.022669740959107401e+02
2.022825606073297422e+02
2.023082585101292352e+02
2.023436483799230245e+02
2.023881430226026623e+02
2.024409874742806039e+02
2.025012590013754163e+02
2.025678671004982334e+02
2.026395534985473148e+02
2.027148921526512879e+02
2.027922892502166121e+02
2.028699832088894652e+02
2.029460446765464496e+02
2.030183765313514357e+02
2.030847138816890549e+02
2.031426240662218277e+02
2.031895066538519643e+02
2.032225934437216495e+02
2.032389484652602221e+02
2.032354679780989102e+02
2.032088804721562667e+02
2.031557466676095771e+02
2.030724595148569733e+02
2.029552441945649264e+02
2.028001581176397394e+02
2.026030909252748700e+02
2.023597644888658067e+02
2.020657329101046287e+02
2.017163825209138395e+02
2.013069318834558032e+02
2.008324317901516167e+02
2.002877652637001518e+02
1.996676475570306195e+02
1.989666261533216129e+02
1.981790807659914719e+02
1.972992233387458327e+02
1.963210980455301069e+02
1.952385812905201021e+02
1.940453817081409795e+02
1.927350401631239549e+02
1.913009297503928394e+02
1.897362557951396411e+02
1.880340558528246220e+02
1.861871997091384401e+02
1.841883893800494718e+02
1.820301591117375608e+02
1.797048753806791410e+02
1.772047368935810994e+02
1.745217745873901549e+02
1.965035096301050999e+02
1.965073021723640068e+02
1.965185976575109237e+02
1.965371496606375388e+02
1.965625474736327760e+02
1.965942161050501511e+02
1.966314162802120791e+02
1.966732444412286895e+02
1.967186327468842535e+02
1.967663490727223632e+02
1.968149970110365246e+02
1.968630158708511715e+02
1.969086806779500876e+02
1.969501021748101266e+02
1.969852268207148427e+02
1.970118367916219029e+02
1.970275499802672527e+02
1.970298199961367516e+02
1.970159361653998076e+02
1.969830235310325861e+02
1.969280428527042659e+02
1.968477906068434038e+02
1.967388989866284135e+02
1.965978359019497077e+02
1.964209049794665987e+02
1.962042455625407911e+02
1.959438327113218747e+02
1.956354772026524245e+02
1.952748255301533788e+02
1.948573599041575619e+02
1.943783982517572895e+02
1.938330942167662272e+02
1.932164371597669685e+02
1.925232521580350351e+02
1.917482000056243976e+02
1.908857772133293054e+02
1.899303160086655282e+02
1.888759843358892851e+02
1.877167858560066236e+02
1.864465599467545474e+02
1.850589817026199455e+02
1.835475619348206635e+02
1.819056471713148824e+02
1.801264196568107820e+02
1.782028973527568780e+02
1.761279339373042205e+02
1.738942188054011240e+02
1.714942770686889162e+02
1.689204695555777960e+02
1.661649928112088617e+02
1.908934507477226816e+02
1.908958488321085554e+02
1.909029628354327599e+02
1.909145520081665381e+02
1.909302151011426361e+02
1.909493903654511939e+02
1.909713555525721915e+02
1.909952279142620171e+02
1.910199642026194908e+02
1.910443606700482633e+02
1.910670530693039382e+02
1.910865166534279069e+02
1.911010661758230924e+02
1.911088558901686554e+02
1.911078795505147809e+02
1.910959704111879489e+02
1.910708012268761138e+02
1.910298842525624821e+02
1.909705712435633416e+02
1.908900534554997250e+02
1.907853616443636326e+02
1.906533660664043452e+02
1.904907764782421964e+02
1.902941421367832788e+02
1.900598517992951599e+02
1.897841337233217018e+02
1.894630556667872554e+02
1.890925248878735090e+02
1.886682881451235971e+02
1.881859316974138494e+02
1.876408813038873689e+02
1.870284022240772117e+02
1.863435992177926437e+02
1.855814165451761255e+02
1.847366379667031708e+02
1.838038867431635026e+02
1.827776256356514750e+02
1.816521569056230021e+02
1.804216223148197571e+02
1.790800031253164946e+02
1.776211200995305717e+02
1.760386335001555835e+02
1.743260430902656424e+02
1.724766881332016055e+02
1.704837473926753830e+02
1.683402391326656868e+02
1.660390211175316324e+02
1.635727906119181227e+02
1.609340843807937347e+02
1.581152786894695907e+02
1.854323015182141319e+02
1.854333378482143360e+02
1.854363686347824114e+02
1.854411592676683540e+02
1.854473187298045502e+02
1.854542995972963126e+02
1.854613980393651218e+02
1.854677538184811567e+02
1.854723502902212715e+02
1.854740144033636682e+02
1.854714166998311100e+02
1.854630713147287224e+02
1.854473359763536280e+02
1.854224120061379324e+02
1.853863443186961888e+02
1.853370214217875400e+02
1.852721754164008416e+02
1.851893819966316244e+02
1.850860604497768236e+02
1.849594736562873152e+02
1.848067280897964793e+02
1.846247738171011008e+02
1.844104044981615118e+02
1.841602573861109704e+02
1.838708133272556609e+02
1.835383967610747789e+02
1.831591757202014890e+02
1.827291618304419387e+02
1.822442103107846378e+02
1.817000199733721786e+02
1.810921332235201078e+02
1.804159360597263060e+02
1.796666580736333287e+02
1.788393724500755013e+02
1.779289959670222743e+02
1.769302889956728961e+02
1.758378555003332622e+02
1.746461430385105871e+02
1.733494427608756325e+02
1.719418894112720864e+02
1.704174613266881408e+02
1.687699804373229142e+02
1.669931122665104795e+02
1.650803659307674423e+02
1.630250941397832776e+02
1.608204931963920501e+02
1.584596029966292008e+02
1.559353070297030683e+02
1.532403323779381878e+02
1.503672497168887787e+02
1.801186557286106051e+02
1.801183607043602422e+02
1.801173996308875758e+02
1.801155445061037028e+02
1.801124153265429015e+02
1.801074800873247170e+02
1.801000547821729469e+02
1.800893034034440063e+02
1.800742379420796624e+02
1.800537183876353140e+02
1.800264527282612050e+02
1.799909969507590688e+02
1.799457550404686970e+02
1.798889789814097639e+02
1.798187687561589030e+02
1.797330723459159287e+02
1.796296857304942876e+02
1.795062528882927779e+02
1.793602657963523086e+02
1.791890644303085480e+02
1.789898367643824315e+02
1.787596187714181326e+02
1.784952944228829494e+02
1.781935956888295038e+02
1.778511025379145849e+02
1.774642429374372057e+02
1.770292928532531676e+02
1.765423762498699034e+02
1.759994650903706770e+02
1.753963793364619050e+02
1.747287869484637213e+02
1.739922038853004835e+02
1.731819941044913378e+02
1.722933695621691186e+02
1.713213902130708846e+02
1.702609640105568758e+02
1.691068469065726276e+02
1.678536428516868853e+02
1.664958037950820255e+02
1.650276296845068771e+02
1.634432684663806867e+02
1.617367160856796602e+02
1.599018164860031845e+02
1.579322616095737430e+02
1.558215913971991995e+02
1.535631937882916134e+02
1.511503047208956616e+02
1.485760081316508661e+02
1.458332359557914515e+02
1.429147681271842885e+02
1.749450858271378308e+02
1.749434932870883586e+02
1.749386420121652463e+02
1.749303110379685222e+02
1.749181320905108805e+02
1.749015895862271464e+02
1.748800206319458539e+02
1.748526150249082036e+02
1.748184152527585411e+02
1.747763164935444422e+02
1.747250666157450780e+02
1.746632661782049070e+02
1.745893684302188831e+02
1.745016793114662903e+02
1.743983574520200364e+02
1.742774141723941739e+02
1.741367134834869432e+02
1.739739720866092796e+02
1.737867593734752916e+02
1.735724974262211617e+02
1.733284610173674025e+02
1.730517776098755292e+02
1.727394273570534153e+02
1.723882431026974302e+02
1.719949103809312874e+02
1.715559674163576744e+02
1.710678051239256092e+02
1.705266671090252260e+02
1.699286496674593252e+02
1.692697017854053740e+02
1.685456251394820413e+02
1.677520740966826907e+02
1.668845557144607028e+02
1.659384297406063524e+02
1.649089086133604667e+02
1.637910574613764823e+02
1.625797941036921657e+02
1.612698890497483717e+02
1.598559654994365644e+02
1.583324993430134384e+02
1.566938191611389755e+02
1.549341062249141032e+02
1.530473944958240793e+02
1.510275706257573347e+02
1.488683739570338673e+02
1.465633965223579196e+02
1.441060830448369359e+02
1.414897309380099557e+02
1.387074903058191921e+02
1.357523639425816384e+02
1.699022548620519046e+02
1.698994032720690939e+02
1.698907773194283379e+02
1.698761634560147229e+02
1.698552057683002658e+02
1.698274059773533793e+02
1.697921234388388712e+02
1.697485751430084235e+02
1.696958357146816923e+02
1.696328374133315720e+02
1.695583701329610449e+02
1.694710814021599674e+02
1.693694763841714632e+02
1.692519178767781796e+02
1.691166263123685951e+02
1.689616797579086835e+02
1.687850139149986717e+02
1.685844221197688455e+02
1.683575553429742797e+02
1.681019221899665297e+02
1.678148889006839397e+02
1.674936793496423491e+02
1.671353750459540208e+02
1.667369151333465140e+02
1.662950963900774184e+02
1.658065732290765482e+02
1.652678576978038052e+02
1.646753194783343588e+02
1.640251858873208732e+02
1.633135418760313371e+02
1.625363300302922198e+02
1.616893505705547796e+02
1.607682613518287837e+02
1.597685778637393526e+02
1.586856732304985087e+02
1.575147782108956562e+02
1.562509811983356087e+02
1.548892282207721962e+02
1.534243229408029094e+02
1.518509266555838622e+02
1.501635582968579854e+02
1.483565944309740701e+02
1.464242692588773878e+02
1.443606746160810417e+02
1.421597599727135730e+02
1.398153324334809042e+02
1.373210567376759172e+02
1.346704552592067614e+02
1.318569080065306878e+02
1.288736526227486081e+02
1.649850183881843293e+02
1.649809478238732083e+02
1.649686675366221209e+02
1.649479717435629880e+02
1.649185174732300254e+02
1.648798245655408721e+02
1.648312756718439687e+02
1.647721162549184157e+02
1.647014545889267936e+02
1.646182617594528494e+02
1.645213716634922605e+02
1.644094810094429704e+02
1.642811493171147106e+02
1.641347989177480429e+02
1.639687149539762743e+02
1.637810453798257129e+02
1.635698009607816914e+02
1.633328552737035864e+02
1.630679447068814625e+02
1.627726684599887506e+02
1.624444885441391762e+02
1.620807297818487314e+02
1.616785798070357885e+02
1.612350890650399435e+02
1.607471708126032297e+02
1.602116011178793542e+02
1.596250188604528830e+02
1.589839257312917198e+02
1.582846862327755844e+02
1.575235276787244345e+02
1.566965401943415657e+02
1.557996767162516392e+02
1.548287529924815829e+02
1.537794475824890981e+02
1.526473018571247451e+02
1.514277199986414360e+02
1.501159690007417282e+02
1.487071786685021380e+02
1.471963416184109974e+02
1.455783132783968483e+02
1.438478118877621057e+02
1.419994184972684650e+02
1.400275769690324523e+02
1.379265939766109170e+02
1.356906390049914535e+02
1.333137443505260364e+02
1.307898051210069355e+02
1.281125792356382078e+02
1.252756874250261774e+02
1.222726132311890979e+02
1.601918644115016832e+02
1.601866138351700499e+02
1.601707962129902683e+02
1.601442138653226266e+02
1.601065373261386924e+02
1.600573053430025539e+02
1.599959248770611850e+02
1.599216711030256590e+02
1.598336874092277924e+02
1.597309853975540648e+02
1.596124448835212206e+02
1.594768138961815964e+02
1.593227086782178503e+02
1.591486136858861755e+02
1.589528815890162150e+02
1.587337332710300473e+02
1.584892578289517076e+02
1.582174125733786241e+02
1.579160230285007458e+02
1.575827829320909643e+02
1.572152542355240712e+02
1.568108671037388433e+02
1.563669199152665499e+02
1.558805792622498245e+02
1.553488799503857933e+02
1.547687249989735392e+02
1.541368856409235377e+02
1.534500013226723638e+02
1.527045797043058428e+02
1.518969966594549135e+02
1.510234962753713717e+02
1.500801908528615058e+02
1.490630609063524901e+02
1.479679551638260762e+02
1.467905905668752951e+02
1.455265522706667980e+02
1.441712936439500936e+02
1.427201362690861117e+02
1.411682699419998244e+02
1.395107526722180467e+02
1.377425106828316927e+02
1.358583384105334915e+02
1.338528985056370857e+02
1.317207218319822459e+02
1.294562074670201071e+02
1.270536227018131541e+02
1.245071030409784782e+02
1.218106522027350422e+02
1.189581421188942443e+02
1.159433129348504536e+02
1.555210855644114929e+02
1.555146926676229668e+02
1.554954508938806157e+02
1.554631709930447414e+02
1.554175375482316213e+02
1.553581089757945790e+02
1.552843175253144636e+02
1.551954692796471136e+02
1.550907441548664281e+02
1.549691959003022532e+02
1.548297520985215669e+02
1.546712141653472372e+02
1.544922573498202780e+02
1.542914307342565792e+02
1.540671572341996978e+02
1.538177335984300953e+02
1.535413304089843223e+02
1.532359920811169616e+02
1.528996368633860072e+02
1.525300568375106138e+02
1.521249179185323044e+02
1.516817598546822410e+02
1.511979962274570823e+02
1.506709144515809840e+02
1.500976757750436263e+02
1.494753152790811725e+02
1.488007418781383819e+02
1.480707383199349749e+02
1.472819611854182256e+02
1.464309408888008477e+02
1.455140816775042367e+02
1.445276616322246355e+02
1.434678326668858972e+02
1.423306205286678505e+02
1.411119247979778777e+02
1.398075188884699003e+02
1.384130500470538152e+02
1.369240393538765090e+02
1.353358817223219432e+02
1.336438458990206470e+02
1.318430744638495469e+02
1.299285838299416298e+02
1.278952642436384650e+02
1.257378797845565970e+02
1.234510683655590384e+02
1.210293417327174268e+02
1.184670854653878251e+02
1.157585589761443572e+02
1.128978955107982074e+02
1.098791021484449431e+02
1.509712154134774664e+02
1.509637168899852497e+02
1.509411611503708173e+02
1.509033676873343666e+02
1.508500356553762742e+02
1.507807438707307881e+02
1.506949508114985292e+02
1.505919946175045823e+02
1.504710930904119834e+02
1.503313436936650760e+02
1.501717235524798468e+02
1.499910894538819264e+02
1.497881778466876312e+02
1.495616048415134571e+02
1.493098662107475718e+02
1.490313373885877866e+02
1.487242734710131629e+02
1.483868092157839271e+02
1.480169590424888213e+02
1.476126170324789655e+02
1.471715569289055168e+02
1.466914321366914464e+02
1.461697757225977057e+02
1.456040004151285814e+02
1.449913986046169612e+02
1.443291423431579403e+02
1.436142833446657221e+02
1.428437529848357315e+02
1.420143623011350940e+02
1.411228019928595643e+02
1.401656424210671048e+02
1.391393336086158286e+02
1.380402052401639992e+02
1.368644666621605666e+02
1.356082068828357023e+02
1.342673945722197004e+02
1.328378780621335409e+02
1.313153853461699327e+02
1.296955240797691147e+02
1.279737815801145899e+02
1.261455248261616617e+02
1.242060004587320492e+02
1.221503347803813142e+02
1.199735337554651835e+02
1.176704830101584776e+02
1.152359478323792956e+02
1.126645731718933092e+02
1.099508836402283833e+02
1.070892835106841829e+02
1.040740567183983529e+02
1.465403469427049856e+02
1.465317784770074070e+02
1.465060159244539193e+02
1.464628878186905183e+02
1.464021083824131040e+02
1.463232775274529160e+02
1.462258808547005628e+02
1.461092896541439643e+02
1.459727609048684371e+02
1.458154372750281311e+02
1.456363471218840857e+02
1.454344044917661449e+02
1.452084091201205354e+02
1.449570464314623166e+02
1.446788875393944238e+02
1.443723892466076961e+02
1.440358940449092131e+02
1.436676301151654513e+02
1.432657113273307914e+02
1.428281372404569538e+02
1.423527931026929707e+02
1.418374498512662285e+02
1.412797641124825532e+02
1.406772782017545467e+02
1.400274201235921225e+02
1.393275035715551837e+02
1.385747279283293665e+02
1.377661782656881826e+02
1.368988253444456404e+02
1.359695256145698750e+02
1.349750212150790105e+02
1.339119399740790470e+02
1.327767954087922533e+02
1.315659867255097595e+02
1.302757988196011354e+02
1.289024022755332624e+02
1.274418533668798119e+02
1.258900940562644593e+02
1.242429519954555417e+02
1.224961405252713575e+02
1.206452586755991234e+02
1.186857911654612963e+02
1.166131084029492087e+02
1.144224664852420830e+02
1.121090071986069887e+02
1.096677580183893497e+02
1.070936321090414367e+02
1.043814283241128322e+02
1.015258312062030654e+02
9.852141098704692013e+01
1.422251825220068042e+02
1.422155803321913936e+02
1.421867197110392169e+02
1.421384385033945819e+02
1.420704664506521056e+02
1.419824251908039514e+02
1.418738282583736634e+02
1.417440810844539101e+02
1.415924809967160911e+02
1.414182172193818587e+02
1.412203708732325538e+02
1.409979149756281913e+02
1.407497144404696030e+02
1.404745260782552521e+02
1.401709985960053473e+02
1.398376725973283499e+02
1.394729805824018456e+02
1.390752469479537012e+02
1.386426879872620646e+02
1.381734118901931652e+02
1.376654187431730350e+02
1.371166005291873660e+02
1.365247411277626668e+02
1.358875163150325136e+02
1.352024937636523703e+02
1.344671330428658109e+02
1.336787856184666055e+02
1.328346948528368046e+02
1.319319960048801477e+02
1.309677162300980910e+02
1.299387745805328507e+02
1.288419820048053168e+02
1.276740413481055185e+02
1.264315473521643582e+02
1.251109866552913701e+02
1.237087377923368479e+02
1.222210711947582240e+02
1.206441491905536623e+02
1.189740260042621287e+02
1.172066477570107565e+02
1.153378524664863818e+02
1.133633700469450361e+02
1.112788223091835533e+02
1.090797229605773992e+02
1.067614776050807706e+02
1.043193837431886095e+02
1.017486307719555754e+02
9.904429998501503007e+01
9.620136457256951701e+01
9.321468962135288905e+01
1.380210254635111653e+02
1.380104277394025303e+02
1.379785836958262735e+02
1.379253407189840743e+02
1.378504444525769088e+02
1.377535387977483481e+02
1.376341659131696815e+02
1.374917662149262867e+02
1.373256783766028946e+02
1.371351393292930823e+02
1.369192842615044867e+02
1.366771466192820697e+02
1.364076581060942317e+02
1.361096486829088406e+02
1.357818465681835676e+02
1.354228782378091580e+02
1.350312684252041038e+02
1.346054401212105347e+02
1.341437145741887491e+02
1.336443112899322330e+02
1.331053480317715696e+02
1.325248408204326154e+02
1.319007039341784093e+02
1.312307499087239648e+02
1.305126895372742126e+02
1.297441318704860294e+02
1.289225842164967162e+02
1.280454521409334632e+02
1.271100394668943920e+02
1.261135482749390633e+02
1.250530789031264050e+02
1.239256299469578408e+02
1.227280982594341623e+02
1.214572789510365567e+02
1.201098653897171573e+02
1.186824492008611287e+02
1.171715202674003251e+02
1.155734667296997031e+02
1.138845749855950800e+02
1.121010296904122043e+02
1.102189137569572068e+02
1.082342083554787422e+02
1.061427929137532118e+02
1.039404451169995554e+02
1.016228409078981514e+02
9.918555448662876017e+01
9.662405831085152386e+01
9.393372309567855893e+01
9.110981781372136368e+01
8.814750969504341072e+01
1.339231961420352945e+02
1.339116427625886843e+02
1.338769349966829338e+02
1.338189299616014125e+02
1.337373895194862996e+02
1.336319802773289211e+02
1.335022735869605128e+02
1.333477455451183289e+02
1.331677769933511115e+02
1.329616535180662140e+02
1.327285654505487855e+02
1.324676078669332071e+02
1.321777805881746701e+02
1.318579881801535123e+02
1.315070399535329670e+02
1.311236499638634143e+02
1.307064370115730014e+02
1.302539246419106291e+02
1.297645411449934727e+02
1.292366195557974606e+02
1.286683976541572463e+02
1.280580179647472505e+02
1.274035277571101687e+02
1.267028790456473928e+02
1.259539285895906744e+02
1.251544378930873336e+02
1.243020732050581501e+02
1.233944055193395144e+02
1.224289105745981487e+02
1.214029688543784289e+02
1.203138655870456262e+02
1.191587907458521443e+02
1.179348390488996756e+02
1.166390099591296803e+02
1.152682076843518644e+02
1.138192411772251944e+02
1.122888241352768546e+02
1.106735750008738250e+02
1.089700169612607823e+02
1.071745779484937628e+02
1.052835906395443999e+02
1.032932924561957151e+02
1.011998255650989194e+02
9.899923687776397685e+01
9.668747805055015476e+01
9.426040548468488112e+01
9.171378032624488696e+01
8.904326846614669932e+01
8.624444054018454153e+01
8.331277192900188311e+01
1.299291952942572550e+02
1.299167265133670810e+02
1.298792758399542890e+02
1.298167102817823491e+02
1.297288081850827837e+02
1.296152592346118126e+02
1.294756644536221302e+02
1.293095362038722271e+02
1.291162981856170120e+02
1.288952854375887966e+02
1.286457443370731255e+02
1.283668325997856243e+02
1.280576192800234878e+02
1.277170847705046128e+02
1.273441208025000435e+02
1.269375304457677487e+02
1.264960281085715508e+02
1.260182395376432396e+02
1.255027018182677949e+02
1.249478633741792493e+02
1.243520839676553607e+02
1.237136346994418545e+02
1.230306980087997601e+02
1.223013676734960029e+02
1.215236488097749117e+02
1.206954578724150906e+02
1.198146226546630970e+02
1.188788822882903133e+02
1.178858872435550040e+02
1.168331993292023583e+02
1.157182916925307836e+02
1.145385488192592476e+02
1.132912665336884146e+02
1.119736519985584238e+02
1.105828237151532250e+02
1.091158115232152142e+02
1.075695566010210769e+02
1.059409114653343948e+02
1.042266399714340679e+02
1.024234173130575272e+02
1.005278300224953654e+02
9.853637597050617103e+01
9.644546436636385067e+01
9.425141575781974268e+01
9.195046203116892514e+01
8.953874641114605026e+01
8.701232346105787485e+01
8.436715908264129382e+01
8.159913051618634938e+01
7.870402634046058665e+01
1.260366093592987511e+02
1.260232654225414137e+02
1.259831926214758369e+02
1.259162679836833831e+02
1.258222865551109209e+02
1.257009614001276532e+02
1.255519236014492890e+02
1.253747222602044076e+02
1.251688244959060086e+02
1.249336154464231186e+02
1.246683982680470564e+02
1.243723941354346607e+02
1.240447422416366408e+02
1.236844997980881544e+02
1.232906420345898368e+02
1.228620621993457007e+02
1.223975715589631363e+02
1.218958993983960681e+02
1.213556930210207412e+02
1.207755177485694276e+02
1.201538569211682699e+02
1.194891118973373523e+02
1.187796020539811508e+02
1.180235647863791257e+02
1.172191555082046364e+02
1.163644476515059978e+02
1.154574326667348743e+02
1.144960200227274072e+02
1.134780372066662295e+02
1.124012297241752805e+02
1.112632610992250193e+02
1.100617128741892685e+02
1.087940846098168350e+02
1.074577938852504104e+02
1.060501762980171208e+02
1.045684854640285266e+02
1.030098930175616516e+02
1.013714886113348257e+02
9.965027991637498417e+01
9.784319262215035451e+01
9.594707043649464140e+01
9.395867508563544845e+01
9.187468631417534937e+01
8.969170188511081676e+01
8.740623757980377206e+01
8.501472719804799283e+01
8.251352255796480506e+01
7.989889349611682690e+01
7.716702786739422493e+01
7.431403154511902187e+01
1.222433850716318631e+02
1.222292060271001901e+02
1.221866312767853344e+02
1.221155479704141982e+02
1.220157680242550668e+02
1.218870281210608084e+02
1.217289897100973377e+02
1.215412390071151094e+02
1.213232869943775825e+02
1.210745694206517840e+02
1.207944468012082382e+02
1.204822044178020661e+02
1.201370523187203219e+02
1.197581253187157273e+02
1.193444829990634446e+02
1.188951097075516827e+02
1.184089145584531764e+02
1.178847314325347782e+02
1.173213189770952596e+02
1.167173606059084960e+02
1.160714644992613813e+02
1.153821636039348562e+02
1.146479156332228797e+02
1.138671030669134581e+02
1.130380331512886443e+02
1.121589378991719315e+02
1.112279740898240306e+02
1.102432232690565144e+02
1.092026917491845524e+02
1.081043106089794037e+02
1.069459356937632748e+02
1.057253476153429546e+02
1.044402517520097717e+02
1.030882782485965237e+02
1.016669820163826898e+02
1.001738427332081045e+02
9.860626484336876274e+01
9.696157755770211395e+01
9.523703485351120435e+01
9.342981547460264835e+01
9.153702293132444368e+01
8.955568550049027010e+01
8.748275622542678320e+01
8.531511291594522106e+01
8.304955814839824768e+01
8.068281926560416650e+01
7.821154837691324246e+01
7.563232235813188709e+01
7.294164285161741645e+01
7.013593626619278609e+01
1.185477685542840192e+02
1.185327940533985185e+02
1.184878363340544638e+02
1.184127927462649552e+02
1.183074922066869732e+02
1.181716951986307578e+02
1.180050937720977799e+02
1.178073115437333200e+02
1.175779036968549462e+02
1.173163569814524436e+02
1.170220897141405203e+02
1.166944517782629447e+02
1.163327246237694510e+02
1.159361212673009760e+02
1.155037862921517444e+02
1.150347958482882404e+02
1.145281576523492078e+02
1.139828109875982847e+02
1.133976267040281982e+02
1.127714072182186555e+02
1.121028865134784809e+02
1.113907301397508292e+02
1.106335352136416788e+02
1.098298304184197605e+02
1.089780760040355290e+02
1.080766637870927553e+02
1.071239171508485271e+02
1.061180910452416555e+02
1.050573719868547613e+02
1.039398780589711606e+02
1.027636589114895997e+02
1.015266957609999992e+02
1.002269013907550743e+02
9.886212015067030734e+01
9.743012795733345399e+01
9.592863229396660074e+01
9.435527221049255786e+01
9.270761832347791653e+01
9.098317281615209140e+01
8.917936943841671393e+01
8.729357350683623906e+01
8.532308190462838127e+01
8.326512308168314291e+01
8.111685705457223605e+01
7.887537540648281720e+01
7.653770128733110312e+01
7.410078941363924798e+01
7.156152606862065113e+01
6.891672910215145009e+01
6.616314793077056322e+01
1.149475524166708311e+02
1.149318218614041598e+02
1.148845993958407945e+02
1.148057926206244304e+02
1.146952475369005242e+02
1.145527485461836079e+02
1.143780184504900319e+02
1.141707184522810223e+02
1.139304481544058945e+02
1.136567455602156969e+02
1.133490870734779747e+02
1.130068874984241774e+02
1.126295000396927009e+02
1.122162163024237742e+02
1.117662662921266730e+02
1.112788184148314485e+02
1.107529794769372273e+02
1.101877946853733192e+02
1.095822476474381801e+02
1.089352603709035776e+02
1.082456932639862117e+02
1.075123451353382080e+02
1.067339531940755677e+02
1.059091930497402245e+02
1.050366787123095946e+02
1.041149625922438844e+02
1.031425355004008253e+02
1.021178266481020529e+02
1.010392036471140926e+02
9.990497250965783849e+01
9.871337764838965256e+01
9.746260187639184380e+01
9.615076640721061096e+01
9.477593085485598579e+01
9.333609323372608912e+01
9.182918995871129653e+01
9.025309584512797301e+01
8.860562410873740191e+01
8.688452636575523513e+01
8.508749263282311404e+01
8.321215132703703432e+01
8.125606926592847401e+01
7.921675166749271568e+01
7.709164215014159538e+01
7.487812273276024655e+01
7.257351383465031347e+01
7.017507427558673783e+01
6.768000127577049341e+01
6.508543045582844400e+01
6.238843583686085736e+01
1.114400868153021946e+02
1.114236403240245892e+02
1.113742734725633454e+02
1.112919041280804322e+02
1.111763954024524992e+02
1.110275556523276919e+02
1.108451384791351302e+02
1.106288427290375438e+02
1.103783124929596653e+02
1.100931371065977800e+02
1.097728511503911903e+02
1.094169344495412588e+02
1.090248120740019004e+02
1.085958543385174835e+02
1.081293768025470143e+02
1.076246402703399525e+02
1.070808507908888458e+02
1.064971596579387807e+02
1.058726634099969033e+02
1.052064038303418130e+02
1.044973679470047045e+02
1.037444880327692971e+02
1.029466416051813411e+02
1.021026514265486185e+02
1.012112855039030563e+02
1.002712570891048927e+02
9.928122467870063872e+01
9.823979201403669492e+01
9.714550808122150727e+01
9.599686711108763859e+01
9.479230857925813325e+01
9.353021720609906708e+01
9.220892295672911132e+01
9.082670104103840458e+01
8.938177191366965246e+01
8.787230127403707058e+01
8.629640006629794868e+01
8.465212447936210083e+01
8.293747594690141511e+01
8.115040114735923282e+01
7.928879200394096927e+01
7.735048568457614238e+01
7.533326460198470897e+01
7.323485641364868570e+01
7.105293402176471318e+01
6.878511557334832105e+01
6.642896446012021272e+01
6.398198931859155891e+01
6.144164403001657604e+01
5.880532772043049050e+01
1.080222264813623241e+02
1.080051050607740564e+02
1.079537168360123616e+02
1.078679899181622659e+02
1.077478044923623202e+02
1.075929928177761923e+02
1.074033392276495107e+02
1.071785801292624711e+02
1.069184040039393295e+02
1.066224514070768237e+02
1.062903149681252017e+02
1.059215393905503788e+02
1.055156214519096665e+02
1.050720100037949578e+02
1.045901059718422204e+02
1.040692623557599035e+02
1.035087842292815168e+02
1.029079287402320659e+02
1.022659051104237022e+02
1.015818746357979308e+02
1.008549506862834733e+02
1.000841987059099409e+02
9.926863621269414750e+01
9.840723279879171059e+01
9.749891013032652154e+01
9.654254194753282547e+01
9.553695406467947748e+01
9.448092437005091426e+01
9.337318282604201158e+01
9.221241146906322683e+01
9.099724440957857041e+01
8.972626783212452040e+01
8.839801999526268617e+01
8.701099123161763771e+01
8.556362394785803360e+01
8.405431262473446452e+01
8.248140381700370938e+01
8.084319615351394361e+01
7.913794033714793841e+01
7.736383914482303226e+01
7.551904742753852418e+01
7.360167211032830892e+01
7.160977219227977741e+01
6.954135874654336646e+01
6.739439492029457313e+01
6.516679593478140475e+01
6.285642908531485773e+01
6.046111374123104554e+01
5.797862134591961336e+01
5.540667541684266695e+01
1.046914293156457205e+02
1.046736743967358052e+02
1.046203890729676260e+02
1.045315116432732339e+02
1.044069392725077705e+02
1.042465279914779330e+02
1.040500926969419453e+02
1.038174071515811647e+02
1.035482039840568831e+02
1.032421746889535115e+02
1.028989696267975233e+02
1.025181980240669617e+02
1.020994279731723964e+02
1.016421864325044027e+02
1.011459592263671965e+02
1.006101910450259567e+02
1.000342854446500951e+02
9.941760484743629434e+01
9.875947054142859827e+01
9.805916268069836406e+01
9.731592028522111093e+01
9.652894124090494188e+01
9.569738229964741549e+01
9.482035907925971685e+01
9.389694606349507922e+01
9.292617660206776975e+01
9.190704291061517495e+01
9.083849607076406585e+01
8.971944603003596796e+01
8.854876160192286250e+01
8.732527046585876462e+01
8.604775916721034434e+01
8.471497311732416335e+01
8.332561659344150939e+01
8.187835273878363296e+01
8.037180356251383273e+01
7.880454993973746980e+01
7.717513161148303880e+01
7.548204718476843311e+01
7.372375413250627219e+01
7.189866879358912399e+01
7.000516637286106914e+01
6.804158094106090005e+01
6.600620543493580783e+01
6.389729165711817416e+01
6.171305027624877226e+01
5.945165082685358726e+01
5.711122170945751719e+01
5.468985019046120755e+01
5.218558240229261713e+01
1.014457341053306010e+02
1.014273870655983956e+02
1.013723287469948247e+02
1.012805075513464743e+02
1.011518374816375854e+02
1.009861981420954180e+02
1.007834347381333373e+02
1.005433580763792634e+02
1.002657445646567140e+02
9.995033621199429774e+01
9.959684062862568510e+01
9.920493102600858037e+01
9.877424621675838523e+01
9.830439061473346385e+01
9.779493423496887772e+01
9.724541269374260821e+01
9.665532720851881265e+01
9.602414459791930312e+01
9.535129728185627584e+01
9.463618328138068136e+01
9.387816621876747547e+01
9.307657531748721169e+01
9.223070540223450564e+01
9.133981689889954225e+01
9.040313583456811841e+01
8.941985383754058603e+01
8.838912813729393747e+01
8.731008156455762048e+01
8.618180255122827305e+01
8.500334513041707396e+01
8.377372893644026419e+01
8.249193920480972508e+01
8.115692677227077922e+01
7.976760807673599629e+01
7.832286515732296550e+01
7.682154565440175986e+01
7.526246280947172806e+01
7.364439546531305325e+01
7.196608806584474394e+01
7.022625065623817875e+01
6.842355888285094068e+01
6.655665399322667497e+01
6.462414283612361032e+01
6.262459786154295216e+01
6.055655712062464602e+01
5.841852426576110702e+01
5.620896855052137653e+01
5.392632482970801533e+01
5.156899355928127449e+01
4.913534079646334618e+01
9.828298951119525384e+01
9.826409157390496318e+01
9.820738389216406006e+01
9.811282485624890626e+01
9.798034511668636526e+01
9.780984758417805836e+01
9.760120742965720808e+01
9.735427208420333045e+01
9.706886123916547149e+01
9.674476684606740662e+01
9.638175311661711930e+01
9.597955652275420846e+01
9.553788579660249525e+01
9.505642193051737365e+01
9.453481817701951684e+01
9.397270004885172057e+01
9.336966531895996013e+01
9.272528402050284058e+01
9.203909844681372476e+01
9.131062315144806973e+01
9.053934494817401912e+01
8.972472291094391039e+01
8.886618837392272496e+01
8.796314493147860958e+01
8.701496843818290472e+01
8.602100700879115891e+01
8.498058101829049349e+01
8.389298310186177332e+01
8.275747815487004289e+01
8.157330333292141233e+01
8.033966805179677806e+01
7.905575398748017335e+01
7.772071507615881103e+01
7.633367751424202652e+01
7.489373975832336328e+01
7.339997252521850157e+01
7.185141879189889380e+01
7.024709379561500100e+01
6.858598503375408484e+01
6.686705226393503665e+01
6.508922750397989887e+01
6.325141503189494330e+01
6.135249138592750029e+01
5.939130536448070785e+01
5.736667802620824119e+01
5.527740268992905470e+01
5.312224493468420405e+01
5.089994259969898849e+01
4.860920578443975870e+01
4.624871684852868015e+01
9.520150300649750363e+01
9.518209526436294254e+01
9.512386145065458720e+01
9.502676980345843560e+01
9.489076738622277674e+01
9.471578008782444158e+01
9.450171262247408777e+01
9.424844852982990062e+01
9.395585017488390633e+01
9.362375874801880116e+01
9.325199426506476641e+01
9.284035556715745940e+01
9.238862032086103682e+01
9.189654501812090359e+01
9.136386497628261338e+01
9.079029433805392557e+01
9.017552607152386202e+01
8.951923197020998657e+01
8.882106265297313996e+01
8.808064756407436846e+01
8.729759497317483863e+01
8.647149197530741560e+01
8.560190449089570564e+01
8.468837726572549229e+01
8.373043387103014368e+01
8.272757670337682612e+01
8.167928698473285465e+01
8.058502476244673574e+01
7.944422890927664582e+01
7.825631712334295287e+01
7.702068592814725889e+01
7.573671067261027190e+01
7.440374553102439847e+01
7.302112350304430777e+01
7.158815641373432470e+01
7.010413491354938742e+01
6.856832847831621791e+01
6.697998540926164424e+01
6.533833283298424988e+01
6.364257670150171009e+01
6.189190179215604815e+01
6.008547170774628654e+01
5.822242887640527442e+01
5.630189455167548118e+01
5.432296881249006759e+01
5.228473056315389300e+01
5.018623753337200100e+01
4.802652627822112663e+01
4.580461217818765363e+01
4.351948943910125678e+01
9.219937997759568304e+01
9.217950330436035244e+01
9.211986592409478192e+01
9.202044575502554835e+01
9.188120599426004276e+01
9.170209511772024769e+01
9.148304688015211639e+01
9.122398031514460115e+01
9.092479973513907510e+01
9.058539473139148868e+01
9.020564017399124168e+01
8.978539621188967601e+01
8.932450827283371098e+01
8.882280706342271515e+01
8.828010856910850634e+01
8.769621405415743709e+01
8.707091006166933767e+01
8.640396841358703739e+01
8.569514621068681492e+01
8.494418583258796218e+01
8.415081493772429155e+01
8.331474646338203627e+01
8.243567862568094995e+01
8.151329491956478535e+01
8.054726411882029424e+01
7.953724027606767777e+01
7.848286272276065745e+01
7.738375606919589700e+01
7.623953020448463747e+01
7.504978029659999095e+01
7.381408679233913972e+01
7.253201541731375812e+01
7.120311717599747681e+01
6.982692835170685441e+01
6.840297050655408384e+01
6.693075048150376460e+01
6.540976039638242412e+01
6.383947764982167428e+01
6.221936491928659052e+01
6.054887016109470466e+01
5.882742661037809739e+01
5.705445278114022045e+01
5.522935246617066696e+01
5.335151473712092951e+01
5.142031394448546422e+01
4.943510971757329031e+01
4.739524696454585495e+01
4.530005587237914000e+01
4.314885190690157657e+01
4.094093581278457350e+01
8.927474475035523938e+01
8.925443983006668702e+01
8.919352087067977664e+01
8.909197527677292783e+01
8.894978205587260334e+01
8.876691181858593893e+01
8.854332677848712763e+01
8.827898075224993590e+01
8.797381915949624442e+01
8.762777902291911403e+01
8.724078896822599916e+01
8.681276922413871944e+01
8.634363162240295253e+01
8.583327959780717720e+01
8.528160818812580146e+01
8.468850403420447037e+01
8.405384537988425109e+01
8.337750207203005459e+01
8.265933556054012854e+01
8.189919889833656441e+01
8.109693674135580466e+01
8.025238534855816397e+01
7.936537258195623679e+01
7.843571790653906817e+01
7.746323239035746155e+01
7.644771870446713535e+01
7.538897112295710201e+01
7.428677552293076758e+01
7.314090938452484636e+01
7.195114179089993911e+01
7.071723342824991221e+01
6.943893658575461814e+01
6.811599515564618912e+01
6.674814463319951585e+01
6.533511211666602492e+01
6.387661630735881602e+01
6.237236750961490372e+01
6.082206763074774614e+01
5.922541018116096723e+01
5.758208027425363440e+01
5.589175462641075143e+01
5.415410155711697371e+01
5.236878098881447841e+01
5.053544444699772242e+01
4.865373506019447092e+01
4.672328755993741112e+01
4.474372828078306696e+01
4.271467516034022083e+01
4.063573773919415544e+01
3.850651716099188349e+01
8.642573211884041484e+01
8.640503947317294831e+01
8.634296042660594139e+01
8.623949165038879983e+01
8.609462759667962928e+01
8.590836049839367661e+01
8.568068036938332455e+01
8.541157500426758986e+01
8.510102997858363949e+01
8.474902864867317476e+01
8.435555215172030330e+01
8.392057940579888964e+01
8.344408710976836119e+01
8.292604974338739510e+01
8.236643956723810334e+01
8.176522662274503261e+01
8.112237873220351503e+01
8.043786149873237434e+01
7.971163830630227665e+01
7.894367031973577298e+01
7.813391648468837047e+01
7.728233352769582609e+01
7.638887595610792403e+01
7.545349605813574101e+01
7.447614390281387386e+01
7.345676734006663366e+01
7.239531200064182315e+01
7.129172129612015851e+01
7.014593641895316978e+01
6.895789634242532884e+01
6.772753782068245698e+01
6.645479538868433167e+01
6.513960136228054409e+01
6.378188583814410606e+01
6.238157669379991432e+01
6.093859958760579332e+01
5.945287795879039550e+01
5.792433302741528678e+01
5.635288379437497497e+01
5.473844704145373186e+01
5.308093733123087077e+01
5.138026700717546191e+01
4.963634619358003874e+01
4.784908279557953392e+01
4.601838249918917967e+01
4.414414877121922842e+01
4.222628285937920367e+01
4.026468379219257798e+01
3.825924837901576581e+01
3.620987121011390997e+01
8.365030691324666634e+01
8.362926681473936696e+01
8.356614841684972816e+01
8.346095741238930543e+01
8.331370328940579384e+01
8.312439933117350677e+01
8.289306261617450389e+01
8.261971401810797033e+01
8.230437820589031617e+01
8.194708364365510533e+01
8.154786259077202715e+01
8.110675110181848879e+01
8.062378902657958690e+01
8.009902001007655770e+01
7.953249149252883399e+01
7.892425470940149523e+01
7.827436469135780328e+01
7.758288026427824491e+01
7.684986404927940384e+01
7.607538246266661019e+01
7.525950571600030514e+01
7.440230781604857668e+01
7.350386656476833025e+01
7.256426355937151129e+01
7.158358419227776892e+01
7.056191765111445591e+01
6.949935691873558596e+01
6.839599877323128396e+01
6.725194378786152072e+01
6.606729633115075728e+01
6.484216456684066543e+01
6.357666045385219888e+01
6.227089974637085845e+01
6.092500199378036996e+01
5.953909054066267714e+01
5.811329252685482061e+01
5.664773888739205177e+01
5.514256435252681143e+01
5.359790744775713023e+01
5.201391049374137765e+01
5.039071960643089909e+01
4.872848469693735751e+01
4.702735947159908392e+01
4.528750143200947065e+01
4.350907187494120620e+01
4.169223589240308314e+01
3.983716237163056206e+01
3.794402399505732859e+01
3.601299724033424354e+01
3.404426238034830021e+01
8.094698240671505118e+01
8.092563489361737084e+01
8.086159717037351413e+01
8.075488368524474936e+01
8.060551851858122063e+01
8.041353538295463466e+01
8.017897762304453124e+01
7.990189821570463380e+01
7.958235976993439920e+01
7.922043452688853904e+01
7.881620435989589168e+01
7.836976077440264987e+01
7.788120490804810458e+01
7.735064753057940834e+01
7.677820904395578339e+01
7.616401948225377794e+01
7.550821851169568788e+01
7.481095543068742870e+01
7.407238916978069199e+01
7.329268829167290278e+01
7.247203099120724801e+01
7.161060509542001284e+01
7.070860806344587957e+01
6.976624698662210733e+01
6.878373858841275990e+01
6.776130922444660598e+01
6.669919488250759798e+01
6.559764118254445009e+01
6.445690337663261005e+01
6.327724634901225187e+01
6.205894461609773316e+01
6.080228232643018060e+01
5.950755326072491158e+01
5.817506083184298404e+01
5.680511808481014668e+01
5.539804769676948126e+01
5.395418197708560371e+01
5.247386286719309823e+01
5.095744194076701206e+01
4.940528040357131800e+01
4.781774909356310133e+01
4.619522848083571631e+01
4.453810866763774357e+01
4.284678938837297579e+01
4.112168000960991776e+01
3.936319953004385752e+01
3.757177658057268133e+01
3.574784942420213696e+01
3.389186595611212027e+01
3.200428370363776054e+01
7.831412113254525309e+01
7.829250590985263614e+01
7.822766788075341537e+01
7.811962996219297395e+01
7.796843034904554770e+01
7.777412251415209710e+01
7.753677520832032144e+01
7.725647246029627979e+01
7.693331357679274163e+01
7.656741314247028640e+01
7.615890101994675376e+01
7.570792234978777913e+01
7.521463755053521538e+01
7.467922231865979654e+01
7.410186762859893861e+01
7.348277973275685326e+01
7.282218016148551953e+01
7.212030572306578335e+01
7.137740850377365120e+01
7.059375586780447520e+01
6.976963045734881064e+01
6.890533019252605129e+01
6.800116827139390807e+01
6.705747317001471686e+01
6.607458864235127294e+01
6.505287372037098237e+01
6.399270271395114662e+01
6.289446521095479881e+01
6.175856607718325364e+01
6.058542545641405752e+01
5.937547877036308819e+01
5.812917671869399783e+01
5.684698527902772724e+01
5.552938570697089204e+01
5.417687453605898185e+01
5.278996357777524651e+01
5.136917992156023871e+01
4.991506593484018595e+01
4.842817926296068975e+01
4.690909282924356916e+01
4.535839483494896740e+01
4.377668875930377368e+01
4.216459335949215159e+01
4.052274267063656765e+01
3.885178600584519160e+01
3.715238795614558143e+01
3.542522839054148420e+01
3.367100245598445696e+01
3.189042057739280978e+01
3.008420845763263429e+01
7.574968140144733297e+01
7.572783769661366193e+01
7.566231694121938745e+01
7.555315021263216124e+01
7.540038930648999838e+01
7.520410673664439116e+01
7.496439573523616673e+01
7.468137025261019346e+01
7.435516495739118170e+01
7.398593523644574077e+01
7.357385719487297138e+01
7.311912765604233755e+01
7.262196416155575207e+01
7.208260497128549105e+01
7.150130906330787184e+01
7.087835613399799684e+01
7.021404659795393854e+01
6.950870158802520393e+01
6.876266295530324157e+01
6.797629326914034209e+01
6.714997581714025898e+01
6.628411460513916609e+01
6.537913435723415034e+01
6.443548051574528301e+01
6.345361924128193465e+01
6.243403741268593876e+01
6.137724262703159184e+01
6.028376319965407504e+01
5.915414816413051824e+01
5.798896727229892178e+01
5.678881099423923473e+01
5.555429051829226950e+01
5.428603775100290108e+01
5.298470531722424681e+01
5.165096656001347952e+01
5.028551554069812113e+01
4.888906703883814231e+01
4.746235655227337702e+01
4.600614029703820052e+01
4.452119520748473036e+01
4.300831893615016810e+01
4.146832985385155013e+01
3.990206704965734019e+01
3.831039033086843659e+01
3.669418022304663651e+01
3.505433796998621432e+01
3.339178553376124370e+01
3.170746559464987513e+01
3.000234155121953705e+01
2.827739752026066711e+01
7.325118561473686896e+01
7.322915202157294345e+01
7.316306421103983837e+01
7.305296109007979055e+01
7.289890750360920890e+01
7.270099423447125275e+01
7.245933800347377485e+01
7.217408146939874314e+01
7.184539322897383329e+01
7.147346781691037165e+01
7.105852570584640659e+01
7.060081330639415853e+01
7.010060296712102001e+01
6.955819297456855566e+01
6.897390755320505207e+01
6.834809686550140384e+01
6.768113701183627029e+01
6.697343003059093292e+01
6.622540389810183115e+01
6.543751252862269041e+01
6.461023577441930854e+01
6.374407942568419827e+01
6.283957521058406570e+01
6.189728079523130333e+01
6.091777978371244728e+01
5.990168171805028408e+01
5.884962207826067981e+01
5.776226228227680082e+01
5.664028968604384318e+01
5.548441758341482455e+01
5.429538520621690623e+01
5.307395772426085756e+01
5.182092624527475522e+01
5.053710781499868432e+01
4.922334541707110844e+01
4.788050797314250673e+01
4.650949034279960870e+01
4.511121332356538005e+01
4.368662365097483047e+01
4.223669399847077699e+01
4.076242297748914467e+01
3.926483513739261610e+01
3.774498096555589655e+01
3.620393688725206260e+01
3.464280526575672781e+01
3.306271440228177738e+01
3.146481853599425449e+01
2.985029784405431386e+01
2.822035844152992468e+01
2.657623238151056100e+01
