1.042918710169828955e+03
1.043129189976946236e+03
1.043760629396922468e+03
1.044813028425573975e+03
1.046286387056011336e+03
1.048180705278537062e+03
1.050495983080679707e+03
1.053232220447193868e+03
1.056389417360071548e+03
1.059967573798576268e+03
1.063966689739106641e+03
1.068386765155423745e+03
1.073227800018378275e+03
1.078489794296137916e+03
1.084172747954107763e+03
1.090276660954862109e+03
1.096801533258258132e+03
1.103747364821333576e+03
1.111114155598431807e+03
1.118901905541042652e+03
1.127110614597961558e+03
1.135740282715141802e+03
1.144790909835808179e+03
1.154262495900434260e+03
1.164155040846685552e+03
1.174468544609453602e+03
1.185203007120890106e+03
1.196358428310372801e+03
1.207934808104528202e+03
1.219932146427140651e+03
1.232350443199277379e+03
1.245189698339231654e+03
1.258449911762545526e+03
1.272131083381952976e+03
1.286233213107436768e+03
1.300756300846217073e+03
1.315700346502728735e+03
1.331065349978632639e+03
1.346851311172827081e+03
1.363058229981481873e+03
1.379686106297947390e+03
1.396734940012788684e+03
1.414204731013819583e+03
1.432095479186159537e+03
1.450407184412040351e+03
1.469139846570965346e+03
1.488293465539732097e+03
1.507868041192273267e+03
1.527863573399804409e+03
1.548280062030721638e+03
1.058214063742661892e+03
1.058427630422909260e+03
1.059068330462173435e+03
1.060136163856111580e+03
1.061631130597493211e+03
1.063553230676166095e+03
1.065902464079101719e+03
1.068678830790361189e+03
1.071882330791106597e+03
1.075512964059612386e+03
1.079570730571253989e+03
1.084055630298507822e+03
1.088967663210928549e+03
1.094306829275228665e+03
1.100073128455176175e+03
1.106266560711674174e+03
1.112887126002692639e+03
1.119934824283313901e+03
1.127409655505744013e+03
1.135311619619301382e+03
1.143640716570359928e+03
1.152396946302417291e+03
1.161580308756094837e+03
1.171190803869103547e+03
1.181228431576232651e+03
1.191693191809395103e+03
1.202585084497638945e+03
1.213904109567044998e+03
1.225650266940874644e+03
1.237823556539399306e+03
1.250423978280082338e+03
1.263451532077431239e+03
1.276906217843111335e+03
1.290788035485820728e+03
1.305096984911415348e+03
1.319833066022818002e+03
1.334996278720097962e+03
1.350586622900368639e+03
1.366604098457901273e+03
1.383048705284033986e+03
1.399920443267228620e+03
1.417219312293048006e+03
1.434945312244110482e+03
1.453098443000237694e+03
1.471678704438227214e+03
1.490686096432091290e+03
1.510120618852920416e+03
1.529982271568792385e+03
1.550271054445079244e+03
1.570986967344106233e+03
1.073730204584512649e+03
1.073946902680904714e+03
1.074596996968580243e+03
1.075680487442991762e+03
1.077197374096544991e+03
1.079147656918655684e+03
1.081531335895658685e+03
1.084348411010932978e+03
1.087598882244719789e+03
1.091282749574315858e+03
1.095400012973971116e+03
1.099950672414877317e+03
1.104934727865224886e+03
1.110352179290157437e+03
1.116203026651783148e+03
1.122487269909186125e+03
1.129204909018426406e+03
1.136355943932539958e+03
1.143940374601493204e+03
1.151958200972285340e+03
1.160409422988823280e+03
1.169294040591989869e+03
1.178612053719700725e+03
1.188363462306767815e+03
1.198548266284990405e+03
1.209166465583189165e+03
1.220218060127058379e+03
1.231703049839359210e+03
1.243621434639749168e+03
1.255973214444895802e+03
1.268758389168419853e+03
1.281976958720906623e+03
1.295628923009951450e+03
1.309714281940068759e+03
1.324233035412748904e+03
1.339185183326458173e+03
1.354570725576650148e+03
1.370389662055777080e+03
1.386641992653130728e+03
1.403327717255137941e+03
1.420446835745065073e+03
1.437999348003211253e+03
1.455985253906862908e+03
1.474404553330202816e+03
1.493257246144446526e+03
1.512543332217774150e+03
1.532262811415262149e+03
1.552415683599087970e+03
1.573001948628279933e+03
1.594021606358887766e+03
1.089469899056655322e+03
1.089689773676684581e+03
1.090349397535180742e+03
1.091448770627357590e+03
1.092987892945359363e+03
1.094966764477999277e+03
1.097385385211100584e+03
1.100243755127166878e+03
1.103541874205598106e+03
1.107279742422656454e+03
1.111457359751364038e+03
1.116074726161605213e+03
1.121131841620092473e+03
1.126628706090366450e+03
1.132565319532818648e+03
1.138941681904634606e+03
1.145757793159850735e+03
1.153013653249331583e+03
1.160709262120747098e+03
1.168844619718640843e+03
1.177419725984384513e+03
1.186434580856098364e+03
1.195889184268855843e+03
1.205783536154456215e+03
1.216117636441572358e+03
1.226891485055716657e+03
1.238105081919241002e+03
1.249758426951268575e+03
1.261851520067796173e+03
1.274384361181660097e+03
1.287356950202467942e+03
1.300769287036746391e+03
1.314621371587793419e+03
1.328913203755735140e+03
1.343644783437525803e+03
1.358816110527004639e+03
1.374427184914759437e+03
1.390478006488251594e+03
1.406968575131793386e+03
1.423898890726491118e+03
1.441268953150279231e+03
1.459078762277954411e+03
1.477328317981107375e+03
1.496017620128168346e+03
1.515146668584429790e+03
1.534715463211955466e+03
1.554724003869682747e+03
1.575172290413388509e+03
1.596060322695643663e+03
1.617388100565835884e+03
1.105435927839528176e+03
1.105659024658552880e+03
1.106328315114069483e+03
1.107443799201041656e+03
1.109005476911170263e+03
1.111013348232893350e+03
1.113467413151261098e+03
1.116367671648049509e+03
1.119714123701680819e+03
1.123506769287291718e+03
1.127745608376721975e+03
1.132430640938423494e+03
1.137561866937619470e+03
1.143139286336145233e+03
1.149162899092584667e+03
1.155632705162133789e+03
1.162548704496703067e+03
1.169910897044928788e+03
1.177719282752059371e+03
1.185973861560091791e+03
1.194674633407657893e+03
1.203821598230115342e+03
1.213414755959456670e+03
1.223454106524400231e+03
1.233939649850333353e+03
1.244871385859300972e+03
1.256249314470107947e+03
1.268073435598148535e+03
1.280343749155599653e+03
1.293060255051204877e+03
1.306222953190479075e+03
1.319831843475606092e+03
1.333886925805427381e+03
1.348388200075487475e+03
1.363335666178033989e+03
1.378729324001938039e+03
1.394569173432864773e+03
1.410855214353000520e+03
1.427587446641371116e+03
1.444765870173580424e+03
1.462390484822003600e+03
1.480461290455605194e+03
1.498978286940109683e+03
1.517941474137910518e+03
1.537350851908013283e+03
1.557206420106240330e+03
1.577508178585003407e+03
1.598256127193371867e+03
1.619450265777231834e+03
1.641090594178945139e+03
1.121631084866294259e+03
1.121857450131028600e+03
1.122536545923503581e+03
1.123668372238489610e+03
1.125252929067357854e+03
1.127290216397921085e+03
1.129780234214615575e+03
1.132722982498307829e+03
1.136118461226510590e+03
1.139966670373178204e+03
1.144267609908820305e+03
1.149021279800490447e+03
1.154227680011797474e+03
1.159886810502803201e+03
1.165998671230158834e+03
1.172563262147070873e+03
1.179580583203198785e+03
1.187050634344802802e+03
1.194973415514641601e+03
1.203348926652006412e+03
1.212177167692755120e+03
1.221458138569187213e+03
1.231191839210271155e+03
1.241378269541360169e+03
1.252017429484453714e+03
1.263109318958004224e+03
1.274653937877076260e+03
1.286651286153153251e+03
1.299101363694353495e+03
1.312004170405282366e+03
1.325359706187066422e+03
1.339167970937398877e+03
1.353428964550482760e+03
1.368142686917030915e+03
1.383309137924311472e+03
1.398928317456147852e+03
1.415000225392839184e+03
1.431524861611273991e+03
1.448502225984816505e+03
1.465932318383408983e+03
1.483815138673503498e+03
1.502150686718073302e+03
1.520938962376635573e+03
1.540179965505262771e+03
1.559873695956480333e+03
1.580020153579448561e+03
1.600619338219803467e+03
1.621671249719724983e+03
1.643175887917868749e+03
1.665133252649502538e+03
1.138058248600134448e+03
1.138287929143666588e+03
1.138976970772489494e+03
1.140125373481157567e+03
1.141733137260575859e+03
1.143800262098068288e+03
1.146326747977298055e+03
1.149312594878313121e+03
1.152757802777523466e+03
1.156662371647723830e+03
1.161026301458059606e+03
1.165849592174060945e+03
1.171132243757665492e+03
1.176874256167116073e+03
1.183075629357063008e+03
1.189736363278518638e+03
1.196856457878880065e+03
1.204435913101906408e+03
1.212474728887741549e+03
1.220972905172857281e+03
1.229930441890155635e+03
1.239347338968889289e+03
1.249223596334672948e+03
1.259559213909483333e+03
1.270354191611659189e+03
1.281608529356003601e+03
1.293322227053579354e+03
1.305495284611856732e+03
1.318127701934702145e+03
1.331219478922344024e+03
1.344770615471338715e+03
1.358781111474695535e+03
1.373250966821706243e+03
1.388180181398115565e+03
1.403568755085973407e+03
1.419416687763759910e+03
1.435723979306271758e+03
1.452490629584713133e+03
1.469716638466638869e+03
1.487402005815999928e+03
1.505546731493097923e+03
1.524150815354619226e+03
1.543214257253634969e+03
1.562737057039521460e+03
1.582719214558096610e+03
1.603160729651540350e+03
1.624061602158394635e+03
1.645421831913563437e+03
1.667241418748312753e+03
1.689520362490293337e+03
1.154720625224740616e+03
1.154953668522466614e+03
1.155652798413791515e+03
1.156818014893008240e+03
1.158449317950601198e+03
1.160546707573325875e+03
1.163110183744083770e+03
1.166139746441990610e+03
1.169635395642421827e+03
1.173597131316864761e+03
1.178024953433077826e+03
1.182918861955010925e+03
1.188278856842794085e+03
1.194104938052805664e+03
1.200397105537592779e+03
1.207155359245905402e+03
1.214379699122753209e+03
1.222070125109280525e+03
1.230226637142845902e+03
1.238849235157067596e+03
1.247937919081732616e+03
1.257492688842808093e+03
1.267513544362509492e+03
1.278000485559209665e+03
1.288953512347575270e+03
1.300372624638362140e+03
1.312257822338608548e+03
1.324609105351510152e+03
1.337426473576533681e+03
1.350709926909291880e+03
1.364459465241588987e+03
1.378675088461523046e+03
1.393356796453281277e+03
1.408504589097344706e+03
1.424118466270363115e+03
1.440198427845177775e+03
1.456744473690878294e+03
1.473756603672723031e+03
1.491234817652173206e+03
1.509179115486915634e+03
1.527589497030828625e+03
1.546465962133993344e+03
1.565808510642705187e+03
1.585617142399496515e+03
1.605891857243022969e+03
1.626632655008188522e+03
1.647839535526100008e+03
1.669512498624135333e+03
1.691651544125738837e+03
1.714256671850648672e+03
1.171621544269328297e+03
1.171857998460473027e+03
1.172567361031963173e+03
1.173749631977830177e+03
1.175404811288171913e+03
1.177532898949061746e+03
1.180133894942628103e+03
1.183207799247077219e+03
1.186754611836568074e+03
1.190774332681360193e+03
1.195266961747688583e+03
1.200232498997820585e+03
1.205670944390112709e+03
1.211582297878885583e+03
1.217966559414526273e+03
1.224823728943442802e+03
1.232153806408064156e+03
1.239956791746840281e+03
1.248232684894321665e+03
1.256981485780977437e+03
1.266203194333388637e+03
1.275897810474168637e+03
1.286065334121872183e+03
1.296705765191211412e+03
1.307819103592828469e+03
1.319405349233454672e+03
1.331464502015796825e+03
1.343996561838650905e+03
1.357001528596788376e+03
1.370479402181081241e+03
1.384430182478342886e+03
1.398853869371464498e+03
1.413750462739392333e+03
1.429119962457070869e+03
1.444962368395465546e+03
1.461277680421585501e+03
1.478065898398472200e+03
1.495327022185199439e+03
1.513061051636873344e+03
1.531267986604621001e+03
1.549947826935579087e+03
1.569100572472962085e+03
1.588726223055982700e+03
1.608824778519897336e+03
1.629396238695971988e+03
1.650440603411539087e+03
1.671957872489906549e+03
1.693948045750471465e+03
1.716411123008629147e+03
1.739347104075818606e+03
1.188764251447707920e+03
1.189004165319943240e+03
1.189723906934591469e+03
1.190923476285422566e+03
1.192602873362056926e+03
1.194762098149953999e+03
1.197401150630423672e+03
1.200520030780626257e+03
1.204118738573583869e+03
1.208197273978146313e+03
1.212755636959025196e+03
1.217793827476737079e+03
1.223311845487728533e+03
1.229309690944228350e+03
1.235787363794315752e+03
1.242744863981943126e+03
1.250182191446901925e+03
1.258099346124811291e+03
1.266496327947197642e+03
1.275373136841335509e+03
1.284729772730440800e+03
1.294566235533534382e+03
1.304882525165476181e+03
1.315678641537022031e+03
1.326954584554698613e+03
1.338710354120951251e+03
1.350945950134018858e+03
1.363661372488036250e+03
1.376856621072943199e+03
1.390531695774564014e+03
1.404686596474539328e+03
1.419321323050371575e+03
1.434435875375424985e+03
1.450030253318868745e+03
1.466104456745779316e+03
1.482658485517026747e+03
1.499692339489342885e+03
1.517206018515332744e+03
1.535199522443417663e+03
1.553672851117880782e+03
1.572626004378867037e+03
1.592058982062326322e+03
1.611971784000115804e+03
1.632364410019863499e+03
1.653236859945127435e+03
1.674589133595236490e+03
1.696421230785426815e+03
1.718733151326773623e+03
1.741524895026191189e+03
1.764796461686387374e+03
1.206151885560461778e+03
1.206395308530159127e+03
1.207125577437091124e+03
1.208342692274754882e+03
1.210046653032247832e+03
1.212237459694415520e+03
1.214915112241681072e+03
1.218079610650170252e+03
1.221730954891654619e+03
1.225869144933551524e+03
1.230494180738924115e+03
1.235606062266538174e+03
1.241204789470782544e+03
1.247290362301680489e+03
1.253862780704969282e+03
1.260922044621986515e+03
1.268468153989783787e+03
1.276501108740978907e+03
1.285020908803960538e+03
1.294027554102717659e+03
1.303521044556850939e+03
1.313501380081697789e+03
1.323968560588218679e+03
1.334922585982985765e+03
1.346363456168319317e+03
1.358291171042139922e+03
1.370705730498025332e+03
1.383607134425187724e+03
1.396995382708553279e+03
1.410870475228671239e+03
1.425232411861759374e+03
1.440081192479669880e+03
1.455416816949934855e+03
1.471239285135743557e+03
1.487548596895896935e+03
1.504344752084932679e+03
1.521627750552966063e+03
1.539397592145826366e+03
1.557654276704965923e+03
1.576397804067505604e+03
1.595628174066200700e+03
1.615345386529497773e+03
1.635549441281523286e+03
1.656240338141969914e+03
1.677418076926232970e+03
1.699082657445410405e+03
1.721234079506211856e+03
1.743872342910981388e+03
1.766997447457765702e+03
1.790609392940268663e+03
1.223787603830714943e+03
1.224034585950039400e+03
1.224775532305773140e+03
1.226010442891038110e+03
1.227739317694533838e+03
1.229962156700321430e+03
1.232678959887994097e+03
1.235889727232517998e+03
1.239594458704402768e+03
1.243793154269565093e+03
1.248485813889362817e+03
1.253672437520640415e+03
1.259353025115728997e+03
1.265527576622366723e+03
1.272196091983732913e+03
1.279358571138527623e+03
1.287015014020857961e+03
1.295165420560294933e+03
1.303809790681896175e+03
1.312948124306149111e+03
1.322580421348993696e+03
1.332706681721833775e+03
1.343326905331559828e+03
1.354441092080458020e+03
1.366049241866312514e+03
1.378151354582382737e+03
1.390747430117335171e+03
1.403837468355322926e+03
1.417421469175951643e+03
1.431499432454256748e+03
1.446071358060805778e+03
1.461137245861527845e+03
1.476697095717895536e+03
1.492750907486743017e+03
1.509298681020459298e+03
1.526340416166829073e+03
1.543876112769089559e+03
1.561905770665998716e+03
1.580429389691698816e+03
1.599446969675818764e+03
1.618958510443462728e+03
1.638964011815141930e+03
1.659463473606865591e+03
1.680456895630140934e+03
1.701944277691768548e+03
1.723925619594228920e+03
1.746400921135250428e+03
1.769370182108195877e+03
1.792833402301789647e+03
1.816790581500185908e+03
1.241674576224738757e+03
1.241925168200486951e+03
1.242676944125355476e+03
1.243929903992238906e+03
1.245684047789234228e+03
1.247939375499709058e+03
1.250695887102278903e+03
1.253953582570818526e+03
1.257712461874416476e+03
1.261972524977466037e+03
1.266733771839551537e+03
1.271996202415516564e+03
1.277759816655486702e+03
1.284024614504789952e+03
1.290790595904059046e+03
1.298057760789095028e+03
1.305826109091026410e+03
1.314095640736172754e+03
1.322866355646158354e+03
1.332138253737764444e+03
1.341911334923111099e+03
1.352185599109543546e+03
1.362961046199609427e+03
1.374237676091161120e+03
1.386015488677264784e+03
1.398294483846245839e+03
1.411074661481677595e+03
1.424356021462381250e+03
1.438138563662403158e+03
1.452422287951117141e+03
1.467207194192997122e+03
1.482493282247935440e+03
1.498280551970958641e+03
1.514569003212363896e+03
1.531358635817730374e+03
1.548649449627828290e+03
1.566441444478755329e+03
1.584734620201766120e+03
1.603528976623397284e+03
1.622824513565524285e+03
1.642621230845088576e+03
1.662919128274415925e+03
1.683718205661079992e+03
1.705018462807811375e+03
1.726819899512679513e+03
1.749122515568933522e+03
1.771926310765161361e+03
1.795231284885062450e+03
1.819037437707720528e+03
1.843344769007376271e+03
1.259815999515694784e+03
1.260070252720049666e+03
1.260833012330590464e+03
1.262104278339904795e+03
1.263884050735543951e+03
1.266172329500136584e+03
1.268969114611240911e+03
1.272274406041617567e+03
1.276088203758888540e+03
1.280410507725798652e+03
1.285241317900090507e+03
1.290580634234538593e+03
1.296428456676949281e+03
1.302784785170206305e+03
1.309649619652111596e+03
1.317022960055589920e+03
1.324904806308575189e+03
1.333295158334010466e+03
1.342194016049870697e+03
1.351601379369196820e+03
1.361517248200004815e+03
1.371941622445388020e+03
1.382874502003448924e+03
1.394315886767287793e+03
1.406265776625082253e+03
1.418724171460041816e+03
1.431691071150362404e+03
1.445166475569294562e+03
1.459150384585132088e+03
1.473642798061177928e+03
1.488643715855744176e+03
1.504153137822220287e+03
1.520171063808993495e+03
1.536697493659482916e+03
1.553732427212173661e+03
1.571275864300503144e+03
1.589327804753008877e+03
1.607888248393237518e+03
1.626957195039722137e+03
1.646534644506141376e+03
1.666620596601046600e+03
1.687215051128146115e+03
1.708318007886100531e+03
1.729929466668636451e+03
1.752049427264523729e+03
1.774677889457484525e+03
1.797814853026375204e+03
1.821460317745027169e+03
1.845614283382269605e+03
1.870276749702043162e+03
1.278215231885462799e+03
1.278473198371420949e+03
1.279247097826703339e+03
1.280536930243488314e+03
1.282342695608781469e+03
1.284664393904427016e+03
1.287502025106982728e+03
1.290855589187867736e+03
1.294725086113294310e+03
1.299110515844267866e+03
1.304011878336586960e+03
1.309429173540866032e+03
1.315362401402501291e+03
1.321811561861716200e+03
1.328776654853538730e+03
1.336257680307733153e+03
1.344254638148936465e+03
1.352767528296590172e+03
1.361796350664872080e+03
1.371341105162798613e+03
1.381401791694202075e+03
1.391978410157707913e+03
1.403070960446689242e+03
1.414679442449403268e+03
1.426803856048854868e+03
1.439444201122876166e+03
1.452600477544069690e+03
1.466272685179865221e+03
1.480460823892508415e+03
1.495164893538981232e+03
1.510384893971138354e+03
1.526120825035582129e+03
1.542372686573753526e+03
1.559140478421886655e+03
1.576424200410997400e+03
1.594223852366928895e+03
1.612539434110294678e+03
1.631370945456501431e+03
1.650718386215839928e+03
1.670581756193291767e+03
1.690961055188699902e+03
1.711856282996723166e+03
1.733267439406768062e+03
1.755194524203079709e+03
1.777637537164696369e+03
1.800596478065472184e+03
1.824071346674008964e+03
1.848062142753769876e+03
1.872568866062988491e+03
1.897591516354691521e+03
1.296875822542904189e+03
1.297137555061669900e+03
1.297922752615261288e+03
1.299231415195504269e+03
1.301063542788801897e+03
1.303419135376122995e+03
1.306298192933002156e+03
1.309700715429551110e+03
1.313626702830379145e+03
1.318076155094706792e+03
1.323049072176343088e+03
1.328545454023605998e+03
1.334565300579401992e+03
1.341108611781180571e+03
1.348175387560968375e+03
1.355765627845335075e+03
1.363879332555484325e+03
1.372516501607060491e+03
1.381677134910376026e+03
1.391361232370240941e+03
1.401568793886065123e+03
1.412299819351790120e+03
1.423554308655957357e+03
1.435332261681605814e+03
1.447633678306431193e+03
1.460458558402592644e+03
1.473806901836883299e+03
1.487678708470627953e+03
1.502073978159705803e+03
1.516992710754573181e+03
1.532434906100229455e+03
1.548400564036285232e+03
1.564889684396848679e+03
1.581902267010627838e+03
1.599438311700885151e+03
1.617497818285437461e+03
1.636080786576667379e+03
1.655187216381546023e+03
1.674817107501553437e+03
1.694970459732758172e+03
1.715647272865817285e+03
1.736847546685930865e+03
1.758571280972819295e+03
1.780818475500814202e+03
1.803589130038812982e+03
1.826883244350233326e+03
1.850700818193104169e+03
1.875041851319952002e+03
1.899906343477937298e+03
1.925294294408763562e+03
1.315801353796996409e+03
1.316066905803995724e+03
1.316863561822208339e+03
1.318191321843073638e+03
1.320050185852380764e+03
1.322440153830211784e+03
1.325361225750998528e+03
1.328813401583420273e+03
1.332796681290506058e+03
1.337311064829623319e+03
1.342356552152409677e+03
1.347933143204818407e+03
1.354040837927141183e+03
1.360679636253951230e+03
1.367849538114182906e+03
1.375550543430983907e+03
1.383782652121931278e+03
1.392545864098860875e+03
1.401840179267867370e+03
1.411665597529452043e+03
1.422022118778386357e+03
1.432909742903757433e+03
1.444328469788911207e+03
1.456278299311611590e+03
1.468759231343869942e+03
1.481771265751990541e+03
1.495314402396627429e+03
1.509388641132750308e+03
1.523993981809599063e+03
1.539130424270763342e+03
1.554797968354137083e+03
1.570996613891929883e+03
1.587726360710632889e+03
1.604987208631109752e+03
1.622779157468448830e+03
1.641102207032145088e+03
1.659956357125929571e+03
1.679341607547917192e+03
1.699257958090447573e+03
1.719705408540244207e+03
1.740683958678278032e+03
1.762193608279972068e+03
1.784234357114814884e+03
1.806806204946860817e+03
1.829909151534366174e+03
1.853543196629834711e+03
1.877708339980199526e+03
1.902404581326618427e+03
1.927631920404610355e+03
1.953390356944032646e+03
1.334995330584683870e+03
1.335264756232822947e+03
1.336073033174272950e+03
1.337420161400098095e+03
1.339306140895462249e+03
1.341730971639481140e+03
1.344694653605449730e+03
1.348197186760592103e+03
1.352238571066254735e+03
1.356818806477826911e+03
1.361937892944729356e+03
1.367595830410425606e+03
1.373792618812478850e+03
1.380528258082472348e+03
1.387802748145998066e+03
1.395616088922758991e+03
1.403968280326512286e+03
1.412859322265012452e+03
1.422289214640102273e+03
1.432257957347655974e+03
1.442765550277636066e+03
1.453811993314002393e+03
1.465397286334814453e+03
1.477521429212129078e+03
1.490184421812114124e+03
1.503386263994934779e+03
1.517126955614821782e+03
1.531406496520116889e+03
1.546224886553102351e+03
1.561582125550216915e+03
1.577478213341839819e+03
1.593913149752518166e+03
1.610886934600773657e+03
1.628399567699193540e+03
1.646451048854419241e+03
1.665041377867180472e+03
1.684170554532170172e+03
1.703838578638215040e+03
1.724045449968161847e+03
1.744791168298888806e+03
1.766075733401339676e+03
1.787899145040523763e+03
1.810261402975515921e+03
1.833162506959365601e+03
1.856602456739210538e+03
1.880581252056322228e+03
1.905098892645901287e+03
1.930155378237259356e+03
1.955750708553728145e+03
1.981884883312750389e+03
1.354461257130526519e+03
1.354734611272829170e+03
1.355554673696553891e+03
1.356921444392423837e+03
1.358834923344829804e+03
1.361295110532034869e+03
1.364302005926015227e+03
1.367855609492551139e+03
1.371955921191192829e+03
1.376602940975271849e+03
1.381796668791912452e+03
1.387537104581963376e+03
1.393824248280088796e+03
1.400658099814756952e+03
1.408038659108160573e+03
1.415965926076285086e+03
1.424439900628919986e+03
1.433460582669613359e+03
1.443027972095637779e+03
1.453142068798183573e+03
1.463802872662040500e+03
1.475010383565927441e+03
1.486764601382265027e+03
1.499065525977255220e+03
1.511913157210858571e+03
1.525307494936873809e+03
1.539248539002835514e+03
1.553736289250059599e+03
1.568770745513631937e+03
1.584351907622442468e+03
1.600479775399139726e+03
1.617154348660130836e+03
1.634375627215649729e+03
1.652143610869666190e+03
1.670458299419942705e+03
1.689319692657977612e+03
1.708727790369175636e+03
1.728682592332529566e+03
1.749184098320961311e+03
1.770232308101071794e+03
1.791827221433368322e+03
1.813968838071969003e+03
1.836657157764875592e+03
1.859892180253882543e+03
1.883673905274440585e+03
1.908002332555929570e+03
1.932877461821362886e+03
1.958299292787683044e+03
1.984267825165511567e+03
2.010783058659217204e+03
1.374202552125916554e+03
1.374479890317479658e+03
1.375311904888917525e+03
1.376698595830464456e+03
1.378639963125829127e+03
1.381136006752240064e+03
1.384186726680457014e+03
1.387792122874611778e+03
1.391952195292435590e+03
1.396666943885111323e+03
1.401936368597284854e+03
1.407760469367178757e+03
1.414139246126399030e+03
1.421072698800139733e+03
1.428560827307012460e+03
1.436603631559171390e+03
1.445201111462233712e+03
1.454353266915279619e+03
1.464060097810988736e+03
1.474321604035412747e+03
1.485137785468123184e+03
1.496508641982245535e+03
1.508434173444334192e+03
1.520914379714463394e+03
1.533949260646159019e+03
1.547538816086489533e+03
1.561683045875997777e+03
1.576381949848712338e+03
1.591635527832136177e+03
1.607443779647292104e+03
1.623806705108700044e+03
1.640724304024297453e+03
1.658196576195655325e+03
1.676223521417705342e+03
1.694805139478899036e+03
1.713941430161207791e+03
1.733632393240100100e+03
1.753878028484518836e+03
1.774678335656903982e+03
1.796033314513147161e+03
1.817942964802682582e+03
1.840407286268441567e+03
1.863426278646784340e+03
1.886999941667613712e+03
1.911128275054329606e+03
1.935811278523829060e+03
1.961048951786369798e+03
1.986841294545934034e+03
2.013188306499819191e+03
2.040089987338865285e+03
1.394222516000252199e+03
1.394503894498996033e+03
1.395348029991816929e+03
1.396754922468483073e+03
1.398724571911986914e+03
1.401256978298522426e+03
1.404352141597451009e+03
1.408010061771290111e+03
1.412230738775838290e+03
1.417014172560016050e+03
1.422360363065968158e+03
1.428269310229006805e+03
1.434741013977668445e+03
1.441775474233656951e+03
1.449372690911889094e+03
1.457532663920460436e+03
1.466255393160633957e+03
1.475540878526908273e+03
1.485389119906972155e+03
1.495800117181693167e+03
1.506773870225106293e+03
1.518310378904493518e+03
1.530409643080270143e+03
1.543071662606075733e+03
1.556296437328774118e+03
1.570083967088339705e+03
1.584434251718016640e+03
1.599347291044205122e+03
1.614823084886506877e+03
1.630861633057702420e+03
1.647462935363773795e+03
1.664626991603915940e+03
1.682353801570479845e+03
1.700643365049040767e+03
1.719495681818352750e+03
1.738910751650314523e+03
1.758888574310140029e+03
1.779429149556085576e+03
1.800532477139745424e+03
1.822198556805756198e+03
1.844427388292115211e+03
1.867218971329839405e+03
1.890573305643260937e+03
1.914490390949890752e+03
1.938970226960350374e+03
1.964012813378531064e+03
1.989618149901502875e+03
2.015786236219514649e+03
2.042517072016016755e+03
2.069810656967661089e+03
1.414524520047461920e+03
1.414809995822133715e+03
1.415666423142602071e+03
1.417093801998191793e+03
1.419092132371099524e+03
1.421661414236382370e+03
1.424801647562048856e+03
1.428512832308865654e+03
1.432794968430619065e+03
1.437648055873864905e+03
1.443072094578087672e+03
1.449067084475677802e+03
1.455633025491840726e+03
1.462769917544699183e+03
1.470477760545247747e+03
1.478756554397375567e+03
1.487606298997843624e+03
1.497026994236261999e+03
1.507018639995158082e+03
1.517581236149953838e+03
1.528714782568897590e+03
1.540419279113143602e+03
1.552694725636717976e+03
1.565541121986575490e+03
1.578958468002497284e+03
1.592946763517124964e+03
1.607506008356040184e+03
1.622636202337685063e+03
1.638337345273373558e+03
1.654609436967257352e+03
1.671452477216473653e+03
1.688866465810929185e+03
1.706851402533470718e+03
1.725407287159805492e+03
1.744534119458558052e+03
1.764231899191122466e+03
1.784500626111957899e+03
1.805340299968202089e+03
1.826750920500057873e+03
1.848732487440429395e+03
1.871285000515217689e+03
1.894408459443229731e+03
1.918102863935996538e+03
1.942368213698091495e+03
1.967204508426902976e+03
1.992611747812702561e+03
2.018589931538599558e+03
2.045139059280677429e+03
2.072259130707811892e+03
2.099950145481807340e+03
1.435112278151314058e+03
1.435401908899677892e+03
1.436270801141040465e+03
1.437718954864214993e+03
1.439746370050602309e+03
1.442353046674134021e+03
1.445538984701283880e+03
1.449304184091113257e+03
1.453648644795180189e+03
1.458572366757687178e+03
1.464075349915310653e+03
1.470157594197257822e+03
1.476819099525414458e+03
1.484059865814060686e+03
1.491879892970155197e+03
1.500279180893141984e+03
1.509257729475029919e+03
1.518815538600426862e+03
1.528952608146414605e+03
1.539668937982673924e+03
1.550964527971450480e+03
1.562839377967497967e+03
1.575293487818180438e+03
1.588326857363358613e+03
1.601939486435480831e+03
1.616131374859548941e+03
1.630902522453095571e+03
1.646252929026218226e+03
1.662182594381567924e+03
1.678691518314349196e+03
1.695779700612320084e+03
1.713447141055780776e+03
1.731693839417607705e+03
1.750519795463196715e+03
1.769925008950531264e+03
1.789909479630136957e+03
1.810473207245058802e+03
1.831616191530929427e+03
1.853338432215946341e+03
1.875639929020826457e+03
1.898520681658874310e+03
1.921980689835891098e+03
1.946019953250288381e+03
1.970638471593019858e+03
1.995836244547558636e+03
2.021613271789965438e+03
2.047969552988843134e+03
2.074905087805359472e+03
2.102419875893156131e+03
2.130513916898576099e+03
1.455989646391731185e+03
1.456283490551254545e+03
1.457165023025891060e+03
1.458634243803953723e+03
1.460691152866013454e+03
1.463335750184751305e+03
1.466568035725163099e+03
1.470388009444400268e+03
1.474795671291815324e+03
1.479791021208995971e+03
1.485374059129742363e+03
1.491544784980044369e+03
1.498303198678149784e+03
1.505649300134450641e+03
1.513583089251596903e+03
1.522104565924439612e+03
1.531213730040019527e+03
1.540910581477635333e+03
1.551195120108741321e+03
1.562067345797049711e+03
1.573527258398439699e+03
1.585574857761048406e+03
1.598210143725179933e+03
1.611433116123407672e+03
1.625243774780415151e+03
1.639642119513200669e+03
1.654628150130940867e+03
1.670201866434990734e+03
1.686363268218940448e+03
1.703112355268604006e+03
1.720449127361985120e+03
1.738373584269311323e+03
1.756885725753045335e+03
1.775985551567760012e+03
1.795673061460365716e+03
1.815948255169928416e+03
1.836811132427692428e+03
1.858261692957194100e+03
1.880299936474102651e+03
1.902925862686288383e+03
1.926139471293959105e+03
1.949940761989387283e+03
1.974329734457137420e+03
1.999306388373975096e+03
2.024870723408798767e+03
2.051022739222889868e+03
2.077762435469571756e+03
2.105089811794414345e+03
2.133004867835302321e+03
2.161507603222185026e+03
1.477160424006444828e+03
1.477458540758004801e+03
1.478352891008626102e+03
1.479843474746098764e+03
1.481930291950038736e+03
1.484613342591921992e+03
1.487892626635118631e+03
1.491768144034813304e+03
1.496239894738027942e+03
1.501307878683701347e+03
1.506972095802575495e+03
1.513232546017218283e+03
1.520089229242148576e+03
1.527542145383665684e+03
1.535591294339906199e+03
1.544236676000923580e+03
1.553478290248585836e+03
1.563316136956598257e+03
1.573750215990583001e+03
1.584780527207942669e+03
1.596407070457973987e+03
1.608629845581810969e+03
1.621448852412470387e+03
1.634864090774794931e+03
1.648875560485464575e+03
1.663483261353042053e+03
1.678687193177961490e+03
1.694487355752448821e+03
1.710883748860635478e+03
1.727876372278490180e+03
1.745465225773841667e+03
1.763650309106401437e+03
1.782431622027593221e+03
1.801809164280894038e+03
1.821782935601527242e+03
1.842352935716530737e+03
1.863519164344870660e+03
1.885281621197373170e+03
1.907640305976678974e+03
1.930595218377266065e+03
1.954146358085517932e+03
1.978293724779632612e+03
2.003037318129668165e+03
2.028377137797519936e+03
2.054313183437011503e+03
2.080845454693712782e+03
2.107973951205190133e+03
2.135698672600642567e+03
2.164019618501311015e+03
2.192936788520273694e+03
1.498628319385079521e+03
1.498930768655577594e+03
1.499838116462819926e+03
1.501350362794050852e+03
1.503467507627942723e+03
1.506189550934675481e+03
1.509516492675925292e+03
1.513448332804796337e+03
1.517985071265945862e+03
1.523126707995447759e+03
1.528873242920849407e+03
1.535224675961262619e+03
1.542181007027193118e+03
1.549742236020665587e+03
1.557908362835166827e+03
1.566679387355668496e+03
1.576055309458615739e+03
1.586036129011972662e+03
1.596621845875120016e+03
1.607812459898980251e+03
1.619607970925881091e+03
1.632008378789714698e+03
1.645013683315801245e+03
1.658623884320923025e+03
1.672838981613404030e+03
1.687658974993007632e+03
1.703083864250970692e+03
1.719113649170026292e+03
1.735748329524381006e+03
1.752987905079726261e+03
1.770832375593249708e+03
1.789281740813544275e+03
1.808336000480767325e+03
1.827995154326526972e+03
1.848259202073904817e+03
1.869128143437478684e+03
1.890601978123254412e+03
1.912680705828779537e+03
1.935364326243097821e+03
1.958652839046612826e+03
1.982546243911360762e+03
2.007044540500714902e+03
2.032147728469635695e+03
2.057855807464534337e+03
2.084168777123272775e+03
2.111086637075186445e+03
2.138609386941175217e+03
2.166737026333498761e+03
2.195469554856003924e+03
2.224806972103965563e+03
1.520397031986465208e+03
1.520703874453192839e+03
1.521624401848907837e+03
1.523158614160229263e+03
1.525306511364897233e+03
1.528068093431727448e+03
1.531443360320599822e+03
1.535432311982503961e+03
1.540034948359539158e+03
1.545251269384834814e+03
1.551081274982664127e+03
1.557524965068375877e+03
1.564582339548383061e+03
1.572253398320208362e+03
1.580538141272472785e+03
1.589436568284872919e+03
1.598948679228146830e+03
1.609074473964210483e+03
1.619813952346032693e+03
1.631167114217646485e+03
1.643133959414171841e+03
1.655714487761872533e+03
1.668908699078042446e+03
1.682716593171107888e+03
1.697138169840536648e+03
1.712173428876906200e+03
1.727822370061915080e+03
1.744084993168303299e+03
1.760961297959920557e+03
1.778451284191692139e+03
1.796554951609664386e+03
1.815272299950947854e+03
1.834603328943717315e+03
1.854548038307302704e+03
1.875106427752052696e+03
1.896278496979471129e+03
1.918064245682035107e+03
1.940463673543467849e+03
1.963476780238488573e+03
1.987103565432903451e+03
2.011344028783628346e+03
2.036198169938643332e+03
2.061665988537060912e+03
2.087747484209057802e+03
2.114442656575852197e+03
2.141751505249862930e+03
2.169674029834504836e+03
2.198210229924302439e+03
2.227360105104889954e+03
2.257123654952943070e+03
1.542470111955071843e+03
1.542781409041549523e+03
1.543715300296321402e+03
1.545271785705404000e+03
1.547450865245491514e+03
1.550252538883978559e+03
1.553676806578914693e+03
1.557723668279027152e+03
1.562393123923766325e+03
1.567685173443180702e+03
1.573599816758110137e+03
1.580137053779958478e+03
1.587296884410886832e+03
1.595079308543711250e+03
1.603484326061925458e+03
1.612511936839723603e+03
1.622162140741932035e+03
1.632434937624111626e+03
1.643330327332478191e+03
1.654848309703891118e+03
1.666988884565967055e+03
1.679752051736943486e+03
1.693137811025758310e+03
1.707146162232027109e+03
1.721777105146054510e+03
1.737030639548788713e+03
1.752906765211901075e+03
1.769405481897729260e+03
1.786526789359277245e+03
1.804270687340249424e+03
1.822637175575005131e+03
1.841626253788626855e+03
1.861237921696783815e+03
1.881472179005959333e+03
1.902329025413200725e+03
1.923808460606301196e+03
1.945910484263686158e+03
1.968635096054549649e+03
1.991982295638604228e+03
2.015952082666444767e+03
2.040544456779139182e+03
2.065759417608637705e+03
2.091596964777409084e+03
2.118057097898667962e+03
2.145139816576329395e+03
2.172845120404940644e+03
2.201173008969749390e+03
2.230123481846726463e+03
2.259696538602406690e+03
2.289892178794138999e+03
1.564851071297164253e+03
1.565166885175563039e+03
1.566114326805893597e+03
1.567693396173569909e+03
1.569904093254160671e+03
1.572746418013593939e+03
1.576220370407986593e+03
1.580325950383746658e+03
1.585063157877482354e+03
1.590431992816093043e+03
1.596432455116746496e+03
1.603064544686822046e+03
1.610328261423967433e+03
1.618223605216076066e+03
1.626750575941321131e+03
1.635909173468087374e+03
1.645699397655062057e+03
1.656121248351109898e+03
1.667174725395432233e+03
1.678859828617441963e+03
1.691176557836774919e+03
1.704124912863403551e+03
1.717704893497443663e+03
1.731916499529313569e+03
1.746759730739745464e+03
1.762234586899626265e+03
1.778341067770156769e+03
1.795079173102772074e+03
1.812448902639130210e+03
1.830450256111180352e+03
1.849083233241117341e+03
1.868347833741358954e+03
1.888244057314682323e+03
1.908771903653882873e+03
1.929931372442297288e+03
1.951722463353326020e+03
1.974145176050683403e+03
1.997199510188283966e+03
2.020885465410378856e+03
2.045203041351419415e+03
2.070152237636125392e+03
2.095733053879393992e+03
2.121945489686527253e+03
2.148789544652936456e+03
2.176265218364414977e+03
2.204372510396865437e+03
2.233111420316527074e+03
2.262481947679884797e+03
2.292484092033669185e+03
2.323117852914856485e+03
1.587543654059072651e+03
1.587864047665982525e+03
1.588825228481653085e+03
1.590427196490793449e+03
1.592669951667892292e+03
1.595553493977286053e+03
1.599077823373079354e+03
1.603242939799224587e+03
1.608048843189453692e+03
1.613495533467289533e+03
1.619583010546068635e+03
1.626311274328963918e+03
1.633680324708939224e+03
1.641690161568726580e+03
1.650340784780894410e+03
1.659632194207836164e+03
1.669564389701690743e+03
1.680137371104490285e+03
1.691351138247978270e+03
1.703205690953757312e+03
1.715701029033243685e+03
1.728837152287587742e+03
1.742614060507878548e+03
1.757031753474848301e+03
1.772090230959156543e+03
1.787789492721208262e+03
1.804129538511256214e+03
1.821110368069321339e+03
1.838731981125215498e+03
1.856994377398609686e+03
1.875897556598965821e+03
1.895441518425514005e+03
1.915626262567297999e+03
1.936451788703243437e+03
1.957918096501953187e+03
1.980025185621980199e+03
2.002773055711509187e+03
2.026161706408674945e+03
2.050191137341380454e+03
2.074861348127296878e+03
2.100172338373931780e+03
2.126124107678606379e+03
2.152716655628410081e+03
2.179949981800291425e+03
2.207824085760944399e+03
2.236338967066876648e+03
2.265494625264477691e+03
2.295291059889859753e+03
2.325728270468948722e+03
2.356806256517506881e+03
1.610551916394410910e+03
1.610876953450372184e+03
1.611852064612969571e+03
1.613477249866173224e+03
1.615752509183357688e+03
1.618677842527176836e+03
1.622253249849677559e+03
1.626478731092197449e+03
1.631354286185433011e+03
1.636879915049428291e+03
1.643055617593540774e+03
1.649881393716509592e+03
1.657357243306353212e+03
1.665483166240471746e+03
1.674259162385567379e+03
1.683685231597701204e+03
1.693761373722304597e+03
1.704487588594099634e+03
1.715863876037110458e+03
1.727890235864833812e+03
1.740566667879943452e+03
1.753893171874574364e+03
1.767869747630129496e+03
1.782496394917393445e+03
1.797773113496418773e+03
1.813699903116696532e+03
1.830276763516974370e+03
1.847503694425336107e+03
1.865380695559315427e+03
1.883907766625634395e+03
1.903084907320453567e+03
1.922912117329224202e+03
1.943389396326733731e+03
1.964516743977151236e+03
1.986294159933936498e+03
2.008721643839885473e+03
2.031799195327221241e+03
2.055526814017389370e+03
2.079904499521171601e+03
2.104932251438845014e+03
2.130610069359818226e+03
2.156937952862995189e+03
2.183915901516502345e+03
2.211543914877893258e+03
2.239821992494012193e+03
2.268750133901085064e+03
2.298328338624605749e+03
2.328556606179449773e+03
2.359434936069828836e+03
2.390963327789290815e+03
1.633879963179117567e+03
1.634209708197522559e+03
1.635198943247189618e+03
1.636847668311372672e+03
1.639155883362218447e+03
1.642123588360664144e+03
1.645750783256551131e+03
1.650037467988545359e+03
1.654983642484182838e+03
1.660589306659801423e+03
1.666854460420643136e+03
1.673779103660740475e+03
1.681363236263052841e+03
1.689606858099307374e+03
1.698509969030124012e+03
1.708072568904981381e+03
1.718294657562182692e+03
1.729176234828878478e+03
1.740717300521077959e+03
1.752917854443649048e+03
1.765777896390306978e+03
1.779297426143602934e+03
1.793476443474901316e+03
1.808314948144516165e+03
1.823812939901517893e+03
1.839970418483846970e+03
1.856787383618348031e+03
1.874263835020633451e+03
1.892399772395197033e+03
1.911195195435425376e+03
1.930650103823495556e+03
1.950764497230420602e+03
1.971538375316163183e+03
1.992971737729408233e+03
2.015064584107790324e+03
2.037816914077734509e+03
2.061228727254501791e+03
2.085300023242280076e+03
2.110030801634070485e+03
2.135421062011641880e+03
2.161470803945735497e+03
2.188180026995883054e+03
2.215548730710474956e+03
2.243576914626692087e+03
2.272264578270664970e+03
2.301611721157314605e+03
2.331618342790443421e+03
2.362284442662644324e+03
2.393610020255459858e+03
2.425595075039154835e+03
1.657531836554824167e+03
1.657866354854172641e+03
1.658869909746306348e+03
1.660542501213797095e+03
1.662884129227450103e+03
1.665894793746485902e+03
1.669574494718369806e+03
1.673923232079016543e+03
1.678941005752585625e+03
1.684627815651651872e+03
1.690983661677023520e+03
1.698008543717969587e+03
1.705702461652026614e+03
1.714065415345055499e+03
1.723097404651298348e+03
1.732798429413321628e+03
1.743168489462027537e+03
1.754207584616642635e+03
1.765915714684751947e+03
1.778292879462253495e+03
1.791339078733426504e+03
1.805054312270817718e+03
1.819438579835423297e+03
1.834491881176450079e+03
1.850214216031531578e+03
1.866605584126614303e+03
1.883665985175935020e+03
1.901395418882134436e+03
1.919793884936211725e+03
1.938861383017410844e+03
1.958597912793356954e+03
1.979003473920079159e+03
2.000078066041805869e+03
2.021821688791260385e+03
2.044234341789365317e+03
2.067316024645469952e+03
2.091066736957213834e+03
2.115486478310640450e+03
2.140575248280038068e+03
2.166333046428098896e+03
2.192759872305805402e+03
2.219855725452589468e+03
2.247620605396059545e+03
2.276054511652250767e+03
2.305157443725556732e+03
2.334929401108638558e+03
2.365370383282584044e+03
2.396480389716725767e+03
2.428259419868800251e+03
2.460707473184879746e+03
1.681511578856077449e+03
1.681850936568798716e+03
1.682869009700880270e+03
1.684565798233984424e+03
1.686941302137665843e+03
1.689995521369212383e+03
1.693728455873736038e+03
1.698140105584195680e+03
1.703230470421260634e+03
1.708999550293492575e+03
1.715447345097209109e+03
1.722573854716551978e+03
1.730379079023464328e+03
1.738863017877656603e+03
1.748025671126708858e+03
1.757867038605957077e+03
1.768387120138550017e+03
1.779585915535426466e+03
1.791463424595383458e+03
1.804019647104951218e+03
1.817254582838529586e+03
1.831168231558240223e+03
1.845760593014108508e+03
1.861031666943858909e+03
1.876981453073108241e+03
1.893609951115263357e+03
1.910917160771441559e+03
1.928903081730686608e+03
1.947567713669786826e+03
1.966911056253343304e+03
1.986933109133724429e+03
2.007633871951156834e+03
2.029013344333679925e+03
2.051071525897054926e+03
2.073808416244924047e+03
2.097224014968742267e+03
2.121318321647663652e+03
2.146091335848768722e+03
2.171543057126837084e+03
2.197673485024574802e+03
2.224482619072364287e+03
2.251970458788446194e+03
2.280137003678896690e+03
2.308982253237536497e+03
2.338506206946044585e+03
2.368708864273844483e+03
2.399590224678240702e+03
2.431150287604259574e+03
2.463389052484785680e+03
2.496306518740448155e+03
1.705823107690162033e+03
1.706167371751644168e+03
1.707200163929701375e+03
1.708921484205200159e+03
1.711331332546239992e+03
1.714429708908221528e+03
1.718216613233698808e+03
1.722692045452572529e+03
1.727856005481851298e+03
1.733708493225935854e+03
1.740249508576403059e+03
1.747479051412062745e+03
1.755397121599003185e+03
1.764003718990511516e+03
1.773298843427153315e+03
1.783282494736772605e+03
1.793954672734366795e+03
1.805315377222268580e+03
1.817364607989998149e+03
1.830102364814354132e+03
1.843528647459345393e+03
1.857643455676270605e+03
1.872446789203627304e+03
1.887938647767191469e+03
1.904119031079972046e+03
1.920987938842222320e+03
1.938545370741439910e+03
1.956791326452366775e+03
1.975725805637011945e+03
1.995348807944560576e+03
2.015660333011533112e+03
2.036660380461626119e+03
2.058348949905825975e+03
2.080726040942340660e+03
2.103791653156599750e+03
2.127545786121345373e+03
2.151988439396518515e+03
2.177119612529281767e+03
2.202939305054110264e+03
2.229447516492655268e+03
2.256644246353880590e+03
2.284529494133903427e+03
2.313103259316176263e+03
2.342365541371327708e+03
2.372316339757298920e+03
2.402955653919252654e+03
2.434283483289527794e+03
2.466299827287798507e+03
2.499004685320983299e+03
2.532398056783176798e+03
1.730470148007589160e+03
1.730819386137090987e+03
1.731867100518945790e+03
1.733613291133110579e+03
1.736057957946263741e+03
1.739201100911714093e+03
1.743042719969434984e+03
1.747582815046052929e+03
1.752821386054870345e+03
1.758758432895831447e+03
1.765393955455556352e+03
1.772727953607329709e+03
1.780760427211077968e+03
1.789491376113380738e+03
1.798920800147550381e+03
1.809048699133438731e+03
1.819875072877675848e+03
1.831399921173465373e+03
1.843623243800743694e+03
1.856545040526043522e+03
1.870165311102596206e+03
1.884484055270286262e+03
1.899501272755628634e+03
1.915216963271882378e+03
1.931631126518868768e+03
1.948743762183130457e+03
1.966554869937817784e+03
1.985064449442847945e+03
2.004272500344654873e+03
2.024179022276439355e+03
2.044784014858032606e+03
2.066087477695919006e+03
2.088089410383258837e+03
2.110789812499797335e+03
2.134188683612114801e+03
2.158286023273240062e+03
2.183081831023014274e+03
2.208576106387886284e+03
2.234768848880958103e+03
2.261660058002007645e+03
2.289249733237488726e+03
2.317537874060462855e+03
2.346524479930712914e+03
2.376209550294629480e+03
2.406593084585301767e+03
2.437675082222472156e+03
2.469455542612558929e+03
2.501934465148565323e+03
2.535111849210238688e+03
2.568987694163979540e+03
1.755456463448570048e+03
1.755810744153973246e+03
1.756873586263247944e+03
1.758644989755453025e+03
1.761124954595698000e+03
1.764313480735177109e+03
1.768210568111101111e+03
1.772816216646754128e+03
1.778130426251470908e+03
1.784153196820602716e+03
1.790884528235562811e+03
1.798324420363860554e+03
1.806472873058987716e+03
1.815329886160532169e+03
1.824895459494132410e+03
1.835169592871409350e+03
1.846152286090136840e+03
1.857843538934048411e+03
1.870243351173007795e+03
1.883351722562861141e+03
1.897168652845516590e+03
1.911694141748967013e+03
1.926928188987199064e+03
1.942870794260352341e+03
1.959521957254492008e+03
1.976881677641790702e+03
1.994949955080460313e+03
2.013726789214820201e+03
2.033212179675160769e+03
2.053406126077811678e+03
2.074308628025255530e+03
2.095919685105923236e+03
2.118239296894375912e+03
2.141267462951100242e+03
2.165004182822804069e+03
2.189449456042098063e+03
2.214603282127723105e+03
2.240465660584413854e+03
2.267036590903057913e+03
2.294316072560445718e+03
2.322304105019566123e+03
2.351000687729310812e+03
2.380405820124747152e+03
2.410519501626936290e+03
2.441341731642955892e+03
2.472872509566013832e+03
2.505111834775334501e+03
2.538059706636136070e+03
2.571716124499789657e+03
2.606081087703591948e+03
1.780786103700586409e+03
1.781145496297017417e+03
1.782223674079023112e+03
1.784020637024718781e+03
1.786536385097633683e+03
1.789770918246699694e+03
1.793724236406285399e+03
1.798396339496139262e+03
1.803787227421423722e+03
1.809896900072737935e+03
1.816725357326049561e+03
1.824272599042819820e+03
1.832538625069810223e+03
1.841523435239287210e+03
1.851227029368840249e+03
1.861649407261586475e+03
1.872790568705931946e+03
1.884650513475776279e+03
1.897229241330398963e+03
1.910526752014493468e+03
1.924543045258155871e+03
1.939278120776907599e+03
1.954731978271706794e+03
1.970904617428868733e+03
1.987796037920111303e+03
2.005406239402623214e+03
2.023735221519018523e+03
2.042782983897222948e+03
2.062549526150655765e+03
2.083034847878138862e+03
2.104238948663828523e+03
2.126161828077420068e+03
2.148803485673943214e+03
2.172163920993830288e+03
2.196243133562916228e+03
2.221041122892506792e+03
2.246557888479310350e+03
2.272793429805392407e+03
2.299747746338243815e+03
2.327420837530826248e+03
2.355812702821435778e+03
2.384923341633793825e+03
2.414752753377092631e+03
2.445300937445858835e+03
2.476567893220112637e+03
2.508553620065208634e+03
2.541258117331926769e+03
2.574681384356495073e+03
2.608823420460521447e+03
2.643684224951061879e+03
1.806463245854592969e+03
1.806827820474620694e+03
1.807921544327052743e+03
1.809744417389026694e+03
1.812296439622389244e+03
1.815577610973730316e+03
1.819587931374417167e+03
1.824327400740503435e+03
1.829796018972865568e+03
1.835993785957055024e+03
1.842920701563411967e+03
1.850576765646951571e+03
1.858961978047523189e+03
1.868076338589651186e+03
1.877919847082659999e+03
1.888492503320549076e+03
1.899794307082117939e+03
1.911825258130897964e+03
1.924585356215106913e+03
1.938074601067819458e+03
1.952292992406728445e+03
1.967240529934406368e+03
1.982917213338009788e+03
1.999323042289552177e+03
2.016458016445767498e+03
2.034322135448110203e+03
2.052915398922846180e+03
2.072237806480870859e+03
2.092289357717913845e+03
2.113070052214379757e+03
2.134579889535507391e+03
2.156818869231210556e+03
2.179786990836123550e+03
2.203484253869714848e+03
2.227910657836127939e+03
2.253066202224272274e+03
2.278950886507777795e+03
2.305564710145040408e+03
2.332907672579199243e+03
2.360979773238136659e+03
2.389781011534455502e+03
2.419311386865547320e+03
2.449570898613478676e+03
2.480559546145127570e+03
2.512277328812115229e+03
2.544724245950737895e+03
2.577900296882080511e+03
2.611805480911948507e+03
2.646439797330981492e+03
2.681803245414380399e+03
1.832492114540355033e+03
1.832861942148917933e+03
1.833971424966648556e+03
1.835820562969604453e+03
1.838409356117904281e+03
1.841737804355693697e+03
1.845805907611179464e+03
1.850613665796640817e+03
1.856161078808327147e+03
1.862448146526617165e+03
1.869474868815871105e+03
1.877241245524510305e+03
1.885747276485051316e+03
1.894992961513969476e+03
1.904978300411858072e+03
1.915703292963303284e+03
1.927167938937009239e+03
1.939372238085616118e+03
1.952316190145893415e+03
1.965999794838626258e+03
1.980423051868706352e+03
1.995585960924972824e+03
2.011488521680325903e+03
2.028130733791795137e+03
2.045512596900334756e+03
2.063634110631073781e+03
2.082495274593088652e+03
2.102096088379516914e+03
2.122436551567625429e+03
2.143516663718560267e+03
2.165336424377687763e+03
2.187895833074321672e+03
2.211194889321814117e+03
2.235233592617623799e+03
2.260011942443225053e+03
2.285529938264107841e+03
2.311787579529823233e+03
2.338784865674028879e+03
2.366521796114352583e+03
2.394998370252483255e+03
2.424214587474170912e+03
2.454170447149181200e+03
2.484865948631386345e+03
2.516301091258628730e+03
2.548475874352857318e+03
2.581390297219991226e+03
2.615044359150124365e+03
2.649438059417275326e+03
2.684571397279523808e+03
2.720444371979056086e+03
1.858876986651955576e+03
1.859252139065813481e+03
1.860377596299042580e+03
1.862253358326631769e+03
1.864879425106846611e+03
1.868255796581308914e+03
1.872382472674928522e+03
1.877259453295960157e+03
1.882886738335901100e+03
1.889264327669661725e+03
1.896392221155429070e+03
1.904270418634678208e+03
1.912898919932229092e+03
1.922277724856189707e+03
1.932406833198012919e+03
1.943286244732485102e+03
1.954915959217612453e+03
1.967295976394825630e+03
1.980426295988854690e+03
1.994306917707694993e+03
2.008937841242641298e+03
2.024319066268390088e+03
2.040450592442903144e+03
2.057332419407430280e+03
2.074964546786577557e+03
2.093346974188284548e+03
2.112479701203756122e+03
2.132362727407530656e+03
2.152996052357480039e+03
2.174379675594741457e+03
2.196513596643853816e+03
2.219397815012575848e+03
2.243032330192045265e+03
2.267417141656710555e+03
2.292552248864285502e+03
2.318437651255840137e+03
2.345073348255778001e+03
2.372459339271790668e+03
2.400595623694880487e+03
2.429482200899360578e+03
2.459119070242877569e+03
2.489506231066434339e+03
2.520643682694230847e+03
2.552531424433868779e+03
2.585169455576283326e+03
2.618557775395674980e+03
2.652696383149600479e+03
2.687585278078881856e+03
2.723224459407651921e+03
2.759613926343467938e+03
1.885622131021273162e+03
1.886002680911167317e+03
1.887144330572141371e+03
1.889047079977990506e+03
1.891710929085138559e+03
1.895135877832478855e+03
1.899321926141533368e+03
1.904269073916316302e+03
1.909977321043402299e+03
1.916446667391983283e+03
1.923677112813720669e+03
1.931668657142836310e+03
1.940421300196180709e+03
1.949935041773073863e+03
1.960209881655418940e+03
1.971245819607690919e+03
1.983042855376857005e+03
1.995600988692513056e+03
2.008920219266792628e+03
2.023000546794310139e+03
2.037841970952285919e+03
2.053444491400546212e+03
2.069808107781318540e+03
2.086932819719550025e+03
2.104818626822680017e+03
2.123465528680594616e+03
2.142873524865922263e+03
2.163042614933669938e+03
2.183972798421518746e+03
2.205664074849664757e+03
2.228116443720796269e+03
2.251329904520252967e+03
2.275304456715866763e+03
2.300040099758007273e+03
2.325536833079650023e+03
2.351794656096285507e+03
2.378813568205987394e+03
2.406593568789321580e+03
2.435134657209459874e+03
2.464436832812134526e+03
2.494500094925570011e+03
2.525324442860619456e+03
2.556909875910628216e+03
2.589256393351502084e+03
2.622363994441730028e+03
2.656232678422338722e+03
2.690862444516915275e+03
2.726253291931516287e+03
2.762405219854917959e+03
2.799318227458275032e+03
1.912731563997886042e+03
1.913117584861061005e+03
1.914275647441456840e+03
1.916205751711709127e+03
1.918907897626183967e+03
1.922382085121034834e+03
1.926628314114168461e+03
1.931646584505222108e+03
1.937436896175586298e+03
1.943999248988461659e+03
1.951333642788722500e+03
1.959440077403053238e+03
1.968318552639868813e+03
1.977969068289348797e+03
1.988391624123403290e+03
1.999586219895741124e+03
2.011552855341824397e+03
2.024291530178811627e+03
2.037802244105637328e+03
2.052084996803046124e+03
2.067139787933479056e+03
2.082966617141141796e+03
2.099565484052004649e+03
2.116936388273802550e+03
2.135079329395989589e+03
2.153994306989784491e+03
2.173681320608193346e+03
2.194140369785964140e+03
2.215371454039564014e+03
2.237374572867270217e+03
2.260149725749056415e+03
2.283696912146729119e+03
2.308016131503723045e+03
2.333107383245351230e+03
2.358970666778600389e+03
2.385605981492290084e+03
2.413013326756913557e+03
2.441192701924796893e+03
2.470144106329939859e+03
2.499867539288129592e+03
2.530363000096963333e+03
2.561630488035666531e+03
2.593670002365342953e+03
2.626481542328815522e+03
2.660065107150603581e+03
2.694420696037059315e+03
2.729548308176254068e+03
2.765447942738001075e+03
2.802119598873900941e+03
2.839563275717273427e+03
1.940209208083501835e+03
1.940600774234872006e+03
1.941775472679341874e+03
1.943733303388376044e+03
1.946474266314226043e+03
1.949998361390123591e+03
1.954305588530212390e+03
1.959395947629548118e+03
1.965269438564109805e+03
1.971926061190833934e+03
1.979365815347523494e+03
1.987588700852916190e+03
1.996594717506650341e+03
2.006383865089378560e+03
2.016956143362563125e+03
2.028311552068612400e+03
2.040450090930926308e+03
2.053371759653714435e+03
2.067076557922200664e+03
2.081564485402464015e+03
2.096835541741529596e+03
2.112889726567414073e+03
2.129727039488921037e+03
2.147347480095822903e+03
2.165751047958883646e+03
2.184937742629699642e+03
2.204907563640858825e+03
2.225660510505758793e+03
2.247196582718834179e+03
2.269515779755420226e+03
2.292618101071730052e+03
2.316503546104877387e+03
2.341172114272990257e+03
2.366623804975029088e+03
2.392858617590923132e+03
2.419876551481502247e+03
2.447677605988474170e+03
2.476261780434606408e+03
2.505629074123430655e+03
2.535779486339470168e+03
2.566713016348171550e+03
2.598429663395882017e+03
2.630929426709872132e+03
2.664212305498358546e+03
2.698278298950435783e+03
2.733127406236144452e+03
2.768759626506493987e+03
2.805174958893280746e+03
2.842373402509360858e+03
2.880354956448400117e+03
1.968059112896401075e+03
1.968456299483955263e+03
1.969647859236624754e+03
1.971633792124475804e+03
1.974414098097645365e+03
1.977988777086295613e+03
1.982357829000648053e+03
1.987521253730972148e+03
1.993479051147551218e+03
2.000231221100807488e+03
2.007777763421120198e+03
2.016118677918939284e+03
2.025253964384774008e+03
2.035183622589192964e+03
2.045907652282835443e+03
2.057426053196263638e+03
2.069738825040280972e+03
2.082845967505613771e+03
2.096747480263024954e+03
2.111443362963359505e+03
2.126933615237521735e+03
2.143218236696498025e+03
2.160297226931265868e+03
2.178170585512839352e+03
2.196838311992337367e+03
2.216300405900892656e+03
2.236556866749651817e+03
2.257607694029911727e+03
2.279452887212914902e+03
2.302092445750008665e+03
2.325526369072622401e+03
2.349754656592062929e+03
2.374777307699901030e+03
2.400594321767698602e+03
2.427205698146940449e+03
2.454611436169261651e+03
2.482811535146402093e+03
2.511805994370024564e+03
2.541594813111896656e+03
2.572177990623868027e+03
2.603555526137779452e+03
2.635727418865576510e+03
2.668693667999195895e+03
2.702454272710610894e+03
2.737009232151945071e+03
2.772358545455313106e+03
2.808502211732820797e+03
2.845440230076678745e+03
2.883172599559179616e+03
2.921699319232561720e+03
1.996285520900755728e+03
1.996688403927930722e+03
1.997897052998985146e+03
1.999911468082632382e+03
2.002731649126724278e+03
2.006357596058205672e+03
2.010789308783262186e+03
2.016026787187092850e+03
2.022070031134080637e+03
2.028919040467792456e+03
2.036573815010876842e+03
2.045034354565132162e+03
2.054300658911461142e+03
2.064372727809995922e+03
2.075250560999938898e+03
2.086934158199596823e+03
2.099423519106494496e+03
2.112718643397215601e+03
2.126819530727584606e+03
2.141726180732439389e+03
2.157438593025813134e+03
2.173956767200911600e+03
2.191280702830022165e+03
2.209410399464582042e+03
2.228345856635178279e+03
2.248087073851547757e+03
2.268634050602508978e+03
2.289986786356075754e+03
2.312145280559366256e+03
2.335109532638648489e+03
2.358879541999340290e+03
2.383455308025963859e+03
2.408836830082191227e+03
2.435024107510844260e+03
2.462017139633871921e+03
2.489815925752373005e+03
2.518420465146550669e+03
2.547830757075780639e+03
2.578046800778520264e+03
2.609068595472467678e+03
2.640896140354357158e+03
2.673529434600095556e+03
2.706968477364762293e+03
2.741213267782472940e+03
2.776263804966606585e+03
2.812120088009623942e+03
2.848782115983044605e+03
2.886249887937674430e+03
2.924523402903355418e+03
2.963602659889102142e+03
2.024892742011047631e+03
2.025301398346209680e+03
2.026527367340838737e+03
2.028570648962158884e+03
2.031431243155702759e+03
2.035109149845038701e+03
2.039604368932054967e+03
2.044916900296720996e+03
2.051046743797246563e+03
2.057993899270013571e+03
2.065758366529598788e+03
2.074340145368728372e+03
2.083739235558346081e+03
2.093955636847567803e+03
2.104989348963681550e+03
2.116840371612170202e+03
2.129508704476711500e+03
2.142994347219200790e+03
2.157297299479569119e+03
2.172417560876147036e+03
2.188355131005255316e+03
2.205110009441546026e+03
2.222682195737752409e+03
2.241071689424825308e+03
2.260278490011933172e+03
2.280302596986371100e+03
2.301144009813674529e+03
2.322802727937505551e+03
2.345278750779789334e+03
2.368572077740486748e+03
2.392682708197980901e+03
2.417610641508576919e+03
2.443355877006956689e+03
2.469918414005906016e+03
2.497298251796382829e+03
2.525495389647539923e+03
2.554509826806770434e+03
2.584341562499571410e+03
2.614990595929680239e+03
2.646456926278983701e+03
2.678740552707563438e+03
2.711841474353695958e+03
2.745759690333852632e+03
2.780495199742631485e+03
2.816048001652825405e+03
2.852418095115535834e+03
2.889605479159877177e+03
2.927610152793226916e+03
2.966432115001180136e+03
3.006071364747390362e+03
2.053885302584603778e+03
2.054299809989026926e+03
2.055543332190882211e+03
2.057615869155893051e+03
2.060517420827136448e+03
2.064247987124667816e+03
2.068807567945896153e+03
2.074196163165333928e+03
2.080413772634688030e+03
2.087460396182882505e+03
2.095336033616035820e+03
2.104040684717392651e+03
2.113574349247437567e+03
2.123937026943849560e+03
2.135128717521456565e+03
2.147149420672280939e+03
2.159999136065584935e+03
2.173677863347779748e+03
2.188185602142402786e+03
2.203522352050299560e+03
2.219688112649441791e+03
2.236682883494972884e+03
2.254506664119230663e+03
2.273159454031792848e+03
2.292641252719363365e+03
2.312952059645863301e+03
2.334091874252362686e+03
2.356060695957216922e+03
2.378858524155839405e+03
2.402485358220928902e+03
2.426941197502333125e+03
2.452226041327094208e+03
2.478339888999425966e+03
2.505282739800759373e+03
2.533054592989697085e+03
2.561655447802036178e+03
2.591085303450768151e+03
2.621344159126010709e+03
2.652432013995166926e+03
2.684348867202766087e+03
2.717094717870531895e+03
2.750669565097405211e+03
2.785073407959475844e+03
2.820306245510028020e+03
2.856368076779585863e+03
2.893258900775799702e+03
2.930978716483514290e+03
2.969527522864814273e+03
3.008905318858842293e+03
3.049112103382094574e+03
2.083267839974405433e+03
2.083688277117016696e+03
2.084949588532890630e+03
2.087051774186261355e+03
2.089994834017511494e+03
2.093778767943126695e+03
2.098403575855741110e+03
2.103869257624228339e+03
2.110175813093542274e+03
2.117323242084717094e+03
2.125311544395003693e+03
2.134140719797846941e+03
2.143810768042726522e+03
2.154321688855361572e+03
2.165673481937596989e+03
2.177866146967380701e+03
2.190899683598854608e+03
2.204774091462286378e+03
2.219489370164092179e+03
2.235045519286836679e+03
2.251442538389187575e+03
2.268680427006052014e+03
2.286759184648440169e+03
2.305678810803465240e+03
2.325439304934434404e+03
2.346040666480826076e+03
2.367482894858176223e+03
2.389765989458237527e+03
2.412889949648911170e+03
2.436854774774201360e+03
2.461660464154283545e+03
2.487307017085504413e+03
2.513794432840290938e+03
2.541122710667309548e+03
2.569291849791306959e+03
2.598301849413132913e+03
2.628152708709922081e+03
2.658844426834821206e+03
2.690377002917193749e+03
2.722750436062551671e+03
2.755964725352487221e+03
2.790019869844832101e+03
2.824915868573521038e+03
2.860652720548569050e+03
2.897230424756298817e+03
2.934648980158976883e+03
2.972908385695200195e+03
3.012008640279645988e+03
3.051949742803049048e+03
3.092731692132429089e+03
2.113044796273243264e+03
2.113471242705918485e+03
2.114750581991529543e+03
2.116882814092650733e+03
2.119867938946913455e+03
2.123705956467006217e+03
2.128396866540742849e+03
2.133940669030880599e+03
2.140337363775347512e+03
2.147586950587060528e+03
2.155689429253970957e+03
2.164644799539200903e+03
2.174453061180793156e+03
2.185114213891961299e+03
2.196628257360907810e+03
2.208995191250892276e+03
2.222215015200322341e+03
2.236287728822526333e+03
2.251213331706003373e+03
2.266991823414241480e+03
2.283623203485808517e+03
2.301107471434397667e+03
2.319444626748600058e+03
2.338634668892223090e+03
2.358677597304063056e+03
2.379573411397973359e+03
2.401322110562841772e+03
2.423923694162704123e+03
2.447378161536562402e+03
2.471685511998521179e+03
2.496845744837742131e+03
2.522858859318375835e+03
2.549724854679766395e+03
2.577443730136201339e+03
2.606015484877048038e+03
2.635440118066776449e+03
2.665717628844868159e+03
2.696848016325884601e+03
2.728831279599444315e+03
2.761667417730200214e+03
2.795356429757930528e+03
2.829898314697379647e+03
2.865293071538371805e+03
2.901540699245879296e+03
2.938641196759817831e+03
2.976594562995205706e+03
3.015400796842163800e+03
3.055059897165779148e+03
3.095571862806264107e+03
3.136936692578888142e+03
2.143220276285001091e+03
2.143652812399113827e+03
2.144950420728378049e+03
2.147113101233708221e+03
2.150140853849848099e+03
2.154033678485598102e+03
2.158791575023542464e+03
2.164414543320299344e+03
2.170902583206247982e+03
2.178255694485892491e+03
2.186473876937475325e+03
2.195557130313272864e+03
2.205505454339458993e+03
2.216318848716105094e+03
2.227997313117180056e+03
2.240540847190618479e+03
2.253949450558320677e+03
2.268223122815948045e+03
2.283361863533264113e+03
2.299365672253816228e+03
2.316234548495140189e+03
2.333968491748692031e+03
2.352567501479825296e+03
2.372031577127813762e+03
2.392360718105851447e+03
2.413554923801075347e+03
2.435614193574542696e+03
2.458538526761162757e+03
2.482327922669855980e+03
2.506982380583417580e+03
2.532501899758563013e+03
2.558886479425973448e+03
2.586136118790113869e+03
2.614250817029551399e+03
2.643230573296659713e+03
2.673075386717755464e+03
2.703785256393098280e+03
2.735360181396799817e+03
2.767800160777028395e+03
2.801105193555690676e+03
2.835275278728772719e+03
2.870310415266112614e+03
2.906210602111423214e+03
2.942975838182428561e+03
2.980606122370704725e+03
3.019101453541816227e+03
3.058461830535179615e+03
3.098687252164131678e+03
3.139777717216020392e+03
3.181733224451932074e+03
2.173798352837843595e+03
2.174237059862798560e+03
2.175553180924066510e+03
2.177746715980742920e+03
2.180817664964638425e+03
2.184766027780324293e+03
2.189591804305086953e+03
2.195294994388927989e+03
2.201875597854609623e+03
2.209333614497609233e+03
2.217669044086142094e+03
2.226881886361138640e+03
2.236972141036289941e+03
2.247939807797934009e+03
2.259784886305305918e+03
2.272507376190196737e+03
2.286107277057203646e+03
2.300584588483684456e+03
2.315939310019666664e+03
2.332171441187961136e+03
2.349280981484048425e+03
2.367267930376215190e+03
2.386132287305395039e+03
2.405874051685327686e+03
2.426493222902468005e+03
2.447989800315940556e+03
2.470363783257676005e+03
2.493615171032297440e+03
2.517743962917143108e+03
2.542750158162334628e+03
2.568633755990663303e+03
2.595394755597749281e+03
2.623033156151814183e+03
2.651548956793885736e+03
2.680942156637684093e+03
2.711212754769735511e+03
2.742360750249235934e+03
2.774386142108096465e+03
2.807288929350988838e+03
2.841069110955322685e+03
2.875726685871222799e+03
2.911261653021529128e+03
2.947674011301864994e+03
2.984963759580546139e+03
3.023130896698580727e+03
3.062175421469805769e+03
3.102097332680705222e+03
3.142896629090523675e+03
3.184573309431220878e+03
3.227127372407517214e+03
2.204783113650910309e+03
2.205228073671537459e+03
2.206562953719208053e+03
2.208787753751130367e+03
2.211902473696022753e+03
2.215907113454090904e+03
2.220801672897050594e+03
2.226586151868059460e+03
2.233260550181785220e+03
2.240824867624405670e+03
2.249279103953517733e+03
2.258623258898296626e+03
2.268857332159359430e+03
2.279981323408765093e+03
2.291995232290105378e+03
2.304899058418527602e+03
2.318692801380552737e+03
2.333376460734211832e+03
2.348950036009091491e+03
2.365413526706197445e+03
2.382766932298045504e+03
2.401010252228638819e+03
2.420143485913490622e+03
2.440166632739533270e+03
2.461079692065254676e+03
2.482882663220630093e+03
2.505575545507053903e+03
2.529158338197476041e+03
2.553631040536311048e+03
2.578993651739483539e+03
2.605246170994314525e+03
2.632388597459726043e+03
2.660420930266127471e+03
2.689343168515279103e+03
2.719155311280587739e+03
2.749857357606833830e+03
2.781449306510353381e+03
2.813931156978924264e+03
2.847302907971879904e+03
2.881564558419950117e+03
2.916716107225443011e+03
2.952757553262017609e+03
2.989688895374979438e+03
3.027510132381098629e+03
3.066221263068473490e+03
3.105822286196894311e+03
3.146313200497479556e+03
3.187694004672971460e+03
3.229964697397463169e+03
3.273125277316648862e+03
2.236178649036014576e+03
2.236629945000254338e+03
2.237983832878126123e+03
2.240240312624882790e+03
2.243399384165968513e+03
2.247461047397086986e+03
2.252425302184042266e+03
2.258292148362897933e+03
2.265061585739863403e+03
2.272733614091362142e+03
2.281308233163986188e+03
2.290785442674473416e+03
2.301165242309866699e+03
2.312447631727263797e+03
2.324632610554021994e+03
2.337720178387758097e+03
2.351710334796075585e+03
2.366603079316951153e+03
2.382398411458484588e+03
2.399096330698944257e+03
2.416696836486789834e+03
2.435199928240717782e+03
2.454605605349547659e+03
2.474913867172358550e+03
2.496124713038307164e+03
2.518238142246877942e+03
2.541254154067655691e+03
2.565172747740371051e+03
2.589993922475082400e+03
2.615717677451880263e+03
2.642344011821160166e+03
2.669872924703463468e+03
2.698304415189500105e+03
2.727638482340194059e+03
2.757875125186637888e+03
2.789014342730138196e+03
2.821056133942147426e+03
2.854000497764377542e+03
2.887847433108640871e+03
2.922596938856963789e+03
2.958249013861654930e+03
2.994803656945077819e+03
3.032260866899787288e+03
3.070620642488688645e+03
3.109882982444673871e+03
3.150047885470939946e+03
3.191115350240875159e+03
3.233085375397945427e+03
3.275957959555967136e+03
3.319733101298857036e+03
2.267989276944194899e+03
2.268446992674807916e+03
2.269820139851026397e+03
2.272108718426125051e+03
2.275312728322160183e+03
2.279432169430060640e+03
2.284467041609514126e+03
2.290417344689126367e+03
2.297283078466261941e+03
2.305064242707157973e+03
2.313760837146855920e+03
2.323372861489224306e+03
2.333900315407004200e+03
2.345343198541695529e+03
2.357701510503716236e+03
2.370975250872197648e+03
2.385164419195189112e+03
2.400269014989635252e+03
2.416289037741103130e+03
2.433224486904146033e+03
2.451075361902121585e+03
2.469841662127237214e+03
2.489523386940413729e+03
2.510120535671558173e+03
2.531633107619290968e+03
2.554061102051127818e+03
2.577404518203343287e+03
2.601663355281198164e+03
2.626837612458575677e+03
2.652927288878299805e+03
2.679932383652021599e+03
2.707852895860219178e+03
2.736688824552174992e+03
2.766440168746021300e+03
2.797106927428762901e+03
2.828689099556117981e+03
2.861186684052745477e+03
2.894599679812040449e+03
2.928928085696338712e+03
2.964171900536712201e+03
3.000331123133105393e+03
3.037405752254267099e+03
3.075395786637841411e+03
3.114301224990163064e+03
3.154122065986575763e+03
3.194858308271091119e+03
3.236509950456661500e+03
3.279076991125043605e+03
3.322559428826752992e+03
3.366957262081200497e+03
2.300219695311011492e+03
2.300683915523813994e+03
2.302076576145896070e+03
2.304397677128349642e+03
2.307647218389729460e+03
2.311825199816007625e+03
2.316931621260437169e+03
2.322966482543847633e+03
2.329929783454349490e+03
2.337821523747561514e+03
2.346641703146451619e+03
2.356390321341382332e+03
2.367067377990179011e+03
2.378672872718061626e+03
2.391206805117644763e+03
2.404669174748960359e+03
2.419059981139480442e+03
2.434379223783980706e+03
2.450626902144790620e+03
2.467803015651520582e+03
2.485907563701334766e+03
2.504940545658655537e+03
2.524901960855390826e+03
2.545791808590888650e+03
2.567610088131823431e+03
2.590356798712332420e+03
2.614031939533992954e+03
2.638635509765686038e+03
2.664167508543823715e+03
2.690627934972167168e+03
2.718016788121872196e+03
2.746334067031534687e+03
2.775579770707167881e+03
2.805753898122156897e+03
2.836856448217326943e+03
2.868887419900920577e+03
2.901846812048552238e+03
2.935734623503253715e+03
2.970550853075519626e+03
3.006295499543193728e+03
3.042968561651537129e+03
3.080570038113273768e+03
3.119099927608499456e+03
3.158558228784636412e+03
3.198944940256683367e+03
3.240260060606942716e+03
3.282503588385111470e+03
3.325675522108394944e+03
3.369775860261302114e+03
3.414804601295827524e+03
2.332874619938797878e+03
2.333345430242980001e+03
2.334757861138382395e+03
2.337111912573959671e+03
2.340407584464514912e+03
2.344644876690767887e+03
2.349823789099423266e+03
2.355944321503011452e+03
2.363006473680138697e+03
2.371010245375168779e+03
2.379955636298473109e+03
2.389842646126430736e+03
2.400671274501178232e+03
2.412441521030905278e+03
2.425153385289672769e+03
2.438806866817481023e+03
2.453401965120247041e+03
2.468938679669827252e+03
2.485417009903994767e+03
2.502836955226462123e+03
2.521198515006858543e+03
2.540501688580729933e+03
2.560746475249538889e+03
2.581932874280755641e+03
2.604060884907653417e+03
2.627130506329513082e+03
2.651141737711463975e+03
2.676094578184688544e+03
2.701989026846217712e+03
2.728825082758976350e+03
2.756602744951874229e+03
2.785322012419692328e+03
2.814982884123219264e+03
2.845585358989092128e+03
2.877129435909887434e+03
2.909615113744143855e+03
2.943042391316294015e+03
2.977411267416709961e+03
3.012721740801703163e+03
3.048973810193456302e+03
3.086167474280136958e+03
3.124302731715829395e+03
3.163379581120511830e+03
3.203398021080124636e+03
3.244358050146456662e+03
3.286259666837349869e+03
3.329102869636494688e+03
3.372887656993498240e+03
3.417614027323975279e+03
3.463281979009298084e+03
2.365958445598880644e+03
2.366435932473495996e+03
2.367868393079584166e+03
2.370255827363621393e+03
2.373598235236613618e+03
2.377895616573869120e+03
2.383147971215066718e+03
2.389355298964255780e+03
2.396517599589901693e+03
2.404634872824749436e+03
2.413707118366073701e+03
2.423734335875383294e+03
2.434716524978648522e+03
2.446653685266142020e+03
2.459545816292597920e+03
2.473392917577007211e+03
2.488194988602867852e+03
2.503952028818002873e+03
2.520664037634560373e+03
2.538331014429104471e+03
2.556952958542569831e+03
2.576529869280307139e+03
2.597061745911946673e+03
2.618548587671602945e+03
2.640990393757692800e+03
2.664387163333003627e+03
2.688738895524761574e+03
2.714045589424517857e+03
2.740307244088194238e+03
2.767523858536083026e+03
2.795695431752938021e+03
2.824821962687769883e+03
2.854903450254005293e+03
2.885939893329509687e+03
2.917931290756428098e+03
2.950877641341298840e+03
2.984778943855144462e+03
3.019635197033176155e+03
3.055446399575134819e+03
3.092212550145109162e+03
3.129933647371467487e+03
3.168609689847062327e+03
3.208240676129094027e+03
3.248826604739087998e+03
3.290367474162985673e+03
3.332863282851099029e+03
3.376314029218156065e+03
3.420719711643164374e+03
3.466080328469570304e+03
3.512395878005213490e+03
2.399475420375006252e+03
2.399959671158080710e+03
2.401412423488682180e+03
2.403833677310944950e+03
2.407223432531714025e+03
2.411581689020681551e+03
2.416908446610227656e+03
2.423203705095488658e+03
2.430467464234379804e+03
2.438699723747549797e+03
2.447900483318380793e+03
2.458069742593102092e+03
2.469207501180540021e+03
2.481313758652459001e+03
2.494388514543220481e+03
2.508431768350033053e+03
2.523443519532838764e+03
2.539423767514313113e+03
2.556372511679887793e+03
2.574289751377773428e+03
2.593175485918914092e+03
2.613029714577010054e+03
2.633852436588540513e+03
2.655643651152695384e+03
2.678403357431488985e+03
2.702131554549532666e+03
2.726828241594421343e+03
2.752493417616324223e+03
2.779127081628234919e+03
2.806729232605880497e+03
2.835299869487766955e+03
2.864838991175133742e+03
2.895346596531999239e+03
2.926822684385092543e+03
2.959267253523921681e+03
2.992680302700750872e+03
3.027061830630623263e+03
3.062411835991247244e+03
3.098730317423246561e+03
3.136017273529773774e+03
3.174272702876942276e+03
3.213496603993530698e+03
3.253688975371073866e+03
3.294849815463862797e+03
3.336979122688899224e+03
3.380076895426077499e+03
3.424143132017889002e+03
3.469177830769672255e+03
3.515180989949476498e+03
3.562152607788129899e+03
2.433429668309736371e+03
2.433920771204179800e+03
2.435394079868092376e+03
2.437849594243016327e+03
2.441287314231635719e+03
2.445707239697685509e+03
2.451109370465883330e+03
2.457493706322065918e+03
2.464860247013166372e+03
2.473208992247100468e+03
2.482539941692857610e+03
2.492853094980546302e+03
2.504148451701303202e+03
2.516426011407270380e+03
2.529685773611777222e+03
2.543927737789044841e+03
2.559151903374481662e+03
2.575358269764569741e+03
2.592546836316728331e+03
2.610717602349518529e+03
2.629870567142597793e+03
2.650005729936583521e+03
2.671123089933234951e+03
2.693222646295362210e+03
2.716304398146780841e+03
2.740368344572380011e+03
2.765414484618190727e+03
2.791442817291249412e+03
2.818453341559597902e+03
2.846446056352397136e+03
2.875420960559881678e+03
2.905378053033314245e+03
2.936317332585031181e+03
2.968238797988419719e+03
3.001142447977895245e+03
3.035028281249037718e+03
3.069896296458387042e+03
3.105746492223579480e+03
3.142578867123279451e+03
3.180393419697293211e+03
3.219190148446386956e+03
3.258969051832468722e+03
3.299730128278406482e+03
3.341473376168301002e+03
3.384198793847099296e+03
3.427906379620981170e+03
3.472596131757063631e+03
3.518268048483628263e+03
3.564922127989984801e+03
3.612558368426402922e+03
2.467825107807016138e+03
2.468323151892059286e+03
2.469817284126975210e+03
2.472307504450623128e+03
2.475793812761207846e+03
2.480276208916302494e+03
2.485754692732689364e+03
2.492229263986473597e+03
2.499699922412969499e+03
2.508166667706950648e+03
2.517629499522308834e+03
2.528088417472326910e+03
2.539543421129542367e+03
2.551994510025770069e+03
2.565441683652124993e+03
2.579884941459044967e+03
2.595324282856245190e+03
2.611759707212672765e+03
2.629191213856597642e+03
2.647618802075658095e+03
2.667042471116656088e+03
2.687462220185761907e+03
2.708878048448377740e+03
2.731289955029296834e+03
2.754697939012476127e+03
2.779101999441263615e+03
2.804502135318261935e+03
2.830898345605282884e+03
2.858290629223597534e+03
2.886678985053640645e+03
2.916063411935124350e+03
2.946443908667174583e+03
2.977820474008035490e+03
3.010193106675387753e+03
3.043561805346143956e+03
3.077926568656516793e+03
3.113287395201928121e+03
3.149644283537259071e+03
3.186997232176531725e+03
3.225346239593091013e+03
3.264691304219672929e+03
3.305032424448108941e+03
3.346369598629689790e+03
3.388702825074938119e+03
3.432032102053653944e+03
3.476357427794960131e+03
3.521678800487211447e+03
3.567996218278130982e+03
3.615309679274650989e+03
3.663619181543026571e+03
2.502665701536625420e+03
2.503170776770866723e+03
2.504686002452331195e+03
2.507211378517149569e+03
2.510746904858933704e+03
2.515292581328753840e+03
2.520848407735047658e+03
2.527414383843711221e+03
2.534990509378167189e+03
2.543576784019160186e+03
2.553173207404915956e+03
2.563779779131164105e+03
2.575396498751001673e+03
2.588023365774961349e+03
2.601660379671056944e+03
2.616307539864715181e+03
2.631964845738798431e+03
2.648632296633627448e+03
2.666309891846981373e+03
2.684997630633984045e+03
2.704695512207331376e+03
2.725403535737063976e+03
2.747121700350726314e+03
2.769850005133184823e+03
2.793588449126923479e+03
2.818337031331725484e+03
2.844095750704855163e+03
2.870864606161035226e+03
2.898643596572378556e+03
2.927432720768547370e+03
2.957231977536480372e+03
2.988041365620688339e+03
3.019860883723094958e+03
3.052690530502991351e+03
3.086530304577217976e+03
3.121380204519937251e+03
3.157240228862860931e+03
3.194110376095068204e+03
3.231990644663119383e+03
3.270881032970987690e+03
3.310781539380036520e+03
3.351692162209246817e+03
3.393612899734807797e+03
3.436543750190526225e+03
3.480484711767576300e+03
3.525435782614545133e+03
3.571396960837546430e+03
3.618368244499970388e+03
3.666349631622847483e+03
3.715341120184530155e+03
2.537956123223511895e+03
2.538468320464085082e+03
2.540004912163544759e+03
2.542565898255111279e+03
2.546151278627598913e+03
2.550761053125279432e+03
2.556395221547882102e+03
2.563053783650730111e+03
2.570736739144626881e+03
2.579444087695810595e+03
2.589175828926136091e+03
2.599931962412892972e+03
2.611712487688873807e+03
2.624517404242442353e+03
2.638346711517374388e+03
2.653200408913039610e+03
2.669078495784242477e+03
2.685980971441358633e+03
2.703907835150221217e+03
2.722859086132189077e+03
2.742834723564101296e+03
2.763834746578345403e+03
2.785859154262811899e+03
2.808907945660848782e+03
2.832981119771352496e+03
2.858078675548699721e+03
2.884200611902838318e+03
2.911346927699128173e+03
2.939517621758500354e+03
2.968712692857320690e+03
2.998932139727571666e+03
3.030175961056670531e+03
3.062444155487514763e+03
3.095736721618573029e+03
3.130053658003771488e+03
3.165394963152584751e+03
3.201760635529967658e+03
3.239150673556355287e+03
3.277565075607731160e+03
3.317003840015604510e+03
3.357466965066919329e+03
3.398954449004168055e+03
3.441466290025368835e+03
3.485002486283974577e+03
3.529563035889032108e+03
3.575147936905045754e+03
3.621757187352022811e+03
3.669390785205496286e+03
3.718048728396479419e+03
3.767731014811533896e+03
2.573701394146769417e+03
2.574220805158461189e+03
2.575779038170276181e+03
2.578376093112433409e+03
2.582011969868653978e+03
2.586686668276161072e+03
2.592400188125589011e+03
2.599152529161142411e+03
2.606943691080482495e+03
2.615773673534727095e+03
2.625642476128518865e+03
2.636550098419957067e+03
2.648496539920643045e+03
2.661481800095680228e+03
2.675505878363628653e+03
2.690568774096504967e+03
2.706670486619896110e+03
2.723811015212800157e+03
2.741990359107740005e+03
2.761208517490717895e+03
2.781465489501215416e+03
2.802761274232148025e+03
2.825095870730046954e+03
2.848469277994809090e+03
2.872881494979856143e+03
2.898332520592111905e+03
2.924822353691956778e+03
2.952350993093273246e+03
2.980918437563423140e+03
3.010524685823293112e+03
3.041169736547158209e+03
3.072853588362863775e+03
3.105576239851757236e+03
3.139337689548597154e+03
3.174137935941666910e+03
3.209976977472729232e+03
3.246854812537026191e+03
3.284771439483301947e+03
3.323726856613757263e+03
3.363721062184117727e+03
3.404754054403611008e+03
3.446825831434830434e+03
3.489936391394007842e+03
3.534085732350763465e+03
3.579273852328219618e+03
3.625500749303046177e+03
3.672766421205278675e+03
3.721070865918545678e+03
3.770414081279886886e+03
3.820796065079935033e+03
2.609906350506980743e+03
2.610433067950111763e+03
2.612013220255221313e+03
2.614646807349322444e+03
2.618333829110906663e+03
2.623074285369739300e+03
2.628868175907041405e+03
2.635715500455307847e+03
2.643616258698557431e+03
2.652570450272014568e+03
2.662578074762450342e+03
2.673639131707795968e+03
2.685753620597597546e+03
2.698921540872561309e+03
2.713142891924940159e+03
2.728417673098238083e+03
2.744745883687369314e+03
2.762127522938703805e+03
2.780562590049839855e+03
2.800051084169831483e+03
2.820593004399120218e+03
2.842188349789489621e+03
2.864837119344133498e+03
2.888539312017564953e+03
2.913294926715752808e+03
2.939103962295894235e+03
2.965966417566710334e+03
2.993882291288241504e+03
3.022851582171892915e+03
3.052874288880434506e+03
3.083950410028046463e+03
3.116079944180296479e+03
3.149262889854026071e+03
3.183499245517577947e+03
3.218789009590568639e+03
3.255132180444024925e+03
3.292528756400383827e+03
3.330978735733424401e+03
3.370482116668290473e+03
3.411038897381513380e+03
3.452649076000943751e+03
3.495312650605910676e+03
3.539029619227062540e+03
3.583799979846457973e+03
3.629623730397406689e+03
3.676500868764719598e+03
3.724431392784572381e+03
3.773415300244437276e+03
3.823452588883242242e+03
3.874543256391257273e+03
2.646575458308052475e+03
2.647109575715967367e+03
2.648711927914291664e+03
2.651382514826832448e+03
2.655121336326465098e+03
2.659928392235246974e+03
2.665803682324485635e+03
2.672747206314602408e+03
2.680758963875155132e+03
2.689838954624906364e+03
2.699987178131800647e+03
2.711203633912941768e+03
2.723488321434524551e+03
2.736841240112039486e+03
2.751262389310090839e+03
2.766751768342419382e+03
2.783309376471947871e+03
2.800935212910758310e+03
2.819629276820182895e+03
2.839391567310622122e+03
2.860222083441635732e+03
2.882120824222056399e+03
2.905087788609807831e+03
2.929122975511995719e+03
2.954226383784862264e+03
2.980398012233899863e+03
3.007637859613646469e+03
3.035945924627958448e+03
3.065322205929737720e+03
3.095766702121113667e+03
3.127279411753329441e+03
3.159860333326878390e+03
3.193509465291344895e+03
3.228226806045540798e+03
3.264012353937414446e+03
3.300866107264027960e+03
3.338788064271761868e+03
3.377778223155974047e+03
3.417836582061340778e+03
3.458963139081629379e+03
3.501157892259811888e+03
3.544420839588042327e+03
3.588751979007565751e+03
3.634151308408854675e+03
3.680618825631518121e+03
3.728154528464392570e+03
3.776758414645428275e+03
3.826430481861734734e+03
3.877170727749626167e+03
3.928979149894576040e+03
2.683713057776139976e+03
2.684254669549477512e+03
2.685879504843046561e+03
2.688587563577038964e+03
2.692378845618691230e+03
2.697253350781966219e+03
2.703211078827780511e+03
2.710252029463822510e+03
2.718376202344734338e+03
2.727583597071975419e+03
2.737874213193890682e+03
2.749248050205665095e+03
2.761705107549346394e+03
2.775245384613845090e+03
2.789868880734957202e+03
2.805575595195296046e+03
2.822365527224383186e+03
2.840238675998580220e+03
2.859195040641111518e+03
2.879234620222064223e+03
2.900357413758388248e+03
2.922563420213873542e+03
2.945852638499263776e+03
2.970225067472028968e+03
2.995680705936615595e+03
3.022219552644241958e+03
3.049841606293102814e+03
3.078546865528096532e+03
3.108335328941143416e+03
3.139206995070890116e+03
3.171161862402982479e+03
3.204199929369815436e+03
3.238321194350669430e+03
3.273525655671755885e+03
3.309813311606035313e+03
3.347184160373467421e+03
3.385638200140738263e+03
3.425175429021487616e+03
3.465795845076149817e+03
3.507499446312090186e+03
3.550286230683514077e+03
3.594156196091466882e+03
3.639109340383879498e+03
3.685145661355477387e+03
3.732265156747962465e+03
3.780467824249853948e+03
3.829753661496465611e+03
3.880122666070064952e+03
3.931574835499736764e+03
3.984110167261474089e+03
2.721322849082775974e+03
2.721872050482147642e+03
2.723519654652477584e+03
2.726265661510433347e+03
2.730110070917180565e+03
2.735052882678269270e+03
2.741094096543770320e+03
2.748233712208161705e+03
2.756471729310396768e+03
2.765808147433858721e+03
2.776242966106383392e+03
2.787776184800372903e+03
2.800407802932454615e+03
2.814137819863935874e+03
2.828966234900417476e+03
2.844893047292066512e+03
2.861918256233434477e+03
2.880041860863548209e+03
2.899263860265887160e+03
2.919584253468383395e+03
2.941003039443421585e+03
2.963520217107816279e+03
2.987135785322880110e+03
3.011849742894401061e+03
3.037662088572483299e+03
3.064572821051842766e+03
3.092581938971579802e+03
3.121689440915224623e+03
3.151895325410805526e+03
3.183199590930757950e+03
3.215602235892060889e+03
3.249103258656009530e+03
3.283702657528488089e+03
3.319400430759719711e+03
3.356196576544493837e+03
3.394091093021984307e+03
3.433083978275772097e+03
3.473175230333959007e+03
3.514364847169144923e+03
3.556652826698268655e+03
3.600039166782812572e+03
3.644523865228666182e+03
3.690106919786148865e+03
3.736788328150146299e+03
3.784568087959860350e+03
3.833446196798990968e+03
3.883422652195781666e+03
3.934497451622814879e+03
3.986670592497148391e+03
4.039942072180338073e+03
2.759408180637569785e+03
2.759965067777102377e+03
2.761635729166619058e+03
2.764420164719058448e+03
2.768318374289219719e+03
2.773330357673921753e+03
2.779456114611866724e+03
2.786695644783708303e+03
2.795048947812028928e+03
2.804516023261294322e+03
2.815096870638035398e+03
2.826791489390620882e+03
2.839599878909371000e+03
2.853522038526580218e+03
2.868557967516403551e+03
2.884707665095015727e+03
2.901971130420429290e+03
2.920348362592767444e+03
2.939839360653877520e+03
2.960444123587649301e+03
2.982162650319946806e+03
3.004994939718517344e+03
3.028940990593014249e+03
3.054000801695087830e+03
3.080174371718317161e+03
3.107461699298141866e+03
3.135862783012066757e+03
3.165377621379411721e+03
3.196006212861516360e+03
3.227748555861603563e+03
3.260604648724847721e+03
3.294574489738374723e+03
3.329658077131261962e+03
3.365855409074447380e+03
3.403166483680911369e+03
3.441591299005426663e+03
3.481129853044853917e+03
3.521782143737914339e+03
3.563548168965280638e+03
3.606427926549531549e+03
3.650421414255265518e+03
3.695528629788896069e+03
3.741749570798833702e+03
3.789084234875485890e+03
3.837532619551097923e+03
3.887094722299866589e+03
3.937770540538008390e+03
3.989560071623509430e+03
4.042463312856557422e+03
4.096480261478995999e+03
2.797972988007541062e+03
2.798537657862107153e+03
2.800231667395428303e+03
2.803055016516486830e+03
2.807007705073510806e+03
2.812089732854065005e+03
2.818301099585073644e+03
2.825641804932729428e+03
2.834111848502470821e+03
2.843711229839118459e+03
2.854439948426761475e+03
2.866298003688848439e+03
2.879285394988028202e+03
2.893402121626377266e+03
2.908648182845195151e+03
2.925023577825118082e+03
2.942528305686073509e+03
2.961162365487325587e+03
2.980925756227429702e+03
3.001818476844232464e+03
3.023840526214894453e+03
3.046991903155867476e+03
3.071272606422962781e+03
3.096682634711237370e+03
3.123221986655084947e+03
3.150890660828190448e+03
3.179688655743575509e+03
3.209615969853507522e+03
3.240672601549636056e+03
3.272858549162879171e+03
3.306173810963446158e+03
3.340618385160837533e+03
3.376192269903935994e+03
3.412895463280869990e+03
3.450727963319081937e+03
3.489689767985328217e+03
3.529780875185656441e+03
3.571001282765473661e+03
3.613350988509387207e+03
3.656829990141477538e+03
3.701438285324888966e+03
3.747175871662352620e+03
3.794042746695686219e+03
3.842038907906112399e+03
3.891164352714122288e+03
3.941419078479520977e+03
3.992803082501473000e+03
4.045316362018411382e+03
4.098958914208037640e+03
4.153730736187389994e+03
2.837022375922470019e+03
2.837594926344877422e+03
2.839312577580335528e+03
2.842175329533688455e+03
2.846183182046388538e+03
2.851336134896314434e+03
2.857634187798021230e+03
2.865077340402581285e+03
2.873665592297606963e+03
2.883398943007273374e+03
2.894277391992363846e+03
2.906300938650110766e+03
2.919469582314445688e+03
2.933783322255771964e+03
2.949242157681078425e+03
2.965846087733871173e+03
2.983595111494241792e+03
3.002489227978890085e+03
3.022528436140942176e+03
3.043712734870246095e+03
3.066042122993121666e+03
3.089516599272428721e+03
3.114136162407612574e+03
3.139900811034681283e+03
3.166810543726182914e+03
3.194865358991251014e+03
3.224065255275559139e+03
3.254410230961343586e+03
3.285900284367380664e+03
3.318535413749054896e+03
3.352315617298268080e+03
3.387240893143439280e+03
3.423311239349663992e+03
3.460526653918509510e+03
3.498887134788060393e+03
3.538392679833077636e+03
3.579043286864794027e+03
3.620838953631073309e+03
3.663779677816228286e+03
3.707865457041202717e+03
3.753096288863548580e+03
3.799472170777221436e+03
3.846993100212898753e+03
3.895659074537707056e+03
3.945470091055403827e+03
3.996426147006286556e+03
4.048527239567101788e+03
4.101773365851408926e+03
4.156164522908989056e+03
4.211700707726504334e+03
2.876561544658875391e+03
2.877142074378207326e+03
2.878883663503097523e+03
2.881786311934001787e+03
2.885850019505232922e+03
2.891074785984596929e+03
2.897460611073779546e+03
2.905007494407982449e+03
2.913715435556196098e+03
2.923584434021154266e+03
2.934614489239083923e+03
2.946805600580046303e+03
2.960157767347823210e+03
2.974670988779735126e+03
2.990345264046914053e+03
3.007180592254144358e+03
3.025176972439840029e+03
3.044334403576203840e+03
3.064652884569090929e+03
3.086132414257986056e+03
3.108772991416117293e+03
3.132574614750410547e+03
3.157537282901421349e+03
3.183660994443425807e+03
3.210945747884420598e+03
3.239391541666032026e+03
3.268998374163584231e+03
3.299766243686144662e+03
3.331695148476433133e+03
3.364785086710776341e+03
3.399036056499335245e+03
3.434448055885809481e+03
3.471021082847755679e+03
3.508755135296269145e+03
3.547650211076188498e+03
3.587706307966050190e+03
3.628923423678065774e+03
3.671301555858121901e+03
3.714840702085780322e+03
3.759540859874368834e+03
3.805402026670822124e+03
3.852424199855818188e+03
3.900607376743619170e+03
3.949951554582276003e+03
4.000456730553560192e+03
4.052122901772804653e+03
4.104950065289085614e+03
4.158938218085245353e+03
4.214087357077664819e+03
4.270397479116536488e+03
2.916595110630146337e+03
2.917183719245895190e+03
2.918949545058467265e+03
2.921892587963930055e+03
2.926012847789002080e+03
2.931310324291075631e+03
2.937785017158216760e+03
2.945436926009256240e+03
2.954266050393675869e+03
2.964272389791540263e+03
2.975455943613792442e+03
2.987816711201935505e+03
3.001354691828214527e+03
3.016069884695480141e+03
3.031962288937393168e+03
3.049031903618197248e+03
3.067278727732900734e+03
3.086702760207140273e+03
3.107303999897271751e+03
3.129082445590324824e+03
3.152038096004048384e+03
3.176170949786819619e+03
3.201481005517757694e+03
3.227968261706655539e+03
3.255632716794002590e+03
3.284474369150939310e+03
3.314493217079325404e+03
3.345689258811694344e+03
3.378062492511276105e+03
3.411612916272019902e+03
3.446340528118480506e+03
3.482245326005977404e+03
3.519327307820481110e+03
3.557586471378658644e+03
3.597022814427850790e+03
3.637636334646140313e+03
3.679427029642215530e+03
3.722394896955506738e+03
3.766539934056118000e+03
3.811862138344872619e+03
3.858361507153267667e+03
3.906038037743360292e+03
3.954891727308108784e+03
4.004922572971054251e+03
4.056130571786388828e+03
4.108515720739092103e+03
4.162078016744681008e+03
4.216817456649550877e+03
4.272734037230657123e+03
4.329827755195628924e+03
2.957127385656281149e+03
2.957724173632595921e+03
2.959514537525410560e+03
2.962498477225994975e+03
2.966675992553246033e+03
2.972047083253619348e+03
2.978611749001083808e+03
2.986369989397212521e+03
2.995321803971114605e+03
3.005467192179435187e+03
3.016806153406332669e+03
3.029338686963660621e+03
3.043064792090717674e+03
3.057984467954315733e+03
3.074097713648939134e+03
3.091404528196585488e+03
3.109904910546720203e+03
3.129598859576481118e+03
3.150486374090542085e+03
3.172567452821044753e+03
3.195842094427757729e+03
3.220310297498031105e+03
3.245972060546682769e+03
3.272827382016112097e+03
3.300876260276345420e+03
3.330118693624854131e+03
3.360554680286759321e+03
3.392184218414672614e+03
3.425007306088787118e+03
3.459023941316831952e+03
3.494234122034117718e+03
3.530637846103491029e+03
3.568235111315379982e+03
3.607025915387703208e+03
3.647010255965960823e+03
3.688188130623302641e+03
3.730559536860255321e+03
3.774124472105040695e+03
3.818882933713371131e+03
3.864834918968540478e+03
3.911980425081424073e+03
3.960319449190319574e+03
4.009851988361265285e+03
4.060578039587790045e+03
4.112497599790799541e+03
4.165610665819008318e+03
4.219917234448598720e+03
4.275417302383175411e+03
4.332110866254220127e+03
4.389997922620295867e+03
2.998162335384381549e+03
2.998767404038289897e+03
3.000582609962202696e+03
3.003607953042455847e+03
3.007843433089828977e+03
3.013289049839272593e+03
3.019944802950044505e+03
3.027810692005687088e+03
3.036886716514072759e+03
3.047172875907267553e+03
3.058669169541622068e+03
3.071375596697816945e+03
3.085292156580840128e+03
3.100418848319918652e+03
3.116755670968518643e+03
3.134302623504413532e+03
3.153059704829752263e+03
3.173026913770809188e+03
3.194204249078234170e+03
3.216591709426938905e+03
3.240189293416142391e+03
3.264996999569257241e+03
3.291014826334071586e+03
3.318242772082635383e+03
3.346680835111192209e+03
3.376329013640429366e+03
3.407187305815159561e+03
3.439255709704548281e+03
3.472534223302045575e+03
3.507022844525317851e+03
3.542721571216429766e+03
3.579630401141639595e+03
3.617749331991467443e+03
3.657078361380786191e+03
3.697617486848707813e+03
3.739366705858606110e+03
3.782326015798207663e+03
3.826495413979409932e+03
3.871874897638531365e+03
3.918464463936038555e+03
3.966264109956773609e+03
4.015273832709749513e+03
4.065493629128400244e+03
4.116923496070330657e+03
4.169563430317452912e+03
4.223413428576031947e+03
4.278473487476480841e+03
4.334743603573656401e+03
4.392223773346495364e+03
4.450913993198400931e+03
3.039703285753489581e+03
3.040316737236184963e+03
3.042157091644617140e+03
3.045224348860188002e+03
3.049518508684968765e+03
3.055039570842018293e+03
3.061787534975132985e+03
3.069762400649165102e+03
3.078964167349613490e+03
3.089392834482987382e+03
3.101048401376556285e+03
3.113930867278531878e+03
3.128040231357908851e+03
3.143376492704669545e+03
3.159939650329488359e+03
3.177729703164004604e+03
3.196746650060708816e+03
3.216990489792942753e+03
3.238461221054922134e+03
3.261158842461691165e+03
3.285083352549168012e+03
3.310234749774144802e+03
3.336613032514219412e+03
3.364218199067977366e+03
3.393050247654741725e+03
3.423109176414754984e+03
3.454394983409065389e+03
3.486907666619640622e+03
3.520647223949299587e+03
3.555613653221712411e+03
3.591806952181377710e+03
3.629227118493736270e+03
3.667874149745011891e+03
3.707748043442302333e+03
3.748848797013602052e+03
3.791176407807711257e+03
3.834730873094395065e+03
3.879512190064110655e+03
3.925520355828302854e+03
3.972755367419267714e+03
4.021217221790175245e+03
4.070905915814978471e+03
4.121821446288504376e+03
4.173963809926567592e+03
4.227333003365606601e+03
4.281929023163206693e+03
4.337751865797554274e+03
4.394801527667868868e+03
4.453078005094175751e+03
4.512581294317351421e+03
3.081753537144436450e+03
3.082375474435457363e+03
3.084241286267115356e+03
3.087350972515332614e+03
3.091704532973358255e+03
3.097301967351677376e+03
3.104143275278124747e+03
3.112228456297748380e+03
3.121557509872923220e+03
3.132130435383328404e+03
3.143947232125924529e+03
3.157007899314930910e+03
3.171312436081871056e+03
3.186860841475527195e+03
3.203653114462076701e+03
3.221689253924841978e+03
3.240969258664517838e+03
3.261493127399080549e+03
3.283260858763810575e+03
3.306272451311178884e+03
3.330527903511097065e+03
3.356027213750621740e+03
3.382770380334181937e+03
3.410757401483488138e+03
3.439988275337509549e+03
3.470462999952519567e+03
3.502181573302073048e+03
3.535143993277006302e+03
3.569350257685482575e+03
3.604800364252901090e+03
3.641494310621988006e+03
3.679432094352750937e+03
3.718613712922456216e+03
3.759039163725674371e+03
3.800708444074325598e+03
3.843621551197497865e+03
3.887778482241651545e+03
3.933179234270551206e+03
3.979823804265151921e+03
4.027712189123803910e+03
4.076844385662093373e+03
4.127220390612910705e+03
4.178840200626359547e+03
4.231703812270006893e+03
4.285811222028496559e+03
4.341162426303912980e+03
4.397757421415599310e+03
4.455596203600089211e+03
4.514678769011425175e+03
4.575005113720590089e+03
3.124317532771237893e+03
3.124948059699522673e+03
3.126839640441198753e+03
3.129992274866572188e+03
3.134405962759547037e+03
3.140080703817557151e+03
3.147016497651611644e+03
3.155213343786294899e+03
3.164671241659675616e+03
3.175390190623443232e+03
3.187370189942862453e+03
3.200611238796659563e+03
3.215113336277204326e+03
3.230876481390396293e+03
3.247900673055687548e+03
3.266185910106082702e+03
3.285732191288184367e+03
3.306539515262056739e+03
3.328607880601384750e+03
3.351937285793428600e+03
3.376527729238978282e+03
3.402379209252376313e+03
3.429491724061517743e+03
3.457865271807850149e+03
3.487499850546419111e+03
3.518395458245777263e+03
3.550552092788075242e+03
3.583969751968970741e+03
3.618648433497719452e+03
3.654588134997129600e+03
3.691788854003493725e+03
3.730250587966793319e+03
3.769973334250516928e+03
3.810957090131546465e+03
3.853201852800634697e+03
3.896707619361745856e+03
3.941474386832737764e+03
3.987502152144747924e+03
4.034790912142648267e+03
4.083340663584704089e+03
4.133151403142892377e+03
4.184223127402719911e+03
4.236555832863132309e+03
4.290149515936786884e+03
4.345004172949779786e+03
4.401119800141850646e+03
4.458496393666177937e+03
4.517133949589697295e+03
4.577032463892601299e+03
4.638191932468953382e+03
3.167400325997891741e+03
3.168039547249804855e+03
3.169957210960387783e+03
3.173153316994148554e+03
3.177627865125214157e+03
3.183380855037376023e+03
3.190412286324135493e+03
3.198722158488544665e+03
3.208310470943433756e+03
3.219177223011251954e+03
3.231322413924044668e+03
3.244746042823589960e+03
3.259448108761284857e+03
3.275428610698190823e+03
3.292687547505056500e+03
3.311224917962272229e+03
3.331040720759824580e+03
3.352134954497500985e+03
3.374507617684548677e+03
3.398158708740106704e+03
3.423088225992751177e+03
3.449296167680859071e+03
3.476782531952380850e+03
3.505547316865022367e+03
3.535590520386085700e+03
3.566912140392469155e+03
3.599512174670871900e+03
3.633390620917498381e+03
3.668547476738331170e+03
3.704982739649017276e+03
3.742696407074686249e+03
3.781688476350382189e+03
3.821958944720563522e+03
3.863507809339535015e+03
3.906335067271174921e+03
3.950440715488957721e+03
3.995824750876181497e+03
4.042487170225649606e+03
4.090427970239898059e+03
4.139647147531104565e+03
4.190144698621111274e+03
4.241920619941379300e+03
4.294974907833079669e+03
4.349307558547025110e+03
4.404918568243692789e+03
4.461807932993178838e+03
4.519975648775243826e+03
4.579421711479471924e+03
4.640146116904770679e+03
4.702148860760007665e+03
3.211006709258322189e+03
3.211654730361215115e+03
3.213598793622645644e+03
3.216838898901073662e+03
3.221375045960394345e+03
3.227207234470165531e+03
3.234335464005539507e+03
3.242759734047240272e+03
3.252480043981586277e+03
3.263496393100444948e+03
3.275808780601369108e+03
3.289417205587324133e+03
3.304321667067029011e+03
3.320522163954728967e+03
3.338018695070240938e+03
3.356811259138976311e+03
3.376899854791940925e+03
3.398284480565689591e+03
3.420965134902439786e+03
3.444941816149935221e+03
3.470214522561514059e+03
3.496783252296086175e+03
3.524648003418224107e+03
3.553808773897958417e+03
3.584265561611050543e+03
3.616018364338765423e+03
3.649067179767916969e+03
3.683412005490981755e+03
3.719052839006008071e+03
3.755989677716615915e+03
3.794222518931974264e+03
3.833751359866937491e+03
3.874576197641817998e+03
3.916697029282636322e+03
3.960113851720893763e+03
4.004826661793799758e+03
4.050835456243999033e+03
4.098140231719821713e+03
4.146740984775215111e+03
4.196637711869675513e+03
4.247830409368157234e+03
4.300319073541390935e+03
4.354103700565633517e+03
4.409184286522690854e+03
4.465560827399986010e+03
4.523233319090468285e+03
4.582201757392795116e+03
4.642466138011104704e+03
4.704026456555175173e+03
4.766882708540288149e+03
3.255140901991171631e+03
3.255797829285893386e+03
3.257768611120764035e+03
3.261053247347740580e+03
3.265651737720145320e+03
3.271564081892688591e+03
3.278790279421400555e+03
3.287330329763494774e+03
3.297184232277754745e+03
3.308351986224124630e+03
3.320833590763913890e+03
3.334629044959842759e+03
3.349738347775883085e+03
3.366161498077349279e+03
3.383898494630943787e+03
3.402949336104666145e+03
3.423314021067767499e+03
3.444992547991023457e+03
3.467984915246370292e+03
3.492291121107132312e+03
3.517911163747976389e+03
3.544845041244957429e+03
3.573092751575313741e+03
3.602654292617762621e+03
3.633529662152295714e+03
3.665718857860247226e+03
3.699221877324271190e+03
3.734038718028341464e+03
3.770169377357842677e+03
3.807613852599365600e+03
3.846372140940979989e+03
3.886444239471938999e+03
3.927830145182974775e+03
3.970529854966025596e+03
4.014543365614463255e+03
4.059870673822911158e+03
4.106511776187403484e+03
4.154466669205248763e+03
4.203735349275052613e+03
4.254317812696945111e+03
4.306214055672080576e+03
4.359424074303274210e+03
4.413947864594433668e+03
4.469785422450877377e+03
4.526936743679357278e+03
4.585401823987740499e+03
4.645180658985418631e+03
4.706273244183057614e+03
4.768679574992665948e+03
4.832399646727526488e+03
3.299806928991802124e+03
3.300472869614645788e+03
3.302470691431585692e+03
3.305800394288007737e+03
3.310461977926070176e+03
3.316455441984953723e+03
3.323780786000611442e+03
3.332438009406018864e+03
3.342427111530878392e+03
3.353748091601960368e+03
3.366400948742762012e+03
3.380385681973803003e+03
3.395702290212420849e+03
3.412350772272861832e+03
3.430331126866235536e+03
3.449643352600605795e+03
3.470287447980877005e+03
3.492263411408885077e+03
3.515571241183306483e+03
3.540210935499726475e+03
3.566182492450661812e+03
3.593485910025424346e+03
3.622121186110348390e+03
3.652088318488517871e+03
3.683387304840084653e+03
3.716018142741904740e+03
3.749980829667833859e+03
3.785275362988591041e+03
3.821901739971735878e+03
3.859859957781873163e+03
3.899150013480357302e+03
3.939771904025406002e+03
3.981725626272282170e+03
4.025011176972975591e+03
4.069628552776521246e+03
4.115577750228726472e+03
4.162858765772330116e+03
4.211471595746957064e+03
4.261416236389163714e+03
4.312692683832301555e+03
4.365300934106744535e+03
4.419240983139616219e+03
4.474512826755085371e+03
4.531116460674047630e+03
4.589051880514398363e+03
4.648319081790941709e+03
4.708918059915231424e+03
4.770848810195911938e+03
4.834111327838354555e+03
4.898705607944839358e+03
3.345007936128195070e+03
3.345682997946437354e+03
3.347708183347231170e+03
3.351083492169004785e+03
3.355808924142365868e+03
3.361884478890169703e+03
3.369310155927587402e+03
3.378085954661992218e+03
3.388211874392982281e+03
3.399687914312471548e+03
3.412514073504621592e+03
3.426690350945796126e+03
3.442216745504629216e+03
3.459093255942025280e+03
3.477319880911090877e+03
3.496896618957316605e+03
3.517823468518258778e+03
3.540100427923812276e+03
3.563727495396165068e+03
3.588704669049730001e+03
3.615031946891122061e+03
3.642709326819226590e+03
3.671736806625244753e+03
3.702114383992602598e+03
3.733842056496882833e+03
3.766919821606052210e+03
3.801347676680234144e+03
3.837125618971890617e+03
3.874253645625640274e+03
3.912731753678372115e+03
3.952559940059336441e+03
3.993738201589894743e+03
4.036266534983724341e+03
4.080144936846750170e+03
4.125373403677122042e+03
4.171951931865282859e+03
4.219880517693968613e+03
4.269159157337981014e+03
4.319787846864619496e+03
4.371766582233180998e+03
4.425095359295482922e+03
4.479774173795317438e+03
4.535803021369042654e+03
4.593181897544991443e+03
4.651910797743767034e+03
4.711989717278447642e+03
4.773418651354177200e+03
4.836197595068369992e+03
4.900326543410756130e+03
4.965805491263245131e+03
3.390746516657918619e+03
3.391430808225709370e+03
3.393483682872806639e+03
3.396905140430294523e+03
3.401695180616729886e+03
3.407853803037960461e+03
3.415381007187420437e+03
3.424276792445721185e+03
3.434541158081106005e+03
3.446174103249040854e+03
3.459175626992509933e+03
3.473545728241856523e+03
3.489284405814896672e+03
3.506391658416714563e+03
3.524867484639958093e+03
3.544711882964566030e+03
3.565924851757927172e+03
3.588506389274857611e+03
3.612456493657532519e+03
3.637775162935531625e+03
3.664462395025930164e+03
3.692518187733071500e+03
3.721942538748839979e+03
3.752735445652456292e+03
3.784896905910477471e+03
3.818426916877047006e+03
3.853325475793531041e+03
3.889592579788836701e+03
3.927228225879184720e+03
3.966232410968245858e+03
4.006605131847118173e+03
4.048346385194213326e+03
4.091456167575461222e+03
4.135934475444173586e+03
4.181781305140975746e+03
4.228996652894011277e+03
4.277580514818760093e+03
4.327532886918152144e+03
4.378853765082499194e+03
4.431543145089494828e+03
4.485601022604328136e+03
4.541027393179479077e+03
4.597822252254900377e+03
4.655985595157972057e+03
4.715517417103365005e+03
4.776417713193359305e+03
4.838686478417412218e+03
4.902323707652567464e+03
4.967329395663091418e+03
5.033703537100927861e+03
3.437025623131626162e+03
3.437719253688965182e+03
3.439800145302069723e+03
3.443268297794520549e+03
3.448123710872141601e+03
3.454366384123159150e+03
3.461996317018133595e+03
3.471013508909959455e+03
3.481417959033865372e+03
3.493209666507482325e+03
3.506388630330729939e+03
3.520954849385861962e+03
3.536908322437534480e+03
3.554249048132714961e+03
3.572977025000704998e+03
3.593092251453208519e+03
3.614594725784218099e+03
3.637484446170037700e+03
3.661761410669441830e+03
3.687425617223448171e+03
3.714477063655454003e+03
3.742915747671167992e+03
3.772741666858701137e+03
3.803954818688453088e+03
3.836555200513271302e+03
3.870542809568178200e+03
3.905917642970712222e+03
3.942679697720632248e+03
3.980828970700122227e+03
4.020365458673654757e+03
4.061289158288127510e+03
4.103600066072704067e+03
4.147298178438904870e+03
4.192383491680607221e+03
4.238856001974113497e+03
4.286715705377901031e+03
4.335962597832940446e+03
4.386596675162491010e+03
4.438617933072146116e+03
4.492026367149924226e+03
4.546821972866018768e+03
4.603004745573161927e+03
4.660574680506329059e+03
4.719531772782875123e+03
4.779876017402375510e+03
4.841607409246989846e+03
4.904725943081029982e+03
4.969231613551255577e+03
5.035124415186692204e+03
5.102404342398767767e+03
3.483849139886456214e+03
3.484552219377906113e+03
3.486661457790864915e+03
3.490176854940887097e+03
3.495098410520631660e+03
3.501426124099793924e+03
3.509159995125196474e+03
3.518300022920584524e+03
3.528846206686966980e+03
3.540798545502207162e+03
3.554157038321363871e+03
3.568921683976509485e+03
3.585092481176775436e+03
3.602669428508374949e+03
3.621652524434534826e+03
3.642041767295631871e+03
3.663837155308988258e+03
3.687038686569098900e+03
3.711646359047426813e+03
3.737660170592539544e+03
3.765080118930086428e+03
3.793906201662730382e+03
3.824138416270238849e+03
3.855776760109392853e+03
3.888821230414077945e+03
3.923271824295215993e+03
3.959128538740810654e+03
3.996391370615856431e+03
4.035060316662566038e+03
4.075135373500029345e+03
4.116616537624508965e+03
4.159503805409258348e+03
4.203797173104680951e+03
4.249496636838171071e+03
4.296602192614227533e+03
4.345113836314362743e+03
4.395031563697193633e+03
4.446355370398327977e+03
4.499085251930569029e+03
4.553221203683597196e+03
4.608763220924333837e+03
4.665711298796645679e+03
4.724065432321503977e+03
4.783825616396916303e+03
4.844991845797994756e+03
4.907564115176865016e+03
4.971542419062643603e+03
5.036926751861801677e+03
5.103717107857573865e+03
5.171913481210231112e+03
3.531221027912397403e+03
3.531933666977442954e+03
3.534071584108232855e+03
3.537634779112181604e+03
3.542623251668078410e+03
3.549037001326337304e+03
3.556876027508928928e+03
3.566140329509266849e+03
3.576829906492457667e+03
3.588944757495005433e+03
3.602484881425016283e+03
3.617450277062198438e+03
3.633840943057703043e+03
3.651656877934260592e+03
3.670898080086135451e+03
3.691564547779216809e+03
3.713656279150768569e+03
3.737173272209770403e+03
3.762115524836622171e+03
3.788483034783303083e+03
3.816275799673371694e+03
3.845493817001920434e+03
3.876137084135507394e+03
3.908205598312315487e+03
3.941699356642061502e+03
3.976618356105927887e+03
4.012962593556721913e+03
4.050732065718807462e+03
4.089926769188036815e+03
4.130546700431750651e+03
4.172591855788982684e+03
4.216062231470164079e+03
4.260957823557396296e+03
4.307278628004155507e+03
4.355024640635656397e+03
4.404195857148511095e+03
4.454792273110933820e+03
4.506813883962649925e+03
4.560260685014964110e+03
4.615132671450760427e+03
4.671429838324274897e+03
4.729152180561595742e+03
4.788299692959981257e+03
4.848872370188564673e+03
4.910870206787876668e+03
4.974293197169936320e+03
5.039141335618433004e+03
5.105414616288499019e+03
5.173113033206846012e+03
5.242236580271674029e+03
3.579145213988749674e+03
3.579867523973143761e+03
3.582034453859205314e+03
3.585646003445617680e+03
3.590702172396800052e+03
3.597202960242998415e+03
3.605148366380240077e+03
3.614538390070265450e+03
3.625373030440687216e+03
3.637652286484831166e+03
3.651376157061804406e+03
3.666544640896518104e+03
3.683157736579664743e+03
3.701215442567672653e+03
3.720717757182865171e+03
3.741664678613165052e+03
3.764056204912435533e+03
3.787892334000207484e+03
3.813173063661906781e+03
3.839898391548604195e+03
3.868068315177242766e+03
3.897682831930524117e+03
3.928741939056931187e+03
3.961245633670682764e+03
3.995193912751847165e+03
4.030586773146183077e+03
4.067424211565366932e+03
4.105706224586742792e+03
4.145432808653413304e+03
4.186603960074330644e+03
4.229219675024228309e+03
4.273279949543598377e+03
4.318784779538646035e+03
4.365734160781471473e+03
4.414128088909933467e+03
4.463966559427558423e+03
4.515249567703790490e+03
4.567977108973764189e+03
4.622149178338418096e+03
4.677765770764517583e+03
4.734826881084541128e+03
4.793332503996725791e+03
4.853282634065135426e+03
4.914677265719728894e+03
4.977516393256019001e+03
5.041800010835413559e+03
5.107528112485124439e+03
5.174700692098031141e+03
5.243317743432953648e+03
5.313379260114379576e+03
3.627625583076201110e+03
3.628357676031646406e+03
3.630553954827814778e+03
3.634214419254408313e+03
3.639339068960794066e+03
3.645927903456140484e+03
3.653980922109371932e+03
3.663498124149191426e+03
3.674479508664012428e+03
3.686925074602118002e+03
3.700834820771433442e+03
3.716208745839708172e+03
3.733046848334402057e+03
3.751349126642867304e+03
3.771115579012075614e+03
3.792346203548731864e+03
3.815040998219501489e+03
3.839199960850623938e+03
3.864823089128208267e+03
3.891910380598028496e+03
3.920461832665750990e+03
3.950477442596661604e+03
3.981957207515961272e+03
4.014901124408402211e+03
4.049309190118719926e+03
4.085181401351292152e+03
4.122517754670252543e+03
4.161318246499558882e+03
4.201582873122924866e+03
4.243311630683683688e+03
4.286504515185174569e+03
4.331161522490288007e+03
4.377282648321806846e+03
4.424867888262224369e+03
4.473917237753721565e+03
4.524430692098417239e+03
4.576408246458049689e+03
4.629849895854067654e+03
4.684755635167948640e+03
4.741125459140675957e+03
4.798959362373034310e+03
4.858257339325655266e+03
4.919019384318880839e+03
4.981245491532808956e+03
5.044935655007338937e+03
5.110089868642126021e+03
5.176708126196490412e+03
5.244790421289735605e+03
5.314336747400557215e+03
5.385347097867816046e+03
3.676665539905548030e+03
3.677407528551157156e+03
3.679633494414656525e+03
3.683343437276334953e+03
3.688537356769847975e+03
3.695215252382377003e+03
3.703377123454583852e+03
3.713022969180565269e+03
3.724152788607989351e+03
3.736766580637890911e+03
3.750864344024853381e+03
3.766446077376940593e+03
3.783511779155674049e+03
3.802061447676055650e+03
3.822095081106522230e+03
3.843612677469059236e+03
3.866614234639132519e+03
3.891099750345665598e+03
3.917069222170994180e+03
3.944522647551025329e+03
3.973460023775123773e+03
4.003881347986089168e+03
4.035786617180247049e+03
4.069175828207380619e+03
4.104048977770753481e+03
4.140406062427132383e+03
4.178247078586696261e+03
4.217572022513172669e+03
4.258380890323746826e+03
4.300673677989084354e+03
4.344450381333263067e+03
4.389710996033977608e+03
4.436455517622266598e+03
4.484683941482694536e+03
4.534396262853351800e+03
4.585592476825786434e+03
4.638272578344935937e+03
4.692436562209309159e+03
4.748084423070895355e+03
4.805216155435141445e+03
4.863831753660906543e+03
4.923931211960643850e+03
4.985514524400241498e+03
5.048581684898999811e+03
5.113132687229790463e+03
5.179167525018920060e+03
5.246686191746175609e+03
5.315688680744869998e+03
5.386174985201751042e+03
5.458145098156956010e+03
3.726267502358541606e+03
3.727019500015330777e+03
3.729275492909118839e+03
3.733035480810258377e+03
3.738299463336079498e+03
3.745067439950821608e+03
3.753339409965519735e+03
3.763115372538300107e+03
3.774395326674130047e+03
3.787179271224863442e+03
3.801467204889331697e+03
3.817259126213230047e+03
3.834555033589208506e+03
3.853354925256826391e+03
3.873658799302552325e+03
3.895466653659786971e+03
3.918778486108840298e+03
3.943594294276954315e+03
3.969914075638234863e+03
3.997737827513788034e+03
4.027065547071606488e+03
4.057897231326523979e+03
4.090232877140419987e+03
4.124072481221992348e+03
4.159416040126961889e+03
4.196263550257845054e+03
4.234615007864090330e+03
4.274470409042260144e+03
4.315829749735485166e+03
4.358693025734146431e+03
4.403060232675375119e+03
4.448931366043234448e+03
4.496306421168765155e+03
4.545185393229803594e+03
4.595568277251277323e+03
4.647455068104864040e+03
4.700845760509287175e+03
4.755740349030133984e+03
4.812138828079901032e+03
4.870041191917948709e+03
4.929447434650683135e+03
4.990357550231419737e+03
5.052771532460201342e+03
5.116689374984252936e+03
5.182111071297549643e+03
5.249036614740998630e+03
5.317465998502439106e+03
5.387399215616687798e+03
5.458836258965402521e+03
5.531777121277173137e+03
3.776433674201280155e+03
3.777195794766498693e+03
3.779482156382164248e+03
3.783292758808397593e+03
3.788627601645362120e+03
3.795486684333263838e+03
3.803870006152487804e+03
3.813777566223325266e+03
3.825209363506269256e+03
3.838165396801832685e+03
3.852645664750571086e+03
3.868650165833150822e+03
3.886178898370303614e+03
3.905231860522803800e+03
3.925809050291491076e+03
3.947910465517315970e+03
3.971536103881248891e+03
3.996685962904371081e+03
4.023360039947760924e+03
4.051558332212698588e+03
4.081280836740347695e+03
4.112527550412119126e+03
4.145298469949420905e+03
4.179593591913680939e+03
4.215412912706437965e+03
4.252756428569296077e+03
4.291624135583970201e+03
4.332016029672195145e+03
4.373932106595748337e+03
4.417372361956540772e+03
4.462336791196503327e+03
4.508825389597677713e+03
4.556838152282148258e+03
4.606375074211996434e+03
4.657436150189550972e+03
4.710021374857024057e+03
4.764130742696829657e+03
4.819764248031401621e+03
4.876921885023170944e+03
4.935603647674724925e+03
4.995809529828738960e+03
5.057539525167885586e+03
5.120793627214925436e+03
5.185571829332729976e+03
5.251874124724145076e+03
5.319700506432218390e+03
5.389050967339926501e+03
5.459925500170402302e+03
5.532324097486889514e+03
5.606246751692560792e+03
3.827166759369856663e+03
3.827939117332903152e+03
3.830256191138505528e+03
3.834117980536007053e+03
3.839524485107767759e+03
3.846475704268914342e+03
3.854971637267613005e+03
3.865012283184933040e+03
3.876597640934801348e+03
3.889727709264116129e+03
3.904402486752678669e+03
3.920621971813170603e+03
3.938386162691244863e+03
3.957695057465457467e+03
3.978548654047244781e+03
4.000946950181014472e+03
4.024889943444054552e+03
4.050377631246578858e+03
4.077410010831704312e+03
4.105987079275564611e+03
4.136108833487014635e+03
4.167775270207994254e+03
4.200986386013323681e+03
4.235742177310703482e+03
4.272042640340760045e+03
4.309887771177022842e+03
4.349277565726038119e+03
4.390212019727118786e+03
4.432691128752617260e+03
4.476714888207743570e+03
4.522283293330656306e+03
4.569396339192348933e+03
4.618054020696877160e+03
4.668256332581086099e+03
4.720003269414769420e+03
4.773294825600669355e+03
4.828130995374453960e+03
4.884511772804694374e+03
4.942437151792773875e+03
5.001907126073183463e+03
5.062921689213180798e+03
5.125480834613017578e+03
5.189584555505825847e+03
5.255232844957754423e+03
5.322425695867650575e+03
5.391163100967469290e+03
5.461445052822045909e+03
5.533271543829050643e+03
5.606642566219261425e+03
5.681558112056063692e+03
3.878469712196761066e+03
3.879252422639206088e+03
3.881600553879252402e+03
3.885514105655079220e+03
3.890993077530288247e+03
3.898037468894017366e+03
3.906647278960736003e+03
3.916822506770472501e+03
3.928563151188632219e+03
3.941869210906133958e+03
3.956740684439273537e+03
3.973177570129882952e+03
3.991179866145171218e+03
4.010747570477838053e+03
4.031880680946028406e+03
4.054579195193309715e+03
4.078843110688762863e+03
4.104672424726868485e+03
4.132067134427575184e+03
4.161027236736322266e+03
4.191552728423903318e+03
4.223643606086625368e+03
4.257299866146263412e+03
4.292521504850014935e+03
4.329308518270568129e+03
4.367660902305965465e+03
4.407578652679853803e+03
4.449061764941166075e+03
4.492110234464394125e+03
4.536724056449452291e+03
4.582903225921677404e+03
4.630647737731965208e+03
4.679957586556497517e+03
4.730832766897015063e+03
4.783273273080749277e+03
4.837279099260240400e+03
4.892850239413610325e+03
4.949986687344403435e+03
5.008688436681450185e+03
5.068955480879367315e+03
5.130787813217921212e+03
5.194185426802550865e+03
5.259148314563935855e+03
5.325676469258360157e+03
5.393769883467393811e+03
5.463428549598347672e+03
5.534652459883773190e+03
5.607441606381553356e+03
5.681795980975357452e+03
5.757715575374004402e+03
3.930345627520568996e+03
3.931138806103149363e+03
3.933518341759759096e+03
3.937484234216822188e+03
3.943036483018568106e+03
3.950175087526736206e+03
3.958900046920848581e+03
3.969211360197937211e+03
3.981109026172794074e+03
3.994593043477902938e+03
4.009663410563302932e+03
4.026320125696815921e+03
4.044563186963728185e+03
4.064392592267199689e+03
4.085808339327900285e+03
4.108810425684214351e+03
4.133398848692218053e+03
4.159573605525520179e+03
4.187334693175512257e+03
4.216682108451254862e+03
4.247615847979341197e+03
4.280135908204147199e+03
4.314242285387558695e+03
4.349934975609357934e+03
4.387213974766723368e+03
4.426079278574616183e+03
4.466530882565666616e+03
4.508568782090219429e+03
4.552192972316061059e+03
4.597403448228874367e+03
4.644200204631852102e+03
4.692583236145901537e+03
4.742552537209621732e+03
4.794108102079144373e+03
4.847249924828406620e+03
4.901977999348923731e+03
4.958292319349834543e+03
5.016192878358015150e+03
5.075679669718056175e+03
5.136752686591898964e+03
5.199411921959563188e+03
5.263657368618396504e+03
5.329489019183620258e+03
5.396906866087965682e+03
5.465910901581901271e+03
5.536501117733541832e+03
5.608677506428557535e+03
5.682440059370583185e+03
5.757788768080445152e+03
5.834723623896979916e+03
3.982798035628366051e+03
3.983601798588097154e+03
3.986013087372043628e+03
3.990031901694555927e+03
3.995658241079377149e+03
4.002892104859824940e+03
4.011733492178768756e+03
4.022182401988584388e+03
4.034238833051153961e+03
4.047902783937888671e+03
4.063174253029706051e+03
4.080053238517075442e+03
4.098539738399995258e+03
4.118633750487924772e+03
4.140335272399897804e+03
4.163644301564431771e+03
4.188560835219641376e+03
4.215084870413079443e+03
4.243216404001850606e+03
4.272955432652588570e+03
4.304301952841433376e+03
4.337255960854054138e+03
4.371817452785671776e+03
4.407986424540922599e+03
4.445762871834131147e+03
4.485146790188991872e+03
4.526138174938796510e+03
4.568737021226411343e+03
4.612943324004049828e+03
4.658757078033636390e+03
4.706178277886465366e+03
4.755206917943451117e+03
4.805842992395037072e+03
4.858086495241104785e+03
4.911937420291110357e+03
4.967395761164084433e+03
5.024461511288427573e+03
5.083134663902183092e+03
5.143415212052877905e+03
5.205303148597658947e+03
5.268798466203043063e+03
5.333901157345053434e+03
5.400611214309446950e+03
5.468928629191259461e+03
5.538853393895260524e+03
5.610385500135544135e+03
5.683524939435892520e+03
5.758271703129366870e+03
5.834625782358943979e+03
5.912587168076788657e+03
4.035830374246165775e+03
4.036644838368806631e+03
4.039088230637207744e+03
4.043160550752941163e+03
4.048861798218536023e+03
4.056191972337660445e+03
4.065151072214894157e+03
4.075739096755887658e+03
4.087956044667362221e+03
4.101801914457018938e+03
4.117276704433606938e+03
4.134380412706877905e+03
4.153113037187631562e+03
4.173474575587715663e+03
4.195465025420025995e+03
4.219084383998392696e+03
4.244332648437739408e+03
4.271209815653992337e+03
4.299715882364171193e+03
4.329850845086298250e+03
4.361614700139330125e+03
4.395007443643362421e+03
4.430029071519493300e+03
4.466679579489823482e+03
4.504958963077501721e+03
4.544867217606702070e+03
4.586404338202646613e+03
4.629570319791559996e+03
4.674365157100646684e+03
4.720788844658250127e+03
4.768841376793693598e+03
4.818522747637325665e+03
4.869832951120474718e+03
4.922771980975608130e+03
4.977339830736082149e+03
5.033536493736437478e+03
5.091361963112103695e+03
5.150816231799672096e+03
5.211899292536600115e+03
5.274611137861484167e+03
5.338951760113968703e+03
5.404921151434655258e+03
5.472519303765238874e+03
5.541746208848371680e+03
5.612601858227799312e+03
5.685086243248224491e+03
5.759199355055488923e+03
5.834941184596391395e+03
5.912311722618733256e+03
5.991310959671363889e+03
4.089444863723065282e+03
4.090270146236753135e+03
4.092745993673906924e+03
4.096872405722774602e+03
4.102649381863739109e+03
4.110076921369432057e+03
4.119155023304551833e+03
4.129883686525954545e+03
4.142262909682790450e+03
4.156292691216253843e+03
4.171973029359719476e+03
4.189303922138742564e+03
4.208285367371104257e+03
4.228917362666584268e+03
4.251199905427324666e+03
4.275132992847466085e+03
4.300716621913466042e+03
4.327950789403780618e+03
4.356835491889137302e+03
4.387370725732444043e+03
4.419556487088630092e+03
4.453392771904987057e+03
4.488879575920873322e+03
4.526016894667759516e+03
4.564804723469342207e+03
4.605243057441475685e+03
4.647331891492149225e+03
4.691071220321600777e+03
4.736461038422157799e+03
4.783501340078260000e+03
4.832192119366595762e+03
4.882533370156033925e+03
4.934525086107555580e+03
4.988167260674345016e+03
5.043459887101676031e+03
5.100402958427093836e+03
5.158996467480164938e+03
5.219240406882772731e+03
5.281134769048821909e+03
5.344679546184534047e+03
5.409874730288220235e+03
5.476720313150326547e+03
5.545216286353434043e+03
5.615362641272395194e+03
5.687159369074197457e+03
5.760606460717872324e+03
5.835703906954768172e+03
5.912451698328322891e+03
5.990849825174200305e+03
6.070898277620108274e+03
4.143642886059205921e+03
4.144479104554307014e+03
4.146987759931062101e+03
4.151168851863849341e+03
4.157022379809882295e+03
4.164548343009437303e+03
4.173746740485580631e+03
4.184617571044304896e+03
4.197160833274529068e+03
4.211376525548121208e+03
4.227264646019807515e+03
4.244825192627217803e+03
4.264058163090953713e+03
4.284963554914429551e+03
4.307541365384145138e+03
4.331791591569299271e+03
4.357714230322130788e+03
4.385309278277759404e+03
4.414576731854231184e+03
4.445516587252450336e+03
4.478128840456315629e+03
4.512413487232538500e+03
4.548370523130847687e+03
4.585999943483807328e+03
4.625301743406907917e+03
4.666275917798566297e+03
4.708922461340080190e+03
4.753241368495696406e+03
4.799232633512542634e+03
4.846896250420695651e+03
4.896232213033090375e+03
4.947240514945633549e+03
4.999921149537044585e+03
5.054274109969105666e+03
5.110299389186388908e+03
5.167996979916324563e+03
5.227366874669451136e+03
5.288409065739142534e+03
5.351123545201471643e+03
5.415510304915778761e+03
5.481569336524034952e+03
5.549300631451251320e+03
5.618704180905297108e+03
5.689779975877036122e+03
5.762528007140190311e+03
5.836948265251339762e+03
5.913040740549922702e+03
5.990805423158599297e+03
6.070242302982569527e+03
6.151351369710209838e+03
4.198425647419321649e+03
4.199272919834697859e+03
4.201814736967435238e+03
4.206051098477450978e+03
4.211982003797811558e+03
4.219607452134891901e+03
4.228927442468443587e+03
4.239941973551253795e+03
4.252651043909554573e+03
4.267054651842681778e+03
4.283152795423347925e+03
4.300945472497414812e+03
4.320432680684098159e+03
4.341614417375740231e+03
4.364490679738059953e+03
4.389061464709993743e+03
4.415326769003695517e+03
4.443286589104627637e+03
4.472940921271424486e+03
4.504289761536051628e+03
4.537333105703737601e+03
4.572070949352860225e+03
4.608503287835173978e+03
4.646630116275605360e+03
4.686451429572366578e+03
4.727967222396932812e+03
4.771177489193996735e+03
4.816082224181559468e+03
4.862681421350862365e+03
4.910975074466273327e+03
4.960963177065627860e+03
5.012645722459842546e+03
5.066022703733210619e+03
5.121094113743197340e+03
5.177859945120530938e+03
5.236320190269225350e+03
5.296474841366580222e+03
5.358323890362953534e+03
5.421867328982307299e+03
5.487105148721502701e+03
5.554037340850845794e+03
5.622663896413905604e+03
5.692984806227423178e+03
5.765000060881357058e+03
5.838709650739156132e+03
5.914113565937077510e+03
5.991211796385232446e+03
6.070004331766449468e+03
6.150491161537138396e+03
6.232672274926744649e+03
4.253794256841410970e+03
4.254652701482837074e+03
4.257228035288608226e+03
4.261520257903521269e+03
4.267529368735563366e+03
4.275255366955775571e+03
4.284698251498502941e+03
4.295858021061144427e+03
4.308734674104380247e+03
4.323328208851989984e+03
4.339638623291011754e+03
4.357665915171514825e+03
4.377410082006963421e+03
4.398871121073739232e+03
4.422049029411596166e+03
4.446943803823387498e+03
4.473555440875134082e+03
4.501883936896047089e+03
4.531929287978482535e+03
4.563691489978054960e+03
4.597170538513455540e+03
4.632366428966633976e+03
4.669279156482639337e+03
4.707908715969711011e+03
4.748255102099346914e+03
4.790318309306098854e+03
4.834098331787708958e+03
4.879595163505223354e+03
4.926808798182742066e+03
4.975739229307578171e+03
5.026386450130166850e+03
5.078750453664224551e+03
5.132831232686521616e+03
5.188628779737086916e+03
5.246143087119116899e+03
5.305374146898975596e+03
5.366321950906103666e+03
5.428986490733359460e+03
5.493367757736541535e+03
5.559465743034616025e+03
5.627280437509898547e+03
5.696811831807826820e+03
5.768059916336960669e+03
5.841024681268936547e+03
5.915706116538831338e+03
5.992104211844662132e+03
6.070218956647704545e+03
6.150050340172538199e+03
6.231598351406546499e+03
6.314862979100735174e+03
4.309749745293242995e+03
4.310619480810760251e+03
4.313228687239711689e+03
4.317577364209023472e+03
4.323665511100398362e+03
4.331493127048020142e+03
4.341060210938985620e+03
4.352366761412804408e+03
4.365412776861830935e+03
4.380198255430877907e+03
4.396723195017580110e+03
4.414987593272167032e+03
4.434991447597531078e+03
4.456734755149227567e+03
4.480217512835474736e+03
4.505439717317085524e+03
4.532401365007603999e+03
4.561102452073168934e+03
4.591542974432672963e+03
4.623722927757535217e+03
4.657642307471974163e+03
4.693301108752734763e+03
4.730699326529270365e+03
4.769836955483651764e+03
4.810713990050703615e+03
4.853330424417913491e+03
4.897686252525181771e+03
4.943781468065390072e+03
4.991616064483878290e+03
5.041190034978694712e+03
5.092503372500550540e+03
5.145556069752774420e+03
5.200348119191448859e+03
5.256879513025205597e+03
5.315150243215384762e+03
5.375160301475943925e+03
5.436909679273503571e+03
5.500398367827438051e+03
5.565626358109693683e+03
5.632593640844834226e+03
5.701300206510131829e+03
5.771746045335521558e+03
5.843931147303555917e+03
5.917855502149586755e+03
5.993519099361355984e+03
6.070921928179404858e+03
6.150063977597073972e+03
6.230945236360139461e+03
6.313565692967176801e+03
6.397925335669287961e+03
4.366294391505471140e+03
4.367175536902777822e+03
4.369818972965504145e+03
4.374224699306273578e+03
4.380392715279162985e+03
4.388323019980066420e+03
4.398015612246604178e+03
4.409470490657963637e+03
4.422687653535103891e+03
4.437667098940596588e+03
4.454408824678716883e+03
4.472912828295443433e+03
4.493179107078344714e+03
4.515207658056806395e+03
4.538998478001803960e+03
4.564551563426039138e+03
4.591866910583803474e+03
4.620944515471182967e+03
4.651784373825853436e+03
4.684386481127239676e+03
4.718750832596401779e+03
4.754877423196080599e+03
4.792766247630720500e+03
4.832417300346423872e+03
4.873830575531019349e+03
4.917006067113902645e+03
4.961943768766332141e+03
5.008643673901019611e+03
5.057105775672539494e+03
5.107330066977078786e+03
5.159316540452482514e+03
5.213065188478344680e+03
5.268576003175849110e+03
5.325848976407905866e+03
5.384884099779128519e+03
5.445681364635720456e+03
5.508240762065679519e+03
5.572562282898661579e+03
5.638645917705935062e+03
5.706491656800426426e+03
5.776099490236947531e+03
5.847469407811695419e+03
5.920601399062798009e+03
5.995495453269904829e+03
6.072151559454414382e+03
6.150569706379292256e+03
6.230749882549434915e+03
6.312692076211214953e+03
6.396396275352708471e+03
6.481862467703695074e+03
4.423431262346775839e+03
4.424323936975360994e+03
4.427001960726215657e+03
4.431465333194705636e+03
4.437714053706417872e+03
4.445748121317046753e+03
4.455567534812712438e+03
4.467172292709551584e+03
4.480562393254126619e+03
4.495737834423061940e+03
4.512698613923294033e+03
4.531444729192003251e+03
4.551976177396500134e+03
4.574292955434361829e+03
4.598395059933432094e+03
4.624282487251798557e+03
4.651955233477679030e+03
4.681413294429557936e+03
4.712656665656140831e+03
4.745685342436422616e+03
4.780499319779551115e+03
4.817098592424918024e+03
4.855483154842090698e+03
4.895653001230994050e+03
4.937608125521705915e+03
4.981348521374457050e+03
5.026874182179744821e+03
5.074185101058424152e+03
5.123281270861366465e+03
5.174162684169800741e+03
5.226829333295154356e+03
5.281281210279098559e+03
5.337518306893434783e+03
5.395540614640322019e+03
5.455348124752072181e+03
5.516940828191218316e+03
5.580318715650582817e+03
5.645481777553141001e+03
5.712430004052021104e+03
5.781163385030822610e+03
5.851681910103070550e+03
5.923985568612761199e+03
5.998074349634043756e+03
6.073948241971220341e+03
6.151607234158836945e+03
6.231051314461728907e+03
6.312280470874975435e+03
6.395294691123717712e+03
6.480093962663522689e+03
6.566678272680110240e+03
4.481162849352790545e+03
4.482067172860001847e+03
4.484780143240891448e+03
4.489301760072817160e+03
4.495632022651420812e+03
4.503770929990741934e+03
4.513718480822944912e+03
4.525474673598569098e+03
4.539039506486369646e+03
4.554412977373408467e+03
4.571595083864986009e+03
4.590585823284754952e+03
4.611385192674538303e+03
4.633993188794465823e+03
4.658409808122951290e+03
4.684635046856715235e+03
4.712668900910739467e+03
4.742511365918176125e+03
4.774162437230620526e+03
4.807622109917838316e+03
4.842890378767833681e+03
4.879967238286940301e+03
4.918852682699844081e+03
4.959546705949310308e+03
5.002049301696547445e+03
5.046360463320979761e+03
5.092480183920247327e+03
5.140408456310387919e+03
5.190145273025586903e+03
5.241690626318381874e+03
5.295044508159639918e+03
5.350206910238216551e+03
5.407177823961637841e+03
5.465957240455418287e+03
5.526545150563424613e+03
5.588941544847875775e+03
5.653146413589229269e+03
5.719159746786044707e+03
5.786981534155393092e+03
5.856611765132493019e+03
5.928050428870892574e+03
6.001297514242332909e+03
6.076353009836930141e+03
6.153216903962993456e+03
6.231889184647207003e+03
6.312369839634311575e+03
6.394658856387513879e+03
6.478756222088350114e+03
6.564661923636413121e+03
6.652375947649761656e+03
4.539490256647673050e+03
4.540406348892634014e+03
4.543154625480474351e+03
4.547735085969907232e+03
4.554147729625401553e+03
4.562392555417272888e+03
4.572469562021660749e+03
4.584378747820437638e+03
4.598120110901345470e+03
4.613693649057881885e+03
4.631099359789436676e+03
4.650337240300996200e+03
4.671407287503575390e+03
4.694309498013922166e+03
4.719043868154494703e+03
4.745610393953711537e+03
4.774009071145610505e+03
4.804239895170167074e+03
4.836302861173180645e+03
4.870197964006092661e+03
4.905925198226304929e+03
4.943484558096952242e+03
4.982876037587016071e+03
5.024099630371165404e+03
5.067155329829984112e+03
5.112043129049902745e+03
5.158763020822971157e+03
5.207314997647199561e+03
5.257699051726353900e+03
5.309915174970001317e+03
5.363963358993464681e+03
5.419843595117981749e+03
5.477555874370455058e+03
5.537100187483747504e+03
5.598476524896341289e+03
5.661684876752633500e+03
5.726725232902845164e+03
5.793597582902930299e+03
5.862301916014666858e+03
5.932838221205656737e+03
6.005206487149280292e+03
6.079406702224832770e+03
6.155438854517115033e+03
6.233302931817070203e+03
6.312998921621237969e+03
6.394526811132027433e+03
6.477886587257626161e+03
6.563078236612182081e+03
6.650101745515212315e+03
6.738957099992603617e+03
4.598414132774792051e+03
4.599342113783609420e+03
4.602126056656561559e+03
4.606765960932784765e+03
4.613261825844188024e+03
4.621613650315657651e+03
4.631821432964693486e+03
4.643885172101659009e+03
4.657804865729690391e+03
4.673580511544696492e+03
4.691212106935427073e+03
4.710699648983404586e+03
4.732043134462901435e+03
4.755242559841008188e+03
4.780297921277633577e+03
4.807209214625459026e+03
4.835976435429938647e+03
4.866599578929299241e+03
4.899078640054676725e+03
4.933413613429797806e+03
4.969604493371389253e+03
5.007651273888768628e+03
5.047553948684276293e+03
5.089312511152797924e+03
5.132926954382173790e+03
5.178397271153016845e+03
5.225723453938644525e+03
5.274905494905283376e+03
5.325943385911841688e+03
5.378837118510091386e+03
5.433586683944531615e+03
5.490192073152502417e+03
5.548653276764162001e+03
5.608970285102441267e+03
5.671143088182998326e+03
5.735171675714263984e+03
5.801056037097578155e+03
5.868796161427053448e+03
5.938392037489484210e+03
6.009843653764619376e+03
6.083150998424798672e+03
6.158314059335361890e+03
6.235332824054148659e+03
6.314207279832180575e+03
6.394937413613024546e+03
6.477523212033020172e+03
6.561964661421416167e+03
6.648261747800097510e+03
6.736414456883903767e+03
6.826422774080492673e+03
4.657934106692323439e+03
4.658874096644694873e+03
4.661694066341487996e+03
4.666394015301420950e+03
4.672973942722660468e+03
4.681433847482389865e+03
4.691773728137104627e+03
4.703993582922475980e+03
4.718093409753396372e+03
4.734073206224024943e+03
4.751932969607651103e+03
4.771672696856876428e+03
4.793292384603410028e+03
4.816792029158250443e+03
4.842171626511617433e+03
4.869431172332929236e+03
4.898570661970802576e+03
4.929590090453098128e+03
4.962489452486852315e+03
4.997268742458345514e+03
5.033927954433056584e+03
5.072467082155731077e+03
5.112886119050313027e+03
5.155185058219876737e+03
5.199363892446831414e+03
5.245422614192716537e+03
5.293361215598383751e+03
5.343179688483724021e+03
5.394878024348122381e+03
5.448456214369844020e+03
5.503914249406625459e+03
5.561252119995333487e+03
5.620469816351987902e+03
5.681567328372057091e+03
5.744544645629821389e+03
5.809401757379191622e+03
5.876138652553072461e+03
5.944755319763589796e+03
6.015251747302181684e+03
6.087627923139370978e+03
6.161883834925038173e+03
6.238019469988103083e+03
6.316034815336979591e+03
6.395929857658984474e+03
6.477704583320883103e+03
6.561358978368480166e+03
6.646893028526892522e+03
6.734306719200503721e+03
6.823600035472873060e+03
6.914772962106599152e+03
4.718048999426446244e+03
4.719001118632559155e+03
4.721857476083459915e+03
4.726618071276720912e+03
4.733282903374924899e+03
4.741851971205846894e+03
4.752325273262135852e+03
4.764702807701701204e+03
4.778984572347326321e+03
4.795170564686873149e+03
4.813260781873395899e+03
4.833255220724845458e+03
4.855153877724274025e+03
4.878956749019880590e+03
4.904663830424738080e+03
4.932275117417179899e+03
4.961790605140390653e+03
4.993210288402747210e+03
5.026534161677636803e+03
5.061762219103502503e+03
5.098894454483865957e+03
5.137930861287236439e+03
5.178871432647270012e+03
5.221716161362564890e+03
5.266465039896888811e+03
5.313118060378974405e+03
5.361675214602610140e+03
5.412136494026799483e+03
5.464501889775306154e+03
5.518771392637245299e+03
5.574944993066583265e+03
5.633022681182410452e+03
5.693004446768918569e+03
5.754890279275241483e+03
5.818680167815728055e+03
5.884374101169532878e+03
5.951972067781116493e+03
6.021474055759972543e+03
6.092880052880400399e+03
6.166190046582005380e+03
6.241404023969380432e+03
6.318521971812060656e+03
6.397543876544932573e+03
6.478469724267506535e+03
6.561299500744689794e+03
6.646033191406286278e+03
6.732670781347269440e+03
6.821212255327463936e+03
6.911657597772000372e+03
7.004006792770906031e+03
4.778758408164935645e+03
4.779722777037909509e+03
4.782615883481958008e+03
4.787437726972507335e+03
4.794188306635282970e+03
4.802867621246264207e+03
4.813475669231684151e+03
4.826012448668075194e+03
4.840477957282291754e+03
4.856872192451396586e+03
4.875195151202842681e+03
4.895446830214200418e+03
4.917627225813498626e+03
4.941736333978928997e+03
4.967774150338982508e+03
4.995740670172449427e+03
5.025635888408373830e+03
5.057459799626167296e+03
5.091212398055404265e+03
5.126893677575958463e+03
5.164503631718071119e+03
5.204042253662169060e+03
5.245509536239069348e+03
5.288905471929729174e+03
5.334230052865473226e+03
5.381483270827902743e+03
5.430665117248895513e+03
5.481775583210514924e+03
5.534814659445282814e+03
5.589782336335883883e+03
5.646678603915279382e+03
5.705503451866798059e+03
5.766256869523931528e+03
5.828938845870516161e+03
5.893549369540733096e+03
5.960088428818835382e+03
6.028556011639648204e+03
6.098952105587977712e+03
6.171276697899156716e+03
6.245529775458680888e+03
6.321711324802299714e+03
6.399821332116107442e+03
6.479859783236452131e+03
6.561826663649981128e+03
6.645721958493686543e+03
6.731545652554586923e+03
6.819297730270272950e+03
6.908978175728452698e+03
7.000586972667224472e+03
7.094124104474803971e+03
4.840064473998631911e+03
4.841041213045468794e+03
4.843971430003375644e+03
4.848855124324654753e+03
4.855692295096537237e+03
4.864482941040978403e+03
4.875227060514953337e+03
4.887924651510229523e+03
4.902575711653457802e+03
4.919180238206149625e+03
4.937738228064699797e+03
4.958249677760386476e+03
4.980714583459302958e+03
5.005132940962471366e+03
5.031504745705797177e+03
5.059829992759932793e+03
5.090108676830573131e+03
5.122340792258114561e+03
5.156526333017950492e+03
5.192665292720334946e+03
5.230757664610291613e+03
5.270803441567795744e+03
5.312802616107637732e+03
5.356755180379559533e+03
5.402661126168140981e+03
5.450520444892708838e+03
5.500333127607723327e+03
5.552099165002209702e+03
5.605818547400258467e+03
5.661491264760843478e+03
5.719117306677662782e+03
5.778696662379434201e+03
5.840229320729577012e+03
5.903715270226621215e+03
5.969154499003707315e+03
6.036546994828995594e+03
6.105892745105529684e+03
6.177191736871100147e+03
6.250443956798517320e+03
6.325649391195338467e+03
6.402808026004004205e+03
6.481919846801929452e+03
6.562984838801321530e+03
6.646002986849225636e+03
6.730974275427661269e+03
6.817898688653349382e+03
6.906776210278076178e+03
6.997606823688374789e+03
7.090390511905616222e+03
7.185127257586236738e+03
4.901969599848462167e+03
4.902958829630051696e+03
4.905926518784303880e+03
4.910872666739328452e+03
4.917797272542156861e+03
4.926700334858583119e+03
4.937581851973163793e+03
4.950441821789240748e+03
4.965280241829054830e+03
4.982097109233495758e+03
5.000892420762352231e+03
5.021666172794175509e+03
5.044418361326279410e+03
5.069148981974853996e+03
5.095858029974783676e+03
5.124545500179874580e+03
5.155211387062558970e+03
5.187855684714213567e+03
5.222478386844909437e+03
5.259079486783662105e+03
5.297658977478022280e+03
5.338216851494598814e+03
5.380753101018626694e+03
5.425267717854262628e+03
5.471760693424289457e+03
5.520232018770479954e+03
5.570681684553301238e+03
5.623109681051937514e+03
5.677515998164517441e+03
5.733900625407841289e+03
5.792263551917676523e+03
5.852604766448303053e+03
5.914924257373104410e+03
5.979222012684112997e+03
6.045498019992055561e+03
6.113752266526671519e+03
6.183984739136258213e+03
6.256195424288171125e+03
6.330384308068369137e+03
6.406551376181505475e+03
6.484696613951473410e+03
6.564820006320360335e+03
6.646921537849630113e+03
6.731001192719077153e+03
6.817058954727508535e+03
6.905094807292607584e+03
6.995108733450661020e+03
7.087100715856877287e+03
7.181070736785113695e+03
7.277018778128149279e+03
4.964474694297950919e+03
4.965476535328730279e+03
4.968482058222116393e+03
4.973491262381094202e+03
4.980504146810790189e+03
4.989520710118245006e+03
5.000540950512686322e+03
5.013564865805187765e+03
5.028592453408941765e+03
5.045623710339191348e+03
5.064658633213184658e+03
5.085697218250152218e+03
5.108739461271420623e+03
5.133785357700321583e+03
5.160834902562214666e+03
5.189888090484487293e+03
5.220944915696532007e+03
5.254005372029837417e+03
5.289069452917806302e+03
5.326137151396028457e+03
5.365208460101962373e+03
5.406283371275208083e+03
5.449361876757348000e+03
5.494443967991969657e+03
5.541529636024733918e+03
5.590618871503306764e+03
5.641711664677404769e+03
5.694808005398726891e+03
5.749907883121068153e+03
5.807011286900251434e+03
5.866118205394013785e+03
5.927228626862233796e+03
5.990342539166749702e+03
6.055459929771541283e+03
6.122580785742502485e+03
6.191705093747532374e+03
6.262832840056717032e+03
6.335964010542011238e+03
6.411098590677420361e+03
6.488236565539182266e+03
6.567377919805176134e+03
6.648522637755741016e+03
6.731670703272902756e+03
6.816822099840965166e+03
6.903976810546009801e+03
6.993134818076350712e+03
7.084296104722216114e+03
7.177460652375975769e+03
7.272628442532004556e+03
7.369799456286500572e+03
5.027579548299695489e+03
5.028594120960610780e+03
5.031637838735582591e+03
5.036710701001334201e+03
5.043812706719359085e+03
5.052943854435466164e+03
5.064104142280143606e+03
5.077293567968354182e+03
5.092512128799603488e+03
5.109759821658008150e+03
5.129036643012136665e+03
5.150342588915168562e+03
5.173677655004757980e+03
5.199041836503170089e+03
5.226435128217167403e+03
5.255857524538100733e+03
5.287309019441795499e+03
5.320789606488665413e+03
5.356299278823667009e+03
5.393838029176299642e+03
5.433405849860582748e+03
5.475002732775101322e+03
5.518628669402937703e+03
5.564283650811739790e+03
5.611967667653811986e+03
5.661680710165796881e+03
5.713422768168993571e+03
5.767193831069243970e+03
5.822993887856955553e+03
5.880822927107010401e+03
5.940680936978787940e+03
6.002567905216346844e+03
6.066483819148334078e+03
6.132428665687621105e+03
6.200402431331986008e+03
6.270405102163567790e+03
6.342436663849002798e+03
6.416497101639606626e+03
6.492586400371146738e+03
6.570704544463933416e+03
6.650851517922865241e+03
6.733027304337474561e+03
6.817231886881563696e+03
6.903465248313659686e+03
6.991727370976877864e+03
7.082018236798785438e+03
7.174337827291446956e+03
7.268686123551560740e+03
7.365063106260322456e+03
7.463468755683697964e+03
5.091282769992858448e+03
5.092310194479432539e+03
5.095392467722285801e+03
5.100529589070856673e+03
5.107721557440913784e+03
5.116968371314533215e+03
5.128270028740143971e+03
5.141626527332346086e+03
5.157037864272160732e+03
5.174504036306916532e+03
5.194025039750158612e+03
5.215600870481785023e+03
5.239231523948046743e+03
5.264916995161456725e+03
5.292657278700835377e+03
5.322452368711265080e+03
5.354302258904249356e+03
5.388206942557462753e+03
5.424166412515023694e+03
5.462180661187198893e+03
5.502249680550676203e+03
5.544373462148450926e+03
5.588551997089780343e+03
5.634785276050206448e+03
5.683073289271601425e+03
5.733416026562190382e+03
5.785813477296460405e+03
5.840265630415160558e+03
5.896772474425461041e+03
5.955333997400748558e+03
6.015950186980671788e+03
6.078621030371368761e+03
6.143346514345012110e+03
6.210126625240400244e+03
6.278961348962366174e+03
6.349850670982186784e+03
6.422794576337400940e+03
6.497793049631854956e+03
6.574846075035657122e+03
6.653953636285405082e+03
6.735115716683731080e+03
6.818332299099847660e+03
6.903603365969001970e+03
6.990928899293021459e+03
7.080308880639768176e+03
7.171743291143638999e+03
7.265232111505156354e+03
7.360775321991286546e+03
7.458372902435257856e+03
7.558024832236515067e+03
5.155580250989260094e+03
5.156620647261593149e+03
5.159741835852287295e+03
5.164943816082222838e+03
5.172226586819601835e+03
5.181590146480039039e+03
5.193034493026243581e+03
5.206559623968314554e+03
5.222165536363604588e+03
5.239852226816833536e+03
5.259619691479883841e+03
5.281467926052073381e+03
5.305396925779859885e+03
5.331406685457045569e+03
5.359497199424799874e+03
5.389668461571454827e+03
5.421920465332686945e+03
5.456253203691517228e+03
5.492666669178174743e+03
5.531160853870187566e+03
5.571735749392382786e+03
5.614391346916886505e+03
5.659127637163123836e+03
5.705944610397750694e+03
5.754842256434767478e+03
5.805820564635450864e+03
5.858879523908353804e+03
5.914019122709350995e+03
5.971239349041479727e+03
6.030540190455303673e+03
6.091921634048458145e+03
6.155383666465922943e+03
6.220926273900113301e+03
6.288549442090379671e+03
6.358253156323780786e+03
6.430037401434356070e+03
6.503902161803625859e+03
6.579847421360227600e+03
6.657873163580370601e+03
6.737979371487062963e+03
6.820166027651112017e+03
6.904433114190305787e+03
6.990780612769913205e+03
7.079208504602274843e+03
7.169716770447212184e+03
7.262305390611709299e+03
7.356974344950140221e+03
7.453723612864087045e+03
7.552553173302385403e+03
7.653463004761351840e+03
5.220467306350406034e+03
5.221520794082925931e+03
5.224681257044312588e+03
5.229948694525614883e+03
5.237323105345603835e+03
5.246804487850317855e+03
5.258392839913312855e+03
5.272088158935616775e+03
5.287890441845706846e+03
5.305799685099486851e+03
5.325815884680378076e+03
5.347939036099182886e+03
5.372169134394221146e+03
5.398506174131239277e+03
5.426950149403478463e+03
5.457501053831606441e+03
5.490158880563694765e+03
5.524923622275400703e+03
5.561795271169717125e+03
5.600773818977108931e+03
5.641859256955672208e+03
5.685051575890702225e+03
5.730350766095102699e+03
5.777756817409135692e+03
5.827269719200648979e+03
5.878889460364916886e+03
5.932616029324663032e+03
5.988449414029855689e+03
6.046389601958298954e+03
6.106436580114996104e+03
6.168590335032467920e+03
6.232850852770707206e+03
6.299218118917133324e+03
6.367692118586637662e+03
6.438272836421674583e+03
6.510960256591988582e+03
6.585754362794705230e+03
6.662655138254785925e+03
6.741662565724345768e+03
6.822776627482926415e+03
6.905997305337768921e+03
6.991324580623313523e+03
7.078758434201563432e+03
7.168298846462175788e+03
7.259945797321825012e+03
7.353699266225021347e+03
7.449559232143610643e+03
7.547525673576819827e+03
7.647598568551484277e+03
7.749777894621774976e+03
5.285943142067276312e+03
5.287009840659084148e+03
5.290209936187784479e+03
5.295543427913571577e+03
5.303010314603398001e+03
5.312610594530974595e+03
5.324344265476861437e+03
5.338211324728308682e+03
5.354211769079370242e+03
5.372345594830881055e+03
5.392612797790525292e+03
5.415013373272631725e+03
5.439547316098401097e+03
5.466214620595860652e+03
5.495015280599636753e+03
5.525949289451318691e+03
5.559016639999163090e+03
5.594217324598298546e+03
5.631551335110543732e+03
5.671018662904543817e+03
5.712619298855702255e+03
5.756353233346180787e+03
5.802220456265035864e+03
5.850220957007968536e+03
5.900354724477529089e+03
5.952621747082957882e+03
6.007022012740389982e+03
6.063555508872741484e+03
6.122222222409573078e+03
6.183022139787408378e+03
6.245955246949370121e+03
6.311021529345407544e+03
6.378220971932432803e+03
6.447553559173775284e+03
6.519019275040000139e+03
6.592618103007953323e+03
6.668350026061716562e+03
6.746215026691879757e+03
6.826213086895859306e+03
6.908344188177898104e+03
6.992608311548974598e+03
7.079005437526893729e+03
7.167535546136105040e+03
7.258198616908157419e+03
7.350994628880880555e+03
7.445923560599430857e+03
7.542985390115291011e+03
7.642180094986997574e+03
7.743507652279731701e+03
7.846968038565546522e+03
5.352009825004370214e+03
5.353089853572168977e+03
5.356329939018201003e+03
5.361730080570305290e+03
5.369290276941524098e+03
5.379010526330148423e+03
5.390890826419581572e+03
5.404931174378589276e+03
5.421131566861117790e+03
5.439492000006271155e+03
5.460012469438447624e+03
5.482692970267203236e+03
5.507533497087342766e+03
5.534534043978919726e+03
5.563694604507122676e+03
5.595015171722434388e+03
5.628495738160540895e+03
5.664136295842399704e+03
5.701936836274035159e+03
5.741897350446788550e+03
5.784017828837318120e+03
5.828298261407326208e+03
5.874738637603786628e+03
5.923338946358944668e+03
5.974099176090248875e+03
6.027019314700373798e+03
6.082099349577083558e+03
6.139339267593550176e+03
6.198739055108171669e+03
6.260298697964299208e+03
6.324018181490828283e+03
6.389897490501653010e+03
6.457936609295984454e+03
6.528135521658259677e+03
6.600494210858050792e+03
6.675012659650201385e+03
6.751690850274871991e+03
6.830528764457221769e+03
6.911526383407863250e+03
6.994683687822453066e+03
7.080000657882010273e+03
7.167477273252598025e+03
7.257113513085687373e+03
7.348909356017793471e+03
7.442864780170884842e+03
7.538979763151792213e+03
7.637254282052936105e+03
7.737688313451781141e+03
7.840281833410926993e+03
7.945034817478381228e+03
5.418668552254439419e+03
5.419762029583785079e+03
5.423042461303202799e+03
5.428509846606834799e+03
5.436164184151493828e+03
5.446005472056799590e+03
5.458033707905110532e+03
5.472248888741410155e+03
5.488651011073625341e+03
5.507240070872262550e+03
5.528016063570612459e+03
5.550978984064795441e+03
5.576128826713488706e+03
5.603465585338290111e+03
5.632989253223490778e+03
5.664699823116052357e+03
5.698597287225720720e+03
5.734681637225003215e+03
5.772952864249145932e+03
5.813410958896110969e+03
5.856055911226667376e+03
5.900887710764163785e+03
5.947906346494892205e+03
5.997111806867769701e+03
6.048504079794474819e+03
6.102083152649447584e+03
6.157849012269798550e+03
6.215801644955536176e+03
6.275941036469248502e+03
6.338267172036330521e+03
6.402780036344893233e+03
6.469479613545854590e+03
6.538365887252848552e+03
6.609438840542134130e+03
6.682698455952913719e+03
6.758144715486878340e+03
6.835777600608844295e+03
6.915597092245934618e+03
6.997603170788352145e+03
7.081795816088742868e+03
7.168175007462787107e+03
7.256740723688790240e+03
7.347492943007591748e+03
7.440431643123201866e+03
7.535556801201937560e+03
7.632868393873332025e+03
7.732366397229043287e+03
7.834050786823991075e+03
7.937921537675674699e+03
8.043978624264173050e+03
5.485917847234827605e+03
5.487024891729970477e+03
5.490346024935115565e+03
5.495881246009207644e+03
5.503630553550419791e+03
5.513593945596494450e+03
5.525771419624197733e+03
5.540162972549728693e+03
5.556768600728673846e+03
5.575588299955779803e+03
5.596622065465180640e+03
5.619869891930306949e+03
5.645331773463840364e+03
5.673007703617872721e+03
5.702897675383792375e+03
5.735001681192170508e+03
5.769319712913033982e+03
5.805851761855660698e+03
5.844597818768579600e+03
5.885557873839707099e+03
5.928731916696278859e+03
5.974119936404713371e+03
6.021721921470907546e+03
6.071537859839963858e+03
6.123567738896326773e+03
6.177811545463691800e+03
6.234269265805096438e+03
6.292940885622920177e+03
6.353826390058884499e+03
6.416925763693870977e+03
6.482238990548194124e+03
6.549766054081419497e+03
6.619506937192500118e+03
6.691461622219549099e+03
6.765630090940157970e+03
6.842012324571123827e+03
6.920608303768494807e+03
7.001418008627842937e+03
7.084441418683854863e+03
7.169678512910513746e+03
7.257129269721281162e+03
7.346793666968642356e+03
7.438671681944788361e+03
7.532763291380979354e+03
7.629068471447635602e+03
7.727587197754837689e+03
7.828319445351644390e+03
7.931265188726729320e+03
8.036424401807789764e+03
8.143797057962001418e+03
5.553755414229817688e+03
5.554876143857040915e+03
5.558238332446171626e+03
5.563841979119547432e+03
5.571687082414337056e+03
5.581773640282631277e+03
5.594101650091397460e+03
5.608671108622479551e+03
5.625482012072598081e+03
5.644534356053304691e+03
5.665828135591095815e+03
5.689363345127367211e+03
5.715139978518300268e+03
5.743158029035089385e+03
5.773417489363669119e+03
5.805918351604918826e+03
5.840660607274617178e+03
5.877644247303396696e+03
5.916869262036743748e+03
5.958335641235112234e+03
6.002043374073718951e+03
6.047992449142748228e+03
6.096182854447215504e+03
6.146614577407081015e+03
6.199287604857090628e+03
6.254201923046912270e+03
6.311357517641135928e+03
6.370754373719228170e+03
6.432392475775350249e+03
6.496271807718903801e+03
6.562392352873803247e+03
6.630754093979112440e+03
6.701357013188544443e+03
6.774201092070916275e+03
6.849286311609739641e+03
6.926612652203493781e+03
7.006180093665670938e+03
7.087988615224276145e+03
7.172038195522600290e+03
7.258328812618537995e+03
7.346860443985042366e+03
7.437633066509806667e+03
7.530646656495355273e+03
7.625901189659361989e+03
7.723396641134240781e+03
7.823132985467054823e+03
7.925110196620198622e+03
8.029328247970533994e+03
8.135787112310026714e+03
8.244486761845337242e+03
5.622176737919994594e+03
5.623311270099111425e+03
5.626714866331099074e+03
5.632387525700119113e+03
5.640329246679675634e+03
5.650540027132774412e+03
5.663019864311786478e+03
5.677768754858425382e+03
5.694786694803997307e+03
5.714073679569014530e+03
5.735629703963627435e+03
5.759454762187237975e+03
5.785548847828704311e+03
5.813911953866318072e+03
5.844544072667758883e+03
5.877445195990208049e+03
5.912615314980166659e+03
5.950054420173569270e+03
5.989762501495783908e+03
6.031739548261566597e+03
6.075985549175175038e+03
6.122500492330209454e+03
6.171284365209749012e+03
6.222337154686056238e+03
6.275658847021213660e+03
6.331249427866350743e+03
6.389108882262280531e+03
6.449237194638999426e+03
6.511634348816096463e+03
6.576300328002525930e+03
6.643235114796652852e+03
6.712438691186162032e+03
6.783911038548285433e+03
6.857652137649802171e+03
6.933661968646492824e+03
7.011940511083867023e+03
7.092487743896845132e+03
7.175303645409667297e+03
7.260388193336029872e+03
7.347741364778994466e+03
7.437363136231124372e+03
7.529253483574302663e+03
7.623412382080050520e+03
7.719839806408981531e+03
7.818535730611301915e+03
7.919500128126583149e+03
8.022732971783898392e+03
8.128234233801686059e+03
8.236003885787704348e+03
8.346041898739485987e+03
5.691175453565983844e+03
5.692323905070952605e+03
5.695769259267353846e+03
5.701511515199513269e+03
5.709550671274564593e+03
5.719886725262563232e+03
5.732519674296463563e+03
5.747449514872164400e+03
5.764676242848236143e+03
5.784199853446239104e+03
5.806020341250700767e+03
5.830137700208888418e+03
5.856551923630991041e+03
5.885263004190073843e+03
5.916270933922100994e+03
5.949575704225799200e+03
5.985177305862976027e+03
6.023075728958087893e+03
6.063270962998603864e+03
6.105762996834891965e+03
6.150551818680060023e+03
6.197637416110273989e+03
6.247019776064371399e+03
6.298698884844179702e+03
6.352674728114470781e+03
6.408947290902733585e+03
6.467516557599401494e+03
6.528382511957806855e+03
6.591545137094180973e+03
6.657004415487517690e+03
6.724760328979755286e+03
6.794812858775821951e+03
6.867161985443271988e+03
6.941807688912695085e+03
7.018749948477579892e+03
7.097988742794223072e+03
7.179524049881774772e+03
7.263355847122375053e+03
7.349484111260926511e+03
7.437908818405185229e+03
7.528629944025942677e+03
7.621647462956661911e+03
7.716961349393886849e+03
7.814571576896832994e+03
7.914478118387705763e+03
8.016680946151655007e+03
8.121180031836593116e+03
8.227975346453240491e+03
8.337066860375398392e+03
8.448454543339494194e+03
5.760746173988036389e+03
5.761908660899575807e+03
5.765396121301796484e+03
5.771208554197528429e+03
5.779345957924761024e+03
5.789808330156847660e+03
5.802595667902119203e+03
5.817707967504338740e+03
5.835145224642315043e+03
5.854907434330175420e+03
5.876994590917274763e+03
5.901406688088036390e+03
5.928143718862315836e+03
5.957205675594923378e+03
5.988592549976124246e+03
6.022304333031252099e+03
6.058341015120890916e+03
6.096702585940784047e+03
6.137389034522038855e+03
6.180400349230831125e+03
6.225736517768609701e+03
6.273397527172028276e+03
6.323383363812854441e+03
6.375694013398333482e+03
6.430329460970597211e+03
6.487289690907209661e+03
6.546574686920894237e+03
6.608184432059488245e+03
6.672118908706261209e+03
6.738378098579505604e+03
6.806961982732764227e+03
6.877870541554784722e+03
6.951103754769610532e+03
7.026661601436444471e+03
7.104544059949648727e+03
7.184751108038972234e+03
7.267282722769050451e+03
7.352138880540087484e+03
7.439319557087310386e+03
7.528824727481242007e+03
7.620654366127428148e+03
7.714808446766937777e+03
7.811286942475862816e+03
7.910089825665363605e+03
8.011217068082123660e+03
8.114668640807894917e+03
8.220444514259634161e+03
8.328544658189412075e+03
8.438969041684731565e+03
8.551717633168300381e+03
5.830887546162284707e+03
5.832064183855118245e+03
5.835594096586692103e+03
5.841477283316680769e+03
5.849713742310950693e+03
5.860303471141901355e+03
5.873246466688306100e+03
5.888542725135152978e+03
5.906192241974054014e+03
5.926195012002835938e+03
5.948551029325722084e+03
5.973260287353423337e+03
6.000322778802978974e+03
6.029738495697733924e+03
6.061507429367452460e+03
6.095629570448477352e+03
6.132104908883229655e+03
6.170933433920754396e+03
6.212115134116311310e+03
6.255649997331556733e+03
6.301538010734748241e+03
6.349779160800335376e+03
6.400373433309050597e+03
6.453320813348318552e+03
6.508621285311619431e+03
6.566274832899034664e+03
6.626281439117065020e+03
6.688641086278357761e+03
6.753353756002115915e+03
6.820419429213961848e+03
6.889838086145709894e+03
6.961609706335775627e+03
7.035734268628812060e+03
7.112211751175937025e+03
7.191042131434687690e+03
7.272225386168793193e+03
7.355761491448538436e+03
7.441650422650536711e+03
7.529892154457866127e+03
7.620486660859887706e+03
7.713433915152336340e+03
7.808733889937320782e+03
7.906386557123460079e+03
8.006391887925747142e+03
8.108749852865412322e+03
8.213460421770105313e+03
8.320523563773986098e+03
8.429939247317452100e+03
8.541707440147365560e+03
8.655828109317008057e+03
5.901598781444954511e+03
5.902789684535287051e+03
5.906362393444601366e+03
5.912316907087279105e+03
5.920653223654198882e+03
5.931371340612599852e+03
5.944471254705990759e+03
5.959952961954263628e+03
5.977816457653602811e+03
5.998061736376575936e+03
6.020688791972133913e+03
6.045697617565451765e+03
6.073088205558178743e+03
6.102860547628097265e+03
6.135014634729577665e+03
6.169550457093237128e+03
6.206468004225962432e+03
6.245767264911091843e+03
6.287448227208142271e+03
6.331510878453218538e+03
6.377955205258604110e+03
6.426781193512852042e+03
6.477988828381103303e+03
6.531578094304541082e+03
6.587548975000891005e+03
6.645901453464193764e+03
6.706635511964714169e+03
6.769751132049304942e+03
6.835248294540906500e+03
6.903126979538865271e+03
6.973387166418979177e+03
7.046028833833133831e+03
7.121051959709984658e+03
7.198456521254138352e+03
7.278242494946607621e+03
7.360409856544993090e+03
7.444958581082846649e+03
7.531888642870444528e+03
7.621200015494150648e+03
7.712892671816780421e+03
7.806966583977464325e+03
7.903421723391647902e+03
8.002258060751137236e+03
8.103475566024098953e+03
8.207074208455014741e+03
8.313053956564726832e+03
8.421414778150437996e+03
8.532156640285620597e+03
8.645279509320062061e+03
8.760783350880092257e+03
5.972877465273177222e+03
5.974082747573697816e+03
5.977698594097796558e+03
5.983725003713061596e+03
5.992161974532018576e+03
6.003009503912358014e+03
6.016267588456685189e+03
6.031936224012724779e+03
6.050015405673161695e+03
6.070505127775845722e+03
6.093405383903541406e+03
6.118716166884041741e+03
6.146437468790236380e+03
6.176569280940043427e+03
6.209111593896432169e+03
6.244064397467309391e+03
6.281427680705792227e+03
6.321201431909867097e+03
6.363385638622639817e+03
6.407980287632199179e+03
6.454985364971753370e+03
6.504400855919402602e+03
6.556226744998457434e+03
6.610463015977165924e+03
6.667109651868804576e+03
6.726166634931723820e+03
6.787633946669257057e+03
6.851511567829857086e+03
6.917799478406959679e+03
6.986497657638983583e+03
7.057606084009512415e+03
7.131124735246976343e+03
7.207053588325106830e+03
7.285392619462390940e+03
7.366141804122617032e+03
7.449301117014329066e+03
7.534870532091326822e+03
7.622850022552347582e+03
7.713239560841202547e+03
7.806039118646685893e+03
7.901248666902802142e+03
7.998868175788174995e+03
8.098897614726956817e+03
8.201336952388055579e+03
8.306186156685498645e+03
8.413445194778341829e+03
8.523114033070578444e+03
8.635192637211457622e+03
8.749680972094984099e+03
8.866579001860418430e+03
6.044719831650240849e+03
6.045939606120145982e+03
6.049598929136004699e+03
6.055697799516519808e+03
6.064236215292703491e+03
6.075214173708013732e+03
6.088631671218308838e+03
6.104488703491915658e+03
6.122785265409470412e+03
6.143521351064100600e+03
6.166696953761470468e+03
6.192312066019439953e+03
6.220366679568337531e+03
6.250860785351005688e+03
6.283794373522641763e+03
6.319167433450911631e+03
6.356979953715790543e+03
6.397231922109767766e+03
6.439923325637664675e+03
6.485054150516862137e+03
6.532624382176891231e+03
6.582634005260069898e+03
6.635083003620866293e+03
6.689971360326171634e+03
6.747299057655391152e+03
6.807066077100307666e+03
6.869272399365172532e+03
6.933918004366478272e+03
7.001002871233367841e+03
7.070526978307316313e+03
7.142490303142085395e+03
7.216892822503996285e+03
7.293734512371747769e+03
7.373015347936552644e+03
7.454735303601728447e+03
7.538894352983425051e+03
7.625492468909897070e+03
7.714529623422004079e+03
7.806005787772937765e+03
7.899920932428176457e+03
7.996275027065894392e+03
8.095068040576552448e+03
8.196299941062807193e+03
8.299970695840147528e+03
8.406080271436212570e+03
8.514628633591109974e+03
8.625615747257415933e+03
8.739041576599856853e+03
8.854906084996082427e+03
8.973209235035756137e+03
6.117120825696179054e+03
6.118355204320641860e+03
6.122058339783279735e+03
6.128230230851681881e+03
6.136870875471959152e+03
6.147980270768653099e+03
6.161558413044645022e+03
6.177605297781360605e+03
6.196120919638519808e+03
6.217105272454409715e+03
6.240558349245770842e+03
6.266480142207501558e+03
6.294870642713294728e+03
6.325729841315069280e+03
6.359057727743220312e+03
6.394854290906505412e+03
6.433119518892226552e+03
6.473853398966002715e+03
6.517055917572088219e+03
6.562727060332827023e+03
6.610866812049334840e+03
6.661475156700998923e+03
6.714552077445659961e+03
6.770097556619521129e+03
6.828111575737329986e+03
6.888594115492196579e+03
6.951545155755684391e+03
7.016964675577764865e+03
7.084852653186953830e+03
7.155209065989947703e+03
7.228033890572169184e+03
7.303327102697267037e+03
7.381088677307343460e+03
7.461318588523045037e+03
7.544016809643471788e+03
7.629183313145904322e+03
7.716818070686167630e+03
7.806921053098676566e+03
7.899492230396208470e+03
7.994531571769812217e+03
8.092039045589217494e+03
8.192014619402243625e+03
8.294458259935527167e+03
8.399369933093839791e+03
8.506749603960679451e+03
8.616597236797497317e+03
8.728912795044743689e+03
8.843696241320913032e+03
8.960947537423089670e+03
9.080666644326629466e+03
6.190072158778866651e+03
6.191321252331590586e+03
6.195068532561344909e+03
6.201313998182581599e+03
6.210057647053008623e+03
6.221299476173021503e+03
6.235039481686362706e+03
6.251277658879644150e+03
6.270014002182551849e+03
6.291248505167709482e+03
6.314981160550814820e+03
6.341211960190730679e+03
6.369940895089121113e+03
6.401167955390747011e+03
6.434893130383443349e+03
6.471116408498119199e+03
6.509837777308575824e+03
6.551057223531597629e+03
6.594774733027315960e+03
6.640990290798481510e+03
6.689703880991100959e+03
6.740915486894300557e+03
6.794625090939871370e+03
6.850832674702905933e+03
6.909538218901570872e+03
6.970741703396834055e+03
7.034443107192873867e+03
7.100642408436806363e+03
7.169339584418776212e+03
7.240534611571956702e+03
7.314227465472595213e+03
7.390418120839922267e+03
7.469106551536106053e+03
7.550292730566525279e+03
7.633976630079496317e+03
7.720158221366364160e+03
7.808837474861365990e+03
7.900014360141994985e+03
7.993688845928636511e+03
8.089860900084659079e+03
8.188530489616550767e+03
8.289697580673873745e+03
8.393362138549036899e+03
8.499524127677659635e+03
8.608183511638162599e+03
8.719340253152267906e+03
8.832994314084544385e+03
8.949145655442544012e+03
9.067794237377074751e+03
9.188940019181609387e+03
6.263564592539569276e+03
6.264828510472830203e+03
6.268620263825664551e+03
6.274939851257340706e+03
6.283787270533207447e+03
6.295162518524739426e+03
6.309065591209491686e+03
6.325496483671372516e+03
6.344455190100279651e+03
6.365941703792213957e+03
6.389956017149324907e+03
6.416498121680160693e+03
6.445568007999008842e+03
6.477165665826578334e+03
6.511291083989590334e+03
6.547944250421005563e+03
6.587125152159796926e+03
6.628833775351267832e+03
6.673070105246642925e+03
6.719834126203431879e+03
6.769125821685338451e+03
6.820945174261942157e+03
6.875292165609289441e+03
6.932166776509347983e+03
6.991568986850279543e+03
7.053498775626439965e+03
7.117956120938288223e+03
7.184940999992477373e+03
7.254453389101627181e+03
7.326493263684733392e+03
7.401060598266758461e+03
7.478155366478858923e+03
7.557777541058521820e+03
7.639927093848928052e+03
7.724603995799861877e+03
7.811808216966937835e+03
7.901539726512100970e+03
7.993798492703399461e+03
8.088584482914939144e+03
8.185897663626974463e+03
8.285738000425999417e+03
8.388105458004611137e+03
8.493000000161509888e+03
8.600421589801590017e+03
8.710370188935803526e+03
8.822845758681251027e+03
8.937848259261409112e+03
9.055377650005493706e+03
9.175433889349142191e+03
9.298016934834140557e+03
6.337591390267357383e+03
6.338870240722599192e+03
6.342706791622367746e+03
6.349101041568178516e+03
6.358052988229292168e+03
6.369562628342737298e+03
6.383629957713355907e+03
6.400254971213507815e+03
6.419437662783457199e+03
6.441178025431099741e+03
6.465476051232008103e+03
6.492331731329613831e+03
6.521745055935025448e+03
6.553716014326892036e+03
6.588244594851857983e+03
6.625330784924153704e+03
6.664974571025732075e+03
6.707175938706222951e+03
6.751934872583069591e+03
6.799251356341437713e+03
6.849125372734170014e+03
6.901556903581786173e+03
6.956545929772664749e+03
7.014092431262724858e+03
7.074196387075744497e+03
7.136857775303133167e+03
7.202076573104204726e+03
7.269852756705722641e+03
7.340186301402354729e+03
7.413077181556491269e+03
7.488525370598063091e+03
7.566530841025041809e+03
7.647093564402803167e+03
7.730213511364627266e+03
7.815890651611516660e+03
7.904124953912059937e+03
7.994916386102659089e+03
8.088264915087529516e+03
8.184170506838381698e+03
8.282633126394739520e+03
8.383652737864122173e+03
8.487229304421362031e+03
8.593362788309195821e+03
8.702053150838037254e+03
8.813300352386204395e+03
8.927104352399373965e+03
9.043465109391308943e+03
9.162382580943312860e+03
9.283856723704457181e+03
9.407887493391490352e+03
6.412147852395855807e+03
6.413441742198347129e+03
6.417323411119741650e+03
6.423792857701528192e+03
6.432850079512991215e+03
6.444495073151165343e+03
6.458727834240607990e+03
6.475548357433763158e+03
6.494956636410688589e+03
6.516952663879237662e+03
6.541536431574786548e+03
6.568707930260598005e+03
6.598467149727594006e+03
6.630814078794355737e+03
6.665748705307260025e+03
6.703271016140206484e+03
6.743380997194935844e+03
6.786078633400984472e+03
6.831363908715320576e+03
6.879236806122935377e+03
6.929697307636297410e+03
6.982745394295625374e+03
7.038381046168979083e+03
7.096604242351850189e+03
7.157414960967753359e+03
7.220813179167680573e+03
7.286798873130419452e+03
7.355372018062416828e+03
7.426532588197915175e+03
7.500280556798725229e+03
7.576615896154498841e+03
7.655538577582456128e+03
7.737048571427703791e+03
7.821145847062871326e+03
7.907830372888383863e+03
7.997102116332416699e+03
8.088961043850667920e+03
8.183407120926813150e+03
8.280440312071914377e+03
8.380060580825056604e+03
8.482267889752802148e+03
8.587062200449508964e+03
8.694443473537239697e+03
8.804411668665761681e+03
8.916966744512546938e+03
9.032108658782590282e+03
9.149837368209000488e+03
9.270152828552272695e+03
9.393054994600606733e+03
9.518543820170043546e+03
6.487229210950181368e+03
6.488538245602785537e+03
6.492465349053691170e+03
6.499010519781950279e+03
6.508173755252573756e+03
6.519955051916713273e+03
6.534354405211479389e+03
6.551371809559987014e+03
6.571007258371446369e+03
6.593260744041072030e+03
6.618132257950128405e+03
6.645621790465838785e+03
6.675729330941476292e+03
6.708454867716409353e+03
6.743798388116010756e+03
6.781759878451566692e+03
6.822339324020595086e+03
6.865536709106436319e+03
6.911352016978662505e+03
6.959785229892668212e+03
7.010836329089897845e+03
7.064505294798118484e+03
7.120792106230692298e+03
7.179696741587395081e+03
7.241219178053688665e+03
7.305359391801403035e+03
7.372117357988054209e+03
7.441493050757435412e+03
7.513486443239435175e+03
7.588097507549491638e+03
7.665326214789729420e+03
7.745172535047777274e+03
7.827636437397495683e+03
7.912717889898931389e+03
8.000416859597771690e+03
8.090733312526162990e+03
8.183667213701983201e+03
8.279218527129114591e+03
8.377387215797762110e+03
8.478173241683862216e+03
8.581576565749492147e+03
8.687597147942869924e+03
8.796234947198036025e+03
8.907489921435171709e+03
9.021362027560417118e+03
9.137851221466098650e+03
9.256957458030319685e+03
9.378680691117506285e+03
9.503020873577861494e+03
9.629977957247729137e+03
6.562830759258349644e+03
6.564155043083337659e+03
6.568127894029657909e+03
6.574749310511242584e+03
6.584019289884690807e+03
6.595937828449132212e+03
6.610504921446363369e+03
6.627720563060938730e+03
6.647584746419806834e+03
6.670097463592674103e+03
6.695258705591868420e+03
6.723068462372384602e+03
6.753526722831747975e+03
6.786633474810105326e+03
6.822388705090315852e+03
6.860792399397814734e+03
6.901844542400658611e+03
6.945545117709480110e+03
6.991894107877715214e+03
7.040891494401239470e+03
7.092537257718640831e+03
7.146831377211083236e+03
7.203773831202397560e+03
7.263364596958990660e+03
7.325603650689981805e+03
7.390490967547020773e+03
7.458026521624469751e+03
7.528210285959266912e+03
7.601042232530926412e+03
7.676522332261674819e+03
7.754650555016314684e+03
7.835426869602270017e+03
7.918851243769722714e+03
8.004923644211248757e+03
8.093644036562182009e+03
8.185012385400523272e+03
8.279028654246803853e+03
8.375692805564221999e+03
8.475004800758551937e+03
8.576964600178325782e+03
8.681572163114606155e+03
8.788827447800986192e+03
8.898730411413771435e+03
9.011281010072116260e+03
9.126479198837478179e+03
9.244324931713981641e+03
9.364818161648463501e+03
9.487958840530427551e+03
9.613746919191953566e+03
9.742182347407606358e+03
6.638947473003145205e+03
6.640287109108658115e+03
6.644306016874043053e+03
6.651004194645474854e+03
6.660381639666411502e+03
6.672438348077821502e+03
6.687174314918274831e+03
6.704589534123533667e+03
6.724683998526916184e+03
6.747457699859114655e+03
6.772910628748286399e+03
6.801042774719962836e+03
6.831854126197276855e+03
6.865344670500417124e+03
6.901514393847492101e+03
6.940363281353575076e+03
6.981891317031477229e+03
7.026098483791383842e+03
7.072984763440717870e+03
7.122550136684594690e+03
7.174794583125412828e+03
7.229718081262990381e+03
7.287320608494701446e+03
7.347602141115112317e+03
7.410562654316481712e+03
7.476202122188260546e+03
7.544520517717592156e+03
7.615517812788721130e+03
7.689193978183629952e+03
7.765548983581584253e+03
7.844582797559314713e+03
7.926295387590789687e+03
8.010686720047806375e+03
8.097756760199172277e+03
8.187505472211432789e+03
8.279932819148280032e+03
8.375038762971144024e+03
8.472823264538737931e+03
8.573286283607058067e+03
8.676427778829747695e+03
8.782247707757778699e+03
8.890746026839724436e+03
9.001922691421168565e+03
9.115777655745569064e+03
9.232310872953576109e+03
9.351522295083213976e+03
9.473411873070199363e+03
9.597979556747486640e+03
9.725225294845495227e+03
9.855149034992018642e+03
6.715571025591907528e+03
6.716926115511159878e+03
6.720991384694070803e+03
6.727766831416238347e+03
6.737252452803522829e+03
6.749448244832183263e+03
6.764354202329013788e+03
6.781970318970843437e+03
6.802296587285218266e+03
6.825332998649764704e+03
6.851079543292780727e+03
6.879536210292508258e+03
6.910702987577997192e+03
6.944579861928423270e+03
6.981166818973269983e+03
7.020463843192692366e+03
7.062470917916743929e+03
7.107188025326377101e+03
7.154615146452488261e+03
7.204752261176508910e+03
7.257599348230314718e+03
7.313156385195998155e+03
7.371423348506141338e+03
7.432400213443543180e+03
7.496086954141537717e+03
7.562483543583721257e+03
7.631589953604043330e+03
7.703406154886943114e+03
7.777932116967122056e+03
7.855167808229634829e+03
7.935113195909934802e+03
8.017768246093919515e+03
8.103132923717794256e+03
8.191207192567935635e+03
8.281991015281528234e+03
8.375484353345746058e+03
8.471687167098207283e+03
8.570599415726974257e+03
8.672221057270508027e+03
8.776552048617440960e+03
8.883592345507076971e+03
8.993341902528754872e+03
9.105800673122394073e+03
9.220968609578267206e+03
9.338845663036863698e+03
9.459431783489299050e+03
9.582726919776814611e+03
9.708731019591141376e+03
9.837444029474318086e+03
9.968865894818736706e+03
6.792690124660566653e+03
6.794060768023609853e+03
6.798172697513473395e+03
6.805025911332268151e+03
6.814620406483300030e+03
6.826956178771433770e+03
6.842033222802774617e+03
6.859851531984895701e+03
6.880411098526701608e+03
6.903711913438428383e+03
6.929753966531689002e+03
6.958537246419473377e+03
6.990061740516284772e+03
7.024327435037685063e+03
7.061334315000840434e+03
7.101082364224339472e+03
7.143571565327829376e+03
7.188801899732652601e+03
7.236773347661437583e+03
7.287485888137916845e+03
7.340939498987700063e+03
7.397134156837228147e+03
7.456069837114637266e+03
7.517746514049395046e+03
7.582164160672255093e+03
7.649322748815393425e+03
7.719222249112226564e+03
7.791862630997866290e+03
7.867243862708482993e+03
7.945365911281623994e+03
8.026228742556395446e+03
8.109832321173189484e+03
8.196176610573547805e+03
8.285261573000843782e+03
8.377087169499372976e+03
8.471653359915035253e+03
8.568960102895152886e+03
8.669007355888061284e+03
8.771795075143973008e+03
8.877323215714022808e+03
8.985591731450949737e+03
9.096600575008960732e+03
9.210349697843230388e+03
9.326839050210719506e+03
9.446068581169492973e+03
9.568038238579174504e+03
9.692747969100628325e+03
9.820197718196095593e+03
9.950387430129148925e+03
1.008331704796501072e+04
6.870293414362595286e+03
6.871679708827787181e+03
6.875838591598358107e+03
6.882770060800066858e+03
6.892474113308571759e+03
6.904950744750249214e+03
6.920199949501738956e+03
6.938221720689944050e+03
6.959016050192121838e+03
6.982582928636111319e+03
7.008922345399878395e+03
7.038034288611788725e+03
7.069918745150607720e+03
7.104575700645455072e+03
7.142005139475804754e+03
7.182207044771485016e+03
7.225181398412632916e+03
7.270928181029830739e+03
7.319447372003969576e+03
7.370738949466294798e+03
7.424802890298406055e+03
7.481639170132348227e+03
7.541247763350293098e+03
7.603628643085085059e+03
7.668781781219695404e+03
7.736707148387495181e+03
7.807404713972164245e+03
7.880874446108100528e+03
7.957116311679465070e+03
8.036130276321273413e+03
8.117916304418622531e+03
8.202474359107054624e+03
8.289804402272511652e+03
8.379906394551198900e+03
8.472780295329766886e+03
8.568426062745220406e+03
8.666843653684873061e+03
8.768033023786301783e+03
8.871994127437710631e+03
8.978726917777430572e+03
9.088231346694146850e+03
9.200507364827080892e+03
9.315554921565626501e+03
9.433373965049713661e+03
9.553964442169444737e+03
9.677326298565367324e+03
9.803459478628428769e+03
9.932363925499885227e+03
1.006403958107139260e+04
1.019848638598468824e+04
6.948371108384117179e+03
6.949773149667908001e+03
6.953979272868082262e+03
6.960989476030317746e+03
6.970803755897986775e+03
6.983422107911201238e+03
6.998844526207858507e+03
7.017071003622731951e+03
7.038101531688016621e+03
7.061936100633147362e+03
7.088574699384753330e+03
7.118017315566794423e+03
7.150263935500515800e+03
7.185314544204175036e+03
7.223169125393633294e+03
7.263827661481764153e+03
7.307290133578771929e+03
7.353556521492146203e+03
7.402626803726570870e+03
7.454500957484060564e+03
7.509178958663824233e+03
7.566660781862310614e+03
7.626946400373253709e+03
7.690035786187672784e+03
7.755928909993781417e+03
7.824625741177169402e+03
7.896126247820529898e+03
7.970430396703841325e+03
8.047538153304412845e+03
8.127449481796793407e+03
8.210164345052680801e+03
8.295682704641239980e+03
8.384004520828693785e+03
8.475129752578504849e+03
8.569058357551602967e+03
8.665790292105975823e+03
8.765325511296987315e+03
8.867663968877195657e+03
8.972805617296307901e+03
9.080750407701498261e+03
9.191498289937226218e+03
9.305049212544827242e+03
9.421403122763331339e+03
9.540559966528826408e+03
9.662519688474503710e+03
9.787282231931112619e+03
9.914847538926596826e+03
1.004521555018586696e+04
1.017838620513148271e+04
1.031435944188306166e+04
7.026913497772784467e+03
7.028331379594646933e+03
7.032585024381342009e+03
7.039674430095783464e+03
7.049599593342873050e+03
7.062360509369591455e+03
7.077957172064861879e+03
7.096389573959640984e+03
7.117657706226736991e+03
7.141761558681037059e+03
7.168701119779325381e+03
7.198476376620556039e+03
7.231087314945443723e+03
7.266533919136782060e+03
7.304816172219352666e+03
7.345934055859925138e+03
7.389887550367166114e+03
7.436676634691957588e+03
7.486301286426805746e+03
7.538761481806523079e+03
7.594057195707728170e+03
7.652188401649027583e+03
7.713155071791061346e+03
7.776957176936502947e+03
7.843594686529831961e+03
7.913067568657788797e+03
7.985375790048738054e+03
8.060519316073396112e+03
8.138498110744058067e+03
8.219312136715416273e+03
8.302961355283787270e+03
8.389445726387748437e+03
8.478765208607728709e+03
8.570919759166145013e+03
8.665909333927356784e+03
8.763733887397893341e+03
8.864393372725953668e+03
8.967887741701906634e+03
9.074216944758245518e+03
9.183380930969087785e+03
9.295379648050857213e+03
9.410213042361783664e+03
9.527881058902130462e+03
9.648383641314194392e+03
9.771720731882032851e+03
9.897892271532055020e+03
1.002689819983238522e+04
1.015873845499309027e+04
1.029341297386654333e+04
1.043092169194651433e+04
7.105912316339799872e+03
7.107346130517044003e+03
7.111647572341280465e+03
7.118816639688930081e+03
7.128853329021194440e+03
7.141757635383737579e+03
7.157529552406549556e+03
7.176169072304082874e+03
7.197676185875297961e+03
7.222050882503617686e+03
7.249293150156836418e+03
7.279402975387347396e+03
7.312380343331778931e+03
7.348225237711358204e+03
7.386937640831774843e+03
7.428517533583135446e+03
7.472964895440054534e+03
7.520279704461381698e+03
7.570461937290701826e+03
7.623511569155925827e+03
7.679428573869381580e+03
7.738212923827859413e+03
7.799864590012703047e+03
7.864383541989673176e+03
7.931769747908720092e+03
8.002023174504802228e+03
8.075143787096703818e+03
8.151131549588126290e+03
8.229986424467006145e+03
8.311708372805833278e+03
8.396297354261378132e+03
8.483753327075100970e+03
8.574076248072697126e+03
8.667266072664551757e+03
8.763322754845239615e+03
8.862246247193934323e+03
8.964036500874226476e+03
9.068693465634305539e+03
9.176217089806414151e+03
9.286607320307803093e+03
9.399864102639685370e+03
9.515987380888100233e+03
9.634977097723185580e+03
9.756833194399769127e+03
9.881555610757050090e+03
1.000914428521882655e+04
1.013959915479308620e+04
1.027292015507246106e+04
1.040910722023400012e+04
1.054816028303921485e+04
7.185360600646708917e+03
7.186810437175290645e+03
7.191159946023572047e+03
7.198409124978252294e+03
7.208557970350921096e+03
7.221606476977422062e+03
7.237554638218534819e+03
7.256402445959383840e+03
7.278149890609711292e+03
7.302796961103877038e+03
7.330343644900858635e+03
7.360789927984160386e+03
7.394135794861813338e+03
7.430381228566557184e+03
7.469526210655612886e+03
7.511570721210773627e+03
7.556514738838495759e+03
7.604358240669762381e+03
7.655101202360128809e+03
7.708743598089722582e+03
7.765285400563379881e+03
7.824726581010190785e+03
7.887067109184272340e+03
7.952306953363995490e+03
8.020446080352485296e+03
8.091484455477211668e+03
8.165422042590535057e+03
8.242258804069160760e+03
8.321994700814548196e+03
8.404629692252547102e+03
8.490163736333670386e+03
8.578596789533139599e+03
8.669928806850612091e+03
8.764159741810226478e+03
8.861289546461011923e+03
8.961318171376342434e+03
9.064245565654164238e+03
9.170071676917177683e+03
9.278796451312473437e+03
9.390419833511759862e+03
9.504941766711453965e+03
9.622362192632454025e+03
9.742681051520094115e+03
9.865898282144689801e+03
9.992013821800765072e+03
1.012102760630755256e+04
1.025293957000872069e+04
1.038774964577296487e+04
1.052545776499309795e+04
1.066606385758668694e+04
7.265249863893814108e+03
7.266715810728555880e+03
7.271113650463985323e+03
7.278443380793578399e+03
7.288704997872764579e+03
7.301898496319836340e+03
7.318023869214766819e+03
7.337081108100210258e+03
7.359070202980910835e+03
7.383991142323975509e+03
7.411843913058601174e+03
7.442628500576529404e+03
7.476344888731682659e+03
7.512993059840073329e+03
7.552572994680213014e+03
7.595084672492839672e+03
7.640528070980826669e+03
7.688903166309592052e+03
7.740209933106507378e+03
7.794448344461488887e+03
7.851618371926542750e+03
7.911719985516128872e+03
7.974753153706797093e+03
8.040717843437505508e+03
8.109614020109393095e+03
8.181441647585870669e+03
8.256200688192757298e+03
8.333891102718007460e+03
8.414512850411983891e+03
8.498065888987139260e+03
8.584550174618334495e+03
8.673965661942702354e+03
8.766312304059556482e+03
8.861590052530573303e+03
8.959798857379746551e+03
9.060938667093250842e+03
9.165009428619487153e+03
9.272011087369264715e+03
9.381943587215710068e+03
9.494806870493857787e+03
9.610600878001559977e+03
9.729325548998576778e+03
9.850980821206985638e+03
9.975566630811226787e+03
1.010308291245796681e+04
1.023352959925614414e+04
1.036690662277696902e+04
1.050321391305396901e+04
1.064245139858294351e+04
1.078461900632200923e+04
7.345566549294881042e+03
7.347048691730697101e+03
7.351495118236789494e+03
7.358905826409454676e+03
7.369280812242186585e+03
7.382620070126085920e+03
7.398923592849632769e+03
7.418191371598823025e+03
7.440423395956986496e+03
7.465619653904923325e+03
7.493780131821040413e+03
7.524904814480896675e+03
7.558993685057703260e+03
7.596046725122050702e+03
7.636063914642136297e+03
7.679045231983218400e+03
7.724990653908389504e+03
7.773900155577985061e+03
7.825773710549810858e+03
7.880611290779188494e+03
7.938412866618773478e+03
7.999178406818737130e+03
8.062907878526721106e+03
8.129601247287655497e+03
8.199258477044122628e+03
8.271879530136084213e+03
8.347464367300835875e+03
8.426012947673234521e+03
8.507525228785516447e+03
8.592001166567342807e+03
8.679440715346026991e+03
8.769843827845988926e+03
8.863210455189437198e+03
8.959540546895686930e+03
9.058834050881705480e+03
9.161090913461930541e+03
9.266311079348088242e+03
9.374494491649556949e+03
9.485641091872821562e+03
9.599750819922246592e+03
9.716823614099348561e+03
9.836859411103159800e+03
9.959858146030137505e+03
1.008581975237416373e+04
1.021474416202677276e+04
1.034663130527655994e+04
1.048148111080981835e+04
1.061929350571044779e+04
1.076006841545922725e+04
1.090380576393499723e+04
7.426295456536945494e+03
7.427793876983923838e+03
7.432289137489806308e+03
7.439781235549662597e+03
7.450270166988502751e+03
7.463755925961095272e+03
7.480238504952603762e+03
7.499717894777904803e+03
7.522194084581951756e+03
7.547667061839683811e+03
7.576136812355980510e+03
7.607603320265798175e+03
7.642066568034169904e+03
7.679526536455796304e+03
7.719983204655636655e+03
7.763436550088681543e+03
7.809886548539634532e+03
7.859333174123548815e+03
7.911776399285054140e+03
7.967216194799266304e+03
8.025652529770786714e+03
8.087085371634657349e+03
8.151514686155633171e+03
8.218940437428409496e+03
8.289362587877940314e+03
8.362781098259074497e+03
8.439195927656419371e+03
8.518607033484795465e+03
8.601014371489191035e+03
8.686417895744079942e+03
8.774817558654467575e+03
8.866213310954890403e+03
8.960605101710279996e+03
9.057992878315235430e+03
9.158376586494523508e+03
9.261756170302896862e+03
9.368131572125003004e+03
9.477502732675657171e+03
9.589869590999387583e+03
9.705232084470981135e+03
9.823590148795074128e+03
9.944943718006334166e+03
1.006929272446946015e+04
1.019663709887904588e+04
1.032697677025976191e+04
1.046031166596621915e+04
1.059664171168296889e+04
1.073596683142486654e+04
1.087828694753625314e+04
1.102360198069181934e+04
7.507420993654750419e+03
7.508935771711185225e+03
7.513480105010557963e+03
7.521053990942573364e+03
7.531657425156754471e+03
7.545290401562397165e+03
7.561952912328752063e+03
7.581644947884797148e+03
7.604366496919374185e+03
7.630117546381188731e+03
7.658898081478537279e+03
7.690708085679852957e+03
7.725547540713114358e+03
7.763416426566345763e+03
7.804314721487116913e+03
7.848242401983179661e+03
7.895199442821740377e+03
7.945185817030051112e+03
7.998201495895045809e+03
8.054246448963658622e+03
8.113320644042551066e+03
8.175424047197975597e+03
8.240556622756457728e+03
8.308718333303977488e+03
8.379909139686424169e+03
8.454129001009596323e+03
8.531377874639019865e+03
8.611655716200039024e+03
8.694962479577907288e+03
8.781298116917605512e+03
8.870662578623932859e+03
8.963055813361552282e+03
9.058477768054990520e+03
9.156928387888365251e+03
9.258407616305930787e+03
9.362915395011532382e+03
9.470451663968970024e+03
9.581016361401725590e+03
9.694609423793281167e+03
9.811230785886709782e+03
9.930880380685039199e+03
1.005355813945116097e+04
1.017926399170778495e+04
1.030799786523721195e+04
1.043975968608178846e+04
1.057454937854363379e+04
1.071236686518477654e+04
1.085321206682674529e+04
1.099708490255125071e+04
1.114398528969959443e+04
7.588927140800979032e+03
7.590458353315307249e+03
7.595051989951844007e+03
7.602708047990745399e+03
7.613426522899180782e+03
7.627207408330832550e+03
7.644050696126487310e+03
7.663956376313763030e+03
7.686924437106836194e+03
7.712954864907032970e+03
7.742047644302238041e+03
7.774202758067303876e+03
7.809420187163868832e+03
7.847699910740311680e+03
7.889041906132024451e+03
7.933446148860957692e+03
7.980912612636120684e+03
8.031441269353308599e+03
8.085032089094966068e+03
8.141685040130550988e+03
8.201400088916216191e+03
8.264177200095082299e+03
8.330016336496964868e+03
8.398917459138510822e+03
8.470880527223198442e+03
8.545905498141428325e+03
8.623992327470205055e+03
8.705140968973637428e+03
8.789351374602392752e+03
8.876623494494151601e+03
8.966957276973289481e+03
9.060352668551058741e+03
9.156809613925634039e+03
9.256328055981794023e+03
9.358907935791285126e+03
9.464549192612639672e+03
9.573251763891221344e+03
9.685015585259270665e+03
9.799840590535677620e+03
9.917726711726299982e+03
1.003867387902387236e+04
1.016268202080777883e+04
1.028975106364437124e+04
1.041988093228665093e+04
1.055307154967467795e+04
1.068932283693529826e+04
1.082863471338187082e+04
1.097100709651476791e+04
1.111643990202146597e+04
1.126493304377581808e+04
7.670798900564386713e+03
7.672346621637143471e+03
7.676989783910812548e+03
7.684728384551726776e+03
7.695562418837153018e+03
7.709491880155201216e+03
7.726516760004960815e+03
7.746637047996318870e+03
7.769852731850050986e+03
7.796163797397866801e+03
7.825570228582591881e+03
7.858072007457440122e+03
7.893669114187014202e+03
7.932361527046487026e+03
7.974149222422147432e+03
8.019032174811081859e+03
8.067010356821128880e+03
8.118083739171379420e+03
8.172252290691540111e+03
8.229515978322251613e+03
8.289874767115043142e+03
8.353328620232514368e+03
8.419877498947880667e+03
8.489521362645473346e+03
8.562260168820466788e+03
8.638093873078832985e+03
8.717022429137568906e+03
8.799045788824514602e+03
8.884163902078307729e+03
8.972376716948747344e+03
9.063684179596202739e+03
9.158086234292159133e+03
9.255582823419035776e+03
9.356173887469867623e+03
9.459859365048805557e+03
9.566639192870979969e+03
9.676513305762136952e+03
9.789481636659002106e+03
9.905544116609598859e+03
1.002470067477224802e+04
1.014695123841638633e+04
1.027229573292261193e+04
1.040073408178204772e+04
1.053226620659684158e+04
1.066689202708012090e+04
1.080461146105599255e+04
1.094542442445899724e+04
1.108933083133497348e+04
1.123633059384064836e+04
1.138642362224363751e+04
7.753026770985570693e+03
7.754591072223365700e+03
7.759283974952631979e+03
7.767105476221331628e+03
7.778055571109234734e+03
7.792134252728101274e+03
7.809341512221681114e+03
7.829677338765441164e+03
7.853141719567065593e+03
7.879734639865955614e+03
7.909456082933547805e+03
7.942306030073086731e+03
7.978284460619852325e+03
8.017391351941114408e+03
8.059626679435859842e+03
8.104990416535156328e+03
8.153482534702152407e+03
8.205103003431486286e+03
8.259851790250149861e+03
8.317728860716806594e+03
8.378734178422291734e+03
8.442867704989066624e+03
8.510129400071764394e+03
8.580519221356735216e+03
8.654037124562591998e+03
8.730683063439482794e+03
8.810456989769681968e+03
8.893358853367499250e+03
8.979388602078961412e+03
9.068546181782130589e+03
9.160831536387013330e+03
9.256244607835515126e+03
9.354785336101394932e+03
9.456453659190538019e+03
9.561249513140455747e+03
9.669172832020967689e+03
9.780223547933519512e+03
9.894401591011683195e+03
1.001170688942061133e+04
1.013213936935794663e+04
1.025569895505286695e+04
1.038238556876649454e+04
1.051219913079203252e+04
1.064513955945440102e+04
1.078120677111082841e+04
1.092040068014994176e+04
1.106272119899276731e+04
1.120816823809200287e+04
1.135674170593238159e+04
1.150844150903049012e+04
7.835602312024684579e+03
7.837183262532926165e+03
7.841926113032468493e+03
7.849830860448082603e+03
7.860897499654174680e+03
7.875126023475195325e+03
7.892516422685275757e+03
7.913068686008273289e+03
7.936782800118044179e+03
7.963658749638079826e+03
7.993696517141734148e+03
8.026896083152269057e+03
8.063257426142536133e+03
8.102780522535431373e+03
8.145465346703531395e+03
8.191311870969138909e+03
8.240320065604646516e+03
8.292489898831945538e+03
8.347821336822971716e+03
8.406314343699295932e+03
8.467968881532306114e+03
8.532784910343343654e+03
8.600762388103430567e+03
8.671901270733451383e+03
8.746201512104062203e+03
8.823663064035872594e+03
8.904285876298990843e+03
8.988069896613569654e+03
9.075015070649533300e+03
9.165121342026668572e+03
9.258388652314397405e+03
9.354816941032095201e+03
9.454406145648908932e+03
9.557156201583848087e+03
9.663067042205557300e+03
9.772138598832634671e+03
9.884370800733404394e+03
9.999763575126144133e+03
1.011831684717890312e+04
1.024003054000922930e+04
1.036490457468489694e+04
1.049293887022336094e+04
1.062413334359175678e+04
1.075848790970703703e+04
1.089600248143624412e+04
1.103667696959573732e+04
1.118051128295219314e+04
1.132750532822183231e+04
1.147765901007078355e+04
1.163097223111462881e+04
7.918513020819136727e+03
7.920110686758835072e+03
7.924903683510137853e+03
7.932892007869713780e+03
7.944075654498556105e+03
7.958454615922119046e+03
7.976028882530363262e+03
7.996798442577392052e+03
8.020763282181997056e+03
8.047923385327339929e+03
8.078278733860770444e+03
8.111829307494463137e+03
8.148575083804553287e+03
8.188516038231955463e+03
8.231652144081817823e+03
8.277983372523704020e+03
8.327509692591638668e+03
8.380231071184061875e+03
8.436147473063783764e+03
8.495258860858075423e+03
8.557565195058623431e+03
8.623066434021484383e+03
8.691762533967175841e+03
8.763653448980630856e+03
8.838739131011107020e+03
8.917019529872413841e+03
8.998494593242730843e+03
9.083164266664471143e+03
9.171028493544827143e+03
9.262087215155042941e+03
9.356340370631005499e+03
9.453787896972971794e+03
9.554429729045477870e+03
9.658265799577748112e+03
9.765296039163104069e+03
9.875520376259464683e+03
9.988938737189164385e+03
1.010555104613899857e+04
1.022535722515995076e+04
1.034835719416755637e+04
1.047455087094194823e+04
1.060393817112740180e+04
1.073651900823269898e+04
1.087229329363099168e+04
1.101126093656002922e+04
1.115342184412174902e+04
1.129877592128259494e+04
1.144732307087342633e+04
1.159906319358979090e+04
1.175399618799083328e+04
8.001742385895568077e+03
8.003356830044867820e+03
8.008200161380591453e+03
8.016272376566257662e+03
8.027573470040806569e+03
8.042103434019009001e+03
8.059862258491193643e+03
8.080849931223337990e+03
8.105066437756886444e+03
8.132511761409296014e+03
8.163185883273172294e+03
8.197088782217042535e+03
8.234220434884991846e+03
8.274580815696845093e+03
8.318169896847848577e+03
8.364987648309033830e+03
8.415034037826899294e+03
8.468309030923865066e+03
8.524812590897590781e+03
8.584544678821794150e+03
8.647505253545296000e+03
8.713694271693020710e+03
8.783111687665405043e+03
8.855757453638307197e+03
8.931631519563416077e+03
9.010733833167932971e+03
9.093064339954889874e+03
9.178622983202603791e+03
9.267409703965358858e+03
9.359424441072860645e+03
9.454667131130463531e+03
9.553137708519307125e+03
9.654836105395906998e+03
9.759762251692700374e+03
9.867916075117454966e+03
9.979297501153769190e+03
1.009390645306070837e+04
1.021174285187321402e+04
1.033280661640169455e+04
1.045709766323207077e+04
1.058461590672604871e+04
1.071536125902098320e+04
1.084933363002992337e+04
1.098653292744102146e+04
1.112695905671889705e+04
1.127061192110322736e+04
1.141749142160924748e+04
1.156759745702838700e+04
1.172092992392708766e+04
1.187748871664780381e+04
8.085272148572312290e+03
8.086903430189431674e+03
8.091797273882502850e+03
8.099953676176482986e+03
8.111372631279709822e+03
8.126054131083719767e+03
8.143998165163520753e+03
8.165204720777410330e+03
8.189673782866975671e+03
8.217405334057139044e+03
8.248399354656112337e+03
8.282655822655533484e+03
8.320174713730148142e+03
8.360956001238264435e+03
8.404999656221389159e+03
8.452305647404455158e+03
8.502873941195502994e+03
8.556704501686181175e+03
8.613797290651154981e+03
8.674152267548652162e+03
8.737769389520144614e+03
8.804648611390348378e+03
8.874789885667541967e+03
8.948193162542929713e+03
9.024858389891505794e+03
9.104785513271235686e+03
9.187974475923419959e+03
9.274425218772967128e+03
9.364137680427757005e+03
9.457111797179277346e+03
9.553347503002214580e+03
9.652844729554544756e+03
9.755603406177624493e+03
9.861623459896009081e+03
9.970904815417907230e+03
1.008344739513440800e+04
1.019925111912025386e+04
1.031831590513329502e+04
1.044064166861498961e+04
1.056622832268967613e+04
1.069507577816552839e+04
1.082718394353360054e+04
1.096255272496846374e+04
1.110118202632820612e+04
1.124307174915375072e+04
1.138822179266971943e+04
1.153663205378425118e+04
1.168830242708800142e+04
1.184323280485596115e+04
1.200142307704563791e+04
8.169079621875198427e+03
8.170727796558594491e+03
8.175672319402428911e+03
8.183913186787776795e+03
8.195450392683005703e+03
8.210283928643957552e+03
8.228413783813812188e+03
8.249839944923087387e+03
8.274562396289684330e+03
8.302581119818842126e+03
8.333896095003183291e+03
8.368507298922759219e+03
8.406414706245050183e+03
8.447618289224647015e+03
8.492118017703705846e+03
8.539913859111720740e+03
8.591005778465569165e+03
8.645393738369421044e+03
8.703077699014966129e+03
8.764057618181141152e+03
8.828333451234175300e+03
8.895905151127908539e+03
8.966772668403336866e+03
9.040935951188930630e+03
9.118394945200498114e+03
9.199149593741185527e+03
9.283199837701567958e+03
9.370545615559603903e+03
9.461186863380544310e+03
9.555123514817023533e+03
9.652355501109150282e+03
9.752882751084189294e+03
9.856705191157061563e+03
9.963822745329798636e+03
1.007423533519195189e+04
1.018794287992041063e+04
1.030494529627935663e+04
1.042524249862040051e+04
1.054883439888258181e+04
1.067572090659223250e+04
1.080590192886302248e+04
1.093937737039618696e+04
1.107614713348011719e+04
1.121621111799049686e+04
1.135956922139075687e+04
1.150622133873130224e+04
1.165616736265019426e+04
1.180940718337260478e+04
1.196594068871117997e+04
1.212576776406631325e+04
8.253140573114069412e+03
8.254805692683839879e+03
8.259801050137048151e+03
8.268126641705021029e+03
8.279782461106924529e+03
8.294768499549581975e+03
8.313084745727110203e+03
8.334731185821692634e+03
8.359707803502942625e+03
8.388014579928085368e+03
8.419651493742003368e+03
8.454618521077236437e+03
8.492915635553936227e+03
8.534542808279957171e+03
8.579500007850629117e+03
8.627787200349212071e+03
8.679404349346214076e+03
8.734351415900118809e+03
8.792628358556839885e+03
8.854235133349993703e+03
8.919171693800899448e+03
8.987437990918306241e+03
9.059033973198802414e+03
9.133959586626588134e+03
9.212214774673338979e+03
9.293799478298615213e+03
9.378713635949361560e+03
9.466957183560316480e+03
9.558530054553739319e+03
9.653432179839774108e+03
9.751663487815812914e+03
9.853223904367177965e+03
9.958113352866757850e+03
1.006633175417509847e+04
1.017787902664013018e+04
1.029275508609789540e+04
1.041095984587159364e+04
1.053249321677244552e+04
1.065735510709887421e+04
1.078554542263746043e+04
1.091706406666198745e+04
1.105191093993416871e+04
1.119008594070301115e+04
1.133158896470577019e+04
1.147641990516640362e+04
1.162457865279739053e+04
1.177606509579836711e+04
1.193087911985676328e+04
1.208902060814762081e+04
1.225048944133350233e+04
8.337436845301772337e+03
8.339118957877462890e+03
8.344165294296590218e+03
8.352575850635048482e+03
8.364350620352888654e+03
8.379489594293909249e+03
8.397992760686202018e+03
8.419860105141515305e+03
8.445091610655754266e+03
8.473687257608889922e+03
8.505647023764595360e+03
8.540970884270836905e+03
8.579658811659419371e+03
8.621710775845986063e+03
8.667126744130428051e+03
8.715906681196474892e+03
8.768050549111922010e+03
8.823558307328266892e+03
8.882429912681436690e+03
8.944665319390969671e+03
9.010264479060606391e+03
9.079227340677925895e+03
9.151553850614573093e+03
9.227243952626122336e+03
9.306297587852168363e+03
9.388714694816280826e+03
9.474495209426049769e+03
9.563639064972994674e+03
9.656146192132564465e+03
9.752016518964273928e+03
9.851249970911567289e+03
9.953846470802000113e+03
1.005980593884687551e+04
1.016912829264169886e+04
1.028181344716581407e+04
1.039786131478267635e+04
1.051727180523957941e+04
1.064004482566783736e+04
1.076618028058292111e+04
1.089567807188391271e+04
1.102853809885427836e+04
1.116476025816127731e+04
1.130434444385600727e+04
1.144729054737390470e+04
1.159359845753406262e+04
1.174326806053950349e+04
1.189629923997772494e+04
1.205269187681979020e+04
1.221244584942078291e+04
1.237556103351980710e+04
8.421956556521718085e+03
8.423655706606041349e+03
8.428753155497224725e+03
8.437248899109545164e+03
8.449142930633797732e+03
8.464435240536840865e+03
8.483125816561869215e+03
8.505214643728413648e+03
8.530701704332159352e+03
8.559586977945082253e+03
8.591870441415449022e+03
8.627552068867817070e+03
8.666631831702989075e+03
8.709109698598012983e+03
8.754985635506227482e+03
8.804259605657216525e+03
8.856931569556809336e+03
8.913001484987216827e+03
8.972469307006804229e+03
9.035334987950136565e+03
9.101598477428342449e+03
9.171259722328431963e+03
9.244318666813887830e+03
9.320775252324528992e+03
9.400629417576237756e+03
9.483881098561369072e+03
9.570530228548432206e+03
9.660576738082181691e+03
9.754020554983708280e+03
9.850861604350257039e+03
9.951099808555545678e+03
1.005473508724930980e+04
1.016176735735775765e+04
1.027219653308325178e+04
1.038602252590449098e+04
1.050324524457628286e+04
1.062386459512995316e+04
1.074788048087289098e+04
1.087529280238873071e+04
1.100610145753762481e+04
1.114030634145583463e+04
1.127790734655563938e+04
1.141890436252606378e+04
1.156329727633210496e+04
1.171108597221500531e+04
1.186227033169243441e+04
1.201685023355812518e+04
1.217482555388232868e+04
1.233619616601145026e+04
1.250096194056814056e+04
8.506686699790225248e+03
8.508402928094892559e+03
8.513551611590946777e+03
8.522132746024999506e+03
8.534146324307903342e+03
8.549592336514797353e+03
8.568470769885334448e+03
8.590781608823272109e+03
8.616524834896836182e+03
8.645700426838675412e+03
8.678308360545679534e+03
8.714348609079070229e+03
8.753821142664492072e+03
8.796725928691830632e+03
8.843062931715394370e+03
8.892832113453823695e+03
8.946033432790090956e+03
9.002666845771454973e+03
9.062732305609642935e+03
9.126229762680532076e+03
9.193159164524604421e+03
9.263520455846401092e+03
9.337313578515022527e+03
9.414538471563810162e+03
9.495195071190482849e+03
9.579283310757091385e+03
9.666803120790063986e+03
9.757754428979978911e+03
9.852137160182064690e+03
9.949951236415699896e+03
1.005119657686468599e+04
1.015587309787711092e+04
1.026398071296530361e+04
1.037551933280619778e+04
1.049048886524087720e+04
1.060888921527480306e+04
1.073072028507781397e+04
1.085598197398403499e+04
1.098467417849205958e+04
1.111679679226458575e+04
1.125234970612891630e+04
1.139133280807654955e+04
1.153374598326327032e+04
1.167958911400946818e+04
1.182886207979954634e+04
1.198156475728246733e+04
1.213769702027157109e+04
1.229725873974421120e+04
1.246024978384239148e+04
1.262667001787258414e+04
8.591608563405043242e+03
8.593341906400382868e+03
8.598541933910473745e+03
8.607208641507395441e+03
8.619342021811235099e+03
8.634942064490314806e+03
8.654008756260782320e+03
8.676542080887020347e+03
8.702542019181464639e+03
8.732008549004513043e+03
8.764941645264480030e+03
8.801341279918278815e+03
8.841207421970329960e+03
8.884540037473243501e+03
8.931339089528000841e+03
8.981604538283090733e+03
9.035336340935600674e+03
9.092534451730398359e+03
9.153198821960450005e+03
9.217329399966729397e+03
9.284926131138354322e+03
9.355988957912541082e+03
9.430517819774377131e+03
9.508512653257230340e+03
9.589973391942476155e+03
9.674899966459361167e+03
9.763292304485548811e+03
9.855150330746164400e+03
9.950473967015204835e+03
1.004926313211403794e+04
1.015151774191235745e+04
1.025723770932809202e+04
1.036642294432681410e+04
1.047907335392246750e+04
1.059518884217700361e+04
1.071476931020038137e+04
1.083781465615065827e+04
1.096432477523389935e+04
1.109429955970417723e+04
1.122773889886393590e+04
1.136464267906321766e+04
1.150501078370052710e+04
1.164884309322214904e+04
1.179613948512260322e+04
1.194689983394418960e+04
1.210112401127789781e+04
1.225881188576204295e+04
1.241996332308335695e+04
1.258457818597662481e+04
1.275265633422459359e+04
8.676701367383748220e+03
8.678451857084610310e+03
8.683703324650696231e+03
8.692455765472959683e+03
8.704709171869490092e+03
8.720463533085785457e+03
8.739718835294434029e+03
8.762475061595523584e+03
8.788732192015959299e+03
8.818490203510464198e+03
8.851749069960578709e+03
8.888508762175388256e+03
8.928769247891068517e+03
8.972530491771112793e+03
9.019792455406286535e+03
9.070555097314627346e+03
9.124818372941354028e+03
9.182582234659003007e+03
9.243846631767428335e+03
9.308611510493574315e+03
9.376876813991884774e+03
9.448642482343848314e+03
9.523908452558271165e+03
9.602674658571368127e+03
9.684941031246353305e+03
9.770707498373940325e+03
9.859973984671933067e+03
9.952740411785543984e+03
1.004900669828712125e+04
1.014877275967628520e+04
1.025203850837992832e+04
1.035880385375235164e+04
1.046906870207494649e+04
1.058283295655633083e+04
1.070009651733253122e+04
1.082085928146680089e+04
1.094512114294952880e+04
1.107288199269842153e+04
1.120414171855850327e+04
1.133890020530216134e+04
1.147715733462873686e+04
1.161891298516511597e+04
1.176416703246522957e+04
1.191291934901046261e+04
1.206516980420947220e+04
1.222091826439782380e+04
1.238016459283890072e+04
1.254290864972263080e+04
1.270915029216703260e+04
1.287888937421666924e+04
8.761937735276114836e+03
8.763705398983393025e+03
8.769008388506154006e+03
8.777846699047040602e+03
8.790220322610502990e+03
8.806129248002844179e+03
8.825573460832129058e+03
8.848552943508047974e+03
8.875067675242371479e+03
8.905117632048359155e+03
8.938702786741168893e+03
8.975823108937856887e+03
9.016478565057195738e+03
9.060669118319674453e+03
9.108394728747589397e+03
9.159655353164953340e+03
9.214450945197904730e+03
9.272781455273934625e+03
9.334646830622523339e+03
9.400047015274913065e+03
9.468981950064198827e+03
9.541451572625146582e+03
9.617455817394420592e+03
9.696994615610310575e+03
9.780067895313186455e+03
9.866675581344725288e+03
9.956817595348820760e+03
1.005049385577103749e+04
1.014770427785865650e+04
1.024844877366081164e+04
1.035272725202826223e+04
1.046053961861384778e+04
1.057188577587198779e+04
1.068676562305881816e+04
1.080517905623250954e+04
1.092712596825281253e+04
1.105260624878128510e+04
1.118161978428133807e+04
1.131416645801823506e+04
1.145024615005886517e+04
1.158985873727206126e+04
1.173300409332805430e+04
1.187968208869951923e+04
1.202989259066034720e+04
1.218363546328646407e+04
1.234091056745555761e+04
1.250171776084725934e+04
1.266605689794241698e+04
1.283392783002436772e+04
1.300533040517784684e+04
8.847283277047745287e+03
8.849068137082076646e+03
8.854422715520695419e+03
8.863347007370839492e+03
8.875841004311268989e+03
8.891904694692129851e+03
8.911538063534862886e+03
8.934741092532749462e+03
8.961513760050183919e+03
8.991856041123355681e+03
9.025767907459612616e+03
9.063249327438006731e+03
9.104300266109066797e+03
9.148920685194570979e+03
9.197110543087910628e+03
9.248869794853953863e+03
9.304198392229045567e+03
9.363096283620916438e+03
9.425563414108864890e+03
9.491599725443711577e+03
9.561205156047481069e+03
9.634379641013993023e+03
9.711123112108316491e+03
9.791435497767088236e+03
9.875316723098467264e+03
9.962766709881861971e+03
1.005378537656838489e+04
1.014837263828053437e+04
1.024652840681224006e+04
1.034825259062895384e+04
1.045354509486760435e+04
1.056240582133655153e+04
1.067483466851567755e+04
1.079083153155620494e+04
1.091039630228096939e+04
1.103352886918432887e+04
1.116022911743189070e+04
1.129049692886092089e+04
1.142433218197993483e+04
1.156173475196928848e+04
1.170270451068054172e+04
1.184724132663677665e+04
1.199534506503241573e+04
1.214701558773358556e+04
1.230225275327775307e+04
1.246105641687390744e+04
1.262342643040256007e+04
1.278936264241547178e+04
1.295886489813610751e+04
1.313193303945909065e+04
8.932706015801250032e+03
8.934508089482551441e+03
8.939914308794504905e+03
8.948924668541167193e+03
8.961539160063239251e+03
8.977757771236974804e+03
8.997580486474998906e+03
9.021007286726216989e+03
9.048038149475587488e+03
9.078673048744076368e+03
9.112911955089020921e+03
9.150754835603765969e+03
9.192201653917845761e+03
9.237252370196802076e+03
9.285906941142593496e+03
9.338165319993049707e+03
9.394027456522371722e+03
9.453493297040768084e+03
9.516562784394591290e+03
9.583235857966337790e+03
9.653512453674738936e+03
9.727392503974670035e+03
9.804875937857013923e+03
9.885962680848842865e+03
9.970652655013464027e+03
1.005894577895028306e+04
1.015084196779471313e+04
1.024634113321867517e+04
1.034544318342982478e+04
1.044814802317214344e+04
1.055445555372584749e+04
1.066436567290711537e+04
1.077787827506831491e+04
1.089499325109809433e+04
1.101571048842115488e+04
1.114002987099825077e+04
1.126795127932637115e+04
1.139947459043878553e+04
1.153459967790449809e+04
1.167332641182920270e+04
1.181565465885441881e+04
1.196158428215767344e+04
1.211111514145286492e+04
1.226424709299026290e+04
1.242097998955568983e+04
1.258131368047170326e+04
1.274524801159632261e+04
1.291278282532448429e+04
1.308391796058685941e+04
1.325865325285012659e+04
9.018189853242438403e+03
9.020009153301862170e+03
9.025467051677787822e+03
9.034563542963724103e+03
9.047298618148761307e+03
9.063672264617571273e+03
9.083684466150498338e+03
9.107335202923604811e+03
9.134624451508398124e+03
9.165552184872149155e+03
9.200118372377755804e+03
9.238322979783742994e+03
9.280165969244171720e+03
9.325647299308820948e+03
9.374766924923233091e+03
9.427524797428304737e+03
9.483920864560604969e+03
9.543955070452648215e+03
9.607627355632212129e+03
9.674937657022974236e+03
9.745885907944057180e+03
9.820472038110301582e+03
9.898695973632129608e+03
9.980557637015681394e+03
1.006605694716263315e+04
1.015519381937042454e+04
1.024796816533194033e+04
1.034437989313582875e+04
1.044442890726636506e+04
1.054811510860345152e+04
1.065543839442257195e+04
1.076639865839474623e+04
1.088099579058698509e+04
1.099922967746156246e+04
1.112110020187656119e+04
1.124660724308569115e+04
1.137575067673815283e+04
1.150853037487886468e+04
1.164494620594869048e+04
1.178499803478343892e+04
1.192868572261513691e+04
1.207600912707130192e+04
1.222696810217485108e+04
1.238156249834473783e+04
1.253979216239522430e+04
1.270165693753642699e+04
1.286715666337358925e+04
1.303629117590835449e+04
1.320906030753749292e+04
1.338546388705353820e+04
9.103722887382537010e+03
9.105559422007081594e+03
9.111069024005610117e+03
9.120251687752761427e+03
9.133107403872963914e+03
9.149636159240208144e+03
9.169837936978456128e+03
9.193712716461368473e+03
9.221260473312304384e+03
9.252481179404412615e+03
9.287374802860585987e+03
9.325941308053415923e+03
9.368180655605237916e+03
9.414092802388449854e+03
9.463677701524784425e+03
9.516935302385809337e+03
9.573865550593018270e+03
9.634468388017603502e+03
9.698743752780364957e+03
9.766691579252074007e+03
9.838311798052973245e+03
9.913604336053367660e+03
9.992569116373124416e+03
1.007520605838190022e+04
1.016151507769905038e+04
1.025149608619385617e+04
1.034514899198516105e+04
1.044247369944168895e+04
1.054347010918172600e+04
1.064813811807357524e+04
1.075647761923510188e+04
1.086848850203400616e+04
1.098417065208768690e+04
1.110352395126333249e+04
1.122654827767787538e+04
1.135324350569799208e+04
1.148360950594014867e+04
1.161764614527046433e+04
1.175535328680498424e+04
1.189673078990936119e+04
1.204177851019894661e+04
1.219049629953897238e+04
1.234288400604445997e+04
1.249894147407985656e+04
1.265866854425994461e+04
1.282206505344865946e+04
1.298913083476018073e+04
1.315986571755802288e+04
1.333426952745576273e+04
1.351234208631658475e+04
9.189287384280578408e+03
9.191141156994490302e+03
9.196702473185405324e+03
9.205971327000725069e+03
9.218947708686346232e+03
9.235631604586342291e+03
9.256022997143054454e+03
9.280121864897409978e+03
9.307928182488240054e+03
9.339441920653052875e+03
9.374663046227487939e+03
9.413591522145588897e+03
9.456227307439621654e+03
9.502570357240347221e+03
9.552620622776612436e+03
9.606378051375622817e+03
9.663842586463169937e+03
9.725014167562994771e+03
9.789892730297333401e+03
9.858478206386780585e+03
9.930770523650198811e+03
1.000676960600471830e+04
1.008647537346582794e+04
1.016988774214728437e+04
1.025700662426138479e+04
1.034783192811828485e+04
1.044236355812695365e+04
1.054060141479444610e+04
1.064254539472603938e+04
1.074819539062546028e+04
1.085755129129483976e+04
1.097061298163439460e+04
1.108738034264274575e+04
1.120785325141700923e+04
1.133203158115238693e+04
1.145991520114239393e+04
1.159150397677908586e+04
1.172679776955255875e+04
1.186579643705163107e+04
1.200849983296284336e+04
1.215490780707150407e+04
1.230502020526109845e+04
1.245883686951347045e+04
1.261635763790873170e+04
1.277758234462544351e+04
1.294251081994016204e+04
1.311114289022807498e+04
1.328347837796254680e+04
1.345951710171530067e+04
1.363925887615650936e+04
9.274859162091115650e+03
9.276730171637200328e+03
9.282343198246053362e+03
9.291698235829380792e+03
9.304795274240041181e+03
9.321634299272000135e+03
9.342215292660330306e+03
9.366538232081256865e+03
9.394603091152157504e+03
9.426409839431562432e+03
9.461958442419154380e+03
9.501248861555541225e+03
9.544281054222801686e+03
9.591054973743939627e+03
9.641570569382975009e+03
9.695827786345489585e+03
9.753826565777671931e+03
9.815566844767181465e+03
9.881048556342739175e+03
9.950271629474218571e+03
1.002323598907255473e+04
1.009994155598992620e+04
1.018038824701943668e+04
1.026457597489561522e+04
1.035250464829387056e+04
1.044417417183090038e+04
1.053958444606441844e+04
1.063873536749342747e+04
1.074162682855794628e+04
1.084825871763905525e+04
1.095863091905926012e+04
1.107274331308185538e+04
1.119059577591151537e+04
1.131218817969383963e+04
1.143752039251585302e+04
1.156659227840532367e+04
1.169940369733149055e+04
1.183595450520469967e+04
1.197624455387622220e+04
1.212027369113857276e+04
1.226804176072546397e+04
1.241954860231162456e+04
1.257479405151298124e+04
1.273377793988656776e+04
1.289650009493052494e+04
1.306296034008455536e+04
1.323315849472855916e+04
1.340709437418445305e+04
1.358476778971498788e+04
1.376617854852383971e+04
9.360411203057992680e+03
9.362299443105075625e+03
9.367964161135523682e+03
9.377405350816252394e+03
9.390623001592257424e+03
9.407617098686614554e+03
9.428387623100297787e+03
9.452934551612315772e+03
9.481257856779848225e+03
9.513357506937791186e+03
9.549233466199302711e+03
9.588885694455302655e+03
9.632314147375063840e+03
9.679518776405484459e+03
9.730499528771679252e+03
9.785256347476706651e+03
9.843789171301705210e+03
9.906097934805802652e+03
9.972182568325979446e+03
1.004204299797743261e+04
1.011567914565321189e+04
1.019309092902449265e+04
1.027427826154043942e+04
1.035924105242802398e+04
1.044797920669248015e+04
1.054049262511693996e+04
1.063678120426257010e+04
1.073684483646852641e+04
1.084068340985190844e+04
1.094829680830798679e+04
1.105968491150974842e+04
1.117484759490853321e+04
1.129378472973348835e+04
1.141649618299184112e+04
1.154298181746862610e+04
1.167324149172727630e+04
1.180727506010880461e+04
1.194508237273257691e+04
1.208666327549562993e+04
1.223201761007330788e+04
1.238114521391880771e+04
1.253404592026345199e+04
1.269071955811632506e+04
1.285116595226481877e+04
1.301538492327426866e+04
1.318337628748759016e+04
1.335513985702637001e+04
1.353067543978968388e+04
1.370998283945500589e+04
1.389306185547757195e+04
9.445907076147295811e+03
9.447812534294007492e+03
9.453528906538349474e+03
9.463056186293624705e+03
9.476394362581413588e+03
9.493543420032392532e+03
9.514503338885924677e+03
9.539274094989923469e+03
9.567855659801170987e+03
9.600248000385226987e+03
9.636451079416201537e+03
9.676464855177118807e+03
9.720289281559644223e+03
9.767924308064175420e+03
9.819369879799842238e+03
9.874625937484597671e+03
9.933692417444990497e+03
9.996569251616347174e+03
1.006325636754272637e+04
1.013375368837696442e+04
1.020806113288058441e+04
1.028617861542384162e+04
1.036810604598581449e+04
1.045384333015413176e+04
1.054339036912519987e+04
1.063674705970443028e+04
1.073391329430551195e+04
1.083488896095122982e+04
1.093967394327291913e+04
1.104826812051069282e+04
1.116067136751344151e+04
1.127688355473874253e+04
1.139690454825290544e+04
1.152073420973097200e+04
1.164837239645662521e+04
1.177981896132250768e+04
1.191507375282972134e+04
1.205413661508837322e+04
1.219700738781721157e+04
1.234368590634339853e+04
1.249417200160332868e+04
1.264846550014181048e+04
1.280656622411261196e+04
1.296847399127773315e+04
1.313418861500867934e+04
1.330370990428500590e+04
1.347703766369531877e+04
1.365417169343718342e+04
1.383511178931612449e+04
1.401985774274735377e+04
9.531307007905024875e+03
9.533229665289445620e+03
9.538997635159330457e+03
9.548610910664183393e+03
9.562069480386981013e+03
9.579373328343353933e+03
9.600522433982359871e+03
9.625516772186210801e+03
9.654356313269863676e+03
9.687041022981702554e+03
9.723570862503174794e+03
9.763945788448563690e+03
9.808165752865625109e+03
9.856230703234996327e+03
9.908140582470514346e+03
9.963895328918988525e+03
1.002349487636047343e+04
1.008693915400813239e+04
1.015422808650805564e+04
1.022536159393957860e+04
1.030033959181519094e+04
1.037916199108040018e+04
1.046182869811377714e+04
1.054833961472704686e+04
1.063869463816508869e+04
1.073289366110579977e+04
1.083093657166023149e+04
1.093282325337249858e+04
1.103855358521987000e+04
1.114812744161272349e+04
1.126154469239445461e+04
1.137880520284161321e+04
1.149990883366385788e+04
1.162485544100409243e+04
1.175364487643792017e+04
1.188627698697464439e+04
1.202275161505594951e+04
1.216306859855740186e+04
1.230722777078690342e+04
1.245522896048623807e+04
1.260707199182943441e+04
1.276275668442458482e+04
1.292228285331184452e+04
1.308565030896543249e+04
1.325285885729217625e+04
1.342390829963187571e+04
1.359879843275775784e+04
1.377752904887611294e+04
1.396009993562629461e+04
1.414651087608053786e+04
9.616578941645093437e+03
9.618518773055575366e+03
9.624338264912285013e+03
9.634037410091696074e+03
9.647616196720991866e+03
9.665074608178429116e+03
9.686412623093019647e+03
9.711630215344894168e+03
9.740727354064847532e+03
9.773704003634748005e+03
9.810560123687264422e+03
9.851295669106229980e+03
9.895910590025914644e+03
9.944404831831980118e+03
9.996778335160706774e+03
1.005303103589935745e+04
1.011316286518617744e+04
1.017717374941030357e+04
1.024506361021158227e+04
1.031683236448106982e+04
1.039247992436048662e+04
1.047200619724271746e+04
1.055541108577122031e+04
1.064269448784066299e+04
1.073385629659642291e+04
1.082889640043495092e+04
1.092781468300349843e+04
1.103061102320020836e+04
1.113728529517429706e+04
1.124783736832559953e+04
1.136226710730520608e+04
1.148057437201482571e+04
1.160275901760728630e+04
1.172882089448607985e+04
1.185875984830590824e+04
1.199257571997222840e+04
1.213026834564143428e+04
1.227183755672058396e+04
1.241728317986808179e+04
1.256660503699304172e+04
1.271980294525537829e+04
1.287687671706598849e+04
1.303782616008684272e+04
1.320265107723043911e+04
1.337135126666062206e+04
1.354392652179194556e+04
1.372037663128994609e+04
1.390070137907077878e+04
1.408490054430185410e+04
1.427297390140138305e+04
9.701699895064621160e+03
9.703656869093492787e+03
9.709527788711193352e+03
9.719312646510570630e+03
9.733011430146416387e+03
9.750624122335511856e+03
9.772150700856536787e+03
9.797591138550160395e+03
9.826945403318950412e+03
9.860213458127236663e+03
9.897395261001520339e+03
9.938490765030110197e+03
9.983499918363395409e+03
1.003242266421339082e+04
1.008525894085441905e+04
1.014200868162242841e+04
1.020267181491540214e+04
1.026724826419326746e+04
1.033573794797794108e+04
1.040814077985310178e+04
1.048445666846459972e+04
1.056468551752000167e+04
1.064882722578886387e+04
1.073688168710268656e+04
1.082884879035495942e+04
1.092472841950102520e+04
1.102452045355821610e+04
1.112822476660571738e+04
1.123584122778465826e+04
1.134736970129820293e+04
1.146281004641132313e+04
1.158216211745098008e+04
1.170542576380603350e+04
1.183260082992728712e+04
1.196368715532762508e+04
1.209868457458132980e+04
1.223759291732549173e+04
1.238041200825846317e+04
1.252714166714058592e+04
1.267778170879419122e+04
1.283233194310396357e+04
1.299079217501584935e+04
1.315316220453814822e+04
1.331944182674096737e+04
1.348963083175631255e+04
1.366372900477826988e+04
1.384173612606255119e+04
1.402365197092703966e+04
1.420947630975169886e+04
1.439920890797811808e+04
9.786646537644674027e+03
9.788620616695197896e+03
9.794542851279811657e+03
9.804413233697368923e+03
9.818231751112716665e+03
9.835998385556649737e+03
9.857713113926001824e+03
9.883375907983327124e+03
9.912986734357309615e+03
9.946545554542535683e+03
9.984052324899403175e+03
1.002550699665453067e+04
1.007090951590012082e+04
1.012025982359459704e+04
1.017355785556228511e+04
1.023080354249327684e+04
1.029199680994383925e+04
1.035713757833595992e+04
1.042622576295771069e+04
1.049926127396320226e+04
1.057624401637203846e+04
1.065717389007045313e+04
1.074205078980999133e+04
1.083087460520855529e+04
1.092364522074972228e+04
1.102036251578315387e+04
1.112102636452445950e+04
1.122563663605519650e+04
1.133419319432268821e+04
1.144669589814034225e+04
1.156314460118760508e+04
1.168353915200964366e+04
1.180787939401775475e+04
1.193616516548904656e+04
1.206839629956675708e+04
1.220457262425970839e+04
1.234469396244294330e+04
1.248876013185763441e+04
1.263677094511040195e+04
1.278872620967422336e+04
1.294462572788761463e+04
1.310446929695544895e+04
1.326825670894822906e+04
1.343598775080272389e+04
1.360766220432142291e+04
1.378327984617271795e+04
1.396284044789099426e+04
1.414634377587663039e+04
1.433378959139590734e+04
1.452517765058109944e+04
9.871391701053062206e+03
9.873382841747798011e+03
9.879356261163366071e+03
9.889311951293802849e+03
9.903249898795866102e+03
9.921170084989171301e+03
9.943072485855782361e+03
9.968957072040666390e+03
9.998823808851466310e+03
1.003267265625840992e+04
1.007050356889458271e+04
1.011231649605574603e+04
1.015811138170047343e+04
1.020788816444978693e+04
1.026164677758770267e+04
1.031938714906063979e+04
1.038110920147796605e+04
1.044681285211181603e+04
1.051649801289677271e+04
1.059016459043032228e+04
1.066781248597271770e+04
1.074944159544666036e+04
1.083505180943770938e+04
1.092464301319428159e+04
1.101821508662733322e+04
1.111576790431049631e+04
1.121730133548016966e+04
1.132281524403560979e+04
1.143230948853852169e+04
1.154578392221351351e+04
1.166323839294782374e+04
1.178467274329136671e+04
1.191008681045695994e+04
1.203948042631982389e+04
1.217285341741817319e+04
1.231020560495262544e+04
1.245153680478706519e+04
1.259684682744746169e+04
1.274613547812277830e+04
1.289940255666460871e+04
1.305664785758744983e+04
1.321787117006833796e+04
1.338307227794703067e+04
1.355225095972600684e+04
1.372540698857046664e+04
1.390254013230842247e+04
1.408365015343024425e+04
1.426873680908965980e+04
1.445779985110248163e+04
1.465083902594742540e+04
9.955906686049047494e+03
9.957914839274326368e+03
9.963939296176113203e+03
9.973980048432622425e+03
9.988037082173605086e+03
1.000611037798121288e+04
1.002819991088922507e+04
1.005430565038395798e+04
1.008442756040317363e+04
1.011856559933685276e+04
1.015671972002705843e+04
1.019888986976779961e+04
1.024507599030494021e+04
1.029527801783660834e+04
1.034949588301269614e+04
1.040772951093517804e+04
1.046997882115806533e+04
1.053624372768726971e+04
1.060652413898087616e+04
1.068081995794877912e+04
1.075913108195286441e+04
1.084145740280728205e+04
1.092779880677790061e+04
1.101815517458262548e+04
1.111252638139153532e+04
1.121091229682651829e+04
1.131331278496154482e+04
1.141972770432262223e+04
1.153015690788761276e+04
1.164460024308655193e+04
1.176305755180137567e+04
1.188552867036596581e+04
1.201201342956637745e+04
1.214251165464047517e+04
1.227702316527829680e+04
1.241554777562168965e+04
1.255808529426467430e+04
1.270463552425308080e+04
1.285519826308500342e+04
1.300977330271025494e+04
1.316836042953073047e+04
1.333095942440049839e+04
1.349757006262552750e+04
1.366819211396341416e+04
1.384282534262465560e+04
1.402146950727064905e+04
1.420412436101560161e+04
1.439078965142525703e+04
1.458146512051780519e+04
1.477615050476288161e+04
1.004015507954522946e+04
1.004218018936389853e+04
1.004825551593658020e+04
1.005838105061370698e+04
1.007255677897910573e+04
1.009078268085027048e+04
1.011305873027827147e+04
1.013938489554761873e+04
1.016976113917658040e+04
1.020418741791672801e+04
1.024266368275343666e+04
1.028518987890552125e+04
1.033176594582537291e+04
1.038239181719891349e+04
1.043706742094573201e+04
1.049579267921890278e+04
1.055856750840507630e+04
1.062539181912438835e+04
1.069626551623068735e+04
1.077118849881126152e+04
1.085016066018715719e+04
1.093318188791249668e+04
1.102025206377561517e+04
1.111137106379796933e+04
1.120653875823463750e+04
1.130575501157450162e+04
1.140901968253965606e+04
1.151633262408595328e+04
1.162769368340286746e+04
1.174310270191326708e+04
1.186255951527373327e+04
1.198606395337424146e+04
1.211361584033847976e+04
1.224521499452375792e+04
1.238086122852064364e+04
1.252055434915355363e+04
1.266429415748034444e+04
1.281208044879249428e+04
1.296391301261501212e+04
1.311979163270643767e+04
1.327971608705902327e+04
1.344368614789827916e+04
1.361170158168333728e+04
1.378376214910740600e+04
1.395986760509667874e+04
1.414001769881097061e+04
1.432421217364399126e+04
1.451245076722270824e+04
1.470473321140761982e+04
1.490105923229320979e+04
1.012409136489909542e+04
1.012613336727158639e+04
1.013225937139263806e+04
1.014246936827294121e+04
1.015676334293048058e+04
1.017514127439021649e+04
1.019760313568435777e+04
1.022414889385227070e+04
1.025477850994052460e+04
1.028949193900275532e+04
1.032828913009971075e+04
1.037117002629943272e+04
1.041813456467707510e+04
1.046918267631485833e+04
1.052431428630225128e+04
1.058352931373592583e+04
1.064682767171957494e+04
1.071420926736409456e+04
1.078567400178758362e+04
1.086122177011525309e+04
1.094085246147942598e+04
1.102456595901971923e+04
1.111236213988281634e+04
1.120424087522255832e+04
1.130020203019985274e+04
1.140024546398299208e+04
1.150437102974719892e+04
1.161257857467494432e+04
1.172486793995590233e+04
1.184123896078681355e+04
1.196169146637162157e+04
1.208622527992138203e+04
1.221484021865444447e+04
1.234753609379604313e+04
1.248431271057888807e+04
1.262516986824257401e+04
1.277010736003403508e+04
1.291912497320745388e+04
1.307222248902362480e+04
1.322939968275113642e+04
1.339065632366537102e+04
1.355599217504914122e+04
1.372540699419205339e+04
1.389890053239132612e+04
1.407647253495069890e+04
1.425812274118161440e+04
1.444385088440267282e+04
1.463365669193917711e+04
1.482753988512404248e+04
1.502550017929725072e+04
1.020767059817776499e+04
1.020972942086323201e+04
1.021590588580615986e+04
1.022619998366517393e+04
1.024061169887163487e+04
1.025914100962936573e+04
1.028178788791478837e+04
1.030855229947674161e+04
1.033943420383670855e+04
1.037443355428868017e+04
1.041355029789897344e+04
1.045678437550677700e+04
1.050413572172351451e+04
1.055560426493325394e+04
1.061118992729266211e+04
1.067089262473082272e+04
1.073471226694928191e+04
1.080264875742227559e+04
1.087470199339654755e+04
1.095087186589134944e+04
1.103115825969830439e+04
1.111556105338177076e+04
1.120408011927856933e+04
1.129671532349789231e+04
1.139346652592189457e+04
1.149433358020469313e+04
1.159931633377327671e+04
1.170841462782709641e+04
1.182162829733815670e+04
1.193895717105087897e+04
1.206040107148232892e+04
1.218595981492208011e+04
1.231563321143221401e+04
1.244942106484722899e+04
1.258732317277444963e+04
1.272933932659334459e+04
1.287546931145616327e+04
1.302571290628766292e+04
1.318006988378510869e+04
1.333854001041809170e+04
1.350112304642898380e+04
1.366781874583284662e+04
1.383862685641661301e+04
1.401354711974036036e+04
1.419257927113667392e+04
1.437572303971019210e+04
1.456297814833851589e+04
1.475434431367157231e+04
1.494982124613188716e+04
1.514940864991449416e+04
1.029085836447034126e+04
1.029293392766294346e+04
1.029916061400554099e+04
1.030953841379227924e+04
1.032406731084661260e+04
1.034274728252157729e+04
1.036557829969942759e+04
1.039256032679209056e+04
1.042369332174080228e+04
1.045897723601606231e+04
1.049841201461799756e+04
1.054199759607608939e+04
1.058973391244917366e+04
1.064162088932557708e+04
1.069765844582307182e+04
1.075784649458869353e+04
1.082218494179896879e+04
1.089067368716005149e+04
1.096331262390708616e+04
1.104010163880502660e+04
1.112104061214809008e+04
1.120612941775998479e+04
1.129536792299359149e+04
1.138875598873141826e+04
1.148629346938550952e+04
1.158798021289703684e+04
1.169381606073675357e+04
1.180380084790481305e+04
1.191793440293081403e+04
1.203621654787361877e+04
1.215864709832176231e+04
1.228522586339295231e+04
1.241595264573461463e+04
1.255082724152316587e+04
1.268984944046469536e+04
1.283301902579478337e+04
1.298033577427831915e+04
1.313179945620968283e+04
1.328740983541238165e+04
1.344716666923977755e+04
1.361106970857435954e+04
1.377911869782810754e+04
1.395131337494249237e+04
1.412765347138829384e+04
1.430813871216550979e+04
1.449276881580435656e+04
1.468154349436354096e+04
1.487446245343153350e+04
1.507152539212638658e+04
1.527273200309518870e+04
1.037362333480632515e+04
1.037571555127310603e+04
1.038199219731222911e+04
1.039245326284008115e+04
1.040709873105047336e+04
1.042592857841495970e+04
1.044894277468256405e+04
1.047614128287978019e+04
1.050752405931079920e+04
1.054309105355728207e+04
1.058284220847854158e+04
1.062677746021136045e+04
1.067489673817021867e+04
1.072719996504688424e+04
1.078368705681095889e+04
1.084435792270951424e+04
1.090921246526718278e+04
1.097825058028606691e+04
1.105147215684596631e+04
1.112887707730415059e+04
1.121046521729554115e+04
1.129623644573252932e+04
1.138619062480506727e+04
1.148032760998071353e+04
1.157864725000449653e+04
1.168114938689927840e+04
1.178783385596511835e+04
1.189870048577977286e+04
1.201374909819874119e+04
1.213297950835476513e+04
1.225639152465832922e+04
1.238398494879756981e+04
1.251575957573804772e+04
1.265171519372279363e+04
1.279185158427253555e+04
1.293616852218556232e+04
1.308466577553772368e+04
1.323734310568243018e+04
1.339420026725056232e+04
1.355523700815065240e+04
1.372045306956852073e+04
1.388984818596827608e+04
1.406342208509076954e+04
1.424117448795486780e+04
1.442310510885681651e+04
1.460921365537042220e+04
1.479949982834723414e+04
1.499396332191599868e+04
1.519260382348356870e+04
1.539542101373381229e+04
1.045593610478135815e+04
1.045804488073504217e+04
1.046437120510431669e+04
1.047491506741421290e+04
1.048967645020634336e+04
1.050865532903926578e+04
1.053185167248789185e+04
1.055926544214398746e+04
1.059089659261599081e+04
1.062674507152910337e+04
1.066681081952488057e+04
1.071109377026186849e+04
1.075959385041524001e+04
1.081231097967670394e+04
1.086924507075486872e+04
1.093039602937483323e+04
1.099576375427845960e+04
1.106534813722419130e+04
1.113914906298728056e+04
1.121716640935974283e+04
1.129940004714990209e+04
1.138584984018316391e+04
1.147651564530137875e+04
1.157139731236325133e+04
1.167049468424384031e+04
1.177380759683533142e+04
1.188133587904626438e+04
1.199307935280185120e+04
1.210903783304420358e+04
1.222921112773206005e+04
1.235359903784060407e+04
1.248220135736191878e+04
1.261501787330471416e+04
1.275204836569446343e+04
1.289329260757313023e+04
1.303875036499948692e+04
1.318842139704893270e+04
1.334230545581367551e+04
1.350040228640236819e+04
1.366271162694047234e+04
1.382923320857034923e+04
1.399996675545053222e+04
1.417491198475654528e+04
1.435406860668063018e+04
1.453743632443183742e+04
1.472501483423538957e+04
1.491680382533368174e+04
1.511280297998555397e+04
1.531301197346656409e+04
1.551743047406907863e+04
1.053776972794194080e+04
1.053989496415319991e+04
1.054627066916018521e+04
1.055689683208261158e+04
1.057177343478679177e+04
1.059090045188527256e+04
1.061427785073733503e+04
1.064190559144872168e+04
1.067378362687150002e+04
1.070991190260433541e+04
1.075029035699249107e+04
1.079491892112746427e+04
1.084379751884739562e+04
1.089692606673688715e+04
1.095430447412713875e+04
1.101593264309558435e+04
1.108181046846639219e+04
1.115193783781005550e+04
1.122631463144361987e+04
1.130494072243063783e+04
1.138781597658116880e+04
1.147494025245164266e+04
1.156631340134508719e+04
1.166193526731099155e+04
1.176180568714530636e+04
1.186592449039044368e+04
1.197429149933541339e+04
1.208690652901564135e+04
1.220376938721301485e+04
1.232487987445583713e+04
1.245023778401928212e+04
1.257984290192443950e+04
1.271369500693936061e+04
1.285179387057833083e+04
1.299413925710223339e+04
1.314073092351827654e+04
1.329156861958026639e+04
1.344665208778878878e+04
1.360598106339020887e+04
1.376955527437821729e+04
1.393737444149228395e+04
1.410943827821884042e+04
1.428574649079064329e+04
1.446629877818668319e+04
1.465109483213282147e+04
1.484013433710142635e+04
1.503341697031082731e+04
1.523094240172649734e+04
1.543271029406005255e+04
1.563872030276970690e+04
1.061909430253531355e+04
1.062123589381326383e+04
1.062766066388035142e+04
1.063836860143674130e+04
1.065335968764907193e+04
1.067263389615081906e+04
1.069619119304215928e+04
1.072403153688974271e+04
1.075615487872719314e+04
1.079256116205465332e+04
1.083325032283905784e+04
1.087822228951399666e+04
1.092747698297966963e+04
1.098101431660315939e+04
1.103883419621811299e+04
1.110093652012469647e+04
1.116732117909023145e+04
1.123798805634824021e+04
1.131293702759935513e+04
1.139216796101059117e+04
1.147568071721570959e+04
1.156347514931530895e+04
1.165555110287664320e+04
1.175190841593353070e+04
1.185254691898658166e+04
1.195746643500306163e+04
1.206666677941702801e+04
1.218014776012910261e+04
1.229790917750656263e+04
1.241995082438370446e+04
1.254627248606111607e+04
1.267687394030626820e+04
1.281175495735315053e+04
1.295091529990286290e+04
1.309435472312279671e+04
1.324207297464708972e+04
1.339406979457671696e+04
1.355034491547949074e+04
1.371089806238942401e+04
1.387572895280763987e+04
1.404483729670164394e+04
1.421822279650614291e+04
1.439588514712186225e+04
1.457782403591681941e+04
1.476403914272532347e+04
1.495453013984861173e+04
1.514929669205439495e+04
1.534833845657740312e+04
1.555165508311865779e+04
1.575924621384619968e+04
1.069986310597905685e+04
1.070202093795674045e+04
1.070849442997814549e+04
1.071928357030888037e+04
1.073438833939130745e+04
1.075380870984522517e+04
1.077754464646682209e+04
1.080559610622995024e+04
1.083796303828503369e+04
1.087464538395961426e+04
1.091564307675830605e+04
1.096095604236261352e+04
1.101058419863124982e+04
1.106452745559963660e+04
1.112278571548054060e+04
1.118535887266343707e+04
1.125224681371500992e+04
1.132344941737887893e+04
1.139896655457569068e+04
1.147879808840298210e+04
1.156294387413554432e+04
1.165140375922496787e+04
1.174417758329982462e+04
1.184126517816598607e+04
1.194266636780589579e+04
1.204838096837943340e+04
1.215840878822323248e+04
1.227274962785095340e+04
1.239140327995328335e+04
1.251436952939816365e+04
1.264164815323001676e+04
1.277323892067079214e+04
1.290914159311905678e+04
1.304935592415076826e+04
1.319388165951841074e+04
1.334271853715217730e+04
1.349586628715833285e+04
1.365332463182094216e+04
1.381509328560086942e+04
1.398117195513586921e+04
1.415156033924040457e+04
1.432625812890682937e+04
1.450526500730347834e+04
1.468858064977648610e+04
1.487620472384869572e+04
1.506813688921974972e+04
1.526437679776672667e+04
1.546492409354332267e+04
1.566977841278039705e+04
1.587893938388597235e+04
1.078002326674977667e+04
1.078219721471550656e+04
1.078871905455107481e+04
1.079958877407229920e+04
1.081480635297198205e+04
1.083437176282018299e+04
1.085828496706399164e+04
1.088654592102757306e+04
1.091915457191257701e+04
1.095611085879731945e+04
1.099741471263764652e+04
1.104306605626638884e+04
1.109306480439340703e+04
1.114741086360595546e+04
1.120610413236813656e+04
1.126914450102153751e+04
1.133653185178459353e+04
1.140826605875299720e+04
1.148434698789951653e+04
1.156477449707413143e+04
1.164954843600407912e+04
1.173866864629339943e+04
1.183213496142366239e+04
1.192994720675319513e+04
1.203210519951776405e+04
1.213860874883025645e+04
1.224945765568045317e+04
1.236465171293557432e+04
1.248419070533973354e+04
1.260807440951439276e+04
1.273630259395795292e+04
1.286887501904620876e+04
1.300579143703180307e+04
1.314705159204477241e+04
1.329265522009209235e+04
1.344260204905813225e+04
1.359689179870401858e+04
1.375552418066845348e+04
1.391849889846680526e+04
1.408581564749219979e+04
1.425747411501424722e+04
1.443347398018013337e+04
1.461381491401398307e+04
1.479849657941722398e+04
1.498751863116831373e+04
1.518088071592283086e+04
1.537858247221347483e+04
1.558062353045033888e+04
1.578700351292027335e+04
1.599772203378743143e+04
1.085952436203069738e+04
1.086171429125406576e+04
1.086828407470766251e+04
1.087923369974164416e+04
1.089456314527292307e+04
1.091427238178534935e+04
1.093836137132952899e+04
1.096683006752273286e+04
1.099967841554912411e+04
1.103690635215966722e+04
1.107851380567221895e+04
1.112450069597107358e+04
1.117486693450778148e+04
1.122961242430042148e+04
1.128873705993373733e+04
1.135224072755963789e+04
1.142012330489656051e+04
1.149238466122965292e+04
1.156902465741127344e+04
1.165004314586008149e+04
1.173543997056185617e+04
1.182521496706904145e+04
1.191936796250083717e+04
1.201789877554338091e+04
1.212080721644947516e+04
1.222809308703872375e+04
1.233975618069753182e+04
1.245579628237928773e+04
1.257621316860381739e+04
1.270100660745811183e+04
1.283017635859569054e+04
1.296372217323678342e+04
1.310164379416883094e+04
1.324394095574571111e+04
1.339061338388819422e+04
1.354166079608376094e+04
1.369708290138696611e+04
1.385687940041880211e+04
1.402104998536724452e+04
1.418959433998725217e+04
1.436251213959994857e+04
1.453980305109398614e+04
1.472146673292436390e+04
1.490750283511306407e+04
1.509791099924859736e+04
1.529269085848663963e+04
1.549184203754948612e+04
1.569536415272623344e+04
1.590325681187250666e+04
1.611551961441136882e+04
1.093831955062332781e+04
1.094052531685506437e+04
1.094714261117310343e+04
1.095817142044588763e+04
1.097361172278770027e+04
1.099346348755821055e+04
1.101772667536297377e+04
1.104640123805306757e+04
1.107948711872536478e+04
1.111698425172226052e+04
1.115889256263194511e+04
1.120521196828808570e+04
1.125594237677019009e+04
1.131108368740342485e+04
1.137063579075843336e+04
1.143459856865165420e+04
1.150297189414523018e+04
1.157575563154700831e+04
1.165294963641013055e+04
1.173455375553385238e+04
1.182056782696290611e+04
1.191099167998763733e+04
1.200582513514405036e+04
1.210506800421389926e+04
1.220872009022455131e+04
1.231678118744912354e+04
1.242925108140611883e+04
1.254612954886015359e+04
1.266741635782104822e+04
1.279311126754455472e+04
1.292321402853194741e+04
1.305772438253034125e+04
1.319664206253228258e+04
1.333996679277615840e+04
1.348769828874592349e+04
1.363983625717128234e+04
1.379638039602759818e+04
1.395733039453543824e+04
1.412268593316193801e+04
1.429244668361925505e+04
1.446661230886511476e+04
1.464518246310344693e+04
1.482815679178302162e+04
1.501553493159954087e+04
1.520731651049281936e+04
1.540350114764951286e+04
1.560408845350175397e+04
1.580907802972651552e+04
1.601846946924761141e+04
1.623226235623351386e+04
1.101636359417930180e+04
1.101858504392025679e+04
1.102524938859974100e+04
1.103635661458779396e+04
1.105190669916814841e+04
1.107189961053777552e+04
1.109633530780706678e+04
1.112521374100010689e+04
1.115853485105385516e+04
1.119629856981932789e+04
1.123850482006059792e+04
1.128515351545520389e+04
1.133624456059437762e+04
1.139177785098231652e+04
1.145175327303718404e+04
1.151617070409001826e+04
1.158503001238586876e+04
1.165833105708275070e+04
1.173607368825246340e+04
1.181825774687977173e+04
1.190488306486345209e+04
1.199594946501529193e+04
1.209145676106063547e+04
1.219140475763833820e+04
1.229579325030053951e+04
1.240462202551289010e+04
1.251789086065450647e+04
1.263559952401797091e+04
1.275774777480910416e+04
1.288433536314742014e+04
1.301536203006544383e+04
1.315082750750971172e+04
1.329073151833972588e+04
1.343507377632877251e+04
1.358385398616328530e+04
1.373707184344311827e+04
1.389472703468181862e+04
1.405681923730599010e+04
1.422334811965620247e+04
1.439431334098590014e+04
1.456971455146249355e+04
1.474955139216635871e+04
1.493382349509120104e+04
1.512253048314505577e+04
1.531567197014837802e+04
1.551324756083549801e+04
1.571525685085416626e+04
1.592169942676546270e+04
1.613257486604406949e+04
1.634788273707808912e+04
1.109362144125748273e+04
1.109585841362054452e+04
1.110256932599450010e+04
1.111375416423393290e+04
1.112941290476342147e+04
1.114954551457708476e+04
1.117415195123908234e+04
1.120323216288306867e+04
1.123678608821269336e+04
1.127481365650123735e+04
1.131731478759188576e+04
1.136428939189750054e+04
1.141573737040075684e+04
1.147165861465418857e+04
1.153205300677996092e+04
1.159692041947009784e+04
1.166626071598652743e+04
1.174007375016062724e+04
1.181835936639390638e+04
1.190111739965745983e+04
1.198834767549224125e+04
1.208005001000883567e+04
1.217622420988791418e+04
1.227687007237950638e+04
1.238198738530390983e+04
1.249157592705068964e+04
1.260563546657958796e+04
1.272416576341993277e+04
1.284716656767095628e+04
1.297463762000143106e+04
1.310657865165030671e+04
1.324298938442589133e+04
1.338386953070648815e+04
1.352921879344012268e+04
1.367903686614490653e+04
1.383332343290794597e+04
1.399207816838697909e+04
1.415530073780910243e+04
1.432299079697122579e+04
1.449514799224034505e+04
1.467177196055254171e+04
1.485286232941443814e+04
1.503841871690192420e+04
1.522844073166079397e+04
1.542292797290683666e+04
1.562188003042547280e+04
1.582529648457175426e+04
1.603317690627063712e+04
1.624552085701698161e+04
1.646232788887537026e+04
1.117006150803249511e+04
1.117231383536104659e+04
1.117907081245384688e+04
1.119033242463237912e+04
1.120609864743260005e+04
1.122636944660494009e+04
1.125114477811393954e+04
1.128042458813852136e+04
1.131420881307221862e+04
1.135249737952281066e+04
1.139529020431232311e+04
1.144258719447734620e+04
1.149438824726876192e+04
1.155069325015165305e+04
1.161150208080571247e+04
1.167681460712506123e+04
1.174663068721779382e+04
1.182095016940679670e+04
1.189977289222902073e+04
1.198309868443593587e+04
1.207092736499353123e+04
1.216325874308172388e+04
1.226009261809522286e+04
1.236142877964289255e+04
1.246726700754807098e+04
1.257760707184838793e+04
1.269244873279585590e+04
1.281179174085677914e+04
1.293563583671202650e+04
1.306398075125689502e+04
1.319682620560060968e+04
1.333417191106700557e+04
1.347601756919457330e+04
1.362236287173573146e+04
1.377320750065746324e+04
1.392855112814113454e+04
1.408839341658249396e+04
1.425273401859158184e+04
1.442157257699282127e+04
1.459490872482492705e+04
1.477274208534145146e+04
1.495507227200951093e+04
1.514189888851124124e+04
1.533322152874297899e+04
1.552903977681507968e+04
1.572935320705282720e+04
1.593416138399570627e+04
1.614346386239712956e+04
1.635726018722543813e+04
1.657554989366317386e+04
1.124564114732370399e+04
1.124790865299742109e+04
1.125471116494236412e+04
1.126604866792854409e+04
1.128192113657323716e+04
1.130232853534048445e+04
1.132727081854122844e+04
1.135674793033317655e+04
1.139075980472098308e+04
1.142930636555606725e+04
1.147238752653688607e+04
1.152000319120852510e+04
1.157215325296328956e+04
1.162883759503993133e+04
1.169005609052437649e+04
1.175580860234931606e+04
1.182609498329425151e+04
1.190091507598567659e+04
1.198026871289685005e+04
1.206415571634788648e+04
1.215257589850589284e+04
1.224552906138465005e+04
1.234301499684497685e+04
1.244503348659445692e+04
1.255158430218757530e+04
1.266266720502567296e+04
1.277828194635708314e+04
1.289842826727672218e+04
1.302310589872649871e+04
1.315231456149549558e+04
1.328605396621906038e+04
1.342432381337994229e+04
1.356712379330756448e+04
1.371445358617811507e+04
1.386631286201463809e+04
1.402270128068739723e+04
1.418361849191323927e+04
1.434906413525559401e+04
1.451903784012538381e+04
1.469353922577993217e+04
1.487256790132350943e+04
1.505612346570760565e+04
1.524420550772993010e+04
1.543681360603559369e+04
1.563394732911647225e+04
1.583560623531120655e+04
1.604178987280511137e+04
1.625249777963090310e+04
1.646772948366760829e+04
1.668748450264147323e+04
1.132030284839361229e+04
1.132258534388902262e+04
1.132943282510918834e+04
1.134084527625423107e+04
1.135682267099150522e+04
1.137736497245537066e+04
1.140247213324728364e+04
1.143214409543516012e+04
1.146638079055437629e+04
1.150518213960690446e+04
1.154854805306185881e+04
1.159647843085504064e+04
1.164897316238966596e+04
1.170603212653545597e+04
1.176765519162922828e+04
1.183384221547489688e+04
1.190459304534301737e+04
1.197990751797128723e+04
1.205978545956445487e+04
1.214422668579400124e+04
1.223323100179832181e+04
1.232679820218309032e+04
1.242492807102044026e+04
1.252762038185005622e+04
1.263487489767794614e+04
1.274669137097744169e+04
1.286306954368883453e+04
1.298400914721905792e+04
1.310950990244236891e+04
1.323957151969962069e+04
1.337419369879889928e+04
1.351337612901515968e+04
1.365711848909022592e+04
1.380542044723297295e+04
1.395828166111896280e+04
1.411570177789089939e+04
1.427768043415871944e+04
1.444421725599886486e+04
1.461531185895482849e+04
1.479096384803706314e+04
1.497117281772316346e+04
1.515593835195732026e+04
1.534526002415113908e+04
1.553913739718245779e+04
1.573757002339707469e+04
1.594055744460674759e+04
1.614809919209046711e+04
1.636019478659482047e+04
1.657684373833217251e+04
1.679804554698312131e+04
1.139398746273132019e+04
1.139628474745445601e+04
1.140317659616093806e+04
1.141466299246208109e+04
1.143074390904362190e+04
1.145141930766567384e+04
1.147668913916236306e+04
1.150655334344214680e+04
1.154101184948813170e+04
1.158006457535702793e+04
1.162371142818046792e+04
1.167195230416391496e+04
1.172478708858748178e+04
1.178221565580524839e+04
1.184423786924567139e+04
1.191085358141149300e+04
1.198206263387987747e+04
1.205786485730204731e+04
1.213826007140351066e+04
1.222324808498433413e+04
1.231282869591850613e+04
1.240700169115443714e+04
1.250576684671491421e+04
1.260912392769691905e+04
1.271707268827167354e+04
1.282961287168468516e+04
1.294674421025583797e+04
1.306846642537921070e+04
1.319477922752312224e+04
1.332568231623026804e+04
1.346117538011749275e+04
1.360125809687606306e+04
1.374593013327157678e+04
1.389519114514378089e+04
1.404904077740638968e+04
1.420747866404790329e+04
1.437050442813106201e+04
1.453811768179275532e+04
1.471031802624402189e+04
1.488710505177014056e+04
1.506847833773108505e+04
1.525443745256061447e+04
1.544498195376727381e+04
1.564011138793339342e+04
1.583982529071572571e+04
1.604412318684553611e+04
1.625300459012833016e+04
1.646646900344330788e+04
1.668451591874481892e+04
1.690714481706081642e+04
1.146663782983496276e+04
1.146894969245113316e+04
1.147588527463376522e+04
1.148744455938567626e+04
1.150362751837819815e+04
1.152443411195117733e+04
1.154986428911292933e+04
1.157991798754023876e+04
1.161459513357863216e+04
1.165389564224196874e+04
1.169781941721262228e+04
1.174636635084157206e+04
1.179953632414826643e+04
1.185732920682075928e+04
1.191974485721552810e+04
1.198678312235756493e+04
1.205844383794060377e+04
1.213472682832643841e+04
1.221563190654583195e+04
1.230115887429788017e+04
1.239130752195028435e+04
1.248607762853912391e+04
1.258546896176908376e+04
1.268948127801331793e+04
1.279811432231358594e+04
1.291136782838025283e+04
1.302924151859197082e+04
1.315173510399599763e+04
1.327884828430815105e+04
1.341058074791289982e+04
1.354693217186277252e+04
1.368790222187944892e+04
1.383349055235275955e+04
1.398369680634104952e+04
1.413852061557136039e+04
1.429796160043879354e+04
1.446201937000778344e+04
1.463069352201046058e+04
1.480398364284828858e+04
1.498188930759033610e+04
1.516441007997482302e+04
1.535154551240839282e+04
1.554329514596611261e+04
1.573965851039147310e+04
1.594063512409684336e+04
1.614622449416283416e+04
1.635642611633847991e+04
1.657123947504160242e+04
1.679066404335844709e+04
1.701469928304359200e+04
1.153819712168010483e+04
1.154052334053740196e+04
1.154750199123418497e+04
1.155913305614426463e+04
1.157541650589100755e+04
1.159635229934701783e+04
1.162194038363440995e+04
1.165218069412439945e+04
1.168707315443766674e+04
1.172661767644399333e+04
1.177081416026285297e+04
1.181966249426272952e+04
1.187316255506166272e+04
1.193131420752688427e+04
1.199411730477490892e+04
1.206157168817176171e+04
1.213367718733270522e+04
1.221043362012219404e+04
1.229184079265423861e+04
1.237789849929199590e+04
1.246860652264804230e+04
1.256396463358428264e+04
1.266397259121199568e+04
1.276863014289160674e+04
1.287793702423300601e+04
1.299189295909527573e+04
1.311049765958723583e+04
1.323375082606644355e+04
1.336165214714028480e+04
1.349420129966520108e+04
1.363139794874705331e+04
1.377324174774057610e+04
1.391973233825101488e+04
1.407086935013167022e+04
1.422665240148580779e+04
1.438708109866593077e+04
1.455215503627359794e+04
1.472187379716024225e+04
1.489623695242626127e+04
1.507524406142147200e+04
1.525889467174465608e+04
1.544718831924456026e+04
1.564012452801880499e+04
1.583770281041461203e+04
1.603992266702825873e+04
1.624678358670553280e+04
1.645828504654155040e+04
1.667442651188075615e+04
1.689520743631655932e+04
1.712062726169233429e+04
1.160861917863785493e+04
1.161095952295740972e+04
1.161798054982409667e+04
1.162968224096252925e+04
1.164606456591359347e+04
1.166712748203426600e+04
1.169287093449829626e+04
1.172329485629543342e+04
1.175839916823197200e+04
1.179818377893025172e+04
1.184264858482938507e+04
1.189179347018443877e+04
1.194561830706697947e+04
1.200412295536489182e+04
1.206730726278251495e+04
1.213517106484023316e+04
1.220771418487515803e+04
1.228493643404040085e+04
1.236683761130552739e+04
1.245341750345651235e+04
1.254467588509564848e+04
1.264061251864145561e+04
1.274122715432899895e+04
1.284651953020934343e+04
1.295648937215028127e+04
1.307113639383569534e+04
1.319046029676592298e+04
1.331446077025748309e+04
1.344313749144339454e+04
1.357649012527308514e+04
1.371451832451202790e+04
1.385722172974228670e+04
1.400459996936224343e+04
1.415665265958632517e+04
1.431337940444582273e+04
1.447477979578779923e+04
1.464085341327609058e+04
1.481159982439075975e+04
1.498701858442800585e+04
1.516710923650061886e+04
1.535187131153752489e+04
1.554130432828424091e+04
1.573540779330232908e+04
1.593418120096994244e+04
1.613762403348137013e+04
1.634573576084731030e+04
1.655851584089496100e+04
1.677596371926756547e+04
1.699807882942495780e+04
1.722486059264319920e+04
1.167787296181932106e+04
1.168022719338127899e+04
1.168728988175139420e+04
1.169906100798370971e+04
1.171554054050111517e+04
1.173672843509571067e+04
1.176262463492876122e+04
1.179322907053087874e+04
1.182854165980165817e+04
1.186856230800999583e+04
1.191329090779390754e+04
1.196272733916061952e+04
1.201687146948652298e+04
1.207572315351731049e+04
1.213928223336761221e+04
1.220754853852140513e+04
1.228052188583187672e+04
1.235820207952128840e+04
1.244058891118115753e+04
1.252768215977216641e+04
1.261948159162407137e+04
1.271598696043606651e+04
1.281719800727623806e+04
1.292311446058206457e+04
1.303373603616005312e+04
1.314906243718605765e+04
1.326909335420496063e+04
1.339382846513080949e+04
1.352326743524708945e+04
1.365740991720622333e+04
1.379625555102975341e+04
1.393980396410861431e+04
1.408805477120295109e+04
1.424100757444175542e+04
1.439866196332359323e+04
1.456101751471605894e+04
1.472807379285568459e+04
1.489983034934857642e+04
1.507628672316986922e+04
1.525744244066390820e+04
1.544329701554397616e+04
1.563384994889283917e+04
1.582910072916229183e+04
1.602904883217343013e+04
1.623369372111656048e+04
1.644303484655092689e+04
1.665707164640507472e+04
1.687580354597685073e+04
1.709922995793303926e+04
1.732735028230990793e+04
1.174592622393934107e+04
1.174829409675380703e+04
1.175539770865098035e+04
1.176723703999191457e+04
1.178381205804548699e+04
1.180512271698776203e+04
1.183116895790253693e+04
1.186195070878075057e+04
1.189746788452125656e+04
1.193772038692982278e+04
1.198270810472035919e+04
1.203243091351387193e+04
1.208688867583869069e+04
1.214608124113105987e+04
1.221000844573432005e+04
1.227867011289949914e+04
1.235206605278503957e+04
1.243019606245693467e+04
1.251305992588859226e+04
1.260065741396078920e+04
1.269298828446203515e+04
1.279005228208811786e+04
1.289184913844242146e+04
1.299837857203565363e+04
1.310964028828620940e+04
1.322563397951980733e+04
1.334635932496985333e+04
1.347181599077684950e+04
1.360200362998912169e+04
1.373692188256236477e+04
1.387657037535973359e+04
1.402094872215175201e+04
1.417005652361685861e+04
1.432389336734049721e+04
1.448245882781548062e+04
1.464575246644290019e+04
1.481377383153048868e+04
1.498652245829380263e+04
1.516399786885585854e+04
1.534619957224722384e+04
1.553312706440592592e+04
1.572477982817708835e+04
1.592115733331393130e+04
1.612225903647668019e+04
1.632808438123347514e+04
1.653863279805946149e+04
1.675390370433760836e+04
1.697389650435807198e+04
1.719861058931883235e+04
1.742804533732514756e+04
1.181272717246479260e+04
1.181510842933098502e+04
1.182225219314514106e+04
1.183415844355340596e+04
1.185082714663312800e+04
1.187225825489222188e+04
1.189845170726966899e+04
1.192940742913524446e+04
1.196512533228965367e+04
1.200560531496430485e+04
1.205084726182176382e+04
1.210085104395511735e+04
1.215561651888879169e+04
1.221514353057746121e+04
1.227943190940723071e+04
1.234848147219481689e+04
1.242229202218786668e+04
1.250086334906472985e+04
1.258419522893500471e+04
1.267228742433871957e+04
1.276513968424724226e+04
1.286275174406223414e+04
1.296512332561669609e+04
1.307225413717446827e+04
1.318414387343004819e+04
1.330079221550886359e+04
1.342219883096731792e+04
1.354836337379256292e+04
1.367928548440277154e+04
1.381496478964663766e+04
1.395540090280428558e+04
1.410059342358636059e+04
1.425054193813421080e+04
1.440524601902052382e+04
1.456470522524850821e+04
1.472891910225216634e+04
1.489788718189684005e+04
1.507160898247821024e+04
1.525008400872320635e+04
1.543331175178946069e+04
1.562129168926549028e+04
1.581402328517060596e+04
1.601150598995518521e+04
1.621373924050030837e+04
1.642072246011812240e+04
1.663245505855129522e+04
1.684893643197383426e+04
1.707016596299017692e+04
1.729614302063573632e+04
1.752686696037708316e+04
1.187821653213454738e+04
1.188061090330747902e+04
1.188779400979565253e+04
1.189976583050761292e+04
1.191652633029075332e+04
1.193807545993172425e+04
1.196441315615588792e+04
1.199553934162768201e+04
1.203145392495066517e+04
1.207215680066724417e+04
1.211764784925894674e+04
1.216792693714601228e+04
1.222299391668807402e+04
1.228284862618356783e+04
1.234749088986982315e+04
1.241692051792329039e+04
1.249113730645944997e+04
1.257014103753258496e+04
1.265393147913628127e+04
1.274250838520279103e+04
1.283587149560357830e+04
1.293402053614904617e+04
1.303695521858849133e+04
1.314467524061037693e+04
1.325718028584205967e+04
1.337447002384997177e+04
1.349654411013925710e+04
1.362340218615445337e+04
1.375504387927885546e+04
1.389146880283487917e+04
1.403267655608387940e+04
1.417866672422587726e+04
1.432943887840074240e+04
1.448499257568628309e+04
1.464532735910006522e+04
1.481044275759841184e+04
1.498033828607658506e+04
1.515501344536878605e+04
1.533446772224851884e+04
1.551870058942786272e+04
1.570771150555819986e+04
1.590149991522985147e+04
1.610006524897198688e+04
1.630340692325289638e+04
1.651152434047990027e+04
1.672441688899916699e+04
1.694208394309607684e+04
1.716452486299476732e+04
1.739173899485840593e+04
1.762372567078946304e+04
1.194232748328049638e+04
1.194473468612804936e+04
1.195195628738656524e+04
1.196399226520311458e+04
1.198084258315666375e+04
1.200250719025730177e+04
1.202898602094664966e+04
1.206027899509808776e+04
1.209638601801602817e+04
1.213730698043686971e+04
1.218304175852817934e+04
1.223359021388914698e+04
1.228895219355044901e+04
1.234912752997411189e+04
1.241411604105387596e+04
1.248391753011474066e+04
1.255853178591332835e+04
1.263795858263779337e+04
1.272219767990768560e+04
1.281124882277399593e+04
1.290511174171947459e+04
1.300378615265790359e+04
1.310727175693505160e+04
1.321556824132781003e+04
1.332867527804482961e+04
1.344659252472592925e+04
1.356931962444268720e+04
1.369685620569807725e+04
1.382920188242669610e+04
1.396635625399430864e+04
1.410831890519866647e+04
1.425508940626832555e+04
1.440666731286401046e+04
1.456305216607752300e+04
1.472424349243219694e+04
1.489024080388317088e+04
1.506104359781675157e+04
1.523665135705059583e+04
1.541706354983452911e+04
1.560227962984881742e+04
1.579229903620616824e+04
1.598712119345054816e+04
1.618674551155700101e+04
1.639117138593255731e+04
1.660039819741532483e+04
1.681442531227539803e+04
1.703325208221385765e+04
1.725687784436331640e+04
1.748530192128846465e+04
1.771852362098461526e+04
1.200498277018009503e+04
1.200740250878425286e+04
1.201466171705078523e+04
1.202676037234182331e+04
1.204369843692711584e+04
1.206547585798475666e+04
1.209209256760077551e+04
1.212354848276913799e+04
1.215984350539179104e+04
1.220097752227879937e+04
1.224695040514820903e+04
1.229776201062586551e+04
1.235341218024577756e+04
1.241390074044998073e+04
1.247922750258849192e+04
1.254939226291912746e+04
1.262439480260804885e+04
1.270423488772908058e+04
1.278891226926443778e+04
1.287842668310381669e+04
1.297277785004530415e+04
1.307196547579487742e+04
1.317598925096649509e+04
1.328484885108223352e+04
1.339854393657187757e+04
1.351707415277351174e+04
1.364043912993302001e+04
1.376863848320444959e+04
1.390167181264978353e+04
1.403953870323884985e+04
1.418223872484968524e+04
1.432977143226826229e+04
1.448213636518858038e+04
1.463933304821230195e+04
1.480136099084975285e+04
1.496821968751883105e+04
1.513990861754527941e+04
1.531642724516323142e+04
1.549777501951466547e+04
1.568395137464922300e+04
1.587495572952511793e+04
1.607078748800822723e+04
1.627144603887263656e+04
1.647693075579991273e+04
1.668724099738046789e+04
1.690237610711183152e+04
1.712233541340001466e+04
1.734711822955932803e+04
1.757672385381110871e+04
1.781115156928581200e+04
1.206610759742534356e+04
1.206853956281624960e+04
1.207583545117286121e+04
1.208799523904749549e+04
1.210501888736052933e+04
1.212690634140053589e+04
1.215365753082419360e+04
1.218527236965646807e+04
1.222175075629033927e+04
1.226309257348689243e+04
1.230929768837563643e+04
1.236036595245391254e+04
1.241629720158757664e+04
1.247709125601027154e+04
1.254274792032406367e+04
1.261326698349903381e+04
1.268864821887354992e+04
1.276889138415408524e+04
1.285399622141517284e+04
1.294396245709963296e+04
1.303878980201843660e+04
1.313847795135052365e+04
1.324302658464330307e+04
1.335243536581210719e+04
1.346670394314041914e+04
1.358583194928014564e+04
1.370981900125107131e+04
1.383866470044131347e+04
1.397236863260677637e+04
1.411093036787224264e+04
1.425434946072991806e+04
1.440262545004052299e+04
1.455575785903311044e+04
1.471374619530452037e+04
1.487658995081965259e+04
1.504428860191210333e+04
1.521684160928343772e+04
1.539424841800300783e+04
1.557650845750868029e+04
1.576362114160647252e+04
1.595558586847037077e+04
1.615240202064278492e+04
1.635406896503391181e+04
1.656058605292273569e+04
1.677195261995539113e+04
1.698816798614716390e+04
1.720923145588112675e+04
1.743514231790841222e+04
1.766589984534821269e+04
1.790150329568841698e+04
1.212565514370999153e+04
1.212809901627715590e+04
1.213543062588441899e+04
1.214764994824904534e+04
1.216475694290011234e+04
1.218675155317814642e+04
1.221363370623535047e+04
1.224540331303555831e+04
1.228206026835400735e+04
1.232360445077770237e+04
1.237003572270514269e+04
1.242135393034641311e+04
1.247755890372341128e+04
1.253865045666925653e+04
1.260462838682883557e+04
1.267549247565880250e+04
1.275124248842726047e+04
1.283187817421367072e+04
1.291739926590958021e+04
1.300780548021762115e+04
1.310309651765242052e+04
1.320327206253987242e+04
1.330833178301786575e+04
1.341827533103542009e+04
1.353310234235341341e+04
1.365281243654435457e+04
1.377740521699206511e+04
1.390688027089227035e+04
1.404123716925223562e+04
1.418047546689076626e+04
1.432459470243802571e+04
1.447359439833626311e+04
1.462747406083881287e+04
1.478623318001100415e+04
1.494987122972943325e+04
1.511838766768269124e+04
1.529178193537045445e+04
1.547005345810439394e+04
1.565320164500762985e+04
1.584122588901482231e+04
1.603412556687235337e+04
1.623190003913805413e+04
1.643454865018129567e+04
1.664207072818344386e+04
1.685446558513704076e+04
1.707173251684635034e+04
1.729387080292726750e+04
1.752087970680704530e+04
1.775275847572511339e+04
1.798950634073180481e+04
1.218358994628056280e+04
1.218604539675579872e+04
1.219341173980046733e+04
1.220568895027145118e+04
1.222287698626350902e+04
1.224497578910941229e+04
1.227198528337967218e+04
1.230390537688294899e+04
1.234073596066559730e+04
1.238247690901202986e+04
1.242912807944471751e+04
1.248068931272355258e+04
1.253716043284684929e+04
1.259854124705061622e+04
1.266483154580873816e+04
1.273603110283320348e+04
1.281213967507369489e+04
1.289315700271795322e+04
1.297908280919159552e+04
1.306991680115825147e+04
1.316565866851929059e+04
1.326630808441400404e+04
1.337186470521983210e+04
1.348232817055195483e+04
1.359769810326333754e+04
1.371797410944527655e+04
1.384315577842644416e+04
1.397324268277379815e+04
1.410823437829221803e+04
1.424813040402450497e+04
1.439293028225092712e+04
1.454263351849031096e+04
1.469723960149904087e+04
1.485674800327151388e+04
1.502115817903986681e+04
1.519046956727434008e+04
1.536468158968318676e+04
1.554379365121221781e+04
1.572780514004571160e+04
1.591671542760532247e+04
1.611052386855080840e+04
1.630922980078003093e+04
1.651283254542840950e+04
1.672133140686946717e+04
1.693472567271483058e+04
1.715301461381377521e+04
1.737619748425368016e+04
1.760427352135957335e+04
1.783724194569476822e+04
1.807510196105977229e+04
1.223986768511986156e+04
1.224233437346142637e+04
1.224973442980940490e+04
1.226206782813392238e+04
1.227933452505199057e+04
1.230153445982714402e+04
1.232866755436975836e+04
1.236073371323705032e+04
1.239773282363285034e+04
1.243966475540778447e+04
1.248652936105927438e+04
1.253832647573144641e+04
1.259505591721517703e+04
1.265671748594822930e+04
1.272331096501488901e+04
1.279483612014632854e+04
1.287129269972051588e+04
1.295268043476212370e+04
1.303899903894248382e+04
1.313024820857981467e+04
1.322642762263903933e+04
1.332753694273178553e+04
1.343357581311647664e+04
1.354454386069837710e+04
1.366044069502931961e+04
1.378126590830797795e+04
1.390701907537986699e+04
1.403769975373706984e+04
1.417330748351860166e+04
1.431384178751022773e+04
1.445930217114419065e+04
1.460968812249984694e+04
1.476499911230284852e+04
1.492523459392650693e+04
1.509039400338961059e+04
1.526047675935869847e+04
1.543548226314660496e+04
1.561540989871318743e+04
1.580025903266487148e+04
1.599002901425474192e+04
1.618471917538299749e+04
1.638432883059604137e+04
1.658885727708739068e+04
1.679830379469740365e+04
1.701266764591327956e+04
1.723194807586824027e+04
1.745614431234307631e+04
1.768525556576496456e+04
1.791928102920783203e+04
1.815821987839262874e+04
1.229443003858964403e+04
1.229690761225469942e+04
1.230434032426883277e+04
1.231672814768867283e+04
1.233407103760846439e+04
1.235636893116034116e+04
1.238362174751405291e+04
1.241582938787719286e+04
1.245299173549487932e+04
1.249510865565030144e+04
1.254217999566399158e+04
1.259420558489464383e+04
1.265118523473820460e+04
1.271311873862873654e+04
1.278000587203796385e+04
1.285184639247513587e+04
1.292864003948739082e+04
1.301038653465961943e+04
1.309708558161451037e+04
1.318873686601227746e+04
1.328534005555093245e+04
1.338689479996633054e+04
1.349340073103212490e+04
1.360485746255926642e+04
1.372126459039709516e+04
1.384262169243211247e+04
1.396892832858866313e+04
1.410018404082911729e+04
1.423638835315341566e+04
1.437754077159906956e+04
1.452364078424161562e+04
1.467468786119397919e+04
1.483068145460738378e+04
1.499162099866989593e+04
1.515750590960806221e+04
1.532833558568590888e+04
1.550410940720539656e+04
1.568482673650587458e+04
1.587048691796471758e+04
1.606108927799659796e+04
1.625663312505448630e+04
1.645711774962883283e+04
1.666254242424765835e+04
1.687290640347709996e+04
1.708820892392050155e+04
1.730844920421941424e+04
1.753362644505305070e+04
1.776373982913783038e+04
1.799878852122883472e+04
1.823877166811817006e+04
1.234721459293400585e+04
1.234970268656047665e+04
1.235716695814548984e+04
1.236960737980448357e+04
1.238702390506387019e+04
1.240941646886026319e+04
1.243678498754093198e+04
1.246912935886366540e+04
1.250644946199645346e+04
1.254874515751821491e+04
1.259601628741802415e+04
1.264826267509561148e+04
1.270548412536104479e+04
1.276768042443509330e+04
1.283485133994886382e+04
1.290699662094402811e+04
1.298411599787268642e+04
1.306620918259759492e+04
1.315327586839171090e+04
1.324531572993873851e+04
1.334232842333285589e+04
1.344431358607848779e+04
1.355127083709094222e+04
1.366319977669554646e+04
1.378009998662873841e+04
1.390197103003683878e+04
1.402881245147691516e+04
1.416062377691650909e+04
1.429740451373381802e+04
1.443915415071733150e+04
1.458587215806610402e+04
1.473755798738948215e+04
1.489421107170783216e+04
1.505583082545135767e+04
1.522241664446110008e+04
1.539396790598875668e+04
1.557048396869622593e+04
1.575196417265588025e+04
1.593840783935074796e+04
1.612981427167442234e+04
1.632618275393069780e+04
1.652751255183411558e+04
1.673380291250969094e+04
1.694505306449273121e+04
1.716126221772919962e+04
1.738242956357571529e+04
1.760855427479873470e+04
1.783963550557609778e+04
1.807567239149557281e+04
1.831666404955549297e+04
1.239813980366170654e+04
1.240063803801799622e+04
1.240813273146923166e+04
1.242062385516223912e+04
1.243811136100885051e+04
1.246059518168544855e+04
1.248807523063314875e+04
1.252055140205752650e+04
1.255802357092911734e+04
1.260049159298296217e+04
1.264795530471874372e+04
1.270041452340096839e+04
1.275786904705887537e+04
1.282031865448611825e+04
1.288776310524112887e+04
1.296020213964716277e+04
1.303763547879211728e+04
1.312006282452834967e+04
1.320748385947308634e+04
1.329989824700828649e+04
1.339730563128036920e+04
1.349970563720071368e+04
1.360709787044506811e+04
1.371948191745414078e+04
1.383685734543305443e+04
1.395922370235175549e+04
1.408658051694501410e+04
1.421892729871196934e+04
1.435626353791658403e+04
1.449858870558773560e+04
1.464590225351848858e+04
1.479820361426691306e+04
1.495549220115572098e+04
1.511776740827235699e+04
1.528502861046854377e+04
1.545727516336155531e+04
1.563450640333221600e+04
1.581672164752690151e+04
1.600392019385626554e+04
1.619610132099596740e+04
1.639326428838576248e+04
1.659540833623059370e+04
1.680253268549995482e+04
1.701463653792807236e+04
1.723171907601345083e+04
1.745377946301987322e+04
1.768081684297549145e+04
1.791283034067300832e+04
1.814981906167013221e+04
1.839178209228884953e+04
1.244711586211901704e+04
1.244962384366940569e+04
1.245714777837029033e+04
1.246968763637173652e+04
1.248724336792356553e+04
1.250981490337549076e+04
1.253740215317743605e+04
1.257000500787889905e+04
1.260762333812958786e+04
1.265025699467901177e+04
1.269790580837675407e+04
1.275056959017219924e+04
1.280824813111476033e+04
1.287094120235374248e+04
1.293864855513847942e+04
1.301136992081810604e+04
1.308910501084183124e+04
1.317185351675875609e+04
1.325961511021787373e+04
1.335238944296820591e+04
1.345017614685866647e+04
1.355297483383810686e+04
1.366078509595536161e+04
1.377360650535911191e+04
1.389143861429811295e+04
1.401428095512092113e+04
1.414213304027634877e+04
1.427499436231255459e+04
1.441286439387822611e+04
1.455574258772167013e+04
1.470362837669135843e+04
1.485652117373547298e+04
1.501442037190217889e+04
1.517732534433971523e+04
1.534523544429621325e+04
1.551815000511978724e+04
1.569606834025826174e+04
1.587898974325953532e+04
1.606691348777158055e+04
1.625983882754235310e+04
1.645776499641942792e+04
1.666069120835054491e+04
1.686861665738333613e+04
1.708154051766532575e+04
1.729946194344429387e+04
1.752238006906745795e+04
1.775029400898238237e+04
1.798320285773615979e+04
1.822110568997641167e+04
1.846400156045019685e+04
1.249407537826773478e+04
1.249659270079619091e+04
1.250414465808971727e+04
1.251673121927206012e+04
1.253435233288309973e+04
1.255700792687853209e+04
1.258469790863014168e+04
1.261742216492539228e+04
1.265518056196801808e+04
1.269797294537729613e+04
1.274579914018863747e+04
1.279865895085345073e+04
1.285655216123891478e+04
1.291947853462811509e+04
1.298743781372036210e+04
1.306042972063046363e+04
1.313845395688954341e+04
1.322151020344444987e+04
1.330959812065793813e+04
1.340271734830880632e+04
1.350086750559166830e+04
1.360404819111718098e+04
1.371225898291186240e+04
1.382549943841813729e+04
1.394376909449438244e+04
1.406706746741492680e+04
1.419539405286986948e+04
1.432874832596571650e+04
1.446712974122419837e+04
1.461053773258363435e+04
1.475897171339765919e+04
1.491243107643640542e+04
1.507091519388559391e+04
1.523442341734698857e+04
1.540295507783812354e+04
1.557650948579266696e+04
1.575508593106033004e+04
1.593868368290613944e+04
1.612730199001207438e+04
1.632094008047479292e+04
1.651959716180781470e+04
1.672327242094042958e+04
1.693196502421742480e+04
1.714567411740017633e+04
1.736439882566519373e+04
1.758813825360566625e+04
1.781689148523037147e+04
1.805065758396394813e+04
1.828943559264698706e+04
1.853322453353630408e+04
1.253898680645634158e+04
1.254151305364725886e+04
1.254909178457601229e+04
1.256172296731097049e+04
1.257940654863291456e+04
1.260214245403467430e+04
1.262993058772149197e+04
1.266277083261097687e+04
1.270066305033265053e+04
1.274360708122867436e+04
1.279160274435339488e+04
1.284464983747320730e+04
1.290274813706705572e+04
1.296589739832597843e+04
1.303409735515333523e+04
1.310734772016480747e+04
1.318564818468817066e+04
1.326899841876370374e+04
1.335739807114377982e+04
1.345084676929327543e+04
1.354934411938893390e+04
1.365288970632018390e+04
1.376148309368827540e+04
1.387512382380737108e+04
1.399381141770318209e+04
1.411754537511424132e+04
1.424632517449099396e+04
1.438015027299643407e+04
1.451902010650564989e+04
1.466293408960591478e+04
1.481189161559696004e+04
1.496589205649088399e+04
1.512493476301160626e+04
1.528901906459568636e+04
1.545814426939205077e+04
1.563230966426162922e+04
1.581151451477744558e+04
1.599575806522534549e+04
1.618503953860308684e+04
1.637935813662061264e+04
1.657871303970059671e+04
1.678310340697726133e+04
1.699252837629765054e+04
1.720698706422108444e+04
1.742647856601870444e+04
1.765100195567438277e+04
1.788055628588408581e+04
1.811514058805614695e+04
1.835475387231081186e+04
1.859939512748105699e+04
1.258182100653343696e+04
1.258435575233675081e+04
1.259195997874089699e+04
1.260463365272880765e+04
1.262237671927205156e+04
1.264518910133056124e+04
1.267307069985317867e+04
1.270602139377710955e+04
1.274404104002824170e+04
1.278712947352109950e+04
1.283528650715870754e+04
1.288851193183281794e+04
1.294680551642368300e+04
1.301016700780010069e+04
1.307859613081959651e+04
1.315209258832824162e+04
1.323065606116069830e+04
1.331428620814021997e+04
1.340298266607878759e+04
1.349674504977660945e+04
1.359557295202298519e+04
1.369946594359544179e+04
1.380842357326018828e+04
1.392244536777225221e+04
1.404153083187493394e+04
1.416567944830021588e+04
1.429489067776894444e+04
1.442916395899037525e+04
1.456849870866208221e+04
1.471289432147059415e+04
1.486235017009103103e+04
1.501686560518719489e+04
1.517643995541093318e+04
1.534107252740332115e+04
1.551076260579366135e+04
1.568550945320002938e+04
1.586531231022900101e+04
1.605017039547592503e+04
1.624008290552455946e+04
1.643504901494707156e+04
1.663506787630485633e+04
1.684013862014735423e+04
1.705026035501268780e+04
1.726543216742793447e+04
1.748565312190812620e+04
1.771092226095734077e+04
1.794123860506851997e+04
1.817660115272246912e+04
1.841700888038913035e+04
1.866246074252685503e+04
1.262252840081264367e+04
1.262507120873574422e+04
1.263269962112754001e+04
1.264541360385464941e+04
1.266321310002863356e+04
1.268609803000540523e+04
1.271406829138541070e+04
1.274712375901362975e+04
1.278526428497984853e+04
1.282848969861802289e+04
1.287679980650700600e+04
1.293019439246991169e+04
1.298867321757466016e+04
1.305223602013370510e+04
1.312088251570376087e+04
1.319461239708653011e+04
1.327342533432783966e+04
1.335732097471845918e+04
1.344629894279337350e+04
1.354035884033232833e+04
1.363950024635955742e+04
1.374372271714400995e+04
1.385302578619885026e+04
1.396740896428200358e+04
1.408687173939606510e+04
1.421141357678798158e+04
1.434103391894923334e+04
1.447573218561601607e+04
1.461550777376914994e+04
1.476036005763362482e+04
1.491028838867950981e+04
1.506529209562077085e+04
1.522537048441672596e+04
1.539052283827031715e+04
1.556074841763002041e+04
1.573604646018820858e+04
1.591641618088206087e+04
1.610185677189301714e+04
1.629236740264759646e+04
1.648794721981630573e+04
1.668859534731454914e+04
1.689431088630235536e+04
1.710509291518410464e+04
1.732094048960871078e+04
1.754185264246971201e+04
1.776782838390518009e+04
1.799886670129781123e+04
1.823496655927483516e+04
1.847612689970801512e+04
1.872234664171346594e+04
1.266105162639728405e+04
1.266360204937436720e+04
1.267125330654544086e+04
1.268400536263011418e+04
1.270185815882805400e+04
1.272481161281839377e+04
1.275286561876005180e+04
1.278602004729200416e+04
1.282427474553269349e+04
1.286762953708052919e+04
1.291608422201370558e+04
1.296963857689020188e+04
1.302829235474769121e+04
1.309204528510363161e+04
1.316089707395540245e+04
1.323484740377998605e+04
1.331389593353428609e+04
1.339804229865494563e+04
1.348728611105830169e+04
1.358162695914065807e+04
1.368106440777810349e+04
1.378559799832610224e+04
1.389522724862044925e+04
1.400995165297626954e+04
1.412977068218888235e+04
1.425468378353325534e+04
1.438469038076382276e+04
1.451978987411503113e+04
1.465998164030133921e+04
1.480526503251685426e+04
1.495563938043515009e+04
1.511110399020981276e+04
1.527165814447444063e+04
1.543730110234191670e+04
1.560803209940559100e+04
1.578385034773782536e+04
1.596475503589126674e+04
1.615074532889830152e+04
1.634182036827078264e+04
1.653797927200075719e+04
1.673922113455982981e+04
1.694554502689925357e+04
1.715694999645065764e+04
1.737343506712459202e+04
1.759499923931216472e+04
1.782164148988367742e+04
1.805336077218953506e+04
1.829015601605997290e+04
1.853202612780487470e+04
1.877896999021395459e+04
1.269731919594892133e+04
1.269987677389299279e+04
1.270754949557217515e+04
1.272033732452746335e+04
1.273824019999369739e+04
1.276125803689969871e+04
1.278939072586840666e+04
1.282263813321656016e+04
1.286100010095497055e+04
1.290447644678833967e+04
1.295306696411530538e+04
1.300677142202853247e+04
1.306558956531462172e+04
1.312952111445415539e+04
1.319856576562169721e+04
1.327272319068570141e+04
1.335199303720860371e+04
1.343637492844677581e+04
1.352586846335079827e+04
1.362047321656486929e+04
1.372018873842744142e+04
1.382501455497049392e+04
1.393495016792048773e+04
1.404999505469759242e+04
1.417014866841600451e+04
1.429541043788367460e+04
1.442577976760285310e+04
1.456125603776954449e+04
1.470183860427378022e+04
1.484752679869934582e+04
1.499831992832450851e+04
1.515421727612083487e+04
1.531521810075437315e+04
1.548132163658492573e+04
1.565252709366623094e+04
1.582883365774614504e+04
1.601024049026636931e+04
1.619674672836235914e+04
1.638835148486386970e+04
1.658505384829459217e+04
1.678685288287188087e+04
1.699374762850748084e+04
1.720573710080689125e+04
1.742282029106936534e+04
1.764499616628845615e+04
1.787226366915147082e+04
1.810462171803974343e+04
1.834206920702863499e+04
1.858460500588744253e+04
1.883222796007921715e+04
1.273123648838723057e+04
1.273380074410497400e+04
1.274149349870153856e+04
1.275431471450715435e+04
1.277226432873890190e+04
1.279534225350066663e+04
1.282354837578313891e+04
1.285688255746376853e+04
1.289534463530699213e+04
1.293893442096386934e+04
1.298765170097235568e+04
1.304149623675739349e+04
1.310046776463054812e+04
1.316456599579014437e+04
1.323379061632153935e+04
1.330814128719671317e+04
1.338761764427481467e+04
1.347221929830111549e+04
1.356194583490864716e+04
1.365679681461651853e+04
1.375677177283096171e+04
1.386187021984487728e+04
1.397209164083833457e+04
1.408743549587779853e+04
1.420790121991658452e+04
1.433348822279522210e+04
1.446419588924072741e+04
1.460002357886705795e+04
1.474097062617502161e+04
1.488703634055200382e+04
1.503822000627260422e+04
1.519452088249781809e+04
1.535593820327585490e+04
1.552247117754150167e+04
1.569411898911630487e+04
1.587088079670902516e+04
1.605275573391472790e+04
1.623974290921560168e+04
1.643184140598068552e+04
1.662905028246568691e+04
1.683136857181316373e+04
1.703879528205279712e+04
1.725132939610039102e+04
1.746896987175932736e+04
1.769171564171929276e+04
1.791956561355709709e+04
1.815251866973621873e+04
1.839057366760707737e+04
1.863372943940676123e+04
1.888198479225920892e+04
1.276271037748533672e+04
1.276528081668407140e+04
1.277299212130960768e+04
1.278584425244876002e+04
1.280383714524714378e+04
1.282697070890776558e+04
1.285524482669229656e+04
1.288865935592016285e+04
1.292721412796895493e+04
1.297090894827451848e+04
1.301974359633068161e+04
1.307371782568925482e+04
1.313283136396030386e+04
1.319708391281196782e+04
1.326647514797055010e+04
1.334100471922015458e+04
1.342067225040336780e+04
1.350547733942057675e+04
1.359541955823056014e+04
1.369049845284976072e+04
1.379071354335337674e+04
1.389606432387390669e+04
1.400655026260246814e+04
1.412217080178825199e+04
1.424292535773829513e+04
1.436881332081802611e+04
1.449983405545081041e+04
1.463598690011795043e+04
1.477727116735932213e+04
1.492368614377237463e+04
1.507523109001303965e+04
1.523190524079509487e+04
1.539370780489034587e+04
1.556063796512898989e+04
1.573269487839934300e+04
1.590987767564765818e+04
1.609218546187803440e+04
1.627961731615314420e+04
1.647217229159350609e+04
1.666984941537775740e+04
1.687264768874247238e+04
1.708056608698270793e+04
1.729360355945136689e+04
1.751175902955938000e+04
1.773503139477606965e+04
1.796341952662851327e+04
1.819692227070208901e+04
1.843553844664020289e+04
1.867926684814447071e+04
1.892810624297435425e+04
1.279168154427784430e+04
1.279425765909968504e+04
1.280198599016907792e+04
1.281486649729718010e+04
1.283289911350279908e+04
1.285608374501239268e+04
1.288442027125965978e+04
1.291790854488590412e+04
1.295654839174017070e+04
1.300033961087874559e+04
1.304928197456565613e+04
1.310337522827212524e+04
1.316261909067734450e+04
1.322701325366756464e+04
1.329655738233705051e+04
1.337125111498698971e+04
1.345109406312676583e+04
1.353608581147250334e+04
1.362622591794865912e+04
1.372151391368665827e+04
1.382194930302557623e+04
1.392753156351209327e+04
1.403826014590040359e+04
1.415413447415203336e+04
1.427515394543634102e+04
1.440131793012997150e+04
1.453262577181694724e+04
1.466907678728930478e+04
1.481067026654618530e+04
1.495740547279428938e+04
1.510928164244824075e+04
1.526629798512940397e+04
1.542845368366724870e+04
1.559574789409898585e+04
1.576817974566865814e+04
1.594574834082804955e+04
1.612845275523695818e+04
1.631629203776219583e+04
1.650926521047804272e+04
1.670737126866642939e+04
1.691060918081720956e+04
1.711897788862715970e+04
1.733247630700070658e+04
1.755110332405020017e+04
1.777485780109500411e+04
1.800373857266222331e+04
1.823774444648670396e+04
1.847687420351012406e+04
1.872112659788253950e+04
1.897050035696092891e+04
1.281810663831688544e+04
1.282068790904791058e+04
1.282843170740852656e+04
1.284133799190076388e+04
1.285940669336182509e+04
1.288263771496358459e+04
1.291103093221254312e+04
1.294458619295037352e+04
1.298330331735319305e+04
1.302718209793224560e+04
1.307622229953340138e+04
1.313042365933747533e+04
1.318978588685999966e+04
1.325430866395122393e+04
1.332399164479652427e+04
1.339883445591585769e+04
1.347883669616398947e+04
1.356399793673058412e+04
1.365431772114006890e+04
1.374979556525177031e+04
1.385043095725977764e+04
1.395622335769303390e+04
1.406717219941501753e+04
1.418327688762446996e+04
1.430453679985475901e+04
1.443095128597387884e+04
1.456251966818499568e+04
1.469924124102562928e+04
1.484111527136874429e+04
1.498814099842147698e+04
1.514031763372622663e+04
1.529764436115992794e+04
1.546012033693441481e+04
1.562774468959660226e+04
1.580051652002784977e+04
1.597843490144450698e+04
1.616149887939754990e+04
1.634970747177321755e+04
1.654305966879182961e+04
1.674155443300942352e+04
1.694519069931611739e+04
1.715396737493729233e+04
1.736788333943268299e+04
1.758693744469746889e+04
1.781112851496100120e+04
1.804045534678807599e+04
1.827491670907766093e+04
1.851451134306398671e+04
1.875923796231591041e+04
1.900909525273737017e+04
1.284194188140427286e+04
1.284452777801925549e+04
1.285228545358386327e+04
1.286521486525793989e+04
1.288331594164055787e+04
1.290658858277074614e+04
1.293503266012712629e+04
1.296864801662827631e+04
1.300743446663204850e+04
1.305139179593638801e+04
1.310051976177887809e+04
1.315481809283669463e+04
1.321428648922660614e+04
1.327892462250547396e+04
1.334873213566961567e+04
1.342370864315494146e+04
1.350385373083731793e+04
1.358916695603220433e+04
1.367964784749487990e+04
1.377529590542008009e+04
1.387611060144254225e+04
1.398209137863650540e+04
1.409323765151575572e+04
1.420954880603449055e+04
1.433102419958559040e+04
1.445766316100280164e+04
1.458946499055837194e+04
1.472642895996532388e+04
1.486855431237563607e+04
1.501584026238142542e+04
1.516828599601431051e+04
1.532589067074559352e+04
1.548865341548653305e+04
1.565657333058770746e+04
1.582964948783992440e+04
1.600788093047312941e+04
1.619126667315740633e+04
1.637980570200234069e+04
1.657349697455720161e+04
1.677233941981112366e+04
1.697633193819292501e+04
1.718547340157083454e+04
1.739976265325331042e+04
1.761919850798794869e+04
1.784377975196257466e+04
1.807350514280451534e+04
1.830837340958050845e+04
1.854838325279743003e+04
1.879353334440165781e+04
1.904382232777934405e+04
1.286314091572148754e+04
1.286573090025467536e+04
1.287350083911533147e+04
1.288645068808618817e+04
1.290458037347202662e+04
1.292788979209949503e+04
1.295637881131719951e+04
1.299004726899552224e+04
1.302889497352693979e+04
1.307292170382565928e+04
1.312212720932784578e+04
1.317651120999153136e+04
1.323607339629679700e+04
1.330081342924545424e+04
1.337073094036127259e+04
1.344582553168988852e+04
1.352609677579898744e+04
1.361154421577793983e+04
1.370216736523825602e+04
1.379796570831322242e+04
1.389893869965799240e+04
1.400508576444944993e+04
1.411640629838702807e+04
1.423289966769116290e+04
1.435456520910502149e+04
1.448140222989295580e+04
1.461341000784195785e+04
1.475058779126038644e+04
1.489293479897833095e+04
1.504045022034852082e+04
1.519313321524523417e+04
1.535098291406420685e+04
1.551399841772372383e+04
1.568217879766334590e+04
1.585552309584545583e+04
1.603403032475325745e+04
1.621769946739277657e+04
1.640652947729140578e+04
1.660051927849835920e+04
1.679966776558530910e+04
1.700397380364520359e+04
1.721343622829335800e+04
1.742805384566681823e+04
1.764782543242454267e+04
1.787274973574722026e+04
1.810282547333763432e+04
1.833805133342048066e+04
1.857842597474245849e+04
1.882394802657172477e+04
1.907461608869889460e+04
1.288165541223161199e+04
1.288424893862152203e+04
1.289202950258140845e+04
1.290499705848324083e+04
1.292315153027966517e+04
1.294649281150477691e+04
1.297502076527357531e+04
1.300873522428214528e+04
1.304763599080793028e+04
1.309172283670927754e+04
1.314099550342575640e+04
1.319545370197820375e+04
1.325509711296822388e+04
1.331992538657882506e+04
1.338993814257414670e+04
1.346513497029927748e+04
1.354551542868057368e+04
1.363107904622547721e+04
1.372182532102256118e+04
1.381775372074143888e+04
1.391886368263294571e+04
1.402515461352913917e+04
1.413662588984298054e+04
1.425327685756856226e+04
1.437510683228128983e+04
1.450211509913779082e+04
1.463430091287527830e+04
1.477166349781264216e+04
1.491420204784963062e+04
1.506191572646730492e+04
1.521480366672758464e+04
1.537286497127361145e+04
1.553609871232974911e+04
1.570450393170158350e+04
1.587807964077555880e+04
1.605682482051925035e+04
1.624073842148163749e+04
1.642981936379264880e+04
1.662406653716316214e+04
1.682347880088564125e+04
1.702805498383322629e+04
1.723779388446018856e+04
1.745269427080247624e+04
1.767275488047644103e+04
1.789797442068011151e+04
1.812835156819228359e+04
1.836388496937315722e+04
1.860457324016369967e+04
1.885041496608664602e+04
1.910140870224486207e+04
1.289740854278043116e+04
1.290000505012967551e+04
1.290779455648630574e+04
1.292077701477583105e+04
1.293895234654146407e+04
1.296232044194334776e+04
1.299088115975882829e+04
1.302463432738245501e+04
1.306357974082634428e+04
1.310771716471913351e+04
1.315704633230725449e+04
1.321156694545406936e+04
1.327127867464014344e+04
1.333618115896329073e+04
1.340627400613861937e+04
1.348155679249816785e+04
1.356202906299154165e+04
1.364769033118527659e+04
1.373854007926311169e+04
1.383457775802617107e+04
1.393580278689269107e+04
1.404221455389788389e+04
1.415381241569457416e+04
1.427059569755256234e+04
1.439256369335880663e+04
1.451971566561760483e+04
1.465205084545013960e+04
1.478956843259556990e+04
1.493226759540921194e+04
1.508014747086426723e+04
1.523320716455091315e+04
1.539144575067657570e+04
1.555486227206602052e+04
1.572345574016098908e+04
1.589722513502047150e+04
1.607616940532070657e+04
1.626028746835527272e+04
1.644957821003454228e+04
1.664404048488668195e+04
1.684367311605637951e+04
1.704847489530611711e+04
1.725844458301526174e+04
1.747358090818042911e+04
1.769388256841548355e+04
1.791934822995135619e+04
1.814997652763649967e+04
1.838576606493625150e+04
1.862671541393310690e+04
1.887282311532735548e+04
1.912408767843553505e+04
1.291031081596120202e+04
1.291290972555125336e+04
1.292070643813667630e+04
1.293370090516241362e+04
1.295189304570344575e+04
1.297528274646483624e+04
1.300386986178168627e+04
1.303765421361913468e+04
1.307663559157213058e+04
1.312081375286588809e+04
1.317018842235543161e+04
1.322475929252595961e+04
1.328452602349261724e+04
1.334948824300058732e+04
1.341964554642495386e+04
1.349499749677092950e+04
1.357554362467371902e+04
1.366128342839865581e+04
1.375221637384083806e+04
1.384834189452558348e+04
1.394965939160811104e+04
1.405616823387372278e+04
1.416786775773762201e+04
1.428475726724509514e+04
1.440683603407160263e+04
1.453410329752241523e+04
1.466655826453279587e+04
1.480420010966827249e+04
1.494702797512409234e+04
1.509504097072558579e+04
1.524823817392807541e+04
1.540661862981733066e+04
1.557018135110847652e+04
1.573892531814708491e+04
1.591284947890853800e+04
1.609195274899821015e+04
1.627623401165183168e+04
1.646569211773457937e+04
1.666032588574234978e+04
1.686013410180030405e+04
1.706511551966423212e+04
1.727526886071946137e+04
1.749059281398176608e+04
1.771108603609663987e+04
1.793674715133956852e+04
1.816757475161639377e+04
1.840356739646258575e+04
1.864472361304378865e+04
1.889104189615554787e+04
1.914252070822376481e+04
1.292028742517691171e+04
1.292288814260396066e+04
1.293069027819474286e+04
1.294369378187839175e+04
1.296189857020367526e+04
1.298530452633863206e+04
1.301391150007079887e+04
1.304771930780711955e+04
1.308672773257403605e+04
1.313093652401748841e+04
1.318034539840286925e+04
1.323495403861484192e+04
1.329476209415784069e+04
1.335976918115538865e+04
1.342997488235073433e+04
1.350537874710653341e+04
1.358598029140475774e+04
1.367177899784705914e+04
1.376277431565431471e+04
1.385896566066703599e+04
1.396035241534500528e+04
1.406693392876750295e+04
1.417870951663344385e+04
1.429567846126110453e+04
1.441784001158794126e+04
1.454519338317122674e+04
1.467773775818768627e+04
1.481547228543322490e+04
1.495839608032329124e+04
1.510650822489296843e+04
1.525980776779670123e+04
1.541829372430820513e+04
1.558196507632083012e+04
1.575082077234737881e+04
1.592485972752010639e+04
1.610408082359053878e+04
1.628848290893001831e+04
1.647806479852888515e+04
1.667282527399729588e+04
1.687276308356476875e+04
1.707787694208018365e+04
1.728816553101187310e+04
1.750362749844798600e+04
1.772426145909539628e+04
1.795006599428097616e+04
1.818103965195105047e+04
1.841718094667121477e+04
1.865848835962651719e+04
1.890496033862173135e+04
1.915659529808044681e+04
1.292728960477629698e+04
1.292989152376017046e+04
1.293769726350460587e+04
1.295070677238759345e+04
1.296891996437266243e+04
1.299233671900865374e+04
1.302095688142999279e+04
1.305478026235618927e+04
1.309380663809247380e+04
1.313803575052920678e+04
1.318746730714237856e+04
1.324210098099315474e+04
1.330193641072823993e+04
1.336697320057974139e+04
1.343721092036507798e+04
1.351264910548707121e+04
1.359328725693394517e+04
1.367912484127959942e+04
1.377016129068274495e+04
1.386639600288808651e+04
1.396782834122532222e+04
1.407445763460973467e+04
1.418628317754200907e+04
1.430330423010818777e+04
1.442552001797957928e+04
1.455292973241303116e+04
1.468553253025102094e+04
1.482332753392074665e+04
1.496631383143558196e+04
1.511449047639389391e+04
1.526785648797922477e+04
1.542641085096111055e+04
1.559015251569389875e+04
1.575908039811774870e+04
1.593319337975817689e+04
1.611249030772560218e+04
1.629696999471652816e+04
1.648663121901263366e+04
1.668147272448059084e+04
1.688149322057288373e+04
1.708669138232744444e+04
1.729706585036747128e+04
1.751261523090124683e+04
1.773333809572295650e+04
1.795923298221196092e+04
1.819029839333288692e+04
1.842653279763608225e+04
1.866793462925706990e+04
1.891450228791672998e+04
1.916623413892148164e+04
1.293127578987309789e+04
1.293387829389885155e+04
1.294168578823987446e+04
1.295469821968777069e+04
1.297291549956194103e+04
1.299633750370940106e+04
1.302496407250500852e+04
1.305879501085128140e+04
1.309783008817853442e+04
1.314206903844474255e+04
1.319151156013558648e+04
1.324615731626463457e+04
1.330600593437306998e+04
1.337105700652991800e+04
1.344131008933168232e+04
1.351676470390293616e+04
1.359742033589573111e+04
1.368327643549018831e+04
1.377433241739354344e+04
1.387058766084164745e+04
1.397204150959714752e+04
1.407869327195094229e+04
1.419054222072181801e+04
1.430758759325590290e+04
1.442982859142730376e+04
1.455726438163774219e+04
1.468989409481673647e+04
1.482771682642160158e+04
1.497073163643717635e+04
1.511893754937627818e+04
1.527233355427906645e+04
1.543091860471422478e+04
1.559469161877732404e+04
1.576365147909200459e+04
1.593779703280970352e+04
1.611712709160956365e+04
1.630164043169843353e+04
1.649133579381077652e+04
1.668621188320930742e+04
1.688626736968353725e+04
1.709150088755159231e+04
1.730191103565875892e+04
1.751749637737866578e+04
1.773825544061210167e+04
1.796418671778765201e+04
1.819528866586197182e+04
1.843155970631905802e+04
1.867299822517124994e+04
1.891960257295768315e+04
1.917137106474619941e+04
1.293221891523826343e+04
1.293482138393042078e+04
1.294262877173018751e+04
1.295564102380685654e+04
1.297385804877617375e+04
1.299727971870001966e+04
1.302590586908663681e+04
1.305973629889067524e+04
1.309877077051282868e+04
1.314300900980006190e+04
1.319245070604565626e+04
1.324709551198943700e+04
1.330694304381722759e+04
1.337199288116098614e+04
1.344224456709930564e+04
1.351769760815686823e+04
1.359835147430449069e+04
1.368420559895962469e+04
1.377525937898558368e+04
1.387151217469236144e+04
1.397296330983581356e+04
1.407961207161843049e+04
1.419145771068879185e+04
1.430849944114170285e+04
1.443073644051837618e+04
1.455816784980615921e+04
1.469079277343889771e+04
1.482861027929657212e+04
1.497161939870511560e+04
1.511981912643741452e+04
1.527320842071212610e+04
1.543178620319440597e+04
1.559555135899536253e+04
1.576450273667296642e+04
1.593863914823086816e+04
1.611795936911930767e+04
1.630246213823447761e+04
1.649214615791952383e+04
1.668701009396318113e+04
1.688705257560068276e+04
1.709227219551366943e+04
1.730266750982982558e+04
1.751823703812333406e+04
1.773897926341460334e+04
1.796489263217008556e+04
1.819597555430282227e+04
1.843222640317189871e+04
1.867364351558280759e+04
1.892022519178726725e+04
1.917196969548313064e+04
1.293010166390877203e+04
1.293270347672569187e+04
1.294050889634704617e+04
1.295351786628393711e+04
1.297173029238829258e+04
1.299514604285300265e+04
1.302376494821164670e+04
1.305758680133844791e+04
1.309661135744868261e+04
1.314083833409840736e+04
1.319026741118418613e+04
1.324489823094359053e+04
1.330473039795506338e+04
1.336976347913773679e+04
1.343999700375138673e+04
1.351543046339693319e+04
1.359606331201571265e+04
1.368189496589025111e+04
1.377292480364344556e+04
1.386915216623938250e+04
1.397057635698265585e+04
1.407719664151882171e+04
1.418901224783403450e+04
1.430602236625536534e+04
1.442822614945089299e+04
1.455562271242924908e+04
1.468821113253970907e+04
1.482599044947264701e+04
1.496895966525935364e+04
1.511711774427121782e+04
1.527046361322099983e+04
1.542899616116246762e+04
1.559271423948948723e+04
1.576161666193720521e+04
1.593570220458159383e+04
1.611496960583899636e+04
1.629941756646703652e+04
1.648904474956370905e+04
1.668384978056838008e+04
1.688383124726042297e+04
1.708898769976058247e+04
1.729931765053015624e+04
1.751481957437163146e+04
1.773549190842768439e+04
1.796133305218227179e+04
1.819234136745972137e+04
1.842851517842555040e+04
1.866985277158582903e+04
1.891635239578754408e+04
1.916801226221841716e+04
1.292488424361367834e+04
1.292748477344412095e+04
1.293528634354088354e+04
1.294828889572095250e+04
1.296649233301218374e+04
1.298989651965384837e+04
1.301850128109649631e+04
1.305230640400163793e+04
1.309131163624215333e+04
1.313551668690211045e+04
1.318492122627681056e+04
1.323952488587265179e+04
1.329932725840744752e+04
1.336432789780997155e+04
1.343452631922032197e+04
1.350992199898983017e+04
1.359051437468110635e+04
1.367630284506767566e+04
1.376728677013470588e+04
1.386346547107814331e+04
1.396483823030539497e+04
1.407140429143501024e+04
1.418316285929668084e+04
1.430011309993160467e+04
1.442225414059157629e+04
1.454958506974044212e+04
1.468210493705246336e+04
1.481981275341349829e+04
1.496270749092072947e+04
1.511078808288220898e+04
1.526405342381731316e+04
1.542250236945674260e+04
1.558613373674215836e+04
1.575494630382709147e+04
1.592893881007539676e+04
1.610810995606261713e+04
1.629245840357552879e+04
1.648198277561177747e+04
1.667668165638069695e+04
1.687655359130239958e+04
1.708159708700859483e+04
1.729181061134177071e+04
1.750719259335601237e+04
1.772774142331636540e+04
1.795345545269910872e+04
1.818433299419184550e+04
1.842037232169359413e+04
1.866157167031378776e+04
1.890792923637382046e+04
1.915944317740613769e+04
1.291648183915008303e+04
1.291908043962471311e+04
1.292687622107755487e+04
1.293986912359487178e+04
1.295805904732105773e+04
1.298144585245759117e+04
1.301002935926399005e+04
1.304380934805726611e+04
1.308278555921210682e+04
1.312695769316096630e+04
1.317632541039356511e+04
1.323088833145770877e+04
1.329064603695860569e+04
1.335559806755904901e+04
1.342574392397968950e+04
1.350108306699880814e+04
1.358161491745195235e+04
1.366733885623293645e+04
1.375825422429261380e+04
1.385436032263987727e+04
1.395565641234106806e+04
1.406214171452020310e+04
1.417381541035902046e+04
1.429067664109697944e+04
1.441272450803080574e+04
1.453995807251531005e+04
1.467237635596266045e+04
1.480997833984283716e+04
1.495276296568335965e+04
1.510072913506937766e+04
1.525387570964367114e+04
1.541220151110683219e+04
1.557570532121708311e+04
1.574438588179000362e+04
1.591824189469907651e+04
1.609727202187541479e+04
1.628147488530748888e+04
1.647084906704194509e+04
1.666539310918260526e+04
1.686510551389101238e+04
1.706998474338670349e+04
1.728002921994639109e+04
1.749523732590469081e+04
1.771560740365375750e+04
1.794113775564337629e+04
1.817182664438114443e+04
1.840767229243228940e+04
1.864867288241948700e+04
1.889482655702304328e+04
1.914613141898116737e+04
1.290480843857853870e+04
1.290740444348725759e+04
1.291519243765337706e+04
1.292817235939728562e+04
1.294634410591997948e+04
1.296970753330210755e+04
1.299826245650519922e+04
1.303200864937075494e+04
1.307094584462070088e+04
1.311507373385711617e+04
1.316439196756241472e+04
1.321890015509934528e+04
1.327859786471108237e+04
1.334348462352068054e+04
1.341355991753189301e+04
1.348882319162839849e+04
1.356927384957466529e+04
1.365491125401490535e+04
1.374573472647384733e+04
1.384174354735669112e+04
1.394293695594860765e+04
1.404931415041510263e+04
1.416087428780228947e+04
1.427761648403611616e+04
1.439953981392327478e+04
1.452664331115029199e+04
1.465892596828434762e+04
1.479638673677254701e+04
1.493902452694264866e+04
1.508683820800270041e+04
1.523982660804058469e+04
1.539798851402501896e+04
1.556132267180437339e+04
1.572982778610812602e+04
1.590350252054531666e+04
1.608234549760582013e+04
1.626635529865916396e+04
1.645553046395589263e+04
1.664986949262629423e+04
1.684937084268103717e+04
1.705403293101144300e+04
1.726385413338857688e+04
1.747883278446415716e+04
1.769896717777019148e+04
1.792425556571879497e+04
1.815469615960228111e+04
1.839028712959370750e+04
1.863102660474587537e+04
1.887691267299251194e+04
1.912794338114690618e+04
1.288980370638541899e+04
1.289239643630799037e+04
1.290017460491549173e+04
1.291313814872678449e+04
1.293128696194007716e+04
1.295462089643287982e+04
1.298313976176186770e+04
1.301684332516310860e+04
1.305573131155201736e+04
1.309980340352299208e+04
1.314905924135009627e+04
1.320349842298642216e+04
1.326312050406436356e+04
1.332792499789561589e+04
1.339791137547122162e+04
1.347307906546152481e+04
1.355342745421589825e+04
1.363895588576328919e+04
1.372966366181176454e+04
1.382555004174882924e+04
1.392661424264106245e+04
1.403285543923420846e+04
1.414427276395381341e+04
1.426086530690427026e+04
1.438263211586936450e+04
1.450957219631209227e+04
1.464168451137493321e+04
1.477896798187939567e+04
1.492142148632638055e+04
1.506904386089609034e+04
1.522183389944812006e+04
1.537979035352100254e+04
1.554291193233275408e+04
1.571119730278096540e+04
1.588464508944180125e+04
1.606325387457145553e+04
1.624702219810505994e+04
1.643594855765677494e+04
1.663003140852042634e+04
1.682926916366905061e+04
1.703366019375480391e+04
1.724320282710923493e+04
1.745789534974319395e+04
1.767773600534683283e+04
1.790272299528942312e+04
1.813285447861962894e+04
1.836812857206541594e+04
1.860854335003405140e+04
1.885409684461192228e+04
1.910478704556480807e+04
1.287142196580371092e+04
1.287401073176874888e+04
1.288177700789133269e+04
1.289472072885355374e+04
1.291284178579239779e+04
1.293614002629929018e+04
1.296461525442105085e+04
1.299826723065862097e+04
1.303709567196806347e+04
1.308110025176010822e+04
1.313028059990024303e+04
1.318463630270866815e+04
1.324416690296056913e+04
1.330887189988561659e+04
1.337875074916837548e+04
1.345380286294821417e+04
1.353402760981916799e+04
1.361942431483016662e+04
1.370999225948476123e+04
1.380573068174144282e+04
1.390663877601318745e+04
1.401271569316795649e+04
1.412396054052851468e+04
1.424037238187229377e+04
1.436195023743130150e+04
1.448869308389275830e+04
1.462059985439836964e+04
1.475766943854450801e+04
1.489990068238248568e+04
1.504729238841828192e+04
1.519984331561290674e+04
1.535755217938167334e+04
1.552041765159492570e+04
1.568843836057794761e+04
1.586161289111032602e+04
1.603993978442704247e+04
1.622341753821710881e+04
1.641204460662474958e+04
1.660581940024894720e+04
1.680474028614353301e+04
1.700880558781673244e+04
1.721801358523180170e+04
1.743236251480666397e+04
1.765185056941409130e+04
1.787647589838161366e+04
1.810623660749151895e+04
1.834113075898076204e+04
1.858115637154114665e+04
1.882631142031932541e+04
1.907659383691643598e+04
1.284963476214120419e+04
1.285221887031830192e+04
1.285997117245296977e+04
1.287289160135551356e+04
1.289098004504289747e+04
1.291423634673924425e+04
1.294266030487528951e+04
1.297625167308856362e+04
1.301501016022361910e+04
1.305893543033166679e+04
1.310802710267093971e+04
1.316228475170628371e+04
1.322170790710961228e+04
1.328629605375967913e+04
1.335604863174166894e+04
1.343096503634824330e+04
1.351104461807835833e+04
1.359628668263812870e+04
1.368669049094037291e+04
1.378225525910484066e+04
1.388298015845803093e+04
1.398886431553319198e+04
1.409990681207073067e+04
1.421610668501762120e+04
1.433746292652776901e+04
1.446397448396182881e+04
1.459564025988738649e+04
1.473245911207905010e+04
1.487442985351772222e+04
1.502155125239187328e+04
1.517382203209599538e+04
1.533124087123223944e+04
1.549380640360905090e+04
1.566151721824189735e+04
1.583437185935308662e+04
1.601236882637158487e+04
1.619550657393374422e+04
1.638378351188202942e+04
1.657719800526601830e+04
1.677574837434240180e+04
1.697943289457443825e+04
1.718824979663240811e+04
1.740219726639306828e+04
1.762127344494056160e+04
1.784547642856532548e+04
1.807480426876500132e+04
1.830925497224397986e+04
1.854882650091321921e+04
1.879351677189115435e+04
1.904332365750224199e+04
1.282444243591271515e+04
1.282702119570435570e+04
1.283475745204723353e+04
1.284765113584453502e+04
1.286570213193485870e+04
1.288891027909239710e+04
1.291727537002680037e+04
1.295079715138313077e+04
1.298947532374199909e+04
1.303330954161947375e+04
1.308229941346694432e+04
1.313644450167162177e+04
1.319574432255576539e+04
1.326019834637741042e+04
1.332980599733004965e+04
1.340456665354240613e+04
1.348447964707888787e+04
1.356954426393940594e+04
1.365975974405914712e+04
1.375512528130902865e+04
1.385564002349519797e+04
1.396130307235935106e+04
1.407211348357886891e+04
1.418807026676622627e+04
1.430917238546962835e+04
1.443541875717273797e+04
1.456680825329467552e+04
1.470333969918983712e+04
1.484501187414834931e+04
1.499182351139579623e+04
1.514377329809303774e+04
1.530085987533666412e+04
1.546308183815835946e+04
1.563043773552581115e+04
1.580292607034189132e+04
1.598054529944474780e+04
1.616329383360816792e+04
1.635117003754166944e+04
1.654417222988995491e+04
1.674229868323309347e+04
1.694554762408697570e+04
1.715391723290285881e+04
1.736740564406709382e+04
1.758601094590203502e+04
1.780973118066522147e+04
1.803856434454983173e+04
1.827250838768432004e+04
1.851156121413268920e+04
1.875572068189458150e+04
1.900498460290473304e+04
1.279584938989055445e+04
1.279842211468649111e+04
1.280614026539460610e+04
1.281900377097585988e+04
1.283701251303214121e+04
1.286016632580563055e+04
1.288846499617948211e+04
1.292190826367750560e+04
1.296049582046393880e+04
1.300422731134403875e+04
1.305310233376362703e+04
1.310712043780899876e+04
1.316628112620742286e+04
1.323058385432664181e+04
1.330002803017532642e+04
1.337461301440248462e+04
1.345433812029800720e+04
1.353920261379253134e+04
1.362920571345721328e+04
1.372434659050409209e+04
1.382462436878568042e+04
1.393003812479519183e+04
1.404058688766654086e+04
1.415626963917447938e+04
1.427708531373427832e+04
1.440303279840190953e+04
1.453411093287404583e+04
1.467031850948815190e+04
1.481165427322221149e+04
1.495811692169490925e+04
1.510970510516553986e+04
1.526641742653437177e+04
1.542825244134191962e+04
1.559520865776994469e+04
1.576728453664036351e+04
1.594447849141588449e+04
1.612678888820018983e+04
1.631421404573729887e+04
1.650675223541229570e+04
1.670440168125032869e+04
1.690716055991788380e+04
1.711502700072169318e+04
1.732799908560955373e+04
1.754607484916932663e+04
1.776925227863030159e+04
1.799752931386174168e+04
1.823090384737415661e+04
1.846937372431875701e+04
1.871293674248663592e+04
1.896159065231049681e+04
1.276381412505970729e+04
1.276638011852555792e+04
1.277407807458457683e+04
1.278690792022089227e+04
1.280486953374133918e+04
1.282796274477568659e+04
1.285618733427645566e+04
1.288954303451873784e+04
1.292802952910069507e+04
1.297164645294301408e+04
1.302039339228917925e+04
1.307426988470560900e+04
1.313327541908138301e+04
1.319740943562833309e+04
1.326667132588117965e+04
1.334106043269707698e+04
1.342057605025643170e+04
1.350521742406199337e+04
1.359498375093962750e+04
1.368987417903772439e+04
1.378988780782747199e+04
1.389502368810308326e+04
1.400528082198115953e+04
1.412065816290132716e+04
1.424115461562587370e+04
1.436676903623992985e+04
1.449750023215128749e+04
1.463334696209076355e+04
1.477430793611156332e+04
1.492038181558991710e+04
1.507156721322480735e+04
1.522786269303796871e+04
1.538926677037388799e+04
1.555577791189971322e+04
1.572739453560561742e+04
1.590411501080416201e+04
1.608593765813111531e+04
1.627286074954490687e+04
1.646488250832653648e+04
1.666200110907975613e+04
1.686421467773116092e+04
1.707152129153037095e+04
1.728391897904957659e+04
1.750140572018362946e+04
1.772397944615040615e+04
1.795163803949008070e+04
1.818437933406612501e+04
1.842220111506476314e+04
1.866510111899442563e+04
1.891307703368693183e+04
1.272827347852298772e+04
1.273083202784332570e+04
1.273850765079564553e+04
1.275130027235313719e+04
1.276920976747146597e+04
1.279223596108840866e+04
1.282037862812408093e+04
1.285363749348061901e+04
1.289201223204281632e+04
1.293550246867707756e+04
1.298410777823269200e+04
1.303782768554074210e+04
1.309666166541474013e+04
1.316060914265030988e+04
1.322966949202536853e+04
1.330384203830008119e+04
1.338312605621690636e+04
1.346752077050045955e+04
1.355702535585751320e+04
1.365163893697722415e+04
1.375136058853095165e+04
1.385618933517207552e+04
1.396612415153658731e+04
1.408116396224249911e+04
1.420130764188998000e+04
1.432655401506153794e+04
1.445690185632201974e+04
1.459234989021833826e+04
1.473289679127947238e+04
1.487854118401710366e+04
1.502928164292488873e+04
1.518511669247855025e+04
1.534604480713633166e+04
1.551206441133872431e+04
1.568317387950801276e+04
1.585937153604927516e+04
1.604065565534956477e+04
1.622702446177818274e+04
1.641847612968649628e+04
1.661500878340839336e+04
1.681662049725982797e+04
1.702330929553927490e+04
1.723507315252672925e+04
1.745190999248543449e+04
1.767381768965988158e+04
1.790079406827762796e+04
1.813283690254766043e+04
1.836994391666203228e+04
1.861211278479422617e+04
1.885934113110060935e+04
1.268917369666683044e+04
1.269172407582827873e+04
1.269937518762239961e+04
1.271212695497847562e+04
1.272997924944543229e+04
1.275293189119192903e+04
1.278098464900599538e+04
1.281413724029525838e+04
1.285238933108694255e+04
1.289574053602791537e+04
1.294419041838459634e+04
1.299773849004277508e+04
1.305638421150820250e+04
1.312012699190590865e+04
1.318896618898056659e+04
1.326290110909640134e+04
1.334193100723732641e+04
1.342605508700680730e+04
1.351527250062772509e+04
1.360958234894269481e+04
1.370898368141388346e+04
1.381347549612301009e+04
1.392305673977116385e+04
1.403772630767962255e+04
1.415748304378839748e+04
1.428232574065777953e+04
1.441225313946724782e+04
1.454726393001619726e+04
1.468735675072302911e+04
1.483253018862624231e+04
1.498278277938361498e+04
1.513811300727275011e+04
1.529851930519089365e+04
1.546400005465420691e+04
1.563455358579903987e+04
1.581017817738138547e+04
1.599087205677633392e+04
1.617663339997889125e+04
1.636746033160370644e+04
1.656335092488461669e+04
1.676430320167528407e+04
1.697031513244910457e+04
1.718138463629884427e+04
1.739750958093682129e+04
1.761868778269499671e+04
1.784491700652470172e+04
1.807619496599727427e+04
1.831251932330342242e+04
1.855388768925322438e+04
1.880029762327658318e+04
1.264647748998540919e+04
1.264901896611777374e+04
1.265664336813219961e+04
1.266935061688182032e+04
1.268714058045457023e+04
1.271001307417395765e+04
1.273796786059851911e+04
1.277100464952218317e+04
1.280912309797399757e+04
1.285232281021835661e+04
1.290060333775491017e+04
1.295396417931847282e+04
1.301240478087925112e+04
1.307592453564247990e+04
1.314452278404883145e+04
1.321819881377418824e+04
1.329695185972964282e+04
1.338078110406154337e+04
1.346968567615144821e+04
1.356366465261639860e+04
1.366271705730832764e+04
1.376684186131460592e+04
1.387603798295785964e+04
1.399030428779597059e+04
1.410963958862193977e+04
1.423404264546425111e+04
1.436351216558641681e+04
1.449804680348743204e+04
1.463764516090132020e+04
1.478230578679722385e+04
1.493202717737985949e+04
1.508680777608933568e+04
1.524664597360042535e+04
1.541154010782356636e+04
1.558148846390422477e+04
1.575648927422362249e+04
1.593654071839737298e+04
1.612164092327711842e+04
1.631178796294943822e+04
1.650697985873603102e+04
1.670721457919398745e+04
1.691249004011579018e+04
1.712280410452885917e+04
1.733815458269618830e+04
1.755853923211570873e+04
1.778395575752074365e+04
1.801440181088009922e+04
1.824987499139733700e+04
1.849037284551177436e+04
1.873589286689748405e+04
1.260015818676579329e+04
1.260269002278596417e+04
1.261028550376131534e+04
1.262294454843636231e+04
1.264066702138552500e+04
1.266345273301294583e+04
1.269130143955235326e+04
1.272421284306733469e+04
1.276218659145110905e+04
1.280522227842684515e+04
1.285331944354716143e+04
1.290647757219462619e+04
1.296469609558143929e+04
1.302797439074961403e+04
1.309631178057084071e+04
1.316970753374657761e+04
1.324816086480796002e+04
1.333167093411598216e+04
1.342023684786126978e+04
1.351385765806417112e+04
1.361253236257493882e+04
1.371625990507345705e+04
1.382503917506910511e+04
1.393886900790130312e+04
1.405774818473928462e+04
1.418167543258168735e+04
1.431064942425709887e+04
1.444466877842387476e+04
1.458373205957013852e+04
1.472783777801341785e+04
1.487698438990128125e+04
1.503117029721088329e+04
1.519039384774951031e+04
1.535465333515348902e+04
1.552394699888973264e+04
1.569827302425392190e+04
1.587762954237232407e+04
1.606201463020024676e+04
1.625142631052349316e+04
1.644586255195690683e+04
1.664532126894546309e+04
1.684980032176372333e+04
1.705929751651610786e+04
1.727381060513662305e+04
1.749333728538904325e+04
1.771787520086709264e+04
1.794742194099371773e+04
1.818197504102245148e+04
1.842153198203550346e+04
1.866609019094585165e+04
1.255022951200653551e+04
1.255275097553908381e+04
1.256031533833815956e+04
1.257292251700896486e+04
1.259057237255979089e+04
1.261326471040229080e+04
1.264099928035161611e+04
1.267377577662596195e+04
1.271159383784711281e+04
1.275445304704016962e+04
1.280235293163345887e+04
1.285529296345866896e+04
1.291327255875103219e+04
1.297629107814877898e+04
1.304434782669382002e+04
1.311744205383110966e+04
1.319557295340910059e+04
1.327873966367969842e+04
1.336694126729771597e+04
1.346017679132182820e+04
1.355844520721389017e+04
1.366174543083889148e+04
1.377007632246532012e+04
1.388343668676498055e+04
1.400182527281303919e+04
1.412524077408797893e+04
1.425368182847159915e+04
1.438714701824910662e+04
1.452563487010911558e+04
1.466914385514319292e+04
1.481767238884676772e+04
1.497121883111840361e+04
1.512978148625979884e+04
1.529335860297615000e+04
1.546194837437615206e+04
1.563554893797154364e+04
1.581415837567765266e+04
1.599777471381321448e+04
1.618639592309964428e+04
1.638001991866267417e+04
1.657864456003071609e+04
1.678226765113549845e+04
1.699088694031270279e+04
1.720450012030059952e+04
1.742310482824113933e+04
1.764669864568004414e+04
1.787527909856526094e+04
1.810884365724923555e+04
1.834738973648718456e+04
1.859091469543773201e+04
1.249673201442851678e+04
1.249924238371636420e+04
1.250677346305774336e+04
1.251932516688739270e+04
1.253689735259581539e+04
1.255948982053005238e+04
1.258710231399350050e+04
1.261973451924577603e+04
1.265738606550248733e+04
1.270005652493600792e+04
1.274774541267474888e+04
1.280045218680329526e+04
1.285817624836290634e+04
1.292091694135069702e+04
1.298867355272032000e+04
1.306144531238173840e+04
1.313923139320099835e+04
1.322203091100068377e+04
1.330984292455932518e+04
1.340266643561217279e+04
1.350050038885037793e+04
1.360334367192181162e+04
1.371119511543001863e+04
1.382405349293530890e+04
1.394191752095421180e+04
1.406478585895947617e+04
1.419265710938007032e+04
1.432552981760136390e+04
1.446340247196503697e+04
1.460627350376898903e+04
1.475414128726733907e+04
1.490700413967060740e+04
1.506486032114544287e+04
1.522770803481507755e+04
1.539554542675878110e+04
1.556837058601213357e+04
1.574618154456711636e+04
1.592897627737183939e+04
1.611675270233099582e+04
1.630950868030522543e+04
1.650724201511147839e+04
1.670995045352328816e+04
1.691763168527040762e+04
1.713028334303844531e+04
1.734790300246977495e+04
1.757048818216280779e+04
1.779803634367262930e+04
1.803054489151008966e+04
1.826801117314234943e+04
1.851043247899360722e+04
1.243969664424303119e+04
1.244219520475689933e+04
1.244969085704287863e+04
1.246218351333459395e+04
1.247967302735428348e+04
1.250215919431325347e+04
1.252964175091187826e+04
1.256212037533928196e+04
1.259959468727352032e+04
1.264206424788199001e+04
1.268952855982056462e+04
1.274198706723418582e+04
1.279943915575709070e+04
1.286188415251190236e+04
1.292932132611063025e+04
1.300174988665403362e+04
1.307916898573189428e+04
1.316157771642283478e+04
1.324897511329468216e+04
1.334136015240387678e+04
1.343873175129601805e+04
1.354108876900563700e+04
1.364843000605605994e+04
1.376075420445995405e+04
1.387806004771828157e+04
1.400034616082157299e+04
1.412761111024910861e+04
1.425985340396891843e+04
1.439707149143823699e+04
1.453926376360313952e+04
1.468642855289872386e+04
1.483856413324883761e+04
1.499566872006644189e+04
1.515774047025361142e+04
1.532477748220080684e+04
1.549677779578814807e+04
1.567373939238423191e+04
1.585566019484667777e+04
1.604253806752221863e+04
1.623437081624642815e+04
1.643115618834372071e+04
1.663289187262753330e+04
1.683957549940050740e+04
1.705120464045385233e+04
1.726777680906780006e+04
1.748928946001187796e+04
1.771573998954409035e+04
1.794712573541164602e+04
1.818344397685068543e+04
1.842469193458618975e+04
1.237912318484604839e+04
1.238160921983508160e+04
1.238906729480322610e+04
1.240149731975329814e+04
1.241889914469024916e+04
1.244127255962075651e+04
1.246861729455349632e+04
1.250093301949923443e+04
1.253821934447046260e+04
1.258047581948167135e+04
1.262770193454939545e+04
1.267989711969185009e+04
1.273706074492952212e+04
1.279919212028466973e+04
1.286629049578136801e+04
1.293835506144564533e+04
1.301538494730580169e+04
1.309737922339172655e+04
1.318433689973521723e+04
1.327625692637029715e+04
1.337313819333271567e+04
1.347497953066008449e+04
1.358177970839224145e+04
1.369353743657075029e+04
1.381025136523894616e+04
1.393192008444257226e+04
1.405854212422864293e+04
1.419011595464698985e+04
1.432663998574853395e+04
1.446811256758664967e+04
1.461453199021634646e+04
1.476589648369490533e+04
1.492220421808096944e+04
1.508345330343581736e+04
1.524964178982218073e+04
1.542076766730497184e+04
1.559682886595073796e+04
1.577782325582838894e+04
1.596374864700846956e+04
1.615460278956334150e+04
1.635038337356772900e+04
1.655108802909790029e+04
1.675671432623239525e+04
1.696725977505138871e+04
1.718272182563714523e+04
1.740309786807356431e+04
1.762838523244718090e+04
1.785858118884571013e+04
1.809368294735932068e+04
1.833368765807963428e+04
1.231501358790746963e+04
1.231748637850482737e+04
1.232490471954497480e+04
1.233726851877181616e+04
1.235457762242526769e+04
1.237683181524107567e+04
1.240403082045090741e+04
1.243617429978276050e+04
1.247326185346014427e+04
1.251529302020262548e+04
1.256226727722591932e+04
1.261418404024152551e+04
1.267104266345681935e+04
1.273284243957518811e+04
1.279958259979612194e+04
1.287126231381494108e+04
1.294788068982284130e+04
1.302943677450703035e+04
1.311592955305077339e+04
1.320735794913312020e+04
1.330372082492913250e+04
1.340501698110988400e+04
1.351124515684223297e+04
1.362240402978914062e+04
1.373849221610962559e+04
1.385950827045817277e+04
1.398545068598587022e+04
1.411631789433922677e+04
1.425210826566099058e+04
1.439282010858978538e+04
1.453845167026020135e+04
1.468900113630270425e+04
1.484446663084354441e+04
1.500484621650548434e+04
1.517013789440679830e+04
1.534033960416163609e+04
1.551544922388047780e+04
1.569546457016931527e+04
1.588038339813028870e+04
1.607020340136177765e+04
1.626492221195758248e+04
1.646453740050792476e+04
1.666904647609862877e+04
1.687844688631157624e+04
1.709273601722461535e+04
1.731191119341165177e+04
1.753596967794228476e+04
1.776490867238244391e+04
1.799872531679366148e+04
1.823741668973343621e+04
1.224736780065663879e+04
1.224982662738443651e+04
1.225720307605370181e+04
1.226949705212214212e+04
1.228670839801902730e+04
1.230883689314528056e+04
1.233588225387375132e+04
1.236784413354889693e+04
1.240472212248691903e+04
1.244651574797571811e+04
1.249322447427507541e+04
1.254484770261615267e+04
1.260138477120226526e+04
1.266283495520810902e+04
1.272919746678021511e+04
1.280047145503694992e+04
1.287665600606828775e+04
1.295775014293594722e+04
1.304375282567330032e+04
1.313466295128555430e+04
1.323047935374961526e+04
1.333120080401417908e+04
1.343682600999945862e+04
1.354735361659750197e+04
1.366278220567219250e+04
1.378311029605893054e+04
1.390833634356513357e+04
1.403845874096959960e+04
1.417347581802296190e+04
1.431338584144787092e+04
1.445818701493826666e+04
1.460787747916010630e+04
1.476245531175090946e+04
1.492191852731984909e+04
1.508626507744811533e+04
1.525549285068836980e+04
1.542959967256520031e+04
1.560858330557484805e+04
1.579244144918502570e+04
1.598117173983546309e+04
1.617477175093745245e+04
1.637323899287430322e+04
1.657657091300079628e+04
1.678476489564318399e+04
1.699781826210009967e+04
1.721572827064119338e+04
1.743849211650831421e+04
1.766610693191514656e+04
1.789856978604639153e+04
1.813587768505940403e+04
1.217618853753051553e+04
1.217863268192886608e+04
1.218596508283899311e+04
1.219818564340598641e+04
1.221529420220481370e+04
1.223729053324082088e+04
1.226417434594904989e+04
1.229594528519482992e+04
1.233260293127332261e+04
1.237414679990993136e+04
1.242057634225993752e+04
1.247189094490881871e+04
1.252808992987193051e+04
1.258917255459482476e+04
1.265513801195302221e+04
1.272598543025205799e+04
1.280171387322743612e+04
1.288232234004503880e+04
1.296780976530030784e+04
1.305817501901915421e+04
1.315341690665723036e+04
1.325353416910052147e+04
1.335852548266466329e+04
1.346838945909576069e+04
1.358312464556956911e+04
1.370272952469222218e+04
1.382720251449964053e+04
1.395654196845798651e+04
1.409074617546311856e+04
1.422981335984159159e+04
1.437374168134920183e+04
1.452252923517262388e+04
1.467617405192759179e+04
1.483467409766071796e+04
1.499802727384849277e+04
1.516623141739728453e+04
1.533928430064315762e+04
1.551718363135278196e+04
1.569992705272306921e+04
1.588751214338008140e+04
1.607993641738075894e+04
1.627719732421146546e+04
1.647929224878898822e+04
1.668621851146017434e+04
1.689797336800165795e+04
1.711455400962058775e+04
1.733595756295335377e+04
1.756218109006713348e+04
1.779322158845889135e+04
1.802907599105537884e+04
1.210150370124920300e+04
1.210393245133386699e+04
1.211121866852363382e+04
1.212336225362596451e+04
1.214036304131977886e+04
1.216222080015577376e+04
1.218893523255610489e+04
1.222050597481465957e+04
1.225693259709678387e+04
1.229821460343955550e+04
1.234435143175155645e+04
1.239534245381300934e+04
1.245118697527573204e+04
1.251188423566331949e+04
1.257743340837055257e+04
1.264783360066426212e+04
1.272308385368264680e+04
1.280318314243550049e+04
1.288813037580443961e+04
1.297792439654226655e+04
1.307256398127378816e+04
1.317204784049522459e+04
1.327637461857452763e+04
1.338554289375106237e+04
1.349955117813606194e+04
1.361839791771180899e+04
1.374208149233290897e+04
1.387060021572524420e+04
1.400395233548615579e+04
1.414213603308471647e+04
1.428514942386182156e+04
1.443299055702955229e+04
1.458565741567181249e+04
1.474314791674423759e+04
1.490545991107383088e+04
1.507259118335923631e+04
1.524453945217092041e+04
1.542130236995071755e+04
1.560287752301210276e+04
1.578926243154019176e+04
1.598045454959164999e+04
1.617645126509478359e+04
1.637724989984990316e+04
1.658284770952786857e+04
1.679324188367263559e+04
1.700842954569816357e+04
1.722840775289105295e+04
1.745317349640945395e+04
1.768272370128261173e+04
1.791705522641177595e+04
1.202338588768611771e+04
1.202579854768196128e+04
1.203303649381805371e+04
1.204509962453939806e+04
1.206198777058839369e+04
1.208370069500388126e+04
1.211023809312155208e+04
1.214159959257399350e+04
1.217778475329077992e+04
1.221879306749819989e+04
1.226462395971934711e+04
1.231527678677425683e+04
1.237075083777972395e+04
1.243104533414930302e+04
1.249615942959353561e+04
1.256609221011990485e+04
1.264084269403247163e+04
1.272040983193219290e+04
1.280479250671696718e+04
1.289398953358158906e+04
1.298799966001743087e+04
1.308682156581294294e+04
1.319045386305333523e+04
1.329889509612075926e+04
1.341214374169394432e+04
1.353019820874869765e+04
1.365305683855749521e+04
1.378071790469002735e+04
1.391317961301219839e+04
1.405044010168721798e+04
1.419249744117523733e+04
1.433934963423271256e+04
1.449099461591340514e+04
1.464743025356774524e+04
1.480865434684301363e+04
1.497466462768343263e+04
1.514545876032971137e+04
1.532103434131995527e+04
1.550138889948866563e+04
1.568651989596728527e+04
1.587642472418438047e+04
1.607110070986473147e+04
1.627054511103060577e+04
1.647475511800084860e+04
1.668372785339097391e+04
1.689746037211389194e+04
1.711594966137854499e+04
1.733919264069136261e+04
1.756718616185517021e+04
1.779992700897009854e+04
1.194192112856785570e+04
1.194431702170923018e+04
1.195150466648665315e+04
1.196348395895920476e+04
1.198025472589256424e+04
1.200181672475837331e+04
1.202816964373473638e+04
1.205931310170562938e+04
1.209524664826153639e+04
1.213596976369894946e+04
1.218148185902059595e+04
1.223178227593562042e+04
1.228687028685908444e+04
1.234674509491246681e+04
1.241140583392334520e+04
1.248085156842557808e+04
1.255508129365925925e+04
1.263409393557058138e+04
1.271788835081188154e+04
1.280646332674200494e+04
1.289981758142571380e+04
1.299794976363409660e+04
1.310085845284456809e+04
1.320854215924050550e+04
1.332099932371165778e+04
1.343822831785391827e+04
1.356022744396950657e+04
1.368699493506665021e+04
1.381852895485990302e+04
1.395482759777005413e+04
1.409588888892412797e+04
1.424171078415520242e+04
1.439229117000286351e+04
1.454762786371247785e+04
1.470771861323592020e+04
1.487256109723120971e+04
1.504215292506269179e+04
1.521649163680040147e+04
1.539557470322151858e+04
1.557939952580854879e+04
1.576796343675068783e+04
1.596126369894309391e+04
1.615929750598734245e+04
1.636206198219124417e+04
1.656955418256839039e+04
1.678177109283915343e+04
1.699870962942968617e+04
1.722036663947264969e+04
1.744673890080657657e+04
1.767782312197668944e+04
1.185716398140534693e+04
1.185954244248091527e+04
1.186667779025801792e+04
1.187856991838712020e+04
1.189521864961907340e+04
1.191662373580543317e+04
1.194278485789754995e+04
1.197370162594784233e+04
1.200937357910847822e+04
1.204980018563237536e+04
1.209498084287270103e+04
1.214491487728300854e+04
1.219960154441723716e+04
1.225904002892975768e+04
1.232322944457514495e+04
1.239216883420858721e+04
1.246585716978538585e+04
1.254429335236145562e+04
1.262747621209277895e+04
1.271540450823622450e+04
1.280807692914854670e+04
1.290549209228702239e+04
1.300764854420935990e+04
1.311454476057365355e+04
1.322617914613847461e+04
1.334255003476228012e+04
1.346365568940454978e+04
1.358949430212469451e+04
1.372006399408264770e+04
1.385536281553895606e+04
1.399538874585377926e+04
1.414013969348870887e+04
1.428961349600504036e+04
1.444380792006422780e+04
1.460272066142897529e+04
1.476634934496132701e+04
1.493469152462457714e+04
1.510774468348190567e+04
1.528550623369701498e+04
1.546797351653394799e+04
1.565514380235708813e+04
1.584701429063134128e+04
1.604358210992168097e+04
1.624484431789378505e+04
1.645079790131367190e+04
1.666143977604770043e+04
1.687676678706220628e+04
1.709677570842459318e+04
1.732146324330196876e+04
1.755082602396232687e+04
1.176915560345205449e+04
1.177151597546139783e+04
1.177859705522960212e+04
1.179039873397673546e+04
1.180692083040339639e+04
1.182816309068984992e+04
1.185412518849702792e+04
1.188480672496552870e+04
1.192020722871648104e+04
1.196032615585099848e+04
1.200516288995036120e+04
1.205471674207592514e+04
1.210898695076939475e+04
1.216797268205236833e+04
1.223167302942683818e+04
1.230008701387473593e+04
1.237321358385838721e+04
1.245105161532005695e+04
1.253359991168217675e+04
1.262085720384748129e+04
1.271282215019869000e+04
1.280949333659873446e+04
1.291086927639075839e+04
1.301694841039798121e+04
1.312772910692378900e+04
1.324320966175182548e+04
1.336338829814558267e+04
1.348826316684899211e+04
1.361783234608610655e+04
1.375209384156105443e+04
1.389104558645794896e+04
1.403468544144161569e+04
1.418301119465631928e+04
1.433602056172685479e+04
1.449371118575818400e+04
1.465608063733543531e+04
1.482312641452372191e+04
1.499484594286832362e+04
1.517123657539495980e+04
1.535229559260897076e+04
1.553802020249640918e+04
1.572840754052322154e+04
1.592345466963524814e+04
1.612315858025904163e+04
1.632751619030095753e+04
1.653652434514733613e+04
1.675017981766513913e+04
1.696847930820122201e+04
1.719141944458233411e+04
1.741899678211593709e+04
1.167793237781961579e+04
1.168027401054755501e+04
1.168729887165500259e+04
1.169900684991139315e+04
1.171539775993319381e+04
1.173647134218313113e+04
1.176222726297041845e+04
1.179266511445089236e+04
1.182778441462678529e+04
1.186758460734708933e+04
1.191206506230682862e+04
1.196122507504810528e+04
1.201506386695896254e+04
1.207358058527443063e+04
1.213677430307566283e+04
1.220464401929066298e+04
1.227718865869360343e+04
1.235440707190555258e+04
1.243629803539370187e+04
1.252286025147200235e+04
1.261409234830066453e+04
1.270999287988674951e+04
1.281056032608353235e+04
1.291579309259095680e+04
1.302568951095540797e+04
1.314024783856966678e+04
1.325946625867336479e+04
1.338334288035221107e+04
1.351187573853876529e+04
1.364506279401193751e+04
1.378290193339698817e+04
1.392539096916598282e+04
1.407252763963751931e+04
1.422430960897636396e+04
1.438073446719390631e+04
1.454179973014825009e+04
1.470750283954375845e+04
1.487784116293159968e+04
1.505281199370911054e+04
1.523241255112034196e+04
1.541663998025560431e+04
1.560549135205210405e+04
1.579896366329339799e+04
1.599705383660939333e+04
1.619975872047652956e+04
1.640707508921805129e+04
1.661899964300318970e+04
1.683552900784834492e+04
1.705665973561581268e+04
1.728238830401469386e+04
1.158350886750363316e+04
1.158583111213638404e+04
1.159279780813499201e+04
1.160440884180052308e+04
1.162066402363448105e+04
1.164156308833926232e+04
1.166710569481779203e+04
1.169729142617356956e+04
1.173211978971103235e+04
1.177159021693496470e+04
1.181570206355090704e+04
1.186445460946524690e+04
1.191784705878480963e+04
1.197587853981699482e+04
1.203854810507009461e+04
1.210585473125297540e+04
1.217779731927503235e+04
1.225437469424659866e+04
1.233558560547830893e+04
1.242142872648173579e+04
1.251190265496888969e+04
1.260700591285276460e+04
1.270673694624651944e+04
1.281109412546443309e+04
1.292007574502113130e+04
1.303368002363213236e+04
1.315190510421343788e+04
1.327474905388162369e+04
1.340220986395434011e+04
1.353428544994922049e+04
1.367097365158524553e+04
1.381227223278174279e+04
1.395817888165847762e+04
1.410869121053628987e+04
1.426380675593627529e+04
1.442352297858051315e+04
1.458783726339179339e+04
1.475674691949297994e+04
1.493024918020828409e+04
1.510834120306208206e+04
1.529102006977973360e+04
1.547828278628703629e+04
1.567012628271058929e+04
1.586654741337761152e+04
1.606754295681575968e+04
1.627310961575376496e+04
1.648324401712079634e+04
1.669794271204636971e+04
1.691720217586116632e+04
1.714101880809639624e+04
1.148590842470412099e+04
1.148821063551245061e+04
1.149511722920956345e+04
1.150662808961119481e+04
1.152274302307705511e+04
1.154346175851078442e+04
1.156878394735981601e+04
1.159870916361551281e+04
1.163323690381312190e+04
1.167236658703191097e+04
1.171609755489480449e+04
1.176442907156865658e+04
1.181736032376429648e+04
1.187489042073652854e+04
1.193701839428372296e+04
1.200374319874849789e+04
1.207506371101708282e+04
1.215097873051977331e+04
1.223148697923056716e+04
1.231658710166748278e+04
1.240627766489260466e+04
1.250055715851135574e+04
1.259942399467363430e+04
1.270287650807281352e+04
1.281091295594646908e+04
1.292353151807574250e+04
1.304073029678593230e+04
1.316250731694617571e+04
1.328886052596926675e+04
1.341978779381197455e+04
1.355528691297522528e+04
1.369535559850364734e+04
1.383999148798557144e+04
1.398919214155357622e+04
1.414295504188366976e+04
1.430127759419619906e+04
1.446415712625530432e+04
1.463159088836864612e+04
1.480357605338822395e+04
1.498010971670955769e+04
1.516118889627232420e+04
1.534681053256008454e+04
1.553697148860019297e+04
1.573166854996361508e+04
1.593089842476565536e+04
1.613465774366522965e+04
1.634294305986559266e+04
1.655575084911306476e+04
1.677307750969848712e+04
1.699491936245640318e+04
1.138521065535310299e+04
1.138749220257009256e+04
1.139433680465949692e+04
1.140574434293685044e+04
1.142171461959474073e+04
1.144224735770299048e+04
1.146734220120829377e+04
1.149699871493426144e+04
1.153121638458187590e+04
1.156999461672889993e+04
1.161333273883028596e+04
1.166122999921794872e+04
1.171368556710099256e+04
1.177069853256534770e+04
1.183226790657417951e+04
1.189839262096770653e+04
1.196907152846306417e+04
1.204430340265444102e+04
1.212408693801326081e+04
1.220842074988777313e+04
1.229730337450341722e+04
1.239073326896259459e+04
1.248870881124480547e+04
1.259122830020673973e+04
1.269828995558173119e+04
1.280989191798062166e+04
1.292603224889089688e+04
1.304670893067750512e+04
1.317191986658217502e+04
1.330166288072359748e+04
1.343593571809778950e+04
1.357473604457754845e+04
1.371806144691308873e+04
1.386590943273122321e+04
1.401827743053609083e+04
1.417516278970879284e+04
1.433656278050730180e+04
1.450247459406728012e+04
1.467289534240071589e+04
1.484782205839683229e+04
1.502725169582226954e+04
1.521118112932026634e+04
1.539960715441120556e+04
1.559252648749279615e+04
1.578993576583934555e+04
1.599183154760266916e+04
1.619821031181127182e+04
1.640906845837107539e+04
1.662440230806460022e+04
1.684420810255169272e+04
1.128153586555390575e+04
1.128379614453797330e+04
1.129057694109033037e+04
1.130187813401234962e+04
1.131769952130584898e+04
1.133804082017327346e+04
1.136290166701833186e+04
1.139228161744495083e+04
1.142618014625809337e+04
1.146459664746344060e+04
1.150753043426739168e+04
1.155498073907701837e+04
1.160694671350042881e+04
1.166342742834617638e+04
1.172442187362375989e+04
1.178992895854325980e+04
1.185994751151574746e+04
1.193447628015278497e+04
1.201351393126697076e+04
1.209705905087134852e+04
1.218511014417999831e+04
1.227766563560758186e+04
1.237472386876956989e+04
1.247628310648219667e+04
1.258234153076241455e+04
1.269289724282793941e+04
1.280794826309725067e+04
1.292749253118981869e+04
1.305152790592528618e+04
1.318005216532455961e+04
1.331306300660917259e+04
1.345055804620124036e+04
1.359253481972400550e+04
1.373899078200111035e+04
1.388992330705696077e+04
1.404532968811708997e+04
1.420520713760724902e+04
1.436955278715440727e+04
1.453836368758602475e+04
1.471163680893050696e+04
1.488936904041675007e+04
1.507155719047459570e+04
1.525819798673464902e+04
1.544928807602818779e+04
1.564482402438734425e+04
1.584480231704492326e+04
1.604921935843440224e+04
1.625807147219011313e+04
1.647135490114724234e+04
1.668906580734155796e+04
1.117502580515106274e+04
1.117726424186262193e+04
1.118397951075503443e+04
1.119517148810155049e+04
1.121083996769066289e+04
1.123098466082637970e+04
1.125560519632813339e+04
1.128470112053087178e+04
1.131827189728483063e+04
1.135631690795589748e+04
1.139883545142497496e+04
1.144582674408898129e+04
1.149728991985975881e+04
1.155322403016484714e+04
1.161362804394711929e+04
1.167850084766491818e+04
1.174784124529205656e+04
1.182164795831772608e+04
1.189991962574654281e+04
1.198265480409863812e+04
1.206985196740938591e+04
1.216150950722985726e+04
1.225762573262632031e+04
1.235819887018055852e+04
1.246322706398987066e+04
1.257270837566697992e+04
1.268664078433980649e+04
1.280502218665196779e+04
1.292785039676246015e+04
1.305512314634561335e+04
1.318683808459136344e+04
1.332299277820484349e+04
1.346358471140683832e+04
1.360861128593342073e+04
1.375806982103613336e+04
1.391195755348198873e+04
1.407027163755337824e+04
1.423300914504816319e+04
1.440016706527967472e+04
1.457174230507653192e+04
1.474773168878309662e+04
1.492813195825856383e+04
1.511293977287832604e+04
1.530215170953279085e+04
1.549576426262765381e+04
1.569377384408426224e+04
1.589617678333943331e+04
1.610296932734554503e+04
1.631414764056980857e+04
1.652970780499535977e+04
1.106584965735528385e+04
1.106806571638371679e+04
1.107471385137964717e+04
1.108579393607456041e+04
1.110130576002111411e+04
1.112124902859309259e+04
1.114562336298508853e+04
1.117442830021282134e+04
1.120766329311322806e+04
1.124532771034423604e+04
1.128742083638462645e+04
1.133394187153448911e+04
1.138488993191485861e+04
1.144026404946766888e+04
1.150006317195625343e+04
1.156428616296457221e+04
1.163293180189803024e+04
1.170599878398284091e+04
1.178348572026634429e+04
1.186539113761682529e+04
1.195171347872387742e+04
1.204245110209785707e+04
1.213760228207038381e+04
1.223716520879393101e+04
1.234113798824228070e+04
1.244951864220993230e+04
1.256230510831278480e+04
1.267949523998736368e+04
1.280108680649191228e+04
1.292707749290493666e+04
1.305746490012652430e+04
1.319224654487761654e+04
1.333141985970032692e+04
1.347498219295766830e+04
1.362293080883382572e+04
1.377526288733397450e+04
1.393197552428418931e+04
1.409306573133189886e+04
1.425853043594534029e+04
1.442836648141419573e+04
1.460257062684850098e+04
1.478113954717991874e+04
1.496406983316101105e+04
1.515135799136542119e+04
1.534300044418760081e+04
1.553899352984344659e+04
1.573933350236939077e+04
1.594401653162349248e+04
1.615303870328452831e+04
1.636639601885226512e+04
1.095419202458456311e+04
1.095638521221985684e+04
1.096296473218458232e+04
1.097393045565504508e+04
1.098928216792510284e+04
1.100901956840630191e+04
1.103314227062742248e+04
1.106164980223525163e+04
1.109454160499381032e+04
1.113181703478471718e+04
1.117347536160723394e+04
1.121951576957808356e+04
1.126993735693158669e+04
1.132473913601975255e+04
1.138392003331186970e+04
1.144747888939491531e+04
1.151541445897360063e+04
1.158772541086987076e+04
1.166441032802340487e+04
1.174546770749152529e+04
1.183089596044878817e+04
1.192069341218766567e+04
1.201485830211795474e+04
1.211338878376718640e+04
1.221628292478021649e+04
1.232353870691958946e+04
1.243515402606553835e+04
1.255112669221553006e+04
1.267145442948485652e+04
1.279613487610640732e+04
1.292516558443012400e+04
1.305854402092418240e+04
1.319626756617399224e+04
1.333833351488237895e+04
1.348473907586994756e+04
1.363548137207480977e+04
1.379055744055249306e+04
1.394996423247630446e+04
1.411369861313696674e+04
1.428175736194280034e+04
1.445413717241972336e+04
1.463083465221088773e+04
1.481184632307731590e+04
1.499716862089780989e+04
1.518679789566831460e+04
1.538073041150237259e+04
1.557896234663112409e+04
1.578148979340348887e+04
1.598830875828571152e+04
1.619941516186154331e+04
1.084019132505568450e+04
1.084236117260438732e+04
1.084887067145327819e+04
1.085971969021052246e+04
1.087490800988994124e+04
1.089443532391064764e+04
1.091830123809727411e+04
1.094650527068015435e+04
1.097904685229486859e+04
1.101592532598251637e+04
1.105713994718989852e+04
1.110268988376906236e+04
1.115257421597752909e+04
1.120679193647847569e+04
1.126534195034050754e+04
1.132822307503761294e+04
1.139543404044952695e+04
1.146697348886104919e+04
1.154283997496290795e+04
1.162303196585103251e+04
1.170754784102700796e+04
1.179638589239775683e+04
1.188954432427572101e+04
1.198702125337899815e+04
1.208881470883097791e+04
1.219492263216052379e+04
1.230534287730224605e+04
1.242007321059591050e+04
1.253911131078689323e+04
1.266245476902613518e+04
1.279010108887005117e+04
1.292204768628062084e+04
1.305829188962488843e+04
1.319883093967600871e+04
1.334366198961188275e+04
1.349278210501688591e+04
1.364618826387986701e+04
1.380387735659578539e+04
1.396584618596498331e+04
1.413209146719309501e+04
1.430260982789122863e+04
1.447739780807642092e+04
1.465645186017072774e+04
1.483976834900195172e+04
1.502734355180309649e+04
1.521917365821309431e+04
1.541525477027580564e+04
1.561558290244120144e+04
1.582015398156418087e+04
1.602896384690548075e+04
1.072396287529049914e+04
1.072610892955117379e+04
1.073254704767600742e+04
1.074327709569370199e+04
1.075829885031880622e+04
1.077761199895144273e+04
1.080121613967771736e+04
1.082911078126944631e+04
1.086129534318415608e+04
1.089776915556521999e+04
1.093853145924199453e+04
1.098358140572913726e+04
1.103291805722765275e+04
1.108654038662389212e+04
1.114444727749028061e+04
1.120663752408477194e+04
1.127310983135130300e+04
1.134386281491947557e+04
1.141889500110487461e+04
1.149820482690856807e+04
1.158179064001765255e+04
1.166965069880493502e+04
1.176178317232888730e+04
1.185818614033391896e+04
1.195885759325024083e+04
1.206379543219368315e+04
1.217299746896605939e+04
1.228646142605475688e+04
1.240418493663319168e+04
1.252616554456030826e+04
1.265240070438112525e+04
1.278288778132600783e+04
1.291762405131157720e+04
1.305660670093993758e+04
1.319983282749917635e+04
1.334729943896300028e+04
1.349900345399091748e+04
1.365494170192841921e+04
1.381511092280652520e+04
1.397950776734214742e+04
1.414812879693799914e+04
1.432097048368241303e+04
1.449802921035006875e+04
1.467930127040053776e+04
1.486478286797992041e+04
1.505447011791966361e+04
1.524835904573737935e+04
1.544644558763602618e+04
1.564872559050463678e+04
1.585519481191804516e+04
1.060564020759761661e+04
1.060776203669406641e+04
1.061412747846284219e+04
1.062473639634276878e+04
1.063958856273179663e+04
1.065868365898704724e+04
1.068202127542490416e+04
1.070960091132069465e+04
1.074142197490918988e+04
1.077748378338424118e+04
1.081778556289882545e+04
1.086232644856513616e+04
1.091110548445458335e+04
1.096412162359765716e+04
1.102137372798415527e+04
1.108286056856300092e+04
1.114858082524233396e+04
1.121853308688928337e+04
1.129271585133046756e+04
1.137112752535135769e+04
1.145376642469691433e+04
1.154063077407095079e+04
1.163171870713676981e+04
1.172702826651675423e+04
1.182655740379223062e+04
1.193030397950415136e+04
1.203826576315227612e+04
1.215044043319562661e+04
1.226682557705248655e+04
1.238741869110031075e+04
1.251221718067563415e+04
1.264121836007425372e+04
1.277441945255131941e+04
1.291181759032069749e+04
1.305340981455565270e+04
1.319919307538893918e+04
1.334916423191207286e+04
1.350332005217596816e+04
1.366165721319066506e+04
1.382417230092532918e+04
1.399086181030825173e+04
1.416172214522721333e+04
1.433674961852893830e+04
1.451594045201918561e+04
1.469929077646311271e+04
1.488679663158500261e+04
1.507845396606844588e+04
1.527425863755597675e+04
1.547420641264925507e+04
1.567829296690970295e+04
1.048538236228873757e+04
1.048747956702527517e+04
1.049377113484742949e+04
1.050425692659418928e+04
1.051893671032989914e+04
1.053781016134503261e+04
1.056087686215569192e+04
1.058813630250392634e+04
1.061958787935727742e+04
1.065523089690955203e+04
1.069506456658009483e+04
1.073908800701410655e+04
1.078730024408250756e+04
1.083970021088234716e+04
1.089628674773612147e+04
1.095705860219227361e+04
1.102201442902514827e+04
1.109115279023480980e+04
1.116447215504713313e+04
1.124197089991375833e+04
1.132364730851231798e+04
1.140949957174607334e+04
1.149952578774418726e+04
1.159372396186163314e+04
1.169209200667910409e+04
1.179462774200319473e+04
1.190132889486635577e+04
1.201219309952666663e+04
1.212721789746824470e+04
1.224640073740083608e+04
1.236973897526017936e+04
1.249722987420755089e+04
1.262887060463035596e+04
1.276465824414162853e+04
1.290458977758016772e+04
1.304866209701076514e+04
1.319687200172384109e+04
1.334921619823580841e+04
1.350569130028861764e+04
1.366629382885030282e+04
1.383102021211461761e+04
1.399986678550130819e+04
1.417282979165547658e+04
1.434990538044830828e+04
1.453108960897707220e+04
1.471637844156430219e+04
1.490576774975870649e+04
1.509925331233462202e+04
1.529683081529246920e+04
1.549849585185820615e+04
1.036336618784798702e+04
1.036543840673507475e+04
1.037165501613908418e+04
1.038201587428861785e+04
1.039652074489777078e+04
1.041516929716658524e+04
1.043796110578050502e+04
1.046489565091069380e+04
1.049597231821421701e+04
1.053119039883358710e+04
1.057054908939712732e+04
1.061404749201874438e+04
1.066168461429811032e+04
1.071345936932048062e+04
1.076937057565692157e+04
1.082941695736399197e+04
1.089359714398410688e+04
1.096190967054535577e+04
1.103435297756141154e+04
1.111092541103157600e+04
1.119162522244100728e+04
1.127645056876044691e+04
1.136539951244626536e+04
1.145847002144059843e+04
1.155565996917125631e+04
1.165696713455167810e+04
1.176238920198102278e+04
1.187192376134403276e+04
1.198556830801130673e+04
1.210332024283898136e+04
1.222517687216886770e+04
1.235113540782867858e+04
1.248119296713148287e+04
1.261534657287611481e+04
1.275359315334735584e+04
1.289592954231529802e+04
1.304235247903598065e+04
1.319285860825093550e+04
1.334744448018745970e+04
1.350610655055861571e+04
1.366884118056295847e+04
1.383564463688499018e+04
1.400651309169443266e+04
1.418144262264713689e+04
1.436042921288462821e+04
1.454346875103356069e+04
1.473055703120699036e+04
1.492168975300328384e+04
1.511686252150648215e+04
1.531607084728630070e+04
1.023977365150649348e+04
1.024182056666804783e+04
1.024796126402166010e+04
1.025819559917490551e+04
1.027252333147312129e+04
1.029094412400036163e+04
1.031345754357844271e+04
1.034006306076789770e+04
1.037076004986711268e+04
1.040554778891287242e+04
1.044442545968017839e+04
1.048739214768224883e+04
1.053444684217056420e+04
1.058558843613482168e+04
1.064081572630302617e+04
1.070012741314117193e+04
1.076352210085387924e+04
1.083099829738362132e+04
1.090255441441131552e+04
1.097818876735609592e+04
1.105789957537526789e+04
1.114168496136448994e+04
1.122954295195759187e+04
1.132147147752648380e+04
1.141746837218156543e+04
1.151753137377127132e+04
1.162165812388243467e+04
1.172984616783992351e+04
1.184209295470714096e+04
1.195839583728543403e+04
1.207875207211450288e+04
1.220315881947226444e+04
1.233161314337494332e+04
1.246411201157688993e+04
1.260065229557067141e+04
1.274123077058739000e+04
1.288584411559577347e+04
1.303448891330353945e+04
1.318716165015584920e+04
1.334385871633694478e+04
1.350457640576869380e+04
1.366931091611122611e+04
1.383805834876320660e+04
1.401081470886147144e+04
1.418757590528075525e+04
1.436833775063441863e+04
1.455309596127381155e+04
1.474184615728881909e+04
1.493458386250722469e+04
1.513130450449525597e+04
1.011479697504946671e+04
1.011681831778710148e+04
1.012288229699111071e+04
1.013298876563540034e+04
1.014713747867626807e+04
1.016532809305267619e+04
1.018756016768593327e+04
1.021383316348019434e+04
1.024414644332191529e+04
1.027849927208008012e+04
1.031689081660629199e+04
1.035932014573463675e+04
1.040578623028204674e+04
1.045628794304752773e+04
1.051082405881279556e+04
1.056939325434232160e+04
1.063199410838287804e+04
1.069862510166385619e+04
1.076928461689713004e+04
1.084397093877714724e+04
1.092268225398106551e+04
1.100541665116834338e+04
1.109217212098101299e+04
1.118294655604377112e+04
1.127773775096375175e+04
1.137654340233066250e+04
1.147936110871687561e+04
1.158618837067701861e+04
1.169702259074856556e+04
1.181186107345120035e+04
1.193070102528754433e+04
1.205353955474242866e+04
1.218037367228344010e+04
1.231120029036055712e+04
1.244601622340633185e+04
1.258481818783593553e+04
1.272760280204702212e+04
1.287436658641972826e+04
1.302510596331703709e+04
1.317981725708386875e+04
1.333849669404844462e+04
1.350114040252065024e+04
1.366774441279376333e+04
1.383830465714318052e+04
1.401281696982687208e+04
1.419127708708520004e+04
1.437368064714137290e+04
1.456002319020108189e+04
1.475030015845231901e+04
1.494450689606592277e+04
9.988605958376274430e+03
9.990601499070135105e+03
9.996588071260657671e+03
1.000656552527534586e+04
1.002053361165940260e+04
1.003849198117691230e+04
1.006044018480938576e+04
1.008637767375716976e+04
1.011630379943849221e+04
1.015021781348978038e+04
1.018811886776579740e+04
1.023000601433936936e+04
1.027587820550165816e+04
1.032573429376184322e+04
1.037957303184757620e+04
1.043739307270438985e+04
1.049919296949624368e+04
1.056497117560516017e+04
1.063472604463145217e+04
1.070845583039363191e+04
1.078615868692836557e+04
1.086783266849051870e+04
1.095347572955311080e+04
1.104308572480754265e+04
1.113666040916314159e+04
1.123419743774770723e+04
1.133569436590705664e+04
1.144114864920520631e+04
1.155055764342450857e+04
1.166391860456537870e+04
1.178122868884652235e+04
1.190248495270475360e+04
1.202768435279522237e+04
1.215682374599118702e+04
1.228989988938392344e+04
1.242690944028336162e+04
1.256784895621713076e+04
1.271271489493146873e+04
1.286150361439049448e+04
1.301421137277675371e+04
1.317083432849094606e+04
1.333136854015165227e+04
1.349580996659624361e+04
1.366415446687997246e+04
1.383639780027606321e+04
1.401253562627616702e+04
1.419256350459027090e+04
1.437647689514651574e+04
1.456427115809083261e+04
1.475594155378803407e+04
9.861288221966606216e+03
9.863257738295214949e+03
9.869166236504088374e+03
9.879013564262686486e+03
9.892799467686745629e+03
9.910523591338323968e+03
9.932185478225846964e+03
9.957784569803834529e+03
9.987320205973310294e+03
1.002079162508148329e+04
1.005819796392197532e+04
1.009953825773445715e+04
1.014481144020514876e+04
1.019401634346659193e+04
1.024715169809742292e+04
1.030421613312269074e+04
1.036520817601367526e+04
1.043012625268802367e+04
1.049896868750975045e+04
1.057173370328905548e+04
1.064841942128246046e+04
1.072902386119276343e+04
1.081354494116908427e+04
1.090198047780695561e+04
1.099432818614791358e+04
1.109058567968017996e+04
1.119075047033793453e+04
1.129481996850190626e+04
1.140279148299896406e+04
1.151466222110225317e+04
1.163042928853142257e+04
1.175008968945217021e+04
1.187364032647674321e+04
1.200107800066348318e+04
1.213239941151714447e+04
1.226760115698862137e+04
1.240667973347544830e+04
1.254963153582084487e+04
1.269645285731521653e+04
1.284713988969433558e+04
1.300168872314097825e+04
1.316009534628392430e+04
1.332235564619822981e+04
1.348846540840540911e+04
1.365842031687279814e+04
1.383221595401473678e+04
1.400984780069156841e+04
1.419131123620954895e+04
1.437660153832193828e+04
1.456571388322781786e+04
9.732928588597951602e+03
9.734871862449972468e+03
9.740701632340233118e+03
9.750417743270872961e+03
9.764019936912336561e+03
9.781507851603191739e+03
9.802881022350084095e+03
9.828138880827964385e+03
9.857280755379861148e+03
9.890305871016880701e+03
9.927213349418343569e+03
9.968002208931829955e+03
1.001267136457295237e+04
1.006121962802558301e+04
1.011364570764162636e+04
1.016994820844124661e+04
1.023012563211268571e+04
1.029417637701244530e+04
1.036209873816515028e+04
1.043389090726345785e+04
1.050955097266837583e+04
1.058907691940898985e+04
1.067246662918241782e+04
1.075971788035421923e+04
1.085082834795775852e+04
1.094579560369488718e+04
1.104461711593544351e+04
1.114729024971743456e+04
1.125381226674703612e+04
1.136418032539854721e+04
1.147839148071448108e+04
1.159644268440551969e+04
1.171833078485051374e+04
1.184405252709634624e+04
1.197360455285825083e+04
1.210698340051940249e+04
1.224418550513128139e+04
1.238520719841353639e+04
1.253004470875384868e+04
1.267869416120811366e+04
1.283115157750062281e+04
1.298741287602351804e+04
1.314747387183679166e+04
1.331133027666937778e+04
1.347897769891806092e+04
1.365041164364756696e+04
1.382562751259083598e+04
1.400462060414911321e+04
1.418738611339176714e+04
1.437391913205638048e+04
9.603653449148214349e+03
9.605570282353119183e+03
9.611320729410135755e+03
9.620904632645351739e+03
9.634321729269686330e+03
9.651571651377889793e+03
9.672653925949180120e+03
9.697567974846879224e+03
9.726313114818822214e+03
9.758888557496766225e+03
9.795293409397027062e+03
9.835526671919842556e+03
9.879587241350191107e+03
9.927473908856791240e+03
9.979185360492965629e+03
1.003472017719614087e+04
1.009407683478807485e+04
1.015725370397467486e+04
1.022424905034622498e+04
1.029506103437724960e+04
1.036968771142642254e+04
1.044812703173679438e+04
1.053037684043565605e+04
1.061643487753444788e+04
1.070629877792894149e+04
1.079996607139928528e+04
1.089743418260964063e+04
1.099870043110863662e+04
1.110376203132900628e+04
1.121261609258790486e+04
1.132525961908645513e+04
1.144168950991052043e+04
1.156190255902970421e+04
1.168589545529807765e+04
1.181366478245413418e+04
1.194520701912042568e+04
1.208051853880378985e+04
1.221959560989516831e+04
1.236243439567024325e+04
1.250903095428848246e+04
1.265938123879377599e+04
1.281348109711416328e+04
1.297132627206201505e+04
1.313291240133439715e+04
1.329823501751170625e+04
1.346728954805939793e+04
1.364007131532680432e+04
1.381657553654767980e+04
1.399679732383974624e+04
1.418073168420542061e+04
9.473622426882775471e+03
9.475512652904626520e+03
9.481183277517357055e+03
9.490634140362726612e+03
9.503864974176985925e+03
9.520875404790876928e+03
9.541664951129541805e+03
9.566233025212795837e+03
9.594578932154854556e+03
9.626701870164424690e+03
9.662600930544658695e+03
9.702275097693336647e+03
9.745723249102638874e+03
9.792944155359145952e+03
9.843936480144202505e+03
9.898698780233371508e+03
9.957229505496979982e+03
1.001952699889952783e+04
1.008558949650023351e+04
1.015541512745294312e+04
1.022900191400549375e+04
1.030634777150080481e+04
1.038745050837587769e+04
1.047230782616243232e+04
1.056091731948654342e+04
1.065327647606891333e+04
1.074938267672469010e+04
1.084923319536337658e+04
1.095282519898910323e+04
1.106015574770062813e+04
1.117122179469097318e+04
1.128602018624765151e+04
1.140454766175289478e+04
1.152680085368333494e+04
1.165277628760986772e+04
1.178247038219824390e+04
1.191587944920847804e+04
1.205299969349516687e+04
1.219382721300735284e+04
1.233835799878852413e+04
1.248658793497697843e+04
1.263851279880500442e+04
1.279412826059979125e+04
1.295342988378279188e+04
1.311641312487026880e+04
1.328307333347265740e+04
1.345340575229465685e+04
1.362740551713623063e+04
1.380506765689115127e+04
1.398638709354809180e+04
9.343048261291960443e+03
9.344911760586091987e+03
9.350502204117356086e+03
9.359819428832361154e+03
9.372863162975181694e+03
9.389633026087904000e+03
9.410128529010171405e+03
9.434349073879093339e+03
9.462293954129836493e+03
9.493962354495170075e+03
9.529353351005374861e+03
9.568465910988606993e+03
9.611298893070625127e+03
9.657851047174881387e+03
9.708121014522657788e+03
9.762107327632747911e+03
9.819808410321729752e+03
9.881222577703920251e+03
9.946348036191193387e+03
1.001518288349325303e+04
1.008772510861745104e+04
1.016397259186883275e+04
1.024392310485004600e+04
1.032757431046156853e+04
1.041492376290157154e+04
1.050596890766582874e+04
1.060070708154785279e+04
1.069913551263884983e+04
1.080125132032776492e+04
1.090705151530114563e+04
1.101653299954327849e+04
1.112969256633618897e+04
1.124652690025945958e+04
1.136703257719045723e+04
1.149120606430446969e+04
1.161904372007397797e+04
1.175054179426961127e+04
1.188569642795955588e+04
1.202450365350941865e+04
1.216695939458295470e+04
1.231305946614129425e+04
1.246279957444348838e+04
1.261617531704605426e+04
1.277318218280333895e+04
1.293381555186724654e+04
1.309807069568760198e+04
1.326594277701169631e+04
1.343742684988474139e+04
1.361251785964950614e+04
1.379121064294649841e+04
9.212257688073350437e+03
9.214094422843982102e+03
9.219604571900981682e+03
9.228787969479208186e+03
9.241644339303638844e+03
9.258173294589232682e+03
9.278374338040839575e+03
9.302246861853427617e+03
9.329790147711673853e+03
9.361003366790555447e+03
9.395885579754803985e+03
9.434435736759269275e+03
9.476652677448601025e+03
9.522535130957658112e+03
9.572081715911099309e+03
9.625290940423565189e+03
9.682161202099769071e+03
9.742690788034451543e+03
9.806877874812107621e+03
9.874720528507350537e+03
9.946216704684775323e+03
1.002136424839900428e+04
1.010016089419445962e+04
1.018260426610572722e+04
1.026869187765723836e+04
1.035842113186345159e+04
1.045178932122885271e+04
1.054879362774786387e+04
1.064943112290484351e+04
1.075369876767417736e+04
1.086159341252018748e+04
1.097311179739717772e+04
1.108825055174961562e+04
1.120700619451149578e+04
1.132937513410738575e+04
1.145535366845128920e+04
1.158493798494760085e+04
1.171812416049033345e+04
1.185490816146357247e+04
1.199528584374183993e+04
1.213925295268900300e+04
1.228680512315913802e+04
1.243793787949616672e+04
1.259264663553458377e+04
1.275092669459818353e+04
1.291277324950087859e+04
1.307818138254669975e+04
1.324714606552961413e+04
1.341966215973361614e+04
1.359572441593245458e+04
9.081608012635160776e+03
9.083418034321266532e+03
9.088848043213101846e+03
9.097897870811038956e+03
9.110567236282395243e+03
9.126855746461524177e+03
9.146762895849542474e+03
9.170288066614693889e+03
9.197430528591939947e+03
9.228189439283414686e+03
9.262563843858015389e+03
9.300552675151629956e+03
9.342154753667136902e+03
9.387368787574087037e+03
9.436193372709431060e+03
9.488626992576746488e+03
9.544668018346510507e+03
9.604314708856236393e+03
9.667565210610428039e+03
9.734417557780489005e+03
9.804869672204631570e+03
9.878919363388058628e+03
9.956564328503100114e+03
1.003780215238871278e+04
1.012263030755107138e+04
1.021104615416311390e+04
1.030304694006476893e+04
1.039862980076291024e+04
1.049779175943126575e+04
1.060052972691064497e+04
1.070684050170871160e+04
1.081672076999998353e+04
1.093016710562606022e+04
1.104717597009544079e+04
1.116774371258338761e+04
1.129186656993247198e+04
1.141954066665171013e+04
1.155076201491756365e+04
1.168552651457303000e+04
1.182382995312827916e+04
1.196566800576019887e+04
1.211103623531280391e+04
1.225993009229714517e+04
1.241234491489085485e+04
1.256827592893860128e+04
1.272771824795245266e+04
1.289066687311087662e+04
1.305711669325928597e+04
1.322706248491022052e+04
1.340049891224334715e+04
8.951333149632000641e+03
8.953116552754772783e+03
8.958466705036516942e+03
8.967383435217152510e+03
8.979866457863272444e+03
8.995915373368143264e+03
9.015529667951750525e+03
9.038708713660435023e+03
9.065451768367620389e+03
9.095757975772903592e+03
9.129626365402964439e+03
9.167055852610883449e+03
9.208045238576278280e+03
9.252593210305667526e+03
9.300698340632152394e+03
9.352359088215325755e+03
9.407573797541499516e+03
9.466340698923841046e+03
9.528657908501736529e+03
9.594523428241654983e+03
9.663935145936420668e+03
9.736890835205531403e+03
9.813388155495385945e+03
9.893424652078647341e+03
9.976997756054879574e+03
1.006410478435027471e+04
1.015474293971742554e+04
1.024890931073600768e+04
1.034660087181187009e+04
1.044781448317780814e+04
1.055254689089319982e+04
1.066079472684405118e+04
1.077255450874304188e+04
1.088782264012934320e+04
1.100659541036889095e+04
1.112886899465438546e+04
1.125463945400497323e+04
1.138390273526647434e+04
1.151665467111151884e+04
1.165289098003913750e+04
1.179260726637521657e+04
1.193579902027213393e+04
1.208246161770903200e+04
1.223259032049163579e+04
1.238618027625216200e+04
1.254322651844986467e+04
1.270372396637030761e+04
1.286766742512572819e+04
1.303505158565503734e+04
1.320587102472418337e+04
8.821582755555664335e+03
8.823339645077157911e+03
8.828610255626017533e+03
8.837394413155698203e+03
8.849691827588458182e+03
8.865502092815677315e+03
8.884824686697402285e+03
8.907658971062801356e+03
8.934004191709982479e+03
8.963859478405856862e+03
8.997223844886320876e+03
9.034096188856210574e+03
9.074475291989392645e+03
9.118359819928400611e+03
9.165748322285071481e+03
9.216639232639727197e+03
9.271030868542129610e+03
9.328921431510389084e+03
9.390309007032055888e+03
9.455191564563392603e+03
9.523566957529510546e+03
9.595432923324733565e+03
9.670787083311961396e+03
9.749626942823215359e+03
9.831949891159501931e+03
9.917753201590630852e+03
1.000703403135539702e+04
1.009978942166148954e+04
1.019601629768571911e+04
1.029571146857347230e+04
1.039887162743930276e+04
1.050549335136670379e+04
1.061557310140806294e+04
1.072910722258470742e+04
1.084609194388672222e+04
1.096652337827345036e+04
1.109039752267281074e+04
1.121771025798193477e+04
1.134845734906684811e+04
1.148263444476224322e+04
1.162023707787220701e+04
1.176126066516908395e+04
1.190570050739497674e+04
1.205355178926010922e+04
1.220480957944437250e+04
1.235946883059605170e+04
1.251752437933246256e+04
1.267897094624022429e+04
1.284380313587416822e+04
1.301201543675879293e+04
8.692523611853994225e+03
8.694254110129168112e+03
8.699445546001334151e+03
8.708097742610107161e+03
8.720210405188254299e+03
8.735783121061467682e+03
8.754815359648728190e+03
8.777306472462032616e+03
8.803255693106575563e+03
8.832662137280385650e+03
8.865524802774825730e+03
8.901842569474229094e+03
8.941614199356081372e+03
8.984838336490975053e+03
9.031513507042382116e+03
9.081638119267154252e+03
9.135210463515204538e+03
9.192228712229280063e+03
9.252690919945462156e+03
9.316595023292848055e+03
9.383938840993550912e+03
9.454720073863063590e+03
9.528936304809485591e+03
9.606584998834432554e+03
9.687663503032445078e+03
9.772169046591125152e+03
9.860098740791227101e+03
9.951449579006612112e+03
1.004621843670420276e+04
1.014440207144393753e+04
1.024599712287895272e+04
1.035100011275540055e+04
1.045940744491267651e+04
1.057121540528301011e+04
1.068642016189196511e+04
1.080501776485807568e+04
1.092700414639302835e+04
1.105237512080148008e+04
1.118112638448128564e+04
1.131325351592340667e+04
1.144875197571182071e+04
1.158761710652370311e+04
1.172984413312906327e+04
1.187542816239147214e+04
1.202436418326697094e+04
1.217664706680525342e+04
1.233227156614893829e+04
1.249123231653347830e+04
1.265352383528779683e+04
1.281914052183346939e+04
8.564356728439634026e+03
8.566060995243651632e+03
8.571173735754382506e+03
8.579694770267087733e+03
8.591623799274066187e+03
8.606960403464699993e+03
8.625704043725090742e+03
8.647854061138377801e+03
8.673409676984692851e+03
8.702369992740932503e+03
8.734733990081122101e+03
8.770500530876006451e+03
8.809668357193368138e+03
8.852236091298073006e+03
8.898202235651660885e+03
8.947565172912663911e+03
9.000323165936742953e+03
9.056474357776232864e+03
9.116016771680551756e+03
9.178948311095973622e+03
9.245266759665764766e+03
9.314969781230183798e+03
9.388054919826208788e+03
9.464519599687992013e+03
9.544361125246359734e+03
9.627576681129312419e+03
9.714163332161751896e+03
9.804118023365299450e+03
9.897437579958705101e+03
9.994118707357665699e+03
1.009415799117468850e+04
1.019755189721927309e+04
1.030429677149782037e+04
1.041438884021376907e+04
1.052782420976732283e+04
1.064459886675576854e+04
1.076470867797324900e+04
1.088814939041085381e+04
1.101491663125657396e+04
1.114500590789534726e+04
1.127841260790910383e+04
1.141513199907676608e+04
1.155515922937383948e+04
1.169848932697323107e+04
1.184511720024420356e+04
1.199503763775373955e+04
1.214824530826526825e+04
1.230473476073884740e+04
1.246450042433216367e+04
1.262753660839916847e+04
8.437300592526480614e+03
8.438978831526173963e+03
8.444013487664096829e+03
8.452404378356823145e+03
8.464151199298657957e+03
8.479253524461501001e+03
8.497710806095255975e+03
8.519522374727193892e+03
8.544687439162544251e+03
8.573205086484040294e+03
8.605074282052419221e+03
8.640293869505831026e+03
8.678862570760384187e+03
8.720778986009645450e+03
8.766041593725140046e+03
8.814648750655987897e+03
8.866598691829040035e+03
8.921889530548878611e+03
8.980519258397725935e+03
9.042485745235717332e+03
9.107786739200400916e+03
9.176419866707237816e+03
9.248382632449465746e+03
9.323672419397826161e+03
9.402286488800928055e+03
9.484221980185020584e+03
9.569475911354174968e+03
9.658045178390102592e+03
9.749926555652064053e+03
9.845116695777323912e+03
9.943612129680786893e+03
1.004540926655481599e+04
1.015050439386991457e+04
1.025889367737386237e+04
1.037057316109257954e+04
1.048553876732935350e+04
1.060378629666533925e+04
1.072531142795933192e+04
1.085010971834808515e+04
1.097817660324562894e+04
1.110950739634408819e+04
1.124409728961318251e+04
1.138194135330031713e+04
1.152303453593049198e+04
1.166737166430675643e+04
1.181494744350957262e+04
1.196575645689717931e+04
1.211979316610559181e+04
1.227705191104860205e+04
1.243752690991750569e+04
8.311586503691069083e+03
8.313238976108641509e+03
8.318196331526860376e+03
8.326458384442184979e+03
8.338024825681895891e+03
8.352895222404413289e+03
8.371069018099024106e+03
8.392545532585927504e+03
8.417323962016325822e+03
8.445403378872379108e+03
8.476782731967159634e+03
8.511460846444697381e+03
8.549436423780070982e+03
8.590708041779180348e+03
8.635274154578837624e+03
8.683133092647085505e+03
8.734283062782606066e+03
8.788722148115130040e+03
8.846448308105527758e+03
8.907459378545308937e+03
8.971753071557168369e+03
9.039326975594667601e+03
9.110178555442371362e+03
9.184305152215620183e+03
9.261703983360894199e+03
9.342372142655767675e+03
9.426306600208317832e+03
9.513504202457852443e+03
9.603961672174818887e+03
9.697675608460212970e+03
9.794642486746170107e+03
9.894858658795919837e+03
9.998320352703376557e+03
1.010502367289363974e+04
1.021496460012263015e+04
1.032813899147722623e+04
1.044454258037521868e+04
1.056417097656558326e+04
1.068701966612798060e+04
1.081308401147311997e+04
1.094235925134266836e+04
1.107484050080929592e+04
1.121052275127649409e+04
1.134940087047880297e+04
1.149146960248162941e+04
1.163672356768156533e+04
1.178515726280602394e+04
1.193676506091314877e+04
1.209154121139226845e+04
1.224947983996371477e+04
8.187459823217977828e+03
8.189086859370399907e+03
8.193967905003228225e+03
8.202102771642512380e+03
8.213491145164925911e+03
8.228132585798130094e+03
8.246026528120410148e+03
8.267172281060720707e+03
8.291569027898685817e+03
8.319215826264780844e+03
8.350111608140196040e+03
8.384255179856791074e+03
8.421645222097185979e+03
8.462280289894670204e+03
8.506158812633293564e+03
8.553279094047911713e+03
8.603639312223958768e+03
8.657237519597629216e+03
8.714071642955968855e+03
8.774139483436511000e+03
8.837438716527776705e+03
8.903966892068820016e+03
8.973721434249546292e+03
9.046699641610484832e+03
9.122898687042879828e+03
9.202315617788917734e+03
9.284947355441136096e+03
9.370790695943060200e+03
9.459842309588930220e+03
9.552098741023701223e+03
9.647556409242906739e+03
9.746211607592931614e+03
9.848060503770875584e+03
9.953099139824553276e+03
1.006132343215258516e+04
1.017272917150403373e+04
1.028731202297908567e+04
1.040506752602827873e+04
1.052599109445318390e+04
1.065007801640585967e+04
1.077732345438921584e+04
1.090772244525687711e+04
1.104126990021322854e+04
1.117796060481314271e+04
1.131778921896257089e+04
1.146075027691795185e+04
1.160683818728639380e+04
1.175604723302603816e+04
1.190837157144551384e+04
1.206380523420411919e+04
8.065133556085265809e+03
8.066735541101979834e+03
8.071541432318190346e+03
8.079551038231784332e+03
8.090764039672922081e+03
8.105179989803446006e+03
8.122798314117471818e+03
8.143618310440933783e+03
8.167639148931812088e+03
8.194859872080132845e+03
8.225279394707922620e+03
8.258896503969162950e+03
8.295709859349744875e+03
8.335717992667787257e+03
8.378919308073272987e+03
8.425312082048185403e+03
8.474894463406462819e+03
8.527664473294134950e+03
8.583620005189231961e+03
8.642758824901648040e+03
8.705078570573505203e+03
8.770576752678653065e+03
8.839250754023123591e+03
8.911097829744994669e+03
8.986115107314162742e+03
9.064299586532706599e+03
9.145648139534478105e+03
9.230157510785556951e+03
9.317824317083886854e+03
9.408645047559548402e+03
9.502616063674349789e+03
9.599733599222508929e+03
9.699993760329789438e+03
9.803392525454319184e+03
9.909925745385999107e+03
1.001958914324691250e+04
1.013237831449091573e+04
1.024828872690409298e+04
1.036731572060430153e+04
1.048945450804171742e+04
1.061470017399810786e+04
1.074304767558760432e+04
1.087449184225606587e+04
1.100902737578171582e+04
1.114664885027423225e+04
1.128735071217579389e+04
1.143112728026017066e+04
1.157797274563354222e+04
1.172788117173395221e+04
1.188084649433103550e+04
7.944701740082336983e+03
7.946279064651162116e+03
7.951010973494157952e+03
7.958897272021067693e+03
7.969937635914993734e+03
7.984131611132170292e+03
8.001478613901872450e+03
8.021977930726734485e+03
8.045628718382613442e+03
8.072430003918452712e+03
8.102380684656418453e+03
8.135479528191945064e+03
8.171725172393644243e+03
8.211116125403350452e+03
8.253650765635939024e+03
8.299327341779689959e+03
8.348143972795969603e+03
8.400098647919412542e+03
8.455189226657739709e+03
8.513413438791985755e+03
8.574768884376362621e+03
8.639253033738214071e+03
8.706863227478197587e+03
8.777596676470011516e+03
8.851450461860713403e+03
8.928421535070492610e+03
9.008506717792715790e+03
9.091702701993972369e+03
9.178006049914074538e+03
9.267413194065966309e+03
9.359920437235859936e+03
9.455523952483144967e+03
9.554219783140479194e+03
9.656003842813515803e+03
9.760871915381312647e+03
9.868819654996059398e+03
9.979842586083123024e+03
1.009393610334104778e+04
1.021109547174173713e+04
1.033131582653004443e+04
1.045459217322431869e+04
1.058091938761572237e+04
1.071029221576891359e+04
1.084270527402186417e+04
1.097815304898540489e+04
1.111662989754358932e+04
1.125813004685396663e+04
1.140264759434703592e+04
1.155017650772670095e+04
1.170071062496972445e+04
7.826240366851789076e+03
7.827793418588771601e+03
7.832452507886409876e+03
7.840217437004457679e+03
7.851087876376004715e+03
7.865063364607203766e+03
7.882143308477543542e+03
7.902326982939712252e+03
7.925613531119552135e+03
7.952001964316286831e+03
7.981491162001930206e+03
8.014079871822241330e+03
8.049766709595769498e+03
8.088550159314581833e+03
8.130428573143763060e+03
8.175400171421597406e+03
8.223463042659705025e+03
8.274615143542951046e+03
8.328854298929218203e+03
8.386178201849725156e+03
8.446584413508844591e+03
8.510070363284194173e+03
8.576633348726682016e+03
8.646270535560324788e+03
8.718978957682293185e+03
8.794755517163184777e+03
8.873596984246569264e+03
8.955499997349352270e+03
9.040461063061684399e+03
9.128476556146915755e+03
9.219542719541368569e+03
9.313655664354973851e+03
9.410811369870589260e+03
9.511005683544362910e+03
9.614234321005733364e+03
9.720492866057156789e+03
9.829776770674607178e+03
9.942081355006848753e+03
1.005740180737620904e+04
1.017573318427821505e+04
1.029707041038136595e+04
1.042140827852754228e+04
1.054874144973177863e+04
1.067906445318230908e+04
1.081237168624074911e+04
1.094865741444173182e+04
1.108791577149313525e+04
1.123014075927594604e+04
1.137532624784471409e+04
1.152346597542691597e+04
7.709861253666258563e+03
7.711390432261987371e+03
7.715977901063797617e+03
7.723623459116379308e+03
7.734326771493624619e+03
7.748087369299446436e+03
7.764904649667278136e+03
7.784777875760028110e+03
7.807706176770489037e+03
7.833688547920974088e+03
7.862723850463544295e+03
7.894810811679690232e+03
7.929948024880786761e+03
7.968133949407774708e+03
8.009366910631160863e+03
8.053645099951199882e+03
8.100966574797803332e+03
8.151329258630403274e+03
8.204730940938179629e+03
8.261169277239923758e+03
8.320641789084129414e+03
8.383145864048856311e+03
8.448678755741866553e+03
8.517237583800488210e+03
8.588819333891751739e+03
8.663420857712389989e+03
8.741038872988792718e+03
8.821669963476733756e+03
8.905310578961962165e+03
8.991957035259702025e+03
9.081605514214834329e+03
9.174252063701987936e+03
9.269892597625266717e+03
9.368522895918522408e+03
9.470138604545354610e+03
9.574735235498746988e+03
9.682308166801567495e+03
9.792852642506204575e+03
9.906363772694794534e+03
1.002283653347894870e+04
1.014226576700011719e+04
1.026464618142927065e+04
1.038997235096703662e+04
1.051823871584374501e+04
1.064943958231942815e+04
1.078356912268345695e+04
1.092062137525526850e+04
1.106059024438382039e+04
1.120346950044731784e+04
1.134925277985412322e+04
7.595705063279092428e+03
7.597210792338182728e+03
7.601727911435182250e+03
7.609256216328549272e+03
7.619795366616017418e+03
7.633344885734231866e+03
7.649904160959113142e+03
7.669472443405447848e+03
7.692048848027116037e+03
7.717632353617091212e+03
7.746221802807531276e+03
7.777815902069460208e+03
7.812413221713040912e+03
7.850012195887529742e+03
7.890611122581321979e+03
7.934208163621678978e+03
7.980801344675046494e+03
8.030388555246918258e+03
8.082967548681926928e+03
8.138535942163662185e+03
8.197091216714716211e+03
8.258630717197002014e+03
8.323151652311253201e+03
8.390651094597387782e+03
8.461125980434371741e+03
8.534573110040082611e+03
8.610989147471764227e+03
8.690370620625481024e+03
8.772713921236436363e+03
8.858015304878927054e+03
8.946270890966252409e+03
9.037476662750850664e+03
9.131628467324117082e+03
9.228722015616676799e+03
9.328752882398111979e+03
9.431716506276961809e+03
9.537608189701040828e+03
9.646423098957166076e+03
9.758156264171066141e+03
9.872802579307790438e+03
9.990356802171208983e+03
1.011081355440446714e+04
1.023416732148957635e+04
1.036041245274777793e+04
1.048954316133922475e+04
1.062155352426334503e+04
1.075643748235825115e+04
1.089418884030164918e+04
1.103480126660997485e+04
1.117826829363875731e+04
7.483917559150995658e+03
7.485400291904352343e+03
7.489848420962789532e+03
7.497261738721999791e+03
7.507639899174682796e+03
7.520982417910727236e+03
7.537288672116847010e+03
7.556557900577172404e+03
7.578789203672704389e+03
7.603981543381496522e+03
7.632133743278882321e+03
7.663244488537156940e+03
7.697312325925668119e+03
7.734335663810907135e+03
7.774312772156417850e+03
7.817241782522933136e+03
7.863120688068192976e+03
7.911947343546853517e+03
7.963719465310941814e+03
8.018434631309537508e+03
8.076090281088545453e+03
8.136683715791241411e+03
8.200212098157817309e+03
8.266672452525608605e+03
8.336061664829094298e+03
8.408376482599715018e+03
8.483613514966054936e+03
8.561769232653796280e+03
8.642839967985673866e+03
8.726821914881611519e+03
8.813711128858494703e+03
8.903503527030352416e+03
8.996194888108220766e+03
9.091780852400370350e+03
9.190256921811987922e+03
9.291618459845494726e+03
9.395860691600319115e+03
9.502978703772896552e+03
9.612967444657033411e+03
9.725821724143270330e+03
9.841536213719336956e+03
9.960105446470333845e+03
1.008152381707800487e+04
1.020578558182137385e+04
1.033288485857669912e+04
1.046281562681715513e+04
1.059557172761296897e+04
1.073114686363160217e+04
1.086953459913747793e+04
1.101072835999202653e+04
7.374648415003093760e+03
7.376108649006937412e+03
7.380489280667097773e+03
7.387790098929235683e+03
7.398010752035952464e+03
7.411150747527244675e+03
7.427209452240003884e+03
7.446186092308244042e+03
7.468079753163101486e+03
7.492889379532971361e+03
7.520613775442916449e+03
7.551251604215531188e+03
7.584801388470305028e+03
7.621261510123895278e+03
7.660630210390036154e+03
7.702905589779538786e+03
7.748085608100245736e+03
7.796168084457258374e+03
7.847150697252664031e+03
7.901030984185717898e+03
7.957806342252706600e+03
8.017474027747130094e+03
8.080031156259292402e+03
8.145474702676938250e+03
8.213801501184752851e+03
8.285008245264634752e+03
8.359091487695332034e+03
8.436047640552897064e+03
8.515872975210504592e+03
8.598563622338269852e+03
8.684115571903475939e+03
8.772524673170619280e+03
8.863786634701045841e+03
8.957897024353451343e+03
9.054851269283471993e+03
9.154644655943911857e+03
9.257272330084697387e+03
9.362729296752695518e+03
9.471010420292122944e+03
9.582110424344045896e+03
9.696023891846789411e+03
9.812745265035755438e+03
9.932268845443377359e+03
1.005458879389925642e+04
1.017969913052997981e+04
1.030759373475934808e+04
1.043826634530823867e+04
1.057171056019469688e+04
1.070791983673361756e+04
1.084688749153738172e+04
7.268047825019675656e+03
7.269486104892803269e+03
7.273800872977972176e+03
7.280991914672949861e+03
7.291058872307348793e+03
7.304001245142490006e+03
7.319818389371721423e+03
7.338509518120008579e+03
7.360073701444343897e+03
7.384509866333291939e+03
7.411816796707489630e+03
7.441993133419327933e+03
7.475037374253042799e+03
7.510947873924533269e+03
7.549722844081816220e+03
7.591360353304480668e+03
7.635858327104051568e+03
7.683214547923989812e+03
7.733426655139373906e+03
7.786492145057172820e+03
7.842408370916382410e+03
7.901172542887479722e+03
7.962781728073105114e+03
8.027232850507516559e+03
8.094522691156907968e+03
8.164647887919227287e+03
8.237604935624312930e+03
8.313390186033802820e+03
8.391999847841134397e+03
8.473429986671681036e+03
8.557676525082433727e+03
8.644735242562501298e+03
8.734601775532610191e+03
8.827271617345377308e+03
8.922740118285310018e+03
9.021002485568487828e+03
9.122053783343199029e+03
9.225888932689349531e+03
9.332502711618690228e+03
9.441889755074771529e+03
9.554044554932988831e+03
9.668961460000718944e+03
9.786634676016910817e+03
9.907058265652585760e+03
1.003022614851038270e+04
1.015613210112478555e+04
1.028476975696248701e+04
1.041613260642143359e+04
1.055021399683182608e+04
1.068700713245543739e+04
7.164207924021548024e+03
7.165624814795182829e+03
7.169875414364014432e+03
7.176959504472415574e+03
7.186876721361113596e+03
7.199626555766735692e+03
7.215208352922445556e+03
7.233621312557397687e+03
7.254864488897192132e+03
7.278936790663556167e+03
7.305836981074389769e+03
7.335563677843902042e+03
7.368115353182520266e+03
7.403490333796844425e+03
7.441686800889920050e+03
7.482702790160647055e+03
7.526536191804552800e+03
7.573184750513155450e+03
7.622646065474191346e+03
7.674917590371751430e+03
7.729996633386053873e+03
7.787880357193671443e+03
7.848565778967349615e+03
7.912049770375961089e+03
7.978329057584687689e+03
8.047400221255111319e+03
8.119259696544713734e+03
8.193903773107376765e+03
8.271328595093291369e+03
8.351530161148821207e+03
8.434504324416502641e+03
8.520246792535044733e+03
8.608753127639647573e+03
8.700018746361411104e+03
8.794038919827971768e+03
8.890808773663002285e+03
8.990323287986529976e+03
9.092577297414527493e+03
9.197565491059685883e+03
9.305282412530505098e+03
9.415722459931839694e+03
9.528879885864898824e+03
9.644748797426927922e+03
9.763323156211572496e+03
9.884596778308605280e+03
1.000856333430401719e+04
1.013521634928019921e+04
1.026454920281557861e+04
1.039655512898480083e+04
1.053122721635891139e+04
7.063172729125881233e+03
7.064568794279557551e+03
7.068756915734138602e+03
7.075736871470007827e+03
7.085508291454743812e+03
7.098070657642938386e+03
7.113423303976105672e+03
7.131565416382727562e+03
7.152496032778435620e+03
7.176214043065738224e+03
7.202718189134338900e+03
7.232007064860590617e+03
7.264079116108314338e+03
7.298932640727980470e+03
7.336565788557254564e+03
7.376976561420724465e+03
7.420162813129991264e+03
7.466122249483805717e+03
7.514852428267704454e+03
7.566350759254373770e+03
7.620614504203467732e+03
7.677640776861653649e+03
7.737426542962566600e+03
7.799968620227036809e+03
7.865263678362771316e+03
7.933308239064217560e+03
8.004098676013245495e+03
8.077631214878692845e+03
8.153901933316092254e+03
8.232906760968398885e+03
8.314641479465171869e+03
8.399101722423256433e+03
8.486282975446420096e+03
8.576180576125398147e+03
8.668789714037984595e+03
8.764105430749077641e+03
8.862122619810315882e+03
8.962836026760669483e+03
9.066240249125803530e+03
9.172329736418714674e+03
9.281098790139094490e+03
9.392541563773920643e+03
9.506652062796911196e+03
9.623424144668979352e+03
9.742851518838051561e+03
9.864927746738976566e+03
9.989646241793616355e+03
1.011700026941089163e+04
1.024698294698682730e+04
1.037958724390409770e+04
6.964995207959782419e+03
6.966371010428838417e+03
6.970498342536302516e+03
6.977376978383017558e+03
6.987006541470282173e+03
6.999386504700078149e+03
7.014516190374797588e+03
7.032394770197470280e+03
7.053021265271672746e+03
7.076394546101437300e+03
7.102513332591433937e+03
7.131376194046833916e+03
7.162981549173446183e+03
7.197327666077444519e+03
7.234412662265640392e+03
7.274234504645482957e+03
7.316791009524877154e+03
7.362079842612183711e+03
7.410098519016537466e+03
7.460844403247347145e+03
7.514314709214841059e+03
7.570506500229703306e+03
7.629416689002891871e+03
7.691042037646366225e+03
7.755379157672177826e+03
7.822424509993425090e+03
7.892174404923252951e+03
7.964625002175716872e+03
8.039772310865191685e+03
8.117612189506689901e+03
8.198140346015816249e+03
8.281352337708676714e+03
8.367243571301787597e+03
8.455809302912530256e+03
8.547044638058468990e+03
8.640944531657987682e+03
8.737503788029880525e+03
8.836717060893488451e+03
8.938578853368835553e+03
9.043083517976265284e+03
9.150225256636849736e+03
9.259998120672162258e+03
9.372396010804231992e+03
9.487412677155771235e+03
9.605041719249948073e+03
9.725276586010477331e+03
9.848110575761711516e+03
9.973536836228367974e+03
1.010154836453593816e+04
1.023213800721023290e+04
6.869769597524145865e+03
6.871125708439058144e+03
6.875193964550226156e+03
6.881974135956033933e+03
6.891465839487773337e+03
6.903668538709007407e+03
6.918581543915524890e+03
6.936204012135885932e+03
6.956534947130830915e+03
6.979573199393689720e+03
7.005317466150245309e+03
7.033766291358597300e+03
7.064918065709207440e+03
7.098771026625399827e+03
7.135323258262405943e+03
7.174572691508274147e+03
7.216517103983233028e+03
7.261154120040191629e+03
7.308481210764239222e+03
7.358495693973100060e+03
7.411194734216951474e+03
7.466575342778196500e+03
7.524634377671873153e+03
7.585368543645427053e+03
7.648774392178574999e+03
7.714848321483759719e+03
7.783586576505604171e+03
7.854985248921320817e+03
7.929040277140484250e+03
8.005747446305122139e+03
8.085102388289715236e+03
8.167100581701197370e+03
8.251737351878909976e+03
8.339007870894647567e+03
8.428907157552612261e+03
8.521430077389413782e+03
8.616571342674296830e+03
8.714325512408731811e+03
8.814686992326596737e+03
8.917650034894450073e+03
9.023208739311075988e+03
9.131357051507711731e+03
9.242088764148138580e+03
9.355397516628636367e+03
9.471276795077619681e+03
9.589719932356229037e+03
9.710720108057876132e+03
9.834270348508516690e+03
9.960363526766559517e+03
1.008899236262268460e+04
6.777593556188730872e+03
6.778930555839815497e+03
6.782941476781843448e+03
6.789626084981728127e+03
6.798983990384158460e+03
6.811014646911644377e+03
6.825717352464698706e+03
6.843091248921655279e+03
6.863135322138577976e+03
6.885848401949624531e+03
6.911229162166682727e+03
6.939276120579643248e+03
6.969987638956217779e+03
7.003361923041848058e+03
7.039397022560069672e+03
7.078090831212284684e+03
7.119441086677534258e+03
7.163445370612998886e+03
7.210101108653543633e+03
7.259405570412036468e+03
7.311355869479257308e+03
7.365948963423670648e+03
7.423181653791743884e+03
7.483050586107856361e+03
7.545552249874162953e+03
7.610682978570775958e+03
7.678438949655674151e+03
7.748816184564657306e+03
7.821810548711346200e+03
7.897417751487455462e+03
7.975633346262429768e+03
8.056452730383580274e+03
8.139871145176084610e+03
8.225883675943032358e+03
8.314485251965334101e+03
8.405670646502039745e+03
8.499434476789610926e+03
8.595771204042830504e+03
8.694675133454029492e+03
8.796140414193541801e+03
8.900161039409704244e+03
9.006730846228538212e+03
9.115843515754067994e+03
9.227492573068002457e+03
9.341671387230098844e+03
9.458373171278117297e+03
9.577590982227320637e+03
9.699317721071111009e+03
9.823546132780802509e+03
9.950268806305393809e+03
6.688503408040105569e+03
6.689821887505513587e+03
6.693777246467425357e+03
6.700369246622676656e+03
6.709597490799296793e+03
6.721461422956508613e+03
6.735960328184910395e+03
6.753093332706157526e+03
6.772859403873144402e+03
6.795257350170095378e+03
6.820285821212382871e+03
6.847943307746618302e+03
6.878228141650606631e+03
6.911138495933300874e+03
6.946672384735120431e+03
6.984827663327450864e+03
7.025602028112962216e+03
7.068993016625654491e+03
7.114998007530630275e+03
7.163614220624322115e+03
7.214838716834265142e+03
7.268668398219233495e+03
7.325100007969331273e+03
7.384130130405765158e+03
7.445755190980980842e+03
7.509971456278708501e+03
7.576775034013962795e+03
7.646161873032633594e+03
7.718127763312259049e+03
7.792668335961388948e+03
7.869779063219857562e+03
7.949455258458556273e+03
8.031692076179797368e+03
8.116484512017086672e+03
8.203827402735032592e+03
8.293715426229528020e+03
8.386143101527795807e+03
8.481104788788115911e+03
8.578594689300007303e+03
8.678606845484364385e+03
8.781135140893093194e+03
8.886173300209384252e+03
8.993714889247848987e+03
9.103753314954064990e+03
9.216281825404939809e+03
9.331293509808529052e+03
9.448781298504263759e+03
9.568737962962541133e+03
9.691156115785361180e+03
9.816028210705417223e+03
6.602481451458515949e+03
6.603782013770569392e+03
6.607683619799581720e+03
6.614186026824836517e+03
6.623288830311275888e+03
6.634991463910273524e+03
6.649293199458952586e+03
6.666193146980731399e+03
6.685690254684868705e+03
6.707783308966918412e+03
6.732470934408320318e+03
6.759751593776582013e+03
6.789623588025369827e+03
6.822085056294281458e+03
6.857133975909027868e+03
6.894768162381433285e+03
6.934985269409298780e+03
6.977782788876493214e+03
7.023158050852998713e+03
7.071108223594819719e+03
7.121630313543937518e+03
7.174721165328583083e+03
7.230377461762873281e+03
7.288595723847038244e+03
7.349372310767375893e+03
7.412703419896160995e+03
7.478585086791918002e+03
7.547013185199011787e+03
7.617983427048011436e+03
7.691491362455417402e+03
7.767532379723979830e+03
7.846101705342289279e+03
7.927194403985140525e+03
8.010805378513350661e+03
8.096929369973713619e+03
8.185560957599182075e+03
8.276694558808685542e+03
8.370324429207403227e+03
8.466444662586263803e+03
8.565049190922491107e+03
8.666131784379240344e+03
8.769686051305870933e+03
8.875705438237537237e+03
8.984183229895734257e+03
9.095112549187933837e+03
9.208486357207493711e+03
9.324297453234157729e+03
9.442538474733237308e+03
9.563201897356657355e+03
9.686280034942001294e+03
6.519482129444804741e+03
6.520765380907278086e+03
6.524615052863146047e+03
6.531030898017388608e+03
6.540012504212154454e+03
6.551559294425851476e+03
6.565670526774101745e+03
6.582345294509059386e+03
6.601582526019592478e+03
6.623380984831510432e+03
6.647739269607291135e+03
6.674655814146126431e+03
6.704128887384058544e+03
6.736156593393798175e+03
6.770736871384906408e+03
6.807867495703703753e+03
6.847546075833270152e+03
6.889770056393308550e+03
6.934536717140417750e+03
6.981843172968046929e+03
7.031686373906177323e+03
7.084063105121776971e+03
7.138969986918391442e+03
7.196403474736416683e+03
7.256359859153099023e+03
7.318835265882216845e+03
7.383825655774489860e+03
7.451326824817397210e+03
7.521334404135131990e+03
7.593843859988601253e+03
7.668850493775607902e+03
7.746349442030577848e+03
7.826335676424832855e+03
7.908804003766272217e+03
7.993749065999827508e+03
8.081165340206825931e+03
8.171047138605763394e+03
8.263388608551576908e+03
8.358183732536099342e+03
8.455426328187968465e+03
8.555110048272536005e+03
8.657228380691867642e+03
8.761774648484833961e+03
8.868742009827110451e+03
8.978123458031086557e+03
9.089911821545911152e+03
9.204099763957447067e+03
9.320679783988498457e+03
9.439644215498492485e+03
9.560985227483479321e+03
6.439399984709189084e+03
6.440666508968797643e+03
6.444465997738052465e+03
6.450798198988832155e+03
6.459662692673873607e+03
6.471058890727272228e+03
6.484986037064072661e+03
6.501443207580723538e+03
6.520429310154577252e+03
6.541943084644208284e+03
6.565983102889413203e+03
6.592547768710983291e+03
6.621635317911068341e+03
6.653243818272676435e+03
6.687371169560310591e+03
6.724015103519241165e+03
6.763173183876233452e+03
6.804842806338865557e+03
6.849021198596255999e+03
6.895705420318290635e+03
6.944892363156168358e+03
6.996578750742219199e+03
7.050761138689995278e+03
7.107435914594088899e+03
7.166599298030223508e+03
7.228247340555344636e+03
7.292375925707528950e+03
7.358980769005802358e+03
7.428057417950822128e+03
7.499601252023830966e+03
7.573607482687566517e+03
7.650071153385897560e+03
7.728987139543596641e+03
7.810350148566749340e+03
7.894154719842708801e+03
7.980395224739686455e+03
8.069065866607343196e+03
8.160160680776152731e+03
8.253673534558129177e+03
8.349598127246008517e+03
8.447927990114067143e+03
8.548656486417348788e+03
8.651776811392437594e+03
8.757281992256685044e+03
8.865164888208892080e+03
8.975418190428808884e+03
9.088034422077362251e+03
9.203005938296746535e+03
9.320324926210105332e+03
9.439983404922031696e+03
6.362104006388653943e+03
6.363354356029685732e+03
6.367105319311690437e+03
6.373356639311305116e+03
6.382107887822985504e+03
6.393358465358915055e+03
6.407107601149118636e+03
6.423354353141348838e+03
6.442097608001085973e+03
6.463336081111765452e+03
6.487068316574413984e+03
6.513292687207786003e+03
6.542007394548681987e+03
6.573210468851448240e+03
6.606899769088249741e+03
6.643072982949115612e+03
6.681727626841711754e+03
6.722861045891522735e+03
6.766470413941942752e+03
6.812552733553957296e+03
6.861104836006416008e+03
6.912123381295941726e+03
6.965604858136930488e+03
7.021545583961551529e+03
7.079941704919701806e+03
7.140789195879096951e+03
7.204083860425271268e+03
7.269821330861395836e+03
7.337997068208642304e+03
7.408606362205637197e+03
7.481644331309189511e+03
7.557105922693563116e+03
7.634985912250749607e+03
7.715278904590923048e+03
7.797979333041530481e+03
7.883081459648201417e+03
7.970579375174020242e+03
8.060466999100208341e+03
8.152738079625396495e+03
8.247386193666125109e+03
8.344404746856844213e+03
8.443786973549595132e+03
8.545525936814237866e+03
8.649614528438496563e+03
8.756045468927777620e+03
8.864811307505306104e+03
8.975904422112034808e+03
9.089317019406780673e+03
9.205041134765997413e+03
9.323068632284048363e+03
6.287487828051257566e+03
6.288722525366415539e+03
6.292426529984959416e+03
6.298599579925462422e+03
6.307241238552683171e+03
6.318350894576974497e+03
6.331927762054624509e+03
6.347970880387811121e+03
6.366479114324374677e+03
6.387451153958181749e+03
6.410885514728897761e+03
6.436780537421918780e+03
6.465134388168598889e+03
6.495945058446159237e+03
6.529210365077506140e+03
6.564927950231458453e+03
6.603095281422702101e+03
6.643709651511790071e+03
6.686768178705051469e+03
6.732267806554636991e+03
6.780205303958700824e+03
6.830577265160900424e+03
6.883380109751124110e+03
6.938610082664854417e+03
6.996263254183440949e+03
7.056335519934145850e+03
7.118822600890098329e+03
7.183720043370112762e+03
7.251023219038916068e+03
7.320727324907102229e+03
7.392827383331177771e+03
7.467318242013334384e+03
7.544194574001676301e+03
7.623450877690129346e+03
7.705081476818531883e+03
7.789080520472452918e+03
7.875441983083464947e+03
7.964159664428598262e+03
8.055227189631341389e+03
8.148638009160322326e+03
8.244385398830581835e+03
8.342462459802754893e+03
8.442862118583298070e+03
8.545577127024489528e+03
8.650600062324565442e+03
8.757923327027538107e+03
8.867539149023286882e+03
8.979439581547421767e+03
9.093616503181556254e+03
9.210061617852989002e+03
6.215463748877050421e+03
6.216683285760700528e+03
6.220341807344016161e+03
6.226439046424729895e+03
6.234974557665600514e+03
6.245947717594458481e+03
6.259357724604342366e+03
6.275203598953225992e+03
6.293484182764382240e+03
6.314198140025973771e+03
6.337343956591439564e+03
6.362919940179244804e+03
6.390924220373017306e+03
6.421354748621479303e+03
6.454209298238220072e+03
6.489485464402378057e+03
6.527180664157822321e+03
6.567292136413652770e+03
6.609816941944109203e+03
6.654751963388480362e+03
6.702093905251240358e+03
6.751839293901775818e+03
6.803984477574886114e+03
6.858525626370146711e+03
6.915458732252409391e+03
6.974779609051574880e+03
7.036483892462820222e+03
7.100567040046098555e+03
7.167024331226730283e+03
7.235850867295130229e+03
7.307041571406580260e+03
7.380591188581729511e+03
7.456494285706276059e+03
7.534745251530875976e+03
7.615338296671461649e+03
7.698267453608923461e+03
7.783526576689382637e+03
7.871109342123963870e+03
7.961009247989068172e+03
8.053219614225872647e+03
8.147733582640967143e+03
8.244544116905944975e+03
8.343644002557493877e+03
8.445025846997305052e+03
8.548682079492300545e+03
8.654604951174633243e+03
8.762786535041186653e+03
8.873218725954302499e+03
8.985893240641280499e+03
9.100801617694423840e+03
6.145907625868244395e+03
6.147112460938024014e+03
6.150726875285204187e+03
6.156750596323126956e+03
6.165183169740726044e+03
6.176023959502481375e+03
6.189272147848373606e+03
6.204926735294134232e+03
6.222986540630950003e+03
6.243450200925599347e+03
6.266316171520338685e+03
6.291582726033084327e+03
6.319247956357412477e+03
6.349309772662263640e+03
6.381765903392306427e+03
6.416613895267710177e+03
6.453851113284190433e+03
6.493474740713099891e+03
6.535481779101337452e+03
6.579869048271257270e+03
6.626633186321032554e+03
6.675770649624155340e+03
6.727277712829800294e+03
6.781150468862779235e+03
6.837384828923268287e+03
6.895976522487217153e+03
6.956921097306030788e+03
7.020213919406751302e+03
7.085850173091876059e+03
7.153824860939630526e+03
7.224132803803831848e+03
7.296768640813479578e+03
7.371726829373574219e+03
7.449001645164617003e+03
7.528587182142518941e+03
7.610477352538737250e+03
7.694665886860593673e+03
7.781146333890683309e+03
7.869912060687283883e+03
7.960956252584219328e+03
8.054271913190859777e+03
8.149851864392212519e+03
8.247688746348876521e+03
8.347775017496906003e+03
8.450102954547901390e+03
8.554664652489191212e+03
8.661452024583650200e+03
8.770456802369562865e+03
8.881670535660941823e+03
8.995084592547209468e+03
6.078609062553255171e+03
6.079799621430743173e+03
6.083371205351977551e+03
6.089323536183269425e+03
6.097656150368584349e+03
6.108368398929314935e+03
6.121459447464440018e+03
6.136928276150524653e+03
6.154773679741720116e+03
6.174994267569650219e+03
6.197588463543547732e+03
6.222554506150186171e+03
6.249890448453879799e+03
6.279594158096551837e+03
6.311663317297643516e+03
6.346095422854114076e+03
6.382887786140554454e+03
6.422037533109050855e+03
6.463541604289275710e+03
6.507396754788442195e+03
6.553599554291304230e+03
6.602146387060247434e+03
6.653033451935107223e+03
6.706256762333350707e+03
6.761812146249985744e+03
6.819695246257515464e+03
6.879901519506074692e+03
6.942426237723339000e+03
7.007264487214570181e+03
7.074411168862388877e+03
7.143860998127229323e+03
7.215608505046975552e+03
7.289648034237052343e+03
7.365973744890516173e+03
7.444579610777782364e+03
7.525459420247125308e+03
7.608606776224041823e+03
7.694015096211796845e+03
7.781677612291241530e+03
7.871587371120540411e+03
7.963737233935808035e+03
8.058119876550335903e+03
8.154727789355092682e+03
8.253553277318633263e+03
8.354588459987144233e+03
8.457825271484216501e+03
8.563255460511118144e+03
8.670870590346521567e+03
8.780662038846867290e+03
8.892620998445954683e+03
6.013319823838764933e+03
6.014496495676416998e+03
6.018026416575276016e+03
6.023909302692891288e+03
6.032144680958504068e+03
6.042731889073161256e+03
6.055670075509419803e+03
6.070958199511733255e+03
6.088595031096201637e+03
6.108579151050639666e+03
6.130908950934531276e+03
6.155582633079052357e+03
6.182598210587184440e+03
6.211953507333510061e+03
6.243646157964440135e+03
6.277673607897850161e+03
6.314033113323694124e+03
6.352721741203276906e+03
6.393736369269754505e+03
6.437073686028134034e+03
6.482730190754818977e+03
6.530702193498154884e+03
6.580985815078201995e+03
6.633576987086507870e+03
6.688471451886607611e+03
6.745664762613478160e+03
6.805152283174038530e+03
6.866929188246740523e+03
6.930990463281887060e+03
6.997330904501359328e+03
7.065945118898753208e+03
7.136827524239424747e+03
7.209972349060490160e+03
7.285373632670643929e+03
7.363025225150522601e+03
7.442920787352022671e+03
7.525053790899164596e+03
7.609417518187547103e+03
7.696005062384347184e+03
7.784809327428729375e+03
7.875823028031300055e+03
7.969038689674562193e+03
8.064448648612506076e+03
8.162045051870973111e+03
8.261819857247610344e+03
8.363764833311506663e+03
8.467871559403693027e+03
8.574131425636869608e+03
8.682535632895223898e+03
8.793075192834976406e+03
5.949814728067917713e+03
5.950977863027537751e+03
5.954467171336341380e+03
5.960282363284386520e+03
5.968422956021731807e+03
5.978888273558482069e+03
5.991677446764742854e+03
6.006789413370620423e+03
6.024222917966267232e+03
6.043976512001904666e+03
6.066048553787732089e+03
6.090437208493858634e+03
6.117140448150644261e+03
6.146156051648404173e+03
6.177481604737340604e+03
6.211114500027861141e+03
6.247051936990146714e+03
6.285290921954765508e+03
6.325828268112036312e+03
6.368660595512346845e+03
6.413784331066199229e+03
6.461195708543937144e+03
6.510890768576200571e+03
6.562865358653425574e+03
6.617115133126117144e+03
6.673635553204894677e+03
6.732421886960355550e+03
6.793469209323075120e+03
6.856772402083652196e+03
6.922326153892799994e+03
6.990124960261118758e+03
7.060163123559414089e+03
7.132434753018333140e+03
7.206933764728728420e+03
7.283653881641248518e+03
7.362588633566701901e+03
7.443731357176056918e+03
7.527075196000077995e+03
7.612613100429507540e+03
7.700337827715429739e+03
7.790241941968679384e+03
7.882317814160160196e+03
7.976557622120935775e+03
8.072953350541911277e+03
8.171496790974197211e+03
8.272179541828700167e+03
8.374993008376577563e+03
8.479928402748873850e+03
8.586976743936656931e+03
8.696128857791109112e+03
5.887886218647236092e+03
5.889036124890276369e+03
5.892485745042222334e+03
5.898234783371844969e+03
5.906282746993679211e+03
5.916628945868137635e+03
5.929272492801374028e+03
5.944212303445374346e+03
5.961447096298002180e+03
5.980975392702907811e+03
6.002795516849596424e+03
6.026905595773268942e+03
6.053303559355117613e+03
6.081987140322030427e+03
6.112953874246773012e+03
6.146201099547897684e+03
6.181725957489834400e+03
6.219525392182777068e+03
6.259596150582729024e+03
6.301934782491571241e+03
6.346537640556971382e+03
6.393400880272383802e+03
6.442520459977231440e+03
6.493892140856542028e+03
6.547511486941220937e+03
6.603373865108187601e+03
6.661474445079920770e+03
6.721808199424913255e+03
6.784369903557308135e+03
6.849154135737217075e+03
6.916155277070492957e+03
6.985367511508820826e+03
7.056784825849763365e+03
7.130401009736624474e+03
7.206209655658494739e+03
7.284204158950387864e+03
7.364377717793195188e+03
7.446723333213412843e+03
7.531233809083414599e+03
7.617901752121633763e+03
7.706719571891972009e+03
7.797679480804481500e+03
7.890773494114773712e+03
7.985993429924383236e+03
8.083330909180676827e+03
8.182777355676853404e+03
8.284323996051853101e+03
8.387961859790539165e+03
8.493681779223561534e+03
8.601474389527311359e+03
5.827289327908738414e+03
5.828426262729522023e+03
5.831836966559171742e+03
5.837521137499174984e+03
5.845478272385321361e+03
5.855707666787839116e+03
5.868208415011326906e+03
5.882979410094640116e+03
5.900019343811004546e+03
5.919326706668016413e+03
5.940899787907551399e+03
5.964736675505901076e+03
5.990835256173704693e+03
6.019193215355880966e+03
6.049808037231650815e+03
6.082677004714764735e+03
6.117797199453161738e+03
6.155165501829105779e+03
6.194778590959322173e+03
6.236632944694838443e+03
6.280724839621007050e+03
6.327050351057459920e+03
6.375605353058244873e+03
6.426385518411871089e+03
6.479386318640854370e+03
6.534603024002444727e+03
6.592030703487944265e+03
6.651664224823207405e+03
6.713498254468277082e+03
6.777527257617612122e+03
6.843745498199950816e+03
6.912147038878401872e+03
6.982725741050535362e+03
7.055475264848200823e+03
7.130389069137390834e+03
7.207460411518741239e+03
7.286682348327030923e+03
7.368047734631545609e+03
7.451549224235759539e+03
7.537179269677517368e+03
7.624930122228988694e+03
7.714793831896895426e+03
7.806762247422147993e+03
7.900827016279708914e+03
7.996979584679547770e+03
8.095211197565367911e+03
8.195512898615515951e+03
8.297875530242617970e+03
8.402289733593670462e+03
8.508745948549903915e+03
5.767705820783794479e+03
5.768829972011849350e+03
5.772202322964130872e+03
5.777822565444989777e+03
5.785690185795033358e+03
5.795804464891148200e+03
5.808164478146341025e+03
5.822769095509943327e+03
5.839616981467588630e+03
5.858706595041007859e+03
5.880036189788302181e+03
5.903603813803692901e+03
5.929407309717726093e+03
5.957444314697181653e+03
5.987712260445118773e+03
6.020208373200648566e+03
6.054929673739343343e+03
6.091872977372941023e+03
6.131034893949345133e+03
6.172411827852874922e+03
6.215999978003856086e+03
6.261795337859030042e+03
6.309793695411326553e+03
6.359990633189954679e+03
6.412381528260266350e+03
6.466961552223892795e+03
6.523725671218744537e+03
6.582668645918965922e+03
6.643785031534935115e+03
6.707069177813264105e+03
6.772515229036798701e+03
6.840117124024618533e+03
6.909868596132082530e+03
6.981763173250783439e+03
7.055794177808411405e+03
7.131954726769117769e+03
7.210237731633242220e+03
7.290635898437267315e+03
7.373141727753954910e+03
7.457747514692300683e+03
7.544445348897625081e+03
7.633227114551391423e+03
7.724084490371296852e+03
7.817008949611408752e+03
7.911991760061891910e+03
8.009023984049190403e+03
8.108096478436027610e+03
8.209199894621315252e+03
8.312324678540198875e+03
8.417461070664239742e+03
5.708776623308108356e+03
5.709888100241551001e+03
5.713222426174002067e+03
5.718779286501785464e+03
5.726558156885471362e+03
5.736558303249785240e+03
5.748778781783812519e+03
5.763218438940725719e+03
5.779875911437898139e+03
5.798749626257108503e+03
5.819837800644177150e+03
5.843138442109238895e+03
5.868649348426583856e+03
5.896368107634793887e+03
5.926292098036628886e+03
5.958418488199072272e+03
5.992744236953353720e+03
6.029266093394903692e+03
6.067980596883353428e+03
6.108884077042648642e+03
6.151972653760822141e+03
6.197242237190221203e+03
6.244688527747439366e+03
6.294307016113134523e+03
6.346092983232392726e+03
6.400041500314409859e+03
6.456147428832537116e+03
6.514405420524508372e+03
6.574809917392167335e+03
6.637355151701603972e+03
6.702035145983154507e+03
6.768843713031446896e+03
6.837774455904991555e+03
6.908820767927045381e+03
6.981975832684656780e+03
7.057232624029302315e+03
7.134583906076613857e+03
7.214022233206469537e+03
7.295539950062902790e+03
7.379129191554329736e+03
7.464781882853185380e+03
7.552489739396332880e+03
7.642244266884699755e+03
7.734036761283414307e+03
7.827858308821942046e+03
7.923699785994131162e+03
8.021551859557484931e+03
8.121404986534298587e+03
8.223249414210886243e+03
8.327075180137717325e+03
5.650161546540789459e+03
5.651260390942843514e+03
5.654556817114212208e+03
5.660050503951038081e+03
5.667740916280126839e+03
5.677627304859083779e+03
5.689708706376109149e+03
5.703983943450180050e+03
5.720451624631073173e+03
5.739110144399137425e+03
5.759957683165634990e+03
5.782992207272400265e+03
5.808211468992112714e+03
5.835613006528001279e+03
5.865194144014230915e+03
5.896951991515584268e+03
5.930883445027598100e+03
5.966985186476426861e+03
6.005253683719138280e+03
6.045685190543326826e+03
6.088275746667522981e+03
6.133021177740829444e+03
6.179917095343125766e+03
6.228958896984977400e+03
6.280141766107772128e+03
6.333460672083447207e+03
6.388910370214898649e+03
6.446485401735571941e+03
6.506180093809689424e+03
6.567988559532204818e+03
6.631904697928848691e+03
6.697922193955901093e+03
6.766034518500600825e+03
6.836234928380781639e+03
6.908516466344963192e+03
6.982871961072487466e+03
7.059294027173336872e+03
7.137775065188407098e+03
7.218307261589097834e+03
7.300882588777494675e+03
7.385492805086687440e+03
7.472129454780315427e+03
7.560783868052703838e+03
7.651447161029000199e+03
7.744110235764992467e+03
7.838763780247245450e+03
7.935398268393055332e+03
8.034003960050540627e+03
8.134570900998278375e+03
8.237088922945758895e+03
5.591535246826038019e+03
5.592621442861673131e+03
5.595879921742630358e+03
5.601310355790906215e+03
5.608912198876714683e+03
5.618684686418168894e+03
5.630626835381463025e+03
5.644737444280963246e+03
5.661015093178889401e+03
5.679458143685633331e+03
5.700064738959645183e+03
5.722832803707342464e+03
5.747760044183246464e+03
5.774843948189936782e+03
5.804081785077983113e+03
5.835470605746104411e+03
5.869007242640941513e+03
5.904688309757239040e+03
5.942510202637845396e+03
5.982469098373621819e+03
6.024560955603419643e+03
6.068781514514148512e+03
6.115126296840981013e+03
6.163590605866738770e+03
6.214169526422710987e+03
6.266857924887881381e+03
6.321650449189564824e+03
6.378541528802861649e+03
6.437525374751203344e+03
6.498595979605897810e+03
6.561747117486220304e+03
6.626972344059686293e+03
6.694264996541869550e+03
6.763618193696129310e+03
6.835024835834110490e+03
6.908477604815470841e+03
6.983968964047880945e+03
7.061491158486978748e+03
7.141036214636687873e+03
7.222595940548762883e+03
7.306161925823016645e+03
7.391725541607456762e+03
7.479277940597921770e+03
7.568810057038626837e+03
7.660312606721481643e+03
7.753776086986636074e+03
7.849190776722298324e+03
7.946546736364643948e+03
8.045833807897906809e+03
8.147041614854424552e+03
5.532556468630286872e+03
5.533629939685943100e+03
5.536850241417914731e+03
5.542217039521301558e+03
5.549729776821163796e+03
5.559387673272635766e+03
5.571189725960812211e+03
5.585134709100952932e+03
5.601221174038300887e+03
5.619447449248013982e+03
5.639811640335415177e+03
5.662311630035924281e+03
5.686945078214785099e+03
5.713709421867429228e+03
5.742601875119294164e+03
5.773619429225823296e+03
5.806758852572556862e+03
5.842016690675018253e+03
5.879389266178736762e+03
5.918872678859315783e+03
5.960462805622410087e+03
6.004155300503680337e+03
6.049945594668861304e+03
6.097828896413602706e+03
6.147800191163787531e+03
6.199854241475122762e+03
6.253985587033548654e+03
6.310188544654874931e+03
6.368457208284962690e+03
6.428785448999815344e+03
6.491166915005442206e+03
6.555595031637813008e+03
6.622063001362994328e+03
6.690563803777013163e+03
6.761090195606038833e+03
6.833634710706246551e+03
6.908189660063681004e+03
6.984747131794711095e+03
7.063298991145484251e+03
7.143836880492426644e+03
7.226352219341652017e+03
7.310836204329689281e+03
7.397279809222891345e+03
7.485673784917617013e+03
7.576008659440321935e+03
7.668274737947604081e+03
7.762462102725839941e+03
7.858560613191730226e+03
7.956559905891845119e+03
8.056449394502669747e+03
5.472903201980079757e+03
5.473963811848057048e+03
5.477145527798552394e+03
5.482448008871438105e+03
5.489870686799622490e+03
5.499412766009231746e+03
5.511073223619746386e+03
5.524850809443637445e+03
5.540744045986684796e+03
5.558751228447772519e+03
5.578870424719161747e+03
5.601099475385990445e+03
5.625435993726910056e+03
5.651877365713608015e+03
5.680420750010921438e+03
5.711063077976973545e+03
5.743801053663037237e+03
5.778631153813603305e+03
5.815549627866312221e+03
5.854552497951999612e+03
5.895635558894832684e+03
5.938794378211832736e+03
5.984024296113648234e+03
6.031320425503736260e+03
6.080677651979021903e+03
6.132090633829466242e+03
6.185553802038248250e+03
6.241061360281810266e+03
6.298607284929676098e+03
6.358185325044587444e+03
6.419789002382640319e+03
6.483411611392875784e+03
6.549046219217689213e+03
6.616685665692602925e+03
6.686322563346266179e+03
6.757949297400818978e+03
6.831558025771118992e+03
6.907140679065696531e+03
6.984688960585890527e+03
7.064194346326439700e+03
7.145648084975255188e+03
7.229041197913375072e+03
7.314364479215100801e+03
7.401608495647769814e+03
7.490763586672210295e+03
7.581819864442104517e+03
7.674767213804625499e+03
7.769595292299845823e+03
7.866293530161283343e+03
7.964851130315491901e+03
5.412235757449661833e+03
5.413283306356174762e+03
5.416425837203769333e+03
5.421663002376408258e+03
5.428994222513892964e+03
5.438418686512113709e+03
5.449935351522913152e+03
5.463542942954040882e+03
5.479239954469198892e+03
5.497024647988018842e+03
5.516895053686221218e+03
5.538848969995342486e+03
5.562883963602939730e+03
5.588997369452545172e+03
5.617186290743597965e+03
5.647447598931512402e+03
5.679777933727700656e+03
5.714173703099436352e+03
5.750631083270059207e+03
5.789146018718815867e+03
5.829714222180859906e+03
5.872331174647433727e+03
5.916992125365550237e+03
5.963692091838356646e+03
6.012425859824907093e+03
6.063187983340139908e+03
6.115972784655014038e+03
6.170774354296463571e+03
6.227586551047261310e+03
6.286403001946337099e+03
6.347217102288368551e+03
6.410022015624190317e+03
6.474810673760430291e+03
6.541575776759691507e+03
6.610309792940597617e+03
6.681004958877747413e+03
6.753653279401714826e+03
6.828246527598821558e+03
6.904776244811591823e+03
6.983233740638388554e+03
7.063610092933549822e+03
7.145896147807388843e+03
7.230082519626193971e+03
7.316159591012092278e+03
7.404117512843413351e+03
7.493946204254098120e+03
7.585635352634335504e+03
7.679174413630107665e+03
7.774552611143553804e+03
7.871758937332469941e+03
5.350205755094248161e+03
5.351239975698763374e+03
5.354342519432634617e+03
5.359513032056315751e+03
5.366750923170707210e+03
5.376055366217110532e+03
5.387425298477160140e+03
5.400859421072800615e+03
5.416356198966423108e+03
5.433913860960774400e+03
5.453530399698865949e+03
5.475203571664178526e+03
5.498930897180480315e+03
5.524709660411963341e+03
5.552536909363175255e+03
5.582409455878928384e+03
5.614323875644527106e+03
5.648276508185585953e+03
5.684263456868075082e+03
5.722280588898343012e+03
5.762323535323002943e+03
5.804387691029228336e+03
5.848468214744343641e+03
5.894560029036210835e+03
5.942657820312979311e+03
5.992756038823108611e+03
6.044848898655482117e+03
6.098930377739316100e+03
6.154994217844250670e+03
6.213033924580167877e+03
6.273042767397510033e+03
6.335013779586824967e+03
6.398939758279220769e+03
6.464813264446138419e+03
6.532626622899215363e+03
6.602371922290740258e+03
6.674041015113061803e+03
6.747625517699134434e+03
6.823116810222154527e+03
6.900506036695696821e+03
6.979784104973623471e+03
7.060941686750311419e+03
7.143969217560470497e+03
7.228856896779007002e+03
7.315594687621387493e+03
7.404172317143365945e+03
7.494579276240983745e+03
7.586804819650797072e+03
7.680837965949604040e+03
7.776667497554581132e+03
5.286454294734198811e+03
5.287474847765565755e+03
5.290536386595886142e+03
5.295638550433272940e+03
5.302780737958210011e+03
5.311962107323188320e+03
5.323181576152933303e+03
5.336437821544291182e+03
5.351729280066319916e+03
5.369054147760130036e+03
5.388410380139089284e+03
5.409795692188708927e+03
5.433207558366575540e+03
5.458643212602510175e+03
5.486099648298431930e+03
5.515573618328562588e+03
5.547061635039040084e+03
5.580559970248395985e+03
5.616064655247146220e+03
5.653571480798063931e+03
5.693075997135997568e+03
5.734573513968030056e+03
5.778059100473410581e+03
5.823527585303372689e+03
5.870973556581566299e+03
5.920391361903602956e+03
5.971775108337351412e+03
6.025118662422755733e+03
6.080415650171971720e+03
6.137659457069366908e+03
6.196843228071293197e+03
6.257959867606496118e+03
6.321002039575614617e+03
6.385962167351635799e+03
6.452832433779713028e+03
6.521604781176893084e+03
6.592270911332752803e+03
6.664822285508807909e+03
6.739250124438740386e+03
6.815545408328398480e+03
6.893698876855842173e+03
6.973701029171206756e+03
7.055542123896884732e+03
7.139212179127343916e+03
7.224700972429218382e+03
7.311998040841308466e+03
7.401092680874580765e+03
7.491973948512259085e+03
7.584630659209506121e+03
7.679051387893696301e+03
5.220622988972695566e+03
5.221629464274701604e+03
5.224648767769963342e+03
5.229680532226120704e+03
5.236724145589255386e+03
5.245778750983845384e+03
5.256843246712878681e+03
5.269916286257648608e+03
5.284996278277958481e+03
5.302081386612076130e+03
5.321169530276620208e+03
5.342258383466719351e+03
5.365345375555807550e+03
5.390427691095874252e+03
5.417502269817327942e+03
5.446565806628905193e+03
5.477614751617852562e+03
5.510645310049835643e+03
5.545653442368984543e+03
5.582634864197734714e+03
5.621585046337145286e+03
5.662499214766489786e+03
5.705372350643665413e+03
5.750199190304783770e+03
5.796974225264648339e+03
5.845691702216345220e+03
5.896345623031311334e+03
5.948929744759561800e+03
6.003437579629553511e+03
6.059862395047957762e+03
6.118197213600114992e+03
6.178434813049716468e+03
6.240567726338849752e+03
6.304588241587998709e+03
6.370488402096179925e+03
6.438260006340760810e+03
6.507894607977596024e+03
6.579383515840982000e+03
6.652717793943520519e+03
6.727888261476300613e+03
6.804885492808989511e+03
6.883699817489468842e+03
6.964321320244198432e+03
7.046739840977988933e+03
7.130944974774092771e+03
7.216926071894204142e+03
7.304672237778459021e+03
7.394172333045389678e+03
7.485414973491970159e+03
7.578388530093661757e+03
5.152437138688378582e+03
5.153429075970643680e+03
5.156404763309910777e+03
5.161363827183799913e+03
5.168305645054738306e+03
5.177229345370415103e+03
5.188133807563326627e+03
5.201017662051094703e+03
5.215879290236398447e+03
5.232716824506815101e+03
5.251528148235047411e+03
5.272310895778809936e+03
5.295062452480738102e+03
5.319779954668592836e+03
5.346460289655101406e+03
5.375100095738048367e+03
5.405695762200207355e+03
5.438243429309363819e+03
5.472738988318360498e+03
5.509178081465006471e+03
5.547556101972213582e+03
5.587868194047791803e+03
5.630109252884722082e+03
5.674273924660860757e+03
5.720356606539121458e+03
5.768351446667520577e+03
5.818252344178972635e+03
5.870052949191540392e+03
5.923746662808252950e+03
5.979326637117037535e+03
6.036785775191083303e+03
6.096116731088295637e+03
6.157311909851932796e+03
6.220363467510060218e+03
6.285263311075686943e+03
6.352003098547129412e+03
6.420574238907511244e+03
6.490967892124945138e+03
6.563174969152669291e+03
6.637186131928956456e+03
6.712991793377068461e+03
6.790582117405165263e+03
6.869947018906668745e+03
6.951076163759853443e+03
7.033958968827982972e+03
7.118584601959400970e+03
7.204941981987531108e+03
7.293019778730740654e+03
7.382806412992385958e+03
7.474290056560994344e+03
5.081630657520850036e+03
5.082607549402882796e+03
5.085538098508391158e+03
5.090421925215810006e+03
5.097258396822462601e+03
5.106046627544628791e+03
5.116785478517431329e+03
5.129473557795108718e+03
5.144109220350651412e+03
5.160690568076051932e+03
5.179215449782236647e+03
5.199681461199088517e+03
5.222085944975378879e+03
5.246425990678858398e+03
5.272698434796075162e+03
5.300899860732783964e+03
5.331026598813400597e+03
5.363074726281342919e+03
5.397040067299099064e+03
5.432918192947909120e+03
5.470704421227969760e+03
5.510393817058616150e+03
5.551981192277844457e+03
5.595461105642766597e+03
5.640827862829269179e+03
5.688075516432354561e+03
5.737197865965799792e+03
5.788188457862452196e+03
5.841040585473865576e+03
5.895747289070868646e+03
5.952301355842973862e+03
6.010695319898559319e+03
6.070921462265232549e+03
6.132971810889284825e+03
6.196838140636009484e+03
6.262511973289656453e+03
6.329984577553386771e+03
6.399246969049318068e+03
6.470289910318388138e+03
6.543103910820673264e+03
6.617679226935069892e+03
6.694005861959294634e+03
6.772073566110157117e+03
6.851871836523423553e+03
6.933389917253589374e+03
7.016616799274333971e+03
7.101541220478111427e+03
7.188151665676286939e+03
7.276436366599227767e+03
7.366383301896257763e+03
5.007998179239643832e+03
5.008959483826197356e+03
5.011843269089263231e+03
5.016649149538989150e+03
5.023376482692196987e+03
5.032024369072610170e+03
5.042591652210580833e+03
5.055076918643180761e+03
5.069478497914428772e+03
5.085794462574881436e+03
5.104022628181974142e+03
5.124160553299930143e+03
5.146205539499555925e+03
5.170154631358536790e+03
5.196004616461345904e+03
5.223752025399107879e+03
5.253393131769757929e+03
5.284923952177973661e+03
5.318340246235175073e+03
5.353637516559592768e+03
5.390811008776131530e+03
5.429855711516438532e+03
5.470766356419017029e+03
5.513537418129112666e+03
5.558163114298554319e+03
5.604637405586140630e+03
5.652953995657253472e+03
5.703106331184199007e+03
5.755087601845843892e+03
5.808890740328024549e+03
5.864508422323069681e+03
5.921933066530300493e+03
5.981156834655712373e+03
6.042171631411974886e+03
6.104969104518568201e+03
6.169540644701828569e+03
6.235877385694584518e+03
6.303970204236793506e+03
6.373809720074768848e+03
6.445386295961861833e+03
6.518690037658006986e+03
6.593710793930040381e+03
6.670438156551472275e+03
6.748861460302487103e+03
6.828969782970216329e+03
6.910751945348329173e+03
6.994196511237396408e+03
7.079291787444662987e+03
7.166025823784275417e+03
7.254386413076827012e+03
4.931397476286269921e+03
4.932342630255084259e+03
4.935177961798922297e+03
4.939903079829764465e+03
4.946517332534244815e+03
4.955019807373673757e+03
4.965409331084083533e+03
4.977684469676046319e+03
4.991843528434901600e+03
5.007884551920551530e+03
5.025805323967665572e+03
5.045603367685566809e+03
5.067275945458095521e+03
5.090820058943927506e+03
5.116232449076323974e+03
5.143509596063154277e+03
5.172647719387077814e+03
5.203642777805339392e+03
5.236490469349769228e+03
5.271186231327033056e+03
5.307725240318313809e+03
5.346102412179470775e+03
5.386312402041176028e+03
5.428349604308550624e+03
5.472208152661482927e+03
5.517881920054560396e+03
5.565364518716955899e+03
5.614649300152450451e+03
5.665729355139728796e+03
5.718597513731901927e+03
5.773246345256711720e+03
5.829668158316826521e+03
5.887855000789295445e+03
5.947798659826048606e+03
6.009490661853533311e+03
6.072922272572805014e+03
6.138084496959845637e+03
6.204968079265063352e+03
6.273563503013519949e+03
6.343860991005067262e+03
6.415850505314210750e+03
6.489521747290018538e+03
6.564864157556212376e+03
6.641866916011395006e+03
6.720518941828595416e+03
6.800808893455450743e+03
6.882725168614524591e+03
6.966255904302852286e+03
7.051388976792213725e+03
7.138112001629087899e+03
4.851698162526849956e+03
4.852626583075721101e+03
4.855411712597424412e+03
4.860053154717070356e+03
4.866550248810062840e+03
4.874902070001689935e+03
4.885107429167555892e+03
4.897164872933262814e+03
4.911072683674592554e+03
4.926828879517393034e+03
4.944431214337669189e+03
4.963877177761537496e+03
4.985163995165203232e+03
5.008288627675028692e+03
5.033247772167442236e+03
5.060037861269029236e+03
5.088655063356486608e+03
5.119095282556622806e+03
5.151354158746357825e+03
5.185427067552723202e+03
5.221309120352884747e+03
5.258995164274074341e+03
5.298479782193771825e+03
5.339757292739409422e+03
5.382821750288599105e+03
5.427666944969109863e+03
5.474286402658867701e+03
5.522673384985660050e+03
5.572820889327749683e+03
5.624721648813238062e+03
5.678368132320520090e+03
5.733752544478011259e+03
5.790866825664215867e+03
5.849702652007863435e+03
5.910251435387772290e+03
5.972504323432758611e+03
6.036452199521863804e+03
6.102085682784263554e+03
6.169395128099222347e+03
6.238370626096047999e+03
6.309002003154182603e+03
6.381278821403338952e+03
6.455190378723364120e+03
6.530725708743739233e+03
6.607873580844625394e+03
6.686622500156181559e+03
6.766960707558382637e+03
6.848876179681747089e+03
6.932356628906518381e+03
7.017389503363347103e+03
4.768826331689160725e+03
4.769737424533104786e+03
4.772470569295114728e+03
4.777025364665905727e+03
4.783401141796366574e+03
4.791596964298037165e+03
4.801611628242653751e+03
4.813443662162558212e+03
4.827091327050334257e+03
4.842552616359080275e+03
4.859825256002250171e+03
4.878906704353789792e+03
4.899794152247864076e+03
4.922484522979289068e+03
4.946974472303077164e+03
4.973260388434823653e+03
5.001338392050411130e+03
5.031204336286145917e+03
5.062853806738780804e+03
5.096282121465492310e+03
5.131484330983835207e+03
5.168455218271742524e+03
5.207189298767616492e+03
5.247680820370214860e+03
5.289923763438741844e+03
5.333911840792779913e+03
5.379638497712358003e+03
5.427096911937860568e+03
5.476279993670141266e+03
5.527180385570409271e+03
5.579790462760320224e+03
5.634102332821930759e+03
5.690107835797698499e+03
5.747798544190482062e+03
5.807165762963495581e+03
5.868200529540536081e+03
5.930893613805619680e+03
5.995235518103208960e+03
6.061216477238303924e+03
6.128826458476214611e+03
6.198055161542606584e+03
6.268892018623591866e+03
6.341326194365865376e+03
6.415346585876204699e+03
6.490941822721970311e+03
6.568100266931105580e+03
6.646810012991636540e+03
6.727058887852126645e+03
6.808834450921676762e+03
6.892123994069652326e+03
4.682726583320277314e+03
4.683619745648547905e+03
4.686299097350297416e+03
4.690764232576566428e+03
4.697014474912180049e+03
4.705048877376088967e+03
4.714866222421164821e+03
4.726465021934245669e+03
4.739843517236113257e+03
4.754999679081561226e+03
4.771931207659349639e+03
4.790635532592182244e+03
4.811109812936751950e+03
4.833350937183740825e+03
4.857355523257751884e+03
4.883119918517400038e+03
4.910640199755243884e+03
4.939912173197899392e+03
4.970931374505812528e+03
5.003693068773418418e+03
5.038192250529300509e+03
5.074423643735826772e+03
5.112381701789354338e+03
5.152060607520274971e+03
5.193454273192946857e+03
5.236556340505671869e+03
5.281360180590718301e+03
5.327858894014320867e+03
5.376045310776726183e+03
5.425911990312170019e+03
5.477451221488672672e+03
5.530655022608470972e+03
5.585515141407722695e+03
5.642023055056370140e+03
5.700169970158503929e+03
5.759946822752181106e+03
5.821344278309334186e+03
5.884352731735953057e+03
5.948962307371903080e+03
6.015162858991197936e+03
6.082943969801590356e+03
6.152294952444935916e+03
6.223204848997056615e+03
6.295662430967786349e+03
6.369656199300789012e+03
6.445174384373831344e+03
6.522204945998601033e+03
6.600735573420797664e+03
6.680753685319859869e+03
6.762246429809692927e+03
4.593431033543879494e+03
4.594305671260576673e+03
4.596929447758634524e+03
4.601301953081724605e+03
4.607422503969337413e+03
4.615290143856782379e+03
4.624903642875074183e+03
4.636261497851114655e+03
4.649361932307579082e+03
4.664202896462916215e+03
4.680782067231393739e+03
4.699096848223075540e+03
4.719144369743753487e+03
4.740921488795106598e+03
4.764424789074610089e+03
4.789650580975421690e+03
4.816594901586631750e+03
4.845253514693013130e+03
4.875621910775225842e+03
4.907695307009612407e+03
4.941468647268470704e+03
4.976936602119690178e+03
5.014093568827183844e+03
5.052933671350433542e+03
5.093450760344899209e+03
5.135638413161723292e+03
5.179489933847912653e+03
5.224998353146202135e+03
5.272156428495168257e+03
5.320956644029183735e+03
5.371391210578417486e+03
5.423452065668789146e+03
5.477130873522037291e+03
5.532419025055742168e+03
5.589307637883166535e+03
5.647787556313505775e+03
5.707849351351660516e+03
5.769483320698327589e+03
5.832679488750090968e+03
5.897427606599148930e+03
5.963717152033723323e+03
6.031537329537650294e+03
6.100877070290607662e+03
6.171725032168114922e+03
6.244069599741442289e+03
6.317898884277610705e+03
6.393200723739619207e+03
6.469962682785990182e+03
6.548172052771406015e+03
6.627815851745890541e+03
4.501066683179283245e+03
4.501922229591264113e+03
4.504488730960724752e+03
4.508765773688242007e+03
4.514752668441633432e+03
4.522448450155729915e+03
4.531851878032398417e+03
4.542961435540746606e+03
4.555775330416850011e+03
4.570291494663888443e+03
4.586507584552168737e+03
4.604420980619147485e+03
4.624028787669294616e+03
4.645327834774207076e+03
4.668314675272540626e+03
4.692985586770078044e+03
4.719336571139774605e+03
4.747363354521507972e+03
4.777061387322396513e+03
4.808425844216571932e+03
4.841451624145315691e+03
4.876133350316922588e+03
4.912465370206928128e+03
4.950441755557812940e+03
4.990056302379252884e+03
5.031302530947891682e+03
5.074173685807636502e+03
5.118662735769385108e+03
5.164762373911162285e+03
5.212465017578028892e+03
5.261762808382286494e+03
5.312647612203159042e+03
5.365111019187042984e+03
5.419144343747393577e+03
5.474738624564906786e+03
5.531884624587155486e+03
5.590572831028975997e+03
5.650793455372286189e+03
5.712536433365903576e+03
5.775791425026000070e+03
5.840547814635647228e+03
5.906794710745180055e+03
5.974520946171924152e+03
6.043715078000241192e+03
6.114365387581756295e+03
6.186459880535039701e+03
6.259986286745834150e+03
6.334932060367009399e+03
6.411284379818425805e+03
6.489030147787161695e+03
4.405807940623549257e+03
4.406643866735703341e+03
4.409151506155944844e+03
4.413330442135270459e+03
4.419179980092121696e+03
4.426699147612271190e+03
4.435886694448845446e+03
4.446741092522347572e+03
4.459260535920680013e+03
4.473442940899053610e+03
4.489285945880078543e+03
4.506786911453718858e+03
4.525942920377269729e+03
4.546750777575493885e+03
4.569207010140394232e+03
4.593307867331463967e+03
4.619049320575459205e+03
4.646427063466512664e+03
4.675436511766201875e+03
4.706072803403344551e+03
4.738330798474225958e+03
4.772205079242485226e+03
4.807689950139047141e+03
4.844779437762304042e+03
4.883467290877956657e+03
4.923746980419082320e+03
4.965611699486089492e+03
5.009054363346831451e+03
5.054067609436447128e+03
5.100643797357474796e+03
5.148775008879806592e+03
5.198453047940779470e+03
5.249669440644879614e+03
5.302415435264265398e+03
5.356682002238221685e+03
5.412459834173387208e+03
5.469739345843981937e+03
5.528510674191466023e+03
5.588763678324448847e+03
5.650487939519416614e+03
5.713672761219731910e+03
5.778307169036361302e+03
5.844379910747602480e+03
5.911879456299038793e+03
5.980793997803675666e+03
6.051111449541986076e+03
6.122819447961637707e+03
6.195905351677629369e+03
6.270356241472654801e+03
6.346158920296420547e+03
4.307954351631110512e+03
4.308770194433850520e+03
4.311217583045186075e+03
4.315296098074759357e+03
4.321005040538466346e+03
4.328343431858706936e+03
4.337310013864271241e+03
4.347903248790225916e+03
4.360121319278096053e+03
4.373962128375819702e+03
4.389423299537611456e+03
4.406502176624212552e+03
4.425195823902686243e+03
4.445501026046463267e+03
4.467414288135410061e+03
4.490931835655715076e+03
4.516049614500002463e+03
4.542763290967332068e+03
4.571068251763017543e+03
4.600959603998853709e+03
4.632432175193048352e+03
4.665480513270085794e+03
4.700098886560977007e+03
4.736281283802964026e+03
4.774021414139838271e+03
4.813312707121599487e+03
4.854148312704842283e+03
4.896521101252392327e+03
4.940423663533488252e+03
4.985848310723804389e+03
5.032787074405359817e+03
5.081231706566609319e+03
5.131173679602352422e+03
5.182604186313756145e+03
5.235514139908400466e+03
5.289894174000346538e+03
5.345734642609795628e+03
5.403025620163634812e+03
5.461756901494936756e+03
5.521918001843232560e+03
5.583498156854420813e+03
5.646486322580767592e+03
5.710871175481042883e+03
5.776641112420247737e+03
5.843784250669887115e+03
5.912288427907651567e+03
5.982141202217962928e+03
6.053329852091337671e+03
6.125841376424841656e+03
6.199662494521817280e+03
4.207864512637638654e+03
4.208659887900989816e+03
4.211045873186594690e+03
4.215022046981198400e+03
4.220587706762603375e+03
4.227741868999783037e+03
4.236483269152904541e+03
4.246810361673215084e+03
4.258721320003064648e+03
4.272214036576019680e+03
4.287286122816726675e+03
4.303934909140957643e+03
4.322157444955769279e+03
4.341950498659139157e+03
4.363310557640352272e+03
4.386233828279659974e+03
4.410716235948689246e+03
4.436753425009942475e+03
4.464340758817274946e+03
4.493473319715553771e+03
4.524145909040839797e+03
4.556353047120296651e+03
4.590088973272258954e+03
4.625347645806164110e+03
4.662122742022575039e+03
4.700407658213248396e+03
4.740195509661089091e+03
4.781479130640013864e+03
4.824251074415246876e+03
4.868503613243046857e+03
4.914228738370775318e+03
4.961418160037032976e+03
5.010063307471523331e+03
5.060155328895075399e+03
5.111685091519575508e+03
5.164643181548171924e+03
5.219019904175183910e+03
5.274805283585874349e+03
5.331989062956790804e+03
5.390560704455583618e+03
5.450509389241096869e+03
5.511824017463186465e+03
5.574493208262947519e+03
5.638505299772623403e+03
5.703848349115423844e+03
5.770510132406025150e+03
5.838478144749797139e+03
5.907739600243712630e+03
5.978281431975483429e+03
6.050090292024287919e+03
4.105927863175065795e+03
4.106702466735418966e+03
4.109026136379384297e+03
4.112898448995315448e+03
4.118318699397400451e+03
4.125285900325229704e+03
4.133798782444296194e+03
4.143855794345495269e+03
4.155455102545442969e+03
4.168594591486407808e+03
4.183271863536333512e+03
4.199484238988657125e+03
4.217228756062536377e+03
4.236502170902849684e+03
4.257300957579923306e+03
4.279621308089826925e+03
4.303459132354282701e+03
4.328810058220597057e+03
4.355669431461728891e+03
4.384032315776244104e+03
4.413893492788406547e+03
4.445247462048018861e+03
4.478088441030604372e+03
4.512410365137247936e+03
4.548206887694777834e+03
4.585471379955561133e+03
4.624196931097594643e+03
4.664376348224550384e+03
4.706002156365707378e+03
4.749066598476042600e+03
4.793561635436049073e+03
4.839478946051963248e+03
4.886809927055583103e+03
4.935545693104381826e+03
4.985677076781439609e+03
5.037194628595534596e+03
5.090088616980983716e+03
5.144349028297756377e+03
5.199965566831542674e+03
5.256927654793571492e+03
5.315224432320746928e+03
5.374844757475557344e+03
5.435777206246257265e+03
5.498010072546503579e+03
5.561531368215901239e+03
5.626328823019412084e+03
5.692389884647718645e+03
5.759701718717178665e+03
5.828251208769779623e+03
5.898024956273047792e+03
4.002566335189362690e+03
4.003319943933729519e+03
4.005580628772031559e+03
4.009347965520146317e+03
4.014621247204513566e+03
4.021399484062158081e+03
4.029681403540598694e+03
4.039465450298030191e+03
4.050749786203118674e+03
4.063532290335160724e+03
4.077810558984015188e+03
4.093581905650103181e+03
4.110843361044430821e+03
4.129591673088543757e+03
4.149823306914618115e+03
4.171534444865324076e+03
4.194720986493962300e+03
4.219378548564418452e+03
4.245502465051026775e+03
4.273087787138911153e+03
4.302129283223484890e+03
4.332621438910996403e+03
4.364558457018119952e+03
4.397934257572137540e+03
4.432742477810870696e+03
4.468976472182794168e+03
4.506629312346854022e+03
4.545693787172626799e+03
4.586162402740274047e+03
4.628027382340474105e+03
4.671280666474467580e+03
4.715913912854171031e+03
4.761918496401972334e+03
4.809285509250867108e+03
4.858005760744390500e+03
4.908069777436753611e+03
4.959467803092547911e+03
5.012189798687131770e+03
5.066225442406357615e+03
5.121564129646503716e+03
5.178194973014751668e+03
5.236106802328504273e+03
5.295288164616022186e+03
5.355727324115878218e+03
5.417412262277412083e+03
5.480330677760548497e+03
5.544469986435524334e+03
5.609817321383434319e+03
5.676359532895821758e+03
5.744083188474769486e+03
3.898247213380750509e+03
3.898979692794955554e+03
3.901176989459600009e+03
3.904838678640635408e+03
3.909964052448003713e+03
3.916552119835637313e+03
3.924601606601459025e+03
3.934110955387382091e+03
3.945078325679241971e+03
3.957501593806864548e+03
3.971378352944134349e+03
3.986705913108880850e+03
4.003481301162833006e+03
4.021701260811801149e+03
4.041362252605586036e+03
4.062460453937796956e+03
4.084991759046238258e+03
4.108951779012591032e+03
4.134335841762504060e+03
4.161138992065684761e+03
4.189355991535740031e+03
4.218981318630244459e+03
4.250009168650854008e+03
4.282433453743124119e+03
4.316247802896555186e+03
4.351445561944797191e+03
4.388019793565285909e+03
4.425963277279561225e+03
4.465268509453062507e+03
4.505927703295265019e+03
4.547932788859588982e+03
4.591275413043490516e+03
4.635946939588325222e+03
4.681938449079461861e+03
4.729240738946350575e+03
4.777844323462227294e+03
4.827739433744500275e+03
4.878916017754386303e+03
4.931363740297183540e+03
4.985071983022180575e+03
5.040029844422633687e+03
5.096226139835744107e+03
5.153649401442635281e+03
5.212287878268625718e+03
5.272129536182819720e+03
5.333162057898289277e+03
5.395372842972255967e+03
5.458749007805772635e+03
5.523277385643996240e+03
5.588944526575824057e+03
3.793498704301873659e+03
3.794210016739680214e+03
3.796343812461054767e+03
3.799899666689657352e+03
3.804876871464966825e+03
3.811274435642280878e+03
3.819091084892670551e+03
3.828325261703002980e+03
3.838975125375986863e+03
3.851038552030036044e+03
3.864513134599405930e+03
3.879396182834193496e+03
3.895684723300200858e+03
3.913375499379071698e+03
3.932464971268245790e+03
3.952949315981004474e+03
3.974824427346311495e+03
3.998085916009017637e+03
4.022729109429701566e+03
4.048749051884851724e+03
4.076140504466593484e+03
4.104897945082984734e+03
4.135015568457788504e+03
4.166487286130609391e+03
4.199306726456825345e+03
4.233467234607587670e+03
4.268961872569957450e+03
4.305783419146632696e+03
4.343924369956198461e+03
4.383376937433013154e+03
4.424133050827231273e+03
4.466184356204803407e+03
4.509522216447498977e+03
4.554137711252815279e+03
4.600021637134068442e+03
4.647164507420484370e+03
4.695556552256925897e+03
4.745187718604097427e+03
4.796047670238544924e+03
4.848125787752587712e+03
4.901411168554295728e+03
4.955892626867535000e+03
5.011558693732104075e+03
5.068397617003392952e+03
5.126397361352746884e+03
5.185545608267239004e+03
5.245829756049670323e+03
5.307236919818797105e+03
5.369753931509058020e+03
5.433367339870801516e+03
3.688901567725088171e+03
3.689591781394619829e+03
3.691662280959212694e+03
3.695112642086792221e+03
3.699942157557279643e+03
3.706149837262432811e+03
3.713734408206050830e+03
3.722694314503905844e+03
3.733027717383674826e+03
3.744732495184985055e+03
3.757806243359459586e+03
3.772246274470603566e+03
3.788049618193895185e+03
3.805213021316831146e+03
3.823732947738812982e+03
3.843605578471169792e+03
3.864826811637203718e+03
3.887392262472167204e+03
3.911297263323308471e+03
3.936536863649757834e+03
3.963105830022641385e+03
3.990998646124990046e+03
4.020209512751875991e+03
4.050732347810185274e+03
4.082560786318913415e+03
4.115688180408869812e+03
4.150107599322973329e+03
4.185811829415911234e+03
4.222793374154457524e+03
4.261044454117291025e+03
4.300557006994995390e+03
4.341322687590241003e+03
4.383332867817489387e+03
4.426578636703220582e+03
4.471050800385978619e+03
4.516739882116030458e+03
4.563636122255820737e+03
4.611729478279585237e+03
4.661009624773600990e+03
4.711465953436072596e+03
4.763087573077086745e+03
4.815863309618862331e+03
4.869781706095409390e+03
4.924831022652642787e+03
4.980999236548632325e+03
5.038274042153307164e+03
5.096642850948410342e+03
5.156092791527908048e+03
5.216610709597489404e+03
5.278183167974839307e+03
3.585063123044074018e+03
3.585732424354796422e+03
3.587740187141457682e+03
3.591085987967153415e+03
3.595769121103921862e+03
3.601788598532448304e+03
3.609143149942337914e+03
3.617831222731842900e+03
3.627850982008135361e+03
3.639200310587102649e+03
3.651876808993415580e+03
3.665877795460528432e+03
3.681200305930724426e+03
3.697841094055092981e+03
3.715796631193347821e+03
3.735063106414190770e+03
3.755636426494993430e+03
3.777512215922001815e+03
3.800685816890086244e+03
3.825152289303105135e+03
3.850906410773586686e+03
3.877942676622842555e+03
3.906255299880967868e+03
3.935838211286932165e+03
3.966685059288397497e+03
3.998789210041832121e+03
4.032143747412578705e+03
4.066741472974558747e+03
4.102574906010750055e+03
4.139636283512709269e+03
4.177917560180821965e+03
4.217410408424348134e+03
4.258106218361240281e+03
4.299996097818279850e+03
4.343070872331031751e+03
4.387321085143844357e+03
4.432736997209804031e+03
4.479308587190871549e+03
4.527025551457745678e+03
4.575877304089931386e+03
4.625852976875671629e+03
4.676941419312083781e+03
4.729131198604909514e+03
4.782410599668855866e+03
4.836767625127413339e+03
4.892189995312719475e+03
4.948665148265718017e+03
5.006180239736295334e+03
5.064722143182962100e+03
5.124277449772989712e+03
3.482616307642933862e+03
3.483265014625408185e+03
3.485210994858653066e+03
3.488453826200134245e+03
3.492992805079029495e+03
3.498826946496092205e+03
3.505954984023833276e+03
3.514375369806316485e+03
3.524086274559272169e+03
3.535085587570188181e+03
3.547370916698127985e+03
3.560939588373798870e+03
3.575788647599597425e+03
3.591914857949586803e+03
3.609314701569473982e+03
3.627984379176564289e+03
3.647919810059897827e+03
3.669116632080158524e+03
3.691570201669651397e+03
3.715275593832370760e+03
3.740227602143977492e+03
3.766420738751685349e+03
3.793849234374511070e+03
3.822507038303047011e+03
3.852387818399506614e+03
3.883484961097906307e+03
3.915791571403724447e+03
3.949300472894265113e+03
3.984004207718339785e+03
4.019895036596517457e+03
4.056964938821010946e+03
4.095205612255676897e+03
4.134608473336015777e+03
4.175164657069171881e+03
4.216865017034024277e+03
4.259700125380982172e+03
4.303660272832189548e+03
4.348735468681479688e+03
4.394915440794238748e+03
4.442189635607633136e+03
4.490547218130404872e+03
4.539977071942917064e+03
4.590467799197290333e+03
4.642007720617220912e+03
4.694584875498139809e+03
4.748187021707053646e+03
4.802801635682590131e+03
4.858415912435157225e+03
4.915016765546806710e+03
4.972590827171234196e+03
3.382209936626099989e+03
3.382838500261254921e+03
3.384724050998352141e+03
3.387866168332061534e+03
3.392264151420181406e+03
3.397917019083729429e+03
3.404823509806760740e+03
3.412982081736527107e+03
3.422390912683340503e+03
3.433047900120755003e+03
3.444950661185339413e+03
3.458096532676859169e+03
3.472482571058230860e+03
3.488105552455408542e+03
3.504961972657611113e+03
3.523048047117049464e+03
3.542359710949176588e+03
3.562892618932551159e+03
3.584642145508792055e+03
3.607603384782782996e+03
3.631771150522399694e+03
3.657139976158737227e+03
3.683704114785996353e+03
3.711457539161506247e+03
3.740393941705769976e+03
3.770506734502328072e+03
3.801789049297940437e+03
3.834233737502495387e+03
3.867833370188941444e+03
3.902580238093446496e+03
3.938466351615215899e+03
3.975483440816697112e+03
4.013622955423375060e+03
4.052876064823885827e+03
4.093233658070062120e+03
4.134686343876819592e+03
4.177224450622179575e+03
4.220838026347337291e+03
4.265516838756570905e+03
4.311250375217400688e+03
4.358027842760361636e+03
4.405838168079139905e+03
4.454669997530595538e+03
4.504511697134694259e+03
4.555351352574598423e+03
4.607176769196394162e+03
4.659975472009637087e+03
4.713734705686647430e+03
4.768441434563283110e+03
4.824082342638075716e+03
3.284382482570958928e+03
3.284991453264706252e+03
3.286818225820252337e+03
3.289862381660645951e+03
3.294123223157657776e+03
3.299599773631666721e+03
3.306290777351887300e+03
3.314194699536074040e+03
3.323309726350839810e+03
3.333633764911337494e+03
3.345164443281510103e+03
3.357899110473999826e+03
3.371834836450079820e+03
3.386968412119790628e+03
3.403296349341826499e+03
3.420814880923626333e+03
3.439519960621237260e+03
3.459407263139496536e+03
3.480472184131895119e+03
3.502709840200623148e+03
3.526115068896547200e+03
3.550682428719301242e+03
3.576406199117104734e+03
3.603280380486989998e+03
3.631298694174597586e+03
3.660454582474335439e+03
3.690741208629242465e+03
3.722151456831102223e+03
3.754677932220329239e+03
3.788312960886150904e+03
3.823048589866380098e+03
3.858876587147574355e+03
3.895788441665013124e+03
3.933775363302606820e+03
3.972828282893010510e+03
4.012937852217532964e+03
4.054094444006273079e+03
4.096288151937915245e+03
4.139508790639911240e+03
4.183745895688366545e+03
4.228988723608108558e+03
4.275226251872663852e+03
4.322447178904258180e+03
4.370639924073793736e+03
4.419792627700894627e+03
4.469893151053815927e+03
4.520929076349602838e+03
4.572887706753954262e+03
4.625756066381245546e+03
4.679520900294573948e+03
3.189666678439402858e+03
3.190256700637951326e+03
3.192026628429744051e+03
3.194976045402927411e+03
3.199104257537760532e+03
3.204410293206638016e+03
3.210892903174067214e+03
3.218550560596645482e+03
3.227381461023105658e+03
3.237383522394270585e+03
3.248554385043098591e+03
3.260891411694638009e+03
3.274391687466072653e+03
3.289052019866630872e+03
3.304868938797744704e+03
3.321838696552913461e+03
3.339957267817703723e+03
3.359220349669885763e+03
3.379623361579274388e+03
3.401161445407797146e+03
3.423829465409562545e+03
3.447622008230655410e+03
3.472533382909409738e+03
3.498557620876204055e+03
3.525688475953506895e+03
3.553919424355990486e+03
3.583243664690303376e+03
3.613654117955320544e+03
3.645143427541984238e+03
3.677703959233349451e+03
3.711327801204561183e+03
3.746006764022877178e+03
3.781732380647736136e+03
3.818495906430644027e+03
3.856288319115151353e+03
3.895100318837012310e+03
3.934922328124048363e+03
3.975744491896193722e+03
4.017556677465540815e+03
4.060348474536226604e+03
4.104109195204500793e+03
4.148827873958794044e+03
4.194493267679581550e+03
4.241093855639473986e+03
4.288617839503217510e+03
4.337053143327625548e+03
4.386387413561624271e+03
4.436608019046252593e+03
4.487702051014730387e+03
4.539656323092276580e+03
3.098559932168564046e+03
3.099131732177716003e+03
3.100846994183439165e+03
3.103705304120626352e+03
3.107705971880727702e+03
3.112848031311773411e+03
3.119130240218441941e+03
3.126551080361878121e+03
3.135108757459920525e+03
3.144801201186965045e+03
3.155626065173896677e+03
3.167580727008316899e+03
3.180662288234339030e+03
3.194867574352679185e+03
3.210193134820633531e+03
3.226635243052078295e+03
3.244189896417515229e+03
3.262852816243912457e+03
3.282619447814977320e+03
3.303484960370838053e+03
3.325444247108407581e+03
3.348491925180974249e+03
3.372622335698542884e+03
3.397829543727698365e+03
3.424107338291491942e+03
3.451449232369714082e+03
3.479848462898598882e+03
3.509297990771074183e+03
3.539790500836625142e+03
3.571318401901248762e+03
3.603873826727613050e+03
3.637448632034943330e+03
3.672034398499044983e+03
3.707622430752280707e+03
3.744203757383593256e+03
3.781769130938641865e+03
3.820309027919483924e+03
3.859813648784825091e+03
3.900272917950042029e+03
3.941676483786955032e+03
3.984013718624055400e+03
4.027273718746414488e+03
4.071445304395706444e+03
4.116517019770049046e+03
4.162477133024367504e+03
4.209313636269962444e+03
4.257014245574873712e+03
4.305566400963652995e+03
4.354957266417341089e+03
4.405173729873831689e+03
3.011511033925626180e+03
3.012065404188206230e+03
3.013728377778556933e+03
3.016499543104509939e+03
3.020378214179004317e+03
3.025363430620245708e+03
3.031453957651638120e+03
3.038648286101738449e+03
3.046944632404392905e+03
3.056340938598532375e+03
3.066834872328308848e+03
3.078423826843163624e+03
3.091104920997690897e+03
3.104874999251592271e+03
3.119730631669881404e+03
3.135668113922679368e+03
3.152683467285419283e+03
3.170772438638618951e+03
3.189930500468040009e+03
3.210152850864687935e+03
3.231434413524675620e+03
3.253769837749359795e+03
3.277153498445318291e+03
3.301579496124236357e+03
3.327041656903134026e+03
3.353533532504138748e+03
3.381048400254576336e+03
3.409579263086993706e+03
3.439118849539136136e+03
3.469659613753901795e+03
3.501193735479523639e+03
3.533713120069182878e+03
3.567209398481509197e+03
3.601673927280239695e+03
3.637097788634264361e+03
3.673471790317694285e+03
3.710786465709838922e+03
3.749032073795251563e+03
3.788198599163638391e+03
3.828275752009903954e+03
3.869252968134151160e+03
3.911119408941681286e+03
3.953863961443062180e+03
3.997475238253878160e+03
4.041941577595139279e+03
4.087251043292917529e+03
4.133391424778460532e+03
4.180350237088305221e+03
4.228114720864186893e+03
4.276671842352834574e+03
2.928954883519509167e+03
2.929492682771547152e+03
2.931105944176601952e+03
2.933794258681518841e+03
2.937556944531002046e+03
2.942393047267660222e+03
2.948301339732029192e+03
2.955280322062435516e+03
2.963328221695223874e+03
2.972442993364506947e+03
2.982622319102347319e+03
2.993863608238712004e+03
3.006163997401358756e+03
3.019520350516108920e+03
3.033929258806506368e+03
3.049387040794022141e+03
3.065889742298099918e+03
3.083433136435974120e+03
3.102012723622851809e+03
3.121623731571730787e+03
3.142261115293536022e+03
3.163919557097142388e+03
3.186593466589260970e+03
3.210276980674461811e+03
3.234963963555242117e+03
3.260648006732026261e+03
3.287322429003029356e+03
3.314980276464439157e+03
3.343614322510302372e+03
3.373217067832547400e+03
3.403780740420984330e+03
3.435297295563304942e+03
3.467758415845173658e+03
3.501155511150068378e+03
3.535479718659325954e+03
3.570721902852210405e+03
3.606872655505890179e+03
3.643922295695438152e+03
3.681860869793740676e+03
3.720678151471656747e+03
3.760363641697858839e+03
3.800906568738969327e+03
3.842295888159469541e+03
3.884520282821699766e+03
3.927568162885972924e+03
3.971427665810392682e+03
4.016086656351035344e+03
4.061532726561858908e+03
4.107753195794566636e+03
4.154735110698993594e+03
2.851170989144566192e+03
2.851693134239394567e+03
2.853259434020105800e+03
2.855869481975378221e+03
2.859522600586319641e+03
2.864217841326558300e+03
2.869953984662106450e+03
2.876729540051428557e+03
2.884542745945509523e+03
2.893391569787740991e+03
2.903273708013898613e+03
2.914186586052392158e+03
2.926127358323924454e+03
2.939092908241673285e+03
2.953079848211314129e+03
2.968084519630974683e+03
2.984102992891212125e+03
3.001131067375013117e+03
3.019164271457862014e+03
3.038197862507718128e+03
3.058226826884902039e+03
3.079245879942254760e+03
3.101249466025069523e+03
3.124231758471046305e+03
3.148186659610405513e+03
3.173107800765751563e+03
3.198988542252186562e+03
3.225821973377242102e+03
3.253600912440947468e+03
3.282317906735693214e+03
3.311965232546435800e+03
3.342534895150470220e+03
3.374018628817634635e+03
3.406407896810196689e+03
3.439693891382830770e+03
3.473867533782731698e+03
3.508919474249501036e+03
3.544840092015192567e+03
3.581619495304335032e+03
3.619247521333932127e+03
3.657713736313326081e+03
3.697007435444470502e+03
3.737117642921703009e+03
3.778033111931745225e+03
3.819742324653861942e+03
3.862233492259770173e+03
3.905494554913548200e+03
3.949513181771840209e+03
3.994276770983674396e+03
4.039772449690553913e+03
2.778394385146248169e+03
2.778901849313047023e+03
2.780424107135308986e+03
2.782960754578584783e+03
2.786511118252019514e+03
2.791074255408489080e+03
2.796648953944531968e+03
2.803233732400394729e+03
2.810826839959941026e+03
2.819426256450742585e+03
2.829029692344056457e+03
2.839634588754825018e+03
2.851238117441630493e+03
2.863837180806717697e+03
2.877428411896107718e+03
2.892008174399370546e+03
2.907572562649829706e+03
2.924117401624471313e+03
2.941638246943921331e+03
2.960130384872559262e+03
2.979588832318404457e+03
3.000008336833070643e+03
3.021383376611970561e+03
3.043708160494111326e+03
3.066976627962253588e+03
3.091182449142752375e+03
3.116319024805648041e+03
3.142379486364757213e+03
3.169356695877445418e+03
3.197243246044808984e+03
3.226031460211606827e+03
3.255713392366351400e+03
3.286280827141081318e+03
3.317725279811634209e+03
3.350037996297533027e+03
3.383209953161849626e+03
3.417231857611454870e+03
3.452094147496814003e+03
3.487786991312168539e+03
3.524300288195308895e+03
3.561623667927801762e+03
3.599746490934876419e+03
3.638657848285379259e+03
3.678346561691864736e+03
3.718801183510595365e+03
3.760009996741541727e+03
3.801961015028132351e+03
3.844641982657799417e+03
3.888040374561410317e+03
3.932143396313563244e+03
2.710752544089064031e+03
2.711246327294907132e+03
2.712727543020696430e+03
2.715195789591371067e+03
2.718650397548367437e+03
2.723090429649755606e+03
2.728514680870193843e+03
2.734921678400974088e+03
2.742309681649885533e+03
2.750676682241373783e+03
2.760020404016495377e+03
2.770338303032826843e+03
2.781627567564601122e+03
2.793885118102616616e+03
2.807107607354214451e+03
2.821291420243392167e+03
2.836432673910758240e+03
2.852527217713463870e+03
2.869570633225225720e+03
2.887558234236394128e+03
2.906485066753953106e+03
2.926345909001361179e+03
2.947135271418756020e+03
2.968847396662886240e+03
2.991476259606974963e+03
3.015015567340992675e+03
3.039458759171338897e+03
3.064799006621115041e+03
3.091029213430033451e+03
3.118142015554303725e+03
3.146129781166769135e+03
3.174984610656861150e+03
3.204698336630599442e+03
3.235262523910614618e+03
3.266668469536148223e+03
3.298907202762961788e+03
3.331969485063427783e+03
3.365845810126597826e+03
3.400526403857952573e+03
3.436001224379697305e+03
3.472259962030602765e+03
3.509292039366027893e+03
3.547086611157851621e+03
3.585632564394632027e+03
3.624918518281492652e+03
3.664932824240145237e+03
3.705663565908889723e+03
3.747098559142591512e+03
3.789225352012772419e+03
3.832031224807496983e+03
2.648236584967480667e+03
2.648717676293563272e+03
2.650160817116739054e+03
2.652565607971723693e+03
2.655931383083179753e+03
2.660257210365489300e+03
2.665541891422958543e+03
2.671783961549681408e+03
2.678981689729585014e+03
2.687133078636475148e+03
2.696235864634013524e+03
2.706287517775604101e+03
2.717285241804574980e+03
2.729225974154064716e+03
2.742106385947022318e+03
2.755922881996366414e+03
2.770671600804598711e+03
2.786348414564326958e+03
2.802948929157855673e+03
2.820468484157299827e+03
2.838902152824744007e+03
2.858244742111992309e+03
2.878490792660727493e+03
2.899634578802488249e+03
2.921670108558623724e+03
2.944591123640316255e+03
2.968391099448649584e+03
2.993063245074449696e+03
3.018600503298443982e+03
3.044995550591193023e+03
3.072240797113067856e+03
3.100328386714363660e+03
3.129250196935026906e+03
3.158997839005064634e+03
3.189562657844203386e+03
3.220935732061957424e+03
3.253107873957787888e+03
3.286069629520989110e+03
3.319811278430620405e+03
3.354322834055619751e+03
3.389594043454712846e+03
3.425614387376595005e+03
3.462373080259635572e+03
3.499859070232196245e+03
3.538061039112335493e+03
3.576967402408058661e+03
3.616566309317158812e+03
3.656845642727239465e+03
3.697793019215828281e+03
3.739395789050240637e+03
2.590791140828650896e+03
2.591260507138304092e+03
2.592668473589856148e+03
2.595014642750857092e+03
2.598298352233996411e+03
2.602518674697034839e+03
2.607674417842736148e+03
2.613764124418980828e+03
2.620786072218743357e+03
2.628738274079955772e+03
2.637618477885803259e+03
2.647424166564314874e+03
2.658152558088772821e+03
2.669800605477439603e+03
2.682364996793626233e+03
2.695842155145783181e+03
2.710228238687386693e+03
2.725519140616961522e+03
2.741710489178149146e+03
2.758797647659594077e+03
2.776775714395080286e+03
2.795639522763440254e+03
2.815383641188509500e+03
2.836002373139285737e+03
2.857489757129746977e+03
2.879839566718987953e+03
2.903045310511242860e+03
2.927100232155612503e+03
2.951997310346473569e+03
2.977729258823160308e+03
3.004288526370078216e+03
3.031667296816749513e+03
3.059857489037722189e+03
3.088850756952638221e+03
3.118638489526188096e+03
3.149211810768088071e+03
3.180561579733262079e+03
3.212678390521500660e+03
3.245552572277870240e+03
3.279174189192349331e+03
3.313533040500033167e+03
3.348618660481133702e+03
3.384420318460865929e+03
3.420927018809516085e+03
3.458127500942464394e+03
3.496010239320162327e+03
3.534563443448132602e+03
3.573775057876900973e+03
3.613632762202155391e+03
3.654123971064541365e+03
2.538228806753522804e+03
2.538687362078985643e+03
2.540062896195968278e+03
2.542355013525980212e+03
2.545563054771628231e+03
2.549686096916525457e+03
2.554722953225291349e+03
2.560672173243710859e+03
2.567532042798416114e+03
2.575300583997227477e+03
2.583975555228903431e+03
2.593554451163277008e+03
2.604034502751210312e+03
2.615412677224617255e+03
2.627685678096418087e+03
2.640849945160630341e+03
2.654901654492186935e+03
2.669836718447163548e+03
2.685650785662596718e+03
2.702339241056620267e+03
2.719897205828397091e+03
2.738319537458073683e+03
2.757600829706871082e+03
2.777735412617039401e+03
2.798717352511835088e+03
2.820540451995611875e+03
2.843198249953661616e+03
2.866684021552418926e+03
2.890990778239279280e+03
2.916111267742735436e+03
2.942037974072218276e+03
2.968763117518278705e+03
2.996278654652451223e+03
3.024576278327367618e+03
3.053647417676643272e+03
3.083483238114945379e+03
3.114074641337924731e+03
3.145412265322374878e+03
3.177486484325982019e+03
3.210287408887643323e+03
3.243804885827171347e+03
3.278028498245339506e+03
3.312947565524177662e+03
3.348551143326562851e+03
3.384828023596469393e+03
3.421766734558923417e+03
3.459355540719934652e+03
3.497582442866632846e+03
3.536435178067040397e+03
3.575901219670413411e+03
2.490293797661752251e+03
2.490742387783393497e+03
2.492088026849592097e+03
2.494330320964149905e+03
2.497468613633532186e+03
2.501501985766640246e+03
2.506429255674970591e+03
2.512248979072660404e+03
2.518959449076305646e+03
2.526558696205120214e+03
2.535044488380799521e+03
2.544414330927725132e+03
2.554665466572714649e+03
2.565794875445226353e+03
2.577799275077245511e+03
2.590675120403261644e+03
2.604418603760427686e+03
2.619025654888423560e+03
2.634491940929410703e+03
2.650812866428213965e+03
2.667983573332162450e+03
2.685998940991134987e+03
2.704853586157582868e+03
2.724541862986575325e+03
2.745057863035663104e+03
2.766395415264946678e+03
2.788548086037121720e+03
2.811509179117501844e+03
2.835271735673813964e+03
2.859828534276448408e+03
2.885172090898367969e+03
2.911294658915039690e+03
2.938188229104480342e+03
2.965844529647347372e+03
2.994255026126734265e+03
3.023410921528443396e+03
3.053303156240690441e+03
3.083922408054331754e+03
3.115259092162796151e+03
3.147303361161993962e+03
3.180045105050430720e+03
3.213473951229252634e+03
3.247579264502041951e+03
3.282350147074998858e+03
3.317775438556896006e+03
3.353843715958964822e+03
3.390543293695145621e+03
3.427862223581882972e+03
3.465788294838125694e+03
3.504309034085372332e+03
2.446614199037912840e+03
2.447053594465046444e+03
2.448371649958085072e+03
2.450567973151919432e+03
2.453641910104738599e+03
2.457592545297961806e+03
2.462418701636306650e+03
2.468118940447698151e+03
2.474691561483427904e+03
2.482134602917994926e+03
2.490445841349151124e+03
2.499622791797946775e+03
2.509662707708662310e+03
2.520562580948922005e+03
2.532319141809534813e+03
2.544928859004630795e+03
2.558387939671547429e+03
2.572692329370966036e+03
2.587837712086798092e+03
2.603819510226207967e+03
2.620632884619612923e+03
2.638272734520796803e+03
2.656733697606705391e+03
2.676010149977537367e+03
2.696096206156903463e+03
2.716985719091485407e+03
2.738672280151422456e+03
2.761149219129993071e+03
2.784409604243774083e+03
2.808446242132617954e+03
2.833251677859675510e+03
2.858818194911305000e+03
2.885137815197140299e+03
2.912202299050159127e+03
2.940003145226501147e+03
2.968531590905672601e+03
2.997778611690318940e+03
3.027734921606543139e+03
3.058390973103496435e+03
3.089736957053764854e+03
3.121762802753119104e+03
3.154458177920628259e+03
3.187812488698614288e+03
3.221814879652674790e+03
3.256454233771705731e+03
3.291719172467765020e+03
3.327598055576299885e+03
3.364078981355942233e+03
3.401149786488667814e+03
3.438798046079659798e+03
2.406675887025699012e+03
2.407106775938018473e+03
2.408399312359028954e+03
2.410553105340773072e+03
2.413567503303374906e+03
2.417441594035017260e+03
2.422174204691873456e+03
2.427763901798221013e+03
2.434208991246350706e+03
2.441507518296589296e+03
2.449657267577345010e+03
2.458655763084993850e+03
2.468500268184152446e+03
2.479187785607177830e+03
2.490715057454781345e+03
2.503078565195482952e+03
2.516274529665997761e+03
2.530298911071031398e+03
2.545147408983325477e+03
2.560815462343703075e+03
2.577298249460977786e+03
2.594590688012044666e+03
2.612687435041880235e+03
2.631582886963428791e+03
2.651271179557716096e+03
2.671746187973849374e+03
2.693001526728949102e+03
2.715030549708149010e+03
2.737826350164687028e+03
2.761381760719791600e+03
2.785689353362818110e+03
2.810741439451066981e+03
2.836530069709965574e+03
2.863047034232931765e+03
2.890283862481464894e+03
2.918231823285077553e+03
2.946881924841409273e+03
2.976224914715999148e+03
3.006251279842581425e+03
3.036951246522835390e+03
3.068314780426544530e+03
3.100331586591505584e+03
3.132991109423574017e+03
3.166282532696641283e+03
3.200194779552657565e+03
3.234716512501586294e+03
3.269836133421540580e+03
3.305541783558510360e+03
3.341821343526703458e+03
3.378662433308227264e+03
2.369901079185638082e+03
2.370324055408195818e+03
2.371592854210393853e+03
2.373707085995761190e+03
2.376666101436921963e+03
2.380468991475595431e+03
2.385114587322459556e+03
2.390601460457219218e+03
2.396927922628742635e+03
2.404092025854833992e+03
2.412091562422392599e+03
2.420924064887390159e+03
2.430586806074779815e+03
2.441076799078587101e+03
2.452390797261932676e+03
2.464525294256873167e+03
2.477476523964651278e+03
2.491240460555445679e+03
2.505812818468530168e+03
2.521189052412182718e+03
2.537364357363821910e+03
2.554333668569779547e+03
2.572091661545528041e+03
2.590632752075589451e+03
2.609951096213467281e+03
2.630040590281760160e+03
2.650894870872116371e+03
2.672507314845211113e+03
2.694871039330746498e+03
2.717978901727497032e+03
2.741823499703309608e+03
2.766397171195035298e+03
2.791691994408574828e+03
2.817699787818878576e+03
2.844412110169946573e+03
2.871820260474851239e+03
2.899915278015714648e+03
2.928687942343594841e+03
2.958128773278735935e+03
2.988228030910340749e+03
3.018975715596729970e+03
3.050361567965182985e+03
3.082375068912142524e+03
3.115005439602941806e+03
3.148241641472100127e+03
3.182072376223118226e+03
3.216486085828523755e+03
3.251470952529962233e+03
3.287014898838083354e+03
3.323105587532540994e+03
2.335657536873645768e+03
2.336073077685659882e+03
2.337319570712793393e+03
2.339396627728615385e+03
2.342303601688922754e+03
2.346039586731876625e+03
2.350603418178002357e+03
2.355993672530121330e+03
2.362208667473419155e+03
2.369246461875377463e+03
2.377104855785842119e+03
2.385781390436977745e+03
2.395273348243267719e+03
2.405577752801605129e+03
2.416691368891133607e+03
2.428610702473338279e+03
2.441332000692091242e+03
2.454851251873515139e+03
2.469164185526165056e+03
2.484266272340869364e+03
2.500152724190729714e+03
2.516818494131371153e+03
2.534258276400578325e+03
2.552466506418500103e+03
2.571437360787695070e+03
2.591164757292949616e+03
2.611642354901505314e+03
2.632863553762808806e+03
2.654821495208693705e+03
2.677509061753403330e+03
2.700918877093431547e+03
2.725043306107568242e+03
2.749874454857058481e+03
2.775404170585329666e+03
2.801624041718309854e+03
2.828525397864109436e+03
2.856099309813293985e+03
2.884336589538702356e+03
2.913227790195469424e+03
2.942763206121162511e+03
2.972932872835599483e+03
3.003726567040916962e+03
3.035133806621706754e+03
3.067143850644788472e+03
3.099745699359368700e+03
3.132928094196859092e+03
3.166679517771240171e+03
3.200988193878629318e+03
3.235842087497508146e+03
3.271228904788767977e+03
2.303248991153304814e+03
2.303657441382870275e+03
2.304882663159492040e+03
2.306924269747310063e+03
2.309781616586315067e+03
2.313453801292530443e+03
2.317939663658148675e+03
2.323237785651235754e+03
2.329346491415913079e+03
2.336263847272402927e+03
2.343987661716846560e+03
2.352515485421395169e+03
2.361844611234369040e+03
2.371972074179939227e+03
2.382894651458400403e+03
2.394608862446034436e+03
2.407110968695133124e+03
2.420396973934043672e+03
2.434462624067123215e+03
2.449303407174716085e+03
2.464914553513222018e+03
2.481291035515050680e+03
2.498427567788667147e+03
2.516318607118500950e+03
2.534958352464991549e+03
2.554340744964702026e+03
2.574459467930114442e+03
2.595307946849789005e+03
2.616879349388273113e+03
2.639166585386169572e+03
2.662162306860022909e+03
2.685858908002524004e+03
2.710248525182282719e+03
2.735323036943987063e+03
2.761074064008289497e+03
2.787492969271943366e+03
2.814570857807666471e+03
2.842298576864186543e+03
2.870666715866286722e+03
2.899665606414805552e+03
2.929285322286500559e+03
2.959515679434207414e+03
2.990346235986794454e+03
3.021766292249162689e+03
3.053764890702223056e+03
3.086330816002873689e+03
3.119452594984022653e+03
3.153118496654656155e+03
3.187316532199815811e+03
3.222034454980394003e+03
2.271935863375756526e+03
2.272337431753226156e+03
2.273542008550816718e+03
2.275549208763959541e+03
2.278358390718426563e+03
2.281968656070307588e+03
2.286378849805919344e+03
2.291587560242010113e+03
2.297593119025532360e+03
2.304393601133756420e+03
2.311986824874315971e+03
2.320370351885026139e+03
2.329541487134224553e+03
2.339497278920316603e+03
2.350234518872139233e+03
2.361749741948824521e+03
2.374039226439822414e+03
2.387098993964787041e+03
2.400924809473804089e+03
2.415512181247231638e+03
2.430856360895677426e+03
2.446952343360135274e+03
2.463794866911780446e+03
2.481378413152265239e+03
2.499697207013377920e+03
2.518745216757383787e+03
2.538516153976638634e+03
2.559003473594020761e+03
2.580200373862589913e+03
2.602099796365723705e+03
2.624694426017117621e+03
2.647976691060785015e+03
2.671938763071057110e+03
2.696572556952469313e+03
2.721869730939988585e+03
2.747821686598877022e+03
2.774419568824623639e+03
2.801654265843012581e+03
2.829516409210259553e+03
2.857996373812784441e+03
2.887084277867302262e+03
2.916769982920914117e+03
2.947043093850948026e+03
2.977892958865072615e+03
3.009308669501274380e+03
3.041279060627789477e+03
3.073792710443240139e+03
3.106837940476475524e+03
3.140402815586730867e+03
3.174475143963445589e+03
2.240940487685656990e+03
2.241335245788332031e+03
2.242519392466306272e+03
2.244492544829404324e+03
2.247254064727258083e+03
2.250803058749443153e+03
2.255138378225410634e+03
2.260258619224396170e+03
2.266162122555579117e+03
2.272846973767968848e+03
2.280311003150518445e+03
2.288551785731942800e+03
2.297566641280923250e+03
2.307352634305971151e+03
2.317906574055496094e+03
2.329225014517669479e+03
2.341304254420697362e+03
2.354140337232547608e+03
2.367729051161086318e+03
2.382065929154077821e+03
2.397146248899093735e+03
2.412965032823626643e+03
2.429517048095044629e+03
2.446796806620568532e+03
2.464798565047271950e+03
2.483516324762126715e+03
2.502943831892002891e+03
2.523074577303532351e+03
2.543901796603336152e+03
2.565418470137865370e+03
2.587617322993446578e+03
2.610490824996236370e+03
2.634031190712312309e+03
2.658230379447627456e+03
2.683080095247919417e+03
2.708571786898937717e+03
2.734696647926148216e+03
2.761445616595028696e+03
2.788809375910796007e+03
2.816778353618678921e+03
2.845342722203668018e+03
2.874492398890674849e+03
2.904217045644418249e+03
2.934506069169606235e+03
2.965348620910685895e+03
2.996733597052116238e+03
3.028649638518049869e+03
3.061085130972674051e+03
3.094028204819937855e+03
3.127466735203802273e+03
2.209450310991678634e+03
2.209838188858498143e+03
2.211001695712093351e+03
2.212940451312124424e+03
2.215653821924570366e+03
2.219140920321774502e+03
2.223400605782580897e+03
2.228431484092129722e+03
2.234231907542039153e+03
2.240799974930268945e+03
2.248133531561143172e+03
2.256230169245509387e+03
2.265087226300511247e+03
2.274701787549656729e+03
2.285070684323000023e+03
2.296190494456800479e+03
2.308057542293909137e+03
2.320667898683427666e+03
2.334017380980890266e+03
2.348101553048263668e+03
2.362915725253878918e+03
2.378454954472499594e+03
2.394714044085230853e+03
2.411687543979633119e+03
2.429369750549585660e+03
2.447754706695491222e+03
2.466836201824025920e+03
2.486607771848275661e+03
2.507062699187827093e+03
2.528194012768540233e+03
2.549994488022798578e+03
2.572456646889213516e+03
2.595572757812919917e+03
2.619334835745462442e+03
2.643734642144727331e+03
2.668763684974965145e+03
2.694413218706904445e+03
2.720674244317615376e+03
2.747537509290600610e+03
2.774993507615749877e+03
2.803032479789294484e+03
2.831644412813966483e+03
2.860819040198794028e+03
2.890545841959283280e+03
2.920814044617259242e+03
2.951612621201024922e+03
2.982930291245224907e+03
3.014755520790936316e+03
3.047076522385600583e+03
3.079881255083046199e+03
2.176781068514378603e+03
2.177161885022883325e+03
2.178304208913573348e+03
2.180207663282271824e+03
2.182871619955176357e+03
2.186295199489040897e+03
2.190477271171062057e+03
2.195416453019061009e+03
2.201111111781165164e+03
2.207559362936194702e+03
2.214759070693321519e+03
2.222707847992273855e+03
2.231403056503313564e+03
2.240841806627122423e+03
2.251020957494938557e+03
2.261937116968442751e+03
2.273586641639849404e+03
2.285965636831929260e+03
2.299069956597804776e+03
2.312895203721222970e+03
2.327436729716350783e+03
2.342689634827911505e+03
2.358648768031116560e+03
2.375308727031597300e+03
2.392663858265586896e+03
2.410708256899806656e+03
2.429435766831329602e+03
2.448839980687921525e+03
2.468914239827768142e+03
2.489651634339475095e+03
2.511045003042272583e+03
2.533086933485787995e+03
2.555769761950250540e+03
2.579085573446241142e+03
2.603026201714988019e+03
2.627583229228116579e+03
2.652747987187808576e+03
2.678511555526642951e+03
2.704864762907845943e+03
2.731798186725063715e+03
2.759302153102385091e+03
2.787366736894523456e+03
2.815981761686543905e+03
2.845136799794113358e+03
2.874821172263386870e+03
2.905023948870984896e+03
2.935733948124016024e+03
2.966939737260122456e+03
2.998629632247411791e+03
3.030791697784502503e+03
2.142257849900011024e+03
2.142631317681275505e+03
2.143751596783795321e+03
2.145618314483954236e+03
2.148230849575725188e+03
2.151588332370579337e+03
2.155689644697622498e+03
2.160533419903504182e+03
2.166118042852485814e+03
2.172441649926349783e+03
2.179502129024513124e+03
2.187297119563913839e+03
2.195824012479101839e+03
2.205079950222216212e+03
2.215061826762917008e+03
2.225766287588453451e+03
2.237189729703663943e+03
2.249328301630998794e+03
2.262177903410452018e+03
2.275734186599561326e+03
2.289992554273453607e+03
2.304948161024867659e+03
2.320595912964063245e+03
2.336930467718934779e+03
2.353946234434920370e+03
2.371637373775024571e+03
2.389997797919841105e+03
2.409021170567530135e+03
2.428700906933840997e+03
2.449030173752089468e+03
2.470001889273157758e+03
2.491608723265494518e+03
2.513843097015160311e+03
2.536697183325759397e+03
2.560162906518530690e+03
2.584231942432143114e+03
2.608895718423036669e+03
2.634145413365035893e+03
2.659971957649690921e+03
2.686366033186072855e+03
2.713318073400819230e+03
2.740818263238088548e+03
2.768856539159764907e+03
2.797422589145116945e+03
2.826505852691138898e+03
2.856095520812368704e+03
2.886180536040842526e+03
2.916749592426299387e+03
2.947791135535885587e+03
2.979293362454541239e+03
2.105322197883401714e+03
2.105687942222925813e+03
2.106785052724603702e+03
2.108613161837956795e+03
2.111171656978649480e+03
2.114459680528761965e+03
2.118476129836562905e+03
2.123219657216714040e+03
2.128688669950088297e+03
2.134881330283928946e+03
2.141795555431735920e+03
2.149429017573243073e+03
2.157779143854600079e+03
2.166843116388167800e+03
2.176617872252609232e+03
2.187100103492912240e+03
2.198286257120344089e+03
2.210172535112428704e+03
2.222754894413037619e+03
2.236029046932321762e+03
2.249990459546711463e+03
2.264634354098939184e+03
2.279955707398039522e+03
2.295949251219349208e+03
2.312609472304416158e+03
2.329930612361249587e+03
2.347906668063978941e+03
2.366531391053104016e+03
2.385798287935449480e+03
2.405700620284073921e+03
2.426231404638383538e+03
2.447383412504041189e+03
2.469149170352989131e+03
2.491520959623494491e+03
2.514490816720126531e+03
2.538050533013756649e+03
2.562191654841512900e+03
2.586905483506802739e+03
2.612183075279358491e+03
2.638015241395237354e+03
2.664392548056753185e+03
2.691305316432521977e+03
2.718743622657416381e+03
2.746697297832656659e+03
2.775155928025742469e+03
2.804108854270498341e+03
2.833545172566937254e+03
2.863453733881488006e+03
2.893823144146790582e+03
2.924641764261809840e+03
2.065598535291019289e+03
2.065956123727175964e+03
2.067028768617092283e+03
2.068816108705300394e+03
2.071317541899315984e+03
2.074532225269581431e+03
2.078459075049636340e+03
2.083096766636003849e+03
2.088443734588076950e+03
2.094498172628482280e+03
2.101258033642648115e+03
2.108721029679054482e+03
2.116884631949233153e+03
2.125746070827676704e+03
2.135302335851861244e+03
2.145550175722314634e+03
2.156486098302480059e+03
2.168106370618875189e+03
2.180407018861023971e+03
2.193383828381388412e+03
2.207032343695436793e+03
2.221347868481734622e+03
2.236325465581694516e+03
2.251959956999826318e+03
2.268245923903668881e+03
2.285177706623676386e+03
2.302749404653354759e+03
2.320954876649147991e+03
2.339787740430620033e+03
2.359241372980181950e+03
2.379308910443364766e+03
2.399983248128683044e+03
2.421257040507566671e+03
2.443122701214520021e+03
2.465572403047053740e+03
2.488598077965639277e+03
2.512191417093754353e+03
2.536343870717882965e+03
2.561046648287538119e+03
2.586290718415170886e+03
2.612066808876284085e+03
2.638365406609364072e+03
2.665176757715903477e+03
2.692490867460378468e+03
2.720297500270226010e+03
2.748586179735980295e+03
2.777346188611136313e+03
2.806566568812104379e+03
2.836236121418437506e+03
2.866343406672558558e+03
2.022753926195264285e+03
2.023102877321571214e+03
2.024149612795577013e+03
2.025893778902423037e+03
2.028334786117329713e+03
2.031471809105653392e+03
2.035303786722863606e+03
2.039829422014486227e+03
2.045047182216126203e+03
2.050955298753592615e+03
2.057551767242694041e+03
2.064834347489363608e+03
2.072800563489658998e+03
2.081447703429671492e+03
2.090772819685685135e+03
2.100772728824017577e+03
2.111444011601088278e+03
2.122783012963463989e+03
2.134785842047745064e+03
2.147448372180656406e+03
2.160766240879047473e+03
2.174734849849846796e+03
2.189349364990061986e+03
2.204604716386802465e+03
2.220495598317347685e+03
2.237016469248965223e+03
2.254161551839115418e+03
2.271924832935269478e+03
2.290300063575114109e+03
2.309280758986301407e+03
2.328860198586676233e+03
2.349031425984162524e+03
2.369787248976786032e+03
2.391120239552606108e+03
2.413022733889874871e+03
2.435486832356900777e+03
2.458504399512094096e+03
2.482067064103966914e+03
2.506166219071087653e+03
2.530793021542194765e+03
2.555938392836105777e+03
2.581593018461694555e+03
2.607747348117982256e+03
2.634391595694046373e+03
2.661515739269134428e+03
2.689109521112504808e+03
2.717162447683540449e+03
2.745663789631794316e+03
2.774602581796807499e+03
2.803967623208313853e+03
1.976744970250888400e+03
1.977084810441328955e+03
1.978104216055714915e+03
1.979802842223296011e+03
1.982180114159359618e+03
1.985235227165458127e+03
1.988967146629170202e+03
1.993374608024259942e+03
1.998456116910699620e+03
2.004209948934453678e+03
2.010634149827740202e+03
2.017726535408905875e+03
2.025484691582391861e+03
2.033905974338790656e+03
2.042987509754857456e+03
2.052726193993498782e+03
2.063118693303681539e+03
2.074161444020614908e+03
2.085850652565591190e+03
2.098182295446054013e+03
2.111152119255552861e+03
2.124755640673834023e+03
2.138988146466749640e+03
2.153844693486303186e+03
2.169320108670603986e+03
2.185408989043980910e+03
2.202105701716800468e+03
2.219404383885648713e+03
2.237298942833217552e+03
2.255783055928327485e+03
2.274850170625950341e+03
2.294493504467209277e+03
2.314706045079356045e+03
2.335480550175793724e+03
2.356809547556053985e+03
2.378685335105797094e+03
2.401099980796811906e+03
2.424045322687084081e+03
2.447512968920705134e+03
2.471494297727895173e+03
2.495980457424980159e+03
2.520962366414528333e+03
2.546430713185191053e+03
2.572375956311702794e+03
2.598788324455017573e+03
2.625657816362195263e+03
2.652974200866447063e+03
2.680727016887135505e+03
2.708905573429706237e+03
2.737498949585801711e+03
1.927643694068569857e+03
1.927973980550120814e+03
1.928964728431492404e+03
1.930615603022886262e+03
1.932926046507850515e+03
1.935895277943416204e+03
1.939522293260063179e+03
1.943805865261708732e+03
1.948744543625662118e+03
1.954336654902738246e+03
1.960580302517132623e+03
1.967473366766523668e+03
1.975013504821981769e+03
1.983198150728026121e+03
1.992024515402658835e+03
2.001489586637262619e+03
2.011590129096680357e+03
2.022322684319192376e+03
2.033683570716493705e+03
2.045668883573807761e+03
2.058274495049636243e+03
2.071496054176054713e+03
2.085328986858530698e+03
2.099768495875946428e+03
2.114809560880667050e+03
2.130446938398449674e+03
2.146675161828534328e+03
2.163488541443530266e+03
2.180881164389575133e+03
2.198846894686198539e+03
2.217379373226299322e+03
2.236472017776327448e+03
2.256118022976102111e+03
2.276310360338970895e+03
2.297041778251536925e+03
2.318304801974022666e+03
2.340091733640019811e+03
2.362394652256512018e+03
2.385205413703965860e+03
2.408515650736330826e+03
2.432316772980925634e+03
2.456599966938483703e+03
2.481356195983266844e+03
2.506576200362906093e+03
2.532250497198469930e+03
2.558369380484555222e+03
2.584922921089014380e+03
2.611900966753341891e+03
2.639293142092287781e+03
2.667088848594221417e+03
1.875696792743201513e+03
1.876017136882092018e+03
1.876978061573231571e+03
1.878579243639865126e+03
1.880820144454150977e+03
1.883700009937092545e+03
1.887217870558549748e+03
1.891372541337250368e+03
1.896162621840767315e+03
1.901586496185518627e+03
1.907642333036801574e+03
1.914328085608769925e+03
1.921641491664445311e+03
1.929580073515660388e+03
1.938141138023161147e+03
1.947321776596504606e+03
1.957118865194149748e+03
1.967529064323389321e+03
1.978548819040361195e+03
1.990174358950093847e+03
2.002401698206472247e+03
2.015226635512181019e+03
2.028644754118818128e+03
2.042651421826826663e+03
2.057241790985517582e+03
2.072410798493046968e+03
2.088153165796438770e+03
2.104463398891539327e+03
2.121335788323062843e+03
2.138764409184682336e+03
2.156743121118734052e+03
2.175265568316649478e+03
2.194325179518477853e+03
2.213915168013249968e+03
2.234028531638932691e+03
2.254658052782178856e+03
2.275796298378600113e+03
2.297435619912675975e+03
2.319568153417662870e+03
2.342185819475753306e+03
2.365280323218007652e+03
2.388843154324240459e+03
2.412865587023247826e+03
2.437338680092602772e+03
2.462253276858768913e+03
2.487600005197054998e+03
2.513369277531592161e+03
2.539551290835470354e+03
2.566136026630601918e+03
2.593113250987630636e+03
1.821398909240929243e+03
1.821709008801769869e+03
1.822639204020481429e+03
1.824189184505610228e+03
1.826358432938093301e+03
1.829146225071167464e+03
1.832551629730494369e+03
1.836573508814092293e+03
1.841210517292302029e+03
1.846461103207877841e+03
1.852323507675941983e+03
1.858795764883893753e+03
1.865875702091648236e+03
1.873560939631340716e+03
1.881848890907554051e+03
1.890736762397216353e+03
1.900221553649589623e+03
1.910300057286372066e+03
1.920968859001573037e+03
1.932224337561524408e+03
1.944062664805028362e+03
1.956479805643220971e+03
1.969471518059526716e+03
1.983033353109794916e+03
1.997160654922231515e+03
2.011848560697467292e+03
2.027092000708375963e+03
2.042885698300278818e+03
2.059224169890876510e+03
2.076101724970158102e+03
2.093512466100514757e+03
2.111450288916762474e+03
2.129908882125937453e+03
2.148881727507659889e+03
2.168362099913679231e+03
2.188343067268260711e+03
2.208817490567980713e+03
2.229778023881794979e+03
2.251217114351015880e+03
2.273127002189312407e+03
2.295499720682732914e+03
2.318327096189727854e+03
2.341600748141058830e+03
2.365312089039821331e+03
2.389452324461512944e+03
2.414012453054101570e+03
2.438983266537707095e+03
2.464355349704987930e+03
2.490119080420913633e+03
2.516264629622787652e+03
1.765331437596250908e+03
1.765631091377156281e+03
1.766529953913209283e+03
1.768027728784511510e+03
1.770123921957815583e+03
1.772817841786627469e+03
1.776108599011126898e+03
1.779995106758269685e+03
1.784476080541639931e+03
1.789550038261620557e+03
1.795215300205234144e+03
1.801469989046222508e+03
1.808312029845114921e+03
1.815739150049057571e+03
1.823748879491972730e+03
1.832338550394433696e+03
1.841505297363823956e+03
1.851246057394121181e+03
1.861557569866101858e+03
1.872436376547204873e+03
1.883878821591622454e+03
1.895881051540220597e+03
1.908439015320618637e+03
1.921548464247052834e+03
1.935204952020649216e+03
1.949403834729059781e+03
1.964140270846701242e+03
1.979409221234845973e+03
1.995205449141212739e+03
2.011523520200466919e+03
2.028357802433902179e+03
2.045702466249485951e+03
2.063551484441950379e+03
2.081898632192701371e+03
2.100737487069886811e+03
2.120061429028351085e+03
2.139863640409657819e+03
2.160137105942089875e+03
2.180874612740603880e+03
2.202068750306921174e+03
2.223711910529459601e+03
2.245796287683310766e+03
2.268313878430285513e+03
2.291256481819004875e+03
2.314615699284672701e+03
2.338382934649212075e+03
2.362549394121401747e+03
2.387106086296580543e+03
2.412043822156829265e+03
2.437353215071016166e+03
1.708244823784002620e+03
1.708533964405694405e+03
1.709401292458642274e+03
1.710846526506554710e+03
1.712869197488919326e+03
1.715468648721048339e+03
1.718644035894021727e+03
1.722394327074766807e+03
1.726718302705910446e+03
1.731614555606006434e+03
1.737081490969296738e+03
1.743117326365893405e+03
1.749720091741687611e+03
1.756887629418361030e+03
1.764617594093397202e+03
1.772907452840070164e+03
1.781754485107478558e+03
1.791155782720488787e+03
1.801108249879791856e+03
1.811608603161857900e+03
1.822653371518970289e+03
1.834238896279180153e+03
1.846361331146408702e+03
1.859016642200276692e+03
1.872200607896320435e+03
1.885908819065730313e+03
1.900136678915623634e+03
1.914879403028885463e+03
1.930132019364191365e+03
1.945889368255916452e+03
1.962146102414408233e+03
1.978896686925713766e+03
1.996135399251693343e+03
2.013856329230020492e+03
2.032053379074113764e+03
2.050720263373250418e+03
2.069850509092498214e+03
2.089437455572715407e+03
2.109474254530550752e+03
2.129953870058466237e+03
2.150869078624691610e+03
2.172212469073292596e+03
2.193976442624102674e+03
2.216153212872814038e+03
2.238734805790841165e+03
2.261713059725434505e+03
2.285079625399612269e+03
2.308825965912274114e+03
2.332943356738041984e+03
2.357422885727328321e+03
1.651000382531981359e+03
1.651279096846997163e+03
1.652115151238263024e+03
1.653508280044547973e+03
1.655458040497023831e+03
1.657963812719447105e+03
1.661024799727977097e+03
1.664640027431300950e+03
1.668808344630588181e+03
1.673528423019513411e+03
1.678798757184199530e+03
1.684617664603308640e+03
1.690983285647905632e+03
1.697893583581640087e+03
1.705346344560621219e+03
1.713339177633395138e+03
1.721869514741024432e+03
1.730934610717122268e+03
1.740531543287681870e+03
1.750657213071258411e+03
1.761308343578855329e+03
1.772481481214003907e+03
1.784172995272683693e+03
1.796379077943379343e+03
1.809095744307091991e+03
1.822318832337214189e+03
1.836044002899780025e+03
1.850266739753124057e+03
1.864982349548245111e+03
1.880185961828510699e+03
1.895872529029838915e+03
1.912036826480607488e+03
1.928673452401676514e+03
1.945776827906456674e+03
1.963341197000704597e+03
1.981360626582818441e+03
1.999829006443587787e+03
2.018740049266398273e+03
2.038087290626936010e+03
2.057864088993551377e+03
2.078063625726986174e+03
2.098678905080555523e+03
2.119702754199943229e+03
2.141127823123429152e+03
2.162946584781684578e+03
2.185151334997976846e+03
2.207734192487987457e+03
2.230687098859880280e+03
2.254001818614347030e+03
2.277669939144561795e+03
1.594448576912793669e+03
1.594717094441898553e+03
1.595522563921031178e+03
1.596864736025793263e+03
1.598743195215456581e+03
1.601157359733008434e+03
1.604106481605128920e+03
1.607589646642281878e+03
1.611605774438532990e+03
1.616153618371731682e+03
1.621231765603442909e+03
1.626838637078901684e+03
1.632972487527092653e+03
1.639631405460704627e+03
1.646813313176107840e+03
1.654515966753410794e+03
1.662736956056414783e+03
1.671473704732670740e+03
1.680723470213388282e+03
1.690483343713549402e+03
1.700750250231760674e+03
1.711520948550446519e+03
1.722792031235644572e+03
1.734559924637164841e+03
1.746820888888532863e+03
1.759571017906932866e+03
1.772806239393287342e+03
1.786522314832245684e+03
1.800714839492195551e+03
1.815379242425137818e+03
1.830510786466857098e+03
1.846104568236842169e+03
1.862155518138297339e+03
1.878658400358108338e+03
1.895607812866933273e+03
1.912998187419043461e+03
1.930823789552482594e+03
1.949078718589066739e+03
1.967756907634179697e+03
1.986852123577023121e+03
2.006357967090525563e+03
2.026267872631183309e+03
2.046575108439401447e+03
2.067272776539152801e+03
2.088353812738182569e+03
2.109810986627894636e+03
2.131636901583487997e+03
2.153823994763797600e+03
2.176364537111362552e+03
2.199250633352562545e+03
1.539387512149960457e+03
1.539646181351520227e+03
1.540422111403279359e+03
1.541715069646545544e+03
1.543524668316865700e+03
1.545850364543935029e+03
1.548691460351676596e+03
1.552047102658229960e+03
1.555916283275962542e+03
1.560297838911378676e+03
1.565190451165267405e+03
1.570592646532543313e+03
1.576502796402405693e+03
1.582919117058190750e+03
1.589839669677508027e+03
1.597262360332115350e+03
1.605184939988032511e+03
1.613605004505416218e+03
1.622519994638696517e+03
1.631927196036440364e+03
1.641823739241499425e+03
1.652206599690885014e+03
1.663072597715813572e+03
1.674418398541706665e+03
1.686240512288236459e+03
1.698535293969177928e+03
1.711298943492647595e+03
1.724527505660864790e+03
1.738216870170310813e+03
1.752362771611626613e+03
1.766960789469703741e+03
1.782006348123604766e+03
1.797494716846654228e+03
1.813421009806279471e+03
1.829780186064272129e+03
1.846567049576424324e+03
1.863776249192915202e+03
1.881402278658060823e+03
1.899439476610314159e+03
1.917882026582492472e+03
1.936723957001504459e+03
1.955959141188441208e+03
1.975581297358689881e+03
1.995583988621820026e+03
2.015960622981560846e+03
2.036704453335869403e+03
2.057808577476930623e+03
2.079265938091111821e+03
2.101069322758985436e+03
2.123211363955351771e+03
1.486634113822515246e+03
1.486883402278726862e+03
1.487631195677045071e+03
1.488877278106338053e+03
1.490621289714670183e+03
1.492862726709483923e+03
1.495600941357349711e+03
1.498835141984125130e+03
1.502564392974932161e+03
1.506787614774134454e+03
1.511503583885337321e+03
1.516710932871376372e+03
1.522408150354362988e+03
1.528593581015638847e+03
1.535265425595832767e+03
1.542421740894747018e+03
1.550060439771505116e+03
1.558179291144415402e+03
1.566775919991084720e+03
1.575847807348327478e+03
1.585392290312267960e+03
1.595406562038203901e+03
1.605887671740697442e+03
1.616832524693631967e+03
1.628237882230007472e+03
1.640100361742213408e+03
1.652416436681755840e+03
1.665182436559507551e+03
1.678394546945469301e+03
1.692048809469019943e+03
1.706141121818666306e+03
1.720667237742270572e+03
1.735622767046811532e+03
1.751003175598657435e+03
1.766803785323327247e+03
1.783019774205627073e+03
1.799646176289593313e+03
1.816677881678560880e+03
1.834109636535004029e+03
1.851936043080741001e+03
1.870151559596820334e+03
1.888750500423498124e+03
1.907727035960351714e+03
1.927075192666097792e+03
1.946788853058819768e+03
1.966861755715763138e+03
1.987287495273471905e+03
2.008059522427652155e+03
2.029171143933422172e+03
2.050615522604971375e+03
1.436817346632926728e+03
1.437057806551683825e+03
1.437779119871640887e+03
1.438981087283787019e+03
1.440663376606460133e+03
1.442825522785358316e+03
1.445466927893471620e+03
1.448586861131161641e+03
1.452184458826104674e+03
1.456258724433325824e+03
1.460808528535199002e+03
1.465832608841401452e+03
1.471329570188959224e+03
1.477297884542258544e+03
1.483735890992977602e+03
1.490641795760166133e+03
1.498013672190222678e+03
1.505849460756803637e+03
1.514146969061016534e+03
1.522903871831204015e+03
1.532117710923103004e+03
1.541785895319787869e+03
1.551905701131613569e+03
1.562474271596329345e+03
1.573488617078987772e+03
1.584945615072001601e+03
1.596842010195121020e+03
1.609174414195376812e+03
1.621939305947228149e+03
1.635133031452403429e+03
1.648751803839979857e+03
1.662791703366360707e+03
1.677248677415332168e+03
1.692118540497949652e+03
1.707396974252696964e+03
1.723079527445270287e+03
1.739161615968782826e+03
1.755638522843742066e+03
1.772505398217822403e+03
1.789757259366183462e+03
1.807388990691288200e+03
1.825395343722880170e+03
1.843770937118074471e+03
1.862510256661335006e+03
1.881607655264451751e+03
1.901057352966586222e+03
1.920853436934135061e+03
1.940989861460934662e+03
1.961460447968102017e+03
1.982258885004125659e+03
1.390516082087310679e+03
1.390748339524031962e+03
1.391445050806385098e+03
1.392606032850881093e+03
1.394230980518386787e+03
1.396319466614079374e+03
1.398870941887525987e+03
1.401884735032592744e+03
1.405360052687512962e+03
1.409295979434864421e+03
1.413691477801569363e+03
1.418545388258871753e+03
1.423856429222394127e+03
1.429623197052058003e+03
1.435844166052163473e+03
1.442517688471332349e+03
1.449641994502530906e+03
1.457215192283126726e+03
1.465235267894706794e+03
1.473700085363304879e+03
1.482607386659276472e+03
1.491954791697310156e+03
1.501739798336416243e+03
1.511959782379972239e+03
1.522611997575711484e+03
1.533693575615689042e+03
1.545201526136304437e+03
1.557132736718290289e+03
1.569483972886769152e+03
1.582251878111139831e+03
1.595432973805202437e+03
1.609023659327044697e+03
1.623020211979178384e+03
1.637418787008346044e+03
1.652215417605737002e+03
1.667406014906828204e+03
1.682986367991452425e+03
1.698952143883775534e+03
1.715298887552330598e+03
1.732022021910006515e+03
1.749116847813934328e+03
1.766578544065737333e+03
1.784402167411235496e+03
1.802582652540741037e+03
1.821114812088785584e+03
1.839993336634256593e+03
1.859212794700511040e+03
1.878767632755057093e+03
1.898652175209895177e+03
1.918860624421313332e+03
1.348157647620416810e+03
1.348382383807859242e+03
1.349056536553746355e+03
1.350179938408655289e+03
1.351752310290260084e+03
1.353773261483274837e+03
1.356242289639465071e+03
1.359158780777704578e+03
1.362522009283895841e+03
1.366331137910992766e+03
1.370585217779046161e+03
1.375283188375135524e+03
1.380423877553448619e+03
1.386006001535179166e+03
1.392028164908651888e+03
1.398488860629186092e+03
1.405386470019186618e+03
1.412719262768155204e+03
1.420485396932610911e+03
1.428682918936169699e+03
1.437309763569487586e+03
1.446363753990260648e+03
1.455842601723338703e+03
1.465743906660532048e+03
1.476065157060770616e+03
1.486803729550035769e+03
1.497956889121360291e+03
1.509521789134851133e+03
1.521495471317643933e+03
1.533874865764028073e+03
1.546656790935276149e+03
1.559837953659723553e+03
1.573414949132791207e+03
1.587384260916985568e+03
1.601742260941841778e+03
1.616485209503935039e+03
1.631609255266982927e+03
1.647110435261652128e+03
1.662984674885842651e+03
1.679227787904324032e+03
1.695835476449065027e+03
1.712803331019017605e+03
1.730126830480276112e+03
1.747801342065872632e+03
1.765822121376072573e+03
1.784184312378033610e+03
1.802882947406124003e+03
1.821912947161627017e+03
1.841269120713036500e+03
1.860946165495806781e+03
1.309910124519126384e+03
1.310128044092391519e+03
1.310781751950264606e+03
1.311871095507171958e+03
1.313395820453672513e+03
1.315355570756696579e+03
1.317749888659352564e+03
1.320578214681006557e+03
1.323839887617293698e+03
1.327534144540095440e+03
1.331660120797482705e+03
1.336216850013909152e+03
1.341203264089938330e+03
1.346618193202459679e+03
1.352460365804620324e+03
1.358728408625745487e+03
1.365420846671497657e+03
1.372536103223728787e+03
1.380072499840571254e+03
1.388028256356403745e+03
1.396401490881828522e+03
1.405190219803728269e+03
1.414392357785231980e+03
1.424005717765703594e+03
1.434028010960753363e+03
1.444456846862271959e+03
1.455289733238362260e+03
1.466524076133418930e+03
1.478157179868060211e+03
1.490186247039127920e+03
1.502608378519755661e+03
1.515420573459334719e+03
1.528619729283479955e+03
1.542202641694029808e+03
1.556166004669125869e+03
1.570506410463144675e+03
1.585220349606697710e+03
1.600304210906654134e+03
1.615754281446152163e+03
1.631566746584530847e+03
1.647737689957398288e+03
1.664263093476665745e+03
1.681138837330445313e+03
1.698360699983072664e+03
1.715924358175197995e+03
1.733825386923695078e+03
1.752059259521638523e+03
1.770621347538417467e+03
1.789506920819690095e+03
1.808711147487269955e+03
1.275868111605905142e+03
1.276079929134505164e+03
1.276715335501944537e+03
1.277774192053084334e+03
1.279256267696166560e+03
1.281161238902643618e+03
1.283488689707223784e+03
1.286238111707916687e+03
1.289408904066021933e+03
1.293000373506049527e+03
1.297011734315867670e+03
1.301442108346532223e+03
1.306290525012457238e+03
1.311555921291255800e+03
1.317237141723865079e+03
1.323332938414478122e+03
1.329841971030566583e+03
1.336762806802846626e+03
1.344093920525347130e+03
1.351833694555341481e+03
1.359980418813427150e+03
1.368532290783400640e+03
1.377487415512393909e+03
1.386843805610760683e+03
1.396599381252167404e+03
1.406751970173559130e+03
1.417299307675136788e+03
1.428239036620334446e+03
1.439568707435955730e+03
1.451285778111980562e+03
1.463387614201735687e+03
1.475871488821758248e+03
1.488734582651932215e+03
1.501973983935340584e+03
1.515586688478390442e+03
1.529569599650722012e+03
1.543919528385310969e+03
1.558633193178332021e+03
1.573707220089295333e+03
1.589138142740955573e+03
1.604922402319311914e+03
1.621056347573698986e+03
1.637536234816707292e+03
1.654358227924171842e+03
1.671518398335206257e+03
1.689012725052225505e+03
1.706837094640900432e+03
1.724987301230157755e+03
1.743459046512271016e+03
1.762247939742655944e+03
1.245773957081667049e+03
1.245980326603648791e+03
1.246599393281007906e+03
1.247631031447906480e+03
1.249075031661288904e+03
1.250931100700859133e+03
1.253198861569171640e+03
1.255877853491438145e+03
1.258967531915800464e+03
1.262467268513046292e+03
1.266376351176791104e+03
1.270693984023455414e+03
1.275419287392219303e+03
1.280551297844999681e+03
1.286088968166563973e+03
1.292031167364416433e+03
1.298376680668832250e+03
1.305124209532891655e+03
1.312272371632457180e+03
1.319819700866116818e+03
1.327764647355309080e+03
1.336105577444209302e+03
1.344840773699775127e+03
1.353968434911735130e+03
1.363486676092622929e+03
1.373393528477743075e+03
1.383686939525148318e+03
1.394364772915719186e+03
1.405424808553061666e+03
1.416864742563620894e+03
1.428682187296567463e+03
1.440874671323865641e+03
1.453439639440273368e+03
1.466374452663319516e+03
1.479676388233303896e+03
1.493342639613308620e+03
1.507370316489209472e+03
1.521756444769630434e+03
1.536497966585989161e+03
1.551591740292496979e+03
1.567034540466124781e+03
1.582823057906671238e+03
1.598953899636558162e+03
1.615423588901217045e+03
1.632228565168679779e+03
1.649365184129851514e+03
1.666829717698328750e+03
1.684618354010581243e+03
1.702727197425792838e+03
1.721152268525975160e+03
1.219195928859414835e+03
1.219397409042244362e+03
1.220001811738256947e+03
1.221009023389945014e+03
1.222418854734780780e+03
1.224231040805238990e+03
1.226445240928796920e+03
1.229061038727945743e+03
1.232077942120099578e+03
1.235495383317766027e+03
1.239312718828352899e+03
1.243529229454338747e+03
1.248144120293136439e+03
1.253156520737184110e+03
1.258565484473911056e+03
1.264369989485749102e+03
1.270568938050087127e+03
1.277161156739373382e+03
1.284145396420956331e+03
1.291520332257255177e+03
1.299284563705691653e+03
1.307436614518633178e+03
1.315974932743438330e+03
1.324897890722490956e+03
1.334203785093154693e+03
1.343890836787807075e+03
1.353957191033782692e+03
1.364400917353464138e+03
1.375220009564168322e+03
1.386412385778226053e+03
1.397975888402993405e+03
1.409908284140783508e+03
1.422207263988912018e+03
1.434870443239697124e+03
1.447895361480459542e+03
1.461279482593477042e+03
1.475020194756075398e+03
1.489114810440514702e+03
1.503560566414103050e+03
1.518354623739116960e+03
1.533494067772824110e+03
1.548975908167483340e+03
1.564797078870378755e+03
1.580954438123717409e+03
1.597444768464811204e+03
1.614264776725872252e+03
1.631411094034115195e+03
1.648880275811825413e+03
1.666668801776199871e+03
1.684773075939438058e+03
1.195602743053473205e+03
1.195799791890783581e+03
1.196390904323220639e+03
1.197375978112290795e+03
1.198754842860535064e+03
1.200527260011494946e+03
1.202692922849689694e+03
1.205251456500707263e+03
1.208202417931101991e+03
1.211545295948462808e+03
1.215279511201367768e+03
1.219404416179429518e+03
1.223919295213272562e+03
1.228823364474465052e+03
1.234115771975712050e+03
1.239795597570616792e+03
1.245861852953839843e+03
1.252313481661030892e+03
1.259149359068908325e+03
1.266368292395122808e+03
1.273969020698382337e+03
1.281950214878384031e+03
1.290310477675870970e+03
1.299048343672541250e+03
1.308162279291173036e+03
1.317650682795488137e+03
1.327511884290242961e+03
1.337744145721239875e+03
1.348345660875224894e+03
1.359314555380035472e+03
1.370648886704441338e+03
1.382346644158246818e+03
1.394405748892313568e+03
1.406824053898446891e+03
1.419599344009498054e+03
1.432729335899364287e+03
1.446211678082863727e+03
1.460043950915883215e+03
1.474223666595344184e+03
1.488748269159123083e+03
1.503615134486108218e+03
1.518821570296245227e+03
1.534364816150491606e+03
1.550242043450748497e+03
1.566450355439974373e+03
1.582986787202139567e+03
1.599848305662226267e+03
1.617031809586228519e+03
1.634534129581129491e+03
1.652352028094901470e+03
1.174330414515668508e+03
1.174523386764906263e+03
1.175102272988908680e+03
1.176066981616452267e+03
1.177417360028960047e+03
1.179153194560331031e+03
1.181274210497008426e+03
1.183780072078013745e+03
1.186670382494935438e+03
1.189944683891826571e+03
1.193602457365386726e+03
1.197643122964802842e+03
1.202066039691806054e+03
1.206870505500728541e+03
1.212055757298401204e+03
1.217620970944199144e+03
1.223565261250064395e+03
1.229887681980494563e+03
1.236587225852531446e+03
1.243662824535761047e+03
1.251113348652279456e+03
1.258937607776795176e+03
1.267134350436515433e+03
1.275702264111214390e+03
1.284639975233221776e+03
1.293946049187411518e+03
1.303618990311156267e+03
1.313657241894475192e+03
1.324059186179829339e+03
1.334823144362326275e+03
1.345947376589526812e+03
1.357430081961592805e+03
1.369269398531264414e+03
1.381463403303735049e+03
1.394010112236810528e+03
1.406907480240863606e+03
1.420153401178754393e+03
1.433745707865944041e+03
1.447682172070403794e+03
1.461960504512660464e+03
1.476578354865807796e+03
1.491533311755483737e+03
1.506822902759836325e+03
1.522444594409580532e+03
1.538395792188021005e+03
1.554673840530972484e+03
1.571276022826805274e+03
1.588199561416399774e+03
1.605441617593237424e+03
1.622999291603355232e+03
1.154641781003272172e+03
1.154830919664027533e+03
1.155398308515077588e+03
1.156343866162865197e+03
1.157667456951423901e+03
1.159368890962377918e+03
1.161447924015033095e+03
1.163904257666274589e+03
1.166737539210566865e+03
1.169947361680056019e+03
1.173533263844433350e+03
1.177494730211083152e+03
1.181831191024934924e+03
1.186542022268577057e+03
1.191626545662188619e+03
1.197084028663596200e+03
1.202913684468194333e+03
1.209114672009036440e+03
1.215686095956755253e+03
1.222627006719608289e+03
1.229936400443500588e+03
1.237613219011927868e+03
1.245656350045965155e+03
1.254064626904380475e+03
1.262836828683498425e+03
1.271971680217234280e+03
1.281467852077230418e+03
1.291323960572617580e+03
1.301538567750208131e+03
1.312110181394450592e+03
1.323037255027350056e+03
1.334318187908525033e+03
1.345951325035298396e+03
1.357934957142481380e+03
1.370267320702623692e+03
1.382946597925774768e+03
1.395970916759699776e+03
1.409338350889720459e+03
1.423046919738794713e+03
1.437094588467493850e+03
1.451479267973968490e+03
1.466198814894073621e+03
1.481251031601163959e+03
1.496633666206298585e+03
1.512344412558104523e+03
1.528380910242844948e+03
1.544740744584396452e+03
1.561421446644249045e+03
1.578420493221483412e+03
1.595735306852884605e+03
1.135745885100072883e+03
1.135931321310977182e+03
1.136487606115724702e+03
1.137414668030169196e+03
1.138712387914188184e+03
1.140380598971546533e+03
1.142419086749964663e+03
1.144827589141141289e+03
1.147605796380639731e+03
1.150753351048001605e+03
1.154269848066701343e+03
1.158154834704168934e+03
1.162407810571755817e+03
1.167028227624746251e+03
1.172015490162380047e+03
1.177368954827795733e+03
1.183087930608132865e+03
1.189171678834418344e+03
1.195619413181623258e+03
1.202430299668696989e+03
1.209603456658510368e+03
1.217137954857798832e+03
1.225032817317367062e+03
1.233287019431861609e+03
1.241899488939907314e+03
1.250869105924039104e+03
1.260194702810736089e+03
1.269875064370455675e+03
1.279908927717542610e+03
1.290294982310342675e+03
1.301031869951032149e+03
1.312118184785845187e+03
1.323552473304903287e+03
1.335333234342238029e+03
1.347458919075859285e+03
1.359927931027709747e+03
1.372738626063642187e+03
1.385889312393476303e+03
1.399378250570975979e+03
1.413203653493826550e+03
1.427363686403657539e+03
1.441856466886008548e+03
1.456680064870397473e+03
1.471832502630297768e+03
1.487311754783047490e+03
1.503115748289985731e+03
1.519242362456384399e+03
1.535689428931414113e+03
1.552454731708212421e+03
1.569536007123861054e+03
1.116784838909438804e+03
1.116966585867169215e+03
1.117511806213030923e+03
1.118420438365058089e+03
1.119692379686671302e+03
1.121327486486597991e+03
1.123325574019008855e+03
1.125686416483370067e+03
1.128409747024534227e+03
1.131495257732683513e+03
1.134942599643420635e+03
1.138751382737655149e+03
1.142921175941694401e+03
1.147451507127152581e+03
1.152341863111087150e+03
1.157591689655851042e+03
1.163200391469194983e+03
1.169167332204187915e+03
1.175491834459307938e+03
1.182173179778362737e+03
1.189210608650523682e+03
1.196603320510371304e+03
1.204350473737758875e+03
1.212451185657982933e+03
1.220904532541635490e+03
1.229709549604717722e+03
1.238865231008583123e+03
1.248370529859937506e+03
1.258224358210827631e+03
1.268425587058709425e+03
1.278973046346345654e+03
1.289865524961908250e+03
1.301101770738910091e+03
1.312680490456182270e+03
1.324600349838010516e+03
1.336859973553976033e+03
1.349457945219023713e+03
1.362392807393462135e+03
1.375663061582986302e+03
1.389267168238654904e+03
1.403203546756844844e+03
1.417470575479285344e+03
1.432066591693137525e+03
1.446989891630869352e+03
1.462238730470357950e+03
1.477811322334753186e+03
1.493705840292659559e+03
1.509920416357977047e+03
1.526453141490060261e+03
1.543302065593479711e+03
1.096974497416294980e+03
1.097152464330952171e+03
1.097686347932449280e+03
1.098576096793340184e+03
1.099821625201275310e+03
1.101422813158944791e+03
1.103379506384055730e+03
1.105691516309389044e+03
1.108358620082799462e+03
1.111380560567170050e+03
1.114757046340434954e+03
1.118487751695579391e+03
1.122572316640651024e+03
1.127010346898737225e+03
1.131801413907965070e+03
1.136945054821580925e+03
1.142440772507802649e+03
1.148288035549899178e+03
1.154486278246258735e+03
1.161034900610252407e+03
1.167933268370393307e+03
1.175180712970109198e+03
1.182776531568003975e+03
1.190719987037664396e+03
1.199010307967773770e+03
1.207646688662021006e+03
1.216628289139168828e+03
1.225954235133053771e+03
1.235623618092495235e+03
1.245635495181466013e+03
1.255988889278876286e+03
1.266682788978801000e+03
1.277716148590275225e+03
1.289087888137430582e+03
1.300796893359438400e+03
1.312842015710532451e+03
1.325222072359997583e+03
1.337935846192135614e+03
1.350982085806356281e+03
1.364359505517063553e+03
1.378066785353769319e+03
1.392102571061002436e+03
1.406465474098320101e+03
1.421154071640398797e+03
1.436166906576897873e+03
1.451502487512584594e+03
1.467159288767220460e+03
1.483135750375663520e+03
1.499430278087834267e+03
1.516041243368613323e+03
1.075706115248829065e+03
1.075880137928879776e+03
1.076402192376269795e+03
1.077272237812883304e+03
1.078490206275137098e+03
1.080056002613980581e+03
1.081969504494986722e+03
1.084230562398283837e+03
1.086838999618521484e+03
1.089794612264961415e+03
1.093097169261432100e+03
1.096746412346271882e+03
1.100742056072488140e+03
1.105083787807552653e+03
1.109771267733549394e+03
1.114804128847140419e+03
1.120181976959520398e+03
1.125904390696496193e+03
1.131970921498373173e+03
1.138381093620103002e+03
1.145134404131135852e+03
1.152230322915522720e+03
1.159668292671869949e+03
1.167447728913384708e+03
1.175568019967784039e+03
1.184028526977374440e+03
1.192828583899040495e+03
1.201967497504222138e+03
1.211444547378937386e+03
1.221258985923782348e+03
1.231410038353840264e+03
1.241896902698863414e+03
1.252718749803113951e+03
1.263874723325443483e+03
1.275363939739236230e+03
1.287185488332488603e+03
1.299338431207752365e+03
1.311821803282089149e+03
1.324634612287218260e+03
1.337775838769334769e+03
1.351244436089291412e+03
1.365039330422450803e+03
1.379159420758719534e+03
1.393603578902639129e+03
1.408370649473260983e+03
1.423459449904225949e+03
1.438868770443741596e+03
1.454597374154559475e+03
1.470643996914054696e+03
1.487007347414123615e+03
1.052408276515120633e+03
1.052578124533749815e+03
1.053087658789604575e+03
1.053936849882529714e+03
1.055125648812349937e+03
1.056653986978722060e+03
1.058521776181260066e+03
1.060728908619489630e+03
1.063275256892836751e+03
1.066160674000627751e+03
1.069384993342146117e+03
1.072948028716564295e+03
1.076849574322909575e+03
1.081089404760245998e+03
1.085667275027435608e+03
1.090582920523274879e+03
1.095836057046551559e+03
1.101426380795862769e+03
1.107353568369774166e+03
1.113617276766774467e+03
1.120217143385207237e+03
1.127152786023395947e+03
1.134423802879507548e+03
1.142029772551700262e+03
1.149970254037975792e+03
1.158244786736293008e+03
1.166852890444488366e+03
1.175794065360332752e+03
1.185067792081508742e+03
1.194673531605599237e+03
1.204610725330110199e+03
1.214878795052482019e+03
1.225477142969998567e+03
1.236405151679934988e+03
1.247662184179421274e+03
1.259247583865544584e+03
1.271160674535246926e+03
1.283400760385461581e+03
1.295967126012965309e+03
1.308859036414480670e+03
1.322075736986630545e+03
1.335616453525938141e+03
1.349480392228906567e+03
1.363666739691848306e+03
1.378174662911055748e+03
1.393003309282721602e+03
1.408151806602950273e+03
1.423619263067735119e+03
1.439404767273026664e+03
1.455507388214664388e+03
1.026950919760088254e+03
1.027116362507376834e+03
1.027612685007284199e+03
1.028439870034060277e+03
1.029597888878060985e+03
1.031086701345759593e+03
1.032906255759849046e+03
1.035056488959116905e+03
1.037537326298502194e+03
1.040348681649129503e+03
1.043490457398183935e+03
1.046962544449070265e+03
1.050764822221310624e+03
1.054897158650578604e+03
1.059359410188687889e+03
1.064151421803603625e+03
1.069273026979431052e+03
1.074724047716438236e+03
1.080504294530999232e+03
1.086613566455673663e+03
1.093051651039127137e+03
1.099818324346222198e+03
1.106913350957927378e+03
1.114336483971351299e+03
1.122087464999799522e+03
1.130166024172649486e+03
1.138571880135486936e+03
1.147304740050026339e+03
1.156364299594088152e+03
1.165750242961689764e+03
1.175462242862954554e+03
1.185499960524202834e+03
1.195863045687838166e+03
1.206551136612438313e+03
1.217563860072743864e+03
1.228900831359624135e+03
1.240561654280077164e+03
1.252545921157275188e+03
1.264853212830507800e+03
1.277483098655238791e+03
1.290435136503083413e+03
1.303708872761740167e+03
1.317303842335104491e+03
1.331219568643234652e+03
1.345455563622283535e+03
1.360011327724578223e+03
1.374886349918585893e+03
1.390080107688925182e+03
1.405592067036366188e+03
1.421421682477762261e+03
9.994098012312065293e+02
9.995706394294984420e+02
1.000053152602947648e+03
1.000857336487422344e+03
1.001983183976005876e+03
1.003430685118996735e+03
1.005199827123931300e+03
1.007290594355617941e+03
1.009702968336023332e+03
1.012436927744397508e+03
1.015492448417205651e+03
1.018869503348162198e+03
1.022568062688173995e+03
1.026588093745431252e+03
1.030929560985305216e+03
1.035592426030427760e+03
1.040576647660668641e+03
1.045882181813112766e+03
1.051508981582060187e+03
1.057456997219105688e+03
1.063726176132968249e+03
1.070316462889741160e+03
1.077227799212619175e+03
1.084460123982080404e+03
1.092013373235840845e+03
1.099887480168877119e+03
1.108082375133324149e+03
1.116597985638577484e+03
1.125434236351316031e+03
1.134591049095365634e+03
1.144068342851869602e+03
1.153866033759118181e+03
1.163984035112696347e+03
1.174422257365370115e+03
1.185180608127211599e+03
1.196258992165439849e+03
1.207657311404557277e+03
1.219375464926281438e+03
1.231413348969567778e+03
1.243770856930586888e+03
1.256447879362769982e+03
1.269444303976774790e+03
1.282760015640428719e+03
1.296394896378888006e+03
1.310348825374489934e+03
1.324621678966809668e+03
1.339213330652614786e+03
1.354123651085978963e+03
1.369352508078145547e+03
1.384899766597641246e+03
9.700566347669450806e+02
9.702127195358343670e+02
9.706809769753135697e+02
9.714614164837371391e+02
9.725540537250367379e+02
9.739589106287326103e+02
9.756760153899335819e+02
9.777054024693143219e+02
9.800471125931039751e+02
9.827011927531430047e+02
9.856676962068263492e+02
9.889466824771147913e+02
9.925382173525918006e+02
9.964423728873839536e+02
1.000659227401195039e+03
1.005188865479294691e+03
1.010031377972575228e+03
1.015186861997437973e+03
1.020655420935918301e+03
1.026437164435606064e+03
1.032532208409691066e+03
1.038940675036872108e+03
1.045662692761493417e+03
1.052698396293453698e+03
1.060047926608240232e+03
1.067711430946883411e+03
1.075689062816013575e+03
1.083980981987861014e+03
1.092587354500165020e+03
1.101508352656310308e+03
1.110744155025236068e+03
1.120294946441435968e+03
1.130160918005003623e+03
1.140342267081598493e+03
1.150839197302479988e+03
1.161651918564439256e+03
1.172780647029890133e+03
1.184225605126800929e+03
1.195987021548717166e+03
1.208065131254761582e+03
1.220460175469645492e+03
1.233172401683623320e+03
1.246202063652572178e+03
1.259549421397912283e+03
1.273214741206652434e+03
1.287198295631367273e+03
1.301500363490220025e+03
1.316121229866985232e+03
1.331061186110935068e+03
1.346320529836953028e+03
9.394968637853708060e+02
9.396481275117139376e+02
9.401019265381819423e+02
9.408582844069314888e+02
9.419172403549282535e+02
9.432788493139469210e+02
9.449431819105257091e+02
9.469103244660118435e+02
9.491803789965047145e+02
9.517534632129354577e+02
9.546297105210101108e+02
9.578092700212096133e+02
9.612923065088011754e+02
9.650790004738610151e+02
9.691695481012516211e+02
9.735641612705876469e+02
9.782630675563154909e+02
9.832665102276678226e+02
9.885747482486181070e+02
9.941880562779942920e+02
1.000106724669365121e+03
1.006331059471085609e+03
1.012861382426365253e+03
1.019698030973097502e+03
1.026841358244041658e+03
1.034291733066731922e+03
1.042049539963466032e+03
1.050115179151339362e+03
1.058489066542267665e+03
1.067171633742896120e+03
1.076163328054735757e+03
1.085464612473992929e+03
1.095075965691728470e+03
1.104997882093789485e+03
1.115230871760775244e+03
1.125775460468094025e+03
1.136632189685951744e+03
1.147801616579329220e+03
1.159284314008004912e+03
1.171080870526520812e+03
1.183191890384250655e+03
1.195617993525308975e+03
1.208359815588630681e+03
1.221418007907936953e+03
1.234793237511723873e+03
1.248486187123285163e+03
1.262497555160678075e+03
1.276828055736802980e+03
1.291478418659289673e+03
1.306449389430599695e+03
9.084167232898039401e+02
9.085631882830966788e+02
9.090025958997557609e+02
9.097349840500555729e+02
9.107604159178208647e+02
9.120789799604040127e+02
9.136907899086850193e+02
9.155959847670487761e+02
9.177947288134419068e+02
9.202872115993272928e+02
9.230736479496954416e+02
9.261542779630303812e+02
9.295293670114119777e+02
9.331992057403908802e+02
9.371641100690794701e+02
9.414244211900950177e+02
9.459805055695937881e+02
9.508327549472596729e+02
9.559815863363155586e+02
9.614274420234778518e+02
9.671707895690360601e+02
9.732121218067732116e+02
9.795519568440113289e+02
9.861908380616000613e+02
9.931293341139280528e+02
1.000368038928877468e+03
1.007907571707926309e+03
1.015748576926000624e+03
1.023891724331599562e+03
1.032337708946761268e+03
1.041087251066994668e+03
1.050141096261404527e+03
1.059500015372555026e+03
1.069164804516640288e+03
1.079136285083268376e+03
1.089415303735643192e+03
1.100002732410462158e+03
1.110899468317995797e+03
1.122106433941985415e+03
1.133624577039756787e+03
1.145454870642106471e+03
1.157598313053415495e+03
1.170055927851547040e+03
1.182828763887891910e+03
1.195917895287448118e+03
1.209324421448627618e+03
1.223049467043438199e+03
1.237094182017415278e+03
1.251459741589587793e+03
1.266147346252546413e+03
8.775094912380154710e+02
8.776512663916491874e+02
8.780766092499220576e+02
8.787855720050515629e+02
8.797782416439417830e+02
8.810547399483652953e+02
8.826152234948381192e+02
8.844598836546310849e+02
8.865889465938948888e+02
8.890026732734554571e+02
8.917013594489731076e+02
8.946853356708857063e+02
8.979549672843972985e+02
9.015106544295122148e+02
9.053528320410350716e+02
9.094819698485139270e+02
9.138985723762743874e+02
9.186031789434764505e+02
9.235963636640349250e+02
9.288787354466194301e+02
9.344509379947339767e+02
9.403136498066146487e+02
9.464675841753091845e+02
9.529134891886656078e+02
9.596521477292640157e+02
9.666843774745075279e+02
9.740110308965768127e+02
9.816329952624073485e+02
9.895511926337576369e+02
9.977665798671296216e+02
1.006280148613836900e+03
1.015092925319970618e+03
1.024205971226365364e+03
1.033620382368746959e+03
1.043337289577470983e+03
1.053357858477784248e+03
1.063683289489699746e+03
1.074314817827973911e+03
1.085253713502197570e+03
1.096501281316682253e+03
1.108058860870573881e+03
1.119927826557807293e+03
1.132109587567026665e+03
1.144605587881767406e+03
1.157417306280240155e+03
1.170546256335501312e+03
1.183993986415384825e+03
1.197762079682490821e+03
1.211852154094208345e+03
1.226265862402715356e+03
8.475051842132643287e+02
8.476424672672578708e+02
8.480543384413067542e+02
8.487408637716953308e+02
8.497021533188217290e+02
8.509383611673229098e+02
8.524496854259837164e+02
8.542363682277482440e+02
8.562986957297539448e+02
8.586369981132861540e+02
8.612516495838235642e+02
8.641430683710495941e+02
8.673117167287500706e+02
8.707581009349496526e+02
8.744827712918095131e+02
8.784863221256728139e+02
8.827693917870533369e+02
8.873326626506695902e+02
8.921768611153652273e+02
8.973027576041886277e+02
9.027111665643474225e+02
9.084029464672426002e+02
9.143789998084230319e+02
9.206402731076536838e+02
9.271877569088019300e+02
9.340224857799853453e+02
9.411455383134352815e+02
9.485580371255991849e+02
9.562611488570837537e+02
9.642560841726435683e+02
9.725440977612606730e+02
9.811264883360536260e+02
9.900045986343116056e+02
9.991798154175057789e+02
1.008653569471300671e+03
1.018427335605497319e+03
1.028502632654124227e+03
1.038881023475312304e+03
1.049564114951408555e+03
1.060553557988964712e+03
1.071851047518634914e+03
1.083458322495300763e+03
1.095377165897980376e+03
1.107609404729885227e+03
1.120156910018431518e+03
1.133021596815160592e+03
1.146205424195784417e+03
1.159710395260242422e+03
1.173538557132587812e+03
1.187692000961101257e+03
8.190493981099507437e+02
8.191824552104208124e+02
8.195816528886894048e+02
8.202470702755817911e+02
8.211788392557082261e+02
8.223771444675548992e+02
8.238422233034611963e+02
8.255743659096310694e+02
8.275739151860761922e+02
8.298412667867182790e+02
8.323768691192867664e+02
8.351812233453870249e+02
8.382548833804662536e+02
8.415984558938362170e+02
8.452126003086391393e+02
8.490980288019159161e+02
8.532555063044924282e+02
8.576858505011045963e+02
8.623899318303074324e+02
8.673686734845432511e+02
8.726230514100620894e+02
8.781540943070012872e+02
8.839628836293286440e+02
8.900505535848651562e+02
8.964182911353191230e+02
9.030673359962179347e+02
9.099989806369421785e+02
9.172145702807370071e+02
9.247155029046780328e+02
9.325032292397281708e+02
9.405792527707035333e+02
9.489451297362165860e+02
9.576024691288012036e+02
9.665529326947876143e+02
9.757982349343933492e+02
9.853401431016891365e+02
9.951804772045875325e+02
1.005321110004842922e+03
1.015763967018051517e+03
1.026511026513753677e+03
1.037564319515206535e+03
1.048925929799622736e+03
1.060597993898011282e+03
1.072582701095268476e+03
1.084882293430121081e+03
1.097499065695137688e+03
1.110435365436785560e+03
1.123693592955339682e+03
1.137276201304962342e+03
1.151185696293634919e+03
7.925837750198979847e+02
7.927128975937989708e+02
7.931002957357350169e+02
7.937460607065531804e+02
7.946503446075325883e+02
7.958133603805890743e+02
7.972353818080932797e+02
7.989167435130298145e+02
8.008578409588153590e+02
8.030591304495033000e+02
8.055211291296132003e+02
8.082444149842103798e+02
8.112296268389059151e+02
8.144774643598680086e+02
8.179886880537651450e+02
8.217641192678001971e+02
8.258046401897217947e+02
8.301111938478243246e+02
8.346847841108910870e+02
8.395264756883193513e+02
8.446373941299498256e+02
8.500187258262258183e+02
8.556717180080681828e+02
8.615976787470003728e+02
8.677979769550233868e+02
8.742740423846839803e+02
8.810273656291087718e+02
8.880594981218791872e+02
8.953720521371678842e+02
9.029667007896819086e+02
9.108451780346058513e+02
9.190092786677382719e+02
9.274608583253666438e+02
9.362018334843241973e+02
9.452341814619330762e+02
9.545599404161521306e+02
9.641812093453836496e+02
9.741001480885870478e+02
9.843189773252561281e+02
9.948399785754418190e+02
1.005665494199706700e+03
1.016797927399170476e+03
1.028239742215441765e+03
1.039993463530697682e+03
1.052061677067672463e+03
1.064447029389555155e+03
1.077152227900160142e+03
1.090180040843779352e+03
1.103533297305261840e+03
1.117214887209991048e+03
7.685142874243297229e+02
7.686397854449865008e+02
7.690163135811189932e+02
7.696439740550999886e+02
7.705229372376606989e+02
7.716534416477657032e+02
7.730357939526470545e+02
7.746703689678611227e+02
7.765576096571976450e+02
7.786980271327252012e+02
7.810922006548253194e+02
7.837407776321242636e+02
7.866444736215271405e+02
7.898040723282633735e+02
7.932204256057730163e+02
7.968944534557977022e+02
8.008271440283920128e+02
8.050195536218438974e+02
8.094728066827315160e+02
8.141880958059232398e+02
8.191666817345435447e+02
8.244098933600071177e+02
8.299191277220188567e+02
8.356958500085283958e+02
8.417415935558096862e+02
8.480579598483814152e+02
8.546466185190183751e+02
8.615093073488310438e+02
8.686478322671746355e+02
8.760640673516604693e+02
8.837599548282241813e+02
8.917375050710461437e+02
8.999987966025855712e+02
9.085459760936146267e+02
9.173812583631388407e+02
9.265069263784653231e+02
9.359253312551686577e+02
9.456388922571136391e+02
9.556500967964097981e+02
9.659615004335137201e+02
9.765757268770812516e+02
9.874954679840698191e+02
9.987234837597725345e+02
1.010262602357659034e+03
1.022115720079546008e+03
1.034285801375517622e+03
1.046775878843936880e+03
1.059589053231434264e+03
1.072728493432896357e+03
1.086197436491556800e+03
7.469219585753080537e+02
7.470441346896109280e+02
7.474107003400035865e+02
7.480217674490404534e+02
7.488775225542212866e+02
7.499782268081162329e+02
7.513242159783089846e+02
7.529159004473513050e+02
7.547537652128539776e+02
7.568383698874299625e+02
7.591703486986943972e+02
7.617504104892987016e+02
7.645793387168964728e+02
7.676579914541548533e+02
7.709873013887545312e+02
7.745682758233897403e+02
7.784019966758137343e+02
7.824896204787023635e+02
7.868323783798359727e+02
7.914315761419629780e+02
7.962885941428453407e+02
8.014048873752926738e+02
8.067819854470940300e+02
8.124214925810747445e+02
8.183250876150623299e+02
8.244945240019205812e+02
8.309316298094813646e+02
8.376383077206469352e+02
8.446165350333103561e+02
8.518683636603441300e+02
8.593959201297138861e+02
8.672014055843305869e+02
8.752870957821528464e+02
8.836553410961641930e+02
8.923085665143162259e+02
9.012492716396081960e+02
9.104800306900642681e+02
9.200034924986994156e+02
9.298223805135535258e+02
9.399394927977027692e+02
9.503577020291913868e+02
9.610799555011226403e+02
9.721092751215792305e+02
9.834487574136801413e+02
9.951015735155692710e+02
1.007070969180347220e+03
1.019360264776230451e+03
1.031972855286346658e+03
1.044912210308916656e+03
1.058181874057117966e+03
7.277205528751437669e+02
7.278396882059610107e+02
7.281971343060263280e+02
7.287930114982259511e+02
7.296275203206732840e+02
7.307009415267657459e+02
7.320136360850938217e+02
7.335660451795661174e+02
7.353586902092729360e+02
7.373921727885999644e+02
7.396671747472055358e+02
7.421844581299069432e+02
7.449448651968509694e+02
7.479493184234229375e+02
7.511988205002353425e+02
7.546944543331733257e+02
7.584373830433264629e+02
7.624288499671024510e+02
7.666701786561020526e+02
7.711627728772100454e+02
7.759081166125497475e+02
7.809077740594602801e+02
7.861633896306216229e+02
7.916766879538613466e+02
7.974494738723137743e+02
8.034836324443517697e+02
8.097811289435867366e+02
8.163440088589027255e+02
8.231743978944109585e+02
8.302745019694953044e+02
8.376466072187554346e+02
8.452930799920977734e+02
8.532163668545763358e+02
8.614189945866314702e+02
8.699035701838511159e+02
8.786727808570958587e+02
8.877293940325102994e+02
8.970762573514434735e+02
9.067162986705170624e+02
9.166525260616026571e+02
9.268880278118331262e+02
9.374259724235571412e+02
9.482696086144073888e+02
9.594222653172323589e+02
9.708873516801759251e+02
9.826683570665750267e+02
9.947688510550847241e+02
1.007192483439541775e+03
1.019942984229078320e+03
1.033024163648076410e+03
7.106774909204773394e+02
7.107938295229473624e+02
7.111428878206993431e+02
7.117247932848044911e+02
7.125397583670746826e+02
7.135880804999828797e+02
7.148701420967313425e+02
7.163864105512629976e+02
7.181374382382159638e+02
7.201238625129462889e+02
7.223464057115052128e+02
7.248058751506960107e+02
7.275031631279944122e+02
7.304392469216054451e+02
7.336151887904520663e+02
7.370321359741865308e+02
7.406913206931449167e+02
7.445940601483926002e+02
7.487417565217015181e+02
7.531358969755615362e+02
7.577780536531804501e+02
7.626698836784839841e+02
7.678131291560816862e+02
7.732096171713351396e+02
7.788612597902897505e+02
7.847700540597202234e+02
7.909380820071419294e+02
7.973675106407085877e+02
8.040605919493714282e+02
8.110196629027427662e+02
8.182471454511414777e+02
8.257455465256612115e+02
8.335174580380567022e+02
8.415655568808006137e+02
8.498926049270949079e+02
8.585014490308253698e+02
8.673950210266525573e+02
8.765763377298981140e+02
8.860485009366129816e+02
8.958146974235546622e+02
9.058781989482213248e+02
9.162423622487835928e+02
9.269106290441413876e+02
9.378865260339239285e+02
9.491736648984669955e+02
9.607757422988356666e+02
9.726965398767561055e+02
9.849399242547178801e+02
9.975098470358943814e+02
1.010410344804211036e+03
6.952971968190695407e+02
6.954109187529866176e+02
6.957521290803128977e+02
6.963209613776484730e+02
6.971176382727435339e+02
6.981424714444074198e+02
6.993958616225199876e+02
7.008782985880770866e+02
7.025903611731450837e+02
7.045327172608836008e+02
7.067061237855682521e+02
7.091114267324996945e+02
7.117495611381514209e+02
7.146215510899992296e+02
7.177285097266690173e+02
7.210716392378458295e+02
7.246522308643079668e+02
7.284716648979383535e+02
7.325314106816790627e+02
7.368330266095767911e+02
7.413781601267828592e+02
7.461685477294963675e+02
7.512060149650437779e+02
7.564924764318220696e+02
7.620299357793214767e+02
7.678204857081027512e+02
7.738663079698426372e+02
7.801696733673111339e+02
7.867329417543032832e+02
7.935585620358097003e+02
8.006490721677778311e+02
8.080070991573734318e+02
8.156353590627531958e+02
8.235366569932239145e+02
8.317138871091401597e+02
8.401700326219611270e+02
8.489081657942506354e+02
8.579314479396430215e+02
8.672431294228317711e+02
8.768465496596832054e+02
8.867451371170318453e+02
8.969424093129305220e+02
9.074419728164116350e+02
9.182475232476690508e+02
9.293628452779444160e+02
9.407918126295953698e+02
9.525383880760273314e+02
9.646066234417730811e+02
9.770006596024359169e+02
9.897247264847351289e+02
6.810118094810150069e+02
6.811230244460148242e+02
6.814567156372959289e+02
6.820130219437373853e+02
6.827921748467133511e+02
6.837944984202067644e+02
6.850204093307525000e+02
6.864704168374487381e+02
6.881451227919569646e+02
6.900452216384906023e+02
6.921715004138604854e+02
6.945248387474066476e+02
6.971062088610551655e+02
6.999166755692613151e+02
7.029573962791005215e+02
7.062296209901433031e+02
7.097346922945916958e+02
7.134740453771428292e+02
7.174492080151139817e+02
7.216618005783857370e+02
7.261135360293337726e+02
7.308062199229766520e+02
7.357417504068507697e+02
7.409221182210671941e+02
7.463494066983230368e+02
7.520257917638218714e+02
7.579535419353987891e+02
7.641350183234067117e+02
7.705726746307732355e+02
7.772690571530006309e+02
7.842268047781317364e+02
7.914486489867954333e+02
7.989374138521611712e+02
8.066960160400071800e+02
8.147274648085954141e+02
8.230348620088534517e+02
8.316214020841812271e+02
8.404903720705874548e+02
8.496451515966555235e+02
8.590892128834525465e+02
8.688261207447453671e+02
8.788595325867277097e+02
8.891931984082702911e+02
8.998309608007048155e+02
9.107767549479831359e+02
9.220346086266317798e+02
9.336086422057178424e+02
9.455030686468717249e+02
9.577221935042757650e+02
9.702704149247210808e+02
6.672307791565117441e+02
6.673395409038107573e+02
6.676658740422112714e+02
6.682099222612464473e+02
6.689719250434450259e+02
6.699522176643995408e+02
6.711512311926753682e+02
6.725694924898789395e+02
6.742076242106350037e+02
6.760663448025752587e+02
6.781464685063724573e+02
6.804489053556835643e+02
6.829746611772065989e+02
6.857248375906692672e+02
6.887006320087948552e+02
6.919033376373363353e+02
6.953343434750649976e+02
6.989951343137704498e+02
7.028872907382492485e+02
7.070124891263390055e+02
7.113725016488615438e+02
7.159691962697138479e+02
7.208045367457543762e+02
7.258805826268940109e+02
7.311994892560278458e+02
7.367635077691261358e+02
7.425749850951206099e+02
7.486363639559840522e+02
7.549501828667416703e+02
7.615190761353574089e+02
7.683457738628931111e+02
7.754331019433834626e+02
7.827839820639155732e+02
7.904014317045380267e+02
7.982885641383973052e+02
8.064485884315786279e+02
8.148848094432537437e+02
8.236006278255558755e+02
8.325995400236820387e+02
8.418851382758361979e+02
8.514611106132065288e+02
8.613312408600677372e+02
8.714994086336218970e+02
8.819695893441803491e+02
8.927458541950159088e+02
9.038323701824310774e+02
9.152334000957807802e+02
9.269533025173814167e+02
9.389965318226245472e+02
9.513676381798745751e+02
6.533241197000847933e+02
6.534304311242408403e+02
6.537494148271207450e+02
6.542812191000166422e+02
6.550260910950214566e+02
6.559843768251084839e+02
6.571565211640859161e+02
6.585430678466309473e+02
6.601446594682101932e+02
6.619620374852047462e+02
6.639960422147964891e+02
6.662476128350363069e+02
6.687177873848213494e+02
6.714077027638836626e+02
6.743185947327901886e+02
6.774517979129996093e+02
6.808087457867827652e+02
6.843909706972567619e+02
6.882001038483963384e+02
6.922378753050338673e+02
6.965061139928025113e+02
7.010067476982499102e+02
7.057418030687131250e+02
7.107134056124209565e+02
7.159237796983916269e+02
7.213752485565464667e+02
7.270702342776417026e+02
7.330112578132457202e+02
7.392009389757959070e+02
7.456419964386100219e+02
7.523372477357838761e+02
7.592896092623277582e+02
7.665020962740641153e+02
7.739778228876389221e+02
7.817200020806126304e+02
7.897319456913237445e+02
7.980170644189911400e+02
8.065788678236799569e+02
8.154209643263016005e+02
8.245470612085910034e+02
8.339609646131748377e+02
8.436665795434919346e+02
8.536679098638273899e+02
8.639690582993239332e+02
8.745742264359705587e+02
8.854877147206252630e+02
8.967139224609468329e+02
9.082573478254516885e+02
9.201225878435593586e+02
9.323143384054333183e+02
6.387795666481110857e+02
6.388833941340408273e+02
6.391949275769775340e+02
6.397143199324318630e+02
6.404418261262776468e+02
6.413778030546950504e+02
6.425227095841933078e+02
6.438771065516789349e+02
6.454416567643306735e+02
6.472171249997245468e+02
6.492043780057315416e+02
6.514043845006085576e+02
6.538182151729074576e+02
6.564470426815319115e+02
6.592921416557601333e+02
6.623548886951766690e+02
6.656367623697065028e+02
6.691393432196264257e+02
6.728643137555536669e+02
6.768134584584345248e+02
6.809886637795671049e+02
6.853919181405785821e+02
6.900253119334593066e+02
6.948910375205059609e+02
6.999913892343670341e+02
7.053287633780655597e+02
7.109056582249195344e+02
7.167246740185987619e+02
7.227885129731248526e+02
7.290999792728598550e+02
7.356619790724835184e+02
7.424775204970387676e+02
7.495497136419089657e+02
7.568817705727951761e+02
7.644770053257616382e+02
7.723388339072130293e+02
7.804707742938717274e+02
7.888764464328346548e+02
7.975595722414936972e+02
8.065239756076152844e+02
8.157735823892835469e+02
8.253124204149912657e+02
8.351446194834466041e+02
8.452744113638118506e+02
8.557061297955215196e+02
8.664442104883960383e+02
8.774931911225621661e+02
8.888577113484757319e+02
9.005425127869784774e+02
9.125524390292639509e+02
6.233706165154558221e+02
6.234719224868854326e+02
6.237758930063364460e+02
6.242826858892954078e+02
6.249925641615277527e+02
6.259058960591346477e+02
6.270231550285529920e+02
6.283449197264985742e+02
6.298718740200342836e+02
6.316048069865018988e+02
6.335446129135789306e+02
6.356922912992558850e+02
6.380489468518590002e+02
6.406157894899820349e+02
6.433941343425772175e+02
6.463854017488756654e+02
6.495911172584555970e+02
6.530129116312082260e+02
6.566525208373036548e+02
6.605117860572818245e+02
6.645926536819274588e+02
6.688971753123837516e+02
6.734275077601409976e+02
6.781859130469229058e+02
6.831747584048571298e+02
6.883965162763047374e+02
6.938537643139966349e+02
6.995491853809539862e+02
7.054855675505109502e+02
7.116658041063374185e+02
7.180928935424049087e+02
7.247699395629865649e+02
7.317001510826912636e+02
7.388868422264408764e+02
7.463334323294702699e+02
7.540434459373045684e+02
7.620205128058159971e+02
7.702683679011784079e+02
7.787908513998900162e+02
7.875919086887392950e+02
7.966755903648731874e+02
8.060460522356834190e+02
8.157075553189542916e+02
8.256644658427489958e+02
8.359212552454323486e+02
8.464825001757048994e+02
8.573528824925574554e+02
8.685371892653392933e+02
8.800403127736672104e+02
8.918672505075051049e+02
6.069255747232318754e+02
6.070243236902683748e+02
6.073206249177928839e+02
6.078146413851300167e+02
6.085066447244344090e+02
6.093970152207361934e+02
6.104862418119523682e+02
6.117749220888413220e+02
6.132637622950596779e+02
6.149535773271054495e+02
6.168452907343635161e+02
6.189399347190715162e+02
6.212386501363425850e+02
6.237426864941426174e+02
6.264534019533357423e+02
6.293722633276274792e+02
6.325008460835874757e+02
6.358408343406949825e+02
6.393940208712365347e+02
6.431623071004196390e+02
6.471477031062818241e+02
6.513523276197474843e+02
6.557784080246051417e+02
6.604282803575188154e+02
6.653043893079939153e+02
6.704092882184340851e+02
6.757456390841070970e+02
6.813162125531107449e+02
6.871238879264637944e+02
6.931716531580150331e+02
6.994626048545114827e+02
7.059999482755301869e+02
7.127869973335350551e+02
7.198271745938882304e+02
7.271240112747591411e+02
7.346811472472268179e+02
7.425023310352230510e+02
7.505914198155664963e+02
7.589523794179058314e+02
7.675892843247993369e+02
7.765063176716353155e+02
7.857077712466889352e+02
7.951980454911335983e+02
8.049816494989272542e+02
8.150632010170056674e+02
8.254474264450664123e+02
8.361391608357621408e+02
8.471433478945300521e+02
8.584650399797510545e+02
8.701093981026360780e+02
5.895822978963678906e+02
5.896784774744219249e+02
5.899670723382541837e+02
5.904482508769660853e+02
5.911222937390334664e+02
5.919895938323634255e+02
5.930506563241920048e+02
5.943060986411978774e+02
5.957566504694455034e+02
5.974031537543737613e+02
5.992465627008300544e+02
6.012879437730703103e+02
6.035284756947021378e+02
6.059694494487644079e+02
6.086122682776931470e+02
6.114584476832760629e+02
6.145096154267321253e+02
6.177675115286660912e+02
6.212339882690571358e+02
6.249110101872929590e+02
6.288006540821925228e+02
6.329051090118809952e+02
6.372266762939602813e+02
6.417677695053725984e+02
6.465309144824914256e+02
6.515187493210419234e+02
6.567340243761918828e+02
6.621796022624721445e+02
6.678584578537993366e+02
6.737736782835099802e+02
6.799284629443263839e+02
6.863261234883452744e+02
6.929700838270946406e+02
6.998638801314314151e+02
7.070111608316778984e+02
7.144156866175080722e+02
7.220813304380158115e+02
7.300120775016694097e+02
7.382120252763229473e+02
7.466853834892390296e+02
7.554364741270774175e+02
7.644697314358950280e+02
7.737897019211004590e+02
7.834010443475563079e+02
7.933085297394768531e+02
8.035170413804848977e+02
8.140315748136004004e+02
8.248572378412404760e+02
8.359992505251852890e+02
8.474629451866348973e+02
5.716582733965424268e+02
5.717519069835020673e+02
5.720328657082518475e+02
5.725013234623702374e+02
5.731575700652115302e+02
5.740020112638376304e+02
5.750351687330294226e+02
5.762576800753322459e+02
5.776702988209876821e+02
5.792738944280131363e+02
5.810694522821108876e+02
5.830580736967476696e+02
5.852409759131091960e+02
5.876194921001456350e+02
5.901950713544692917e+02
5.929692787004796628e+02
5.959437950903293313e+02
5.991204174038330166e+02
6.025010584485926302e+02
6.060877469599176948e+02
6.098826276008594505e+02
6.138879609622108546e+02
6.181061235624497385e+02
6.225396078478866002e+02
6.271910221924372308e+02
6.320630908978728257e+02
6.371586541935698733e+02
6.424806682367488975e+02
6.480322051123152960e+02
6.538164528329048153e+02
6.598367153388835504e+02
6.660964124983706824e+02
6.725990801071930036e+02
6.793483698889303923e+02
6.863480494948817068e+02
6.936020025040761539e+02
7.011142284232960264e+02
7.088888426870312287e+02
7.169300766575247508e+02
7.252422776247385627e+02
7.338299088063536146e+02
7.426975493478153112e+02
7.518498943222880371e+02
7.612917547306665256e+02
7.710280575015758586e+02
7.810638454913714668e+02
7.914042774841391292e+02
8.020546281917177112e+02
8.130202882536423203e+02
8.243067642372466253e+02
5.535417830218307245e+02
5.536329275342836809e+02
5.539064208386093924e+02
5.543624422355378556e+02
5.550012905597782265e+02
5.558233841798141839e+02
5.568292609980062480e+02
5.580195784505804113e+02
5.593951135076281389e+02
5.609567626730836309e+02
5.627055419847351914e+02
5.646425870142707026e+02
5.667691528672207824e+02
5.690866141829246772e+02
5.715964651346439496e+02
5.743003194294601599e+02
5.771999103083658156e+02
5.802970905461393158e+02
5.835938324514586384e+02
5.870922278668786021e+02
5.907944881687740235e+02
5.947029442674079291e+02
5.988200466068860806e+02
6.031483651651797118e+02
6.076905894541027919e+02
6.124495285193575000e+02
6.174281109405001189e+02
6.226293848309182977e+02
6.280565178378878954e+02
6.337127971425275064e+02
6.396016294598325658e+02
6.457265410386185067e+02
6.520911776616117095e+02
6.586993046453699208e+02
6.655548068403049911e+02
6.726616886306828746e+02
6.800240739346804730e+02
6.876462062042492107e+02
6.955324484252741968e+02
7.036872831174491694e+02
7.121153123343788138e+02
7.208212576634650759e+02
7.298099602260094798e+02
7.390863806771676536e+02
7.486555992059493292e+02
7.585228155352297108e+02
7.686933489217153692e+02
7.791726381560124537e+02
7.899662415625584799e+02
8.010798369996678048e+02
5.357326899227018657e+02
5.358214277679508086e+02
5.360877027635069680e+02
5.365316992886391745e+02
5.371537246421894451e+02
5.379542090425275092e+02
5.389337056275621762e+02
5.400928904546844933e+02
5.414325625008928000e+02
5.429536436626676732e+02
5.446571787560515077e+02
5.465443355165916728e+02
5.486164045993973559e+02
5.508747995790713503e+02
5.533210569498010045e+02
5.559568361252672730e+02
5.587839194387015596e+02
5.618042121428516111e+02
5.650197424100156240e+02
5.684326613320308752e+02
5.720452429202168787e+02
5.758598841055118100e+02
5.798791047383019759e+02
5.841055475885696069e+02
5.885419783457791709e+02
5.931912856189683225e+02
5.980564809366910595e+02
6.031406987470177228e+02
6.084471964175918401e+02
6.139793542355505451e+02
6.197406754075814206e+02
6.257347860598997613e+02
6.319654352382599427e+02
6.384364949079440521e+02
6.451519599537959948e+02
6.521159481801191760e+02
6.593327003108129247e+02
6.668065799893042822e+02
6.745420737785480014e+02
6.825437911610038100e+02
6.908164645386818847e+02
6.993649492331655892e+02
7.081942234854750495e+02
7.173093884562831590e+02
7.267156682256995737e+02
7.364184097933957673e+02
7.464230830786164006e+02
7.567352809200770025e+02
7.673607190760776575e+02
7.783052362243779498e+02
5.187551122338504683e+02
5.188415496173433894e+02
5.191009247275246707e+02
5.195334264435018667e+02
5.201393695638444115e+02
5.209191948064699318e+02
5.218734688087579343e+02
5.230028841274929619e+02
5.243082592388759622e+02
5.257905385384901820e+02
5.274507923414034849e+02
5.292902168820205588e+02
5.313101343142193400e+02
5.335119927112486948e+02
5.358973660658080007e+02
5.384679542899789340e+02
5.412255832153050505e+02
5.441722045927008367e+02
5.473098960924971834e+02
5.506408613044641243e+02
5.541674297377767289e+02
5.578920568210264719e+02
5.618173239021871268e+02
5.659459382487170842e+02
5.702807330474115588e+02
5.748246674045503823e+02
5.795808263457729481e+02
5.845524208161464230e+02
5.897427876801884850e+02
5.951553897217877420e+02
6.007938156442833133e+02
6.066617800703852481e+02
6.127631235422654754e+02
6.191018125214554857e+02
6.256819393889827552e+02
6.325077224452002156e+02
6.395835059099226783e+02
6.469137599224040969e+02
6.545030805412466179e+02
6.623561897445256363e+02
6.704779354297215832e+02
6.788732914136744512e+02
6.875473574326974813e+02
6.965053591425430568e+02
7.057526481182890166e+02
7.152947018544864477e+02
7.251371237651028423e+02
7.352856431835220974e+02
7.457461153624876715e+02
7.565245214742390090e+02
5.029042589267646690e+02
5.029885046480899291e+02
5.032413060334192778e+02
5.036628557467565770e+02
5.042534748948583001e+02
5.050136130270630019e+02
5.059438481355186923e+02
5.070448866549554623e+02
5.083175634628446460e+02
5.097628418793306082e+02
5.113818136672421133e+02
5.131756990320809564e+02
5.151458466220447008e+02
5.172937335280380466e+02
5.196209652836159876e+02
5.221292758650406540e+02
5.248205276912358386e+02
5.276967116238665767e+02
5.307599469672027226e+02
5.340124814682894794e+02
5.374566913167541315e+02
5.410950811450106812e+02
5.449302840280779492e+02
5.489650614837501053e+02
5.532023034724034005e+02
5.576450283971780664e+02
5.622963831038646276e+02
5.671596428809266399e+02
5.722382114595575331e+02
5.775356210136123991e+02
5.830555321596307294e+02
5.888017339568136777e+02
5.947781439071036402e+02
6.009888079550819384e+02
6.074379004880256616e+02
6.141297243359190361e+02
6.210687107713965815e+02
6.282594195098226919e+02
6.357065387092120545e+02
6.434148849702637563e+02
6.513894033363840208e+02
6.596351672936634714e+02
6.681573787708543932e+02
6.769613681394162086e+02
6.860525942134813704e+02
6.954366442498894685e+02
7.051192339481417548e+02
7.151062074504352495e+02
7.254035373416513721e+02
7.360173246493332044e+02
4.883530937521413762e+02
4.884352468646511625e+02
4.886817714215112574e+02
4.890928630806683941e+02
4.896688479387421467e+02
4.904101825309794549e+02
4.913174538312887307e+02
4.923913792522284893e+02
4.936328066449732432e+02
4.950427142993476082e+02
4.966222109438490406e+02
4.983725357455568883e+02
5.002950583102915516e+02
5.023912786824325849e+02
5.046628273450323832e+02
5.071114652198048134e+02
5.097390836670797398e+02
5.125477044858598674e+02
5.155394799137525297e+02
5.187166926270606382e+02
5.220817557406917331e+02
5.256372128082034578e+02
5.293857378218262966e+02
5.333301352123839933e+02
5.374733398494072389e+02
5.418184170410086153e+02
5.463685625339962826e+02
5.511271025138057666e+02
5.560974936044885908e+02
5.612833228687804876e+02
5.666883078080445557e+02
5.723162963622826283e+02
5.781712669101580104e+02
5.842573282689500047e+02
5.905787196946221229e+02
5.971398108817425054e+02
6.039451019635635021e+02
6.109992235119307225e+02
6.183069365373853543e+02
6.258731324890845826e+02
6.337028332548356957e+02
6.418011911610847164e+02
6.501734889729277711e+02
6.588251398941110892e+02
6.677616875670423724e+02
6.769888060727112133e+02
6.865122999308027829e+02
6.963381040996523552e+02
7.064722839762112017e+02
7.169210353960920656e+02
4.751529987531398547e+02
4.752331454135173772e+02
4.754736513418379218e+02
4.758747143796995260e+02
4.764366642630079696e+02
4.771599626221245671e+02
4.780452029817411130e+02
4.790931107609253559e+02
4.803045432731892106e+02
4.816804897263295970e+02
4.832220712225876014e+02
4.849305407585802641e+02
4.868072832252778426e+02
4.888538154080265485e+02
4.910717859865940227e+02
4.934629755350897540e+02
4.960292965219991856e+02
4.987727933102178213e+02
5.016956421569943814e+02
5.048001512139762781e+02
5.080887605271641405e+02
5.115640420369686581e+02
5.152286995781537371e+02
5.190855688798706069e+02
5.231376175656691885e+02
5.273879451534298823e+02
5.318397830554772554e+02
5.364964945784777228e+02
5.413615749234622854e+02
5.464386511858720041e+02
5.517314823555125258e+02
5.572439593165768201e+02
5.629801048476338110e+02
5.689440736216056393e+02
5.751401522058472437e+02
5.815727590620326737e+02
5.882464445462915137e+02
5.951658909090497218e+02
6.023359122951546851e+02
6.097614547438524824e+02
6.174475961887083031e+02
6.253995464577201346e+02
6.336226472732505499e+02
6.421223722520380761e+02
6.509043269051971947e+02
6.599742486382183415e+02
6.693380067509792752e+02
6.790016024377337089e+02
6.889711687871340473e+02
6.992529707821859120e+02
4.630854553020640196e+02
4.631636635946961178e+02
4.633983549126924117e+02
4.637897285764324806e+02
4.643381167864959025e+02
4.650439846237190977e+02
4.659079300491839604e+02
4.669306839041951207e+02
4.681131099103026827e+02
4.694562046693022239e+02
4.709610976631893209e+02
4.726290512542732358e+02
4.744614606850177552e+02
4.764598540781889824e+02
4.786258924367530199e+02
4.809613696439214436e+02
4.834682124631740407e+02
4.861484805381905971e+02
4.890043663928963724e+02
4.920381954314734685e+02
4.952524259383267236e+02
4.986496490781178181e+02
5.022325888957084317e+02
5.060041023162284546e+02
5.099671791450532510e+02
5.141249420677809212e+02
5.184806466502323019e+02
5.230376813385305468e+02
5.277995674589419650e+02
5.327699592180465515e+02
5.379526437026243002e+02
5.433515408797234159e+02
5.489707035966034709e+02
5.548143175807695116e+02
5.608867014399720574e+02
5.671923066621843645e+02
5.737357176156592686e+02
5.805216515488268669e+02
5.875549585903854677e+02
5.948406217493015902e+02
6.023837569147303839e+02
6.101896128560838406e+02
6.182635712230307945e+02
6.266111465454514473e+02
6.352379862334942118e+02
6.441498705774847622e+02
6.533527127480851959e+02
6.628525587960893972e+02
6.726555876526163047e+02
6.827681111289507498e+02
4.518718972116516852e+02
4.519482156895833214e+02
4.521772378668401871e+02
4.525591639738763661e+02
4.530943277280925940e+02
4.537831963338703645e+02
4.546263704825150853e+02
4.556245843523242911e+02
4.567787056085535369e+02
4.580897354034163982e+02
4.595588083760731024e+02
4.611871926526873722e+02
4.629762898463241072e+02
4.649276350570630711e+02
4.670428968719306795e+02
4.693238773649113682e+02
4.717725120969362251e+02
4.743908701159284647e+02
4.771811539567465843e+02
4.801456996412071021e+02
4.832869766781414000e+02
4.866075880632706685e+02
4.901102702793195931e+02
4.937978932959822487e+02
4.976734605698652558e+02
5.017401090446128364e+02
5.060011091507476522e+02
5.104598648058072285e+02
5.151199134142871117e+02
5.199849258676408681e+02
5.250587065442573476e+02
5.303451933095288950e+02
5.358484575157831387e+02
5.415727040023057270e+02
5.475222710953630667e+02
5.537016306081795847e+02
5.601153878409149911e+02
5.667682815807211227e+02
5.736651841017305742e+02
5.808111011649657485e+02
5.882111720184980186e+02
5.958706693972658286e+02
6.037949995232565925e+02
6.119897021053816388e+02
6.204604503394989479e+02
6.292130509084586265e+02
6.382534439820574335e+02
6.475877032170615166e+02
6.572220357571723071e+02
6.671627822330947311e+02
4.411759480560817792e+02
4.412504125417171963e+02
4.414738729171290288e+02
4.418465299376521216e+02
4.423687181956324821e+02
4.430409061202681187e+02
4.438636959777454649e+02
4.448378238710915866e+02
4.459641597403333435e+02
4.472437073623950710e+02
4.486776043510872114e+02
4.502671221571972637e+02
4.520136660683760965e+02
4.539187752092743722e+02
4.559841225413947541e+02
4.582115148631942247e+02
4.606028928100499797e+02
4.631603308542366904e+02
4.658860373050174530e+02
4.687823543084959965e+02
4.718517578477303687e+02
4.750968577427215678e+02
4.785203976503794365e+02
4.821252550645340307e+02
4.859144413159356191e+02
4.898911015722546836e+02
4.940585148381046565e+02
4.984200939549623399e+02
5.029793856013156983e+02
5.077400702925046971e+02
5.127059623808349897e+02
5.178810100554869678e+02
5.232692953426067106e+02
5.288750341052377735e+02
5.347025760433780306e+02
5.407564046939114633e+02
5.470411374306422658e+02
5.535615254643516892e+02
5.603224538426729850e+02
5.673289414501937244e+02
5.745861410084444287e+02
5.820993390758303576e+02
5.898739560477338273e+02
5.979155461564005236e+02
6.062297974710531889e+02
6.148225318978120413e+02
6.236997051797061431e+02
6.328674068967075073e+02
6.423318604656969910e+02
6.520994231404984021e+02
4.306123527318277411e+02
4.306849898764539830e+02
4.309029683486983231e+02
4.312664892635552860e+02
4.317758878127392563e+02
4.324316332646048977e+02
4.332343289642153650e+02
4.341847123332968295e+02
4.352836548702271102e+02
4.365321621501379923e+02
4.379313738247560650e+02
4.394825636225164089e+02
4.411871393485512272e+02
4.430466428846443705e+02
4.450627501892881810e+02
4.472372712975925424e+02
4.495721503214213044e+02
4.520694654492444897e+02
4.547314289462860870e+02
4.575603871543762580e+02
4.605588204920650242e+02
4.637293434545426862e+02
4.670747046137421421e+02
4.705977866182024627e+02
4.743016061931825789e+02
4.781893141406271752e+02
4.822641953391098468e+02
4.865296687439126799e+02
4.909892873870262520e+02
4.956467383770586821e+02
5.005058428993379493e+02
5.055705562158436805e+02
5.108449676652753624e+02
5.163333006629386546e+02
5.220399127008818141e+02
5.279692953478161144e+02
5.341260742491158453e+02
5.405150091268183132e+02
5.471409937796920531e+02
5.540090560831345101e+02
5.611243579892402522e+02
5.684921955267668636e+02
5.761179988012031572e+02
5.840073319946100128e+02
5.921658933658477508e+02
6.005995152503601275e+02
6.093141640603107589e+02
6.183159402845603836e+02
6.276110784885872818e+02
6.372059473146123310e+02
4.198695643006203682e+02
4.199403976686198803e+02
4.201529649326403160e+02
4.205074675726223177e+02
4.210042413885162205e+02
4.216437565002706833e+02
4.224266173477644770e+02
4.233535626908974336e+02
4.244254656095222344e+02
4.256433335035012533e+02
4.270083080926269758e+02
4.285216654167243178e+02
4.301848158355483065e+02
4.319993040288750308e+02
4.339668089964447972e+02
4.360891440579507616e+02
4.383682568531185098e+02
4.408062293415923705e+02
4.434052778030263653e+02
4.461677528370728396e+02
4.490961393633369880e+02
4.521930566213882230e+02
4.554612581708056496e+02
4.589036318911553280e+02
4.625231999819334305e+02
4.663231189626685591e+02
4.703066796728307963e+02
4.744773072718771800e+02
4.788385612392630719e+02
4.833941353744194203e+02
4.881478577967186538e+02
4.931036909455542627e+02
4.982657315802725861e+02
5.036382107802296559e+02
5.092254939447229845e+02
5.150320807930597766e+02
5.210626053645000866e+02
5.273218360183136610e+02
5.338146754337230959e+02
5.405461606099265737e+02
5.475214628661319693e+02
5.547458878414886385e+02
5.622248754951556293e+02
5.699640001062562078e+02
5.779689702739005952e+02
5.862456289171632307e+02
5.947999532750941398e+02
6.036380549067757784e+02
6.127661796911866077e+02
6.221907078273488878e+02
4.088427286774162894e+02
4.089117932589715565e+02
4.091190542992421797e+02
4.094647136849744129e+02
4.099491078941127853e+02
4.105727079957432579e+02
4.113361196501386985e+02
4.122400831087702500e+02
4.132854732142391185e+02
4.144732994003334170e+02
4.158047056920281648e+02
4.172809707054625505e+02
4.189035076479285635e+02
4.206738643179278370e+02
4.225937231050920673e+02
4.246649009902512262e+02
4.268893495453994547e+02
4.292691549337291690e+02
4.318065379095628487e+02
4.345038538184212484e+02
4.373635925969779237e+02
4.403883787730933363e+02
4.435809714658148550e+02
4.469442643853199115e+02
4.504812858330183190e+02
4.541951987014272163e+02
4.580893004742733865e+02
4.621670232264591505e+02
4.664319336240282610e+02
4.708877329242454834e+02
4.755382569754829092e+02
4.803874762173336421e+02
4.854394956805776928e+02
4.906985549871023977e+02
4.961690283500388432e+02
5.018554245736254416e+02
5.077623870533102490e+02
5.138946937757168598e+02
5.202572573186216687e+02
5.268551248510107143e+02
5.336934781329659927e+02
5.407776335158359871e+02
5.481130419420651378e+02
5.557052889453188982e+02
5.635600946504041531e+02
5.716833137733146941e+02
5.800809356212198509e+02
5.887590840924417535e+02
5.977240176765008073e+02
6.069821294540815870e+02
3.974675686424006926e+02
3.975349129405344684e+02
3.977370132841087980e+02
3.980740720207450067e+02
3.985464263964104248e+02
3.991545485555093364e+02
3.998990455408261369e+02
4.007806592935253320e+02
4.018002666531970135e+02
4.029588793578227524e+02
4.042576440437642304e+02
4.056978422457632405e+02
4.072808903970440042e+02
4.090083398291199046e+02
4.108818767719526477e+02
4.129033223538954189e+02
4.150746326017269894e+02
4.173978984405607662e+02
4.198753456939471107e+02
4.225093350838392325e+02
4.253023622305477147e+02
4.282570576528314632e+02
4.313761867678181261e+02
4.346626498910154623e+02
4.381194822363454477e+02
4.417498539161442750e+02
4.455570699411282476e+02
4.495445702203824112e+02
4.537159295614401344e+02
4.580748576702035280e+02
4.626251991509661821e+02
4.673709335064245352e+02
4.723161751377006112e+02
4.774651733442397017e+02
4.828223123239581582e+02
4.883921111731410747e+02
4.941792238864763931e+02
5.001884393570094289e+02
5.064246813762338206e+02
5.128930086340233174e+02
5.195986147186431481e+02
5.265468281167386522e+02
5.337431122134148609e+02
5.411930652920887042e+02
5.489024205346140661e+02
5.568770460212590478e+02
5.651229447306604925e+02
5.736462545398580914e+02
5.824532482243057530e+02
5.915503334578261274e+02
3.858728437985405435e+02
3.859385233299917672e+02
3.861356295213454359e+02
3.864643651634310118e+02
3.869250682409870024e+02
3.875182119326723296e+02
3.882444046110663294e+02
3.891043898425664338e+02
3.900990463875814385e+02
3.912293882003154977e+02
3.924965644289500233e+02
3.939018594155186292e+02
3.954466926959980810e+02
3.971326190002173462e+02
3.989613282519485438e+02
4.009346455688273636e+02
4.030545312624099097e+02
4.053230808381727002e+02
4.077425249954444553e+02
4.103152296274856781e+02
4.130436958214545484e+02
4.159305598584069230e+02
4.189785932133077040e+02
4.221907025549853643e+02
4.255699297462228969e+02
4.291194518436668659e+02
4.328425810978615118e+02
4.367427649532714895e+02
4.408235860482704993e+02
4.450887622150958123e+02
4.495421464799051137e+02
4.541877270627651342e+02
4.590296273776175440e+02
4.640721060323585334e+02
4.693195568286910202e+02
4.747765087623179170e+02
4.804476260227716011e+02
4.863377079935276015e+02
4.924516892519363864e+02
4.987946395692688384e+02
5.053717639106707793e+02
5.121884024352198139e+02
5.192500304958457491e+02
5.265622586394329119e+02
5.341308326067519374e+02
5.419616333324370316e+02
5.500606769450541833e+02
5.584341147670897954e+02
5.670882333148824728e+02
5.760294542987026034e+02
3.743137211449379720e+02
3.743777945235933657e+02
3.745700823560355275e+02
3.748907877318288229e+02
3.753402491335350533e+02
3.759189404367361931e+02
3.766274709100684959e+02
3.774665852151542822e+02
3.784371634066928891e+02
3.795402209323583520e+02
3.807769086329130914e+02
3.821485127420487515e+02
3.836564548865908364e+02
3.853022920863395484e+02
3.870877167541038943e+02
3.890145566957585288e+02
3.910847751101869108e+02
3.933004705892813035e+02
3.956638771180109870e+02
3.981773640742972020e+02
4.008434362291723119e+02
4.036647337466206409e+02
4.066440321837035299e+02
4.097842424904911240e+02
4.130884110100623730e+02
4.165597194785505053e+02
4.202014850250975542e+02
4.240171601718884631e+02
4.280103328341283486e+02
4.321847263200425004e+02
4.365441993308536439e+02
4.410927459608842582e+02
4.458344956974315210e+02
4.507737134208127827e+02
4.559147994043996732e+02
4.612622893145953640e+02
4.668208542107890935e+02
4.725953005454357481e+02
4.785905701639876497e+02
4.848117403049513996e+02
4.912640235998424032e+02
4.979527680731962391e+02
5.048834571425913964e+02
5.120617096186379058e+02
5.194932797049432338e+02
5.271840569981577573e+02
5.351400664879747637e+02
5.433674685571190821e+02
5.518725589812675025e+02
5.606617689292079376e+02
3.630366410436977276e+02
3.630991650773580659e+02
3.632868048893442392e+02
3.635997636126376165e+02
3.640383798021844086e+02
3.646031274349525120e+02
3.652946159098632961e+02
3.661135900478598160e+02
3.670609300918385998e+02
3.681376517066951237e+02
3.693449059793124434e+02
3.706839794185498249e+02
3.721562939552768512e+02
3.737634069423052097e+02
3.755070111544682732e+02
3.773889347885983625e+02
3.794111414634699031e+02
3.815757302198790057e+02
3.838849355205866232e+02
3.863411272503299188e+02
3.889468107158677412e+02
3.917046266459237813e+02
3.946173511912206777e+02
3.976878959244345424e+02
4.009193078402631727e+02
4.043147693553692079e+02
4.078775983084142354e+02
4.116112479600360530e+02
4.155193069928600380e+02
4.196054995115105157e+02
4.238736850425652847e+02
4.283278585346351974e+02
4.329721503582732112e+02
4.378108263060539684e+02
4.428482875925055851e+02
4.480890708541551248e+02
4.535378481495285996e+02
4.591994269591168631e+02
4.650787501854210859e+02
4.711808961529186490e+02
4.775110786080290382e+02
4.840746467192388991e+02
4.908770850769542449e+02
4.979240136936141425e+02
5.052211880035997638e+02
5.127744988633139656e+02
5.205899725511244469e+02
5.286737707673864861e+02
5.370321906344770468e+02
5.456716646966810913e+02
3.522351870421516651e+02
3.522962054019444622e+02
3.524793281026404657e+02
3.527847580081470369e+02
3.532128332249499181e+02
3.537640271021359695e+02
3.544389482314272755e+02
3.552383404471015638e+02
3.561630828260831549e+02
3.572141896878406442e+02
3.583928105944892195e+02
3.597002303507110810e+02
3.611378690038009154e+02
3.627072818436886337e+02
3.644101594028256841e+02
3.662483274563214763e+02
3.682237470218751696e+02
3.703385143597870410e+02
3.725948609729357486e+02
3.749951536068238056e+02
3.775418942495321062e+02
3.802377201317881372e+02
3.830854037268295542e+02
3.860878527505860802e+02
3.892481101615658190e+02
3.925693541608097803e+02
3.960548981920283040e+02
3.997081909415214795e+02
4.035328163381677768e+02
4.075324935534581527e+02
4.117110770014960508e+02
4.160725563389519266e+02
4.206210564651314598e+02
4.253608375219073423e+02
4.302962948937647525e+02
4.354319592078013557e+02
4.407724963337045665e+02
4.463227073837515491e+02
4.520875287128319542e+02
4.580720319184365508e+02
4.642814238406344884e+02
4.707210465621415096e+02
4.773963774082062628e+02
4.843130289467239891e+02
4.914767489881910478e+02
4.988934205856821791e+02
5.065690620348732409e+02
5.145098268740639469e+02
5.227220038841210226e+02
5.312120170885236803e+02
3.420920568584392640e+02
3.421515979118566975e+02
3.423302884840495608e+02
3.426283308106690129e+02
3.430460619511450204e+02
3.435839537887545703e+02
3.442426130304738763e+02
3.450227812071261724e+02
3.459253346732793943e+02
3.469512846072802859e+02
3.481017770112885046e+02
3.493780927111856727e+02
3.507816473567118010e+02
3.523139914213516022e+02
3.539768102023231222e+02
3.557719238207141643e+02
3.577012872213231276e+02
3.597669901727613251e+02
3.619712572674302464e+02
3.643164479214760831e+02
3.668050563748693094e+02
3.694397116913137324e+02
3.722231777583488110e+02
3.751583532872473370e+02
3.782482718130836474e+02
3.814961016947108874e+02
3.849051461147610098e+02
3.884788430796788816e+02
3.922207654196199655e+02
3.961346207885867443e+02
4.002242516643377712e+02
4.044936353483876701e+02
4.089468839660867161e+02
4.135882444665185176e+02
4.184220986225909655e+02
4.234529630309339154e+02
4.286854891120128741e+02
4.341244631100607876e+02
4.397748060930553038e+02
4.456415739528097220e+02
4.517299574048706745e+02
4.580452819886204452e+02
4.645930080671632822e+02
4.713787308274277166e+02
4.784081802800983496e+02
4.856872212596385907e+02
4.932218534243020258e+02
5.010182112561665235e+02
5.090825640609978109e+02
5.174213159684200036e+02
3.326195212203288065e+02
3.326776038285288450e+02
3.328519187429378690e+02
3.331426672329257599e+02
3.335501847475143222e+02
3.340749409152863336e+02
3.347175395444196511e+02
3.354787186227099482e+02
3.363593503175593469e+02
3.373604409759195732e+02
3.384831311243829077e+02
3.397286954691253413e+02
3.410985428959179444e+02
3.425942164701268666e+02
3.442173934367360744e+02
3.459698852203132446e+02
3.478536374250097651e+02
3.498707298345948402e+02
3.520233764124213849e+02
3.543139253014601309e+02
3.567448588242541518e+02
3.593187934829529695e+02
3.620384799593239222e+02
3.649068031146953217e+02
3.679267819900132963e+02
3.711015698058304224e+02
3.744344539622829870e+02
3.779288560391137253e+02
3.815883317956377141e+02
3.854165711708219533e+02
3.894173982831489411e+02
3.935947714307872047e+02
3.979527830914548758e+02
4.024956599224537968e+02
4.072277627607263639e+02
4.121535866227645784e+02
4.172777607047237325e+02
4.226050483822746173e+02
4.281403472107626840e+02
4.338886889250716195e+02
4.398552394397256649e+02
4.460452988488100345e+02
4.524643014260277596e+02
4.591178156246883191e+02
4.660115440776849027e+02
4.731513235975057796e+02
4.805431251762456668e+02
4.881930539855829920e+02
4.961073493768026310e+02
5.042923848808186449e+02
3.237177901105155797e+02
3.237744270672237690e+02
3.239444046145763423e+02
3.242279227842118416e+02
3.246253149621679768e+02
3.251370478889384685e+02
3.257637216594503116e+02
3.265060697230069309e+02
3.273649588833563939e+02
3.283413892987027793e+02
3.294364944816265961e+02
3.306515412991643643e+02
3.319879299727517719e+02
3.334471940782691490e+02
3.350310005459959939e+02
3.367411496606905530e+02
3.385795750614533972e+02
3.405483437418524773e+02
3.426496560499003863e+02
3.448858456879861478e+02
3.472593797129775339e+02
3.497728585361073783e+02
3.524290159230758945e+02
3.552307189939824639e+02
3.581809682233483727e+02
3.612828974401509186e+02
3.645397738277438293e+02
3.679549979239482127e+02
3.715321036209843442e+02
3.752747581654944042e+02
3.791867621585652159e+02
3.832720495556714013e+02
3.875346876667435936e+02
3.919788771561343310e+02
3.966089520426066883e+02
4.014293796993342767e+02
4.064447608539580870e+02
4.116598295884955405e+02
4.170794533394087011e+02
4.227086328975929064e+02
4.285525024083540302e+02
4.346163293714198517e+02
4.409055146409514236e+02
4.474255924255203354e+02
4.541822302881428186e+02
4.611812291462456415e+02
4.684285232716547398e+02
4.759301802906634293e+02
4.836924011839641935e+02
4.917215202866714208e+02
3.152584551632799048e+02
3.153136583088439693e+02
3.154793339414595721e+02
3.157556806487832546e+02
3.161430294102842709e+02
3.166418435971991130e+02
3.172527189725542485e+02
3.179763836911774888e+02
3.188136982996752522e+02
3.197656557364098262e+02
3.208333813315448424e+02
3.220181328070680138e+02
3.233213002766774480e+02
3.247444062458953340e+02
3.262891056120565736e+02
3.279571856642292005e+02
3.297505660832825924e+02
3.316712989418874713e+02
3.337215687044817969e+02
3.359036922272935044e+02
3.382201187583291357e+02
3.406734299373852082e+02
3.432663397960368457e+02
3.460016947576605162e+02
3.488824736374112945e+02
3.519117876422001245e+02
3.550928803707392944e+02
3.584291278135651737e+02
3.619240383529472638e+02
3.655812527629450415e+02
3.694045442094306964e+02
3.733978182500322873e+02
3.775651128341792173e+02
3.819105983030681273e+02
3.864385773897083709e+02
3.911534852188651712e+02
3.960598893071164639e+02
4.011624895627846854e+02
4.064661182860163535e+02
4.119757401687252241e+02
4.176964522945922909e+02
4.236334841391226291e+02
4.297921975695771835e+02
4.361780868450068738e+02
4.427967786162525954e+02
4.496540319259224816e+02
4.567557382084373785e+02
4.641079212899740014e+02
4.717167373885331472e+02
4.795884751138260071e+02
3.070627120989456671e+02
3.071165053348977381e+02
3.072779507058157833e+02
3.075472452007261381e+02
3.079247171347219592e+02
3.084108261488950120e+02
3.090061632104038836e+02
3.097114506124285072e+02
3.105275419742042686e+02
3.114554222409310569e+02
3.124962076838983194e+02
3.136511459004168501e+02
3.149216158138415267e+02
3.163091276735485735e+02
3.178153230549014552e+02
3.194419748593873010e+02
3.211909873144463745e+02
3.230643959735971293e+02
3.250643677163679968e+02
3.271932007483314919e+02
3.294533246010814764e+02
3.318473001322558957e+02
3.343778195255254104e+02
3.370477062905706589e+02
3.398599152631391007e+02
3.428175326049881733e+02
3.459237758039193977e+02
3.491819936737442731e+02
3.525956663543411196e+02
3.561684053115868664e+02
3.599039533374252642e+02
3.638061845497873037e+02
3.678791043926935345e+02
3.721268496361403777e+02
3.765536883761910758e+02
3.811640200349415863e+02
3.859623753605092134e+02
3.909534164270439760e+02
3.961419366347399773e+02
4.015328607097899294e+02
4.071312447044533656e+02
4.129422759970225343e+02
4.189712732918110305e+02
4.252236866191651643e+02
4.317050973354639609e+02
4.384212181230964234e+02
4.453778929905524819e+02
4.525810972722638326e+02
4.600369376287744672e+02
4.677516520466156180e+02
2.989406502520409958e+02
2.989930718828645695e+02
2.991504018704858936e+02
2.994128355003340403e+02
2.997806982481165505e+02
3.002544457798308031e+02
3.008346639517640142e+02
3.015220688104591318e+02
3.023175065927944161e+02
3.032219537258811215e+02
3.042365168271544462e+02
3.053624327042939512e+02
3.066010683553031413e+02
3.079539209684526213e+02
3.094226179223028339e+02
3.110089167856699532e+02
3.127147053177168345e+02
3.145420014678165899e+02
3.164929533756890123e+02
3.185698393713096266e+02
3.207750679749210576e+02
3.231111778970898740e+02
3.255808380386383760e+02
3.281868474906900701e+02
3.309321355346469318e+02
3.338197616422007741e+02
3.368529154752991417e+02
3.400349168862021543e+02
3.433692159174597691e+02
3.468593928019004125e+02
3.505091579626082421e+02
3.543223520130027282e+02
3.583029457567363352e+02
3.624550401877854711e+02
3.667828664903936442e+02
3.712907860390828318e+02
3.759832903986989550e+02
3.808650013242868226e+02
3.859406707612606624e+02
3.912151808453018020e+02
3.966935439023586696e+02
4.023809024486467933e+02
4.082825291906942766e+02
4.144038270253076917e+02
4.207503290395948170e+02
4.273276985109077941e+02
4.341417289069227081e+02
4.411983438855713757e+02
4.485035972950981886e+02
4.560636731740032701e+02
2.908163173277671376e+02
2.908674151040031575e+02
2.910207729275157362e+02
2.912765842826388507e+02
2.916351716432245667e+02
2.920969864727567256e+02
2.926626092241917831e+02
2.933327493401066022e+02
2.941082452525847657e+02
2.949900643833188951e+02
2.959793031434742261e+02
2.970771869338591387e+02
2.982850701447659958e+02
2.996044361560848301e+02
3.010368973372578694e+02
3.025841950472454300e+02
3.042481996345941297e+02
3.060309104374141498e+02
3.079344557833451290e+02
3.099610929895789013e+02
3.121132083628936016e+02
3.143933171995740850e+02
3.168040637855142450e+02
3.193482213961033267e+02
3.220286922963623510e+02
3.248485077407735844e+02
3.278108279734510688e+02
3.309189422280155668e+02
3.341762687276741417e+02
3.375863546851746833e+02
3.411528763027945388e+02
3.448796387724200940e+02
3.487705762754558236e+02
3.528297519828583972e+02
3.570613580551480482e+02
3.614697156423972046e+02
3.660592748842418587e+02
3.708346149098588285e+02
3.758004438379998646e+02
3.809615987769348067e+02
3.863230458245311638e+02
3.918898800681745342e+02
3.976673255848368171e+02
4.036607354409966320e+02
4.098755916927643739e+02
4.163175053857116836e+02
4.229922165550419777e+02
4.299055942254653928e+02
4.370636364112783667e+02
4.444724701163067948e+02
2.826889388785843948e+02
2.827387668619167016e+02
2.828883146668772497e+02
2.831377738583455539e+02
2.834874637110942786e+02
2.839378312098688184e+02
2.844894510492622430e+02
2.851430256338289837e+02
2.858993850780393586e+02
2.867594872062795730e+02
2.877244175528176129e+02
2.887953893619055634e+02
2.899737435876318159e+02
2.912609488940688607e+02
2.926586016551823377e+02
2.941684259548424052e+02
2.957922735868805830e+02
2.975321240549646973e+02
2.993900845727580418e+02
3.013683900638170599e+02
3.034694031615799759e+02
3.056956142094804818e+02
3.080496412607772072e+02
3.105342300787015120e+02
3.131522541364120116e+02
3.159067146169263651e+02
3.188007404132463307e+02
3.218375881282554474e+02
3.250206420747531411e+02
3.283534142754547247e+02
3.318395444630141355e+02
3.354828000800011978e+02
3.392870762788675165e+02
3.432563959220146899e+02
3.473949095817374655e+02
3.517068955402805841e+02
3.561967597897819360e+02
3.608690360323066670e+02
3.657283856798358102e+02
3.707795978542435478e+02
3.760275893873654240e+02
3.814774048209301327e+02
3.871342164065708857e+02
3.930033241058481508e+02
3.990901555902610198e+02
4.054002662412017344e+02
4.119393391499897916e+02
4.187131851178378383e+02
4.257277426559198830e+02
4.329890779852917149e+02
2.745901220497103168e+02
2.746387354483999843e+02
2.747846388133666551e+02
2.750280216512237530e+02
2.753691998063686697e+02
2.758086154609713958e+02
2.763468371349176778e+02
2.769845596858999670e+02
2.777226043093264707e+02
2.785619185383893637e+02
2.795035762440193139e+02
2.805487776349195883e+02
2.816988492575319469e+02
2.829552439960934862e+02
2.843195410725684269e+02
2.857934460466935889e+02
2.873787908159329163e+02
2.890775336155456898e+02
2.908917590185410518e+02
2.928236779356552688e+02
2.948756276154313127e+02
2.970500716441279110e+02
2.993495999457877588e+02
3.017769287821920443e+02
3.043349007528945549e+02
3.070264847951989395e+02
3.098547761841814463e+02
3.128229965326568163e+02
3.159344937911782836e+02
3.191927422481285248e+02
3.226013425295718662e+02
3.261640215993566017e+02
3.298846327591149930e+02
3.337671556482064261e+02
3.378156962437401489e+02
3.420344868606321143e+02
3.464278861514912933e+02
3.510003791067333623e+02
3.557565770545011219e+02
3.607012176607327092e+02
3.658391649290706482e+02
3.711754092009641681e+02
3.767150671556009911e+02
3.824633818099073324e+02
3.884257225185933748e+02
3.946075849741419006e+02
4.010145912067400786e+02
4.076524895843704144e+02
4.145271548127880124e+02
4.216445879354637327e+02
2.666299564005839784e+02
2.666773981611413546e+02
2.668197858740768424e+02
2.670573068332828370e+02
2.673902731951784517e+02
2.678191219787549926e+02
2.683444150656441707e+02
2.689668391999703090e+02
2.696872059884753980e+02
2.705064519004508838e+02
2.714256382678172486e+02
2.724459512849989551e+02
2.735687020090381338e+02
2.747953263595377393e+02
2.761273851186956563e+02
2.775665639312364874e+02
2.791146733045025030e+02
2.807736486084081662e+02
2.825455500754060267e+02
2.844325628005776707e+02
2.864369967415200335e+02
2.885612867184704555e+02
2.908079924141588890e+02
2.931797983739670599e+02
2.956795140058147808e+02
2.983100735801940573e+02
3.010745362301690875e+02
3.039760859514103686e+02
3.070180316021151157e+02
3.102038069031095802e+02
3.135369704377353628e+02
3.170212056519403632e+02
3.206603208542674111e+02
3.244582492157746856e+02
3.284190487701607708e+02
3.325469024136623375e+02
3.368461179050768806e+02
3.413211278658195624e+02
3.459764897798436323e+02
3.508168859936859008e+02
3.558471237164667400e+02
3.610721350198787150e+02
3.664969768381752147e+02
3.721268309682159270e+02
3.779670040693758892e+02
3.840229276636705436e+02
3.903001581356534189e+02
3.968043767324502369e+02
4.035413895637930182e+02
4.105171276019518700e+02
2.589328579945117781e+02
2.589791560406411008e+02
2.591181118165650332e+02
2.593499102349369423e+02
2.596748594834934920e+02
2.600933910250660119e+02
2.606060595975691285e+02
2.612135432140121338e+02
2.619166431625217228e+02
2.627162840062965188e+02
2.636135135836525478e+02
2.646095030079663957e+02
2.657055466677206823e+02
2.669030622265267993e+02
2.682035906230225919e+02
2.696087960710201514e+02
2.711204660593580229e+02
2.727405113519921542e+02
2.744709659879845276e+02
2.763139872814917908e+02
2.782718558217538884e+02
2.803469754730826935e+02
2.825418733749302191e+02
2.848591999418090381e+02
2.873017288633491262e+02
2.898723571042523872e+02
2.925741049043267594e+02
2.954101157784748466e+02
2.983836565166939181e+02
3.014981171840645402e+02
3.047570111207846821e+02
3.081639749421128727e+02
3.117227685384250435e+02
3.154372750751917920e+02
3.193115009929783810e+02
3.233495760074106329e+02
3.275557531092772479e+02
3.319344085643933795e+02
3.364900419136802157e+02
3.412272759732104532e+02
3.461508568340605052e+02
3.512656538624923996e+02
3.565766596998059867e+02
3.620889902623844137e+02
3.678078847417509678e+02
3.737387056044894962e+02
3.798869385922898800e+02
3.862581927219480349e+02
3.928582002853318045e+02
3.996928168494036981e+02
2.515553302727994378e+02
2.516005019669137255e+02
2.517360778399392984e+02
2.519622402638901804e+02
2.522792931921571835e+02
2.526876621594396966e+02
2.531878942818480027e+02
2.537806582568009617e+02
2.544667443630487469e+02
2.552470644607410577e+02
2.561226519913361699e+02
2.570946619777032538e+02
2.581643710239632128e+02
2.593331773156819509e+02
2.606026006197112110e+02
2.619742822843022623e+02
2.634499852390263186e+02
2.650315939947972765e+02
2.667211146439058211e+02
2.685206748599853199e+02
2.704325238980118229e+02
2.724590325943040625e+02
2.746026933665461911e+02
2.768661202137650434e+02
2.792520487163528742e+02
2.817633360360218830e+02
2.844029609158610583e+02
2.871740236802907020e+02
2.900797462351192735e+02
2.931234720674524397e+02
2.963086662457840248e+02
2.996389154199164295e+02
3.031179278210743178e+02
3.067495332617454551e+02
3.105376831358398704e+02
3.144864504185875376e+02
3.186000296665611131e+02
3.228827370176986733e+02
3.273390101912809769e+02
3.319734084879314651e+02
3.367906127896389989e+02
3.417954255597464908e+02
3.469927708429281665e+02
3.523876942652123034e+02
3.579853630339925985e+02
3.637910659380054312e+02
3.698102133473184949e+02
3.760483372133762714e+02
3.825110910689545562e+02
3.892042500282059336e+02
2.445070206901277743e+02
2.445510756539647446e+02
2.446833004447512394e+02
2.449038747602457988e+02
2.452130980967467622e+02
2.456113897490581621e+02
2.460992888105010934e+02
2.466774541729137127e+02
2.473466645266512387e+02
2.481078183605973209e+02
2.489619339621299332e+02
2.499101494171441118e+02
2.509537226100519547e+02
2.520940312238280967e+02
2.533325727398732852e+02
2.546709644381962789e+02
2.561109433972546867e+02
2.576543664940686540e+02
2.593032104041526509e+02
2.610595716015154721e+02
2.629256663587284493e+02
2.649038307468458697e+02
2.669965206354504517e+02
2.692063116926533439e+02
2.715358993850259139e+02
2.739880989777475406e+02
2.765658455344237154e+02
2.792721939172452039e+02
2.821103187868743589e+02
2.850835146025019640e+02
2.881951956218472333e+02
2.914488959011350744e+02
2.948482692950960882e+02
2.983970894570006749e+02
3.020992498386135594e+02
3.059587636902278973e+02
3.099797640606539062e+02
3.141665037972074970e+02
3.185233555457330112e+02
3.230548117506032213e+02
3.277654846546511180e+02
3.326601062992835978e+02
3.377435285244018814e+02
3.430207229684242520e+02
3.484967810682974232e+02
3.541769140594396958e+02
3.600664529758660137e+02
3.661708486500288018e+02
3.724956717129316530e+02
3.790466125940952224e+02
2.377755666829784786e+02
2.378185107034141765e+02
2.379474017356187687e+02
2.381624166922165386e+02
2.384638504275699233e+02
2.388521157377908821e+02
2.393277433607636340e+02
2.398913819760878141e+02
2.405437982051466861e+02
2.412858766110275610e+02
2.421186196986127470e+02
2.430431479144999685e+02
2.440606996470592094e+02
2.451726312263758700e+02
2.463804169243303477e+02
2.476856489545070872e+02
2.490900374722514243e+02
2.505954105746809546e+02
2.522037143006286897e+02
2.539170126306999009e+02
2.557374874872380133e+02
2.576674387343359740e+02
2.597092841778248840e+02
2.618655595652853663e+02
2.641389185861044098e+02
2.665321328713162075e+02
2.690480919937613180e+02
2.716898034680525598e+02
2.744603927505067986e+02
2.773631032391790541e+02
2.804012962739307113e+02
2.835784511363158344e+02
2.868981650496834845e+02
2.903641531790754016e+02
2.939802486313396912e+02
2.977504024550171380e+02
3.016786836404548922e+02
3.057692791196927828e+02
3.100264937665656362e+02
3.144547503966350632e+02
3.190585897671894600e+02
3.238426705773235881e+02
3.288117694678135194e+02
3.339707810212303229e+02
3.393247177618718524e+02
3.448787101558082213e+02
3.506380066108249594e+02
3.566079734764684872e+02
3.627940950440347478e+02
3.692019735465919439e+02
2.312934721547208028e+02
2.313353184266361495e+02
2.314609152512161927e+02
2.316704366549970473e+02
2.319641726821828343e+02
2.323425293946797865e+02
2.328060288720735116e+02
2.333553092116176231e+02
2.339911245282678465e+02
2.347143449546706506e+02
2.355259566411518790e+02
2.364270617556940124e+02
2.374188784840157496e+02
2.385027410294924266e+02
2.396800996131787542e+02
2.409525204738201865e+02
2.423216858678642893e+02
2.437893940694152661e+02
2.453575593702794322e+02
2.470282120799424774e+02
2.488034985255808351e+02
2.506856810520503132e+02
2.526771380218974627e+02
2.547803638153595784e+02
2.569979688303305920e+02
2.593326794824065473e+02
2.617873382048969688e+02
2.643649034487452809e+02
2.670684496826197574e+02
2.699011673928680466e+02
2.728663630834716969e+02
2.759674592761825807e+02
2.792079945103637328e+02
2.825916233431257751e+02
2.861221163492018604e+02
2.898033601210499910e+02
2.936393572688075437e+02
2.976342264203026389e+02
3.017922022210086652e+02
3.061176353341579670e+02
3.106149924405826823e+02
3.152888562388625360e+02
3.201439254452452587e+02
3.251850147936352187e+02
3.304170550356730018e+02
3.358450929406444629e+02
3.414742912955375687e+02
3.473099289050196603e+02
3.533574005914488225e+02
3.596222171948511459e+02
2.249810208375720322e+02
2.250217922605997956e+02
2.251441635452124501e+02
2.253483057378844023e+02
2.256345039161374189e+02
2.260031571884610457e+02
2.264547786943921892e+02
2.269899956044127975e+02
2.276095491200635479e+02
2.283142944738415281e+02
2.291052009292570801e+02
2.299833517808338001e+02
2.309499443540971697e+02
2.320062900055631872e+02
2.331538141227611050e+02
2.343940561242220610e+02
2.357286694594563414e+02
2.371594216090215923e+02
2.386881940844091332e+02
2.403169824281917499e+02
2.420478962138645329e+02
2.438831590460154075e+02
2.458251085601432351e+02
2.478761964228056058e+02
2.500389883315278894e+02
2.523161640148941842e+02
2.547105172323995248e+02
2.572249557746317805e+02
2.598625014631352315e+02
2.626262901504560432e+02
2.655195717201422667e+02
2.685457100867665758e+02
2.717081831958807925e+02
2.750105830240272553e+02
2.784566155787956632e+02
2.820501008987321256e+02
2.857949730534187438e+02
2.896952801434053981e+02
2.937551843002665919e+02
2.979789616865900825e+02
3.023710024959200382e+02
3.069358109528707246e+02
3.116780053129787120e+02
3.166023178628506685e+02
3.217135949200724099e+02
3.270167968331975317e+02
3.325169979818497268e+02
3.382193867765749928e+02
3.441292656589780563e+02
3.502520511016655291e+02
2.187897887639678629e+02
2.188295169471871304e+02
2.189487574831673555e+02
2.191476783307280130e+02
2.194265594212652104e+02
2.197857926587289512e+02
2.202258819196572404e+02
2.207474430531192411e+02
2.213512038807266435e+02
2.220380041966791396e+02
2.228087957677416853e+02
2.236646423332103950e+02
2.246067196049693848e+02
2.256363152674225603e+02
2.267548289775845660e+02
2.279637723649898362e+02
2.292647690317494380e+02
2.306595545525169655e+02
2.321499764745226457e+02
2.337379943175278640e+02
2.354256795739161134e+02
2.372152157085452018e+02
2.391088981588950446e+02
2.411091343349767158e+02
2.432184436193779220e+02
2.454394573672175284e+02
2.477749189062137702e+02
2.502276835365933039e+02
2.528007185311821559e+02
2.554971031353488797e+02
2.583200285670272933e+02
2.612727980167278474e+02
2.643588266474466764e+02
2.675816415948361282e+02
2.709448819670569719e+02
2.744522988448125034e+02
2.781077552814167575e+02
2.819152263026921901e+02
2.858787989070378899e+02
2.900026720654295787e+02
2.942911567213855051e+02
2.987486757909891821e+02
3.033797641628552810e+02
3.081890686982092120e+02
3.131813482307961749e+02
3.183614735669266338e+02
3.237344274854763171e+02
3.293053047378748488e+02
3.350793120481284859e+02
3.410617681127860124e+02
2.126929721894271097e+02
2.127316969240609978e+02
2.128479260393419281e+02
2.130418242694759101e+02
2.133136661714843285e+02
2.136638361251357310e+02
2.140928283330708837e+02
2.146012468206549784e+02
2.151898054361026880e+02
2.158593278504326918e+02
2.166107475574222008e+02
2.174451078736979071e+02
2.183635619386677718e+02
2.193673727145096564e+02
2.204579129862509035e+02
2.216366653617001248e+02
2.229052222714585696e+02
2.242652859689201250e+02
2.257186685303054219e+02
2.272672918546277288e+02
2.289131876636815832e+02
2.306584975020882666e+02
2.325054727372503294e+02
2.344564745593743282e+02
2.365139739814821951e+02
2.386805518393771308e+02
2.409588987916663427e+02
2.433518153197610445e+02
2.458622117278878250e+02
2.484931081430431732e+02
2.512476345150389534e+02
2.541290306165024049e+02
2.571406460428534047e+02
2.602859402122817301e+02
2.635684823658039022e+02
2.669919515672631860e+02
2.705601367032613780e+02
2.742769364831929124e+02
2.781463594393017047e+02
2.821725239265902019e+02
2.863596581228762261e+02
2.907121000288043433e+02
2.952342974677549137e+02
2.999308080859577785e+02
3.048062993524467856e+02
3.098655485590256831e+02
3.151134428203249627e+02
3.205549790737677540e+02
3.261952640795698244e+02
3.320395144207509475e+02
2.066812402918912994e+02
2.067190049205919422e+02
2.068323525920732209e+02
2.070214446625186611e+02
2.072865500588022769e+02
2.076280452786477326e+02
2.080464143905032870e+02
2.085422490335645307e+02
2.091162484178539671e+02
2.097692193241073255e+02
2.105020761038758792e+02
2.113158406794241273e+02
2.122116425438434817e+02
2.131907187609385801e+02
2.142544139653182356e+02
2.154041803623499618e+02
2.166415777281599730e+02
2.179682734096559216e+02
2.193860423245041602e+02
2.208967669611297424e+02
2.225024373787618970e+02
2.242051512073430786e+02
2.260071136476312859e+02
2.279106374711318495e+02
2.299181430201201692e+02
2.320321582076303457e+02
2.342553185174779173e+02
2.365903670042484919e+02
2.390401542932750090e+02
2.416076385806832150e+02
2.442958856333575568e+02
2.471080687889298133e+02
2.500474689558359387e+02
2.531174746132592190e+02
2.563215818111302724e+02
2.596633941702066295e+02
2.631466228819476783e+02
2.667750867086397193e+02
2.705527119832595417e+02
2.744835326096335848e+02
2.785716900623356196e+02
2.828214333866526431e+02
2.872371191986985650e+02
2.918232116853459956e+02
2.965842826042148772e+02
3.015250112837065899e+02
3.066501846229812145e+02
3.119646970919802698e+02
3.174735507314267124e+02
3.231818551527567251e+02
2.007963520795556178e+02
2.008331898878395805e+02
2.009437559287334807e+02
2.011282080503860925e+02
2.013868093330529518e+02
2.017199280890622504e+02
2.021280378628489416e+02
2.026117174309547408e+02
2.031716508020053880e+02
2.038086272167333846e+02
2.045235411479552567e+02
2.053173923006170298e+02
2.061912856117146475e+02
2.071464312503735528e+02
2.081841446178145816e+02
2.093058463473539632e+02
2.105130623043805826e+02
2.118074235864128241e+02
2.131906665230644649e+02
2.146646326760219381e+02
2.162312688390898074e+02
2.178926270381680297e+02
2.196508645312292174e+02
2.215082438083754823e+02
2.234671325918043294e+02
2.255300038357745507e+02
2.276994357266858060e+02
2.299781116830104111e+02
2.323688203553388121e+02
2.348744556263113736e+02
2.374980166107206969e+02
2.402426076554434076e+02
2.431114383394174183e+02
2.461078234737101411e+02
2.492351831014957497e+02
2.524970424980210737e+02
2.558970321706397044e+02
2.594388878588006264e+02
2.631264505340368487e+02
2.669636664000336168e+02
2.709545868924806200e+02
2.751033686792425215e+02
2.794142736602680088e+02
2.838916689675670568e+02
2.885400269652905081e+02
2.933639252496504923e+02
2.983680466489772698e+02
3.035571792236851252e+02
3.089362162662951050e+02
3.145101563014463864e+02
1.950894600868537054e+02
1.951253914931385225e+02
1.952332371260581567e+02
1.954131512277854199e+02
1.956653908685780152e+02
1.959903159468467493e+02
1.963883891890759514e+02
1.968601761499030545e+02
1.974063452120162765e+02
1.980276675862683078e+02
1.987250173116194674e+02
1.994993712551149656e+02
2.003518091119190103e+02
2.012835134053148067e+02
2.022957694867045575e+02
2.033899655355753566e+02
2.045675925595560329e+02
2.058302443943716753e+02
2.071796177038436326e+02
2.086175119799349886e+02
2.101458295426937184e+02
2.117665755403095318e+02
2.134818579490570301e+02
2.152938875733298119e+02
2.172049780456177359e+02
2.192175458265637644e+02
2.213341102048843823e+02
2.235572932974150717e+02
2.258898200490989439e+02
2.283345182330208445e+02
2.308943184503505108e+02
2.335722541303425714e+02
2.363714615304388644e+02
2.392951797361092758e+02
2.423467506609995326e+02
2.455296190468175155e+02
2.488473324634242090e+02
2.523035413087541201e+02
2.559019988088834907e+02
2.596465610179961914e+02
2.635411868183496154e+02
2.675899379203769968e+02
2.717969788625623551e+02
2.761665770115428131e+02
2.807031025620403852e+02
2.854110285368960831e+02
2.902949307870812845e+02
2.953594879916636273e+02
3.006094816577956408e+02
3.060497961207829576e+02
1.895823104781470647e+02
1.896173481645064385e+02
1.897225114120033140e+02
1.898979507857461613e+02
1.901439172277378020e+02
1.904607620566480364e+02
1.908489369679955416e+02
1.913089940340569228e+02
1.918415857038553440e+02
1.924474648032401092e+02
1.931274845348070812e+02
1.938825984779100509e+02
1.947138605887175800e+02
1.956224252001675268e+02
1.966095470219670460e+02
1.976765811405812201e+02
1.988249830192899026e+02
2.000563084981195061e+02
2.013722137938657397e+02
2.027744555001504523e+02
2.042648905873193144e+02
2.058454764025100303e+02
2.075182706696637069e+02
2.092854314894452727e+02
2.111492173393457961e+02
2.131119870736142730e+02
2.151761999232803646e+02
2.173444154961202912e+02
2.196192937767364128e+02
2.220035951264776486e+02
2.245001802834508453e+02
2.271120103626003583e+02
2.298421468555943648e+02
2.326937516308817067e+02
2.356700869337146287e+02
2.387745153860919345e+02
2.420104999868158302e+02
2.453816041114578184e+02
2.488914915123473293e+02
2.525439263186058270e+02
2.563427730361354406e+02
2.602919965475962272e+02
2.643956621124516460e+02
2.686579353669230841e+02
2.730830823240125937e+02
2.776754693734801549e+02
2.824395632819232560e+02
2.873799311926404698e+02
2.925012406257337716e+02
2.978082594781085390e+02
1.842743819834481656e+02
1.843085346299631055e+02
1.844110415165232553e+02
1.845820494840495485e+02
1.848218032674481037e+02
1.851306454955647496e+02
1.855090166911850247e+02
1.859574552710796524e+02
1.864765975459931724e+02
1.870671777205870967e+02
1.877300278935081224e+02
1.884660780573426564e+02
1.892763560986168159e+02
1.901619877978760087e+02
1.911241968295712468e+02
1.921643047621046207e+02
1.932837310578747747e+02
1.944839930732200628e+02
1.957667060584185492e+02
1.971335831577334829e+02
1.985864354093678230e+02
2.001271717454642385e+02
2.017577989921846893e+02
2.034804218695740019e+02
2.052972429916849251e+02
2.072105628664985488e+02
2.092227798959811480e+02
2.113363903760273388e+02
2.135539884964828161e+02
2.158782663412011971e+02
2.183120138879530714e+02
2.208581190084714763e+02
2.235195674684291589e+02
2.262994429274954200e+02
2.292009269392906390e+02
2.322272989513407992e+02
2.353819363052139124e+02
2.386683142363381194e+02
2.420900058741949579e+02
2.456506822421374636e+02
2.493541122575379632e+02
2.532041627316971244e+02
2.572047983698780627e+02
2.613600817713063407e+02
2.656741734291585999e+02
2.701513317305511919e+02
2.747959129566083902e+02
2.796123712823600727e+02
2.846052587768099329e+02
2.897792254029468495e+02
1.791552311946702503e+02
1.791885067133762277e+02
1.792883809631689473e+02
1.794549970250500337e+02
1.796885933673934233e+02
1.799895038458771523e+02
1.803581577035402006e+02
1.807950795707597536e+02
1.813008894652625713e+02
1.818763027921022513e+02
1.825221303436819653e+02
1.832392782997430913e+02
1.840287482273879505e+02
1.848916370810229637e+02
1.858291372024154953e+02
1.868425363206938528e+02
1.879332175522904436e+02
1.891026594009872497e+02
1.903524357579613024e+02
1.916842159016368896e+02
1.930997644978674543e+02
1.946009415997991709e+02
1.961897026479164197e+02
1.978680984700872614e+02
1.996382752814611194e+02
2.015024746846052039e+02
2.034630336693453501e+02
2.055223846129024423e+02
2.076830552798128338e+02
2.099476688219965581e+02
2.123189437786436429e+02
2.147996940763619023e+02
2.173928290290518817e+02
2.201013533379637011e+02
2.229283670916970550e+02
2.258770657661898440e+02
2.289507402247181744e+02
2.321527767178963586e+02
2.354866568837223895e+02
2.389559577474528851e+02
2.425643517217508816e+02
2.463156066066176209e+02
2.502135855893584448e+02
2.542622472446623760e+02
2.584656455345225368e+02
2.628279298082929927e+02
2.673533448026887527e+02
2.720462306417289255e+02
2.769110228367935633e+02
2.819522522865781866e+02
1.741888273816130095e+02
1.742212425843263190e+02
1.743185346119162205e+02
1.744808427228008441e+02
1.747083990142527909e+02
1.750015284225241885e+02
1.753606487227671096e+02
1.757862705290790473e+02
1.762789972944460715e+02
1.768395253108110410e+02
1.774686437090281288e+02
1.781672344588741908e+02
1.789362723690373969e+02
1.797768250871854434e+02
1.806900530998291288e+02
1.816772097324474089e+02
1.827396411494646600e+02
1.838787863541824663e+02
1.850961771888592011e+02
1.863934383346759205e+02
1.877722873117022573e+02
1.892345344789532646e+02
1.907820830344121532e+02
1.924169290149166045e+02
1.941411612962838262e+02
1.959569615931854969e+02
1.978666044593069273e+02
1.998724572871992677e+02
2.019769803083249826e+02
2.041827265931260627e+02
2.064923420509330754e+02
2.089085654299992711e+02
2.114342283175233206e+02
2.140722551396038398e+02
2.168256631612621277e+02
2.196975624864762722e+02
2.226911560581243066e+02
2.258097396579955785e+02
2.290567019068362242e+02
2.324355242642923258e+02
2.359497810289440167e+02
2.396031393382713759e+02
2.433993591687340086e+02
2.473422933356687281e+02
2.514358874933463994e+02
2.556841801349605703e+02
2.600913025926274713e+02
2.646614790374201220e+02
2.693990264792773814e+02
2.743083547671290034e+02
1.693336489540342882e+02
1.693652313109964780e+02
1.694600234949234618e+02
1.696181608449137457e+02
1.698398689261807704e+02
1.701254635299619622e+02
1.704753506736096824e+02
1.708900266005230151e+02
1.713700777802159791e+02
1.719161809082152104e+02
1.725291029061850168e+02
1.732097009218364292e+02
1.739589223289385700e+02
1.747778047273754964e+02
1.756674759430779886e+02
1.766291540280576555e+02
1.776641472604069349e+02
1.787738541442763562e+02
1.799597634099086463e+02
1.812234540136273608e+02
1.825665951378141472e+02
1.839909461909314814e+02
1.854983568075112998e+02
1.870907668481777364e+02
1.887702063996130164e+02
1.905387957745801941e+02
1.923987455119231527e+02
1.943523563765438666e+02
1.964020193594478769e+02
1.985502156776988159e+02
2.007995167743956699e+02
2.031525843188092040e+02
2.056121702061886936e+02
2.081811165579097178e+02
2.108623557214059474e+02
2.136589102702032505e+02
2.165738930038742183e+02
2.196105069480950078e+02
2.227720453545998680e+02
2.260618917012038764e+02
2.294835196918029396e+02
2.330404932563396869e+02
2.367364665508716826e+02
2.405751839575032136e+02
2.445604800844307647e+02
2.486962797659202806e+02
2.529865980622844290e+02
2.574355402599735498e+02
2.620473018714505997e+02
2.668261686353048390e+02
1.645786582279924914e+02
1.646094373656865173e+02
1.647018185513275057e+02
1.648559331024330277e+02
1.650719998815816325e+02
1.653503252964242165e+02
1.656913032995930735e+02
1.660954153887701068e+02
1.665632306066754609e+02
1.670954055410561523e+02
1.676926843246860699e+02
1.683558986353887121e+02
1.690859676960030811e+02
1.698838982744518944e+02
1.707507846836051613e+02
1.716878087814279752e+02
1.726962399709123019e+02
1.737774352000656108e+02
1.749328389619449808e+02
1.761639832946229944e+02
1.774724877812218438e+02
1.788600595498792245e+02
1.803284932737938107e+02
1.818796711711797798e+02
1.835155630052668130e+02
1.852382260843569384e+02
1.870498052617676876e+02
1.889525329358207273e+02
1.909487290499441769e+02
1.930408010925134477e+02
1.952312440969876661e+02
1.975226406418642000e+02
1.999176608506445518e+02
2.024190623918684651e+02
2.050296904791366615e+02
2.077524778710653663e+02
2.105904448712749399e+02
2.135466993284921955e+02
2.166244366363798690e+02
2.198269397337412556e+02
2.231575791043155732e+02
2.266198127769257553e+02
2.302171863254443451e+02
2.339533328687252833e+02
2.378319730707062263e+02
2.418569151403175965e+02
2.460320548315394262e+02
2.503613754434013572e+02
2.548489478199371661e+02
2.594989303502416078e+02
1.599368780198460627e+02
1.599668789349948383e+02
1.600569240840059138e+02
1.602071406775166906e+02
1.604177407332940675e+02
1.606890210761548587e+02
1.610213633380567444e+02
1.614152339580527951e+02
1.618711841822801034e+02
1.623898500639597842e+02
1.629719524634651862e+02
1.636182970482195742e+02
1.643297742927416039e+02
1.651073594786907961e+02
1.659521126948106939e+02
1.668651788368947564e+02
1.678477876079114139e+02
1.689012535178903818e+02
1.700269758839453971e+02
1.712264388303083251e+02
1.725012112883177906e+02
1.738529469963964402e+02
1.752833845000623114e+02
1.767943471519402010e+02
1.783877431117730339e+02
1.800655653463536510e+02
1.818298916296157586e+02
1.836828845425884538e+02
1.856267914733734870e+02
1.876639446171907366e+02
1.897967609763668406e+02
1.920277423603124589e+02
1.943594753855336421e+02
1.967946314756432002e+02
1.993359668613493341e+02
2.019863225804783724e+02
2.047486244779292974e+02
2.076258832057078507e+02
2.106211942229151646e+02
2.137377377957704994e+02
2.169787789975657688e+02
2.203476677086996460e+02
2.238478386166889322e+02
2.274828112161117133e+02
2.312561898086983092e+02
2.351716635032175873e+02
2.392330062155906489e+02
2.434440766687885116e+02
2.478088183929116894e+02
2.523312597251560874e+02
1.554207597064987567e+02
1.554500024744470466e+02
1.555377717907845181e+02
1.556841906931367703e+02
1.558894642441714495e+02
1.561538795316664618e+02
1.564778056684417606e+02
1.568616937923707155e+02
1.573060770664483243e+02
1.578115706787116324e+02
1.583788718422738384e+02
1.590087597953242948e+02
1.597020958011171388e+02
1.604598231480053983e+02
1.612829671493614114e+02
1.621726351436791447e+02
1.631300164945287179e+02
1.641563825904995610e+02
1.652530868452913637e+02
1.664215646976799690e+02
1.676633336115060047e+02
1.689799930756748836e+02
1.703732246041795406e+02
1.718447917360549582e+02
1.733965400354577469e+02
1.750303970915751961e+02
1.767483725186707488e+02
1.785525579561067389e+02
1.804451270682875474e+02
1.824283355447278154e+02
1.845045210999614937e+02
1.866761034736327929e+02
1.889455844304620769e+02
1.913155477602117571e+02
1.937886592777431360e+02
1.963676668229936695e+02
1.990554002609428608e+02
2.018547714816577354e+02
2.047687744002928412e+02
2.078004849570561419e+02
2.109530611172317549e+02
2.142297428711799512e+02
2.176338522343485238e+02
2.211687932472159446e+02
2.248380519753823137e+02
2.286451965094784100e+02
2.325938769652225346e+02
2.366878254834432482e+02
2.409308562299543155e+02
2.453268653957252354e+02
1.510378536052030540e+02
1.510663539504321307e+02
1.511518945926127344e+02
1.512945943512818303e+02
1.514946512589062877e+02
1.517523425610420418e+02
1.520680247161749321e+02
1.524421333958684954e+02
1.528751834846389102e+02
1.533677690800118398e+02
1.539205634925451704e+02
1.545343192457721671e+02
1.552098680762583172e+02
1.559481209335444873e+02
1.567500679801923980e+02
1.576167785917732544e+02
1.585494013568563787e+02
1.595491640770205777e+02
1.606173737668200374e+02
1.617554166538752725e+02
1.629647581787708077e+02
1.642469429950779158e+02
1.656035949694114606e+02
1.670364171813730536e+02
1.685471919235624227e+02
1.701377807016115185e+02
1.718101242341390389e+02
1.735662424527390613e+02
1.754082345020606226e+02
1.773382787397395077e+02
1.793586327364096178e+02
1.814716332757143391e+02
1.836796963543065431e+02
1.859853171818258488e+02
1.883910701809327293e+02
1.908996089872857738e+02
1.935136664495757941e+02
1.962360546294348751e+02
1.990696648015841674e+02
2.020174674536633574e+02
2.050825122863898287e+02
2.082679282134336063e+02
2.115769233615196754e+02
2.150127850703029253e+02
2.185788798925273113e+02
2.222786535938894303e+02
2.261156311531067331e+02
2.300934167618947868e+02
2.342156938249786435e+02
2.384862249601042095e+02
1.467941383550737555e+02
1.468219077178787302e+02
1.469052539989775141e+02
1.470442917763989499e+02
1.472392120134827564e+02
1.474902820589363728e+02
1.477978456468235890e+02
1.481623228965077033e+02
1.485842103127424707e+02
1.490640807856152605e+02
1.496025835905356871e+02
1.502004443882583473e+02
1.508584652249055580e+02
1.515775245319446185e+02
1.523585771261537047e+02
1.532026542096900812e+02
1.541108633700332575e+02
1.550843885800190947e+02
1.561244901978056987e+02
1.572325049669302643e+02
1.584098460162294941e+02
1.596580028599419165e+02
1.609785413975941992e+02
1.623731039140693611e+02
1.638434090796295095e+02
1.653912519498362599e+02
1.670185039656416848e+02
1.687271129532859959e+02
1.705191031243884936e+02
1.723965750759020921e+02
1.743617057901474254e+02
1.764167486347332670e+02
1.785640333626929532e+02
1.808059661123138540e+02
1.831450294073079021e+02
1.855837821566638013e+02
1.881248596547607121e+02
1.907709735813000407e+02
1.935249120013395441e+02
1.963895393652819621e+02
1.993677965088409110e+02
2.024627006531204643e+02
2.056773454045469407e+02
2.090149007548689042e+02
2.124786130812253759e+02
2.160718051460548850e+02
2.197978760971864176e+02
2.236603014677257306e+02
2.276626331762031441e+02
2.318084995264257486e+02
1.426835489512086497e+02
1.427105990358654708e+02
1.427917860618094892e+02
1.429272203449500012e+02
1.431170857451093070e+02
1.433616396660340797e+02
1.436612130554408395e+02
1.440162104049477421e+02
1.444271097500973156e+02
1.448944626703905669e+02
1.454188942892528758e+02
1.460011032740339942e+02
1.466418618360080472e+02
1.473420157304190070e+02
1.481024842563783750e+02
1.489242602570016061e+02
1.498084101192716844e+02
1.507560737741414414e+02
1.517684646964994499e+02
1.528468699051586555e+02
1.539926499628222700e+02
1.552072389761974591e+02
1.564921445958702861e+02
1.578489480163852932e+02
1.592793039762113949e+02
1.607849407577418788e+02
1.623676601872944047e+02
1.640293376351564802e+02
1.657719220155058792e+02
1.675974357864902231e+02
1.695079749501360311e+02
1.715057090524624073e+02
1.735928811833900909e+02
1.757718079767414565e+02
1.780448796103428322e+02
1.804145598058880751e+02
1.828833858290408898e+02
1.854539684893779850e+02
1.881289921404004417e+02
1.909112146795678200e+02
1.938034675482640523e+02
1.968086557317747065e+02
1.999297577593665665e+02
2.031698257041853140e+02
2.065319851833692155e+02
2.100194353579354356e+02
2.136354489328482487e+02
2.173833721570190392e+02
2.212666248232721955e+02
2.252887002683792161e+02
1.386897514066845361e+02
1.387160979668180971e+02
1.387951729873122986e+02
1.389270824883624300e+02
1.391120031703053428e+02
1.393501824136308187e+02
1.396419382789417796e+02
1.399876595069827090e+02
1.403878055186623897e+02
1.408429064149686383e+02
1.413535629770990454e+02
1.419204466663131825e+02
1.425442996240690263e+02
1.432259346719092719e+02
1.439662353115636506e+02
1.447661557248693498e+02
1.456267207737823810e+02
1.465490260004344236e+02
1.475342376270873501e+02
1.485835925560877513e+02
1.496983983699806231e+02
1.508800333314297859e+02
1.521299463832178844e+02
1.534496571482804939e+02
1.548407559296947511e+02
1.563049037106566175e+02
1.578438321545036160e+02
1.594593436047148316e+02
1.611533110848995420e+02
1.629276782988085870e+02
1.647844596303343678e+02
1.667257401434881103e+02
1.687536755824339707e+02
1.708704923714662982e+02
1.730784876150096352e+02
1.753800290976414544e+02
1.777775552840580531e+02
1.802735753191086587e+02
1.828706690277499547e+02
1.855714869151142921e+02
1.883787501664414776e+02
1.912952506471242486e+02
1.943238509026514294e+02
1.974674841587443552e+02
2.007291543211294993e+02
2.041119359757772145e+02
2.076189743887539407e+02
2.112534855062335737e+02
2.150187559545884142e+02
2.189181430402868500e+02
1.347988094777178958e+02
1.348244714216718876e+02
1.349014911474000655e+02
1.350299703364896686e+02
1.352100784582489723e+02
1.354420527697243415e+02
1.357261983156604401e+02
1.360628879285627590e+02
1.364525622286294038e+02
1.368957296238136223e+02
1.373929663097555931e+02
1.379449162698506370e+02
1.385522912752094271e+02
1.392158708846750415e+02
1.399365024448115946e+02
1.407151010899042376e+02
1.415526497419364205e+02
1.424501991106694732e+02
1.434088676935516560e+02
1.444298417757863717e+02
1.455143754302525849e+02
1.466637905176298773e+02
1.478794766862392862e+02
1.491628913721910976e+02
1.505155597992711591e+02
1.519390749790318296e+02
1.534350977107237668e+02
1.550053565813300338e+02
1.566516479655774674e+02
1.583758360258798348e+02
1.601798527124174143e+02
1.620656977630574147e+02
1.640354387033994499e+02
1.660912108467982762e+02
1.682352172943069490e+02
1.704697289346995603e+02
1.727970844444826071e+02
1.752196902879177287e+02
1.777400207169307578e+02
1.803606177712254066e+02
1.830840912781809493e+02
1.859131188529659084e+02
1.888504458984243684e+02
1.918988856051328185e+02
1.950613189514001533e+02
1.983406947032563039e+02
2.017400294144749751e+02
2.052624074265168019e+02
2.089109808685861935e+02
2.126889696576427013e+02
1.310088147968770045e+02
1.310338104841605400e+02
1.311088299811615343e+02
1.312339705933652567e+02
1.314093944965520677e+02
1.316353287368315250e+02
1.319120652306366992e+02
1.322399607647014363e+02
1.326194369960887798e+02
1.330509804521682327e+02
1.335351425306271267e+02
1.340725394994819908e+02
1.346638524970501294e+02
1.353098275319780441e+02
1.360112754832073279e+02
1.367690721000315079e+02
1.375841580020278343e+02
1.384575386791084384e+02
1.393902844914919115e+02
1.403835306697146734e+02
1.414384773146480256e+02
1.425563893974640450e+02
1.437385967596355840e+02
1.449864941129703766e+02
1.463015410395996696e+02
1.476852619919668541e+02
1.491392462928047280e+02
1.506651481352150768e+02
1.522646865825777240e+02
1.539396455685846377e+02
1.556918738972626670e+02
1.575232852429508057e+02
1.594358581503229289e+02
1.614316360343082124e+02
1.635127271802389259e+02
1.656813047436912711e+02
1.679396067505990686e+02
1.702899360972082832e+02
1.727346605500542864e+02
1.752762127460073316e+02
1.779170901922725534e+02
1.806598552663444934e+02
1.835071352160298375e+02
1.864616221595042589e+02
1.895260730851759945e+02
1.927033098518450061e+02
1.959962191885779248e+02
1.994077526947990009e+02
2.029409268401991540e+02
2.065988229648496599e+02
1.273199591315460566e+02
1.273443055161862958e+02
1.274173756369975763e+02
1.275392623947425363e+02
1.277101206239763087e+02
1.279301670930863111e+02
1.281996805042922460e+02
1.285190014936517855e+02
1.288885326310321489e+02
1.293087384201271561e+02
1.297801452984685966e+02
1.303033416373921227e+02
1.308789777420997780e+02
1.315077658515747316e+02
1.321904801386494910e+02
1.329279567100002168e+02
1.337210936060955646e+02
1.345708508012478433e+02
1.354782502035959624e+02
1.364443756550940634e+02
1.374703729315569944e+02
1.385574497425636764e+02
1.397068757315878429e+02
1.409199824758843533e+02
1.421981634865460364e+02
1.435428742085036902e+02
1.449556320205033444e+02
1.464380162351176295e+02
1.479916680987457767e+02
1.496182907916249860e+02
1.513196494278076898e+02
1.530975710551501834e+02
1.549539446554035749e+02
1.568907211440659921e+02
1.589099133705076383e+02
1.610135961179253172e+02
1.632039061033196958e+02
1.654830419775294104e+02
1.678532643252310663e+02
1.703168956649051324e+02
1.728763204488927840e+02
1.755339850633163223e+02
1.782923978281473865e+02
1.811541289971955848e+02
1.841218107580857577e+02
1.871981372322579773e+02
1.903858644750130225e+02
1.936878104754327978e+02
1.971068551564485460e+02
2.006459403748408477e+02
1.237334161877697625e+02
1.237571285095725671e+02
1.238282949674157862e+02
1.239470040385185712e+02
1.241134031849469466e+02
1.243276988535853889e+02
1.245901564761481950e+02
1.249011004691681137e+02
1.252609142340020298e+02
1.256700401568309644e+02
1.261289796086657589e+02
1.266382929453300221e+02
1.271985995074828679e+02
1.278105776206189148e+02
1.284749645950228114e+02
1.291925567258317642e+02
1.299642092930014314e+02
1.307908365613059232e+02
1.316734117803491699e+02
1.326129671845535540e+02
1.336105939931712783e+02
1.346674424102843659e+02
1.357847216247819233e+02
1.369636998103942460e+02
1.382057041256757657e+02
1.395121207139823127e+02
1.408843947035165911e+02
1.423240302073054409e+02
1.438325903231998382e+02
1.454116971338521580e+02
1.470630317067730175e+02
1.487883340942744326e+02
1.505894033334925552e+02
1.524680974464104111e+02
1.544263334398124243e+02
1.564660873053071555e+02
1.585893940193500384e+02
1.607983475431979059e+02
1.630951008229430954e+02
1.654818657894907119e+02
1.679609133585813652e+02
1.705345734307798011e+02
1.732052348914749018e+02
1.759753456108796854e+02
1.788474124440313062e+02
1.818240012307796860e+02
1.849077367958102514e+02
1.881013029486439336e+02
1.914074424835916943e+02
1.948289571798341058e+02
1.202511594067118494e+02
1.202742508822382206e+02
1.203435533241133726e+02
1.204591507781572091e+02
1.206211833207760264e+02
1.208298470589056706e+02
1.210853941300683800e+02
1.213881327023102585e+02
1.217384269742694869e+02
1.221366971751024266e+02
1.225834195645632008e+02
1.230791264329297974e+02
1.236244061010552286e+02
1.242199029203561622e+02
1.248663172727731308e+02
1.255644055708387441e+02
1.263149802576265301e+02
1.271189098067679879e+02
1.279771187224582718e+02
1.288905875394391387e+02
1.298603528230103166e+02
1.308875071690522418e+02
1.319731992039578472e+02
1.331186335847291957e+02
1.343250709988751623e+02
1.355938281644853305e+02
1.369262778302299921e+02
1.383238487752805668e+02
1.397880258094119199e+02
1.413203497729455194e+02
1.429224175367608041e+02
1.445958820022610780e+02
1.463424521014758284e+02
1.481638927969015640e+02
1.500620250816723456e+02
1.520387259794460988e+02
1.540959285444273519e+02
1.562356218613899728e+02
1.584598510456658005e+02
1.607707172431446452e+02
1.631703776302742881e+02
1.656610454140491129e+02
1.682449898320101056e+02
1.709245361523016982e+02
1.737020656735808188e+02
1.765800157250851044e+02
1.795608796665874252e+02
1.826472068884299915e+02
1.858416028115243535e+02
1.891467288873172947e+02
1.168730868036220727e+02
1.168955692021029336e+02
1.169630429360836388e+02
1.170755876211387658e+02
1.172333359499134531e+02
1.174364736921063468e+02
1.176852396944752854e+02
1.179799258808202467e+02
1.183208772520117691e+02
1.187084918859738991e+02
1.191432209376785067e+02
1.196255686391737072e+02
1.201560922995440706e+02
1.207354023049390435e+02
1.213641621185672648e+02
1.220430882806795125e+02
1.227729504085971257e+02
1.235545711967006355e+02
1.243888264164127122e+02
1.252766449162265872e+02
1.262190086216776308e+02
1.272169525353660902e+02
1.282715647369457201e+02
1.293839863831408366e+02
1.305554117077008414e+02
1.317870880214741192e+02
1.330803157123000346e+02
1.344364482451737786e+02
1.358568921620303627e+02
1.373431070819719935e+02
1.388966057010748045e+02
1.405189537925025434e+02
1.422117702064838340e+02
1.439767268702894398e+02
1.458155487882436319e+02
1.477300140417469265e+02
1.497219537892419794e+02
1.517932522662249539e+02
1.539458467852682588e+02
1.561817277359523359e+02
1.585029385849793471e+02
1.609115758760594872e+02
1.634097892299905652e+02
1.659997813445784232e+02
1.686838079947619917e+02
1.714641780324654974e+02
1.743432533867007805e+02
1.773234490635445582e+02
1.804072331461043177e+02
1.835971267945524232e+02
1.135926827156936270e+02
1.136145687429518603e+02
1.136802518872514156e+02
1.137898073361725437e+02
1.139433604023508906e+02
1.141410865234604444e+02
1.143832112622419572e+02
1.146700103064915766e+02
1.150018094690437920e+02
1.153789846877884884e+02
1.158019620256766302e+02
1.162712176707088929e+02
1.167872779359356628e+02
1.173507192594627213e+02
1.179621682044398767e+02
1.186223014590837010e+02
1.193318458366491086e+02
1.200915782754634620e+02
1.209023258388810973e+02
1.217649657153231146e+02
1.226804252182660093e+02
1.236496817862189346e+02
1.246737629827805449e+02
1.257537464965707841e+02
1.268907601412763597e+02
1.280859818556109531e+02
1.293406397033891153e+02
1.306560118734296339e+02
1.320334266796294287e+02
1.334742625609464994e+02
1.349799480813658192e+02
1.365519619299334408e+02
1.381918329207678653e+02
1.399011399930145672e+02
1.416815122108687319e+02
1.435346287635979934e+02
1.454622189655196962e+02
1.474660622560008960e+02
1.495479881994469906e+02
1.517098764853358261e+02
1.539536569281835909e+02
1.562813094675789216e+02
1.586948641681487970e+02
1.611964012195471696e+02
1.637880509365231774e+02
1.664719937588756693e+02
1.692504602514190992e+02
1.721257311040517379e+02
1.751001371317215671e+02
1.781760592744262794e+02
1.104016269622434265e+02
1.104229307201762822e+02
1.104868655811287681e+02
1.105935023065740097e+02
1.107429588322759173e+02
1.109354002683232920e+02
1.111710388991070886e+02
1.114501341833317838e+02
1.117729927540210610e+02
1.121399684184893886e+02
1.125514621583704411e+02
1.130079221296170999e+02
1.135098436624730311e+02
1.140577692615067917e+02
1.146522886055890922e+02
1.152940385479041652e+02
1.159837031159440812e+02
1.167220135115201174e+02
1.175097481107343356e+02
1.183477324640080042e+02
1.192368392960815981e+02
1.201779885059977460e+02
1.211721471671012296e+02
1.222203295270674062e+02
1.233235970078510491e+02
1.244830582057375068e+02
1.256998688913256501e+02
1.269752320095165032e+02
1.283103976795246126e+02
1.297066631948609938e+02
1.311653730233615534e+02
1.326879188071757198e+02
1.342757393627380225e+02
1.359303206808249342e+02
1.376531959264980287e+02
1.394459454391267172e+02
1.413101967324337238e+02
1.432476244943927668e+02
1.452599505873195085e+02
1.473489440478260804e+02
1.495164210868779264e+02
1.517642450896573791e+02
1.540943266157569269e+02
1.565086233990427900e+02
1.590091403476435516e+02
1.615979295440752139e+02
1.642770902450934045e+02
1.670487688818298011e+02
1.699151590596784445e+02
1.728785015583639506e+02
1.072959349181871858e+02
1.073166706300298756e+02
1.073788998791542326e+02
1.074826890064059626e+02
1.076281485798233462e+02
1.078154333946770294e+02
1.080447424734643391e+02
1.083163190658922304e+02
1.086304506488772859e+02
1.089874689265855068e+02
1.093877498303754692e+02
1.098317135188494831e+02
1.103198243778024334e+02
1.108525910202729392e+02
1.114305662865035629e+02
1.120543472439749166e+02
1.127245751873601876e+02
1.134419356385706124e+02
1.142071583467497931e+02
1.150210172882339066e+02
1.158843306665914952e+02
1.167979609126177820e+02
1.177628146843176182e+02
1.187798428669111672e+02
1.198500405728623264e+02
1.209744471418275680e+02
1.221541461407014140e+02
1.233902653635880142e+02
1.246839768318238839e+02
1.260364967939494818e+02
1.274490857257319476e+02
1.289230483301594177e+02
1.304597335374410250e+02
1.320605345050125834e+02
1.337268886174911131e+02
1.354602774867885273e+02
1.372622269519752081e+02
1.391343070793368497e+02
1.410781321624313023e+02
1.430953607219748847e+02
1.451876955059788088e+02
1.473568834895786495e+02
1.496047158752276118e+02
1.519330280925146326e+02
1.543436997983008041e+02
1.568386548766852684e+02
1.594198614388915303e+02
1.620893318234834624e+02
1.648491225961493001e+02
1.677013345498608032e+02
1.042754257708281784e+02
1.042956066237252344e+02
1.043561698266842086e+02
1.044571773125710479e+02
1.045987323027986804e+02
1.047809793073440687e+02
1.050041041247709472e+02
1.052683338421900316e+02
1.055739368352931251e+02
1.059212227683360652e+02
1.063105425941330395e+02
1.067422885540793231e+02
1.072168941781285412e+02
1.077348342848040375e+02
1.082966249811988746e+02
1.089028236629587809e+02
1.095540290143162565e+02
1.102508810080678359e+02
1.109940609055627192e+02
1.117842912567368785e+02
1.126223359000675828e+02
1.135089999626359258e+02
1.144451298600586142e+02
1.154316132965277575e+02
1.164693792648108683e+02
1.175593980462394939e+02
1.187026812106978468e+02
1.199002816166625962e+02
1.211532934111630766e+02
1.224628520297926570e+02
1.238301341967087410e+02
1.252563579246611880e+02
1.267427825149411547e+02
1.282907085574152006e+02
1.299014779305366574e+02
1.315764738012717316e+02
1.333171206252018237e+02
1.351248841464894213e+02
1.370012713977985186e+02
1.389478307004083035e+02
1.409661516641904200e+02
1.430578651875066498e+02
1.452246434573339684e+02
1.474681999492418072e+02
1.497902894273124730e+02
1.521927079442207287e+02
1.546772928412110559e+02
1.572459227480862864e+02
1.599005175832417081e+02
1.626430385535854839e+02
1.013396079330902921e+02
1.013592460827339892e+02
1.014181797132039264e+02
1.015164663692019076e+02
1.016542019585529033e+02
1.018315207522050514e+02
1.020485953842296567e+02
1.023056368518382442e+02
1.026028945153655059e+02
1.029406560982749852e+02
1.033192476871533927e+02
1.037390337317276590e+02
1.042004170448365130e+02
1.047038388024589040e+02
1.052497785437083166e+02
1.058387541708043500e+02
1.064713219491181917e+02
1.071480765071385122e+02
1.078696508364828333e+02
1.086367162918975282e+02
1.094499825912578217e+02
1.103101978155621055e+02
1.112181484089489913e+02
1.121746591786802583e+02
1.131805932951465365e+02
1.142368522918502549e+02
1.153443760654511152e+02
1.165041428757092490e+02
1.177171693455477453e+02
1.189845104609787541e+02
1.203072595711660142e+02
1.216865483883964316e+02
1.231235469881028166e+02
1.246194638088013562e+02
1.261755456521655105e+02
1.277930776830316972e+02
1.294733834292856045e+02
1.312178247820270371e+02
1.330278019953993862e+02
1.349047536867374220e+02
1.368501568364990817e+02
1.388655267882313638e+02
1.409524172486499083e+02
1.431124202875707851e+02
1.453471663379445999e+02
1.476583241958906001e+02
1.500476010205716193e+02
1.525167423343759765e+02
1.550675320227355769e+02
1.577017923342850736e+02
9.848723174678752912e+01
9.850633877529730853e+01
9.856367758811188651e+01
9.865930136712677267e+01
9.879329874881364049e+01
9.896579382423169591e+01
9.917694613903336176e+01
9.942695069346427772e+01
9.971603794234624729e+01
1.000444737951113439e+02
1.004125596157678046e+02
1.008206322229113994e+02
1.012690638897367990e+02
1.017582623440148382e+02
1.022886707681209373e+02
1.028607677990123648e+02
1.034750675282225529e+02
1.041321195019065726e+02
1.048325087207842898e+02
1.055768556401687874e+02
1.063658161699606808e+02
1.072000816746538021e+02
1.080803789733465692e+02
1.090074703396965106e+02
1.099821535019771090e+02
1.110052616430323269e+02
1.120776634003050276e+02
1.132002628658312915e+02
1.143739995862176784e+02
1.155998485626923866e+02
1.168788202510427254e+02
1.182119605616662739e+02
1.196003508595310905e+02
1.210451079642098193e+02
1.225473841498569527e+02
1.241083671452201997e+02
1.257292801336348020e+02
1.274113817530292181e+02
1.291559660959251232e+02
1.309643627094033036e+02
1.328379365951832369e+02
1.347780882095321431e+02
1.367862534633218274e+02
1.388639037220286809e+02
1.410125458056995740e+02
1.432337219889632252e+02
1.455290100010643073e+02
1.479000230258066040e+02
1.503484097016098531e+02
1.528758541214756406e+02
9.571653507583732789e+01
9.573512203378413687e+01
9.579089919092211858e+01
9.588391539716667467e+01
9.601425206902263199e+01
9.618202318960697994e+01
9.638737530863750180e+01
9.663048754243277472e+01
9.691157157393490706e+01
9.723087165265269505e+01
9.758866459473551913e+01
9.798525978292786931e+01
9.842099916656366076e+01
9.889625726159465557e+01
9.941144115056204100e+01
9.996699048264758858e+01
1.005633774735883890e+02
1.012011069057621171e+02
1.018807161281358731e+02
1.026027750562775509e+02
1.033678861723615228e+02
1.041766845251856921e+02
1.050298377301203345e+02
1.059280459691592569e+02
1.068720419908970598e+02
1.078625911105405066e+02
1.089004912098801015e+02
1.099865727373241953e+02
1.111216987078876173e+02
1.123067647031916749e+02
1.135426988714414165e+02
1.148304619274654215e+02
1.161710471526873789e+02
1.175654803951545091e+02
1.190148200694920888e+02
1.205201571569318730e+02
1.220826152053291480e+02
1.237033503291399938e+02
1.253835512093928628e+02
1.271244390937681601e+02
1.289272677965186631e+02
1.307933236985036274e+02
1.327239257471887868e+02
1.347204254566690906e+02
1.367842069076118605e+02
1.389166867472908962e+02
1.411193141895978442e+02
1.433935710150194609e+02
1.457409715706603492e+02
1.481630627702088532e+02
9.302495172490807818e+01
9.304302933893495720e+01
9.309727703272301369e+01
9.318773936137745295e+01
9.331449058342400349e+01
9.347763466076912664e+01
9.367730525876254433e+01
9.391366574612334261e+01
9.418690919499681513e+01
9.449725838093172570e+01
9.484496578288599267e+01
9.523031358321532025e+01
9.565361366769025153e+01
9.611520762548479979e+01
9.661546674917076416e+01
9.715479203475752001e+01
9.773361418160675385e+01
9.835239359254615010e+01
9.901162037376138869e+01
9.971181433487572576e+01
1.004535249888988346e+02
1.012373315522722805e+02
1.020638429448069928e+02
1.029336977897628458e+02
1.038475644137577092e+02
1.048061408468697664e+02
1.058101548225351962e+02
1.068603637776277537e+02
1.079575548524189799e+02
1.091025448905782014e+02
1.102961804391952683e+02
1.115393377487521320e+02
1.128329227731512674e+02
1.141778711696929349e+02
1.155751482990865497e+02
1.170257492254393128e+02
1.185306987162789483e+02
1.200910512425366505e+02
1.217078909785300311e+02
1.233823318020313309e+02
1.251155172941594174e+02
1.269086207394821031e+02
1.287628451259479334e+02
1.306794231449316612e+02
1.326596171912001410e+02
1.347047193629464346e+02
1.368160514617329682e+02
1.389949649925711128e+02
1.412428411638529724e+02
1.435610908873741209e+02
9.040909399709562422e+01
9.042667285567631552e+01
9.047942286632633113e+01
9.056738433374107444e+01
9.069062443244888527e+01
9.084923720675419645e+01
9.104334357077732420e+01
9.127309130844309948e+01
9.153865507348655228e+01
9.184023638943585865e+01
9.217806364963507804e+01
9.255239211722710024e+01
9.296350392515364547e+01
9.341170807617231731e+01
9.389734044283386538e+01
9.442076376751060707e+01
9.498236766235663708e+01
9.558256860934761789e+01
9.622180996025804234e+01
9.690056193666691797e+01
9.761932162995776707e+01
9.837861300132431097e+01
9.917898688174773270e+01
1.000210209720364674e+02
1.009053198427920961e+02
1.018325149344093461e+02
1.028032645571158810e+02
1.038182538909211416e+02
1.048781949856390838e+02
1.059838267608995466e+02
1.071359150061368837e+02
1.083352523805785950e+02
1.095826584132566950e+02
1.108789795030247660e+02
1.122250889185295364e+02
1.136218867982222491e+02
1.150703001503586620e+02
1.165712828530047318e+02
1.181258156540081927e+02
1.197349061710497153e+02
1.213995888916201693e+02
1.231209251729751486e+02
1.249000032422259210e+02
1.267379381962200569e+02
1.286358720016778534e+02
1.305949734951013852e+02
1.326164383827745041e+02
1.347014892408196829e+02
1.368513755151298028e+02
1.390673735214477347e+02
8.786565458015616059e+01
8.788274510010865015e+01
8.793402869501392161e+01
8.801954146996990858e+01
8.813934360019288761e+01
8.829351933093221305e+01
8.848217697754421351e+01
8.870544892545240145e+01
8.896349163015315753e+01
8.925648561723278362e+01
8.958463548232771245e+01
8.994816989119271966e+01
9.034734157962134304e+01
9.078242735350272596e+01
9.125372808879887998e+01
9.176156873155605354e+01
9.230629829788767893e+01
9.288828987398005665e+01
9.350794061610940844e+01
9.416567175062482420e+01
9.486192857395394640e+01
9.559718045259160135e+01
9.637192082312253660e+01
9.718666719219868355e+01
9.804196113655621048e+01
9.893836830300983820e+01
9.987647840843010272e+01
1.008569052397945143e+02
1.018802866541363983e+02
1.029472845785846857e+02
1.040585850103298071e+02
1.052148980166350611e+02
1.064169577348593521e+02
1.076655223724287680e+02
1.089613742068365809e+02
1.103053195856716684e+02
1.116981889265957761e+02
1.131408367173321494e+02
1.146341415156939547e+02
1.161790059495729110e+02
1.177763567169449743e+02
1.194271445858362313e+02
1.211323443943570055e+02
1.228929550507245949e+02
1.247099995332064282e+02
1.265845248901655395e+02
1.285176022400037255e+02
1.305103267712297566e+02
1.325638177424366404e+02
1.346792184822788840e+02
8.539306728929432211e+01
8.540967969854591502e+01
8.545952757922918863e+01
8.554264289007846855e+01
8.565907889566801714e+01
8.580891016640066482e+01
8.599223257850212576e+01
8.620916331404373523e+01
8.645984086090834353e+01
8.674442501280736906e+01
8.706309686929785130e+01
8.741605883574834479e+01
8.780353462337302517e+01
8.822576924919189878e+01
8.868302903608764609e+01
8.917560161273740960e+01
8.970379591366395289e+01
9.026794217922429198e+01
9.086839195559264226e+01
9.150551809478315590e+01
9.217971475462718445e+01
9.289139739879601620e+01
9.364100279678382321e+01
9.442898902391902993e+01
9.525583546134726021e+01
9.612204279605975898e+01
9.702813302085928626e+01
9.797464943440559182e+01
9.896215664114720312e+01
9.999124055138963740e+01
1.010625083812726643e+02
1.021765886527361999e+02
1.033341311935828344e+02
1.045358071374209885e+02
1.057823089236933356e+02
1.070743502976711170e+02
1.084126663104655108e+02
1.097980133190048946e+02
1.112311689860518982e+02
1.127129322801863509e+02
1.142441234758393875e+02
1.158255841532536579e+02
1.174581771985117484e+02
1.191427868035134452e+02
1.208803184660041552e+02
1.226716989895294319e+02
1.245178764835031870e+02
1.264198203631167416e+02
1.283785213494525124e+02
1.303949914694044310e+02
8.298987348098307848e+01
8.300601777216911614e+01
8.305445993479452227e+01
8.313522783603275457e+01
8.324836792117480400e+01
8.339394521362351043e+01
8.357204331492198435e+01
8.378276440469107911e+01
8.402622924070328736e+01
8.430257715883726632e+01
8.461196607307783779e+01
8.495457247553872548e+01
8.533059143644550204e+01
8.574023660413558900e+01
8.618374020508667854e+01
8.666135304385989002e+01
8.717334450315661343e+01
8.772000254378440331e+01
8.830163370467403183e+01
8.891856310287380438e+01
8.957113443353250659e+01
9.025970996993919471e+01
9.098467056348340520e+01
9.174641564368357649e+01
9.254536321815862721e+01
9.338194987266206226e+01
9.425663077105923549e+01
9.516987965531598093e+01
9.612218884553840326e+01
9.711406923993877172e+01
9.814605031484688880e+01
9.921868012471009024e+01
1.003325253020818764e+02
1.014881710576560181e+02
1.026862211802210822e+02
1.039272980367002219e+02
1.052120425721170704e+02
1.065411143096127944e+02
1.079151913504688309e+02
1.093349703740443601e+02
1.108011666378558857e+02
1.123145139775147072e+02
1.138757648067496575e+02
1.154856901174071027e+02
1.171450794794509420e+02
1.188547410409796612e+02
1.206155015281638043e+02
1.224282062453426079e+02
1.242937190749557885e+02
1.262129224775208058e+02
8.065441935287367414e+01
8.067010525381306252e+01
8.071717090133461170e+01
8.079564012955415819e+01
8.090555266198293793e+01
8.104696411154463931e+01
8.121994598056971881e+01
8.142458566080676974e+01
8.166098643339410046e+01
8.192926746888815615e+01
8.222956382724078139e+01
8.256202645782764193e+01
8.292682219941980293e+01
8.332413378019509764e+01
8.375415981774949614e+01
8.421711481907436792e+01
8.471322918056216622e+01
8.524274918803484979e+01
8.580593701669840812e+01
8.640307073118265180e+01
8.703444428552415957e+01
8.770036752314354089e+01
8.840116617689659506e+01
8.913718186903452079e+01
8.990877211120391621e+01
9.071631030448088495e+01
9.156018573933693006e+01
9.244080359565600702e+01
9.335858494271747077e+01
9.431396673921312868e+01
9.530740183324724057e+01
9.633935896232515006e+01
9.741032275336465318e+01
9.852079372268462976e+01
9.967128827601641206e+01
1.008623387084924161e+02
1.020944932046575104e+02
1.033683158384576473e+02
1.046843865732569157e+02
1.060433012618148041e+02
1.074456716463032535e+02
1.088921253582952886e+02
1.103833059187820709e+02
1.119198727381501612e+02
1.135025011162099418e+02
1.151318822421671939e+02
1.168087231946060456e+02
1.185337469415799205e+02
1.203076923404978515e+02
1.221313141382097456e+02
7.838482324966093984e+01
7.840006018865892656e+01
7.844577762741664628e+01
7.852199543126516801e+01
7.862874670905739549e+01
7.876607781321922630e+01
7.893404833971544576e+01
7.913273112803267395e+01
7.936221226124757777e+01
7.962259106594160585e+01
7.991398011228625364e+01
8.023650521395211399e+01
8.059030542818845788e+01
8.097553305579481275e+01
8.139235364109254078e+01
8.184094597197599796e+01
8.232150207986137502e+01
8.283422723973217217e+01
8.337933997011077736e+01
8.395707203305846633e+01
8.456766843419813995e+01
8.521138742269158683e+01
8.588850049125653641e+01
8.659929237613255282e+01
8.734406105713787838e+01
8.812311775761259014e+01
8.893678694445270594e+01
8.978540632811018440e+01
9.066932686257587193e+01
9.158891274538518701e+01
9.254454141761812025e+01
9.353660356390491870e+01
9.456550311243177021e+01
9.563165723491238168e+01
9.673549634662776953e+01
9.787746410639215355e+01
9.905801741656432569e+01
1.002776264230703873e+02
1.015367745153525902e+02
1.028359583264375487e+02
1.041756877328566588e+02
1.055564858547199947e+02
1.069788890556708338e+02
1.084434469428970260e+02
1.099507223671480460e+02
1.115012914227065721e+02
1.130957434473998546e+02
1.147346810226167690e+02
1.164187199732850786e+02
1.181484893678543813e+02
7.617896689529288778e+01
7.619376396169741383e+01
7.623816048326830241e+01
7.631217242704337878e+01
7.641582640474666732e+01
7.654915967280544464e+01
7.671222013232181780e+01
7.690506632910683038e+01
7.712776745366909381e+01
7.738040334118068131e+01
7.766306447152260262e+01
7.797585196927343532e+01
7.831887760369795615e+01
7.869226378874145666e+01
7.909614358306384929e+01
7.953066068999419258e+01
7.999596945757048161e+01
8.049223487851691061e+01
8.101963259023818864e+01
8.157834887484227693e+01
8.216858065914038889e+01
8.279053551460719973e+01
8.344443165742632118e+01
8.413049794847893281e+01
8.484897389332104467e+01
8.560010964221760332e+01
8.638416599011407015e+01
8.720141437664779005e+01
8.805213688615936007e+01
8.893662624766420777e+01
8.985518583488101285e+01
9.080812966622033855e+01
9.179578240477894724e+01
9.281847935834548480e+01
9.387656647940616494e+01
9.497040036513340056e+01
9.610034825740285669e+01
9.726678804275934453e+01
9.847010825245661181e+01
9.971070806244028972e+01
1.009889972933422086e+02
1.023053964104917668e+02
1.036603365238988772e+02
1.050542593882823894e+02
1.064876174030359834e+02
1.079608736122452228e+02
1.094745017047046076e+02
1.110289860139005214e+02
1.126248215179771250e+02
1.142625138398102536e+02
7.403489883658949111e+01
7.404926479847517840e+01
7.409236673286727637e+01
7.416421678595384037e+01
7.426483520138162930e+01
7.439425032025042128e+01
7.455249858113575101e+01
7.473962452005480372e+01
7.495568077048915256e+01
7.520072806338475857e+01
7.547483522713491766e+01
7.577807918760299799e+01
7.611054496810538694e+01
7.647232568942285980e+01
7.686352256978921105e+01
7.728424492489693876e+01
7.773461016789156020e+01
7.821474380939434923e+01
7.872477945747959893e+01
7.926485881766893726e+01
7.983513169295406442e+01
8.043575598377969982e+01
8.106689768805495078e+01
8.172873090114762817e+01
8.242143781586719342e+01
8.314520872251023320e+01
8.390024200882635341e+01
8.468674415999544181e+01
8.550492975868451140e+01
8.635502148500791009e+01
8.723725011655005801e+01
8.815185452834271018e+01
8.909908169288769386e+01
9.007918668012280250e+01
9.109243265747295482e+01
9.213909088980472006e+01
9.321944073944337106e+01
9.433376966618993720e+01
9.548237322727572973e+01
9.666555507741918518e+01
9.788362696878039060e+01
9.913690875098950528e+01
1.004257283711183391e+02
1.017504218737201427e+02
1.031113334007841331e+02
1.045088151917809682e+02
1.059432275836172721e+02
1.074149390106754254e+02
1.089243260047965123e+02
1.104717731952746362e+02
7.195045315702373045e+01
7.196439642189034203e+01
7.200622901979158996e+01
7.207595936071129472e+01
7.217360146127589360e+01
7.229917494476580941e+01
7.245270504111545051e+01
7.263422258689047339e+01
7.284376402533325745e+01
7.308137140631743023e+01
7.334709238638765783e+01
7.364098022871985449e+01
7.396309380314392001e+01
7.431349758614942402e+01
7.469226166086855301e+01
7.509946171710453200e+01
7.553517905126909682e+01
7.599950056647344354e+01
7.649251877244864772e+01
7.701433178557977044e+01
7.756504332891722697e+01
7.814476273214836510e+01
7.875360493162588682e+01
7.939169047032805793e+01
8.005914549790986712e+01
8.075610177066323558e+01
8.148269665154543873e+01
8.223907311013931576e+01
8.302537972269874444e+01
8.384177067212590373e+01
8.468840574796558940e+01
8.556545034642795144e+01
8.647307547036007236e+01
8.741145772927438884e+01
8.838077933930321706e+01
8.938122812326696476e+01
9.041299751061728784e+01
9.147628653745982774e+01
9.257129984655989574e+01
9.369824768731405129e+01
9.485734591578989239e+01
9.604881599469763387e+01
9.727288499339010741e+01
9.852978558788549890e+01
9.981975606085597974e+01
1.011430403015936008e+02
1.024998878060785046e+02
1.038905536769220816e+02
1.053152986233953925e+02
1.067743889614064301e+02
6.992412257462774505e+01
6.993765123700654840e+01
6.997823881166027604e+01
7.004589006112382776e+01
7.014061292293831684e+01
7.026241850970791347e+01
7.041132110901457963e+01
7.058733818350333422e+01
7.079049037081404094e+01
7.102080148362688305e+01
7.127829850962825731e+01
7.156301161153919566e+01
7.187497412710399658e+01
7.221422256908454074e+01
7.258079662527165965e+01
7.297473915847945136e+01
7.339609620653391175e+01
7.384491698229567191e+01
7.432125387364862945e+01
7.482516244348289547e+01
7.535670142974026930e+01
7.591593274536307945e+01
7.650292147831692091e+01
7.711773589160202391e+01
7.776044742324756953e+01
7.843113068627758366e+01
7.912986346876209609e+01
7.985672673378871878e+01
8.061180461946264586e+01
8.139518443892939104e+01
8.220695668033499715e+01
8.304721500686582658e+01
8.391605625672013957e+01
8.481358044311377853e+01
8.573989075431427409e+01
8.669509355357831737e+01
8.767929837920860336e+01
8.869261794450835623e+01
8.973516813783817270e+01
9.080706802254780996e+01
9.190843983702734477e+01
9.303940899469012038e+01
9.420010408396137791e+01
9.539065686830099366e+01
9.661120228619211048e+01
9.786187845112408468e+01
9.914282665163227648e+01
1.004541913512525753e+02
1.017961201885725586e+02
1.031687639771746490e+02
6.795504882606451247e+01
6.796817071249279252e+01
6.800753677338775560e+01
6.807314821363661395e+01
6.816500704133545696e+01
6.828311606787451638e+01
6.842747890785858544e+01
6.859809997915249369e+01
6.879498450285836952e+01
6.901813850334974632e+01
6.926756880822608764e+01
6.954328304832984031e+01
6.984528965778054044e+01
7.017359787391796999e+01
7.052821773733626287e+01
7.090916009188390490e+01
7.131643658465804947e+01
7.175005966599314888e+01
7.221004258947800736e+01
7.269639941195009669e+01
7.320914499348987192e+01
7.374829499743214001e+01
7.431386589035469115e+01
7.490587494208398311e+01
7.552434022569514127e+01
7.616928061750627421e+01
7.684071579710121114e+01
7.753866624727834278e+01
7.826315325411314916e+01
7.901419890692409354e+01
7.979182609826693806e+01
8.059605852394611247e+01
8.142692068303176711e+01
8.228443787781429819e+01
8.316863621384982252e+01
8.407954259994312451e+01
8.501718474813628745e+01
8.598159117372574656e+01
8.697279119525660462e+01
8.799081493451694769e+01
8.903569331655489805e+01
9.010745806964450821e+01
9.120614172533123565e+01
9.233177761838078368e+01
9.348439988684162927e+01
9.466404347198249525e+01
9.587074411832645637e+01
9.710453837365093932e+01
9.836546358897066966e+01
9.965355791856609358e+01
6.604204559657205209e+01
6.605476825324103629e+01
6.609293546952699216e+01
6.615654498418734875e+01
6.624559302850343556e+01
6.636007432626911395e+01
6.649998209379077707e+01
6.666530803988734988e+01
6.685604236589028915e+01
6.707217376563789912e+01
6.731368942549238454e+01
6.758057502431711328e+01
6.787281473349366934e+01
6.819039121691616856e+01
6.853328563098557424e+01
6.890147762462106584e+01
6.929494533925435462e+01
6.971366540882399931e+01
7.015761295979814349e+01
7.062676161111767215e+01
7.112108347428716115e+01
7.164054915328961215e+01
7.218512774462624293e+01
7.275478683731648744e+01
7.334949251288094274e+01
7.396920934537547510e+01
7.461390040135142954e+01
7.528352723986699857e+01
7.597804991250427520e+01
7.669742696336356858e+01
7.744161542903498230e+01
7.821057083863820480e+01
7.900424721379977200e+01
7.982259706867012028e+01
8.066557140989516483e+01
8.153311973663903700e+01
8.242519004058408427e+01
8.334172880591950161e+01
8.428268100934133145e+01
8.524799012007520105e+01
8.623759809984790081e+01
8.725144540288738426e+01
8.828947097596255844e+01
8.935161225832644050e+01
9.043780518176163241e+01
9.154798417055189930e+01
9.268208214150490676e+01
9.384003050393516787e+01
9.502175915966972752e+01
9.622719650304247807e+01
6.418330095910960154e+01
6.419563174359268487e+01
6.423262222037351421e+01
6.429426675946956493e+01
6.438055597758989279e+01
6.449147673810671222e+01
6.462701215107813368e+01
6.478714157323679501e+01
6.497184060801259875e+01
6.518108110548155310e+01
6.541483116243398399e+01
6.567305512232337605e+01
6.595571357528910994e+01
6.626276335812804064e+01
6.659415755434565654e+01
6.694984549411060470e+01
6.732977275428311259e+01
6.773388115838656631e+01
6.816210877663593237e+01
6.861438992592070463e+01
6.909065516981058863e+01
6.959083131856118598e+01
7.011484142909125694e+01
7.066260480502251085e+01
7.123403699663413136e+01
7.182904980089119817e+01
7.244755126145037138e+01
7.308944566863146974e+01
7.375463355944020805e+01
7.444301171757388147e+01
7.515447317338157518e+01
7.588890720391532341e+01
7.664619933289600340e+01
7.742623133073038844e+01
7.822888121450546350e+01
7.905402324797705660e+01
7.990152794159257610e+01
8.077126205246258905e+01
8.166308858440061158e+01
8.257686678787194978e+01
8.351245216006191185e+01
8.446969644478485861e+01
8.544844763256946862e+01
8.644854996060757912e+01
8.746984391279397641e+01
8.851216621966955245e+01
8.957534985847814824e+01
9.065922405313244781e+01
9.176361427423103123e+01
9.288834223904132159e+01
6.237660767712895904e+01
6.238855374829768152e+01
6.242438899695912369e+01
6.248410452863595310e+01
6.256768551916707111e+01
6.267511121473603453e+01
6.280635493186537133e+01
6.296138405741658062e+01
6.314016004857307962e+01
6.334263843288567841e+01
6.356876880822710518e+01
6.381849484280905926e+01
6.409175427517652679e+01
6.438847891422483372e+01
6.470859463916553977e+01
6.505202139958328189e+01
6.541867321536756208e+01
6.580845817676390652e+01
6.622127844435112820e+01
6.665703024904132690e+01
6.711560389209125788e+01
6.759688374509664754e+01
6.810074824998650911e+01
6.862706991903451126e+01
6.917571533484192514e+01
6.974654515036604607e+01
7.033941408887471880e+01
7.095417094399749658e+01
7.159065857969153512e+01
7.224871393025864563e+01
7.292816800033392610e+01
7.362884586489144567e+01
7.435056666923856028e+01
7.509314362903296569e+01
7.585638403025996013e+01
7.664008922924949729e+01
7.744405465265913335e+01
7.826806979749676429e+01
7.911191823110357291e+01
7.997537759115402878e+01
8.085821958567294132e+01
8.176020999301272241e+01
8.268110866185907071e+01
8.362066951125370906e+01
8.457864053056596276e+01
8.555476377949844391e+01
8.654877538809273574e+01
8.756040555674076131e+01
8.858937855616204615e+01
8.963541272742077126e+01
6.062020557826599543e+01
6.063177389176530596e+01
6.066647481568452349e+01
6.072429630029319014e+01
6.080521826270341990e+01
6.090921258686989859e+01
6.103624312358988391e+01
6.118626569050888975e+01
6.135922807212637053e+01
6.155507001976161519e+01
6.177372325160490618e+01
6.201511145268341352e+01
6.227915027484982602e+01
6.256574733683351042e+01
6.287480222418366793e+01
6.320620648930912466e+01
6.355984365144422554e+01
6.393558919668862472e+01
6.433331057797317953e+01
6.475286721509405652e+01
6.519411049466157237e+01
6.565688377013998434e+01
6.614102236186454320e+01
6.664635355697328123e+01
6.717269660948090859e+01
6.771986274023902297e+01
6.828765513692474087e+01
6.887586895409185672e+01
6.948429131311399942e+01
7.011270130222442276e+01
7.076086997649326804e+01
7.142856035782756408e+01
7.211552743498828022e+01
7.282151816359032637e+01
7.354627146608549992e+01
7.428951823175111713e+01
7.505098131674117212e+01
7.583037554403517788e+01
7.662740770345521923e+01
7.744177655168300589e+01
7.827317281222576639e+01
7.912127917545603850e+01
7.998577029857187881e+01
8.086631280563665314e+01
8.176256528753356179e+01
8.267417830200542994e+01
8.360079437363197030e+01
8.454204799385820479e+01
8.549756562094330548e+01
8.646696568001743799e+01
5.891280042164908082e+01
5.892399772409930847e+01
5.895758460056867989e+01
5.901354595844168216e+01
5.909185664332312626e+01
5.919248143909499049e+01
5.931537506786526137e+01
5.946048218999635537e+01
5.962773740411648760e+01
5.981706524706282835e+01
6.002838019396108393e+01
6.026158665816296889e+01
6.051657899128031204e+01
6.079324148315095044e+01
6.109144836189557282e+01
6.141106379384950742e+01
6.175194188361388115e+01
6.211392667403288215e+01
6.249685214620512852e+01
6.290054221946661528e+01
6.332481075140776738e+01
6.376946153787343974e+01
6.423428831294586416e+01
6.471907474895033374e+01
6.522359445648362453e+01
6.574761098436852080e+01
6.629087781968223680e+01
6.685313838775641671e+01
6.743412605216008160e+01
6.803356411472236687e+01
6.865116581550978481e+01
6.928663433283759332e+01
6.993966278328116459e+01
7.060993422164756339e+01
7.129712164100965310e+01
7.200088797267767404e+01
7.272088608619924344e+01
7.345675878939346148e+01
7.420813882831112096e+01
7.497464888726312893e+01
7.575590158878640068e+01
7.655149949368933449e+01
7.736103510102338987e+01
7.818409084808877196e+01
7.902023911041737847e+01
7.986904220180690572e+01
8.073005237430379566e+01
8.160281181818049845e+01
8.248685266199800026e+01
8.338169697251487378e+01
5.725303206147600577e+01
5.726386486371666251e+01
5.729635726365245318e+01
5.735049124094189210e+01
5.742623676168818747e+01
5.752355177841650402e+01
5.764238223011375339e+01
5.778266204217175073e+01
5.794431312645542675e+01
5.812724538125735307e+01
5.833135669128637346e+01
5.855653292771876295e+01
5.880264794815843743e+01
5.906956359664832235e+01
5.935712970366466834e+01
5.966518408613978863e+01
5.999355254741658428e+01
6.034204887729970324e+01
6.071047485201575000e+01
6.109862023424739164e+01
6.150626277310493606e+01
6.193316820413770074e+01
6.237909024932832835e+01
6.284377061710983980e+01
6.332693900234858120e+01
6.382831308635559253e+01
6.434759853685250164e+01
6.488448900803973629e+01
6.543866614053399644e+01
6.600979956139099158e+01
6.659754688409975643e+01
6.720155370860538824e+01
6.782145362128062516e+01
6.845686819493153052e+01
6.910740698881454591e+01
6.977266754861375375e+01
7.045223540646361471e+01
7.114568408092054597e+01
7.185257507699702728e+01
7.257245788613317927e+01
7.330486998621381645e+01
7.404933684155139417e+01
7.480537190290874605e+01
7.557247660748203089e+01
7.635014037890641703e+01
7.713784062725608237e+01
7.793504274903853002e+01
7.874120012721732564e+01
7.955575413117230710e+01
8.037813411672800612e+01
5.564000857917221765e+01
5.565048317843093173e+01
5.568190003273230104e+01
5.573423831160084774e+01
5.580746329761154811e+01
5.590152638635004223e+01
5.601636508642968693e+01
5.615190301949724017e+01
5.630804992021580802e+01
5.648470163628189766e+01
5.668174012841404874e+01
5.689903347034714898e+01
5.713643584886085591e+01
5.739378756375117518e+01
5.767091502783614487e+01
5.796763076695015116e+01
5.828373341998940305e+01
5.861900773883803595e+01
5.897322458842495507e+01
5.934614094669541373e+01
5.973749990462806636e+01
6.014703066622359984e+01
6.057444854851041782e+01
6.101945498153327208e+01
6.148173750838168417e+01
6.196096978515015508e+01
6.245681158097795560e+01
6.296890877801502029e+01
6.349689337143900048e+01
6.404038346945526428e+01
6.459898329330826527e+01
6.517228317724743647e+01
6.575985956855561199e+01
6.636127502754334273e+01
6.697607822754321205e+01
6.760380395493257311e+01
6.824397310907670544e+01
6.889609270239702710e+01
6.955965586033130421e+01
7.023414182134501971e+01
7.091901593692568895e+01
7.161372967158285974e+01
7.231772060287084969e+01
7.303041242134327149e+01
7.375121493059850764e+01
7.447952404725697306e+01
7.521472180094974647e+01
7.595617633436404503e+01
7.670324190318069668e+01
7.745525887613098348e+01
5.407277800100587228e+01
5.408290045280637059e+01
5.411325996794857929e+01
5.416383302563758662e+01
5.423458042454285533e+01
5.432544728281527568e+01
5.443636303807011245e+01
5.456724144739268922e+01
5.471798058733838843e+01
5.488846285393833568e+01
5.507855496267666240e+01
5.528810794853598054e+01
5.551695716594622354e+01
5.576492228881306801e+01
5.603180731050656505e+01
5.631740054388387762e+01
5.662147462126654318e+01
5.694378649444047369e+01
5.728407743465027124e+01
5.764207303263901849e+01
5.801748319859711955e+01
5.841000216219640606e+01
5.881930847257308415e+01
5.924506499833341877e+01
5.968691892757078676e+01
6.014450176781451773e+01
6.061742934609810618e+01
6.110530180890805241e+01
6.160770362219523122e+01
6.212420357140331362e+01
6.265435476142329208e+01
6.319769461662758658e+01
6.375374488085867597e+01
6.432201161742341355e+01
6.490198520910439584e+01
6.549314035815427815e+01
6.609493608629009032e+01
6.670681573471028969e+01
6.732820696406633942e+01
6.795852175449681454e+01
6.859715640561034888e+01
6.924349153645721344e+01
6.989689208560321276e+01
7.055670731105010418e+01
7.122227079027538821e+01
7.189290042024367722e+01
7.256789841736690505e+01
7.324655131754411741e+01
7.392812997613873449e+01
7.461188956798423533e+01
5.255013958498579996e+01
5.255991565594513304e+01
5.258923517235416512e+01
5.263807204490262848e+01
5.270638279138211146e+01
5.279410653670879583e+01
5.290116501291208806e+01
5.302746255913461937e+01
5.317288612166066741e+01
5.333730525385362853e+01
5.352057211623559851e+01
5.372252147641347619e+01
5.394297070913580683e+01
5.418171979625299173e+01
5.443855132674002562e+01
5.471323049669081229e+01
5.500550510932384896e+01
5.531510557495948888e+01
5.564174491104836306e+01
5.598511874215432726e+01
5.634490529996014629e+01
5.672076542326180970e+01
5.711234255798558479e+01
5.751926275717096360e+01
5.794113468096497854e+01
5.837754959664493981e+01
5.882808137860138231e+01
5.929228650834375003e+01
5.976970407449471168e+01
6.025985577280152938e+01
6.076224590613605869e+01
6.127636138446064251e+01
6.180167172489063887e+01
6.233762905163757750e+01
6.288366809603189722e+01
6.343920619652863024e+01
6.400364329870740221e+01
6.457636195524401046e+01
6.515672732595589878e+01
6.574408717776236699e+01
6.633777188471299269e+01
6.693709442795352516e+01
6.754135039578272881e+01
6.814981798357848675e+01
6.876175799387169718e+01
6.937641383628943004e+01
6.999301152757766431e+01
7.061075969160697241e+01
7.122884955937252016e+01
7.184645496896564509e+01
5.107062422553099168e+01
5.108005934251309554e+01
5.110835518206044981e+01
5.115548320994776077e+01
5.122139586915182008e+01
5.130602657982876735e+01
5.140928973932545887e+01
5.153108072217378322e+01
5.167127588010771433e+01
5.182973254202920543e+01
5.200628901403092641e+01
5.220076457941331682e+01
5.241295949865047987e+01
5.264265500940155107e+01
5.288961332651638259e+01
5.315357764204691193e+01
5.343427212520168723e+01
5.373140192241976365e+01
5.404465315729680697e+01
5.437369293061919961e+01
5.471816932037540937e+01
5.507771138172756764e+01
5.545192914703989118e+01
5.584041362585594470e+01
5.624273680491000960e+01
5.665845164812139956e+01
5.708709209660014494e+01
5.752817306865267710e+01
5.798119045975909103e+01
5.844562114259019836e+01
5.892092296701321175e+01
5.940653476007469180e+01
5.990187632602328449e+01
6.040634844626993072e+01
6.091933287945039410e+01
6.144019236135704887e+01
6.196827060497867024e+01
6.250289230050043443e+01
6.304336311528686565e+01
6.358896969389888909e+01
6.413897965807677792e+01
6.469264160675152198e+01
6.524918511605051208e+01
6.580782073927480269e+01
6.636774000692753361e+01
6.692811542669119262e+01
6.748810048343898416e+01
6.804682963922914496e+01
6.860341833332199712e+01
6.915696298214015769e+01
