1.455813575317274101e-04
1.455813575317274101e-04
1.455813575317274101e-04
1.455813575317274101e-04
1.455814690506375105e-04
1.455814690506375105e-04
1.455814690506375105e-04
1.455814690506375105e-04
1.455815805695476379e-04
1.455815805695476379e-04
1.455815805695476379e-04
1.455816920884577383e-04
1.455816920884577383e-04
1.455816920884577383e-04
1.455818036073678386e-04
1.455818036073678386e-04
1.455819151262779661e-04
1.455820266451880664e-04
1.455819151262779661e-04
1.455821381640981667e-04
1.455821381640981667e-04
1.455822496830082942e-04
1.455823612019183945e-04
1.455824727208284949e-04
1.455824727208284949e-04
1.455825842397386223e-04
1.455825842397386223e-04
1.455828072775588230e-04
1.455829187964689504e-04
1.455830303153790508e-04
1.455831418342891511e-04
1.455832533531992786e-04
1.455833648721093789e-04
1.455834763910194792e-04
1.455836994288397070e-04
1.455836994288397070e-04
1.455839224666599348e-04
1.455840339855700351e-04
1.455841455044801355e-04
1.455843685423003633e-04
1.455844800612104636e-04
1.455845915801205640e-04
1.455848146179407917e-04
1.455850376557610195e-04
1.455850376557610195e-04
1.455852606935812202e-04
1.455853722124913477e-04
1.455854837314014480e-04
1.455857067692216758e-04
1.455859298070418765e-04
1.523162075510358976e-04
1.523162075510358976e-04
1.523162075510358976e-04
1.523162075510358976e-04
1.523162075510358976e-04
1.523162075510358976e-04
1.523163190699459979e-04
1.523163190699459979e-04
1.523163190699459979e-04
1.523163190699459979e-04
1.523163190699459979e-04
1.523164305888560983e-04
1.523165421077662257e-04
1.523165421077662257e-04
1.523166536266763261e-04
1.523166536266763261e-04
1.523166536266763261e-04
1.523167651455864264e-04
1.523168766644965538e-04
1.523169881834066542e-04
1.523170997023167545e-04
1.523170997023167545e-04
1.523170997023167545e-04
1.523173227401369823e-04
1.523174342590470826e-04
1.523175457779572101e-04
1.523175457779572101e-04
1.523176572968673104e-04
1.523178803346875382e-04
1.523178803346875382e-04
1.523179918535976386e-04
1.523182148914178663e-04
1.523183264103279667e-04
1.523184379292380670e-04
1.523185494481481945e-04
1.523186609670582948e-04
1.523188840048785226e-04
1.523189955237886229e-04
1.523191070426987233e-04
1.523193300805189511e-04
1.523195531183391788e-04
1.523196646372492792e-04
1.523197761561593795e-04
1.523199991939796073e-04
1.523201107128897076e-04
1.523203337507099354e-04
1.523205567885301361e-04
1.523206683074402636e-04
1.523207798263503639e-04
1.523211143830806920e-04
1.593740163340203137e-04
1.593741278529304140e-04
1.593740163340203137e-04
1.593740163340203137e-04
1.593741278529304140e-04
1.593740163340203137e-04
1.593741278529304140e-04
1.593741278529304140e-04
1.593742393718405414e-04
1.593741278529304140e-04
1.593742393718405414e-04
1.593742393718405414e-04
1.593743508907506418e-04
1.593744624096607421e-04
1.593744624096607421e-04
1.593744624096607421e-04
1.593745739285708696e-04
1.593746854474809699e-04
1.593747969663910702e-04
1.593747969663910702e-04
1.593749084853011977e-04
1.593750200042112980e-04
1.593751315231213984e-04
1.593751315231213984e-04
1.593752430420315258e-04
1.593754660798517265e-04
1.593754660798517265e-04
1.593756891176719543e-04
1.593756891176719543e-04
1.593759121554921550e-04
1.593760236744022824e-04
1.593761351933123827e-04
1.593763582311326105e-04
1.593763582311326105e-04
1.593765812689528112e-04
1.593766927878629387e-04
1.593768043067730390e-04
1.593770273445932668e-04
1.593771388635033671e-04
1.593772503824134675e-04
1.593774734202336953e-04
1.593776964580539230e-04
1.593778079769640234e-04
1.593780310147842512e-04
1.593783655715145793e-04
1.593784770904246796e-04
1.593785886093347800e-04
1.593788116471550078e-04
1.593790346849752355e-04
1.593792577227954362e-04
1.667634823556691896e-04
1.667633708367590622e-04
1.667634823556691896e-04
1.667634823556691896e-04
1.667634823556691896e-04
1.667634823556691896e-04
1.667634823556691896e-04
1.667635938745792900e-04
1.667635938745792900e-04
1.667635938745792900e-04
1.667637053934893903e-04
1.667637053934893903e-04
1.667638169123995177e-04
1.667638169123995177e-04
1.667639284313096181e-04
1.667639284313096181e-04
1.667640399502197184e-04
1.667641514691298459e-04
1.667641514691298459e-04
1.667642629880399462e-04
1.667643745069500466e-04
1.667644860258601740e-04
1.667645975447702743e-04
1.667647090636803747e-04
1.667648205825905021e-04
1.667649321015006025e-04
1.667650436204107028e-04
1.667651551393208303e-04
1.667652666582309306e-04
1.667654896960511584e-04
1.667656012149612587e-04
1.667657127338713591e-04
1.667658242527814865e-04
1.667659357716915868e-04
1.667660472906016872e-04
1.667662703284219150e-04
1.667664933662421156e-04
1.667666048851522431e-04
1.667667164040623434e-04
1.667669394418825712e-04
1.667671624797027719e-04
1.667672739986128993e-04
1.667674970364331000e-04
1.667678315931634282e-04
1.667679431120735556e-04
1.667680546309836559e-04
1.667682776688038837e-04
1.667685007066240844e-04
1.667687237444443122e-04
1.667689467822645400e-04
1.744965381393641835e-04
1.744965381393641835e-04
1.744965381393641835e-04
1.744965381393641835e-04
1.744965381393641835e-04
1.744965381393641835e-04
1.744965381393641835e-04
1.744966496582742838e-04
1.744966496582742838e-04
1.744966496582742838e-04
1.744967611771843841e-04
1.744967611771843841e-04
1.744968726960945116e-04
1.744969842150046119e-04
1.744969842150046119e-04
1.744970957339147123e-04
1.744970957339147123e-04
1.744972072528248397e-04
1.744973187717349401e-04
1.744973187717349401e-04
1.744974302906450404e-04
1.744975418095551678e-04
1.744976533284652682e-04
1.744978763662854960e-04
1.744978763662854960e-04
1.744980994041056967e-04
1.744980994041056967e-04
1.744982109230158241e-04
1.744984339608360248e-04
1.744985454797461251e-04
1.744986569986562526e-04
1.744987685175663529e-04
1.744988800364764532e-04
1.744991030742966810e-04
1.744992145932067814e-04
1.744994376310270092e-04
1.744995491499371095e-04
1.744998837066674376e-04
1.744999952255775651e-04
1.745001067444876654e-04
1.745004413012179935e-04
1.745005528201280939e-04
1.745007758579483217e-04
1.745009988957685494e-04
1.745012219335887501e-04
1.745014449714089779e-04
1.745015564903190783e-04
1.745018910470494064e-04
1.745021140848696342e-04
1.745023371226898348e-04
1.825921418998238438e-04
1.825921418998238438e-04
1.825921418998238438e-04
1.825922534187339442e-04
1.825922534187339442e-04
1.825922534187339442e-04
1.825922534187339442e-04
1.825922534187339442e-04
1.825923649376440445e-04
1.825923649376440445e-04
1.825923649376440445e-04
1.825924764565541719e-04
1.825924764565541719e-04
1.825925879754642723e-04
1.825926994943743726e-04
1.825928110132845001e-04
1.825928110132845001e-04
1.825929225321946004e-04
1.825929225321946004e-04
1.825930340511047007e-04
1.825931455700148282e-04
1.825932570889249285e-04
1.825933686078350289e-04
1.825935916456552567e-04
1.825935916456552567e-04
1.825938146834754844e-04
1.825938146834754844e-04
1.825940377212956851e-04
1.825941492402057855e-04
1.825943722780260133e-04
1.825944837969361136e-04
1.825947068347563414e-04
1.825947068347563414e-04
1.825949298725765692e-04
1.825951529103967698e-04
1.825952644293068973e-04
1.825954874671270980e-04
1.825955989860372254e-04
1.825959335427675535e-04
1.825960450616776539e-04
1.825961565805877542e-04
1.825964911373180823e-04
1.825967141751383101e-04
1.825969372129585379e-04
1.825971602507787386e-04
1.825972717696888660e-04
1.825976063264191671e-04
1.825978293642393948e-04
1.825979408831494952e-04
1.825983869587899508e-04
1.910652371710027818e-04
1.910653486899128821e-04
1.910652371710027818e-04
1.910652371710027818e-04
1.910653486899128821e-04
1.910653486899128821e-04
1.910654602088230096e-04
1.910653486899128821e-04
1.910655717277331099e-04
1.910654602088230096e-04
1.910655717277331099e-04
1.910655717277331099e-04
1.910656832466432102e-04
1.910656832466432102e-04
1.910657947655533377e-04
1.910659062844634380e-04
1.910659062844634380e-04
1.910661293222836658e-04
1.910661293222836658e-04
1.910662408411937662e-04
1.910663523601038665e-04
1.910664638790139939e-04
1.910665753979240943e-04
1.910667984357443221e-04
1.910667984357443221e-04
1.910670214735645227e-04
1.910671329924746502e-04
1.910672445113847505e-04
1.910674675492049783e-04
1.910675790681150787e-04
1.910676905870251790e-04
1.910679136248454068e-04
1.910680251437555071e-04
1.910682481815757349e-04
1.910684712193959356e-04
1.910686942572161634e-04
1.910686942572161634e-04
1.910690288139464915e-04
1.910692518517667193e-04
1.910694748895869200e-04
1.910695864084970474e-04
1.910698094463172481e-04
1.910700324841374759e-04
1.910702555219577037e-04
1.910704785597779043e-04
1.910709246354183599e-04
1.910710361543284603e-04
1.910713707110587884e-04
1.910715937488789891e-04
1.910718167866992168e-04
1.999326633083275040e-04
1.999326633083275040e-04
1.999326633083275040e-04
1.999326633083275040e-04
1.999326633083275040e-04
1.999326633083275040e-04
1.999327748272376043e-04
1.999327748272376043e-04
1.999327748272376043e-04
1.999328863461477047e-04
1.999328863461477047e-04
1.999328863461477047e-04
1.999329978650578321e-04
1.999331093839679325e-04
1.999332209028780328e-04
1.999333324217881331e-04
1.999333324217881331e-04
1.999333324217881331e-04
1.999334439406982606e-04
1.999336669785184613e-04
1.999337784974285887e-04
1.999338900163386890e-04
1.999340015352487894e-04
1.999341130541589168e-04
1.999342245730690172e-04
1.999343360919791175e-04
1.999345591297993453e-04
1.999346706487094456e-04
1.999347821676195731e-04
1.999350052054397738e-04
1.999352282432600015e-04
1.999353397621701019e-04
1.999355627999903297e-04
1.999357858378105575e-04
1.999358973567206578e-04
1.999361203945408856e-04
1.999363434323610863e-04
1.999365664701813140e-04
1.999367895080015147e-04
1.999369010269116422e-04
1.999371240647318429e-04
1.999374586214621710e-04
1.999375701403722984e-04
1.999379046971026266e-04
1.999382392538329547e-04
1.999383507727430550e-04
1.999386853294733831e-04
1.999390198862037113e-04
1.999392429240239391e-04
1.999394659618441397e-04
2.092149397912580451e-04
2.092150513101681455e-04
2.092149397912580451e-04
2.092149397912580451e-04
2.092150513101681455e-04
2.092150513101681455e-04
2.092150513101681455e-04
2.092151628290782458e-04
2.092151628290782458e-04
2.092151628290782458e-04
2.092152743479883733e-04
2.092152743479883733e-04
2.092153858668984736e-04
2.092154973858085739e-04
2.092156089047187014e-04
2.092156089047187014e-04
2.092157204236288017e-04
2.092158319425389021e-04
2.092159434614490295e-04
2.092159434614490295e-04
2.092161664992692302e-04
2.092162780181793305e-04
2.092163895370894580e-04
2.092166125749096587e-04
2.092167240938197861e-04
2.092168356127298864e-04
2.092170586505501142e-04
2.092171701694602146e-04
2.092173932072804424e-04
2.092175047261905427e-04
2.092177277640107705e-04
2.092179508018309712e-04
2.092180623207410986e-04
2.092182853585612993e-04
2.092185083963815271e-04
2.092187314342017549e-04
2.092189544720219555e-04
2.092190659909320830e-04
2.092194005476624111e-04
2.092196235854826118e-04
2.092197351043927392e-04
2.092201811800331677e-04
2.092202926989432680e-04
2.092206272556735962e-04
2.092208502934938240e-04
2.092210733313140246e-04
2.092212963691342524e-04
2.092216309258645806e-04
2.092219654825949087e-04
2.092221885204151365e-04
2.189297981265017688e-04
2.189297981265017688e-04
2.189299096454118691e-04
2.189299096454118691e-04
2.189299096454118691e-04
2.189299096454118691e-04
2.189299096454118691e-04
2.189300211643219695e-04
2.189300211643219695e-04
2.189301326832320969e-04
2.189302442021421973e-04
2.189302442021421973e-04
2.189303557210522976e-04
2.189303557210522976e-04
2.189304672399624251e-04
2.189305787588725254e-04
2.189305787588725254e-04
2.189308017966927532e-04
2.189309133156028535e-04
2.189310248345129539e-04
2.189311363534230542e-04
2.189313593912432820e-04
2.189314709101533823e-04
2.189315824290635098e-04
2.189318054668837105e-04
2.189318054668837105e-04
2.189321400236140386e-04
2.189322515425241660e-04
2.189323630614342664e-04
2.189325860992544942e-04
2.189326976181645945e-04
2.189329206559848223e-04
2.189332552127151504e-04
2.189333667316252507e-04
2.189335897694454785e-04
2.189338128072656792e-04
2.189340358450859070e-04
2.189342588829061348e-04
2.189345934396364629e-04
2.189348164774566636e-04
2.189350395152768914e-04
2.189352625530970921e-04
2.189355971098274202e-04
2.189358201476476480e-04
2.189361547043779761e-04
2.189363777421982039e-04
2.189367122989285320e-04
2.189370468556588601e-04
2.189373814123891883e-04
2.189377159691195164e-04
2.290969771611479802e-04
2.290969771611479802e-04
2.290969771611479802e-04
2.290968656422378528e-04
2.290969771611479802e-04
2.290969771611479802e-04
2.290970886800580805e-04
2.290970886800580805e-04
2.290970886800580805e-04
2.290972001989681809e-04
2.290972001989681809e-04
2.290973117178783083e-04
2.290974232367884087e-04
2.290975347556985090e-04
2.290975347556985090e-04
2.290976462746086365e-04
2.290978693124288371e-04
2.290978693124288371e-04
2.290980923502490649e-04
2.290980923502490649e-04
2.290983153880692927e-04
2.290984269069793930e-04
2.290985384258894934e-04
2.290986499447996208e-04
2.290988729826198215e-04
2.290989845015299490e-04
2.290993190582602500e-04
2.290994305771703774e-04
2.290996536149905781e-04
2.290997651339007055e-04
2.290999881717209062e-04
2.291002112095411340e-04
2.291004342473613618e-04
2.291006572851815625e-04
2.291008803230017903e-04
2.291011033608220181e-04
2.291013263986422187e-04
2.291016609553725469e-04
2.291018839931927746e-04
2.291022185499231028e-04
2.291024415877433306e-04
2.291026646255635312e-04
2.291029991822938594e-04
2.291033337390241875e-04
2.291035567768444153e-04
2.291038913335747434e-04
2.291041143713949441e-04
2.291044489281252722e-04
2.291048950037657278e-04
2.291051180415859285e-04
2.397287439753086654e-04
2.397288554942187929e-04
2.397288554942187929e-04
2.397288554942187929e-04
2.397288554942187929e-04
2.397288554942187929e-04
2.397289670131288932e-04
2.397289670131288932e-04
2.397290785320389936e-04
2.397290785320389936e-04
2.397291900509491210e-04
2.397293015698592213e-04
2.397293015698592213e-04
2.397294130887693217e-04
2.397295246076794491e-04
2.397296361265895495e-04
2.397297476454996498e-04
2.397298591644097772e-04
2.397299706833198776e-04
2.397300822022299779e-04
2.397303052400502057e-04
2.397304167589603061e-04
2.397306397967805338e-04
2.397307513156906342e-04
2.397309743535108620e-04
2.397310858724209623e-04
2.397313089102411901e-04
2.397314204291512904e-04
2.397316434669715182e-04
2.397317549858816186e-04
2.397320895426119467e-04
2.397323125804321745e-04
2.397325356182523752e-04
2.397327586560726029e-04
2.397329816938928307e-04
2.397332047317130314e-04
2.397335392884433595e-04
2.397338738451736877e-04
2.397340968829939154e-04
2.397344314397242436e-04
2.397346544775444714e-04
2.397348775153646720e-04
2.397352120720950002e-04
2.397355466288253283e-04
2.397358811855556564e-04
2.397362157422859845e-04
2.397365502990163127e-04
2.397368848557466408e-04
2.397372194124769689e-04
2.397375539692072970e-04
2.508539819667021165e-04
2.508538704477920162e-04
2.508538704477920162e-04
2.508539819667021165e-04
2.508539819667021165e-04
2.508539819667021165e-04
2.508539819667021165e-04
2.508540934856122169e-04
2.508542050045223714e-04
2.508543165234324718e-04
2.508542050045223714e-04
2.508544280423425721e-04
2.508544280423425721e-04
2.508545395612526725e-04
2.508547625990728731e-04
2.508547625990728731e-04
2.508549856368931280e-04
2.508549856368931280e-04
2.508552086747133287e-04
2.508553201936234290e-04
2.508555432314436297e-04
2.508556547503537843e-04
2.508558777881739850e-04
2.508559893070840853e-04
2.508561008259941856e-04
2.508563238638144405e-04
2.508565469016346412e-04
2.508567699394548419e-04
2.508569929772750968e-04
2.508571044961851971e-04
2.508573275340053978e-04
2.508576620907357530e-04
2.508578851285559537e-04
2.508581081663761544e-04
2.508584427231065096e-04
2.508586657609267103e-04
2.508590003176570113e-04
2.508592233554772662e-04
2.508595579122075672e-04
2.508598924689379225e-04
2.508600039878480228e-04
2.508604500634884784e-04
2.508607846202187794e-04
2.508610076580389801e-04
2.508614537336794357e-04
2.508617882904097909e-04
2.508621228471400919e-04
2.508624574038703929e-04
2.508627919606007482e-04
2.508631265173310492e-04
2.624965561820916766e-04
2.624965561820916766e-04
2.624966677010017770e-04
2.624966677010017770e-04
2.624966677010017770e-04
2.624966677010017770e-04
2.624967792199118773e-04
2.624968907388219776e-04
2.624968907388219776e-04
2.624970022577321322e-04
2.624970022577321322e-04
2.624970022577321322e-04
2.624972252955523329e-04
2.624973368144624332e-04
2.624974483333725335e-04
2.624975598522826339e-04
2.624976713711927884e-04
2.624978944090129891e-04
2.624980059279230895e-04
2.624981174468331898e-04
2.624982289657432901e-04
2.624984520035635450e-04
2.624985635224736454e-04
2.624987865602938461e-04
2.624990095981140467e-04
2.624992326359343016e-04
2.624993441548444020e-04
2.624995671926646026e-04
2.624999017493949579e-04
2.625001247872151586e-04
2.625002363061252589e-04
2.625005708628556141e-04
2.625007939006758148e-04
2.625010169384960155e-04
2.625013514952263707e-04
2.625015745330465714e-04
2.625019090897769266e-04
2.625021321275971273e-04
2.625024666843274283e-04
2.625028012410577836e-04
2.625031357977880846e-04
2.625034703545184398e-04
2.625038049112487408e-04
2.625041394679790961e-04
2.625045855436195516e-04
2.625049201003498527e-04
2.625052546570802079e-04
2.625057007327206092e-04
2.625060352894509645e-04
2.625064813650913658e-04
2.746688452204994321e-04
2.746688452204994321e-04
2.746688452204994321e-04
2.746688452204994321e-04
2.746688452204994321e-04
2.746688452204994321e-04
2.746689567394095324e-04
2.746690682583196328e-04
2.746690682583196328e-04
2.746691797772297331e-04
2.746692912961398335e-04
2.746692912961398335e-04
2.746695143339600883e-04
2.746696258528701887e-04
2.746697373717802890e-04
2.746697373717802890e-04
2.746699604096004897e-04
2.746700719285106443e-04
2.746702949663308449e-04
2.746704064852409453e-04
2.746706295230611460e-04
2.746708525608814008e-04
2.746709640797915012e-04
2.746711871176117019e-04
2.746712986365218022e-04
2.746715216743420571e-04
2.746717447121622578e-04
2.746720792688925588e-04
2.746721907878027133e-04
2.746724138256229140e-04
2.746727483823532150e-04
2.746729714201734699e-04
2.746733059769037710e-04
2.746735290147240259e-04
2.746738635714543269e-04
2.746741981281846821e-04
2.746744211660048828e-04
2.746747557227351838e-04
2.746750902794655390e-04
2.746754248361958401e-04
2.746757593929261953e-04
2.746759824307463960e-04
2.746764285063868515e-04
2.746768745820272529e-04
2.746772091387576081e-04
2.746776552143980637e-04
2.746779897711283647e-04
2.746784358467688203e-04
2.746788819224092217e-04
2.746793279980496772e-04
2.874054199440591990e-04
2.874054199440591990e-04
2.874055314629692993e-04
2.874056429818793996e-04
2.874055314629692993e-04
2.874056429818793996e-04
2.874057545007895000e-04
2.874057545007895000e-04
2.874058660196996003e-04
2.874058660196996003e-04
2.874059775386097549e-04
2.874060890575198552e-04
2.874060890575198552e-04
2.874063120953400559e-04
2.874065351331602566e-04
2.874065351331602566e-04
2.874066466520704111e-04
2.874068696898906118e-04
2.874069812088007121e-04
2.874072042466209128e-04
2.874074272844411677e-04
2.874075388033512680e-04
2.874077618411714687e-04
2.874079848789917236e-04
2.874082079168119243e-04
2.874084309546321250e-04
2.874086539924523257e-04
2.874088770302725806e-04
2.874092115870028816e-04
2.874093231059129819e-04
2.874096576626433371e-04
2.874099922193736382e-04
2.874101037382837927e-04
2.874105498139241941e-04
2.874108843706545493e-04
2.874112189273848503e-04
2.874114419652051052e-04
2.874118880408455066e-04
2.874122225975758618e-04
2.874125571543061628e-04
2.874127801921263635e-04
2.874132262677668191e-04
2.874136723434072747e-04
2.874141184190476760e-04
2.874143414568679309e-04
2.874147875325083323e-04
2.874152336081487878e-04
2.874156796837892434e-04
2.874161257594296448e-04
2.874165718350701003e-04
3.007343831181184856e-04
3.007344946370285859e-04
3.007344946370285859e-04
3.007344946370285859e-04
3.007344946370285859e-04
3.007346061559386862e-04
3.007347176748487866e-04
3.007347176748487866e-04
3.007348291937588869e-04
3.007349407126690415e-04
3.007349407126690415e-04
3.007350522315791418e-04
3.007352752693993425e-04
3.007352752693993425e-04
3.007354983072195432e-04
3.007357213450397981e-04
3.007358328639498984e-04
3.007358328639498984e-04
3.007360559017700991e-04
3.007362789395902998e-04
3.007365019774105547e-04
3.007367250152307553e-04
3.007368365341408557e-04
3.007370595719611106e-04
3.007372826097813113e-04
3.007375056476015119e-04
3.007378402043318672e-04
3.007379517232419675e-04
3.007382862799722685e-04
3.007386208367026238e-04
3.007389553934329248e-04
3.007392899501632800e-04
3.007395129879834807e-04
3.007398475447138359e-04
3.007401821014441369e-04
3.007405166581744922e-04
3.007408512149047932e-04
3.007410742527249939e-04
3.007415203283654494e-04
3.007418548850958047e-04
3.007421894418261057e-04
3.007426355174665613e-04
3.007430815931069626e-04
3.007435276687474182e-04
3.007438622254777192e-04
3.007444198200282751e-04
3.007446428578485300e-04
3.007453119713091863e-04
3.007456465280394873e-04
3.007462041225900432e-04
3.146561808183176933e-04
3.146561808183176933e-04
3.146561808183176933e-04
3.146561808183176933e-04
3.146561808183176933e-04
3.146564038561379482e-04
3.146562923372277936e-04
3.146564038561379482e-04
3.146566268939581489e-04
3.146566268939581489e-04
3.146567384128682492e-04
3.146568499317783495e-04
3.146568499317783495e-04
3.146570729695985502e-04
3.146572960074188051e-04
3.146574075263289054e-04
3.146575190452390058e-04
3.146577420830592065e-04
3.146578536019693610e-04
3.146580766397895617e-04
3.146582996776097624e-04
3.146584111965198627e-04
3.146587457532502180e-04
3.146589687910704186e-04
3.146590803099805190e-04
3.146594148667108742e-04
3.146597494234411752e-04
3.146599724612614301e-04
3.146601954990816308e-04
3.146605300558119318e-04
3.146608646125422870e-04
3.146610876503624877e-04
3.146614222070928430e-04
3.146617567638231440e-04
3.146620913205534992e-04
3.146625373961939006e-04
3.146628719529242558e-04
3.146632065096545568e-04
3.146637641042051127e-04
3.146640986609354680e-04
3.146644332176657690e-04
3.146648792933062246e-04
3.146653253689466259e-04
3.146657714445870815e-04
3.146662175202275371e-04
3.146666635958679384e-04
3.146671096715083940e-04
3.146675557471488496e-04
3.146682248606095058e-04
3.146686709362499072e-04
3.292224463000373996e-04
3.292224463000373996e-04
3.292225578189475000e-04
3.292224463000373996e-04
3.292224463000373996e-04
3.292225578189475000e-04
3.292225578189475000e-04
3.292227808567677006e-04
3.292227808567677006e-04
3.292228923756778552e-04
3.292228923756778552e-04
3.292231154134980559e-04
3.292232269324081562e-04
3.292233384513182566e-04
3.292235614891385114e-04
3.292236730080486118e-04
3.292238960458688125e-04
3.292240075647789128e-04
3.292241190836890131e-04
3.292244536404193684e-04
3.292246766782395691e-04
3.292247881971496694e-04
3.292251227538800246e-04
3.292253457917002253e-04
3.292255688295204260e-04
3.292257918673406809e-04
3.292261264240709819e-04
3.292264609808013371e-04
3.292266840186215378e-04
3.292270185753518930e-04
3.292272416131720937e-04
3.292276876888125493e-04
3.292280222455428503e-04
3.292283568022732055e-04
3.292286913590035066e-04
3.292290259157338076e-04
3.292294719913742632e-04
3.292299180670147187e-04
3.292302526237450198e-04
3.292306986993854753e-04
3.292312562939360312e-04
3.292315908506663323e-04
3.292319254073966875e-04
3.292325945208573437e-04
3.292329290775876448e-04
3.292333751532281003e-04
3.292339327477786562e-04
3.292343788234190576e-04
3.292349364179696135e-04
3.292354940125201694e-04
3.444652970093889962e-04
3.444652970093889962e-04
3.444652970093889962e-04
3.444651854904788417e-04
3.444654085282990966e-04
3.444654085282990966e-04
3.444655200472091969e-04
3.444655200472091969e-04
3.444655200472091969e-04
3.444656315661192973e-04
3.444658546039394979e-04
3.444659661228496525e-04
3.444660776417597528e-04
3.444661891606698532e-04
3.444664121984900539e-04
3.444665237174001542e-04
3.444667467552204091e-04
3.444668582741305094e-04
3.444670813119507101e-04
3.444673043497709108e-04
3.444675273875911657e-04
3.444677504254113664e-04
3.444679734632315670e-04
3.444681965010518219e-04
3.444685310577821230e-04
3.444688656145124782e-04
3.444692001712427792e-04
3.444694232090630341e-04
3.444697577657933351e-04
3.444700923225236903e-04
3.444703153603438910e-04
3.444708729548944469e-04
3.444710959927146476e-04
3.444714305494449486e-04
3.444718766250854042e-04
3.444723227007258598e-04
3.444726572574561608e-04
3.444732148520067167e-04
3.444735494087370719e-04
3.444739954843774733e-04
3.444744415600179289e-04
3.444748876356583302e-04
3.444754452302088862e-04
3.444758913058493417e-04
3.444765604193099980e-04
3.444770064949504535e-04
3.444774525705908549e-04
3.444778986462313105e-04
3.444784562407818664e-04
3.444791253542425226e-04
3.603820564925298039e-04
3.603820564925298039e-04
3.603820564925298039e-04
3.603820564925298039e-04
3.603821680114399043e-04
3.603821680114399043e-04
3.603822795303500046e-04
3.603823910492601592e-04
3.603823910492601592e-04
3.603826140870803598e-04
3.603826140870803598e-04
3.603827256059904602e-04
3.603829486438106609e-04
3.603830601627208154e-04
3.603832832005410161e-04
3.603835062383612168e-04
3.603836177572713171e-04
3.603838407950915720e-04
3.603839523140016723e-04
3.603842868707319734e-04
3.603845099085522283e-04
3.603848444652825293e-04
3.603849559841926296e-04
3.603854020598330852e-04
3.603856250976532859e-04
3.603859596543836411e-04
3.603861826922038418e-04
3.603865172489341970e-04
3.603868518056644980e-04
3.603871863623948533e-04
3.603876324380352546e-04
3.603878554758555095e-04
3.603884130704060112e-04
3.603887476271363664e-04
3.603891937027767678e-04
3.603896397784172234e-04
3.603898628162374241e-04
3.603905319296980803e-04
3.603908664864284355e-04
3.603914240809789915e-04
3.603918701566193928e-04
3.603924277511699487e-04
3.603927623079003040e-04
3.603933199024508057e-04
3.603939890159114619e-04
3.603945466104620178e-04
3.603949926861024734e-04
3.603955502806530293e-04
3.603962193941136856e-04
3.603967769886641873e-04
3.770360674904018575e-04
3.770360674904018575e-04
3.770360674904018575e-04
3.770360674904018575e-04
3.770360674904018575e-04
3.770361790093120120e-04
3.770362905282221124e-04
3.770364020471322127e-04
3.770364020471322127e-04
3.770365135660423131e-04
3.770367366038625137e-04
3.770368481227726141e-04
3.770370711605928690e-04
3.770370711605928690e-04
3.770374057173231700e-04
3.770375172362332703e-04
3.770377402740535252e-04
3.770378517929636256e-04
3.770380748307838262e-04
3.770382978686040811e-04
3.770386324253343822e-04
3.770389669820647374e-04
3.770391900198849381e-04
3.770395245766152391e-04
3.770398591333455943e-04
3.770401936900758953e-04
3.770404167278961502e-04
3.770407512846264513e-04
3.770410858413568065e-04
3.770415319169972078e-04
3.770419779926376634e-04
3.770423125493679644e-04
3.770426471060983197e-04
3.770430931817387752e-04
3.770434277384690763e-04
3.770439853330196322e-04
3.770445429275701881e-04
3.770449890032105894e-04
3.770454350788510450e-04
3.770458811544915006e-04
3.770463272301319019e-04
3.770469963435925582e-04
3.770474424192330138e-04
3.770481115326936700e-04
3.770485576083340714e-04
3.770492267217947276e-04
3.770496727974351832e-04
3.770503419108958395e-04
3.770510110243564957e-04
3.770516801378171520e-04
3.944625699785996292e-04
3.944624584596895288e-04
3.944625699785996292e-04
3.944626814975097295e-04
3.944625699785996292e-04
3.944626814975097295e-04
3.944629045353299844e-04
3.944629045353299844e-04
3.944630160542400847e-04
3.944631275731501851e-04
3.944632390920602854e-04
3.944633506109703858e-04
3.944634621298805403e-04
3.944636851677007410e-04
3.944639082055209417e-04
3.944640197244310420e-04
3.944642427622512969e-04
3.944644658000714976e-04
3.944648003568018528e-04
3.944650233946220535e-04
3.944652464324422542e-04
3.944654694702625091e-04
3.944659155459029104e-04
3.944662501026332656e-04
3.944664731404534663e-04
3.944668076971837673e-04
3.944671422539141226e-04
3.944675883295545782e-04
3.944679228862848792e-04
3.944682574430152344e-04
3.944688150375657361e-04
3.944690380753859910e-04
3.944694841510263924e-04
3.944700417455769483e-04
3.944704878212174038e-04
3.944709338968578052e-04
3.944713799724982608e-04
3.944720490859589170e-04
3.944723836426892723e-04
3.944729412372397740e-04
3.944734988317903299e-04
3.944740564263408858e-04
3.944747255398015420e-04
3.944752831343520979e-04
3.944758407289026539e-04
3.944763983234531556e-04
3.944771789558239121e-04
3.944776250314643677e-04
3.944782941449250240e-04
3.944791862962058809e-04
4.126460628286179790e-04
4.126460628286179790e-04
4.126459513097078245e-04
4.126460628286179790e-04
4.126460628286179790e-04
4.126461743475280794e-04
4.126462858664381797e-04
4.126463973853482800e-04
4.126463973853482800e-04
4.126466204231684807e-04
4.126467319420786353e-04
4.126467319420786353e-04
4.126470664988089363e-04
4.126471780177190366e-04
4.126474010555392373e-04
4.126476240933594922e-04
4.126478471311796929e-04
4.126480701689998936e-04
4.126484047257302488e-04
4.126486277635504495e-04
4.126488508013707044e-04
4.126492968770111057e-04
4.126495199148313606e-04
4.126498544715616616e-04
4.126501890282920169e-04
4.126505235850223179e-04
4.126509696606627735e-04
4.126513042173930745e-04
4.126517502930335301e-04
4.126520848497638311e-04
4.126525309254042866e-04
4.126530885199548426e-04
4.126534230766851436e-04
4.126538691523255992e-04
4.126543152279660005e-04
4.126548728225165564e-04
4.126554304170671123e-04
4.126558764927075679e-04
4.126565456061682242e-04
4.126571032007187801e-04
4.126576607952692818e-04
4.126583299087299380e-04
4.126587759843703936e-04
4.126594450978310498e-04
4.126601142112917061e-04
4.126607833247523623e-04
4.126614524382130186e-04
4.126621215516736749e-04
4.126627906651343311e-04
4.126634597785949874e-04
4.316715234499599258e-04
4.316716349688700261e-04
4.316716349688700261e-04
4.316716349688700261e-04
4.316717464877801265e-04
4.316718580066902810e-04
4.316718580066902810e-04
4.316718580066902810e-04
4.316720810445104817e-04
4.316721925634205820e-04
4.316724156012407827e-04
4.316725271201509373e-04
4.316727501579711379e-04
4.316728616768812383e-04
4.316730847147014390e-04
4.316733077525216939e-04
4.316735307903418945e-04
4.316737538281620952e-04
4.316740883848924504e-04
4.316744229416227515e-04
4.316746459794430064e-04
4.316749805361733074e-04
4.316753150929036626e-04
4.316756496496339636e-04
4.316759842063643189e-04
4.316764302820047202e-04
4.316767648387350755e-04
4.316772109143754768e-04
4.316776569900159324e-04
4.316779915467462334e-04
4.316785491412967893e-04
4.316789952169372449e-04
4.316794412925777005e-04
4.316801104060383567e-04
4.316805564816787581e-04
4.316810025573192136e-04
4.316815601518697696e-04
4.316821177464202713e-04
4.316826753409708272e-04
4.316833444544314834e-04
4.316839020489820393e-04
4.316844596435325952e-04
4.316852402759033518e-04
4.316857978704539077e-04
4.316865785028246643e-04
4.316871360973752202e-04
4.316879167297459768e-04
4.316885858432066331e-04
4.316893664755773897e-04
4.316901471079481463e-04
4.515763106775121192e-04
4.515761991586020188e-04
4.515763106775121192e-04
4.515763106775121192e-04
4.515763106775121192e-04
4.515764221964222195e-04
4.515765337153323199e-04
4.515766452342424744e-04
4.515767567531525748e-04
4.515768682720626751e-04
4.515769797909727754e-04
4.515773143477031307e-04
4.515774258666132310e-04
4.515776489044334317e-04
4.515777604233435320e-04
4.515780949800738873e-04
4.515783180178940879e-04
4.515786525746243890e-04
4.515788756124446439e-04
4.515792101691749449e-04
4.515795447259053001e-04
4.515798792826356011e-04
4.515802138393659564e-04
4.515805483960962574e-04
4.515809944717367129e-04
4.515813290284670140e-04
4.515817751041074695e-04
4.515822211797479251e-04
4.515826672553883265e-04
4.515832248499388824e-04
4.515835594066692376e-04
4.515840054823096390e-04
4.515845630768601949e-04
4.515851206714107508e-04
4.515857897848714071e-04
4.515863473794219630e-04
4.515867934550623643e-04
4.515874625685230206e-04
4.515880201630735765e-04
4.515886892765342327e-04
4.515893583899948890e-04
4.515900275034555452e-04
4.515906966169162015e-04
4.515914772492869581e-04
4.515920348438375140e-04
4.515928154762082706e-04
4.515935961085790272e-04
4.515944882598598841e-04
4.515950458544104400e-04
4.515958264867811966e-04
4.723475998366119901e-04
4.723475998366119901e-04
4.723475998366119901e-04
4.723477113555220905e-04
4.723477113555220905e-04
4.723478228744321908e-04
4.723479343933422911e-04
4.723480459122524457e-04
4.723481574311625460e-04
4.723483804689827467e-04
4.723484919878928471e-04
4.723487150257131019e-04
4.723488265446232023e-04
4.723490495824434030e-04
4.723492726202636036e-04
4.723494956580838585e-04
4.723498302148141596e-04
4.723501647715445148e-04
4.723503878093647155e-04
4.723508338850051710e-04
4.723511684417354721e-04
4.723515029984658273e-04
4.723518375551961283e-04
4.723521721119264835e-04
4.723525066686567846e-04
4.723530642632073405e-04
4.723533988199376415e-04
4.723539564144881974e-04
4.723544024901286530e-04
4.723548485657690543e-04
4.723555176792297106e-04
4.723559637548701662e-04
4.723564098305106217e-04
4.723569674250611776e-04
4.723576365385217797e-04
4.723583056519824359e-04
4.723588632465329919e-04
4.723594208410835478e-04
4.723602014734543044e-04
4.723607590680048603e-04
4.723614281814655165e-04
4.723622088138362731e-04
4.723628779272969294e-04
4.723636585596676860e-04
4.723643276731283422e-04
4.723651083054990988e-04
4.723660004567800099e-04
4.723666695702406662e-04
4.723675617215215231e-04
4.723683423538922797e-04
4.940795128873915441e-04
4.940796244063017529e-04
4.940795128873915441e-04
4.940796244063017529e-04
4.940797359252118532e-04
4.940798474441219536e-04
4.940798474441219536e-04
4.940799589630320539e-04
4.940800704819421543e-04
4.940802935197623549e-04
4.940804050386724553e-04
4.940806280764926560e-04
4.940808511143128566e-04
4.940811856710432661e-04
4.940812971899533664e-04
4.940816317466836674e-04
4.940819663034139685e-04
4.940823008601443779e-04
4.940825238979645786e-04
4.940828584546948796e-04
4.940833045303352810e-04
4.940836390870655820e-04
4.940840851627060918e-04
4.940844197194363928e-04
4.940848657950767941e-04
4.940853118707173039e-04
4.940857579463577053e-04
4.940863155409082070e-04
4.940867616165487168e-04
4.940873192110992185e-04
4.940878768056498286e-04
4.940883228812902300e-04
4.940889919947508320e-04
4.940894380703913418e-04
4.940902187027620442e-04
4.940907762973126543e-04
4.940914454107732563e-04
4.940921145242339668e-04
4.940927836376945688e-04
4.940934527511552793e-04
4.940942333835259817e-04
4.940950140158967925e-04
4.940957946482674949e-04
4.940965752806383057e-04
4.940972443940989077e-04
4.940981365453798188e-04
4.940990286966607300e-04
4.940998093290314324e-04
4.941007014803123435e-04
4.941014821126830459e-04
5.168114160051195081e-04
5.168115275240296085e-04
5.168115275240296085e-04
5.168116390429397088e-04
5.168116390429397088e-04
5.168117505618498092e-04
5.168118620807599095e-04
5.168120851185801102e-04
5.168120851185801102e-04
5.168123081564003109e-04
5.168124196753104112e-04
5.168126427131306119e-04
5.168128657509509210e-04
5.168132003076812220e-04
5.168134233455014227e-04
5.168137579022317237e-04
5.168140924589621332e-04
5.168143154967823338e-04
5.168146500535126349e-04
5.168149846102429359e-04
5.168154306858833372e-04
5.168157652426137467e-04
5.168160997993440477e-04
5.168166573938945494e-04
5.168172149884451595e-04
5.168175495451754605e-04
5.168179956208158619e-04
5.168186647342765724e-04
5.168191108099169737e-04
5.168196684044675838e-04
5.168202259990180856e-04
5.168208951124786876e-04
5.168214527070292977e-04
5.168221218204898998e-04
5.168226794150405099e-04
5.168234600474112123e-04
5.168240176419618224e-04
5.168247982743325248e-04
5.168254673877932352e-04
5.168262480201639376e-04
5.168270286525347484e-04
5.168278092849054508e-04
5.168285899172762616e-04
5.168294820685571727e-04
5.168303742198379755e-04
5.168310433332986859e-04
5.168321585223997977e-04
5.168328276358603998e-04
5.168338313060514113e-04
5.168348349762424227e-04
5.405280310991106719e-04
5.405279195802005715e-04
5.405280310991106719e-04
5.405280310991106719e-04
5.405281426180207722e-04
5.405281426180207722e-04
5.405283656558409729e-04
5.405284771747510732e-04
5.405285886936611736e-04
5.405288117314813743e-04
5.405290347693015749e-04
5.405292578071218840e-04
5.405294808449420847e-04
5.405297038827622854e-04
5.405300384394925864e-04
5.405302614773127871e-04
5.405305960340431965e-04
5.405309305907734976e-04
5.405312651475037986e-04
5.405317112231441999e-04
5.405321572987847097e-04
5.405324918555150107e-04
5.405329379311554121e-04
5.405332724878858216e-04
5.405338300824363233e-04
5.405343876769868250e-04
5.405349452715374351e-04
5.405353913471778364e-04
5.405359489417283381e-04
5.405366180551890486e-04
5.405372871686496506e-04
5.405377332442901604e-04
5.405384023577507625e-04
5.405391829901215733e-04
5.405399636224922756e-04
5.405405212170428858e-04
5.405413018494135882e-04
5.405420824817843990e-04
5.405427515952450010e-04
5.405435322276158118e-04
5.405443128599866226e-04
5.405452050112674253e-04
5.405459856436382361e-04
5.405471008327393479e-04
5.405479929840201507e-04
5.405487736163909615e-04
5.405496657676717642e-04
5.405507809567728760e-04
5.405516731080537872e-04
5.405526767782447986e-04
5.653395388525529535e-04
5.653395388525529535e-04
5.653395388525529535e-04
5.653396503714630539e-04
5.653396503714630539e-04
5.653397618903731542e-04
5.653399849281933549e-04
5.653400964471034552e-04
5.653402079660135556e-04
5.653403194849236559e-04
5.653405425227438566e-04
5.653408770794742660e-04
5.653411001172944667e-04
5.653414346740247677e-04
5.653415461929348681e-04
5.653419922685752694e-04
5.653422153063955785e-04
5.653426613820359799e-04
5.653431074576763813e-04
5.653435535333168910e-04
5.653438880900471921e-04
5.653443341656875934e-04
5.653447802413279948e-04
5.653452263169685046e-04
5.653457839115190063e-04
5.653462299871594076e-04
5.653468991006201181e-04
5.653474566951706198e-04
5.653480142897212299e-04
5.653486834031818320e-04
5.653493525166425424e-04
5.653500216301031445e-04
5.653506907435638549e-04
5.653513598570244570e-04
5.653520289704851674e-04
5.653528096028558698e-04
5.653535902352266806e-04
5.653544823865074833e-04
5.653551514999681938e-04
5.653560436512491049e-04
5.653570473214400080e-04
5.653578279538108188e-04
5.653588316240018303e-04
5.653596122563725327e-04
5.653605044076534438e-04
5.653616195967545556e-04
5.653626232669454587e-04
5.653635154182263698e-04
5.653646306073274817e-04
5.653657457964285935e-04
5.912889855647484455e-04
5.912889855647484455e-04
5.912890970836585458e-04
5.912890970836585458e-04
5.912890970836585458e-04
5.912892086025686462e-04
5.912894316403888469e-04
5.912895431592989472e-04
5.912897661971191479e-04
5.912898777160292482e-04
5.912901007538494489e-04
5.912904353105798583e-04
5.912906583484000590e-04
5.912908813862202597e-04
5.912912159429505607e-04
5.912915504996808617e-04
5.912918850564112712e-04
5.912923311320516725e-04
5.912926656887819736e-04
5.912931117644224834e-04
5.912936693589729851e-04
5.912941154346133864e-04
5.912946730291639965e-04
5.912951191048043979e-04
5.912955651804447993e-04
5.912961227749954094e-04
5.912966803695459111e-04
5.912973494830066215e-04
5.912980185964672236e-04
5.912986877099279340e-04
5.912993568233885361e-04
5.913000259368492465e-04
5.913008065692199489e-04
5.913014756826806594e-04
5.913022563150513618e-04
5.913030369474221726e-04
5.913039290987029753e-04
5.913048212499838864e-04
5.913056018823546972e-04
5.913064940336355000e-04
5.913073861849164111e-04
5.913082783361973222e-04
5.913092820063882253e-04
5.913101741576691365e-04
5.913112893467702483e-04
5.913122930169611513e-04
5.913134082060622632e-04
5.913145233951633750e-04
5.913155270653543865e-04
5.913166422544554983e-04
6.183705722523713880e-04
6.183705722523713880e-04
6.183705722523713880e-04
6.183706837712814883e-04
6.183707952901915886e-04
6.183707952901915886e-04
6.183710183280118977e-04
6.183712413658320984e-04
6.183714644036522991e-04
6.183715759225623994e-04
6.183717989603826001e-04
6.183720219982028008e-04
6.183723565549332103e-04
6.183726911116635113e-04
6.183730256683938123e-04
6.183732487062140130e-04
6.183736947818545228e-04
6.183741408574949241e-04
6.183744754142252251e-04
6.183749214898656265e-04
6.183754790844162366e-04
6.183759251600566380e-04
6.183763712356970393e-04
6.183770403491577498e-04
6.183775979437082515e-04
6.183781555382588616e-04
6.183788246517194637e-04
6.183794937651801741e-04
6.183800513597306758e-04
6.183808319921014866e-04
6.183815011055620887e-04
6.183822817379328995e-04
6.183830623703036019e-04
6.183837314837643123e-04
6.183846236350451150e-04
6.183855157863260262e-04
6.183862964186968370e-04
6.183873000888877400e-04
6.183881922401686512e-04
6.183890843914495623e-04
6.183901995805505657e-04
6.183910917318314769e-04
6.183920954020224884e-04
6.183932105911236002e-04
6.183941027424044029e-04
6.183953294504156151e-04
6.183964446395167269e-04
6.183975598286178387e-04
6.183986750177189505e-04
6.183999017257300543e-04
6.467008361764859607e-04
6.467008361764859607e-04
6.467009476953960610e-04
6.467009476953960610e-04
6.467010592143061613e-04
6.467011707332162617e-04
6.467012822521263620e-04
6.467015052899466711e-04
6.467017283277668718e-04
6.467018398466769721e-04
6.467021744034072732e-04
6.467023974412274738e-04
6.467027319979577749e-04
6.467030665546881843e-04
6.467034011114184853e-04
6.467037356681487863e-04
6.467041817437892961e-04
6.467046278194296975e-04
6.467049623761599985e-04
6.467055199707106086e-04
6.467059660463510100e-04
6.467065236409015117e-04
6.467070812354521218e-04
6.467077503489127238e-04
6.467083079434633340e-04
6.467088655380138357e-04
6.467095346514744377e-04
6.467102037649351482e-04
6.467109843973058506e-04
6.467115419918564607e-04
6.467124341431373718e-04
6.467133262944181745e-04
6.467141069267889853e-04
6.467148875591596877e-04
6.467157797104405989e-04
6.467166718617215100e-04
6.467175640130023127e-04
6.467184561642832239e-04
6.467193483155641350e-04
6.467204635046651384e-04
6.467215786937662502e-04
6.467224708450471614e-04
6.467235860341482732e-04
6.467247012232492766e-04
6.467258164123503884e-04
6.467269316014515003e-04
6.467280467905526121e-04
6.467292734985638242e-04
6.467305002065750364e-04
6.467318384334963489e-04
6.763260576847873826e-04
6.763259461658772823e-04
6.763260576847873826e-04
6.763261692036974830e-04
6.763261692036974830e-04
6.763262807226075833e-04
6.763265037604277840e-04
6.763267267982479847e-04
6.763269498360681854e-04
6.763270613549782857e-04
6.763272843927985948e-04
6.763277304684389962e-04
6.763280650251692972e-04
6.763282880629894979e-04
6.763287341386300076e-04
6.763290686953603087e-04
6.763295147710007100e-04
6.763298493277310110e-04
6.763304069222816212e-04
6.763309645168321229e-04
6.763314105924726326e-04
6.763320797059332347e-04
6.763325257815736360e-04
6.763331948950343465e-04
6.763338640084949486e-04
6.763345331219556590e-04
6.763353137543263614e-04
6.763359828677870719e-04
6.763367635001577742e-04
6.763374326136184847e-04
6.763383247648993958e-04
6.763391053972700982e-04
6.763401090674611097e-04
6.763408896998318121e-04
6.763416703322026229e-04
6.763426740023936344e-04
6.763436776725845374e-04
6.763447928616856493e-04
6.763456850129665604e-04
6.763468002020676722e-04
6.763478038722585753e-04
6.763489190613596871e-04
6.763500342504607989e-04
6.763512609584720111e-04
6.763524876664832233e-04
6.763534913366742347e-04
6.763548295635954388e-04
6.763561677905167513e-04
6.763575060174380638e-04
6.763586212065391757e-04
7.072461252583654451e-04
7.072462367772755455e-04
7.072461252583654451e-04
7.072463482961856458e-04
7.072463482961856458e-04
7.072465713340058465e-04
7.072466828529159468e-04
7.072467943718260472e-04
7.072470174096462479e-04
7.072473519663766573e-04
7.072475750041968580e-04
7.072479095609271590e-04
7.072482441176574600e-04
7.072485786743878695e-04
7.072489132311181705e-04
7.072494708256686722e-04
7.072498053823989732e-04
7.072503629769495833e-04
7.072509205715000850e-04
7.072513666471405948e-04
7.072520357606011969e-04
7.072525933551516986e-04
7.072531509497023087e-04
7.072538200631629107e-04
7.072544891766236212e-04
7.072552698089943236e-04
7.072560504413651344e-04
7.072566080359156361e-04
7.072575001871965472e-04
7.072583923384774584e-04
7.072591729708481607e-04
7.072600651221290719e-04
7.072609572734099830e-04
7.072618494246907857e-04
7.072627415759716969e-04
7.072638567650728087e-04
7.072648604352637118e-04
7.072659756243648236e-04
7.072669792945558351e-04
7.072680944836569469e-04
7.072693211916681591e-04
7.072704363807691625e-04
7.072716630887803746e-04
7.072728897967915868e-04
7.072741165048027990e-04
7.072754547317241115e-04
7.072767929586454240e-04
7.072781311855667365e-04
7.072794694124880490e-04
7.072808076394093615e-04
7.395902893140366341e-04
7.395902893140366341e-04
7.395904008329467344e-04
7.395904008329467344e-04
7.395905123518568347e-04
7.395906238707669351e-04
7.395908469085871358e-04
7.395909584274973445e-04
7.395911814653175452e-04
7.395915160220478462e-04
7.395917390598680469e-04
7.395920736165983479e-04
7.395924081733287574e-04
7.395928542489691587e-04
7.395933003246095601e-04
7.395937464002500699e-04
7.395941924758904712e-04
7.395946385515308726e-04
7.395951961460814827e-04
7.395957537406319844e-04
7.395964228540926949e-04
7.395970919675532969e-04
7.395976495621037986e-04
7.395983186755645091e-04
7.395990993079352115e-04
7.395998799403060223e-04
7.396005490537667327e-04
7.396014412050475354e-04
7.396022218374183462e-04
7.396032255076092493e-04
7.396040061399800601e-04
7.396050098101710716e-04
7.396060134803619747e-04
7.396069056316428858e-04
7.396080208207439976e-04
7.396089129720249088e-04
7.396099166422158118e-04
7.396111433502270240e-04
7.396123700582382362e-04
7.396134852473393480e-04
7.396147119553505601e-04
7.396159386633617723e-04
7.396172768902830848e-04
7.396186151172043973e-04
7.396199533441257098e-04
7.396212915710470223e-04
7.396226297979683348e-04
7.396240795437997477e-04
7.396255292896311605e-04
7.396268675165524730e-04
7.734104061450017276e-04
7.734104061450017276e-04
7.734105176639118279e-04
7.734105176639118279e-04
7.734106291828219282e-04
7.734108522206421289e-04
7.734110752584624380e-04
7.734112982962826387e-04
7.734115213341028394e-04
7.734117443719230401e-04
7.734120789286533411e-04
7.734124134853837505e-04
7.734128595610241519e-04
7.734131941177544529e-04
7.734135286744847539e-04
7.734140862690353641e-04
7.734146438635858658e-04
7.734150899392263755e-04
7.734157590526869776e-04
7.734162051283273789e-04
7.734168742417880894e-04
7.734175433552486914e-04
7.734183239876195022e-04
7.734189931010801043e-04
7.734197737334509151e-04
7.734205543658216175e-04
7.734214465171025286e-04
7.734223386683834398e-04
7.734231193007541421e-04
7.734241229709451536e-04
7.734250151222260648e-04
7.734260187924169678e-04
7.734269109436978790e-04
7.734280261327989908e-04
7.734291413219001026e-04
7.734302565110012144e-04
7.734313717001022178e-04
7.734327099270235303e-04
7.734338251161246422e-04
7.734350518241358543e-04
7.734362785321470665e-04
7.734376167590683790e-04
7.734389549859896915e-04
7.734405162507312047e-04
7.734417429587424168e-04
7.734434157423940304e-04
7.734446424504052425e-04
7.734460921962366554e-04
7.734476534609781686e-04
7.734492147257196817e-04
8.087238727012377882e-04
8.087238727012377882e-04
8.087238727012377882e-04
8.087239842201478885e-04
8.087242072579680892e-04
8.087243187768781896e-04
8.087244302957882899e-04
8.087246533336084906e-04
8.087248763714286913e-04
8.087252109281589923e-04
8.087255454848894017e-04
8.087258800416197027e-04
8.087263261172601041e-04
8.087267721929006139e-04
8.087272182685410152e-04
8.087276643441814166e-04
8.087281104198219264e-04
8.087288910521926288e-04
8.087294486467432389e-04
8.087300062412937406e-04
8.087306753547543426e-04
8.087314559871251534e-04
8.087320135816756551e-04
8.087329057329565663e-04
8.087335748464172767e-04
8.087345785166081798e-04
8.087353591489789906e-04
8.087363628191700021e-04
8.087371434515407045e-04
8.087382586406418163e-04
8.087391507919227274e-04
8.087402659810237308e-04
8.087413811701248427e-04
8.087424963592259545e-04
8.087436115483270663e-04
8.087449497752483788e-04
8.087460649643494906e-04
8.087471801534504940e-04
8.087485183803718065e-04
8.087498566072931190e-04
8.087511948342144315e-04
8.087525330611357441e-04
8.087540943258772572e-04
8.087554325527985697e-04
8.087569938175400829e-04
8.087584435633716042e-04
8.087600048281131174e-04
8.087616776117647309e-04
8.087632388765062441e-04
8.087648001412477573e-04
8.456620582588530999e-04
8.456620582588530999e-04
8.456621697777632002e-04
8.456622812966734090e-04
8.456623928155835093e-04
8.456626158534037100e-04
8.456627273723138103e-04
8.456630619290441114e-04
8.456632849668643120e-04
8.456635080046845127e-04
8.456639540803250225e-04
8.456642886370553235e-04
8.456647347126957249e-04
8.456651807883362347e-04
8.456656268639766360e-04
8.456661844585271377e-04
8.456667420530777479e-04
8.456674111665383499e-04
8.456679687610889600e-04
8.456686378745495621e-04
8.456694185069203729e-04
8.456699761014708746e-04
8.456708682527517857e-04
8.456717604040325884e-04
8.456725410364033992e-04
8.456734331876843104e-04
8.456744368578752134e-04
8.456753290091561246e-04
8.456763326793471361e-04
8.456773363495380391e-04
8.456783400197290506e-04
8.456794552088301624e-04
8.456806819168413746e-04
8.456817971059424864e-04
8.456831353328637989e-04
8.456843620408749027e-04
8.456855887488861148e-04
8.456869269758074273e-04
8.456882652027287398e-04
8.456897149485601527e-04
8.456910531754814652e-04
8.456927259591331871e-04
8.456941757049646000e-04
8.456956254507960128e-04
8.456972982344476263e-04
8.456987479802790392e-04
8.457005322828407530e-04
8.457023165854024669e-04
8.457038778501440885e-04
8.457056621527058024e-04
8.842833987267451198e-04
8.842833987267451198e-04
8.842833987267451198e-04
8.842835102456552201e-04
8.842836217645653205e-04
8.842839563212956215e-04
8.842840678402057219e-04
8.842842908780260310e-04
8.842846254347563320e-04
8.842849599914866330e-04
8.842852945482169340e-04
8.842856291049473435e-04
8.842861866994978452e-04
8.842866327751382465e-04
8.842870788507787563e-04
8.842876364453292580e-04
8.842883055587898600e-04
8.842889746722505705e-04
8.842896437857111725e-04
8.842903128991718830e-04
8.842910935315426938e-04
8.842918741639133962e-04
8.842926547962842070e-04
8.842934354286549094e-04
8.842944390988459209e-04
8.842954427690369323e-04
8.842963349203177351e-04
8.842973385905087465e-04
8.842984537796098584e-04
8.842994574498008699e-04
8.843006841578119736e-04
8.843016878280029851e-04
8.843030260549242976e-04
8.843043642818456101e-04
8.843055909898568222e-04
8.843068176978680344e-04
8.843082674436994473e-04
8.843097171895308601e-04
8.843111669353622729e-04
8.843126166811936858e-04
8.843140664270250986e-04
8.843156276917666118e-04
8.843171889565081250e-04
8.843188617401598469e-04
8.843205345238114605e-04
8.843222073074630740e-04
8.843239916100247879e-04
8.843257759125866101e-04
8.843275602151483240e-04
8.843293445177100379e-04
9.246187848430139191e-04
9.246187848430139191e-04
9.246187848430139191e-04
9.246188963619240194e-04
9.246191193997442201e-04
9.246192309186543204e-04
9.246194539564745211e-04
9.246196769942947218e-04
9.246200115510251312e-04
9.246203461077554323e-04
9.246206806644857333e-04
9.246211267401261346e-04
9.246215728157666444e-04
9.246222419292272465e-04
9.246226880048676478e-04
9.246233571183283583e-04
9.246238031939687596e-04
9.246245838263395704e-04
9.246252529398001725e-04
9.246260335721709833e-04
9.246269257234518944e-04
9.246277063558225968e-04
9.246285985071035080e-04
9.246294906583843107e-04
9.246304943285753222e-04
9.246313864798562333e-04
9.246323901500472448e-04
9.246335053391482482e-04
9.246346205282493600e-04
9.246358472362605722e-04
9.246369624253616840e-04
9.246381891333728962e-04
9.246395273602942087e-04
9.246407540683054208e-04
9.246422038141368337e-04
9.246436535599682465e-04
9.246449917868895590e-04
9.246464415327209719e-04
9.246480027974624850e-04
9.246495640622039982e-04
9.246510138080354111e-04
9.246529096295072253e-04
9.246545824131589472e-04
9.246561436779004604e-04
9.246580394993722746e-04
9.246599353208440888e-04
9.246614965855857104e-04
9.246635039259676250e-04
9.246655112663496479e-04
9.246672955689113618e-04
9.668087304343968768e-04
9.668087304343968768e-04
9.668087304343968768e-04
9.668089534722170775e-04
9.668090649911272863e-04
9.668092880289474869e-04
9.668095110667676876e-04
9.668097341045878883e-04
9.668100686613181893e-04
9.668104032180484904e-04
9.668108492936890001e-04
9.668112953693294015e-04
9.668117414449698029e-04
9.668124105584305133e-04
9.668129681529810150e-04
9.668135257475316251e-04
9.668141948609922272e-04
9.668149754933630380e-04
9.668157561257337404e-04
9.668164252391944508e-04
9.668173173904752535e-04
9.668180980228460644e-04
9.668192132119471762e-04
9.668201053632280873e-04
9.668212205523290907e-04
9.668221127036100019e-04
9.668232278927111137e-04
9.668243430818122255e-04
9.668256813087335380e-04
9.668267964978345414e-04
9.668280232058457536e-04
9.668293614327670661e-04
9.668308111785984789e-04
9.668321494055197914e-04
9.668334876324411039e-04
9.668350488971826171e-04
9.668366101619241303e-04
9.668380599077556516e-04
9.668397326914072651e-04
9.668414054750588786e-04
9.668429667398003918e-04
9.668447510423621057e-04
9.668466468638340283e-04
9.668484311663957421e-04
9.668503269878675564e-04
9.668522228093394790e-04
9.668540071119011928e-04
9.668560144522832158e-04
9.668580217926651304e-04
9.668602521708673540e-04
1.010921708111701131e-03
1.010921596592791140e-03
1.010921819630611340e-03
1.010921931149521332e-03
1.010922042668431541e-03
1.010922265706251742e-03
1.010922488744071942e-03
1.010922711781892143e-03
1.010923157857532544e-03
1.010923603933172946e-03
1.010923938489903355e-03
1.010924384565543756e-03
1.010924942160094367e-03
1.010925499754644977e-03
1.010926168868105579e-03
1.010926837981566181e-03
1.010927507095026783e-03
1.010928176208487602e-03
1.010928956840858196e-03
1.010929848992139215e-03
1.010930741143420018e-03
1.010931633294700821e-03
1.010932636964891832e-03
1.010933752153993052e-03
1.010934755824183847e-03
1.010935871013285067e-03
1.010936986202386071e-03
1.010938101391487291e-03
1.010939439618408495e-03
1.010940777845329916e-03
1.010942116072251120e-03
1.010943565818082533e-03
1.010944904045003954e-03
1.010946465309745359e-03
1.010947915055576771e-03
1.010949476320318393e-03
1.010951149103970007e-03
1.010952821887621620e-03
1.010954494671273234e-03
1.010956167454924847e-03
1.010957951757486669e-03
1.010959736060048275e-03
1.010961743400430298e-03
1.010963750740812321e-03
1.010965535043374143e-03
1.010967765421576150e-03
1.010969772761958173e-03
1.010971780102340196e-03
1.010973787442722219e-03
1.010976240858744426e-03
1.057010020243767754e-03
1.057010131762677963e-03
1.057010243281587955e-03
1.057010354800498163e-03
1.057010577838318364e-03
1.057010800876138565e-03
1.057010912395048774e-03
1.057011246951778966e-03
1.057011693027419368e-03
1.057012027584149777e-03
1.057012473659790178e-03
1.057013031254340788e-03
1.057013700367801391e-03
1.057014146443441792e-03
1.057014815556902611e-03
1.057015484670363213e-03
1.057016265302734024e-03
1.057017045935104618e-03
1.057017826567475428e-03
1.057018830237666440e-03
1.057019722388947243e-03
1.057020614540228262e-03
1.057021618210419274e-03
1.057022844918430486e-03
1.057023960107531489e-03
1.057025075296632493e-03
1.057026413523553914e-03
1.057027528712654917e-03
1.057028866939576338e-03
1.057030316685407751e-03
1.057031654912328955e-03
1.057033216177070576e-03
1.057034665922901989e-03
1.057036338706553603e-03
1.057037899971295008e-03
1.057039572754946838e-03
1.057041134019688243e-03
1.057042918322250065e-03
1.057044814143721879e-03
1.057046598446283701e-03
1.057048494267755516e-03
1.057050390089227330e-03
1.057052508948519345e-03
1.057054516288901368e-03
1.057056523629283391e-03
1.057058754007485614e-03
1.057060984385687621e-03
1.057063214763889845e-03
1.057065222104271868e-03
1.057067675520294292e-03
1.105216968630087174e-03
1.105216968630087174e-03
1.105216968630087174e-03
1.105217191667907375e-03
1.105217303186817367e-03
1.105217637743547776e-03
1.105217860781367977e-03
1.105218195338098387e-03
1.105218641413738788e-03
1.105218975970468981e-03
1.105219422046109599e-03
1.105219979640659992e-03
1.105220648754120594e-03
1.105221317867581413e-03
1.105221986981042015e-03
1.105222656094502617e-03
1.105223436726873428e-03
1.105224328878154231e-03
1.105225221029435250e-03
1.105226113180716053e-03
1.105227116850907064e-03
1.105228120521098076e-03
1.105229124191289087e-03
1.105230239380390091e-03
1.105231466088401303e-03
1.105232692796412515e-03
1.105234031023333719e-03
1.105235369250255140e-03
1.105236707477176344e-03
1.105238380260827958e-03
1.105239830006659370e-03
1.105241391271400992e-03
1.105242952536142614e-03
1.105244513800884018e-03
1.105246298103445841e-03
1.105248082406007446e-03
1.105249866708569268e-03
1.105251762530041083e-03
1.105253658351512897e-03
1.105255554172984928e-03
1.105257449994456742e-03
1.105259680372658966e-03
1.105261687713040772e-03
1.105263695053422795e-03
1.105266148469445219e-03
1.105268378847647443e-03
1.105270609225849666e-03
1.105273062641871874e-03
1.105275516057894298e-03
1.105277969473916723e-03
1.155619947394274667e-03
1.155620058913184658e-03
1.155620170432094867e-03
1.155620281951005076e-03
1.155620504988825277e-03
1.155620616507735269e-03
1.155620951064465678e-03
1.155621285621195871e-03
1.155621843215746481e-03
1.155622177772476890e-03
1.155622735367027283e-03
1.155623181442667902e-03
1.155623962075038496e-03
1.155624631188499314e-03
1.155625300301959917e-03
1.155626080934330727e-03
1.155626861566701321e-03
1.155627865236892333e-03
1.155628645869263144e-03
1.155629872577274356e-03
1.155630764728555158e-03
1.155631879917656379e-03
1.155632995106757382e-03
1.155634333333678803e-03
1.155635671560600007e-03
1.155636786749701227e-03
1.155638236495532640e-03
1.155639574722453844e-03
1.155641135987195466e-03
1.155642585733026879e-03
1.155644146997768284e-03
1.155645931300330106e-03
1.155647492565071511e-03
1.155649276867633333e-03
1.155651061170195155e-03
1.155652956991666969e-03
1.155654741294228792e-03
1.155656748634610598e-03
1.155658867493902829e-03
1.155660874834284636e-03
1.155662882174666659e-03
1.155665224071778874e-03
1.155667342931071106e-03
1.155669796347093530e-03
1.155672026725295537e-03
1.155674257103497761e-03
1.155676933557340386e-03
1.155679386973362810e-03
1.155682063427205435e-03
1.155684516843227859e-03
1.208289101930789091e-03
1.208289101930789091e-03
1.208289101930789091e-03
1.208289324968609291e-03
1.208289548006429492e-03
1.208289771044249693e-03
1.208290105600980102e-03
1.208290440157710512e-03
1.208290886233350913e-03
1.208291332308991314e-03
1.208291889903541924e-03
1.208292447498092318e-03
1.208293116611553137e-03
1.208293897243923731e-03
1.208294566357384549e-03
1.208295458508665352e-03
1.208296350659946155e-03
1.208297354330137166e-03
1.208298246481418186e-03
1.208299361670519189e-03
1.208300476859620193e-03
1.208301592048721413e-03
1.208302818756732625e-03
1.208304045464743837e-03
1.208305495210575250e-03
1.208306721918586462e-03
1.208308283183327867e-03
1.208309844448069489e-03
1.208311405712810893e-03
1.208312966977552515e-03
1.208314528242293920e-03
1.208316312544855742e-03
1.208318208366327556e-03
1.208319881149979170e-03
1.208321888490361193e-03
1.208323895830743216e-03
1.208325903171125239e-03
1.208327910511507045e-03
1.208330140889709269e-03
1.208332259749001283e-03
1.208334490127203507e-03
1.208336832024315939e-03
1.208339285440338147e-03
1.208341515818540371e-03
1.208343969234562795e-03
1.208346645688405420e-03
1.208349099104427844e-03
1.208351775558270469e-03
1.208354675049933295e-03
1.208357128465955719e-03
1.263378439854491268e-03
1.263378551373401260e-03
1.263378662892311469e-03
1.263378662892311469e-03
1.263378997449041662e-03
1.263379332005772071e-03
1.263379555043592272e-03
1.263379889600322681e-03
1.263380447194873074e-03
1.263380893270513693e-03
1.263381450865064086e-03
1.263382119978524905e-03
1.263382677573075298e-03
1.263383569724356318e-03
1.263384350356726912e-03
1.263385242508007931e-03
1.263386246178198943e-03
1.263387249848389737e-03
1.263388141999670757e-03
1.263389368707681969e-03
1.263390595415693181e-03
1.263391710604794185e-03
1.263392937312805397e-03
1.263394387058636810e-03
1.263395836804468222e-03
1.263397286550299635e-03
1.263398736296131048e-03
1.263400409079782662e-03
1.263402081863434275e-03
1.263403866165996097e-03
1.263405538949647711e-03
1.263407434771119525e-03
1.263409107554771139e-03
1.263411114895153162e-03
1.263413122235535185e-03
1.263415352613737408e-03
1.263417359954119214e-03
1.263419701851231647e-03
1.263421932229433870e-03
1.263424162607635877e-03
1.263426504504748310e-03
1.263428957920770734e-03
1.263431634374613359e-03
1.263434087790635567e-03
1.263436764244478192e-03
1.263439217660500616e-03
1.263442117152163442e-03
1.263444570568185866e-03
1.263447693097668892e-03
1.263450592589331718e-03
1.320978737558209598e-03
1.320978737558209598e-03
1.320978849077119807e-03
1.320979072114940008e-03
1.320979183633850217e-03
1.320979518190580409e-03
1.320979852747310819e-03
1.320980298822951220e-03
1.320980744898591621e-03
1.320981302493142232e-03
1.320981971606602834e-03
1.320982529201153444e-03
1.320983309833524254e-03
1.320984090465894848e-03
1.320984982617175868e-03
1.320985763249546462e-03
1.320986878438647682e-03
1.320987882108838694e-03
1.320988997297939697e-03
1.320990112487040700e-03
1.320991450713962121e-03
1.320992788940883325e-03
1.320994015648894538e-03
1.320995465394725950e-03
1.320996915140557363e-03
1.320998476405298985e-03
1.321000149188950598e-03
1.321001821972602212e-03
1.321003606275164034e-03
1.321005390577725857e-03
1.321007286399197671e-03
1.321009293739579477e-03
1.321011078042141299e-03
1.321013196901433314e-03
1.321015427279635538e-03
1.321017546138927553e-03
1.321019888036039985e-03
1.321022118414242209e-03
1.321024571830264416e-03
1.321026913727376849e-03
1.321029367143399273e-03
1.321032043597241898e-03
1.321034720051084523e-03
1.321037396504927148e-03
1.321040072958769773e-03
1.321042972450432599e-03
1.321045871942095424e-03
1.321048771433758250e-03
1.321051893963241276e-03
1.321054793454904102e-03
1.381180548396953147e-03
1.381180436878042938e-03
1.381180659915863139e-03
1.381180659915863139e-03
1.381180994472593548e-03
1.381181217510413749e-03
1.381181663586054150e-03
1.381182109661694551e-03
1.381182555737335170e-03
1.381183113331885563e-03
1.381183782445346382e-03
1.381184451558806984e-03
1.381185343710087787e-03
1.381186124342458597e-03
1.381187016493739400e-03
1.381188020163930412e-03
1.381189135353031415e-03
1.381190250542132635e-03
1.381191365731233639e-03
1.381192592439244851e-03
1.381193819147256063e-03
1.381195268893087476e-03
1.381196718638918889e-03
1.381198168384750301e-03
1.381199729649491923e-03
1.381201402433143537e-03
1.381203075216795150e-03
1.381204971038266964e-03
1.381206866859738779e-03
1.381208539643390392e-03
1.381210658502682624e-03
1.381212777361974639e-03
1.381214784702356662e-03
1.381217015080558885e-03
1.381219356977671101e-03
1.381221475836963116e-03
1.381224040771895749e-03
1.381226382669007964e-03
1.381229059122850589e-03
1.381231512538873014e-03
1.381234188992715639e-03
1.381236865446558264e-03
1.381239764938221089e-03
1.381242441392063714e-03
1.381245340883726540e-03
1.381248463413209566e-03
1.381251362904872392e-03
1.381254485434355419e-03
1.381257831001658646e-03
1.381260953531141672e-03
1.444148697319862793e-03
1.444148808838772785e-03
1.444148920357682993e-03
1.444149031876592985e-03
1.444149254914413403e-03
1.444149589471143596e-03
1.444150035546783997e-03
1.444150370103514406e-03
1.444150927698065016e-03
1.444151596811525618e-03
1.444152265924986221e-03
1.444153046557357031e-03
1.444153827189727842e-03
1.444154719341008645e-03
1.444155723011199656e-03
1.444156615162480459e-03
1.444157841870491671e-03
1.444158957059592891e-03
1.444160072248693895e-03
1.444161521994525308e-03
1.444162971740356721e-03
1.444164309967278141e-03
1.444165871232019546e-03
1.444167544015671160e-03
1.444169216799322773e-03
1.444171001101884596e-03
1.444172562366626000e-03
1.444174569707008023e-03
1.444176577047390046e-03
1.444178584387772069e-03
1.444180703247064084e-03
1.444182822106356099e-03
1.444185164003468531e-03
1.444187282862760546e-03
1.444189736278782971e-03
1.444192189694805395e-03
1.444194643110827602e-03
1.444197208045760236e-03
1.444199884499602861e-03
1.444202672472355477e-03
1.444205348926198102e-03
1.444208471455681129e-03
1.444211370947344171e-03
1.444214270439006997e-03
1.444217392968490023e-03
1.444220515497973050e-03
1.444223638027456076e-03
1.444226983594759303e-03
1.444230329162062530e-03
1.444233897767186175e-03
1.509982213119115445e-03
1.509982101600205453e-03
1.509982324638025654e-03
1.509982436156935646e-03
1.509982659194755846e-03
1.509983105270396465e-03
1.509983439827126657e-03
1.509983997421677267e-03
1.509984443497317669e-03
1.509985112610778271e-03
1.509985893243149082e-03
1.509986673875519892e-03
1.509987566026800695e-03
1.509988458178081715e-03
1.509989461848272509e-03
1.509990577037373730e-03
1.509991803745384942e-03
1.509992807415575953e-03
1.509994368680317358e-03
1.509995706907238779e-03
1.509997045134159983e-03
1.509998717917811597e-03
1.510000167663643009e-03
1.510001951966204832e-03
1.510003736268766654e-03
1.510005632090238468e-03
1.510007416392800074e-03
1.510009312214272105e-03
1.510011431073564120e-03
1.510013661451766343e-03
1.510015891829968350e-03
1.510018010689260582e-03
1.510020464105283006e-03
1.510022917521305430e-03
1.510025482456237847e-03
1.510028047391170263e-03
1.510030612326102896e-03
1.510033400298855513e-03
1.510036188271608347e-03
1.510039087763271172e-03
1.510042098773843990e-03
1.510045221303327233e-03
1.510048120794990059e-03
1.510051243324473085e-03
1.510054588891776312e-03
1.510058157496899740e-03
1.510061503064202967e-03
1.510064848631506411e-03
1.510068417236629839e-03
1.510071985841753266e-03
1.578787930910595903e-03
1.578787930910595903e-03
1.578788042429505895e-03
1.578788265467326096e-03
1.578788488505146297e-03
1.578788823061876706e-03
1.578789269137517107e-03
1.578789826732067718e-03
1.578790384326618328e-03
1.578791164958988922e-03
1.578791834072449740e-03
1.578792726223730543e-03
1.578793618375011346e-03
1.578794622045202357e-03
1.578795625715393369e-03
1.578796740904494372e-03
1.578797967612505584e-03
1.578799417358336997e-03
1.578800755585258418e-03
1.578802205331089831e-03
1.578803878114741445e-03
1.578805327860572857e-03
1.578807112163134680e-03
1.578808784946786293e-03
1.578810680768258107e-03
1.578812688108640130e-03
1.578814695449021937e-03
1.578816702789403960e-03
1.578819044686516392e-03
1.578821163545808407e-03
1.578823393924010630e-03
1.578825847340033055e-03
1.578828412274965471e-03
1.578831088728808096e-03
1.578833653663740512e-03
1.578836441636493346e-03
1.578839229609245963e-03
1.578842129100908789e-03
1.578845140111481823e-03
1.578848151122054858e-03
1.578851273651537884e-03
1.578854396181020910e-03
1.578857741748324137e-03
1.578861087315627364e-03
1.578864655920751009e-03
1.578868224525874437e-03
1.578871793130997864e-03
1.578875361736121292e-03
1.578879153379065137e-03
1.578882945022008766e-03
1.650755321322579065e-03
1.650755321322579065e-03
1.650755432841489274e-03
1.650755767398219684e-03
1.650755990436039884e-03
1.650756436511680286e-03
1.650756882587320687e-03
1.650757440181871297e-03
1.650757997776421690e-03
1.650758778408792501e-03
1.650759559041163312e-03
1.650760451192444115e-03
1.650761343343725134e-03
1.650762458532826138e-03
1.650763462203017149e-03
1.650764800429938353e-03
1.650766027137949565e-03
1.650767365364870986e-03
1.650768815110702399e-03
1.650770487894354013e-03
1.650772160678005626e-03
1.650773833461657240e-03
1.650775617764219062e-03
1.650777513585690876e-03
1.650779520926072899e-03
1.650781416747544713e-03
1.650783647125746937e-03
1.650785877503949161e-03
1.650788219401061376e-03
1.650790561298173592e-03
1.650793014714196016e-03
1.650795579649128649e-03
1.650798144584061065e-03
1.650801044075723891e-03
1.650803720529566516e-03
1.650806620021229342e-03
1.650809519512892167e-03
1.650812642042375194e-03
1.650815764571858220e-03
1.650819110139161664e-03
1.650822455706464891e-03
1.650825578235947918e-03
1.650829146841071345e-03
1.650832715446194773e-03
1.650836284051318418e-03
1.650840075694262046e-03
1.650843867337205891e-03
1.650847882017969720e-03
1.650851896698733549e-03
1.650855911379497595e-03
1.725990327319669145e-03
1.725990327319669145e-03
1.725990438838579137e-03
1.725990661876399337e-03
1.725991107952039739e-03
1.725991442508770148e-03
1.725992000103320758e-03
1.725992557697871152e-03
1.725993115292421762e-03
1.725993895924792573e-03
1.725994788076073375e-03
1.725995568708444186e-03
1.725996683897545190e-03
1.725997910605556402e-03
1.725998914275747413e-03
1.726000364021578826e-03
1.726001590729590038e-03
1.726003040475421451e-03
1.726004601740163073e-03
1.726006274523814686e-03
1.726007947307466300e-03
1.726009843128938114e-03
1.726011738950409928e-03
1.726013746290791951e-03
1.726015865150083966e-03
1.726017984009376198e-03
1.726020102868668213e-03
1.726022556284690637e-03
1.726025009700713061e-03
1.726027574635645477e-03
1.726030139570578111e-03
1.726032927543330727e-03
1.726035715516083561e-03
1.726038503488836178e-03
1.726041514499409213e-03
1.726044525509982030e-03
1.726047759558375265e-03
1.726050882087858292e-03
1.726054116136251527e-03
1.726057573222464963e-03
1.726061141827588390e-03
1.726064710432711818e-03
1.726068279037835246e-03
1.726072070680779091e-03
1.726076085361542920e-03
1.726079877004486765e-03
1.726083891685250594e-03
1.726087906366014640e-03
1.726092144084598670e-03
1.726096381803182917e-03
1.804619857421569653e-03
1.804619968940479862e-03
1.804620080459389854e-03
1.804620303497210271e-03
1.804620638053940464e-03
1.804621084129580865e-03
1.804621530205221267e-03
1.804622199318682086e-03
1.804622868432142688e-03
1.804623649064513499e-03
1.804624652734704510e-03
1.804625544885985313e-03
1.804626660075086316e-03
1.804627775264187536e-03
1.804629001972198749e-03
1.804630340199119953e-03
1.804631789944951365e-03
1.804633462728602979e-03
1.804634912474434392e-03
1.804636808295906423e-03
1.804638592598468028e-03
1.804640488419939843e-03
1.804642495760321865e-03
1.804644614619613880e-03
1.804646956516726313e-03
1.804649075376018328e-03
1.804651528792040752e-03
1.804653982208063176e-03
1.804656435624085601e-03
1.804659112077928226e-03
1.804661900050680843e-03
1.804664799542343668e-03
1.804667699034006494e-03
1.804670821563489520e-03
1.804673832574062555e-03
1.804677066622455790e-03
1.804680412189759017e-03
1.804683757757062244e-03
1.804687326362185672e-03
1.804690894967309316e-03
1.804694686610252945e-03
1.804698255215376372e-03
1.804702269896140418e-03
1.804706061539084047e-03
1.804710299257668293e-03
1.804714536976252323e-03
1.804718774694836570e-03
1.804723012413420600e-03
1.804727473169825047e-03
1.804731933926229277e-03
1.886861819578634220e-03
1.886861931097544428e-03
1.886862154135364629e-03
1.886862377173184830e-03
1.886862600211005030e-03
1.886863157805555640e-03
1.886863603881196042e-03
1.886864272994656644e-03
1.886865053627027455e-03
1.886865945778308257e-03
1.886866837929589277e-03
1.886867841599780288e-03
1.886869068307791501e-03
1.886870295015802713e-03
1.886871521723813708e-03
1.886872971469645338e-03
1.886874532734386743e-03
1.886876093999128364e-03
1.886877878301689970e-03
1.886879662604251792e-03
1.886881669944633815e-03
1.886883677285015621e-03
1.886885796144307853e-03
1.886888026522509859e-03
1.886890256900712083e-03
1.886892821835644716e-03
1.886895163732756932e-03
1.886897728667689348e-03
1.886900628159352391e-03
1.886903304613194799e-03
1.886906315623767833e-03
1.886909326634340868e-03
1.886912337644913685e-03
1.886915571693306920e-03
1.886918805741700155e-03
1.886922262827913374e-03
1.886925831433037019e-03
1.886929400038160447e-03
1.886933191681104075e-03
1.886936983324047920e-03
1.886940774966991549e-03
1.886944789647755595e-03
1.886948804328519424e-03
1.886953042047103454e-03
1.886957279765687700e-03
1.886961740522092148e-03
1.886966201278496378e-03
1.886970885072721026e-03
1.886975568866945674e-03
1.886980029623349904e-03
1.972819145744893372e-03
1.972819257263803798e-03
1.972819368782713790e-03
1.972819703339444199e-03
1.972820037896174609e-03
1.972820483971815010e-03
1.972821153085275395e-03
1.972821710679826222e-03
1.972822491312196599e-03
1.972823383463477836e-03
1.972824387133668630e-03
1.972825502322769851e-03
1.972826729030781063e-03
1.972827955738792275e-03
1.972829293965713479e-03
1.972830966749365093e-03
1.972832528014106714e-03
1.972834312316668320e-03
1.972835985100319933e-03
1.972837992440701956e-03
1.972839999781083979e-03
1.972842118640375994e-03
1.972844460537488426e-03
1.972846690915690433e-03
1.972849144331712858e-03
1.972851597747735282e-03
1.972854497239398108e-03
1.972857062174330524e-03
1.972860073184903775e-03
1.972862972676566601e-03
1.972865983687139418e-03
1.972869217735532654e-03
1.972872563302835881e-03
1.972875908870139108e-03
1.972879365956352327e-03
1.972882823042565979e-03
1.972886726204419600e-03
1.972890406328453236e-03
1.972894532528127274e-03
1.972898435689980894e-03
1.972902450370744940e-03
1.972906911127149387e-03
1.972910925807913433e-03
1.972915386564317881e-03
1.972919847320721894e-03
1.972924754152766743e-03
1.972929437946991608e-03
1.972934121741216039e-03
1.972939028573260888e-03
1.972943935405305736e-03
2.062639040881691487e-03
2.062639152400601479e-03
2.062639263919511471e-03
2.062639486957331889e-03
2.062639821514062298e-03
2.062640379108612691e-03
2.062641048222073510e-03
2.062641717335533895e-03
2.062642497967904706e-03
2.062643501638095501e-03
2.062644616827196721e-03
2.062645732016297941e-03
2.062646958724309153e-03
2.062648296951230358e-03
2.062649969734881971e-03
2.062651530999623593e-03
2.062653092264365214e-03
2.062654876566926820e-03
2.062656883907308843e-03
2.062658891247690866e-03
2.062661010106982881e-03
2.062663352004095313e-03
2.062665582382297320e-03
2.062668147317229736e-03
2.062670712252162152e-03
2.062673388706004994e-03
2.062676065159847402e-03
2.062679187689330645e-03
2.062682198699903463e-03
2.062685321229386706e-03
2.062688555277779941e-03
2.062691789326172743e-03
2.062695469450206379e-03
2.062698815017509606e-03
2.062702606660453668e-03
2.062706398303397297e-03
2.062710189946340925e-03
2.062714316146014963e-03
2.062718442345689001e-03
2.062722680064273031e-03
2.062727140820677478e-03
2.062731378539261508e-03
2.062735839295665955e-03
2.062740746127710804e-03
2.062745429921935235e-03
2.062750336753980084e-03
2.062755466623845350e-03
2.062760596493710182e-03
2.062765726363575448e-03
2.062770856233440281e-03
2.156583574427784096e-03
2.156583685946694088e-03
2.156583797465604514e-03
2.156584132022334923e-03
2.156584578097975324e-03
2.156585024173615726e-03
2.156585693287076111e-03
2.156586362400536930e-03
2.156587254551817733e-03
2.156588146703098535e-03
2.156589373411109747e-03
2.156590600119120960e-03
2.156591938346042164e-03
2.156593388091873793e-03
2.156594949356615415e-03
2.156596733659177020e-03
2.156598406442828634e-03
2.156600302264300665e-03
2.156602421123592680e-03
2.156604539982884695e-03
2.156606881879997127e-03
2.156609223777109126e-03
2.156611677193131550e-03
2.156614353646974392e-03
2.156616918581906808e-03
2.156619818073569634e-03
2.156622717565232460e-03
2.156625951613625695e-03
2.156628962624198512e-03
2.156632308191501739e-03
2.156635765277715392e-03
2.156639222363928611e-03
2.156642902487962248e-03
2.156646694130905876e-03
2.156650597292759930e-03
2.156654611973523542e-03
2.156658738173197580e-03
2.156662864372871618e-03
2.156667548167096483e-03
2.156672008923500496e-03
2.156676469679904944e-03
2.156680930436309391e-03
2.156685837268354240e-03
2.156690744100399088e-03
2.156695873970263921e-03
2.156701003840129187e-03
2.156706356747814437e-03
2.156711709655499687e-03
2.156717285601004921e-03
2.156722861546510588e-03
2.254747648975674937e-03
2.254747648975674937e-03
2.254747983532405346e-03
2.254748206570225330e-03
2.254748652645865731e-03
2.254749210240416558e-03
2.254749879353876944e-03
2.254750771505157746e-03
2.254751552137528557e-03
2.254752667326629777e-03
2.254753782515730998e-03
2.254755120742652202e-03
2.254756570488483398e-03
2.254758020234315027e-03
2.254759581499056649e-03
2.254761477320528246e-03
2.254763373142000277e-03
2.254765380482382300e-03
2.254767610860584307e-03
2.254769841238786748e-03
2.254772294654808738e-03
2.254774636551921171e-03
2.254777313005764013e-03
2.254780212497426838e-03
2.254783000470179238e-03
2.254786011480752490e-03
2.254789245529145725e-03
2.254792368058628534e-03
2.254795713625931761e-03
2.254799282231055406e-03
2.254802739317268625e-03
2.254806642479122679e-03
2.254810322603156315e-03
2.254814448802830353e-03
2.254818463483593965e-03
2.254822701202178429e-03
2.254827050439672451e-03
2.254831622714986890e-03
2.254836083471391337e-03
2.254840767265615768e-03
2.254845674097660617e-03
2.254850803967525883e-03
2.254855710799570732e-03
2.254861063707255982e-03
2.254866193577120814e-03
2.254871769522626048e-03
2.254877345468131716e-03
2.254882921413636949e-03
2.254888943434783018e-03
2.254894742418108670e-03
2.357306906808785164e-03
2.357306906808785164e-03
2.357307129846605148e-03
2.357307464403335558e-03
2.357307910478975959e-03
2.357308579592436778e-03
2.357309248705897597e-03
2.357310029338268408e-03
2.357311144527369194e-03
2.357312148197560422e-03
2.357313374905571635e-03
2.357314713132492839e-03
2.357316274397234460e-03
2.357317947180886074e-03
2.357319619964537687e-03
2.357321404267099293e-03
2.357323300088571324e-03
2.357325641985683323e-03
2.357327872363885763e-03
2.357330214260997762e-03
2.357332667677020186e-03
2.357335344130863028e-03
2.357338132103615862e-03
2.357341143114188679e-03
2.357344265643671489e-03
2.357347276654244740e-03
2.357350510702637975e-03
2.357354079307761186e-03
2.357357647912884831e-03
2.357361328036918467e-03
2.357365119679862096e-03
2.357369022841715716e-03
2.357373037522479762e-03
2.357377275241063792e-03
2.357381624478558247e-03
2.357386085234962694e-03
2.357390769029187125e-03
2.357395341304501565e-03
2.357400248136546413e-03
2.357405154968591262e-03
2.357410284838456094e-03
2.357415414708321361e-03
2.357420990653826594e-03
2.357426566599332262e-03
2.357432142544837496e-03
2.357437718490343163e-03
2.357443740511488799e-03
2.357449762532634868e-03
2.357455784553780936e-03
2.357462029612746989e-03
2.464572820243049640e-03
2.464572931761960066e-03
2.464573154799780050e-03
2.464573600875420451e-03
2.464574046951060853e-03
2.464574604545611679e-03
2.464575385177982490e-03
2.464576388848173285e-03
2.464577280999454088e-03
2.464578507707465300e-03
2.464579845934386504e-03
2.464581184161308142e-03
2.464582856944959755e-03
2.464584529728611369e-03
2.464586202512262982e-03
2.464588209852645005e-03
2.464590440230847012e-03
2.464592782127959444e-03
2.464595012506161451e-03
2.464597688960004293e-03
2.464600253894936709e-03
2.464603041867689543e-03
2.464606052878262361e-03
2.464609175407745604e-03
2.464612186418318421e-03
2.464615531985621649e-03
2.464619212109655285e-03
2.464622669195868504e-03
2.464626460838812132e-03
2.464630364000666186e-03
2.464634378681430232e-03
2.464638616400014262e-03
2.464642854118598292e-03
2.464647203356092747e-03
2.464651887150317178e-03
2.464656459425631618e-03
2.464661366257676466e-03
2.464666496127541299e-03
2.464671625997406565e-03
2.464676755867271397e-03
2.464682108774956647e-03
2.464687684720462315e-03
2.464693260665967549e-03
2.464699059649293200e-03
2.464705081670439269e-03
2.464711103691584904e-03
2.464717348750551391e-03
2.464723593809517443e-03
2.464730284944123898e-03
2.464736753040910368e-03
2.576619214796961078e-03
2.576619326315871070e-03
2.576619549353691488e-03
2.576619883910421897e-03
2.576620441504972291e-03
2.576620999099522684e-03
2.576621891250803920e-03
2.576622783402084723e-03
2.576623787072275518e-03
2.576625125299196722e-03
2.576626352007207934e-03
2.576627913271949556e-03
2.576629697574511161e-03
2.576631481877073200e-03
2.576633377698544797e-03
2.576635496557836812e-03
2.576637726936039253e-03
2.576639957314241260e-03
2.576642633768084101e-03
2.576645310221926510e-03
2.576647986675769351e-03
2.576651109205252161e-03
2.576654120215825412e-03
2.576657354264218214e-03
2.576660699831521874e-03
2.576664156917735093e-03
2.576667948560678722e-03
2.576671740203622350e-03
2.576675754884386396e-03
2.576679881084060434e-03
2.576684007283734472e-03
2.576688468040138919e-03
2.576692928796543366e-03
2.576697612590767798e-03
2.576702519422812646e-03
2.576707537773767487e-03
2.576712444605812335e-03
2.576717797513497585e-03
2.576723373459002819e-03
2.576728949404508487e-03
2.576734302312193737e-03
2.576740324333339372e-03
2.576746123316665457e-03
2.576752368375631510e-03
2.576758613434597563e-03
2.576765081531383599e-03
2.576771549628170069e-03
2.576778240762776524e-03
2.576785154935203395e-03
2.576792069107630267e-03
2.693660429815748596e-03
2.693660429815748596e-03
2.693660652853569013e-03
2.693661098929209415e-03
2.693661656523759808e-03
2.693662214118310201e-03
2.693662994750681012e-03
2.693664109939782232e-03
2.693665225128883452e-03
2.693666563355804656e-03
2.693668013101635852e-03
2.693669574366377474e-03
2.693671358668939513e-03
2.693673254490411111e-03
2.693675261830793134e-03
2.693677492208995140e-03
2.693679945625017565e-03
2.693682287522129997e-03
2.693685075494882831e-03
2.693687863467635665e-03
2.693690762959298490e-03
2.693693997007691292e-03
2.693697231056084527e-03
2.693700688142298180e-03
2.693704145228511398e-03
2.693707825352545035e-03
2.693711840033309081e-03
2.693715743195162701e-03
2.693720092432657157e-03
2.693724330151241186e-03
2.693728790907645634e-03
2.693733474701870065e-03
2.693738270015004922e-03
2.693743065328139345e-03
2.693748195198004611e-03
2.693753436586779435e-03
2.693758901013375111e-03
2.693764476958880345e-03
2.693770052904386012e-03
2.693775851887711664e-03
2.693782096946677716e-03
2.693788118967823352e-03
2.693794364026789838e-03
2.693801055161396292e-03
2.693807523258182329e-03
2.693814214392789216e-03
2.693821128565215654e-03
2.693828265775462943e-03
2.693835402985709799e-03
2.693842763233777072e-03
2.816067711751165607e-03
2.816067823270075599e-03
2.816068046307896016e-03
2.816068603902446409e-03
2.816069161496997236e-03
2.816069830610457621e-03
2.816070611242828432e-03
2.816071726431929653e-03
2.816072841621030439e-03
2.816074291366862069e-03
2.816075852631603690e-03
2.816077413896345312e-03
2.816079309717816909e-03
2.816081317058198932e-03
2.816083547436400939e-03
2.816085889333513372e-03
2.816088342749535796e-03
2.816091019203378204e-03
2.816093807176131038e-03
2.816096706667793863e-03
2.816099940716187099e-03
2.816103286283490326e-03
2.816106631850793553e-03
2.816110200455917197e-03
2.816113992098860826e-03
2.816117895260714880e-03
2.816122021460388918e-03
2.816126147660062955e-03
2.816130719935377395e-03
2.816135180691781408e-03
2.816139976004916265e-03
2.816144882836961114e-03
2.816149901187915954e-03
2.816155142576691212e-03
2.816160495484376462e-03
2.816166071429881696e-03
2.816171870413207347e-03
2.816177446358713015e-03
2.816183468379858650e-03
2.816189936476645121e-03
2.816196181535611173e-03
2.816202426594577226e-03
2.816209340767004098e-03
2.816216031901610552e-03
2.816223169111857841e-03
2.816230306322104696e-03
2.816237443532351552e-03
2.816245026818239242e-03
2.816252387066306082e-03
2.816260193390013756e-03
2.943892136264042187e-03
2.943892136264042187e-03
2.943892470820772163e-03
2.943892916896412564e-03
2.943893474490963391e-03
2.943894255123334202e-03
2.943895147274615005e-03
2.943896373982626217e-03
2.943897600690637429e-03
2.943898938917558633e-03
2.943900500182300255e-03
2.943902507522682278e-03
2.943904291825243883e-03
2.943906410684535898e-03
2.943908752581648330e-03
2.943911205997670755e-03
2.943913882451513163e-03
2.943916558905356005e-03
2.943919569915928822e-03
2.943922692445412066e-03
2.943926038012715293e-03
2.943929495098928512e-03
2.943933063704052156e-03
2.943937078384815768e-03
2.943940870027759830e-03
2.943945107746343860e-03
2.943949345464927890e-03
2.943953806221332337e-03
2.943958490015556768e-03
2.943963285328691625e-03
2.943968303679646466e-03
2.943973433549511732e-03
2.943978786457196982e-03
2.943984250883792224e-03
2.943989826829297458e-03
2.943995737331533535e-03
2.944001759352679170e-03
2.944008004411645223e-03
2.944014249470611275e-03
2.944020717567397746e-03
2.944027631739824617e-03
2.944034322874431071e-03
2.944041237046857943e-03
2.944048374257104798e-03
2.944055957542992489e-03
2.944063317791059328e-03
2.944071124114767003e-03
2.944078930438474677e-03
2.944086959800002769e-03
2.944095212199350844e-03
3.077401906333190364e-03
3.077402017852100356e-03
3.077402240889920339e-03
3.077402686965560741e-03
3.077403356079021560e-03
3.077404025192482379e-03
3.077405140381583165e-03
3.077406255570684385e-03
3.077407482278695598e-03
3.077409155062347211e-03
3.077410827845998825e-03
3.077412612148560864e-03
3.077414731007852879e-03
3.077416961386054885e-03
3.077419414802077310e-03
3.077421868218099734e-03
3.077424767709762560e-03
3.077427667201425385e-03
3.077430789730908629e-03
3.077433912260391438e-03
3.077437480865515083e-03
3.077441160989548719e-03
3.077445064151402340e-03
3.077449078832166385e-03
3.077453316550750415e-03
3.077457665788244871e-03
3.077462238063559310e-03
3.077466810338873749e-03
3.077471828689828590e-03
3.077476958559693422e-03
3.077482088429558688e-03
3.077487664375063922e-03
3.077493240320569590e-03
3.077498927784985249e-03
3.077504838287220892e-03
3.077511083346186945e-03
3.077517328405152998e-03
3.077524019539759452e-03
3.077530487636545922e-03
3.077537401808972794e-03
3.077544315981399665e-03
3.077551676229466505e-03
3.077559036477533778e-03
3.077566619763421468e-03
3.077574426087129143e-03
3.077582455448656801e-03
3.077590484810184459e-03
3.077598737209532535e-03
3.077607212646701028e-03
3.077615688083869521e-03
3.217025923686889655e-03
3.217026035205799647e-03
3.217026369762530057e-03
3.217026927357080884e-03
3.217027596470541269e-03
3.217028377102912080e-03
3.217029492292013300e-03
3.217030607481114520e-03
3.217032168745855708e-03
3.217033618491687338e-03
3.217035402794248943e-03
3.217037410134630966e-03
3.217039640512832973e-03
3.217041870891035413e-03
3.217044435825967830e-03
3.217047223798720663e-03
3.217050011771473497e-03
3.217053245819866299e-03
3.217056479868259534e-03
3.217060048473383178e-03
3.217063617078506823e-03
3.217067631759270435e-03
3.217071646440034481e-03
3.217075772639708519e-03
3.217080121877202541e-03
3.217084805671427405e-03
3.217089600984561829e-03
3.217094396297696685e-03
3.217099637686471943e-03
3.217105102113067185e-03
3.217110678058572853e-03
3.217116477041898504e-03
3.217122276025224156e-03
3.217128298046369791e-03
3.217134989180976245e-03
3.217141234239942731e-03
3.217147925374549185e-03
3.217154616509155639e-03
3.217161753719402495e-03
3.217168890929649784e-03
3.217176474215537041e-03
3.217184057501424298e-03
3.217191863825131972e-03
3.217199670148839646e-03
3.217208145586008140e-03
3.217216397985356215e-03
3.217225096460344692e-03
3.217233571897512752e-03
3.217242493410321647e-03
3.217251637960950525e-03
3.362787830334083936e-03
3.362787941852993928e-03
3.362788053371903920e-03
3.362788834004274731e-03
3.362789280079915132e-03
3.362790283750106361e-03
3.362791398939207147e-03
3.362792737166128785e-03
3.362794298430869973e-03
3.362795971214521586e-03
3.362797755517083625e-03
3.362799762857465648e-03
3.362802104754577647e-03
3.362804558170600071e-03
3.362807346143352905e-03
3.362810134116105739e-03
3.362813256645588549e-03
3.362816490693981784e-03
3.362819947780195003e-03
3.362823516385318647e-03
3.362827419547172701e-03
3.362831545746846739e-03
3.362835894984340761e-03
3.362840244221835216e-03
3.362844928016059647e-03
3.362849834848104496e-03
3.362854741680149345e-03
3.362860206106744587e-03
3.362865670533339828e-03
3.362871246478845496e-03
3.362877045462171147e-03
3.362883067483316783e-03
3.362889424061193261e-03
3.362895780639069306e-03
3.362902248735855776e-03
3.362909385946102631e-03
3.362916300118529503e-03
3.362923660366596776e-03
3.362931020614664049e-03
3.362938380862730888e-03
3.362946410224258980e-03
3.362954439585786638e-03
3.362962691985134714e-03
3.362970944384482790e-03
3.362979865897291684e-03
3.362988564372280161e-03
3.362997485885089056e-03
3.363006630435717934e-03
3.363016221061987214e-03
3.363025588650436510e-03
3.515025082496762640e-03
3.515025194015672632e-03
3.515025528572403041e-03
3.515025974648043443e-03
3.515026866799324246e-03
3.515027758950605048e-03
3.515028762620795843e-03
3.515030212366627473e-03
3.515031662112458669e-03
3.515033557933930700e-03
3.515035565274312723e-03
3.515037795652514729e-03
3.515040137549627162e-03
3.515042702484559578e-03
3.515045601976222404e-03
3.515048612986795655e-03
3.515051735516278465e-03
3.515055304121402109e-03
3.515058872726525320e-03
3.515062775888379374e-03
3.515066902088053412e-03
3.515071139806637442e-03
3.515075712081951881e-03
3.515080507395086738e-03
3.515085414227131586e-03
3.515090321059176435e-03
3.515095897004681669e-03
3.515101361431276911e-03
3.515107048895692570e-03
3.515113070916838639e-03
3.515119092937984274e-03
3.515125449515860753e-03
3.515132252169377199e-03
3.515138720266163669e-03
3.515145857476410524e-03
3.515153217724477797e-03
3.515160354934724653e-03
3.515168161258432327e-03
3.515175967582140001e-03
3.515183996943668093e-03
3.515192249343016169e-03
3.515200724780184229e-03
3.515209423255172706e-03
3.515218344767981600e-03
3.515227489318610479e-03
3.515236633869239357e-03
3.515246224495508637e-03
3.515255815121778350e-03
3.515265628785867614e-03
3.515275888525597713e-03
3.674226021482293429e-03
3.674226021482293429e-03
3.674226356039023839e-03
3.674226913633574232e-03
3.674227694265945043e-03
3.674228697936135837e-03
3.674230036163057475e-03
3.674231374389978679e-03
3.674232935654720301e-03
3.674234942995102324e-03
3.674237061854394339e-03
3.674239403751506337e-03
3.674241857167528762e-03
3.674244756659191587e-03
3.674247544631944421e-03
3.674250778680337656e-03
3.674254124247640883e-03
3.674257804371674520e-03
3.674261707533528140e-03
3.674265722214292186e-03
3.674270182970696633e-03
3.674274643727101081e-03
3.674279327521325512e-03
3.674284345872280352e-03
3.674289475742145619e-03
3.674294828649830869e-03
3.674300516114246094e-03
3.674306203578661754e-03
3.674312337118717815e-03
3.674318582177683867e-03
3.674325161793380329e-03
3.674331964446897209e-03
3.674338878619323647e-03
3.674345792791750519e-03
3.674353376077638209e-03
3.674360959363525466e-03
3.674368988725053124e-03
3.674376795048760799e-03
3.674385270485929292e-03
3.674393522885277368e-03
3.674402221360265845e-03
3.674411142873074305e-03
3.674420064385883200e-03
3.674429655012152480e-03
3.674439245638422193e-03
3.674449059302511457e-03
3.674458872966601154e-03
3.674469132706331253e-03
3.674479615483881335e-03
3.674490321299251835e-03
3.840396557792912380e-03
3.840396669311822806e-03
3.840397003868552782e-03
3.840397672982013601e-03
3.840398565133294403e-03
3.840399568803485632e-03
3.840400795511496844e-03
3.840402356776238032e-03
3.840404029559889645e-03
3.840406036900271668e-03
3.840408155759563683e-03
3.840410720694496533e-03
3.840413285629428949e-03
3.840416185121091775e-03
3.840419530688395002e-03
3.840422764736788237e-03
3.840426221823001456e-03
3.840430124984855510e-03
3.840434251184529548e-03
3.840438488903113578e-03
3.840443061178428017e-03
3.840447633453742456e-03
3.840452763323607722e-03
3.840458004712382547e-03
3.840463469138977789e-03
3.840469156603393448e-03
3.840475067105629525e-03
3.840481089126775160e-03
3.840487557223561631e-03
3.840494136839258093e-03
3.840501162530594956e-03
3.840508188221931820e-03
3.840515436951088667e-03
3.840523020236976358e-03
3.840530826560684032e-03
3.840538855922211690e-03
3.840547108321559766e-03
3.840555360720907842e-03
3.840564282233716736e-03
3.840573203746525197e-03
3.840582348297154509e-03
3.840591715885603372e-03
3.840601306511872651e-03
3.840611120175962349e-03
3.840621156877872464e-03
3.840631416617602129e-03
3.840641899395152645e-03
3.840652605210523145e-03
3.840663757101534046e-03
3.840674908992544948e-03
4.013957786833191772e-03
4.013957898352102198e-03
4.013958344427742166e-03
4.013958902022292559e-03
4.013959794173573362e-03
4.013960797843764590e-03
4.013962136070686228e-03
4.013963697335427849e-03
4.013965481637989455e-03
4.013967712016191028e-03
4.013970053913303894e-03
4.013972507329326318e-03
4.013975406820988710e-03
4.013978529350471953e-03
4.013981763398865622e-03
4.013985332003988833e-03
4.013989123646932028e-03
4.013993138327696074e-03
4.013997376046280104e-03
4.014001836802684985e-03
4.014006743634729833e-03
4.014011650466774682e-03
4.014016891855549940e-03
4.014022467801054740e-03
4.014028266784380392e-03
4.014034065767706043e-03
4.014040422345582955e-03
4.014046890442368558e-03
4.014053693095885438e-03
4.014060495749402317e-03
4.014067744478559165e-03
4.014075216245536863e-03
4.014083022569244104e-03
4.014090828892952212e-03
4.014099081292300288e-03
4.014107333691648363e-03
4.014116255204456390e-03
4.014125176717265285e-03
4.014134321267894163e-03
4.014143688856343893e-03
4.014153279482612739e-03
4.014163316184522420e-03
4.014173129848612118e-03
4.014183835663982618e-03
4.014194318441533134e-03
4.014205247294723618e-03
4.014216176147914102e-03
4.014227774114566272e-03
4.014239372081217574e-03
4.014251193085688861e-03
4.195448567976778516e-03
4.195448567976778516e-03
4.195449014052418484e-03
4.195449683165879302e-03
4.195450463798249680e-03
4.195451690506260892e-03
4.195453140252092955e-03
4.195454813035744135e-03
4.195456820376126592e-03
4.195458939235418606e-03
4.195461392651441031e-03
4.195463957586373013e-03
4.195467080115856257e-03
4.195470314164249058e-03
4.195473771250462711e-03
4.195477451374496347e-03
4.195481466055260393e-03
4.195485703773844423e-03
4.195490276049158862e-03
4.195494959843383727e-03
4.195499978194338134e-03
4.195505331102023817e-03
4.195510907047529485e-03
4.195516482993034285e-03
4.195522728052000772e-03
4.195528973110966391e-03
4.195535552726663286e-03
4.195542355380180166e-03
4.195549492590426588e-03
4.195556741319584303e-03
4.195564324605471559e-03
4.195572242448089226e-03
4.195580271809617318e-03
4.195588747246785377e-03
4.195597222683953437e-03
4.195606144196762331e-03
4.195615511785211194e-03
4.195624656335840072e-03
4.195634246962109785e-03
4.195644283664019467e-03
4.195654320365929148e-03
4.195664803143479664e-03
4.195675508958850164e-03
4.195686437812040648e-03
4.195697812740871967e-03
4.195709187669703286e-03
4.195720785636354588e-03
4.195732606640825875e-03
4.195744873720937997e-03
4.195757363838870102e-03
4.384861540975604904e-03
4.384861764013424888e-03
4.384862210089064856e-03
4.384862879202525675e-03
4.384863771353806478e-03
4.384864998061817690e-03
4.384866559326559311e-03
4.384868343629120917e-03
4.384870350969503373e-03
4.384872692866615372e-03
4.384875257801548222e-03
4.384878045774301056e-03
4.384881168303783432e-03
4.384884513871086659e-03
4.384888305514030721e-03
4.384892208675884341e-03
4.384896334875558813e-03
4.384900795631962826e-03
4.384905590945097249e-03
4.384910720814962949e-03
4.384915962203738207e-03
4.384921426630333449e-03
4.384927337132568659e-03
4.384933359153715161e-03
4.384939827250500764e-03
4.384946518385108086e-03
4.384953321038624098e-03
4.384960569767781813e-03
4.384967930015849086e-03
4.384975736339556326e-03
4.384983765701084418e-03
4.384992018100432494e-03
4.385000493537600554e-03
4.385009415050409448e-03
4.385018336563218343e-03
4.385027704151667205e-03
4.385037517815756902e-03
4.385047108442025748e-03
4.385057368181756281e-03
4.385067850959306797e-03
4.385078556774677297e-03
4.385089485627867781e-03
4.385100637518878249e-03
4.385112235485529551e-03
4.385124056490001705e-03
4.385136100532292976e-03
4.385148367612405097e-03
4.385160857730337203e-03
4.385173793923910143e-03
4.385186953155303068e-03
4.582714599648217250e-03
4.582714822686038102e-03
4.582715268761678069e-03
4.582715937875138888e-03
4.582717053064239675e-03
4.582718279772250887e-03
4.582719729518082950e-03
4.582721625339554114e-03
4.582723855717756554e-03
4.582726309133778979e-03
4.582729097106531813e-03
4.582731996598195072e-03
4.582735342165498299e-03
4.582738799251711084e-03
4.582742702413565572e-03
4.582746717094328751e-03
4.582751289369643190e-03
4.582755973163868055e-03
4.582760991514823329e-03
4.582766232903598587e-03
4.582771808849103387e-03
4.582777719351339464e-03
4.582783741372485099e-03
4.582790209469271570e-03
4.582797012122788449e-03
4.582803926295214887e-03
4.582811175024371735e-03
4.582818869829169417e-03
4.582826564633967099e-03
4.582834705514404749e-03
4.582843292470483235e-03
4.582851990945472145e-03
4.582860912458281040e-03
4.582870280046729902e-03
4.582879870672999616e-03
4.582889461299268462e-03
4.582899498001178143e-03
4.582909980778728659e-03
4.582920686594099159e-03
4.582931838485110494e-03
4.582942990376120962e-03
4.582954365304952281e-03
4.582966409347244419e-03
4.582978453389535689e-03
4.582990943507467795e-03
4.583003433625399900e-03
4.583016815894613676e-03
4.583029975126006600e-03
4.583043357395219508e-03
4.583057185740072384e-03
4.789596898396723465e-03
4.789596898396723465e-03
4.789597455991274726e-03
4.789598236623645103e-03
4.789599351812745889e-03
4.789600690039667527e-03
4.789602362823318707e-03
4.789604258644790738e-03
4.789606489022993178e-03
4.789609053957926028e-03
4.789611841930677995e-03
4.789614964460161238e-03
4.789618533065285316e-03
4.789622324708228511e-03
4.789626339388992557e-03
4.789630800145396571e-03
4.789635372420711010e-03
4.789640279252755858e-03
4.789645520641531116e-03
4.789651208105947210e-03
4.789657007089272861e-03
4.789663252148238480e-03
4.789669608726114525e-03
4.789676522898541830e-03
4.789683437070968268e-03
4.789690908837945967e-03
4.789698603642743649e-03
4.789706409966450890e-03
4.789714662365798965e-03
4.789723137802967025e-03
4.789732059315775919e-03
4.789741426904224782e-03
4.789750794492674511e-03
4.789760608156764209e-03
4.789770644858673890e-03
4.789780904598403555e-03
4.789791387375954071e-03
4.789802539266964539e-03
4.789813914195795858e-03
4.789825512162447160e-03
4.789837110129098463e-03
4.789849600247030569e-03
4.789861867327142690e-03
4.789874803520715631e-03
4.789887516676467720e-03
4.789901121983501479e-03
4.789914727290534371e-03
4.789928555635388115e-03
4.789942830055881826e-03
4.789957550552016372e-03
5.005496170141010559e-03
5.005496281659920985e-03
5.005496839254471378e-03
5.005497508367932197e-03
5.005498623557032983e-03
5.005500073302865047e-03
5.005501969124336210e-03
5.005503864945808241e-03
5.005506429880741091e-03
5.005508883296763516e-03
5.005512005826246759e-03
5.005515351393549986e-03
5.005519031517583622e-03
5.005522934679437243e-03
5.005527283916931698e-03
5.005531856192246137e-03
5.005536651505380560e-03
5.005541892894155818e-03
5.005547468839660619e-03
5.005553379341896696e-03
5.005559512881952756e-03
5.005565980978739227e-03
5.005572783632256106e-03
5.005579920842502528e-03
5.005587169571660243e-03
5.005595087414277909e-03
5.005603228294715559e-03
5.005611592212974061e-03
5.005620179169052546e-03
5.005629323719681424e-03
5.005638468270310303e-03
5.005648281934400000e-03
5.005658095598488830e-03
5.005668355338219362e-03
5.005679061153589862e-03
5.005689990006780346e-03
5.005701141897791681e-03
5.005712516826622133e-03
5.005724560868914270e-03
5.005736604911206408e-03
5.005749095029138514e-03
5.005762031222710587e-03
5.005774967416283527e-03
5.005788572723317287e-03
5.005802401068170163e-03
5.005816006375203922e-03
5.005830503833517617e-03
5.005845447367472147e-03
5.005860390901427544e-03
5.005875780511022041e-03
5.231038035966790664e-03
5.231038259004611515e-03
5.231038928118071467e-03
5.231039597231532286e-03
5.231040935458453923e-03
5.231042273685374694e-03
5.231044169506846725e-03
5.231046399885049165e-03
5.231048741782161164e-03
5.231051752792733982e-03
5.231054763803307667e-03
5.231058332408430878e-03
5.231062235570284498e-03
5.231066361769958969e-03
5.231070822526362983e-03
5.231075506320587848e-03
5.231080859228272664e-03
5.231086323654867906e-03
5.231092234157103983e-03
5.231098367697160044e-03
5.231104724275036089e-03
5.231111415409642543e-03
5.231118664138800257e-03
5.231126135905777089e-03
5.231133942229485197e-03
5.231142194628833272e-03
5.231150670066001332e-03
5.231159368540989375e-03
5.231168736129439105e-03
5.231178103717887967e-03
5.231187917381977664e-03
5.231198177121707329e-03
5.231208659899257846e-03
5.231219365714628346e-03
5.231230517605639681e-03
5.231242115572290984e-03
5.231253713538942286e-03
5.231265980619053541e-03
5.231278247699165662e-03
5.231291183892738603e-03
5.231304120086311543e-03
5.231317725393344435e-03
5.231331553738198178e-03
5.231345605120871906e-03
5.231360325617006451e-03
5.231375046113140997e-03
5.231389989647095527e-03
5.231405602294510876e-03
5.231421437979746208e-03
5.231437273664981541e-03
5.466862948974820884e-03
5.466863172012640867e-03
5.466863618088281702e-03
5.466864510239562505e-03
5.466865736947573717e-03
5.466867298212315339e-03
5.466869194033786503e-03
5.466871424411988943e-03
5.466874212384741777e-03
5.466877111876404169e-03
5.466880457443707396e-03
5.466884137567741032e-03
5.466888152248505078e-03
5.466892613004909959e-03
5.466897296799133957e-03
5.466902315150089231e-03
5.466907779576684473e-03
5.466913467041099699e-03
5.466919712100066185e-03
5.466926068677942230e-03
5.466932982850369535e-03
5.466940120060615957e-03
5.466947703346503214e-03
5.466955621189121747e-03
5.466963873588469823e-03
5.466972460544547441e-03
5.466981382057356335e-03
5.466990638126895639e-03
5.467000228753165353e-03
5.467010265455075034e-03
5.467020525194804699e-03
5.467031231010175199e-03
5.467042159863365683e-03
5.467053534792197002e-03
5.467065355796668288e-03
5.467077176801140442e-03
5.467089889956892532e-03
5.467102603112645488e-03
5.467115539306217561e-03
5.467128921575430470e-03
5.467142972958104197e-03
5.467157247378598775e-03
5.467171521799092486e-03
5.467186465333047016e-03
5.467201854942642381e-03
5.467217244552236878e-03
5.467233080237473078e-03
5.467249585036169229e-03
5.467265866797044530e-03
5.467283040709201500e-03
5.712932992735663199e-03
5.712933215773483182e-03
5.712933773368033576e-03
5.712934777038224804e-03
5.712936003746236016e-03
5.712937676529887196e-03
5.712939683870269653e-03
5.712942137286292077e-03
5.712944925259044911e-03
5.712947936269617728e-03
5.712951504874740939e-03
5.712955408036594560e-03
5.712959534236269031e-03
5.712964218030493029e-03
5.712969236381448303e-03
5.712974477770223561e-03
5.712980165234638787e-03
5.712986410293605273e-03
5.712992655352570892e-03
5.712999569524998197e-03
5.713006706735244619e-03
5.713014290021132743e-03
5.713022207863750410e-03
5.713030571782008044e-03
5.713039270256996954e-03
5.713048191769805849e-03
5.713057559358254711e-03
5.713067373022344408e-03
5.713077409724254090e-03
5.713087892501804606e-03
5.713098821354995090e-03
5.713110196283826409e-03
5.713121571212657727e-03
5.713133615254948998e-03
5.713145882335061120e-03
5.713158595490813209e-03
5.713171754722206133e-03
5.713184913953599058e-03
5.713199188374093636e-03
5.713213239756767363e-03
5.713227514177261074e-03
5.713242457711215604e-03
5.713257847320810968e-03
5.713273459968226317e-03
5.713289518691281633e-03
5.713305800452157801e-03
5.713322305250853952e-03
5.713339702200830907e-03
5.713356876112987877e-03
5.713374942176424783e-03
5.970009841405362998e-03
5.970010064443182982e-03
5.970010733556643800e-03
5.970011737226834161e-03
5.970012963934845374e-03
5.970014748237406979e-03
5.970016867096699861e-03
5.970019432031631844e-03
5.970022331523295103e-03
5.970025454052777479e-03
5.970029245695721541e-03
5.970033371895396013e-03
5.970037832651800026e-03
5.970042627964934449e-03
5.970047869353709707e-03
5.970053445299215375e-03
5.970059578839271436e-03
5.970065823898237055e-03
5.970072626551753935e-03
5.970079875280910782e-03
5.970087458566798906e-03
5.970095264890506147e-03
5.970103628808764648e-03
5.970112327283752691e-03
5.970121360315472012e-03
5.970130950941740858e-03
5.970140876124740981e-03
5.970151024345561087e-03
5.970161507123110736e-03
5.970172659014122071e-03
5.970184033942953390e-03
5.970195854947424677e-03
5.970208345065356782e-03
5.970220835183288888e-03
5.970233771376861828e-03
5.970247153646074736e-03
5.970260981990928480e-03
5.970275033373602207e-03
5.970289530831915902e-03
5.970304474365870431e-03
5.970319640937645812e-03
5.970335253585061161e-03
5.970351312308116477e-03
5.970367817106812629e-03
5.970384544943328764e-03
5.970401941893305718e-03
5.970419338843283540e-03
5.970437404906720445e-03
5.970455694007979069e-03
5.970474429184876794e-03
6.238796287155427486e-03
6.238796510193247470e-03
6.238797067787797863e-03
6.238798071457989092e-03
6.238799521203820288e-03
6.238801417025292319e-03
6.238803535884584334e-03
6.238806323857337167e-03
6.238809223349000427e-03
6.238812791954123638e-03
6.238816695115977258e-03
6.238820821315651730e-03
6.238825505109875727e-03
6.238830634979741427e-03
6.238836210925246227e-03
6.238842009908571878e-03
6.238848366486448790e-03
6.238854946102144819e-03
6.238862083312392108e-03
6.238869778117188923e-03
6.238877695959807457e-03
6.238885948359155532e-03
6.238894869871963560e-03
6.238903902903682880e-03
6.238913493529951726e-03
6.238923418712951849e-03
6.238933901490502365e-03
6.238944830343692849e-03
6.238955759196883333e-03
6.238967357163534636e-03
6.238979401205826773e-03
6.238991891323758879e-03
6.239004827517331819e-03
6.239017986748724744e-03
6.239031592055757636e-03
6.239045643438431363e-03
6.239059917858925074e-03
6.239074861392879603e-03
6.239090027964654984e-03
6.239105863649890317e-03
6.239121922372945633e-03
6.239138204133821801e-03
6.239155155008158787e-03
6.239172328920314890e-03
6.239189948908112696e-03
6.239208238009370452e-03
6.239226750148448193e-03
6.239245485325346785e-03
6.239264889615706196e-03
6.239284516943884723e-03
6.519194304863871851e-03
6.519194416382781410e-03
6.519195308534062212e-03
6.519196312204253441e-03
6.519197761950084637e-03
6.519199657771556668e-03
6.519202111187579092e-03
6.519204899160331926e-03
6.519208021689815169e-03
6.519211701813848805e-03
6.519215716494612851e-03
6.519220177251016865e-03
6.519225307120881698e-03
6.519230436990746530e-03
6.519236235974072181e-03
6.519242481033038668e-03
6.519249172167645122e-03
6.519256197858981985e-03
6.519263669625959684e-03
6.519271475949666925e-03
6.519279951386834984e-03
6.519288649861823895e-03
6.519298017450272757e-03
6.519307496557632045e-03
6.519317644778452152e-03
6.519328016037092242e-03
6.519339056409193152e-03
6.519350208300203620e-03
6.519362029304675774e-03
6.519374073346967044e-03
6.519386786502720001e-03
6.519399945734112925e-03
6.519413328003325833e-03
6.519427379385999560e-03
6.519441430768673287e-03
6.519456374302627817e-03
6.519471540874402331e-03
6.519487153521817679e-03
6.519503212244873863e-03
6.519519717043570015e-03
6.519536444880086150e-03
6.519553618792243120e-03
6.519571461817860042e-03
6.519589750919118666e-03
6.519608040020376423e-03
6.519627444310734966e-03
6.519646625563274393e-03
6.519666698967093756e-03
6.519686772370913118e-03
6.519707514888193299e-03
6.812142772234902957e-03
6.812143106791633367e-03
6.812143664386183760e-03
6.812144779575285414e-03
6.812146452358936594e-03
6.812148459699319050e-03
6.812151024634251033e-03
6.812153924125914292e-03
6.812157269693217519e-03
6.812161061336161581e-03
6.812165187535835185e-03
6.812169982848969609e-03
6.812175224237744867e-03
6.812180800183250534e-03
6.812186933723306595e-03
6.812193401820093065e-03
6.812200427511429929e-03
6.812207787759497202e-03
6.812215705602114868e-03
6.812224069520372502e-03
6.812232767995361413e-03
6.812241912545990291e-03
6.812251726210079988e-03
6.812261762911989670e-03
6.812272357208449744e-03
6.812283286061641095e-03
6.812294995547201956e-03
6.812306593513853259e-03
6.812319083631785364e-03
6.812331796787538321e-03
6.812345179056751229e-03
6.812358784363784989e-03
6.812372835746458716e-03
6.812387556242592394e-03
6.812402499776547792e-03
6.812418112423962273e-03
6.812433948109198473e-03
6.812450452907894624e-03
6.812467403782230743e-03
6.812484577694387713e-03
6.812502197682184651e-03
6.812520263745622424e-03
6.812538998922521016e-03
6.812557957137239592e-03
6.812577584465418987e-03
6.812597434831418365e-03
6.812617954310878562e-03
6.812638919865978727e-03
6.812660108458899744e-03
6.812681743127460728e-03
7.118421541006915258e-03
7.118421764044736109e-03
7.118422544677106487e-03
7.118423548347297715e-03
7.118425332649859320e-03
7.118427339990240910e-03
7.118430127962993743e-03
7.118433138973566561e-03
7.118436819097600197e-03
7.118440722259454685e-03
7.118445183015858699e-03
7.118450089847903547e-03
7.118455554274498789e-03
7.118461464776734866e-03
7.118467821354610911e-03
7.118474735527037349e-03
7.118481984256195064e-03
7.118489902098812730e-03
7.118498154498160806e-03
7.118506852973148849e-03
7.118515997523777727e-03
7.118525811187867425e-03
7.118535736370867548e-03
7.118546442186238048e-03
7.118557594077248515e-03
7.118569192043899818e-03
7.118581236086191956e-03
7.118593726204124061e-03
7.118606662397697002e-03
7.118620044666909910e-03
7.118634096049583637e-03
7.118648370470077348e-03
7.118663314004031878e-03
7.118678703613627243e-03
7.118694539298862575e-03
7.118710598021918759e-03
7.118727548896254878e-03
7.118744722808411848e-03
7.118762565834029638e-03
7.118780631897466543e-03
7.118799144036545151e-03
7.118818102251263727e-03
7.118837729579443122e-03
7.118857802983262484e-03
7.118878545500542665e-03
7.118899288017822846e-03
7.118920699648563846e-03
7.118942557354945681e-03
7.118964861136967484e-03
7.118987834032449238e-03
7.437804785386937893e-03
7.437805119943668303e-03
7.437805789057128254e-03
7.437807015765139466e-03
7.437808800067701939e-03
7.437811030445903512e-03
7.437813706899746788e-03
7.437817052467050015e-03
7.437820621072173226e-03
7.437824858790757256e-03
7.437829654103891679e-03
7.437834783973757379e-03
7.437840582957083030e-03
7.437846604978228665e-03
7.437853407631745545e-03
7.437860767879812818e-03
7.437868351165700075e-03
7.437876492046137725e-03
7.437885190521126635e-03
7.437894335071755514e-03
7.437903925698024360e-03
7.437914185437754892e-03
7.437925002772034951e-03
7.437935931625226302e-03
7.437947752629697588e-03
7.437960019709809710e-03
7.437972509827741815e-03
7.437985669059134740e-03
7.437999274366167632e-03
7.438013325748841359e-03
7.438028046244975905e-03
7.438043212816751286e-03
7.438058825464165767e-03
7.438074884187221951e-03
7.438091388985918102e-03
7.438108562898075073e-03
7.438125959848052027e-03
7.438144025911489800e-03
7.438162761088387524e-03
7.438181496265286116e-03
7.438201346631285495e-03
7.438221420035104857e-03
7.438242162552385905e-03
7.438262682031845235e-03
7.438284539738227071e-03
7.438306397444608038e-03
7.438328924264450692e-03
7.438351897159933314e-03
7.438375093093235919e-03
7.438399404215639311e-03
7.771480181767631210e-03
7.771480404805451193e-03
7.771481185437822438e-03
7.771482523664743208e-03
7.771484307967305681e-03
7.771486761383328105e-03
7.771489549356080072e-03
7.771492894923383299e-03
7.771496909604147345e-03
7.771501258841641800e-03
7.771506165673686649e-03
7.771511630100281891e-03
7.771517652121427526e-03
7.771524120218213996e-03
7.771531145909550860e-03
7.771538840714348542e-03
7.771546758556966208e-03
7.771555457031955119e-03
7.771564490063673572e-03
7.771574192208852844e-03
7.771584340429672950e-03
7.771595046245043450e-03
7.771606309654964344e-03
7.771617907621615647e-03
7.771630174701727768e-03
7.771642887857480725e-03
7.771656270126693633e-03
7.771669875433726525e-03
7.771684372892041087e-03
7.771699093388175633e-03
7.771714482997770131e-03
7.771730318683006331e-03
7.771746823481702482e-03
7.771763551318218617e-03
7.771780948268195571e-03
7.771799014331633344e-03
7.771817526470711085e-03
7.771836484685429661e-03
7.771855888975789071e-03
7.771875962379608434e-03
7.771896258821248647e-03
7.771917447414168796e-03
7.771939082082729780e-03
7.771960939789111615e-03
7.771983689646773386e-03
7.772006662542256007e-03
7.772030304551199448e-03
7.772054392635782856e-03
7.772079149833827083e-03
7.772104130069691294e-03
8.120321146252971328e-03
8.120321369290790445e-03
8.120322149923161689e-03
8.120323599668993753e-03
8.120325495490465784e-03
8.120327837387577782e-03
8.120330959917061026e-03
8.120334528522184236e-03
8.120338654721857841e-03
8.120343226997173147e-03
8.120348356867037112e-03
8.120354044331453205e-03
8.120360400909328383e-03
8.120367315081755688e-03
8.120374675329822961e-03
8.120382704691351053e-03
8.120391068609608687e-03
8.120400101641328874e-03
8.120409580748687295e-03
8.120419617450597843e-03
8.120430546303788327e-03
8.120441586675889237e-03
8.120453296161449230e-03
8.120465563241561352e-03
8.120478499435134292e-03
8.120491881704347201e-03
8.120505933087020928e-03
8.120520430545336357e-03
8.120535151041470903e-03
8.120550763688885385e-03
8.120566822411941568e-03
8.120583773286277687e-03
8.120600947198434658e-03
8.120618344148410744e-03
8.120636856287489352e-03
8.120655591464388812e-03
8.120674995754747355e-03
8.120694846120745866e-03
8.120715365600206931e-03
8.120736331155306229e-03
8.120757965823868080e-03
8.120780046568069899e-03
8.120802573387911685e-03
8.120825769321214291e-03
8.120849411330156864e-03
8.120873499414741140e-03
8.120898479650605351e-03
8.120923905962111264e-03
8.120949555311436294e-03
8.120976096812041259e-03
8.483914166724271927e-03
8.483914389762092778e-03
8.483915281913372713e-03
8.483916843178115202e-03
8.483918850518495924e-03
8.483921303934518349e-03
8.483924537982912017e-03
8.483928329625856080e-03
8.483932567344440109e-03
8.483937474176484958e-03
8.483942938603080200e-03
8.483948849105315410e-03
8.483955428721011438e-03
8.483962677450170020e-03
8.483970372254966835e-03
8.483978624654314044e-03
8.483987546167123805e-03
8.483997136793392652e-03
8.484007061976392775e-03
8.484017879310672833e-03
8.484028919682773742e-03
8.484040629168335471e-03
8.484052896248447592e-03
8.484065832442020533e-03
8.484079437749054292e-03
8.484093489131728019e-03
8.484107986590041714e-03
8.484123153161816228e-03
8.484138765809230709e-03
8.484155270607926860e-03
8.484171998444443863e-03
8.484189618432240801e-03
8.484207684495679441e-03
8.484226196634756315e-03
8.484245377887295742e-03
8.484265228253295987e-03
8.484285301657115350e-03
8.484306267212214647e-03
8.484327901880776499e-03
8.484349982624978317e-03
8.484372509444820104e-03
8.484395928415943561e-03
8.484419347387065283e-03
8.484443658509470410e-03
8.484468415707513769e-03
8.484493842019019683e-03
8.484519937443984680e-03
8.484546478944589645e-03
8.484573466520836313e-03
8.484601569286183767e-03
8.863774562132097426e-03
8.863774896688826968e-03
8.863775900359017329e-03
8.863777350104849392e-03
8.863779468964140540e-03
8.863782145417983815e-03
8.863785490985287910e-03
8.863789282628230237e-03
8.863793966422455969e-03
8.863798984773411244e-03
8.863804672237825602e-03
8.863811028815702514e-03
8.863817942988129819e-03
8.863825414755105783e-03
8.863833667154454726e-03
8.863842254110533211e-03
8.863851733217891632e-03
8.863861546881981329e-03
8.863872029659531845e-03
8.863883181550543180e-03
8.863894891036104909e-03
8.863907269635125721e-03
8.863920205828698662e-03
8.863933588097911570e-03
8.863947862518406148e-03
8.863962583014540694e-03
8.863977749586315208e-03
8.863993808309371392e-03
8.864010536145886660e-03
8.864027487020224513e-03
8.864045330045842302e-03
8.864063619147100059e-03
8.864082354323997784e-03
8.864101981652177178e-03
8.864122055055996541e-03
8.864142797573276722e-03
8.864163986166196871e-03
8.864186066910398690e-03
8.864208593730240476e-03
8.864231566625723965e-03
8.864255431672487390e-03
8.864279519757069931e-03
8.864304499992935876e-03
8.864329926304440055e-03
8.864356021729405052e-03
8.864382563230011752e-03
8.864410219919719239e-03
8.864437876609424991e-03
8.864466425450414147e-03
8.864495420367041537e-03
9.260875781042787747e-03
9.260876004080608598e-03
9.260877007750798959e-03
9.260878457496631022e-03
9.260880687874832595e-03
9.260883587366494987e-03
9.260886932933799082e-03
9.260891059133472686e-03
9.260895854446607109e-03
9.260901207354291925e-03
9.260907229375437560e-03
9.260913920510044015e-03
9.260921169239202597e-03
9.260928975562909837e-03
9.260937451000077897e-03
9.260946707069617201e-03
9.260956409214796473e-03
9.260966780473436563e-03
9.260977820845537473e-03
9.260989530331099201e-03
9.261001797411211323e-03
9.261014733604784263e-03
9.261028338911816288e-03
9.261042613332310866e-03
9.261057333828445412e-03
9.261072946475859893e-03
9.261088782161095226e-03
9.261105509997612228e-03
9.261122683909769199e-03
9.261140749973206104e-03
9.261159485150105564e-03
9.261178443364824139e-03
9.261198293730822650e-03
9.261218813210283715e-03
9.261240001803203864e-03
9.261261859509584832e-03
9.261284163291607502e-03
9.261306913149270140e-03
9.261330555158212713e-03
9.261354866280616105e-03
9.261379623478661199e-03
9.261405049790165378e-03
9.261431145215130376e-03
9.261457909753556192e-03
9.261485343405444562e-03
9.261513223132971165e-03
9.261541771973958587e-03
9.261571212966227679e-03
9.261600876996317622e-03
9.261631210139866649e-03
9.674570902258801050e-03
9.674571348334442752e-03
9.674572352004633113e-03
9.674573913269373868e-03
9.674576255166487601e-03
9.674579154658149993e-03
9.674582834782183630e-03
9.674587072500767659e-03
9.674592202370633359e-03
9.674597778316137292e-03
9.674604023375103778e-03
9.674610937547531084e-03
9.674618520833419208e-03
9.674626884751676842e-03
9.674635694745574443e-03
9.674645285371845024e-03
9.674655433592664264e-03
9.674666473964765173e-03
9.674678071931416476e-03
9.674690227492618172e-03
9.674703275205101538e-03
9.674716657474314446e-03
9.674730931894809025e-03
9.674745652390943570e-03
9.674761488076178903e-03
9.674777546799233352e-03
9.674794274635750355e-03
9.674811894623547293e-03
9.674830183724805049e-03
9.674848695863883657e-03
9.674868323192063052e-03
9.674888396595882414e-03
9.674909139113162596e-03
9.674930550743903596e-03
9.674952854525926266e-03
9.674975604383587169e-03
9.674999023354710626e-03
9.675023111439294901e-03
9.675047645599517410e-03
9.675073071911023323e-03
9.675099167335988321e-03
9.675125708836595020e-03
9.675153142488481656e-03
9.675181245253829110e-03
9.675209794094816532e-03
9.675239012049264772e-03
9.675268899117173832e-03
9.675299678336364562e-03
9.675330903631195259e-03
9.675363021077305892e-03
1.010678173115804948e-02
1.010678195419587033e-02
1.010678306938497112e-02
1.010678463064971187e-02
1.010678719558464472e-02
1.010679042963303839e-02
1.010679422127598072e-02
1.010679868203238560e-02
1.010680381190225130e-02
1.010680972240448651e-02
1.010681630202018254e-02
1.010682366226824981e-02
1.010683169162977790e-02
1.010684016706694596e-02
1.010684953465539569e-02
1.010685968287621493e-02
1.010687027717267587e-02
1.010688176362041675e-02
1.010689391918161845e-02
1.010690674385628096e-02
1.010692012612549387e-02
1.010693428902707802e-02
1.010694945559885254e-02
1.010696462217062878e-02
1.010698135000714405e-02
1.010699830088148191e-02
1.010701569783145799e-02
1.010703398693271575e-02
1.010705294514743433e-02
1.010707279551343457e-02
1.010709331499289390e-02
1.010711428054799493e-02
1.010713613825437590e-02
1.010715866507421769e-02
1.010718163796970118e-02
1.010720572605428372e-02
1.010723003717668711e-02
1.010725524045037217e-02
1.010728111283751805e-02
1.010730787737594387e-02
1.010733508799001139e-02
1.010736319075535884e-02
1.010739173959634626e-02
1.010742095755079450e-02
1.010745106765652442e-02
1.010748184687571341e-02
1.010751307217054411e-02
1.010754518961665648e-02
1.010757797617622793e-02
1.010761120881144108e-02
1.055857773408847705e-02
1.055857806864520659e-02
1.055857929535321781e-02
1.055858107965577941e-02
1.055858364459071226e-02
1.055858687863910593e-02
1.055859078180095868e-02
1.055859546559518441e-02
1.055860104154068835e-02
1.055860728659965483e-02
1.055861408925317171e-02
1.055862167253905984e-02
1.055863003645731747e-02
1.055863906948903592e-02
1.055864877163421520e-02
1.055865947744958656e-02
1.055867062934059790e-02
1.055868267338288917e-02
1.055869538653864126e-02
1.055870876880785417e-02
1.055872282019052789e-02
1.055873776372448329e-02
1.055875337637189777e-02
1.055876965813277481e-02
1.055878683204493004e-02
1.055880445203272872e-02
1.055882296417180559e-02
1.055884214542434502e-02
1.055886221882816438e-02
1.055888273830762544e-02
1.055890414993836644e-02
1.055892623068256653e-02
1.055894898054022917e-02
1.055897262254917347e-02
1.055899671063375601e-02
1.055902169086962022e-02
1.055904756325676611e-02
1.055907388171955195e-02
1.055910109233361774e-02
1.055912897206114608e-02
1.055915729786431265e-02
1.055918673885658174e-02
1.055921662592449080e-02
1.055924740514368153e-02
1.055927885347633134e-02
1.055931141699808368e-02
1.055934375748201516e-02
1.055937765923068913e-02
1.055941200705500307e-02
1.055944680095495698e-02
1.102908426823809643e-02
1.102908471431373813e-02
1.102908582950283892e-02
1.102908772532431095e-02
1.102909040177815249e-02
1.102909374734545658e-02
1.102909798506404061e-02
1.102910289189608546e-02
1.102910857936050155e-02
1.102911493593837673e-02
1.102912218466753358e-02
1.102913032554797210e-02
1.102913902402296101e-02
1.102914861464922985e-02
1.102915887438895952e-02
1.102916980324215174e-02
1.102918162424662216e-02
1.102919411436455513e-02
1.102920738511485761e-02
1.102922132497862091e-02
1.102923626851257631e-02
1.102925165812217168e-02
1.102926816292086783e-02
1.102928533683302480e-02
1.102930295682082174e-02
1.102932169199771946e-02
1.102934109628807800e-02
1.102936116969189737e-02
1.102938191220917928e-02
1.102940376991556025e-02
1.102942607369758118e-02
1.102944926963088379e-02
1.102947313467764721e-02
1.102949766883787146e-02
1.102952309514937737e-02
1.102954896753652152e-02
1.102957595511276818e-02
1.102960383484029479e-02
1.102963216064346309e-02
1.102966115556009222e-02
1.102969126566582039e-02
1.102972182184719027e-02
1.102975327017984182e-02
1.102978538762595245e-02
1.102981839722334476e-02
1.102985207593419788e-02
1.102988620072069097e-02
1.102992144069628658e-02
1.102995757282316212e-02
1.102999415102567764e-02
1.152067389841948328e-02
1.152067423297621282e-02
1.152067545968422403e-02
1.152067746702460649e-02
1.152068025499735845e-02
1.152068382360248340e-02
1.152068817283997786e-02
1.152069341422875225e-02
1.152069921321207703e-02
1.152070612738450434e-02
1.152071371067039246e-02
1.152072207458865009e-02
1.152073110762036855e-02
1.152074103280336867e-02
1.152075185013764873e-02
1.152076344810430003e-02
1.152077549214659304e-02
1.152078887441580594e-02
1.152080270276065882e-02
1.152081742325679337e-02
1.152083281286638873e-02
1.152084909462726403e-02
1.152086626853942100e-02
1.152088411156503879e-02
1.152090284674193651e-02
1.152092225103229679e-02
1.152094232443611616e-02
1.152096351302903630e-02
1.152098537073541727e-02
1.152100812059307991e-02
1.152103153956420337e-02
1.152105562764878591e-02
1.152108060788465012e-02
1.152110648027179600e-02
1.152113302177240270e-02
1.152116045542428933e-02
1.152118855818963679e-02
1.152121755310626418e-02
1.152124721713635412e-02
1.152127777331772400e-02
1.152130899861255470e-02
1.152134111605866533e-02
1.152137390261823852e-02
1.152140758132909164e-02
1.152144215219122469e-02
1.152147739216681857e-02
1.152151330125587500e-02
1.152155010249620963e-02
1.152158757285000681e-02
1.152162593535508393e-02
1.203450318724937594e-02
1.203450363332501591e-02
1.203450486003302712e-02
1.203450675585449915e-02
1.203450976686507197e-02
1.203451355850801603e-02
1.203451813078332960e-02
1.203452348369101442e-02
1.203452972874998091e-02
1.203453686596022733e-02
1.203454467228393630e-02
1.203455348227783391e-02
1.203456307290410449e-02
1.203457344416274458e-02
1.203458481909157503e-02
1.203459664009604718e-02
1.203460968780852881e-02
1.203462340463447300e-02
1.203463812513060754e-02
1.203465329170238206e-02
1.203466935042543824e-02
1.203468652433759521e-02
1.203470414432539215e-02
1.203472287950228987e-02
1.203474250683046927e-02
1.203476302630992860e-02
1.203478399186502963e-02
1.203480629564705230e-02
1.203482904550471320e-02
1.203485268751365751e-02
1.203487722167388176e-02
1.203490242494756508e-02
1.203492874341035093e-02
1.203495573098659760e-02
1.203498338767630509e-02
1.203501215955511336e-02
1.203504137750956160e-02
1.203507171065311063e-02
1.203510293594794132e-02
1.203513460731841372e-02
1.203516761691580603e-02
1.203520107258883830e-02
1.203523542041315224e-02
1.203527066038874611e-02
1.203530656947780081e-02
1.203534314768031632e-02
1.203538128714757433e-02
1.203541942661483233e-02
1.203545912734683108e-02
1.203549905111664896e-02
1.256947434257666037e-02
1.256947478865230033e-02
1.256947612687922197e-02
1.256947824573851312e-02
1.256948125674908594e-02
1.256948527142985085e-02
1.256949017826189570e-02
1.256949575420740137e-02
1.256950222230418697e-02
1.256950958255225424e-02
1.256951794647051188e-02
1.256952709102114076e-02
1.256953701620414088e-02
1.256954783353842094e-02
1.256955965454289309e-02
1.256957214466082606e-02
1.256958574996785809e-02
1.256959991286944224e-02
1.256961530247903761e-02
1.256963113816427294e-02
1.256964831207642991e-02
1.256966615510204770e-02
1.256968489027894542e-02
1.256970451760712482e-02
1.256972481404876503e-02
1.256974600264168518e-02
1.256976830642370785e-02
1.256979127931918960e-02
1.256981514436595303e-02
1.256983990156399812e-02
1.256986555091332315e-02
1.256989209241392812e-02
1.256991930302799564e-02
1.256994740579334309e-02
1.256997684678561218e-02
1.257000651081570039e-02
1.257003751307271024e-02
1.257006896140536178e-02
1.257010130188929327e-02
1.257013498060014639e-02
1.257016910538663948e-02
1.257020412232441424e-02
1.257024003141346893e-02
1.257027660961598445e-02
1.257031452604542160e-02
1.257035311158831957e-02
1.257039236624467836e-02
1.257043273609013793e-02
1.257047377504905833e-02
1.257051548312143781e-02
1.312845708051517402e-02
1.312845741507190356e-02
1.312845875329882520e-02
1.312846109519593719e-02
1.312846432924433086e-02
1.312846823240618535e-02
1.312847336227604932e-02
1.312847927277828626e-02
1.312848607543180314e-02
1.312849377023659996e-02
1.312850246871158887e-02
1.312851194781894729e-02
1.312852243059649780e-02
1.312853391704423868e-02
1.312854607260544038e-02
1.312855923183683417e-02
1.312857328321950789e-02
1.312858822675346156e-02
1.312860428547651774e-02
1.312862101331303474e-02
1.312863885633865253e-02
1.312865759151555026e-02
1.312867677276808968e-02
1.312869729224754901e-02
1.312871870387829001e-02
1.312874100766031095e-02
1.312876420359361529e-02
1.312878829167819783e-02
1.312881327191406204e-02
1.312883914430120792e-02
1.312886590883963374e-02
1.312889334249152037e-02
1.312892211437032865e-02
1.312895155536259774e-02
1.312898188850614677e-02
1.312901333683879831e-02
1.312904545428490895e-02
1.312907868692012210e-02
1.312911258866879607e-02
1.312914738256874998e-02
1.312918329165780468e-02
1.312921986986032019e-02
1.312925778628975734e-02
1.312929592575701535e-02
1.312933518041337240e-02
1.312937555025883198e-02
1.312941681225557322e-02
1.312945852032795443e-02
1.312950156662725555e-02
1.312954550507783834e-02
1.371268691907001624e-02
1.371268747666456664e-02
1.371268892641039870e-02
1.371269126830751070e-02
1.371269461387481479e-02
1.371269896311230925e-02
1.371270420450108364e-02
1.371271033804113970e-02
1.371271747525138612e-02
1.371272550461291422e-02
1.371273453764463267e-02
1.371274446282763279e-02
1.371275528016191285e-02
1.371276732420420585e-02
1.371278003735995794e-02
1.371279375418590039e-02
1.371280858620094537e-02
1.371282442188618070e-02
1.371284114972269770e-02
1.371285854667267379e-02
1.371287683577393328e-02
1.371289646310211094e-02
1.371291675954375115e-02
1.371293817117449215e-02
1.371296047495651482e-02
1.371298389392763654e-02
1.371300775897439997e-02
1.371303318528590588e-02
1.371305905767305003e-02
1.371308626828711755e-02
1.371311414801464415e-02
1.371314291989345242e-02
1.371317280696136148e-02
1.371320380921837306e-02
1.371323548058884373e-02
1.371326804411059433e-02
1.371330172282144745e-02
1.371333629368358224e-02
1.371337175669699697e-02
1.371340811186169163e-02
1.371344558221548882e-02
1.371348394472056594e-02
1.371352342241474558e-02
1.371356334618456345e-02
1.371360416210566473e-02
1.371364631625368591e-02
1.371368936255298702e-02
1.371373330100356981e-02
1.371377835464325512e-02
1.371382385435857866e-02
1.432080745373753156e-02
1.432080801133208195e-02
1.432080946107791228e-02
1.432081191449393470e-02
1.432081548309905791e-02
1.432081983233655237e-02
1.432082540828205804e-02
1.432083176485993495e-02
1.432083923662691265e-02
1.432084760054517028e-02
1.432085707965252870e-02
1.432086756243007922e-02
1.432087882584000098e-02
1.432089131595793222e-02
1.432090469822714512e-02
1.432091919568546055e-02
1.432093436225723507e-02
1.432095109009375207e-02
1.432096826400590731e-02
1.432098633006934595e-02
1.432100573435970449e-02
1.432102625383916555e-02
1.432104744243208570e-02
1.432106996925192749e-02
1.432109316518523009e-02
1.432111747630763349e-02
1.432114245654349770e-02
1.432116899804410440e-02
1.432119620865817192e-02
1.432122431142351937e-02
1.432125352937796761e-02
1.432128386252151664e-02
1.432131464174070737e-02
1.432134720526245970e-02
1.432138021485985201e-02
1.432141433964634510e-02
1.432144935658411812e-02
1.432148526567317455e-02
1.432152251298915088e-02
1.432156042941858803e-02
1.432159946103712597e-02
1.432163960784476470e-02
1.432168064680368509e-02
1.432172257791388542e-02
1.432176562421318827e-02
1.432180956266377106e-02
1.432185417022781466e-02
1.432190033905660076e-02
1.432194695396102509e-02
1.432199468405455194e-02
1.495627052934232412e-02
1.495627119845578321e-02
1.495627275972052569e-02
1.495627521313654812e-02
1.495627900477949218e-02
1.495628368857371618e-02
1.495628915300031142e-02
1.495629595565382830e-02
1.495630376197753554e-02
1.495631257197143488e-02
1.495632227411661415e-02
1.495633320296980463e-02
1.495634513549318548e-02
1.495635796016784799e-02
1.495637212306943215e-02
1.495638717812229797e-02
1.495640301380753330e-02
1.495642018771969027e-02
1.495643825378312718e-02
1.495645765807348572e-02
1.495647773147730682e-02
1.495649892007022697e-02
1.495652100081442878e-02
1.495654464282337136e-02
1.495656873090795563e-02
1.495659415721945981e-02
1.495662025264442481e-02
1.495664768629631144e-02
1.495667601209947975e-02
1.495670567612956969e-02
1.495673600927311872e-02
1.495676768064358939e-02
1.495680024416534172e-02
1.495683369983837399e-02
1.495686827070050878e-02
1.495690395675174263e-02
1.495694053495425814e-02
1.495697822834587618e-02
1.495701681388877415e-02
1.495705673765859202e-02
1.495709733054187245e-02
1.495713881557643281e-02
1.495718208491355478e-02
1.495722580032631845e-02
1.495727040789036205e-02
1.495731635368132556e-02
1.495736319162357247e-02
1.495741092171709932e-02
1.495745976699972696e-02
1.495750972747145538e-02
1.562035984005866011e-02
1.562036039765321051e-02
1.562036195891795126e-02
1.562036463537179454e-02
1.562036853853364902e-02
1.562037333384678345e-02
1.562037946738683951e-02
1.562038638155926508e-02
1.562039441092079317e-02
1.562040366699033248e-02
1.562041381521115345e-02
1.562042519013998390e-02
1.562043768025791514e-02
1.562045128556494890e-02
1.562046578302326433e-02
1.562048139567067881e-02
1.562049812350719581e-02
1.562051596653281187e-02
1.562053492474753044e-02
1.562055477511353069e-02
1.562057574066863172e-02
1.562059804445065266e-02
1.562062101734613614e-02
1.562064555150635865e-02
1.562067097781786457e-02
1.562069707324282956e-02
1.562072472993253705e-02
1.562075305573570536e-02
1.562078294280361442e-02
1.562081372202280341e-02
1.562084539339327408e-02
1.562087840299066638e-02
1.562091230473934035e-02
1.562094709863929426e-02
1.562098345380399066e-02
1.562102047808214614e-02
1.562105861754940414e-02
1.562109809524358205e-02
1.562113824205122077e-02
1.562117950404796202e-02
1.562122210427162317e-02
1.562126559664656598e-02
1.562131020421060959e-02
1.562135592696375398e-02
1.562140276490600090e-02
1.562145071803734686e-02
1.562149911724433453e-02
1.562154907771606295e-02
1.562160015337689389e-02
1.562165212118900477e-02
1.631139256553299291e-02
1.631139301160863461e-02
1.631139468439228579e-02
1.631139758388394992e-02
1.631140148704580267e-02
1.631140661691566837e-02
1.631141286197463486e-02
1.631142022222270213e-02
1.631142858614095803e-02
1.631143817676723035e-02
1.631144888258259998e-02
1.631146070358707040e-02
1.631147375129955376e-02
1.631148757964440837e-02
1.631150296925400200e-02
1.631151925101487904e-02
1.631153687100267424e-02
1.631155516010393200e-02
1.631157501046993225e-02
1.631159575298721243e-02
1.631161783373141425e-02
1.631164080662689600e-02
1.631166511774929939e-02
1.631169032102298619e-02
1.631171686252359115e-02
1.631174429617547952e-02
1.631177306805428606e-02
1.631180295512219686e-02
1.631183395737920497e-02
1.631186585178749648e-02
1.631189908442270964e-02
1.631193320920920273e-02
1.631196867222261745e-02
1.631200525042513297e-02
1.631204272077893189e-02
1.631208130632182812e-02
1.631212145312946685e-02
1.631216204601274727e-02
1.631220420016076672e-02
1.631224724646006957e-02
1.631229163098629406e-02
1.631233713070161934e-02
1.631238352256822455e-02
1.631243102962393055e-02
1.631247987490655818e-02
1.631252961234046575e-02
1.631258068800129496e-02
1.631263243277558672e-02
1.631268551577680012e-02
1.631273993700493169e-02
1.703351910504285679e-02
1.703351955111849850e-02
1.703352133542105837e-02
1.703352434643163119e-02
1.703352836111239610e-02
1.703353371402008265e-02
1.703354018211686652e-02
1.703354776540275464e-02
1.703355657539665224e-02
1.703356650057965410e-02
1.703357765247066544e-02
1.703358991955077756e-02
1.703360363637672001e-02
1.703361824535394239e-02
1.703363385800136034e-02
1.703365125495133470e-02
1.703366932101477507e-02
1.703368872530513362e-02
1.703370902174677209e-02
1.703373087945315306e-02
1.703375362931081743e-02
1.703377794043322083e-02
1.703380314370690415e-02
1.703382923913187089e-02
1.703385689582157664e-02
1.703388566770038665e-02
1.703391555476829397e-02
1.703394633398748470e-02
1.703397889750923530e-02
1.703401213014444845e-02
1.703404692404440410e-02
1.703408238705781882e-02
1.703411918829815519e-02
1.703415732776540972e-02
1.703419635938394766e-02
1.703423672922940724e-02
1.703427821426396760e-02
1.703432103752544960e-02
1.703436475293821500e-02
1.703441002961571943e-02
1.703445597540668294e-02
1.703450325942456808e-02
1.703455165863155749e-02
1.703460139606546506e-02
1.703465202565065603e-02
1.703470399346276518e-02
1.703475707646397858e-02
1.703481127465428929e-02
1.703486636499588341e-02
1.703492301660222003e-02
1.778798958557057178e-02
1.778799014316512217e-02
1.778799203898659420e-02
1.778799516151607571e-02
1.778799928771574931e-02
1.778800486366125672e-02
1.778801155479586144e-02
1.778801958415738779e-02
1.778802861718910971e-02
1.778803909996665850e-02
1.778805069793331153e-02
1.778806352260797405e-02
1.778807757399064604e-02
1.778809296360023967e-02
1.778810946839893756e-02
1.778812731142455361e-02
1.778814604660145307e-02
1.778816612000527417e-02
1.778818753163601343e-02
1.778821028149367434e-02
1.778823414654043950e-02
1.778825912677630544e-02
1.778828522220126870e-02
1.778831287889097792e-02
1.778834165076978446e-02
1.778837131479987441e-02
1.778840254009470337e-02
1.778843488057863659e-02
1.778846833625166712e-02
1.778850335318944362e-02
1.778853926227849658e-02
1.778857628655665379e-02
1.778861464906173265e-02
1.778865412675590882e-02
1.778869516571483095e-02
1.778873687378721216e-02
1.778878036616215325e-02
1.778882452765055688e-02
1.778887025040370301e-02
1.778891731138376731e-02
1.778896504147729415e-02
1.778901433283556349e-02
1.778906473938293015e-02
1.778911648415722191e-02
1.778916934412061446e-02
1.778922331927310779e-02
1.778927840961470191e-02
1.778933483818321767e-02
1.778939260497865160e-02
1.778945126392536893e-02
1.857288588186225761e-02
1.857288643945680801e-02
1.857288844679719220e-02
1.857289145780776501e-02
1.857289591856416816e-02
1.857290171754749294e-02
1.857290874323883068e-02
1.857291699563817788e-02
1.857292658626444673e-02
1.857293740359872852e-02
1.857294944764101979e-02
1.857296282991023270e-02
1.857297755040636725e-02
1.857299338609160258e-02
1.857301056000375955e-02
1.857302907214283816e-02
1.857304869947101755e-02
1.857306966502611859e-02
1.857309196880814126e-02
1.857311538777926124e-02
1.857314036801512719e-02
1.857316646344009392e-02
1.857319367405415797e-02
1.857322244593296798e-02
1.857325210996305792e-02
1.857328333525788688e-02
1.857331567574182010e-02
1.857334913141485064e-02
1.857338414835262713e-02
1.857342028047950094e-02
1.857345752779547901e-02
1.857349633637619610e-02
1.857353626014601397e-02
1.857357752214275348e-02
1.857361989932859725e-02
1.857366383777918004e-02
1.857370866838104276e-02
1.857375506024764797e-02
1.857380256730335397e-02
1.857385118954816075e-02
1.857390092698207179e-02
1.857395222568072185e-02
1.857400486260629355e-02
1.857405861472096603e-02
1.857411348202473930e-02
1.857416991059325506e-02
1.857422700827522991e-02
1.857428611329758894e-02
1.857434588743340706e-02
1.857440699979614682e-02
1.939303263652597184e-02
1.939303319412052223e-02
1.939303531297981165e-02
1.939303865854711748e-02
1.939304323082242931e-02
1.939304925284357842e-02
1.939305639005382484e-02
1.939306508852881375e-02
1.939307501371181214e-02
1.939308627712173216e-02
1.939309899027748599e-02
1.939311281862234060e-02
1.939312820823193423e-02
1.939314471303062865e-02
1.939316233301842732e-02
1.939318151427096501e-02
1.939320203375042781e-02
1.939322389145680878e-02
1.939324686435229053e-02
1.939327139851251477e-02
1.939329749393747804e-02
1.939332448151372471e-02
1.939335280731689301e-02
1.939338269438480380e-02
1.939341347360399453e-02
1.939344581408792428e-02
1.939347971583659652e-02
1.939351473277437302e-02
1.939355108793906768e-02
1.939358855829286313e-02
1.939362736687358368e-02
1.939366773671904326e-02
1.939370944479142100e-02
1.939375204501508562e-02
1.939379642954130664e-02
1.939384148318099022e-02
1.939388876719887883e-02
1.939393649729240568e-02
1.939398578865067155e-02
1.939403641823586252e-02
1.939408838604797167e-02
1.939414169208700592e-02
1.939419633635295834e-02
1.939425209580801501e-02
1.939430941652781071e-02
1.939436785243670719e-02
1.939442784961034616e-02
1.939448851589744421e-02
1.939455096648710561e-02
1.939461453226586779e-02
2.024967317389051238e-02
2.024967395452288363e-02
2.024967596186326782e-02
2.024967930743057018e-02
2.024968432578152372e-02
2.024969045932158151e-02
2.024969804260746617e-02
2.024970685260136724e-02
2.024971722386000733e-02
2.024972882182665690e-02
2.024974198105805243e-02
2.024975625547854527e-02
2.024977231420160145e-02
2.024978948811375842e-02
2.024980800025283703e-02
2.024982807365665466e-02
2.024984926224957654e-02
2.024987178906941659e-02
2.024989587715400260e-02
2.024992152650332763e-02
2.024994806800393260e-02
2.024997639380710091e-02
2.025000583479937000e-02
2.025003683705637811e-02
2.025006917754031133e-02
2.025010263321334533e-02
2.025013765015111836e-02
2.025017400531581302e-02
2.025021169870742932e-02
2.025025073032596726e-02
2.025029110017142683e-02
2.025033303128162890e-02
2.025037630061875260e-02
2.025042068514497362e-02
2.025046663093594060e-02
2.025051369191600489e-02
2.025056253719863253e-02
2.025061249767036095e-02
2.025066379636901101e-02
2.025071621025676533e-02
2.025077040844707604e-02
2.025082572182649102e-02
2.025088237343282763e-02
2.025094014022826155e-02
2.025099969132626229e-02
2.025106035761336035e-02
2.025112258516520089e-02
2.025118548183050399e-02
2.025125060887400519e-02
2.025131640503097241e-02
2.114063755900298311e-02
2.114063833963535435e-02
2.114064045849464724e-02
2.114064402709977045e-02
2.114064893393181530e-02
2.114065540202860263e-02
2.114066343139012899e-02
2.114067257594075960e-02
2.114068328175612924e-02
2.114069532579842051e-02
2.114070893110545427e-02
2.114072409767723051e-02
2.114074037943810408e-02
2.114075844550154099e-02
2.114077762675408215e-02
2.114079836927136233e-02
2.114082045001556415e-02
2.114084386898668760e-02
2.114086907226037093e-02
2.114089539072315505e-02
2.114092327045068512e-02
2.114095248840513336e-02
2.114098326762432409e-02
2.114101516203261213e-02
2.114104861770564614e-02
2.114108363464341916e-02
2.114111998980811730e-02
2.114115768319973360e-02
2.114119693785609239e-02
2.114123753073937281e-02
2.114127968488739226e-02
2.114132295422451596e-02
2.114136778482637868e-02
2.114141417669298390e-02
2.114146168374868989e-02
2.114151075206913838e-02
2.114156115861650850e-02
2.114161290339079680e-02
2.114166620942983105e-02
2.114172085369578347e-02
2.114177683618865752e-02
2.114183460298409492e-02
2.114189348496863310e-02
2.114195348214227207e-02
2.114201526361847092e-02
2.114207838332159486e-02
2.114214261821381613e-02
2.114220841437077988e-02
2.114227554875466528e-02
2.114234424440329316e-02
2.207153251658802717e-02
2.207153318570148973e-02
2.207153552759859999e-02
2.207153920772263536e-02
2.207154433759250106e-02
2.207155125176492663e-02
2.207155928112645299e-02
2.207156887175272530e-02
2.207158002364373317e-02
2.207159251376166614e-02
2.207160678818215899e-02
2.207162217779175609e-02
2.207163912866609221e-02
2.207165764080517081e-02
2.207167793724680929e-02
2.207169934887755203e-02
2.207172232177303378e-02
2.207174663289543717e-02
2.207177272832040391e-02
2.207180016197228881e-02
2.207182915688891967e-02
2.207185926699464784e-02
2.207189116140293936e-02
2.207192461707596989e-02
2.207195918793810469e-02
2.207199532006498197e-02
2.207203301345659827e-02
2.207207226811295706e-02
2.207211286099623748e-02
2.207215523818207778e-02
2.207219873055701886e-02
2.207224378419670244e-02
2.207229017606330765e-02
2.207233835223247620e-02
2.207238764359074554e-02
2.207243849621375389e-02
2.207249091010150474e-02
2.207254443917835637e-02
2.207259997559559220e-02
2.207265640416410796e-02
2.207271484007300444e-02
2.207277439117100171e-02
2.207283528049592408e-02
2.207289773108558201e-02
2.207296196597780674e-02
2.207302709302131141e-02
2.207309400436737595e-02
2.207316225394036213e-02
2.207323206477809080e-02
2.207330321384274111e-02
2.304355810163732921e-02
2.304355877075078829e-02
2.304356100112898986e-02
2.304356501580975478e-02
2.304357014567962048e-02
2.304357728288986690e-02
2.304358575832703496e-02
2.304359557199112465e-02
2.304360716995777769e-02
2.304362032918916975e-02
2.304363482664748344e-02
2.304365110840836048e-02
2.304366872839615568e-02
2.304368768661087599e-02
2.304370887520379441e-02
2.304373095594799623e-02
2.304375459795694053e-02
2.304378002426844471e-02
2.304380701184469138e-02
2.304383533764785968e-02
2.304386544775358786e-02
2.304389689608624114e-02
2.304392990568363345e-02
2.304396425350794739e-02
2.304400038563482120e-02
2.304403807902643750e-02
2.304407711064497544e-02
2.304411748049043501e-02
2.304415963463845793e-02
2.304420357308904072e-02
2.304424862672872429e-02
2.304429546467097120e-02
2.304434341780231543e-02
2.304439337827404385e-02
2.304444445393487653e-02
2.304449709086044823e-02
2.304455151208857980e-02
2.304460727154363647e-02
2.304466436922561132e-02
2.304472347424796688e-02
2.304478369445942670e-02
2.304484547593562901e-02
2.304490881867657034e-02
2.304497349964443331e-02
2.304503996491485962e-02
2.304510754537438325e-02
2.304517691013647368e-02
2.304524739008766143e-02
2.304531987737923338e-02
2.304539347985990264e-02
2.405442081624558151e-02
2.405442170839686145e-02
2.405442393877506649e-02
2.405442795345582793e-02
2.405443375243915619e-02
2.405444088964940261e-02
2.405444958812439152e-02
2.405446007090194030e-02
2.405447189190641072e-02
2.405448527417562363e-02
2.405450066378522073e-02
2.405451739162173599e-02
2.405453568072299375e-02
2.405455553108899400e-02
2.405457694271973326e-02
2.405460013865303587e-02
2.405462489585108096e-02
2.405465099127604769e-02
2.405467909404139515e-02
2.405470831199584339e-02
2.405473931425285497e-02
2.405477210081242642e-02
2.405480622559891951e-02
2.405484191165015509e-02
2.405487938200395054e-02
2.405491819058466763e-02
2.405495878346794805e-02
2.405500093761597097e-02
2.405504442999091205e-02
2.405508970666841648e-02
2.405513654461066339e-02
2.405518494381764932e-02
2.405523490428937775e-02
2.405528642602584866e-02
2.405533950902706206e-02
2.405539415329301448e-02
2.405545013578588853e-02
2.405550812561914678e-02
2.405556745367932320e-02
2.405562834300424210e-02
2.405569057055608265e-02
2.405575480544830738e-02
2.405582015552962943e-02
2.405588751295133568e-02
2.405595576252432186e-02
2.405602646551333393e-02
2.405609783761580162e-02
2.405617121705865349e-02
2.405624571169060616e-02
2.405632221366294302e-02
2.511048794410437879e-02
2.511048883625565872e-02
2.511049151270950200e-02
2.511049552739026344e-02
2.511050132637359170e-02
2.511050846358383812e-02
2.511051783117228611e-02
2.511052853698765575e-02
2.511054102710558872e-02
2.511055485545044333e-02
2.511057046809785781e-02
2.511058786504783563e-02
2.511060660022473509e-02
2.511062756577983265e-02
2.511064964652403447e-02
2.511067351157079963e-02
2.511069893788230381e-02
2.511072637153419218e-02
2.511075514341299872e-02
2.511078547655654775e-02
2.511081781704048096e-02
2.511085149575133235e-02
2.511088695876474708e-02
2.511092398304290430e-02
2.511096256858580053e-02
2.511100271539343926e-02
2.511104486954146217e-02
2.511108836191640326e-02
2.511113363859390768e-02
2.511118047653615459e-02
2.511122887574314053e-02
2.511127905925268980e-02
2.511133058098916071e-02
2.511138388702819496e-02
2.511143875433196823e-02
2.511149540593830137e-02
2.511155384184720132e-02
2.511161339294519859e-02
2.511167472834575920e-02
2.511173762501105883e-02
2.511180230597892180e-02
2.511186854821152725e-02
2.511193657474669605e-02
2.511200593950878301e-02
2.511207686553561247e-02
2.511214957586500179e-02
2.511222362442131623e-02
2.511229945728019053e-02
2.511237685140380385e-02
2.511245580679216313e-02
2.621288493405453737e-02
2.621288560316799646e-02
2.621288827962183973e-02
2.621289274037824288e-02
2.621289853936156766e-02
2.621290612264745579e-02
2.621291571327372463e-02
2.621292686516473597e-02
2.621293957832048979e-02
2.621295407577880349e-02
2.621297013450185967e-02
2.621298797752747572e-02
2.621300760485565512e-02
2.621302923952421524e-02
2.621305176634405876e-02
2.621307674657992470e-02
2.621310328808052967e-02
2.621313139084587712e-02
2.621316127791378445e-02
2.621319250320861688e-02
2.621322573584383003e-02
2.621326075278160306e-02
2.621329710794629772e-02
2.621333547045137657e-02
2.621337561725901530e-02
2.621341732533139651e-02
2.621346059466852021e-02
2.621350564830820379e-02
2.621355226321262985e-02
2.621360066241961578e-02
2.621365084592916506e-02
2.621370236766563597e-02
2.621375611978030845e-02
2.621381098708408172e-02
2.621386786172823571e-02
2.621392629763713567e-02
2.621398651784859202e-02
2.621404829932479433e-02
2.621411141902791481e-02
2.621417699214706118e-02
2.621424368045530487e-02
2.621431193002829105e-02
2.621438196390384057e-02
2.621445400511977081e-02
2.621452738456262269e-02
2.621460232527021705e-02
2.621467882724255044e-02
2.621475755959308887e-02
2.621483718409490724e-02
2.621491881593710632e-02
2.735933813855675328e-02
2.735933880767021237e-02
2.735934148412405564e-02
2.735934594488045879e-02
2.735935218993942528e-02
2.735935999626313425e-02
2.735936980992722395e-02
2.735938096181823528e-02
2.735939434408744819e-02
2.735940928762140359e-02
2.735942601545791886e-02
2.735944452759699747e-02
2.735946504707645680e-02
2.735948712782065861e-02
2.735951076982960292e-02
2.735953619614110710e-02
2.735956340675517462e-02
2.735959262470962286e-02
2.735962318089099274e-02
2.735965596745056419e-02
2.735969031527487813e-02
2.735972622436393109e-02
2.735976391775555086e-02
2.735980361848754788e-02
2.735984488048428739e-02
2.735988770374576939e-02
2.735993275738545297e-02
2.735997914925206165e-02
2.736002754845904758e-02
2.736007750893077600e-02
2.736012925370506776e-02
2.736018255974409855e-02
2.736023787312351352e-02
2.736029474776766751e-02
2.736035340671438484e-02
2.736041407300148637e-02
2.736047607751550606e-02
2.736053964329426824e-02
2.736060543945123200e-02
2.736067257383511739e-02
2.736074149252156612e-02
2.736081219551057472e-02
2.736088445976432582e-02
2.736095850832063678e-02
2.736103434117951108e-02
2.736111195834094872e-02
2.736119135980494624e-02
2.736127187645804454e-02
2.736135440045152703e-02
2.736143893178538677e-02
2.855694573623947241e-02
2.855694662839075235e-02
2.855694930484459562e-02
2.855695376560099877e-02
2.855696001065996525e-02
2.855696826305931593e-02
2.855697829976122301e-02
2.855699012076569690e-02
2.855700372607273066e-02
2.855701911568232429e-02
2.855703651263230211e-02
2.855705547084701895e-02
2.855707643640211998e-02
2.855709918625978436e-02
2.855712372042000513e-02
2.855715003888279271e-02
2.855717814164814017e-02
2.855720825175386834e-02
2.855724014616215986e-02
2.855727360183519387e-02
2.855730884181078774e-02
2.855734608912676581e-02
2.855738512074530375e-02
2.855742593666640156e-02
2.855746853689006270e-02
2.855751292141628719e-02
2.855755909024507155e-02
2.855760704337641925e-02
2.855765678081032682e-02
2.855770852558461859e-02
2.855776205466147022e-02
2.855781714500306434e-02
2.855787401964722180e-02
2.855793267859393914e-02
2.855799334488103719e-02
2.855805579547069858e-02
2.855811958428728162e-02
2.855818538044424537e-02
2.855825296090377247e-02
2.855832232566585943e-02
2.855839347473050974e-02
2.855846640809771991e-02
2.855854112576749343e-02
2.855861740470200943e-02
2.855869591401472354e-02
2.855877553851654191e-02
2.855885717035874100e-02
2.855894080954132427e-02
2.855902578695082919e-02
2.855911277170071136e-02
2.980669310819241899e-02
2.980669422338151978e-02
2.980669689983536305e-02
2.980670158362958705e-02
2.980670805172637439e-02
2.980671675020136330e-02
2.980672700994109123e-02
2.980673927702120335e-02
2.980675332840387881e-02
2.980676916408911414e-02
2.980678700711473020e-02
2.980680663444290959e-02
2.980682804607365233e-02
2.980685146504477231e-02
2.980687666831845911e-02
2.980690410197034401e-02
2.980693309688697487e-02
2.980696387610616560e-02
2.980699666266573705e-02
2.980703123352786837e-02
2.980706781173038389e-02
2.980710595119764189e-02
2.980714632104310147e-02
2.980718825215330353e-02
2.980723241364170717e-02
2.980727813639484983e-02
2.980732564345055929e-02
2.980737515784664601e-02
2.980742645654529607e-02
2.980747931650868862e-02
2.980753462988810359e-02
2.980759128149443674e-02
2.980764994044115407e-02
2.980771038369043474e-02
2.980777283428009614e-02
2.980783706917231740e-02
2.980790286532928116e-02
2.980797066882662910e-02
2.980804070270217862e-02
2.980811207480464631e-02
2.980818523120967733e-02
2.980826061799291340e-02
2.980833734300306764e-02
2.980841562927796437e-02
2.980849636896888352e-02
2.980857866992454516e-02
2.980866297822058752e-02
2.980874862474355153e-02
2.980883650164471710e-02
2.980892571677280431e-02
3.110634742279738685e-02
3.110634809191084940e-02
3.110635121444033091e-02
3.110635589823455491e-02
3.110636258936916310e-02
3.110637128784415201e-02
3.110638221669734249e-02
3.110639470681527546e-02
3.110640898123576831e-02
3.110642548603446272e-02
3.110644399817354133e-02
3.110646407157736243e-02
3.110648637535938510e-02
3.110651024040614679e-02
3.110653633583111352e-02
3.110656421555864012e-02
3.110659410262654745e-02
3.110662599703483897e-02
3.110665967574569382e-02
3.110669513875910855e-02
3.110673283215072485e-02
3.110677253288272187e-02
3.110681379487946485e-02
3.110685706421658508e-02
3.110690234089408951e-02
3.110694940187415727e-02
3.110699847019460576e-02
3.110704932281761412e-02
3.110710195974318582e-02
3.110715660400913823e-02
3.110721325561547485e-02
3.110727169152437133e-02
3.110733235781147285e-02
3.110739458536331339e-02
3.110745859721771381e-02
3.110752461641249841e-02
3.110759264294766721e-02
3.110766267682321326e-02
3.110773404892568442e-02
3.110780765140635715e-02
3.110788326122741060e-02
3.110796020927538569e-02
3.110803916466374150e-02
3.110812012739248150e-02
3.110820287442378138e-02
3.110828762879546544e-02
3.110837416746970938e-02
3.110846271348433750e-02
3.110855282076370465e-02
3.110864515842127684e-02
3.246385975530733520e-02
3.246386064745861860e-02
3.246386376998810358e-02
3.246386889985796581e-02
3.246387559099257053e-02
3.246388451250538376e-02
3.246389544135857425e-02
3.246390815451432460e-02
3.246392332108610085e-02
3.246394004892261265e-02
3.246395900713733296e-02
3.246397974965461314e-02
3.246400272255009489e-02
3.246402725671031914e-02
3.246405424428656927e-02
3.246408279312755496e-02
3.246411357234674222e-02
3.246414635890632061e-02
3.246418092976845193e-02
3.246421750797096745e-02
3.246425631655168453e-02
3.246429690943496149e-02
3.246433928662080526e-02
3.246438389418485060e-02
3.246443028605145581e-02
3.246447846222062089e-02
3.246452909180581187e-02
3.246458150569356271e-02
3.246463570388387343e-02
3.246469190941456834e-02
3.246475012228564744e-02
3.246481034249710379e-02
3.246487234701112695e-02
3.246493613582770998e-02
3.246500193198467721e-02
3.246506995851983907e-02
3.246513976935756773e-02
3.246521158753568059e-02
3.246528519001635332e-02
3.246536079983740331e-02
3.246543819396102010e-02
3.246551737238719676e-02
3.246559878119157500e-02
3.246568175126070266e-02
3.246576695170802496e-02
3.246585415949573145e-02
3.246594292854817349e-02
3.246603348190318233e-02
3.246612648867421708e-02
3.246622105670998737e-02
3.387994828750336834e-02
3.387994962573029345e-02
3.387995252522195411e-02
3.387995765509181634e-02
3.387996456926424538e-02
3.387997393685269337e-02
3.387998508874370818e-02
3.387999824797510023e-02
3.388001363758469386e-02
3.388003103453467169e-02
3.388005021578720938e-02
3.388007140438013126e-02
3.388009482335125472e-02
3.388012069573839713e-02
3.388014812939028203e-02
3.388017734734473374e-02
3.388020901871520441e-02
3.388024247438823494e-02
3.388027816043947399e-02
3.388031585383109029e-02
3.388035533152526646e-02
3.388039703959765114e-02
3.388044053197258876e-02
3.388048647776355921e-02
3.388053398481926520e-02
3.388058372225317277e-02
3.388063546702746454e-02
3.388068921914213355e-02
3.388074475555936937e-02
3.388080229931698245e-02
3.388086207345280404e-02
3.388092385492900288e-02
3.388098719766994421e-02
3.388105321686472882e-02
3.388112079732425591e-02
3.388119038512416720e-02
3.388126198026445574e-02
3.388133558274512847e-02
3.388141141560400277e-02
3.388148858668979524e-02
3.388156798815379622e-02
3.388164961999599184e-02
3.388173303614075427e-02
3.388181823658807656e-02
3.388190544437578305e-02
3.388199465950387373e-02
3.388208588197234167e-02
3.388217888874336947e-02
3.388227390285478147e-02
3.388237114734440197e-02
3.535235409234231685e-02
3.535235520753141764e-02
3.535235833006090261e-02
3.535236345993076484e-02
3.535237082017882865e-02
3.535238018776728358e-02
3.535239156269610883e-02
3.535240539104096691e-02
3.535242078065056054e-02
3.535243862367618006e-02
3.535245869707999422e-02
3.535248033174855781e-02
3.535250441983314035e-02
3.535253051525810708e-02
3.535255861802345800e-02
3.535258895116700356e-02
3.535262106861311593e-02
3.535265563947524725e-02
3.535269221767776276e-02
3.535273058018284509e-02
3.535277139610394637e-02
3.535281399632760752e-02
3.535285860389164592e-02
3.535290544183389283e-02
3.535295428711652393e-02
3.535300536277734967e-02
3.535305844577856654e-02
3.535311353612016066e-02
3.535317041076431466e-02
3.535322973882449454e-02
3.535329062814940998e-02
3.535335374785253393e-02
3.535341909793385945e-02
3.535348645535556222e-02
3.535355582011764919e-02
3.535362719222012035e-02
3.535370034862515137e-02
3.535377595844620829e-02
3.535385335256982509e-02
3.535393275403381913e-02
3.535401416283819737e-02
3.535409757898295979e-02
3.535418277943028209e-02
3.535427021025581290e-02
3.535435964842171402e-02
3.535445087089018890e-02
3.535454410069904102e-02
3.535463978392391210e-02
3.535473702841352567e-02
3.535483605720570605e-02
3.689014767189680716e-02
3.689014901012373226e-02
3.689015213265321030e-02
3.689015726252307947e-02
3.689016484580896760e-02
3.689017443643523297e-02
3.689018625743970686e-02
3.689020008578455800e-02
3.689021592146979334e-02
3.689023443360887194e-02
3.689025473005051042e-02
3.689027703383253309e-02
3.689030156799275734e-02
3.689032833253118315e-02
3.689035710440999316e-02
3.689038810666700474e-02
3.689042089322657619e-02
3.689045635623999092e-02
3.689049360355596552e-02
3.689053308125014169e-02
3.689057456628470205e-02
3.689061828169747093e-02
3.689066400445061011e-02
3.689071195758195781e-02
3.689076191805368971e-02
3.689081388586579885e-02
3.689086808405610957e-02
3.689092451262462879e-02
3.689098294853352528e-02
3.689104339178280595e-02
3.689110606541028820e-02
3.689117074637814769e-02
3.689123743468639138e-02
3.689130613033501926e-02
3.689137705636184872e-02
3.689144998972906236e-02
3.689152493043665326e-02
3.689160187848462835e-02
3.689168127994862934e-02
3.689176246571519019e-02
3.689184565882212830e-02
3.689193085926945059e-02
3.689201829009497446e-02
3.689210772826088253e-02
3.689219895072935740e-02
3.689229218053820258e-02
3.689238808680089798e-02
3.689248510825269417e-02
3.689258458312050931e-02
3.689268628836653297e-02
3.849363570316964578e-02
3.849363681835874657e-02
3.849364016392604892e-02
3.849364551683373548e-02
3.849365310011962360e-02
3.849366313682153068e-02
3.849367518086382195e-02
3.849368923224649741e-02
3.849370573704519183e-02
3.849372424918427044e-02
3.849374499170155062e-02
3.849376774155921499e-02
3.849379294483289832e-02
3.849382037848479016e-02
3.849384959643923493e-02
3.849388126780970559e-02
3.849391494652056045e-02
3.849395107864743426e-02
3.849398899507687488e-02
3.849402914188451014e-02
3.849407174210817129e-02
3.849411634967221663e-02
3.849416318761446354e-02
3.849421203289708771e-02
3.849426288552010300e-02
3.849431619155913031e-02
3.849437150493854876e-02
3.849442904869616183e-02
3.849448859979415910e-02
3.849455038127036488e-02
3.849461417008694097e-02
3.849468041231954990e-02
3.849474843885471870e-02
3.849481869576808213e-02
3.849489118305965407e-02
3.849496545465378589e-02
3.849504195662611927e-02
3.849512068897666117e-02
3.849520165170539771e-02
3.849528417569887673e-02
3.849536937614620596e-02
3.849545591482044643e-02
3.849554535298635449e-02
3.849563657545482243e-02
3.849572958222585717e-02
3.849582526545072825e-02
3.849592273297816614e-02
3.849602176177033958e-02
3.849612302094072153e-02
3.849622651048929811e-02
4.016061100389195504e-02
4.016061211908105583e-02
4.016061546464835819e-02
4.016062104059386212e-02
4.016062884691756762e-02
4.016063888361948164e-02
4.016065115069959029e-02
4.016066564815790746e-02
4.016068237599442620e-02
4.016070111117132219e-02
4.016072207672641975e-02
4.016074549569754321e-02
4.016077114504686824e-02
4.016079902477439484e-02
4.016082913488012995e-02
4.016086125232623538e-02
4.016089582318837364e-02
4.016093240139088916e-02
4.016097098693378886e-02
4.016101224893052490e-02
4.016105551826764514e-02
4.016110101798297388e-02
4.016114852503867988e-02
4.016119848551040483e-02
4.016125045332252091e-02
4.016130465151283163e-02
4.016136108008134392e-02
4.016141973902806472e-02
4.016148040531516278e-02
4.016154330198046241e-02
4.016160865206178793e-02
4.016167556340785594e-02
4.016174492816994290e-02
4.016181674634805576e-02
4.016189057186654587e-02
4.016196640472542018e-02
4.016204424492467867e-02
4.016212431550213180e-02
4.016220661645779344e-02
4.016229092475383927e-02
4.016237768646590406e-02
4.016246600944271133e-02
4.016255700887335495e-02
4.016265001564438969e-02
4.016274502975580168e-02
4.016284205120759787e-02
4.016294130303759563e-02
4.016304211613232894e-02
4.016314560568091246e-02
4.016325132560769756e-02
4.190141672993852318e-02
4.190141784512762396e-02
4.190142119069493326e-02
4.190142676664043719e-02
4.190143479600196702e-02
4.190144483270387410e-02
4.190145732282180707e-02
4.190147226635575900e-02
4.190148921723009512e-02
4.190150839848263281e-02
4.190152981011337902e-02
4.190155345212231985e-02
4.190157977058510397e-02
4.190160809638827227e-02
4.190163842953182477e-02
4.190167143912921360e-02
4.190170623302916925e-02
4.190174348034514384e-02
4.190178295803932695e-02
4.190182488914952208e-02
4.190186882760010834e-02
4.190191477339107184e-02
4.190196339563587863e-02
4.190201402522106960e-02
4.190206688518446215e-02
4.190212219856387366e-02
4.190217951928366935e-02
4.190223907038167356e-02
4.190230062882004808e-02
4.190236486371227281e-02
4.190243065986924004e-02
4.190249935551786792e-02
4.190257005850687305e-02
4.190264276883626238e-02
4.190271770954386021e-02
4.190279465759183530e-02
4.190287405905582935e-02
4.190295546786021452e-02
4.190303888400497001e-02
4.190312475356575833e-02
4.190321263046692390e-02
4.190330273774629105e-02
4.190339485236604239e-02
4.190348919736399530e-02
4.190358554970232546e-02
4.190368413241886414e-02
4.190378494551360439e-02
4.190388798898654621e-02
4.190399281676204790e-02
4.190409987491575117e-02
4.371585504676282763e-02
4.371585616195192842e-02
4.371585973055705510e-02
4.371586530650255903e-02
4.371587333586408886e-02
4.371588381864163764e-02
4.371589653179738799e-02
4.371591147533134686e-02
4.371592842620568298e-02
4.371594805353386237e-02
4.371597013427806072e-02
4.371599399932482588e-02
4.371602031778760999e-02
4.371604908966642000e-02
4.371608009192343158e-02
4.371611332455864474e-02
4.371614878757205946e-02
4.371618670400149315e-02
4.371622685080913534e-02
4.371626900495715479e-02
4.371631383555901751e-02
4.371636045046344704e-02
4.371640974182171291e-02
4.371646126355818035e-02
4.371651479263503892e-02
4.371657055209009213e-02
4.371662898799898861e-02
4.371668943124826928e-02
4.371675210487575153e-02
4.371681678584361103e-02
4.371688392022749642e-02
4.371695328498958338e-02
4.371702465709205454e-02
4.371709892868618635e-02
4.371717476154506066e-02
4.371725260174431915e-02
4.371733311839741398e-02
4.371741541935307562e-02
4.371750061980039792e-02
4.371758738151246271e-02
4.371767637360272907e-02
4.371776759607120394e-02
4.371786127195569083e-02
4.371795673214274452e-02
4.371805464574582412e-02
4.371815389757582188e-02
4.371825649497312199e-02
4.371836043059734028e-02
4.371846659659976708e-02
4.371857543905603022e-02
4.560203503972505568e-02
4.560203615491415646e-02
4.560203972351928314e-02
4.560204552250261140e-02
4.560205355186413428e-02
4.560206425767950739e-02
4.560207697083525774e-02
4.560209191436921661e-02
4.560210931131918749e-02
4.560212916168519121e-02
4.560215146546721388e-02
4.560217599962743812e-02
4.560220254112803961e-02
4.560223153604466700e-02
4.560226298437732029e-02
4.560229644005035082e-02
4.560233257217723157e-02
4.560237071164448958e-02
4.560241152756558392e-02
4.560245412778924506e-02
4.560249940446674949e-02
4.560254691152245549e-02
4.560259664895637000e-02
4.560264861676847914e-02
4.560270303799661418e-02
4.560275968960294385e-02
4.560281834854966465e-02
4.560287946091240441e-02
4.560294302669116312e-02
4.560300859981031296e-02
4.560307640330765744e-02
4.560314643718320349e-02
4.560321892447477543e-02
4.560329364214454895e-02
4.560337036715470665e-02
4.560344954558088332e-02
4.560353095438526155e-02
4.560361437053002398e-02
4.560370001705298798e-02
4.560378789395415355e-02
4.560387800123352070e-02
4.560397011585327204e-02
4.560406468388904233e-02
4.560416148230302114e-02
4.560426006501955287e-02
4.560436110115211050e-02
4.560446459070069403e-02
4.560456941847619572e-02
4.560467692270554069e-02
4.560478621123745246e-02
4.757152188891698025e-02
4.757152322714390535e-02
4.757152657271120771e-02
4.757153237169452903e-02
4.757154084713170056e-02
4.757155132990924934e-02
4.757156404306499969e-02
4.757157965571241764e-02
4.757159705266239547e-02
4.757161712606621656e-02
4.757163920681041491e-02
4.757166396400846348e-02
4.757169095158470667e-02
4.757172016953915838e-02
4.757175184090962905e-02
4.757178574265830129e-02
4.757182209782299248e-02
4.757186068336589219e-02
4.757190172232481085e-02
4.757194499166193802e-02
4.757199049137725982e-02
4.757203822147079014e-02
4.757208862801815680e-02
4.757214104190590764e-02
4.757219568617186006e-02
4.757225300689165576e-02
4.757231233495183564e-02
4.757237389339021710e-02
4.757243790524461752e-02
4.757250392443940212e-02
4.757257262008803000e-02
4.757264310003921776e-02
4.757271625644424878e-02
4.757279142018966400e-02
4.757286926038892250e-02
4.757294888489074086e-02
4.757303073977076080e-02
4.757311460199115799e-02
4.757320114066540540e-02
4.757328968668003005e-02
4.757338046307286322e-02
4.757347346984389103e-02
4.757356870699312734e-02
4.757366595148274091e-02
4.757376542635055605e-02
4.757386713159657277e-02
4.757397106722079799e-02
4.757407678714758309e-02
4.757418518352820452e-02
4.757429491813575106e-02
4.962347808732368165e-02
4.962347920251278244e-02
4.962348277111790912e-02
4.962348834706341305e-02
4.962349682250057764e-02
4.962350752831595074e-02
4.962352046450952542e-02
4.962353585411911905e-02
4.962355369714473857e-02
4.962357354751073535e-02
4.962359585129275802e-02
4.962362083152862396e-02
4.962364804214269148e-02
4.962367726009713625e-02
4.962370915450543124e-02
4.962374350232974518e-02
4.962377963445661899e-02
4.962381866607515346e-02
4.962385992807189644e-02
4.962390342044684099e-02
4.962394914319998018e-02
4.962399731936915220e-02
4.962404772591651886e-02
4.962410058587991141e-02
4.962415589925932291e-02
4.962421299694130122e-02
4.962427277107712281e-02
4.962433477559113904e-02
4.962439901048336377e-02
4.962446547575379008e-02
4.962453439444023534e-02
4.962460554350488218e-02
4.962467892294773752e-02
4.962475430973097013e-02
4.962483214993022862e-02
4.962491222050768869e-02
4.962499429842552601e-02
4.962507927583503092e-02
4.962516559147145401e-02
4.962525458356172037e-02
4.962534602906801262e-02
4.962543948191468213e-02
4.962553516513955321e-02
4.962563263266699110e-02
4.962573255361044794e-02
4.962583470493210636e-02
4.962593908663197328e-02
4.962604525263439315e-02
4.962615364901502152e-02
4.962626427577384453e-02
5.175655693258668366e-02
5.175655804777578445e-02
5.175656161638090419e-02
5.175656763840204982e-02
5.175657589080140397e-02
5.175658659661677014e-02
5.175659953281034481e-02
5.175661492241993844e-02
5.175663254240773364e-02
5.175665306188719644e-02
5.175667536566921911e-02
5.175670012286726074e-02
5.175672733348132826e-02
5.175675677447359735e-02
5.175678866888189233e-02
5.175682301670620628e-02
5.175685959490872179e-02
5.175689840348943888e-02
5.175693966548617492e-02
5.175698338089893685e-02
5.175702932668990730e-02
5.175707750285907238e-02
5.175712813244426336e-02
5.175718099240765591e-02
5.175723630578706741e-02
5.175729384954468049e-02
5.175735362368050207e-02
5.175741562819452524e-02
5.175748008612456735e-02
5.175754655139499366e-02
5.175761569311925631e-02
5.175768661914608576e-02
5.175776022162675849e-02
5.175783583144781541e-02
5.175791389468489129e-02
5.175799418830016874e-02
5.175807626621800606e-02
5.175816102058969359e-02
5.175824800533957576e-02
5.175833699742984212e-02
5.175842799686049267e-02
5.175852167274498650e-02
5.175861713293204019e-02
5.175871504653511285e-02
5.175881496747856969e-02
5.175891667272459334e-02
5.175902105442445333e-02
5.175912766650251490e-02
5.175923650895878497e-02
5.175934624356633151e-02
5.398357930772558488e-02
5.398358042291468567e-02
5.398358399151981235e-02
5.398358979050313367e-02
5.398359781986466349e-02
5.398360874871785398e-02
5.398362168491142865e-02
5.398363729755883966e-02
5.398365491754664180e-02
5.398367499095045596e-02
5.398369729473247863e-02
5.398372227496834458e-02
5.398374926254458778e-02
5.398377870353685687e-02
5.398381059794515185e-02
5.398384472273164147e-02
5.398388130093415699e-02
5.398392033255269840e-02
5.398396114847379967e-02
5.398400486388656161e-02
5.398405080967752512e-02
5.398409853977105544e-02
5.398414916935623947e-02
5.398420202931963202e-02
5.398425711966122614e-02
5.398431421734320446e-02
5.398437399147901911e-02
5.398443599599304227e-02
5.398450023088526700e-02
5.398456669615569331e-02
5.398463539180432119e-02
5.398470609479332633e-02
5.398477947423618167e-02
5.398485508405723166e-02
5.398493270121866583e-02
5.398501254875830851e-02
5.398509462667614583e-02
5.398517893497219167e-02
5.398526547364643213e-02
5.398535424269888111e-02
5.398544501909170734e-02
5.398553802586274208e-02
5.398563326301197146e-02
5.398573073053940935e-02
5.398582975933158973e-02
5.398593191065324814e-02
5.398603540020182473e-02
5.398614112012860983e-02
5.398624907043359650e-02
5.398635925111678474e-02
5.630274797398507336e-02
5.630274931221199153e-02
5.630275288081711821e-02
5.630275867980043952e-02
5.630276693219978673e-02
5.630277741497734245e-02
5.630279057420873451e-02
5.630280574078050382e-02
5.630282336076830596e-02
5.630284321113430274e-02
5.630286551491632541e-02
5.630289004907654965e-02
5.630291725969061717e-02
5.630294647764506194e-02
5.630297814901553261e-02
5.630301205076421178e-02
5.630304818289108559e-02
5.630308699147180268e-02
5.630312780739290396e-02
5.630317085369220681e-02
5.630321635340752862e-02
5.630326452957669370e-02
5.630331426701060127e-02
5.630336690393617644e-02
5.630342132516431147e-02
5.630347819980846547e-02
5.630353752786864535e-02
5.630359908630701987e-02
5.630366287512360290e-02
5.630372867128057013e-02
5.630379669781573893e-02
5.630386717776692668e-02
5.630393988809631600e-02
5.630401460576608952e-02
5.630409177685188199e-02
5.630417117831588297e-02
5.630425258712026121e-02
5.630433600326502364e-02
5.630442187282580502e-02
5.630450997276479491e-02
5.630459963396852036e-02
5.630469197162608908e-02
5.630478631662404199e-02
5.630488289200019647e-02
5.630498147471673515e-02
5.630508184173583369e-02
5.630518443913313381e-02
5.630528926690863550e-02
5.630539587898670401e-02
5.630550516751860884e-02
5.871338489639167657e-02
5.871338601158077736e-02
5.871338958018590404e-02
5.871339515613140797e-02
5.871340340853075518e-02
5.871341389130830396e-02
5.871342682750187864e-02
5.871344199407365488e-02
5.871345939102363271e-02
5.871347901835181210e-02
5.871350109909601045e-02
5.871352518718059299e-02
5.871355195171901881e-02
5.871358094663564620e-02
5.871361217193048210e-02
5.871364562760351263e-02
5.871368153669256906e-02
5.871371967615982707e-02
5.871376026904310402e-02
5.871380286926676517e-02
5.871384792290645221e-02
5.871389498388651651e-02
5.871394449828260670e-02
5.871399624305689152e-02
5.871405021820938486e-02
5.871410642374007977e-02
5.871416485964897625e-02
5.871422552593608124e-02
5.871428864563919825e-02
5.871435377268270639e-02
5.871442090706659178e-02
5.871449049486649613e-02
5.871456209000679161e-02
5.871463613856309910e-02
5.871471197142197340e-02
5.871479003465904928e-02
5.871487055131215105e-02
5.871495307530563007e-02
5.871503760663949328e-02
5.871512414531374069e-02
5.871521291436618273e-02
5.871530369075901590e-02
5.871539692056786802e-02
5.871549171164145570e-02
5.871558940220671097e-02
5.871568798492324964e-02
5.871578924409363159e-02
5.871589228756656648e-02
5.871599711534207511e-02
5.871610461957142008e-02
6.122986664676102753e-02
6.122986798498794569e-02
6.122987133055525499e-02
6.122987690650075893e-02
6.122988493586228181e-02
6.122989541863983753e-02
6.122990790875777051e-02
6.122992262925390505e-02
6.122993980316605855e-02
6.122995920745642057e-02
6.122998084212497721e-02
6.123000470717174237e-02
6.123003080259670911e-02
6.123005935143769479e-02
6.123008990761906467e-02
6.123012291721646044e-02
6.123015815719205085e-02
6.123019562754584977e-02
6.123023532827785026e-02
6.123027703635022800e-02
6.123032119783863164e-02
6.123036758970523685e-02
6.123041621195004364e-02
6.123046684153523461e-02
6.123051992453644454e-02
6.123057501487803866e-02
6.123063233559783436e-02
6.123069188669583163e-02
6.123075344513421309e-02
6.123081723395079612e-02
6.123088347618340505e-02
6.123095150271856690e-02
6.123102153659411989e-02
6.123109424692350922e-02
6.123116851851764103e-02
6.123124524352779874e-02
6.123132397587833370e-02
6.123140471556925285e-02
6.123148746260055619e-02
6.123157221697223679e-02
6.123165920172211896e-02
6.123174819381238532e-02
6.123183919324303587e-02
6.123193197697624629e-02
6.123202699108765829e-02
6.123212378950163709e-02
6.123222281829381053e-02
6.123232363138855078e-02
6.123242622878585090e-02
6.123253105656135259e-02
6.384908207053889562e-02
6.384908318572800334e-02
6.384908630825748832e-02
6.384909210724080963e-02
6.384909969052669776e-02
6.384910972722861178e-02
6.384912199430871349e-02
6.384913649176703065e-02
6.384915321960354939e-02
6.384917195478044538e-02
6.384919314337336727e-02
6.384921633930666640e-02
6.384924198865599143e-02
6.384926942230788327e-02
6.384929953241361145e-02
6.384933164985971688e-02
6.384936577464621343e-02
6.384940235284873589e-02
6.384944093839163559e-02
6.384948175431272299e-02
6.384952480061202584e-02
6.384957007728953027e-02
6.384961736130742582e-02
6.384966665266568475e-02
6.384971817440215913e-02
6.384977192651683509e-02
6.384982768597188829e-02
6.384988567580514307e-02
6.384994567297878898e-02
6.385000767749279826e-02
6.385007191238502300e-02
6.385013837765544931e-02
6.385020662722844242e-02
6.385027710717962324e-02
6.385034937143338474e-02
6.385042408910315825e-02
6.385050036803766038e-02
6.385057865431256752e-02
6.385065939400348667e-02
6.385074147192132399e-02
6.385082600325518720e-02
6.385091231889160335e-02
6.385099997275495154e-02
6.385109097218560903e-02
6.385118286376753605e-02
6.385127653965202987e-02
6.385137289199036004e-02
6.385147058255562225e-02
6.385156961134778875e-02
6.385167131659380546e-02
6.657129412931532542e-02
6.657129524450443314e-02
6.657129859007172856e-02
6.657130394297941511e-02
6.657131152626530324e-02
6.657132111689156861e-02
6.657133316093385988e-02
6.657134698927871796e-02
6.657136304800177762e-02
6.657138133710303884e-02
6.657140185658248777e-02
6.657142416036451738e-02
6.657144914060038332e-02
6.657147590513880220e-02
6.657150490005543653e-02
6.657153567927462379e-02
6.657156891190983694e-02
6.657160437492325167e-02
6.657164139920140888e-02
6.657168087689559199e-02
6.657172236193015236e-02
6.657176607734291429e-02
6.657181180009605348e-02
6.657185953018958380e-02
6.657190949066131569e-02
6.657196123543560051e-02
6.657201498755027647e-02
6.657207074700532967e-02
6.657212851380076013e-02
6.657218851097440604e-02
6.657225073852623964e-02
6.657231452734282962e-02
6.657238010046197252e-02
6.657244790395931699e-02
6.657251793783486304e-02
6.657258953297515158e-02
6.657266313545583125e-02
6.657273896831469862e-02
6.657281636243832235e-02
6.657289554086449901e-02
6.657297672663105292e-02
6.657305969670017365e-02
6.657314445107186118e-02
6.657323098974610165e-02
6.657331975879854369e-02
6.657341031215355254e-02
6.657350220373549343e-02
6.657359632569562202e-02
6.657369178588266878e-02
6.657378858429664759e-02
6.941264273191258272e-02
6.941264384710169044e-02
6.941264696963117542e-02
6.941265187646321333e-02
6.941265923671127713e-02
6.941266860429973207e-02
6.941267997922856425e-02
6.941269313845994937e-02
6.941270852806954994e-02
6.941272592501952776e-02
6.941274555234770716e-02
6.941276718701626380e-02
6.941279082902521158e-02
6.941281647837453661e-02
6.941284413506423889e-02
6.941287379909433231e-02
6.941290524742697865e-02
6.941293892613784045e-02
6.941297461218906562e-02
6.941301230558068192e-02
6.941305200631268935e-02
6.941309349134724971e-02
6.941313720676001164e-02
6.941318270647534039e-02
6.941323021353104639e-02
6.941327972792712964e-02
6.941333080358795538e-02
6.941338433266480701e-02
6.941343964604422545e-02
6.941349674372619682e-02
6.941355562571073501e-02
6.941361651503566432e-02
6.941367918866313269e-02
6.941374386963100607e-02
6.941381033490143238e-02
6.941387836143660117e-02
6.941394861834995766e-02
6.941402065956589484e-02
6.941409426204656063e-02
6.941416964882979324e-02
6.941424659687776832e-02
6.941432555226613454e-02
6.941440629195705370e-02
6.941448881595052578e-02
6.941457223209529515e-02
6.941465832469390085e-02
6.941474530944377608e-02
6.941483407849623199e-02
6.941492463185124084e-02
6.941501696950880262e-02
7.236849002989705071e-02
7.236849114508615843e-02
7.236849404457781909e-02
7.236849872837204656e-02
7.236850586558228604e-02
7.236851456405728189e-02
7.236852504683483067e-02
7.236853775999058103e-02
7.236855225744889819e-02
7.236856876224759261e-02
7.236858727438666428e-02
7.236860757082830276e-02
7.236862987461033236e-02
7.236865396269491491e-02
7.236868005811987470e-02
7.236870793784740130e-02
7.236873782491531903e-02
7.236876949628578970e-02
7.236880317499663762e-02
7.236883841497222802e-02
7.236887588532603388e-02
7.236891513998239267e-02
7.236895617894130439e-02
7.236899922524060724e-02
7.236904405584247690e-02
7.236909044770907518e-02
7.236913862387825414e-02
7.236918925346343123e-02
7.236924099823772993e-02
7.236929452731458157e-02
7.236935006373181045e-02
7.236940716141379570e-02
7.236946626643614433e-02
7.236952670968542500e-02
7.236958893723727249e-02
7.236965294909167290e-02
7.236971896828645057e-02
7.236978632570816028e-02
7.236985524439461248e-02
7.236992594738361761e-02
7.236999798859955479e-02
7.237007181411804491e-02
7.237014720090127751e-02
7.237022437198706304e-02
7.237030288129978062e-02
7.237038272883943024e-02
7.237046436068161892e-02
7.237054688467510488e-02
7.237063208512242718e-02
7.237071728556974948e-02
7.544052308134086005e-02
7.544052397349214345e-02
7.544052687298380411e-02
7.544053133374020725e-02
7.544053757879917721e-02
7.544054560816070010e-02
7.544055564486261412e-02
7.544056724282927062e-02
7.544058084813630438e-02
7.544059601470806675e-02
7.544061318862023413e-02
7.544063192379713012e-02
7.544065266631440336e-02
7.544067519313424341e-02
7.544069950425665028e-02
7.544072537664379963e-02
7.544075303333350191e-02
7.544078247432577100e-02
7.544081347658278258e-02
7.544084648618017142e-02
7.544088128008012706e-02
7.544091741220700087e-02
7.544095555167426581e-02
7.544099502936844892e-02
7.544103651440300928e-02
7.544107978374012258e-02
7.544112461434199224e-02
7.544117100620859051e-02
7.544121895933994515e-02
7.544126847373602840e-02
7.544131954939685414e-02
7.544137263239807101e-02
7.544142683058838172e-02
7.544148259004343493e-02
7.544154013380105495e-02
7.544159923882341745e-02
7.544165990511050857e-02
7.544172168658670741e-02
7.544178547540329738e-02
7.544185015637115688e-02
7.544191684467940751e-02
7.544198420210111722e-02
7.544205378990101463e-02
7.544212426985220932e-02
7.544219608803032218e-02
7.544226969051098797e-02
7.544234418514293716e-02
7.544242001800181840e-02
7.544249674301196917e-02
7.544257525232468675e-02
7.864654632631856712e-02
7.864654699543202621e-02
7.864654944884805210e-02
7.864655368656663093e-02
7.864655926251214180e-02
7.864656662276020560e-02
7.864657554427301189e-02
7.864658625008838500e-02
7.864659851716850059e-02
7.864661234551335867e-02
7.864662795816076968e-02
7.864664513207292318e-02
7.864666386724981917e-02
7.864668394065364720e-02
7.864670579836002817e-02
7.864672944036896207e-02
7.864675442060482802e-02
7.864678118514326077e-02
7.864680951094642214e-02
7.864683917497651555e-02
7.864687062330916190e-02
7.864690340986874029e-02
7.864693775769304729e-02
7.864697366678211066e-02
7.864701113713590264e-02
7.864704994571662666e-02
7.864709031556207930e-02
7.864713224667227442e-02
7.864717529297157728e-02
7.864722012357344694e-02
7.864726651544004521e-02
7.864731379945794076e-02
7.864736264474056493e-02
7.864741282825012114e-02
7.864746457302440596e-02
7.864751765602562283e-02
7.864757185421593355e-02
7.864762739063316244e-02
7.864768448831513381e-02
7.864774225511057815e-02
7.864780180620857541e-02
7.864786247249568041e-02
7.864792447700968969e-02
7.864798737367499626e-02
7.864805160856722099e-02
7.864811673561072913e-02
7.864818320088114156e-02
7.864825055830285128e-02
7.864831925395147916e-02
7.864838884175139044e-02
8.197996632078888291e-02
8.197996676686451767e-02
8.197996922028054356e-02
8.197997278888566330e-02
8.197997791875553941e-02
8.197998416381449549e-02
8.197999219317603226e-02
8.198000156076447331e-02
8.198001248961767073e-02
8.198002453365996200e-02
8.198003813896699576e-02
8.198005330553877201e-02
8.198006981033746643e-02
8.198008765336307901e-02
8.198010683461562365e-02
8.198012735409507257e-02
8.198014965787710218e-02
8.198017285381040131e-02
8.198019761100844294e-02
8.198022370643341661e-02
8.198025114008529457e-02
8.198027991196410458e-02
8.198031002206983275e-02
8.198034169344030342e-02
8.198037403392424705e-02
8.198040838174855405e-02
8.198044339868633401e-02
8.198047975385101827e-02
8.198051767028045889e-02
8.198055670189899335e-02
8.198059684870663555e-02
8.198063811070338547e-02
8.198068071092703968e-02
8.198072442633980161e-02
8.198076881086602263e-02
8.198081497969481046e-02
8.198086226371269214e-02
8.198091043988187110e-02
8.198095928516449526e-02
8.198100946867403760e-02
8.198106054433487722e-02
8.198111273518479680e-02
8.198116626426164844e-02
8.198122023941414871e-02
8.198127555279356715e-02
8.198133175832425512e-02
8.198138840993059173e-02
8.198144595368821175e-02
8.198150394352146653e-02
8.198156327158163947e-02
8.544435523848041558e-02
8.544435590759387467e-02
8.544435791493426580e-02
8.544436059138810213e-02
8.544436482910668096e-02
8.544437040505219183e-02
8.544437709618679655e-02
8.544438490251050899e-02
8.544439404706113961e-02
8.544440430680086407e-02
8.544441568172969625e-02
8.544442861792327093e-02
8.544444244626812901e-02
8.544445716676425662e-02
8.544447344852514059e-02
8.544449084547510453e-02
8.544450958065201440e-02
8.544452876190454516e-02
8.544454972745964272e-02
8.544457136212821324e-02
8.544459455806151238e-02
8.544461842310827060e-02
8.544464384941978519e-02
8.544466994484474498e-02
8.544469737849663682e-02
8.544472548126197387e-02
8.544475492225424296e-02
8.544478547843561977e-02
8.544481648069263136e-02
8.544484882117656110e-02
8.544488205381177426e-02
8.544491617859827082e-02
8.544495141857386122e-02
8.544498755070073504e-02
8.544502457497889225e-02
8.544506249140833287e-02
8.544510063087558394e-02
8.544514010856976705e-02
8.544518047841521968e-02
8.544522151737414528e-02
8.544526344848434041e-02
8.544530537959454941e-02
8.544534864893167658e-02
8.544539281042007328e-02
8.544543741798411862e-02
8.544548247162379873e-02
8.544552797133912747e-02
8.544557436320572574e-02
8.544562120114797266e-02
8.544566848516586821e-02
8.905931319695831183e-02
8.905931386607177092e-02
8.905931520429868908e-02
8.905931765771471498e-02
8.905932100328202428e-02
8.905932501796277878e-02
8.905933037087046533e-02
8.905933639289161097e-02
8.905934353010186433e-02
8.905935155946338722e-02
8.905936048097619351e-02
8.905937051767810753e-02
8.905938122349348063e-02
8.905939282146012326e-02
8.905940531157806317e-02
8.905941891688509693e-02
8.905943319130558977e-02
8.905944835787736602e-02
8.905946463963823612e-02
8.905948114443693053e-02
8.905949921050036744e-02
8.905951749960162867e-02
8.905953690389198374e-02
8.905955720033363610e-02
8.905957794285090934e-02
8.905959980055729031e-02
8.905962232737713036e-02
8.905964507723479473e-02
8.905966916531937727e-02
8.905969369947960845e-02
8.905971890275328484e-02
8.905974477514043419e-02
8.905977131664104263e-02
8.905979852725511015e-02
8.905982618394481243e-02
8.905985450974798767e-02
8.905988305858897336e-02
8.905991249958124245e-02
8.905994260968697063e-02
8.905997271979269880e-02
8.906000349901188606e-02
8.906003472430672196e-02
8.906006639567719263e-02
8.906009851312329806e-02
8.906013063056941736e-02
8.906016319409115756e-02
8.906019575761291163e-02
8.906022921328594910e-02
8.906026222288333793e-02
8.906029567855637541e-02
9.281551253154321501e-02
9.281551275458103933e-02
9.281551386977013318e-02
9.281551543103487567e-02
9.281551743837526680e-02
9.281552078394256222e-02
9.281552412950987152e-02
9.281552814419062603e-02
9.281553327406050213e-02
9.281553862696818868e-02
9.281554464898933432e-02
9.281555134012393904e-02
9.281555870037200284e-02
9.281556650669571529e-02
9.281557498213287294e-02
9.281558390364569311e-02
9.281559349427195849e-02
9.281560353097387250e-02
9.281561423678923173e-02
9.281562538868025347e-02
9.281563743272254474e-02
9.281564969980264646e-02
9.281566241295839681e-02
9.281567557218979581e-02
9.281568940053465389e-02
9.281570322887949809e-02
9.281571794937563957e-02
9.281573266987176718e-02
9.281574805948136775e-02
9.281576367212877876e-02
9.281577973085183841e-02
9.281579601261270851e-02
9.281581274044922725e-02
9.281582946828574598e-02
9.281584686523572381e-02
9.281586426218570163e-02
9.281588210521131421e-02
9.281589950216129203e-02
9.281591756822472894e-02
9.281593541125035540e-02
9.281595414642725139e-02
9.281597243552851262e-02
9.281599027855412520e-02
9.281600901373102119e-02
9.281602730283228242e-02
9.281604559193354365e-02
9.281606343495915623e-02
9.281608083190913405e-02
9.281609956708603004e-02
9.281611696403600786e-02
9.671898173147780442e-02
9.671898173147780442e-02
9.671898217755345306e-02
9.671898306970473647e-02
9.671898396185601987e-02
9.671898530008293804e-02
9.671898686134768053e-02
9.671898886868805778e-02
9.671899132210408367e-02
9.671899355248228525e-02
9.671899622893612158e-02
9.671899935146560656e-02
9.671900269703291586e-02
9.671900626563803560e-02
9.671901005728097966e-02
9.671901407196174805e-02
9.671901808664250255e-02
9.671902254739890570e-02
9.671902723119313317e-02
9.671903169194953631e-02
9.671903659878158810e-02
9.671904172865145033e-02
9.671904685852131256e-02
9.671905221142899911e-02
9.671905778737450998e-02
9.671906291724437221e-02
9.671906871622769353e-02
9.671907406913538008e-02
9.671907964508089095e-02
9.671908544406421226e-02
9.671909079697189882e-02
9.671909637291740969e-02
9.671910172582508236e-02
9.671910707873276891e-02
9.671911220860264502e-02
9.671911756151031769e-02
9.671912246834236948e-02
9.671912692909877263e-02
9.671913161289300009e-02
9.671913562757376848e-02
9.671913964225452298e-02
9.671914276478400796e-02
9.671914588731349294e-02
9.671914900984297792e-02
9.671915124022117949e-02
9.671915347059938106e-02
9.671915480882629923e-02
9.671915570097758263e-02
9.671915659312886604e-02
9.671915525490193399e-02
1.007914573936070923e-01
1.007914573936070923e-01
1.007914573936070923e-01
1.007914571705692819e-01
1.007914567244936332e-01
1.007914562784179985e-01
1.007914558323423637e-01
1.007914549401910803e-01
1.007914542710776212e-01
1.007914536019641621e-01
1.007914524867750544e-01
1.007914511485481363e-01
1.007914495872833938e-01
1.007914482490564756e-01
1.007914469108295435e-01
1.007914449034891663e-01
1.007914428961487890e-01
1.007914406657705875e-01
1.007914379893167373e-01
1.007914357589385357e-01
1.007914328594468750e-01
1.007914292908417553e-01
1.007914259452744460e-01
1.007914223766693262e-01
1.007914181389507474e-01
1.007914136781943304e-01
1.007914087713622925e-01
1.007914038645302407e-01
1.007913982885847437e-01
1.007913920435257737e-01
1.007913855754289933e-01
1.007913788842943886e-01
1.007913713010085005e-01
1.007913632716469637e-01
1.007913545731719818e-01
1.007913458746969859e-01
1.007913360610328962e-01
1.007913258012931718e-01
1.007913146494021639e-01
1.007913030514355074e-01
1.007912905613175814e-01
1.007912771790483580e-01
1.007912633507035138e-01
1.007912481841317376e-01
1.007912325714843127e-01
1.007912160666856183e-01
1.007911982236600057e-01
1.007911799345587445e-01
1.007911598611549303e-01
1.007911388955998327e-01
1.050203876185226565e-01
1.050203873954848460e-01
1.050203865033335626e-01
1.050203849420688201e-01
1.050203833808040776e-01
1.050203807043502413e-01
1.050203778048585668e-01
1.050203744592912714e-01
1.050203699985348682e-01
1.050203653147406407e-01
1.050203599618329542e-01
1.050203541628496329e-01
1.050203474717150282e-01
1.050203405575425991e-01
1.050203327512188867e-01
1.050203242757817151e-01
1.050203151312310845e-01
1.050203057636426435e-01
1.050202952808650947e-01
1.050202843520118973e-01
1.050202727540452546e-01
1.050202602639273147e-01
1.050202468816581053e-01
1.050202330533132472e-01
1.050202178867414710e-01
1.050202027201696947e-01
1.050201859923331899e-01
1.050201688184210225e-01
1.050201505293197751e-01
1.050201315711050548e-01
1.050201114977012268e-01
1.050200909782217779e-01
1.050200688974775726e-01
1.050200459245820839e-01
1.050200220595353257e-01
1.050199968562616354e-01
1.050199707608366756e-01
1.050199435502226081e-01
1.050199145553059737e-01
1.050198851143137047e-01
1.050198543350945174e-01
1.050198226637240467e-01
1.050197887619753745e-01
1.050197539680754188e-01
1.050197178359485450e-01
1.050196799195191044e-01
1.050196406648627456e-01
1.050196000719794687e-01
1.050195576947936249e-01
1.050195144254565116e-01
1.094150398506923832e-01
1.094150394046167485e-01
1.094150378433520060e-01
1.094150351668981558e-01
1.094150313752552117e-01
1.094150266914609843e-01
1.094150208924776629e-01
1.094150139783052339e-01
1.094150061719815353e-01
1.094149970274309047e-01
1.094149869907289907e-01
1.094149758388379828e-01
1.094149633487200429e-01
1.094149499664508335e-01
1.094149354689925163e-01
1.094149196333072810e-01
1.094149029054707761e-01
1.094148848394073253e-01
1.094148656581547946e-01
1.094148451386753318e-01
1.094148232809689508e-01
1.094148003080734760e-01
1.094147762199888796e-01
1.094147507936773789e-01
1.094147238061011357e-01
1.094146959263736091e-01
1.094146662623435157e-01
1.094146354831243284e-01
1.094146031426403987e-01
1.094145694639295369e-01
1.094145342239539465e-01
1.094144976457514379e-01
1.094144592832463625e-01
1.094144195825143551e-01
1.094143780974797947e-01
1.094143352742183162e-01
1.094142904436164465e-01
1.094142440517498482e-01
1.094141963216563179e-01
1.094141463611845860e-01
1.094140950624859360e-01
1.094140410873334496e-01
1.094139857739540311e-01
1.094139286762720598e-01
1.094138689021362382e-01
1.094138077897734984e-01
1.094137448931081918e-01
1.094136793199890489e-01
1.094136119625673531e-01
1.094135423747674418e-01
1.139992041961720159e-01
1.139992033040207325e-01
1.139992010736425310e-01
1.139991968359239521e-01
1.139991912599784413e-01
1.139991838997303775e-01
1.139991749782175712e-01
1.139991642724021981e-01
1.139991520053220825e-01
1.139991381769772383e-01
1.139991225643298134e-01
1.139991053904176599e-01
1.139990864322029396e-01
1.139990659127234907e-01
1.139990436089414610e-01
1.139990195208568785e-01
1.139989934254319187e-01
1.139989662148178512e-01
1.139989365507877578e-01
1.139989055485307462e-01
1.139988725389333574e-01
1.139988379680712260e-01
1.139988011668308793e-01
1.139987628043258039e-01
1.139987222114425269e-01
1.139986796112188727e-01
1.139986354497304621e-01
1.139985890578638639e-01
1.139985408816946849e-01
1.139984904751473183e-01
1.139984382842973848e-01
1.139983834169936150e-01
1.139983267653872784e-01
1.139982678834027402e-01
1.139982069940778248e-01
1.139981434282990591e-01
1.139980778551799162e-01
1.139980102747203961e-01
1.139979397947692014e-01
1.139978675305154537e-01
1.139977925898078559e-01
1.139977145265707870e-01
1.139976346790311373e-01
1.139975521550376653e-01
1.139974665085146943e-01
1.139973786316135357e-01
1.139972885243341616e-01
1.139971948484496678e-01
1.139970984961113376e-01
1.139969994673191572e-01
1.187564887134024555e-01
1.187564873751755373e-01
1.187564842526460523e-01
1.187564784536627172e-01
1.187564706473390186e-01
1.187564603875992802e-01
1.187564478974813542e-01
1.187564329539474023e-01
1.187564162261108835e-01
1.187563968218205285e-01
1.187563751871519580e-01
1.187563510990673754e-01
1.187563247806045913e-01
1.187562964548014299e-01
1.187562652295065940e-01
1.187562317738335566e-01
1.187561963108201418e-01
1.187561581713528908e-01
1.187561173554317895e-01
1.187560745321703110e-01
1.187560285863793474e-01
1.187559808562858171e-01
1.187559302267006262e-01
1.187558771436994093e-01
1.187558216072821804e-01
1.187557631713732770e-01
1.187557025050861859e-01
1.187556391623452445e-01
1.187555726970748182e-01
1.187555040014261903e-01
1.187554324062859018e-01
1.187553576886161283e-01
1.187552805175303289e-01
1.187552004469528688e-01
1.187551174768837481e-01
1.187550313842851424e-01
1.187549426152327003e-01
1.187548507236507733e-01
1.187547557095393613e-01
1.187546575728984644e-01
1.187545563137280824e-01
1.187544519320282155e-01
1.187543444277988774e-01
1.187542333549644058e-01
1.187541187135248144e-01
1.187540013956313867e-01
1.187538805091328253e-01
1.187537556079534956e-01
1.187536280303203295e-01
1.187534959919307603e-01
1.237002952989249560e-01
1.237002937376602135e-01
1.237002892769038104e-01
1.237002819166557466e-01
1.237002714338781978e-01
1.237002582746467988e-01
1.237002415468102801e-01
1.237002223655577493e-01
1.237001998387378954e-01
1.237001746354642190e-01
1.237001460866232333e-01
1.237001144152527626e-01
1.237000800674284418e-01
1.237000425970746498e-01
1.237000020041913728e-01
1.236999580657407866e-01
1.236999112277985396e-01
1.236998612673268078e-01
1.236998081843256048e-01
1.236997517557570786e-01
1.236996922046590813e-01
1.236996295310315991e-01
1.236995635118368214e-01
1.236994941470747345e-01
1.236994214367453382e-01
1.236993456038864708e-01
1.236992664254602942e-01
1.236991834553911734e-01
1.236990973627925677e-01
1.236990077015888423e-01
1.236989144717799832e-01
1.236988178964038287e-01
1.236987179754603788e-01
1.236986140398361467e-01
1.236985065356068086e-01
1.236983954627723370e-01
1.236982803752571108e-01
1.236981614960989267e-01
1.236980388252978125e-01
1.236979130319671993e-01
1.236977823318045622e-01
1.236976480630367914e-01
1.236975097795882522e-01
1.236973674814589447e-01
1.236972207225732479e-01
1.236970695029311340e-01
1.236969142686082657e-01
1.236967550196046289e-01
1.236965917559202377e-01
1.236964235854037808e-01
1.288564082399458466e-01
1.288564062326054693e-01
1.288564006566599585e-01
1.288563912890715035e-01
1.288563779068022941e-01
1.288563609559279510e-01
1.288563399903728535e-01
1.288563154562126500e-01
1.288562871304094748e-01
1.288562547899255450e-01
1.288562186577986712e-01
1.288561789570666638e-01
1.288561350186160914e-01
1.288560875115603854e-01
1.288560359898238972e-01
1.288559804534066822e-01
1.288559209023086849e-01
1.288558577826055540e-01
1.288557904251838582e-01
1.288557190530813801e-01
1.288556438893359579e-01
1.288555644878719708e-01
1.288554810717272014e-01
1.288553934178638671e-01
1.288553017493197506e-01
1.288552058430570413e-01
1.288551061451514157e-01
1.288550017634515488e-01
1.288548929209952787e-01
1.288547800638582541e-01
1.288546629690026368e-01
1.288545414133906164e-01
1.288544151739843824e-01
1.288542849198973661e-01
1.288541497589783258e-01
1.288540103603406928e-01
1.288538658318331698e-01
1.288537172886449200e-01
1.288535638386246185e-01
1.288534054817722652e-01
1.288532426641634809e-01
1.288530744936470518e-01
1.288529014162985709e-01
1.288527234321180381e-01
1.288525409871810745e-01
1.288523527432608173e-01
1.288521591464328597e-01
1.288519610888485267e-01
1.288517576783564933e-01
1.288515484688811108e-01
1.342032000051142093e-01
1.342031975516981834e-01
1.342031906375257821e-01
1.342031790395591118e-01
1.342031627577982555e-01
1.342031415692053198e-01
1.342031159198560086e-01
1.342030855867124561e-01
1.342030503467368518e-01
1.342030106460048444e-01
1.342029660384408130e-01
1.342029169701203506e-01
1.342028629949678642e-01
1.342028041129833260e-01
1.342027405472045742e-01
1.342026722976315811e-01
1.342025991412265640e-01
1.342025208549516568e-01
1.342024381079203466e-01
1.342023502310191740e-01
1.342022576703237879e-01
1.342021597567207292e-01
1.342020569362855908e-01
1.342019494320562667e-01
1.342018365749192144e-01
1.342017185879123276e-01
1.342015956940733890e-01
1.342014676703645881e-01
1.342013342937480869e-01
1.342011955642239129e-01
1.342010517048298768e-01
1.342009027155659784e-01
1.342007479273187309e-01
1.342005880092016490e-01
1.342004227381768666e-01
1.342002514451309247e-01
1.342000752452529588e-01
1.341998928003160230e-01
1.341997050024713867e-01
1.341995118517190777e-01
1.341993124559078265e-01
1.341991072611132263e-01
1.341988958212596561e-01
1.341986790284983855e-01
1.341984564367538213e-01
1.341982271538746385e-01
1.341979916259364858e-01
1.341977498529393631e-01
1.341975027270345677e-01
1.341972484639195051e-01
1.397594383348501335e-01
1.397594354353584867e-01
1.397594269599213013e-01
1.397594129085386327e-01
1.397593932812104534e-01
1.397593676318611422e-01
1.397593364065662924e-01
1.397592998283637977e-01
1.397592574511779540e-01
1.397592092750087889e-01
1.397591552998562747e-01
1.397590955257204670e-01
1.397590303986769589e-01
1.397589592496123190e-01
1.397588823015643300e-01
1.397587995545330475e-01
1.397587110085184159e-01
1.397586166635204630e-01
1.397585162965013506e-01
1.397584101304989446e-01
1.397582979424753791e-01
1.397581799554684645e-01
1.397580557234026077e-01
1.397579254693155915e-01
1.397577896392830921e-01
1.397576471181159741e-01
1.397574990210033452e-01
1.397573442327561255e-01
1.397571834224877463e-01
1.397570161441225589e-01
1.397568428437362675e-01
1.397566628522153576e-01
1.397564766156354776e-01
1.397562839109587896e-01
1.397560847381853488e-01
1.397558793203529104e-01
1.397556667653102602e-01
1.397554477421708019e-01
1.397552220278967250e-01
1.397549896224880572e-01
1.397547496337935014e-01
1.397545034000400033e-01
1.397542495830005893e-01
1.397539895209022054e-01
1.397537218755179611e-01
1.397534475389990705e-01
1.397531651731186986e-01
1.397528761161036803e-01
1.397525790297271531e-01
1.397522752522160072e-01
1.455532170729882946e-01
1.455532135043831887e-01
1.455532036907190852e-01
1.455531865168069316e-01
1.455531630978358082e-01
1.455531327646922557e-01
1.455530955173762742e-01
1.455530515789257018e-01
1.455530009493405108e-01
1.455529431825450803e-01
1.455528791706906799e-01
1.455528075755503914e-01
1.455527297353511329e-01
1.455526447579416349e-01
1.455525528663596802e-01
1.455524540606053241e-01
1.455523485637163772e-01
1.455522359296171631e-01
1.455521159352698990e-01
1.455519894728258268e-01
1.455518556501337046e-01
1.455517149132691257e-01
1.455515668161564968e-01
1.455514118048714667e-01
1.455512496563761693e-01
1.455510799245949838e-01
1.455509030556035310e-01
1.455507186033262179e-01
1.455505272368764758e-01
1.455503282871408455e-01
1.455501217541193271e-01
1.455499078608497310e-01
1.455496861612564363e-01
1.455494571014150640e-01
1.455492202352499931e-01
1.455489755627612236e-01
1.455487235300243765e-01
1.455484625757747230e-01
1.455481944843148023e-01
1.455479183634933726e-01
1.455476337672347853e-01
1.455473415876902821e-01
1.455470404866330003e-01
1.455467322483654513e-01
1.455464155346607447e-01
1.455460898994432317e-01
1.455457557887885334e-01
1.455454127566210565e-01
1.455450608029407455e-01
1.455447017120501951e-01
1.515567633271173165e-01
1.515567595354743724e-01
1.515567474914320811e-01
1.515567276410660913e-01
1.515566995383007265e-01
1.515566638522495013e-01
1.515566199137989012e-01
1.515565681690246302e-01
1.515565083948887948e-01
1.515564403683536399e-01
1.515563645354947586e-01
1.515562806732743684e-01
1.515561885586546031e-01
1.515560886377111671e-01
1.515559804643683561e-01
1.515558638155883875e-01
1.515557393604846925e-01
1.515556066529816504e-01
1.515554656930792887e-01
1.515553164807775521e-01
1.515551590160764961e-01
1.515549932989760651e-01
1.515548191064384764e-01
1.515546364384637024e-01
1.515544452950517984e-01
1.515542456762026813e-01
1.515540375819164343e-01
1.515538210121930018e-01
1.515535955209567631e-01
1.515533615542833390e-01
1.515531188891349468e-01
1.515528670794359101e-01
1.515526067942997157e-01
1.515523375876507151e-01
1.515520592364510977e-01
1.515517721867764844e-01
1.515514755464755781e-01
1.515511699846618932e-01
1.515508550552597256e-01
1.515505312043447794e-01
1.515501970936900811e-01
1.515498540615226042e-01
1.515495025539179419e-01
1.515491398944222579e-01
1.515487678673381189e-01
1.515483873648168500e-01
1.515479957104045317e-01
1.515475942423281375e-01
1.515471829605876675e-01
1.515467618651830939e-01
1.577955547074406939e-01
1.577955500236464803e-01
1.577955359722638118e-01
1.577955127763304988e-01
1.577954802128087308e-01
1.577954385047363739e-01
1.577953872060377238e-01
1.577953267627884293e-01
1.577952567289128971e-01
1.577951775504867205e-01
1.577950890044720889e-01
1.577949910908690023e-01
1.577948835866396504e-01
1.577947667148218713e-01
1.577946402523777991e-01
1.577945044223452997e-01
1.577943590016865072e-01
1.577942042134392875e-01
1.577940396115279642e-01
1.577938656420281860e-01
1.577936816358264938e-01
1.577934882620363743e-01
1.577932850745821514e-01
1.577930720734638526e-01
1.577928494817192606e-01
1.577926166302349720e-01
1.577923741881243902e-01
1.577921214862740840e-01
1.577918587477218637e-01
1.577915861955055676e-01
1.577913031605117089e-01
1.577910103118537466e-01
1.577907069804182494e-01
1.577903931662052173e-01
1.577900690922524329e-01
1.577897345355221137e-01
1.577893897190520422e-01
1.577890341967666255e-01
1.577886679686658078e-01
1.577882905886740239e-01
1.577879029489424600e-01
1.577875041573199300e-01
1.577870942138063504e-01
1.577866731184017768e-01
1.577862413171818579e-01
1.577857988101465381e-01
1.577853438129932784e-01
1.577848781100246733e-01
1.577844008090893979e-01
1.577839114641118590e-01
1.642998097160685289e-01
1.642998043631608562e-01
1.642997883044377827e-01
1.642997613168615534e-01
1.642997234004321128e-01
1.642996750012251095e-01
1.642996156731649504e-01
1.642995456392893905e-01
1.642994642304850261e-01
1.642993725619409096e-01
1.642992699645436094e-01
1.642991559922174771e-01
1.642990315371137822e-01
1.642988959301190932e-01
1.642987496173090312e-01
1.642985921526079751e-01
1.642984237590537078e-01
1.642982439905706082e-01
1.642980532932343252e-01
1.642978516670448308e-01
1.642976386659265320e-01
1.642974145129172114e-01
1.642971789849790587e-01
1.642969323051499120e-01
1.642966740273540949e-01
1.642964045976672560e-01
1.642961235700137745e-01
1.642958311674314886e-01
1.642955269438446941e-01
1.642952113453290952e-01
1.642948837027712050e-01
1.642945446852844549e-01
1.642941940698310899e-01
1.642938311872975954e-01
1.642934564837596201e-01
1.642930695131415431e-01
1.642926702754433366e-01
1.642922594397785152e-01
1.642918356679201053e-01
1.642913998520193763e-01
1.642909519920763839e-01
1.642904907498641820e-01
1.642900174636096611e-01
1.642895316872372280e-01
1.642890329746712341e-01
1.642885213259116517e-01
1.642879962948828598e-01
1.642874587737361280e-01
1.642869074242445382e-01
1.642863435846350362e-01
1.710341897946898171e-01
1.710341835496308471e-01
1.710341650374917755e-01
1.710341340352347639e-01
1.710340905428598124e-01
1.710340345603669487e-01
1.710339663107939556e-01
1.710338855711030226e-01
1.710337923412941774e-01
1.710336866213673923e-01
1.710335681882848569e-01
1.710334374881222197e-01
1.710332942978416426e-01
1.710331383944053152e-01
1.710329697778132096e-01
1.710327888941410301e-01
1.710325948512374239e-01
1.710323885412537437e-01
1.710321692950764472e-01
1.710319373357434281e-01
1.710316924402168204e-01
1.710314348315344901e-01
1.710311640636207331e-01
1.710308801364756048e-01
1.710305837192125367e-01
1.710302736966424209e-01
1.710299507378787442e-01
1.710296150659593173e-01
1.710292655656950322e-01
1.710289029061993482e-01
1.710285268644344825e-01
1.710281372173625414e-01
1.710277339649836081e-01
1.710273175533732481e-01
1.710268873134180578e-01
1.710264430220801712e-01
1.710259849023974543e-01
1.710255134004455002e-01
1.710250271779974185e-01
1.710245271272045064e-01
1.710240128019910877e-01
1.710234846484328108e-01
1.710229417743783786e-01
1.710223837337521979e-01
1.710218123108568078e-01
1.710212252753139928e-01
1.710206244114263197e-01
1.710200079348912494e-01
1.710193767378600238e-01
1.710187308203326706e-01
1.780325913390700121e-01
1.780325842018597726e-01
1.780325630132668369e-01
1.780325273272156117e-01
1.780324775897817180e-01
1.780324138009651280e-01
1.780323355146902209e-01
1.780322431770326452e-01
1.780321365649545906e-01
1.780320154554182188e-01
1.780318802944991508e-01
1.780317308591596037e-01
1.780315667033239291e-01
1.780313884961055859e-01
1.780311955683910874e-01
1.780309885892939203e-01
1.780307666666628152e-01
1.780305309156868521e-01
1.780302799981390849e-01
1.780300148061708665e-01
1.780297346706686545e-01
1.780294398146703427e-01
1.780291302381758756e-01
1.780288063872609017e-01
1.780284671467363689e-01
1.780281129626778702e-01
1.780277438350854058e-01
1.780273599869968137e-01
1.780269605262607968e-01
1.780265461219908141e-01
1.780261165511490828e-01
1.780256715906977372e-01
1.780252112406368048e-01
1.780247350548906649e-01
1.780242439256105313e-01
1.780237362915317034e-01
1.780232134908811270e-01
1.780226746315074771e-01
1.780221197134107813e-01
1.780215496287423094e-01
1.780209621471238457e-01
1.780203594989336058e-01
1.780197398998690506e-01
1.780191042420814218e-01
1.780184516334194778e-01
1.780177829660344602e-01
1.780170969016994509e-01
1.780163947786414236e-01
1.780156752586333768e-01
1.780149383416753939e-01
1.853272937207780524e-01
1.853272854683787052e-01
1.853272613802941227e-01
1.853272210104486561e-01
1.853271641358044952e-01
1.853270914254750990e-01
1.853270022103470083e-01
1.853268969364958718e-01
1.853267756039216896e-01
1.853266377665487852e-01
1.853264834243771864e-01
1.853263130234825418e-01
1.853261265638648514e-01
1.853259231533727902e-01
1.853257036841577110e-01
1.853254677101439096e-01
1.853252150082936034e-01
1.853249462477202514e-01
1.853246605362725563e-01
1.853243583200261391e-01
1.853240393759432447e-01
1.853237039270616282e-01
1.853233513042678582e-01
1.853229821766753938e-01
1.853225960982086140e-01
1.853221928458296530e-01
1.853217728656141872e-01
1.853213359345243783e-01
1.853208816064845776e-01
1.853204094354191922e-01
1.853199205365172741e-01
1.853194144637032026e-01
1.853188905478634907e-01
1.853183490120360044e-01
1.853177898562207160e-01
1.853172130804176532e-01
1.853166180155133014e-01
1.853160055536589856e-01
1.853153748027034087e-01
1.853147262087222191e-01
1.853140588795641197e-01
1.853133737073804077e-01
1.853126693539441650e-01
1.853119471574822819e-01
1.853112057797678958e-01
1.853104456668765720e-01
1.853096663727327453e-01
1.853088683434120088e-01
1.853080506867630650e-01
1.853072142949372669e-01
1.928734063407764043e-01
1.928733971962257598e-01
1.928733697625738819e-01
1.928733238167829045e-01
1.928732595818906936e-01
1.928731770578972216e-01
1.928730757987268396e-01
1.928729566965308451e-01
1.928728190821957511e-01
1.928726629557216132e-01
1.928724883171083759e-01
1.928722951663560670e-01
1.928720835034646863e-01
1.928718531053963958e-01
1.928716046412646823e-01
1.928713372189182207e-01
1.928710510613948770e-01
1.928707466147702998e-01
1.928704229868931641e-01
1.928700806238391185e-01
1.928697193025703804e-01
1.928693394691625429e-01
1.928689402314643364e-01
1.928685220355514374e-01
1.928680846583859798e-01
1.928676283230058297e-01
1.928671525833353106e-01
1.928666574393744226e-01
1.928661428911231657e-01
1.928656093846572162e-01
1.928650553587117900e-01
1.928644823745516435e-01
1.928638895400255071e-01
1.928632766320955427e-01
1.928626436507617781e-01
1.928619914881754549e-01
1.928613183600340342e-01
1.928606251584887854e-01
1.928599114374640877e-01
1.928591776430355620e-01
1.928584228830519665e-01
1.928576476035888665e-01
1.928568522507219940e-01
1.928560350401486989e-01
1.928551973100959549e-01
1.928543372762611952e-01
1.928534567229469865e-01
1.928525556501533011e-01
1.928516322735776001e-01
1.928506861471442346e-01
2.007154774350485282e-01
2.007154671753088038e-01
2.007154361730517922e-01
2.007153844282774935e-01
2.007153117179480972e-01
2.007152187111770902e-01
2.007151047388509579e-01
2.007149698009697281e-01
2.007148143436090215e-01
2.007146379206932452e-01
2.007144409782979921e-01
2.007142230703476138e-01
2.007139839738043552e-01
2.007137241347438095e-01
2.007134435531659766e-01
2.007131415599573976e-01
2.007128186011937210e-01
2.007124746768749468e-01
2.007121093409254264e-01
2.007117228163829703e-01
2.007113153262854444e-01
2.007108864245571722e-01
2.007104358881603157e-01
2.007099639401327407e-01
2.007094705804744195e-01
2.007089555861475416e-01
2.007084187341142689e-01
2.007078602474124396e-01
2.007072796799664050e-01
2.007066777008896519e-01
2.007060531949930449e-01
2.007054066083522326e-01
2.007047377179293768e-01
2.007040467467623435e-01
2.007033334718132944e-01
2.007025970009309324e-01
2.007018386723422032e-01
2.007010567017445124e-01
2.007002524273648059e-01
2.006994254031274350e-01
2.006985747368811301e-01
2.006977013207771332e-01
2.006968038165885815e-01
2.006958835625423654e-01
2.006949387743359181e-01
2.006939707901961856e-01
2.006929791640474914e-01
2.006919630037385660e-01
2.006909227553450581e-01
2.006898584188669954e-01
2.088878004066799243e-01
2.088877885856754435e-01
2.088877537917754879e-01
2.088876955789044365e-01
2.088876137240243958e-01
2.088875088962489079e-01
2.088873804264644585e-01
2.088872289837845342e-01
2.088870538990956482e-01
2.088868551723978284e-01
2.088866332497667233e-01
2.088863876851266566e-01
2.088861187015154663e-01
2.088858260758953422e-01
2.088855100313040947e-01
2.088851701216661028e-01
2.088848065700191492e-01
2.088844193763632340e-01
2.088840080946227640e-01
2.088835731708733323e-01
2.088831141590393181e-01
2.088826312821585596e-01
2.088821243171931907e-01
2.088815932641432394e-01
2.088810378999709227e-01
2.088804584477139958e-01
2.088798542382589996e-01
2.088792259407194485e-01
2.088785726629440453e-01
2.088778950740462215e-01
2.088771925049125178e-01
2.088764651785808002e-01
2.088757128720132028e-01
2.088749351391341047e-01
2.088741330951325859e-01
2.088733051787439454e-01
2.088724518360437765e-01
2.088715730670321347e-01
2.088706679795576948e-01
2.088697379118473751e-01
2.088687815256742852e-01
2.088678001592653155e-01
2.088667911361666574e-01
2.088657562406808499e-01
2.088646950267322444e-01
2.088636070482452201e-01
2.088624931973710463e-01
2.088613512437315356e-01
2.088601820794779573e-01
2.088589861506859324e-01
2.173345834601320969e-01
2.173345705239385084e-01
2.173345312692821496e-01
2.173344656961630206e-01
2.173343742506567144e-01
2.173342567097254763e-01
2.173341128503314401e-01
2.173339426724746060e-01
2.173337461761550016e-01
2.173335233613725992e-01
2.173332744511652370e-01
2.173329992224950769e-01
2.173326976753621464e-01
2.173323693636907972e-01
2.173320149565944603e-01
2.173316340079975151e-01
2.173312265178999891e-01
2.173307922632640166e-01
2.173303312440896251e-01
2.173298434603768148e-01
2.173293291351633960e-01
2.173287878223737202e-01
2.173282195220078150e-01
2.173276240110278146e-01
2.173270015124715848e-01
2.173263515802634771e-01
2.173256746604791123e-01
2.173249703070428696e-01
2.173242385199547211e-01
2.173234786301012356e-01
2.173226915296337103e-01
2.173218765494386306e-01
2.173210334664781862e-01
2.173201627268280534e-01
2.173192629922613139e-01
2.173183360470804792e-01
2.173173801069830102e-01
2.173163956180445833e-01
2.173153825802651429e-01
2.173143401014934473e-01
2.173132695199564146e-01
2.173121699435027199e-01
2.173110400339055004e-01
2.173098820215429161e-01
2.173086936760368071e-01
2.173074758895384151e-01
2.173062277698964706e-01
2.173049502092622709e-01
2.173036423154844909e-01
2.173023031964119167e-01
2.261131662734158221e-01
2.261131515529196945e-01
2.261131078375069325e-01
2.261130346811018876e-01
2.261129320837045875e-01
2.261128002683528426e-01
2.261126394580844634e-01
2.261124492068238290e-01
2.261122292915331011e-01
2.261119801582879008e-01
2.261117018070882834e-01
2.261113940148963830e-01
2.261110565586743892e-01
2.261106896614601403e-01
2.261102931002157701e-01
2.261098668749413343e-01
2.261094109856368051e-01
2.261089254323022102e-01
2.261084097688618455e-01
2.261078642183536047e-01
2.261072892268530810e-01
2.261066836791711943e-01
2.261060480213835655e-01
2.261053822534902225e-01
2.261046865985289478e-01
2.261039597182728511e-01
2.261032027279110401e-01
2.261024151813678384e-01
2.261015970786433016e-01
2.261007479736617254e-01
2.260998678664231376e-01
2.260989569799653764e-01
2.260980146451749551e-01
2.260970413081275221e-01
2.260960362997096185e-01
2.260950000659968651e-01
2.260939317148380201e-01
2.260928312462330836e-01
2.260916995523332973e-01
2.260905352949117431e-01
2.260893389200440973e-01
2.260881104277303322e-01
2.260868484797435296e-01
2.260855544143106355e-01
2.260842273392803525e-01
2.260828663625013557e-01
2.260814737143519160e-01
2.260800462723025206e-01
2.260785853745800877e-01
2.260770914672602661e-01
2.352593700586851078e-01
2.352593537769242238e-01
2.352593047086037614e-01
2.352592228537237484e-01
2.352591084353219675e-01
2.352589614533984463e-01
2.352587816849153746e-01
2.352585691298726966e-01
2.352583237882704403e-01
2.352580458831464716e-01
2.352577349684250863e-01
2.352573908210684739e-01
2.352570143332279595e-01
2.352566043897143799e-01
2.352561618826790879e-01
2.352556859199707306e-01
2.352551771707028228e-01
2.352546345196862287e-01
2.352540590821100563e-01
2.352534501888608742e-01
2.352528080629764651e-01
2.352521324814190185e-01
2.352514227750750753e-01
2.352506798360959328e-01
2.352499027723302938e-01
2.352490918068159687e-01
2.352482471625908234e-01
2.352473683935791537e-01
2.352464548306675562e-01
2.352455073660072449e-01
2.352445253304848438e-01
2.352435089471381080e-01
2.352424573238157679e-01
2.352413711296313104e-01
2.352402501415468972e-01
2.352390939134868797e-01
2.352379019993756371e-01
2.352366748452887901e-01
2.352354124512263667e-01
2.352341139250370416e-01
2.352327792667208706e-01
2.352314089223534466e-01
2.352300024458591488e-01
2.352285593911623285e-01
2.352270793121873649e-01
2.352255626550098788e-01
2.352240089735542494e-01
2.352224173756691794e-01
2.352207891995815869e-01
2.352191235531401747e-01
2.447034288088134613e-01
2.447034107427500382e-01
2.447033560984840650e-01
2.447032653220912457e-01
2.447031379674959040e-01
2.447029742577358502e-01
2.447027741928111122e-01
2.447025377727216899e-01
2.447022647744297452e-01
2.447019551979352781e-01
2.447016092662761266e-01
2.447012265333766423e-01
2.447008072222746355e-01
2.447003515560079168e-01
2.446998586424252442e-01
2.446993291506400492e-01
2.446987630806523317e-01
2.446981595403108223e-01
2.446975189756911417e-01
2.446968416098311561e-01
2.446961269966551611e-01
2.446953755822388610e-01
2.446945860283552820e-01
2.446937590041179111e-01
2.446928949556023691e-01
2.446919927676196038e-01
2.446910531092830188e-01
2.446900750884413722e-01
2.446890593742080955e-01
2.446880055205075677e-01
2.446869130812641402e-01
2.446857822795156234e-01
2.446846135613376938e-01
2.446834051424277290e-01
2.446821583610127304e-01
2.446808723249413453e-01
2.446795470342136014e-01
2.446781829349051474e-01
2.446767791348646859e-01
2.446753351880165961e-01
2.446738515404364989e-01
2.446723281921244220e-01
2.446707642509290404e-01
2.446691601629260304e-01
2.446675150359641226e-01
2.446658297621945310e-01
2.446641030033904207e-01
2.446623352056273570e-01
2.446605254767541260e-01
2.446586742628462929e-01
2.545188954900768352e-01
2.545188751936351967e-01
2.545188145273480917e-01
2.545187137142533862e-01
2.545185723082753482e-01
2.545183903094140332e-01
2.545181681637451176e-01
2.545179054251929252e-01
2.545176020937574002e-01
2.545172583924764642e-01
2.545168738752743853e-01
2.545164487651890850e-01
2.545159832852582626e-01
2.545154767663685424e-01
2.545149296545955453e-01
2.545143412808258399e-01
2.545137123141728019e-01
2.545130420855230557e-01
2.545123308179143562e-01
2.545115782883089484e-01
2.545107847197446427e-01
2.545099496661457072e-01
2.545090729044744426e-01
2.545081546577686038e-01
2.545071949260281907e-01
2.545061928171019616e-01
2.545051494461789687e-01
2.545040636980701598e-01
2.545029355727754794e-01
2.545017655163706594e-01
2.545005528597421018e-01
2.544992973798521074e-01
2.544979988536628102e-01
2.544966579502876414e-01
2.544952737775753593e-01
2.544938463355259639e-01
2.544923751780638344e-01
2.544908607512645360e-01
2.544893021629768270e-01
2.544877003053520603e-01
2.544860538401632066e-01
2.544843627674102660e-01
2.544826279792446466e-01
2.544808467992123457e-01
2.544790219037673662e-01
2.544771515086070024e-01
2.544752351676556890e-01
2.544732742191403441e-01
2.544712664326826967e-01
2.544692131465097762e-01
2.647429427007819136e-01
2.647429203969998701e-01
2.647428530395781743e-01
2.647427408515546365e-01
2.647425842790048223e-01
2.647423824297775452e-01
2.647421359729861812e-01
2.647418444625551648e-01
2.647415078984844405e-01
2.647411265038118744e-01
2.647407000554996004e-01
2.647402285535476740e-01
2.647397115518804189e-01
2.647391497196112664e-01
2.647385428337024615e-01
2.647378900020027070e-01
2.647371925627388656e-01
2.647364491776840745e-01
2.647356598468383337e-01
2.647348252393150747e-01
2.647339446860008660e-01
2.647330186329713286e-01
2.647320461880751652e-01
2.647310275743502417e-01
2.647299630148343130e-01
2.647288520634518139e-01
2.647276944971648782e-01
2.647264903159735061e-01
2.647252392968399426e-01
2.647239416628018871e-01
2.647225965217081534e-01
2.647212045426721727e-01
2.647197655026561347e-01
2.647182782864709316e-01
2.647167433401921843e-01
2.647151611098955137e-01
2.647135298112784918e-01
2.647118507825678702e-01
2.647101231316124625e-01
2.647083473044878899e-01
2.647065219629672339e-01
2.647046475531261156e-01
2.647027245210401558e-01
2.647007515284825474e-01
2.646987281293775029e-01
2.646966556619520516e-01
2.646945332340548407e-01
2.646923586153077101e-01
2.646901344821644964e-01
2.646878590503226047e-01
2.752893649851874125e-01
2.752893402279893431e-01
2.752892657333574356e-01
2.752891419473671997e-01
2.752889682009052597e-01
2.752887451630850468e-01
2.752884723878308848e-01
2.752881496521050186e-01
2.752877774019831247e-01
2.752873556374650921e-01
2.752868834663996789e-01
2.752863620039759929e-01
2.752857901350049818e-01
2.752851687516378321e-01
2.752844967386854913e-01
2.752837752113371228e-01
2.752830032774413183e-01
2.752821809369981887e-01
2.752813079669698682e-01
2.752803843673563011e-01
2.752794108072710855e-01
2.752783861715250024e-01
2.752773104601181076e-01
2.752761841191259662e-01
2.752750067024730685e-01
2.752737775410458165e-01
2.752724973039577527e-01
2.752711657681710666e-01
2.752697824876100818e-01
2.752683472392369879e-01
2.752668600230517848e-01
2.752653206160166066e-01
2.752637285720558880e-01
2.752620843372452497e-01
2.752603874655090155e-01
2.752586375107716199e-01
2.752568340269573310e-01
2.752549779062174462e-01
2.752530682564007236e-01
2.752511041853559215e-01
2.752490861391585497e-01
2.752470150099600166e-01
2.752448885673820511e-01
2.752427077035759506e-01
2.752404719724660942e-01
2.752381809279768055e-01
2.752358350161837608e-01
2.752334324527843656e-01
2.752309745760055937e-01
2.752284600476204157e-01
2.862513018218273420e-01
2.862512746112133022e-01
2.862511923102576405e-01
2.862510553650360334e-01
2.862508635525106149e-01
2.862506170957193063e-01
2.862503155485863204e-01
2.862499591341496341e-01
2.862495478524091364e-01
2.862490814803270722e-01
2.862485602409412522e-01
2.862479839112138102e-01
2.862473524911447464e-01
2.862466655346584954e-01
2.862459232647928120e-01
2.862451259045855068e-01
2.862442730079610143e-01
2.862433643518814130e-01
2.862424001593846246e-01
2.862413799843949724e-01
2.862403040499502116e-01
2.862391721330125871e-01
2.862379837875064781e-01
2.862367394595075054e-01
2.862354387029399927e-01
2.862340812947661295e-01
2.862326672349859158e-01
2.862311965235994071e-01
2.862296682684553062e-01
2.862280826925913679e-01
2.862264402420832687e-01
2.862247402478175773e-01
2.862229822637186172e-01
2.862211662897863884e-01
2.862192923260208910e-01
2.862173594802708831e-01
2.862153686446876621e-01
2.862133184810441988e-01
2.862112098814918459e-01
2.862090423999549826e-01
2.862068142521310143e-01
2.862045263301711828e-01
2.862021790801512200e-01
2.861997716099197731e-01
2.861973030273256002e-01
2.861947742245199988e-01
2.861921847554272369e-01
2.861895328357448309e-01
2.861868202497753755e-01
2.861840443210649232e-01
2.976666381918061655e-01
2.976666080817004234e-01
2.976665170822698214e-01
2.976663660856654903e-01
2.976661539766984887e-01
2.976658818705578136e-01
2.976655490981300334e-01
2.976651558824530142e-01
2.976647020004888899e-01
2.976641867831241739e-01
2.976636115685858397e-01
2.976629752416847241e-01
2.976622782484965590e-01
2.976615196968699917e-01
2.976607009250319957e-01
2.976598205947555420e-01
2.976588789290786075e-01
2.976578761510388915e-01
2.976568118145608288e-01
2.976556859196443638e-01
2.976544984662894966e-01
2.976532490084206617e-01
2.976519375460378036e-01
2.976505643021786773e-01
2.976491286077299625e-01
2.976476306857293586e-01
2.976460700901013001e-01
2.976444465978079212e-01
2.976427604318870879e-01
2.976410111462631236e-01
2.976391985178982180e-01
2.976373223237545051e-01
2.976353827868699065e-01
2.976333785690173928e-01
2.976313110084239932e-01
2.976291792129383551e-01
2.976269827364848575e-01
2.976247211329878239e-01
2.976223944024473100e-01
2.976200025448633157e-01
2.976175451141601092e-01
2.976150221103378013e-01
2.976124326412450949e-01
2.976097775990332317e-01
2.976070551993996172e-01
2.976042658884199832e-01
2.976014101121698952e-01
2.975984851941955722e-01
2.975954938109507952e-01
2.975924332859817834e-01
3.094289150210042805e-01
3.094288817883690257e-01
3.094287818674256174e-01
3.094286154812116996e-01
3.094283821836517623e-01
3.094280824208213709e-01
3.094277159696827706e-01
3.094272828302359057e-01
3.094267827794429659e-01
3.094262160403418171e-01
3.094255823898945379e-01
3.094248818281012392e-01
3.094241139088862447e-01
3.094232793013629856e-01
3.094223768903424099e-01
3.094214080140513801e-01
3.094203713342629780e-01
3.094192670740150697e-01
3.094180954563454655e-01
3.094168555891028682e-01
3.094155483644385751e-01
3.094141726671634784e-01
3.094127289433531991e-01
3.094112167469321162e-01
3.094096365239759061e-01
3.094079873823332161e-01
3.094062693220040461e-01
3.094044823429884516e-01
3.094026259992108119e-01
3.094007002906710158e-01
3.093987052173691743e-01
3.093966398871539347e-01
3.093945049691388394e-01
3.093922991250968590e-01
3.093900236932550230e-01
3.093876764432350046e-01
3.093852596054151305e-01
3.093827700572658879e-01
3.093802100291653812e-01
3.093775777368111823e-01
3.093748736262788568e-01
3.093720972514927836e-01
3.093692477203016655e-01
3.093663254787811789e-01
3.093633300808556474e-01
3.093602615265250710e-01
3.093571189236382080e-01
3.093539018261193818e-01
3.093506106800442135e-01
3.093472441471858403e-01
3.216555186754671558e-01
3.216554820972646889e-01
3.216553721396193111e-01
3.216551890255688884e-01
3.216549325320756658e-01
3.216546028821773429e-01
3.216541994067605992e-01
3.216537229979766210e-01
3.216531732097497875e-01
3.216525493729666119e-01
3.216518521567406363e-01
3.216510817841095604e-01
3.216502371398844429e-01
3.216493188931786040e-01
3.216483265979164230e-01
3.216472600310601448e-01
3.216461198617232009e-01
3.216449051977542939e-01
3.216436162621912342e-01
3.216422528319962670e-01
3.216408142380558499e-01
3.216393011494834697e-01
3.216377135662791820e-01
3.216360505962916339e-01
3.216343120164830149e-01
3.216324982729290016e-01
3.216306084734782966e-01
3.216286430642065208e-01
3.216266015990380533e-01
3.216244836318972733e-01
3.216222893858219911e-01
3.216200184147365304e-01
3.216176702725652703e-01
3.216152454053838317e-01
3.216127429210409727e-01
3.216101619273854517e-01
3.216075033165684549e-01
3.216047675346656587e-01
3.216019519052232267e-01
3.215990582125436981e-01
3.215960846723245337e-01
3.215930317306414099e-01
3.215898998335698922e-01
3.215866871968074414e-01
3.215833947125054104e-01
3.215800214885124464e-01
3.215765661866016312e-01
3.215730305910755038e-01
3.215694124715559044e-01
3.215657127201941301e-01
3.343843809742416129e-01
3.343843406043961464e-01
3.343842197178976128e-01
3.343840183147459566e-01
3.343837363949411778e-01
3.343833739584833320e-01
3.343829305592967427e-01
3.343824066434570308e-01
3.343818019879264414e-01
3.343811163696671085e-01
3.343803502347546530e-01
3.343795026910378332e-01
3.343785744076300803e-01
3.343775647154179631e-01
3.343764740604770469e-01
3.343753015506562010e-01
3.343740480781065560e-01
3.343727131967525468e-01
3.343712957914050654e-01
3.343697972002910301e-01
3.343682160851834673e-01
3.343665531151959192e-01
3.343648076212148990e-01
3.343629796032404067e-01
3.343610686151967659e-01
3.343590751031596531e-01
3.343569979519399604e-01
3.343548380536889852e-01
3.343525940701797539e-01
3.343502668935636191e-01
3.343478549625757967e-01
3.343453591693675286e-01
3.343427786217876285e-01
3.343401133198359854e-01
3.343373632635127102e-01
3.343345275606664502e-01
3.343316066573728818e-01
3.343285996614807076e-01
3.343255061269142514e-01
3.343223260536736241e-01
3.343190589956830383e-01
3.343157053990182259e-01
3.343122643715278897e-01
3.343087350210607878e-01
3.343051173476168647e-01
3.343014113511961205e-01
3.342976165857229343e-01
3.342937321590460087e-01
3.342897580711653438e-01
3.342856943220809396e-01
3.474853843294661293e-01
3.474853401679777187e-01
3.474852076835125425e-01
3.474849866530326792e-01
3.474846775226138607e-01
3.474842796231426001e-01
3.474837936237323288e-01
3.474832186322318051e-01
3.474825553177545157e-01
3.474818034572625391e-01
3.474809628277181206e-01
3.474800334291213155e-01
3.474790152614720129e-01
3.474779078786945918e-01
3.474767112807891634e-01
3.474754259138312373e-01
3.474740508856695720e-01
3.474725859732663569e-01
3.474710322918107552e-01
3.474693878339622510e-01
3.474676543840235499e-01
3.474658303807298121e-01
3.474639158240810377e-01
3.474619111601529031e-01
3.474598154967941666e-01
3.474576290570425274e-01
3.474553516178602863e-01
3.474529825101339564e-01
3.474505217338634822e-01
3.474479692890489191e-01
3.474453249526524012e-01
3.474425882785983077e-01
3.474397583747353968e-01
3.474368361332149102e-01
3.474338206618855507e-01
3.474307115146716973e-01
3.474275082454977293e-01
3.474242113004392674e-01
3.474208202334206352e-01
3.474173337062150257e-01
3.474137521648979487e-01
3.474100756094694598e-01
3.474063027017026406e-01
3.474024338876731677e-01
3.473984687213053091e-01
3.473944063104478785e-01
3.473902471011764415e-01
3.473859893091884588e-01
3.473816338266352277e-01
3.473771788692142093e-01
3.611048732225743407e-01
3.611048246003295548e-01
3.611046794027085727e-01
3.611044371836358291e-01
3.611040981661490790e-01
3.611036621272105673e-01
3.611031290668202387e-01
3.611024994310537695e-01
3.611017721047219964e-01
3.611009479799763278e-01
3.611000263877031657e-01
3.610990077739782422e-01
3.610978912466502044e-01
3.610966779209082156e-01
3.610953660124497366e-01
3.610939570825393852e-01
3.610924502390260304e-01
3.610908448127960746e-01
3.610891412499252495e-01
3.610873395504134997e-01
3.610854392681852598e-01
3.610834397341269875e-01
3.610813416173522250e-01
3.610791446948230510e-01
3.610768478513504687e-01
3.610744515330100435e-01
3.610719555167639649e-01
3.610693593565366122e-01
3.610666626062523643e-01
3.610638657119868422e-01
3.610609675585509382e-01
3.610579690380958939e-01
3.610548683663192260e-01
3.610516655432208788e-01
3.610483619070278261e-01
3.610449547812861759e-01
3.610414450581472257e-01
3.610378331836865962e-01
3.610341169275261275e-01
3.610302971818170614e-01
3.610263735004837771e-01
3.610223454374506535e-01
3.610182125466420144e-01
3.610139743819822389e-01
3.610096300513200296e-01
3.610051804468066838e-01
3.610006237841396071e-01
3.609959596172432339e-01
3.609911888382687506e-01
3.609863101089892945e-01
3.752797720107789448e-01
3.752797191508155938e-01
3.752795599018119432e-01
3.752792947098437248e-01
3.752789231288352068e-01
3.752784453818243104e-01
3.752778614688109804e-01
3.752771713897952166e-01
3.752763746987013982e-01
3.752754718416051460e-01
3.752744621493930288e-01
3.752733458451028570e-01
3.752721229287345750e-01
3.752707931772504280e-01
3.752693565906504158e-01
3.752678124998210518e-01
3.752661615738758227e-01
3.752644026976255653e-01
3.752625365401837665e-01
3.752605626554748608e-01
3.752584808204609268e-01
3.752562908121042096e-01
3.752539921843290327e-01
3.752515851601732622e-01
3.752490695165990320e-01
3.752464445844928553e-01
3.752437101408169773e-01
3.752408664086092083e-01
3.752379129417938719e-01
3.752348488482197264e-01
3.752316745739623927e-01
3.752283896729461943e-01
3.752249941451711868e-01
3.752214862063348311e-01
3.752178671946639343e-01
3.752141362180073658e-01
3.752102932763649590e-01
3.752063365854342858e-01
3.752022679295178853e-01
3.751980841860862448e-01
3.751937880315932006e-01
3.751893772356605372e-01
3.751848504600613921e-01
3.751802108273252223e-01
3.751754534306199762e-01
3.751705813924751109e-01
3.751655920364368457e-01
3.751604862546564223e-01
3.751552631549825434e-01
3.751499218452639672e-01
3.898516877095982713e-01
3.898516297197650027e-01
3.898514557502652522e-01
3.898511655780610985e-01
3.898507592031527080e-01
3.898502368485777247e-01
3.898495989604119361e-01
3.898488439773904468e-01
3.898479730147025313e-01
3.898469860723480784e-01
3.898458820351379805e-01
3.898446617952235349e-01
3.898433246834913657e-01
3.898418709229791723e-01
3.898403005136870103e-01
3.898386125634635824e-01
3.898368072953467545e-01
3.898348849323742815e-01
3.898328448054327322e-01
3.898306864684464856e-01
3.898284105905290287e-01
3.898260162795289530e-01
3.898235039815220460e-01
3.898208725813190889e-01
3.898181225249958137e-01
3.898152533664764885e-01
3.898122644366477929e-01
3.898091557355095604e-01
3.898059270400240917e-01
3.898025779041157102e-01
3.897991087738600369e-01
3.897955183110301536e-01
3.897918060695504394e-01
3.897879729415721362e-01
3.897840171427927602e-01
3.897799395653635535e-01
3.897757388710575421e-01
3.897714159520260790e-01
3.897669681318152723e-01
3.897623967486520957e-01
3.897577013564608728e-01
3.897528815091659271e-01
3.897479354224647752e-01
3.897428644345843352e-01
3.897376667612219570e-01
3.897323428484533170e-01
3.897268913580515526e-01
3.897213127360922846e-01
3.897156051982728631e-01
3.897097696367446962e-01
4.050019630030631257e-01
4.050018996603221844e-01
4.050017096320993604e-01
4.050013924723190328e-01
4.050009486270567671e-01
4.050003780963126743e-01
4.049996802109732119e-01
4.049988556401518669e-01
4.049979041608108288e-01
4.049968251038366107e-01
4.049956189153048336e-01
4.049942851491399320e-01
4.049928242514175269e-01
4.049912355530241315e-01
4.049895192769975560e-01
4.049876749772621243e-01
4.049857019847045159e-01
4.049836014145136720e-01
4.049813721515005960e-01
4.049790139726274218e-01
4.049765271009320156e-01
4.049739108673008348e-01
4.049711654947718009e-01
4.049682905372691821e-01
4.049652857717551679e-01
4.049621500830407617e-01
4.049588845863149045e-01
4.049554883894264656e-01
4.049519610462997132e-01
4.049483018878212159e-01
4.049445115831044051e-01
4.049405883478467971e-01
4.049365330741995783e-01
4.049323453160871833e-01
4.049280246274338801e-01
4.049235692239372408e-01
4.049189813359753143e-01
4.049142573949430779e-01
4.049093996312187471e-01
4.049044067065753483e-01
4.048992772827859632e-01
4.048940122520018892e-01
4.048886102759962080e-01
4.048830709086932989e-01
4.048773941500931062e-01
4.048715800001956300e-01
4.048656253364714686e-01
4.048595323892987263e-01
4.048533002665262170e-01
4.048469271838512906e-01
4.207652769266502779e-01
4.207652077849259875e-01
4.207649999136775509e-01
4.207646537589805891e-01
4.207641688747594255e-01
4.207635452610141158e-01
4.207627833638202253e-01
4.207618822910265677e-01
4.207608424887087084e-01
4.207596637338288370e-01
4.207583464724626299e-01
4.207568895894209793e-01
4.207552930847038297e-01
4.207535580735003444e-01
4.207516829945457948e-01
4.207496680708779357e-01
4.207475135255346332e-01
4.207452186894024004e-01
4.207427833394434269e-01
4.207402074756577681e-01
4.207374913210831235e-01
4.207346337605304964e-01
4.207316347939998313e-01
4.207284941984533733e-01
4.207252121969288217e-01
4.207217876742371798e-01
4.207182210764541241e-01
4.207145112883904359e-01
4.207106585330839810e-01
4.207066625874969490e-01
4.207025225594780427e-01
4.206982384490273175e-01
4.206938098100690415e-01
4.206892361965276494e-01
4.206845167162518440e-01
4.206796522613928668e-01
4.206746410476481790e-01
4.206694830750178360e-01
4.206641778974261059e-01
4.206587255148730997e-01
4.206531250352074092e-01
4.206473764584290898e-01
4.206414775541599815e-01
4.206354296606269472e-01
4.206292314396030685e-01
4.206228828910883455e-01
4.206163822307802946e-01
4.206097303508301022e-01
4.206029254669352291e-01
4.205959689173226490e-01
4.369497163649150862e-01
4.369496407550940154e-01
4.369494145947442898e-01
4.369490367686768573e-01
4.369485081690429595e-01
4.369478285728047307e-01
4.369469973108487948e-01
4.369460154983642042e-01
4.369448815740861747e-01
4.369435968762417355e-01
4.369421605126795338e-01
4.369405722603617592e-01
4.369388321192884117e-01
4.369369403124973572e-01
4.369348959478371874e-01
4.369326994713836898e-01
4.369303506600989984e-01
4.369278486218317603e-01
4.369251940256955180e-01
4.369223859795389742e-01
4.369194249294378052e-01
4.369163095371649819e-01
4.369130406948718570e-01
4.369096172873693229e-01
4.369060393146573795e-01
4.369023065536982164e-01
4.368984185584161573e-01
4.368943751057734470e-01
4.368901753036187330e-01
4.368858193749898811e-01
4.368813068738112149e-01
4.368766373540071135e-01
4.368718103695019561e-01
4.368668250281444454e-01
4.368616813299345814e-01
4.368563797209479849e-01
4.368509184168821169e-01
4.368452965255856801e-01
4.368395153852856483e-01
4.368335732116793713e-01
4.368274695586912837e-01
4.368212039802457092e-01
4.368147764763427032e-01
4.368081861548308575e-01
4.368014312314077441e-01
4.367945139364515228e-01
4.367874307013570045e-01
4.367801828643512185e-01
4.367727686411315147e-01
4.367651880316979485e-01
4.537786097563554777e-01
4.537785276784376265e-01
4.537782803294950207e-01
4.537778690477545229e-01
4.537772931641027574e-01
4.537765522324639922e-01
4.537756462528382273e-01
4.537745758943390051e-01
4.537733404878528387e-01
4.537719402564174831e-01
4.537703745309195624e-01
4.537686433113590212e-01
4.537667468207737254e-01
4.537646850591636194e-01
4.537624571343774615e-01
4.537600632694530622e-01
4.537575030183147451e-01
4.537547763809626211e-01
4.537518833573965793e-01
4.537488228324275119e-01
4.537455956982067717e-01
4.537422008395452511e-01
4.537386384794807048e-01
4.537349077258619467e-01
4.537310083556510554e-01
4.537269408149237071e-01
4.537227037654530393e-01
4.537182976533146173e-01
4.537137209172437680e-01
4.537089746724295436e-01
4.537040575806449705e-01
4.536989691958145388e-01
4.536937090718625165e-01
4.536882772087889037e-01
4.536826731605181351e-01
4.536768955888231813e-01
4.536709449397797744e-01
4.536648207673121824e-01
4.536585221792692191e-01
4.536520473913482898e-01
4.536453977417763128e-01
4.536385718923263699e-01
4.536315689508471638e-01
4.536243889173386945e-01
4.536170313457253411e-01
4.536094953438558064e-01
4.536017791274275512e-01
4.535938840346674383e-01
4.535858082812729841e-01
4.535775505290172149e-01
4.712784319132692357e-01
4.712783424751033068e-01
4.712780732684542784e-01
4.712776249624356928e-01
4.712769973340095730e-01
4.712761899371004093e-01
4.712752029947459009e-01
4.712740367299839694e-01
4.712726904737011835e-01
4.712711648950108634e-01
4.712694584326483915e-01
4.712675726478784410e-01
4.712655062024740937e-01
4.712632593194732156e-01
4.712608319988758065e-01
4.712582237946061903e-01
4.712554342605886903e-01
4.712524638428990387e-01
4.712493116493858825e-01
4.712459772339736008e-01
4.712424612657756806e-01
4.712387624065652036e-01
4.712348808793799249e-01
4.712308162381442789e-01
4.712265682598203997e-01
4.712221364983326666e-01
4.712175207306432689e-01
4.712127200646009095e-01
4.712077347232433988e-01
4.712025638144194395e-01
4.711972073381290871e-01
4.711916644022209888e-01
4.711859341145439584e-01
4.711800173672492376e-01
4.711739128221098527e-01
4.711676195869745620e-01
4.711611376618433655e-01
4.711544661545650214e-01
4.711476055112150951e-01
4.711405535014154267e-01
4.711333110173173133e-01
4.711258767206938369e-01
4.711182501654692656e-01
4.711104300134167921e-01
4.711024171566876029e-01
4.710942089188279724e-01
4.710858057459134107e-01
4.710772076379440287e-01
4.710684132566927973e-01
4.710594208178572329e-01
4.892295211389227072e-01
4.892294234483574589e-01
4.892291310457751452e-01
4.892286432620623349e-01
4.892279603202568383e-01
4.892270824433964660e-01
4.892260094084434074e-01
4.892247407693219863e-01
4.892232765260322580e-01
4.892216171246498435e-01
4.892197616730234455e-01
4.892177108402665509e-01
4.892154632881521859e-01
4.892130203549073242e-01
4.892103804792672372e-01
4.892075438842697355e-01
4.892045101238390870e-01
4.892012796440510791e-01
4.891978515527543037e-01
4.891942254038731952e-01
4.891904016434833746e-01
4.891863796024714106e-01
4.891821588347615712e-01
4.891777391173161571e-01
4.891731195579837599e-01
4.891683003798023011e-01
4.891632811366961042e-01
4.891580607134761172e-01
4.891526400022935261e-01
4.891470172188457921e-01
4.891411928092086470e-01
4.891351658812306824e-01
4.891289359888363886e-01
4.891225022398743572e-01
4.891158646343446437e-01
4.891090222800960063e-01
4.891019751771283897e-01
4.890947224332905519e-01
4.890872627103555192e-01
4.890795964543989682e-01
4.890717223271939806e-01
4.890636403287405565e-01
4.890553486747361567e-01
4.890468478112563466e-01
4.890381364000742637e-01
4.890292139951142314e-01
4.890200801503006844e-01
4.890107339734822700e-01
4.890011741264320699e-01
4.889913997169988424e-01
5.078934303164808206e-01
5.078933243735161973e-01
5.078930060985467065e-01
5.078924759376480802e-01
5.078917334447445864e-01
5.078907788428740355e-01
5.078896119089986172e-01
5.078882324200806320e-01
5.078866408221954787e-01
5.078848357771165167e-01
5.078828186230703867e-01
5.078805886909438794e-01
5.078781448655477204e-01
5.078754882620711841e-01
5.078726177653248852e-01
5.078695333753091568e-01
5.078662348689859662e-01
5.078627224693931241e-01
5.078589952843794997e-01
5.078550528678692499e-01
5.078508952198625970e-01
5.078465223403594297e-01
5.078419326680949641e-01
5.078371275412961738e-01
5.078321051756604643e-01
5.078268655711879465e-01
5.078214087278785094e-01
5.078157337535808002e-01
5.078098397561437993e-01
5.078037271816429055e-01
5.077973951379268769e-01
5.077908431789200927e-01
5.077840699663958013e-01
5.077770763925050224e-01
5.077698606729452724e-01
5.077624232537922833e-01
5.077547619046678395e-01
5.077468784098743138e-01
5.077387692008068498e-01
5.077304360617679313e-01
5.077218776545304735e-01
5.077130921947921038e-01
5.077040801286283322e-01
5.076948405638880280e-01
5.076853726084197271e-01
5.076756753700722991e-01
5.076657479566943909e-01
5.076555908143616236e-01
5.076452008205445399e-01
5.076345788673944925e-01
5.272842714949041998e-01
5.272841564073889042e-01
5.272838104757298083e-01
5.272832339229645005e-01
5.272824269721310131e-01
5.272813889541156929e-01
5.272801205380320821e-01
5.272786210547667496e-01
5.272768902812818848e-01
5.272749288866909190e-01
5.272727357558046890e-01
5.272703115577367372e-01
5.272676551772979003e-01
5.272647672836017207e-01
5.272616467614590352e-01
5.272582940569455756e-01
5.272547087239854990e-01
5.272508905395412171e-01
5.272468386114613770e-01
5.272425533858214886e-01
5.272380341935082315e-01
5.272332805884458740e-01
5.272282925706345269e-01
5.272230692479228376e-01
5.272176099511973746e-01
5.272119153495715693e-01
5.272059838817806376e-01
5.271998155478246906e-01
5.271934099016281072e-01
5.271867660510394238e-01
5.271798839960587513e-01
5.271727628445348479e-01
5.271654017043163609e-01
5.271578010214789112e-01
5.271499585656443942e-01
5.271418752289640519e-01
5.271335501192866424e-01
5.271249818983850810e-01
5.271161705662595898e-01
5.271071143386074631e-01
5.270978132154287010e-01
5.270882667506476826e-01
5.270784740521132772e-01
5.270684346737495307e-01
5.270581459391029400e-01
5.270476091864001456e-01
5.270368226313387749e-01
5.270257849356918545e-01
5.270144969916105149e-01
5.270029561226411419e-01
5.471669842233137793e-01
5.471668595451723016e-01
5.471664841725207840e-01
5.471658583283972588e-01
5.471649824588772359e-01
5.471638561178852056e-01
5.471624797514965666e-01
5.471608526905981096e-01
5.471589747121519132e-01
5.471568455931200559e-01
5.471544657795783806e-01
5.471518346024132340e-01
5.471489525077003480e-01
5.471458183802506703e-01
5.471424319970262795e-01
5.471387940271407180e-01
5.471349033554048225e-01
5.471307595357429721e-01
5.471263632372687091e-01
5.471217133447927594e-01
5.471168089661639922e-01
5.471116512165714596e-01
5.471062383117125671e-01
5.471005704746252363e-01
5.470946470361958136e-01
5.470884677733867107e-01
5.470820317940464639e-01
5.470753388751373736e-01
5.470683885705837080e-01
5.470611799882343362e-01
5.470537126820134155e-01
5.470459866519210568e-01
5.470380001136546655e-01
5.470297530672142416e-01
5.470212450665241644e-01
5.470124752194331919e-01
5.470034435259413241e-01
5.469941477556702347e-01
5.469845879086200346e-01
5.469747630926394821e-01
5.469646741998797079e-01
5.469543176617357449e-01
5.469436943703587239e-01
5.469328029875217823e-01
5.469216430671494100e-01
5.469102132710145225e-01
5.468985131530414989e-01
5.468865418210790974e-01
5.468742974908247234e-01
5.468617797162028671e-01
5.678315486702500969e-01
5.678314130632554635e-01
5.678310055731579098e-01
5.678303268690709782e-01
5.678293765049190478e-01
5.678281544807020076e-01
5.678266610194578901e-01
5.678248950059973099e-01
5.678228573324718420e-01
5.678205475528056434e-01
5.678179654439610147e-01
5.678151101137866030e-01
5.678119826774714607e-01
5.678085820198266465e-01
5.678049079178141278e-01
5.678009603714341269e-01
5.677967389346108007e-01
5.677922431612687504e-01
5.677874728283698325e-01
5.677824274898387591e-01
5.677771069226373868e-01
5.677715104576525063e-01
5.677656378718461960e-01
5.677594884961049138e-01
5.677530616613153391e-01
5.677463578135529820e-01
5.677393749454776595e-01
5.677321141722782016e-01
5.677245737096523470e-01
5.677167526654485208e-01
5.677086519318181868e-01
5.677002701705343712e-01
5.676916064894458325e-01
5.676826599964013287e-01
5.676734302453250169e-01
5.676639167901413874e-01
5.676541187386991982e-01
5.676440351988472077e-01
5.676336652784339520e-01
5.676230089774595422e-01
5.676120645116214947e-01
5.676008314348439665e-01
5.675893088549758270e-01
5.675774949877145925e-01
5.675653911712869037e-01
5.675529938370879046e-01
5.675403043233444578e-01
5.675273199536026159e-01
5.675140407278624899e-01
5.675004653078971062e-01
5.892805824075713073e-01
5.892804354256477861e-01
5.892799935877259809e-01
5.892792573398814016e-01
5.892782260130007277e-01
5.892769002761973907e-01
5.892752801294712794e-01
5.892733646806712633e-01
5.892711543758728521e-01
5.892686483229249150e-01
5.892658469679029620e-01
5.892627500877692936e-01
5.892593574594858774e-01
5.892556684139395040e-01
5.892516831741678729e-01
5.892474010710574417e-01
5.892428216585328116e-01
5.892379451596314599e-01
5.892327706822024780e-01
5.892272977801699119e-01
5.892215264535339836e-01
5.892154555871054189e-01
5.892090856269600607e-01
5.892024154579085238e-01
5.891954448569133307e-01
5.891881727087850962e-01
5.891805996826373626e-01
5.891727237711298359e-01
5.891645449742624052e-01
5.891560632920351814e-01
5.891472769401455700e-01
5.891381859185934600e-01
5.891287893352276095e-01
5.891190867439725087e-01
5.891090772526766939e-01
5.890987590770377924e-01
5.890881331092069351e-01
5.890771975648816383e-01
5.890659524440619021e-01
5.890543950702938902e-01
5.890425272278800861e-01
5.890303457942910326e-01
5.890178507695267296e-01
5.890050403692846936e-01
5.889919145935648137e-01
5.889784725502159590e-01
5.889647124549354240e-01
5.889506338616475878e-01
5.889362354321255877e-01
5.889215162742180709e-01
6.112650563487558308e-01
6.112648970997521802e-01
6.112644184605899866e-01
6.112636208773448709e-01
6.112625043500168331e-01
6.112610684325302524e-01
6.112593133479229390e-01
6.112572388731571937e-01
6.112548447851948730e-01
6.112521306379606889e-01
6.112490968775300404e-01
6.112457428347896071e-01
6.112420682867015786e-01
6.112380730102279225e-01
6.112337565592932398e-01
6.112291189338975306e-01
6.112241596879649519e-01
6.112188779293443730e-01
6.112132741041114148e-01
6.112073470970769140e-01
6.112010964621652498e-01
6.111945219763387227e-01
6.111876238626350322e-01
6.111804003367515836e-01
6.111728511756506776e-01
6.111649763793322032e-01
6.111567743865314872e-01
6.111482458663619610e-01
6.111393894805967619e-01
6.111302038910089163e-01
6.111206895436740449e-01
6.111108455464409062e-01
6.111006705610825263e-01
6.110901641415233954e-01
6.110793249495364288e-01
6.110681534311972474e-01
6.110566478022034786e-01
6.110448071704037698e-01
6.110326310897223889e-01
6.110201182219325844e-01
6.110072676748828924e-01
6.109940794485733129e-01
6.109805508665502316e-01
6.109666819288134265e-01
6.109524717432116558e-01
6.109379189715180569e-01
6.109230222755056561e-01
6.109077816551745643e-01
6.108921944340707233e-01
6.108762601661187341e-01
6.341049615162435149e-01
6.341047886619328722e-01
6.341042705450765649e-01
6.341034069426366715e-01
6.341021976315753816e-01
6.341006426118928063e-01
6.340987416605511351e-01
6.340964950005880674e-01
6.340939021859279823e-01
6.340909632165709908e-01
6.340876776464413611e-01
6.340840452525012827e-01
6.340800658117129451e-01
6.340757388780007275e-01
6.340710644513646299e-01
6.340660420857289203e-01
6.340606713350180890e-01
6.340549517531564039e-01
6.340488828940682442e-01
6.340424645347157995e-01
6.340356957829478279e-01
6.340285766387643296e-01
6.340211062100139516e-01
6.340132836045454523e-01
6.340051092684344525e-01
6.339965818634539785e-01
6.339877009435285204e-01
6.339784653934690262e-01
6.339688756593508945e-01
6.339589295107960210e-01
6.339486273938801375e-01
6.339379679703762704e-01
6.339269507942087989e-01
6.339155745271507492e-01
6.339038391692021213e-01
6.338917433821360525e-01
6.338792858277256803e-01
6.338664665059707826e-01
6.338532836325689868e-01
6.338397363153689401e-01
6.338258241082950217e-01
6.338115461191958788e-01
6.337968996716177861e-01
6.337818861037876061e-01
6.337665022931758818e-01
6.337507486858582340e-01
6.337346230514564471e-01
6.337181240517436587e-01
6.337012512406441367e-01
6.336840032799310185e-01
6.577878401325862878e-01
6.577876532268930321e-01
6.577870922867751213e-01
6.577861570891949672e-01
6.577848476341524586e-01
6.577831639216475956e-01
6.577811061747182997e-01
6.577786732781754075e-01
6.577758663472079714e-01
6.577726842666268281e-01
6.577691268133943892e-01
6.577651939875104325e-01
6.577608855659373699e-01
6.577562013256370577e-01
6.577511401514206657e-01
6.577457024893638149e-01
6.577398878933906623e-01
6.577336954713501882e-01
6.577271254462799810e-01
6.577201764799532890e-01
6.577128483493321909e-01
6.577051412774546080e-01
6.576970534800178347e-01
6.576885851800597926e-01
6.576797359315047498e-01
6.576705039500503336e-01
6.576608901278476749e-01
6.576508926805941790e-01
6.576405102700629834e-01
6.576297437884054409e-01
6.576185918973945777e-01
6.576070528127276882e-01
6.575951269804806154e-01
6.575828126163507648e-01
6.575701092742624043e-01
6.575570156159886714e-01
6.575435320876051870e-01
6.575296560126581147e-01
6.575153869450719446e-01
6.575007235466194810e-01
6.574856662633765669e-01
6.574702119728136340e-01
6.574543611210063032e-01
6.574381110315008492e-01
6.574214612582216510e-01
6.574044113550928659e-01
6.573869595378120101e-01
6.573691044681523321e-01
6.573508439157353944e-01
6.573321787727126608e-01
6.820528632953838377e-01
6.820526610000808843e-01
6.820520541141721349e-01
6.820510433067709100e-01
6.820496276857259677e-01
6.820478074740751184e-01
6.820455826718184733e-01
6.820429530559181108e-01
6.820399179572605997e-01
6.820364778219215607e-01
6.820326317577496411e-01
6.820283802108206839e-01
6.820237225120210356e-01
6.820186577691995655e-01
6.820131868745074044e-01
6.820073082666798792e-01
6.820010226148305321e-01
6.819943281346566577e-01
6.819872252722339878e-01
6.819797133584490911e-01
6.819717915011505038e-01
6.819634597003384480e-01
6.819547168408237603e-01
6.819455622534928985e-01
6.819359959383459735e-01
6.819260167801937111e-01
6.819156241099227911e-01
6.819048170353819716e-01
6.818935951104955207e-01
6.818819569970365757e-01
6.818699022489294048e-01
6.818574299740227662e-01
6.818445388340897972e-01
6.818312292752061188e-01
6.818174986209178945e-01
6.818033468712250134e-01
6.817887726879006127e-01
6.817737756248691827e-01
6.817583534517523969e-01
6.817425061685502552e-01
6.817262310988089213e-01
6.817095295807553690e-01
6.816923984918600299e-01
6.816748369399716623e-01
6.816568444790146453e-01
6.816384188786107634e-01
6.816195596926843958e-01
6.816002642447817061e-01
6.815805329809783153e-01
6.815603623326690341e-01
7.072513635246110431e-01
7.072511451705850716e-01
7.072504894393936148e-01
7.072493961079989733e-01
7.072478660685522778e-01
7.072458982058644761e-01
7.072434927429733786e-01
7.072406499029169069e-01
7.072373687935437081e-01
7.072336498609292921e-01
7.072294922129226391e-01
7.072248958495236382e-01
7.072198601016187469e-01
7.072143854152835862e-01
7.072084711214049468e-01
7.072021163278312539e-01
7.071953208115248080e-01
7.071880839033721777e-01
7.071804056033733632e-01
7.071722850193770116e-01
7.071637217053076130e-01
7.071547149920515141e-01
7.071452644335333160e-01
7.071353689145636334e-01
7.071250277660292571e-01
7.071142412109678865e-01
7.071030067959634957e-01
7.070913254131673265e-01
7.070791952782770062e-01
7.070666159452166921e-01
7.070535860757595215e-01
7.070401047777542525e-01
7.070261716051251533e-01
7.070117856657210931e-01
7.069969456213150982e-01
7.069816501336801950e-01
7.069658983106650307e-01
7.069496892601185856e-01
7.069330220898892847e-01
7.069158945695991347e-01
7.068983066992479136e-01
7.068802566945333599e-01
7.068617432172282777e-01
7.068427649291059156e-01
7.068233213840906526e-01
7.068034099057284303e-01
7.067830300479438499e-01
7.067621800264342058e-01
7.067408580568970144e-01
7.067190636932565440e-01
7.333514805367632450e-01
7.333512443397116609e-01
7.333505355255189873e-01
7.333493545402609559e-01
7.333477004917862141e-01
7.333455738261704937e-01
7.333429740973379518e-01
7.333399015283266209e-01
7.333363552269851482e-01
7.333323360854648865e-01
7.333278427655387510e-01
7.333228748211312320e-01
7.333174333674313816e-01
7.333115166201366053e-01
7.333051243562090926e-01
7.332982563526111441e-01
7.332909121632670280e-01
7.332830913421010122e-01
7.332747936660755084e-01
7.332660175739255104e-01
7.332567635117268612e-01
7.332470299182147766e-01
7.332368167933891456e-01
7.332261230220609161e-01
7.332149481581545780e-01
7.332032913095186677e-01
7.331911513609641329e-01
7.331785283124910846e-01
7.331654203797969283e-01
7.331518271168058209e-01
7.331377476313667430e-01
7.331231801391770997e-01
7.331081246402366691e-01
7.330925797963186996e-01
7.330765442691963285e-01
7.330600176127938239e-01
7.330429975967329703e-01
7.330254846670893887e-01
7.330074752552581119e-01
7.329889702533902707e-01
7.329699683232588914e-01
7.329504658962590069e-01
7.329304647566932118e-01
7.329099613359560950e-01
7.328889542958210157e-01
7.328674431902123532e-01
7.328454266809029116e-01
7.328229020914390768e-01
7.327998694218208486e-01
7.327763246573673062e-01
7.600829386625648221e-01
7.600826837303363837e-01
7.600819187106130359e-01
7.600806440494703997e-01
7.600788588547574554e-01
7.600765633495116802e-01
7.600737577567712178e-01
7.600704416304602251e-01
7.600666145245030814e-01
7.600622757697863552e-01
7.600574264814992098e-01
7.600520650983767501e-01
7.600461922895326294e-01
7.600398058245885213e-01
7.600329072648090989e-01
7.600254952719676105e-01
7.600175691769505137e-01
7.600091287567199982e-01
7.600001733421626327e-01
7.599907020411270642e-01
7.599807148536132928e-01
7.599702104413945669e-01
7.599591885814328540e-01
7.599476479355012914e-01
7.599355882805620688e-01
7.599230085014261338e-01
7.599099077059421337e-01
7.598962854480344475e-01
7.598821403894762128e-01
7.598674720841918084e-01
7.598522783018029081e-01
7.598365590423095117e-01
7.598203129674848677e-01
7.598035391851775122e-01
7.597862363571605826e-01
7.597684035912829481e-01
7.597500391032417921e-01
7.597311415548103630e-01
7.597117109459885498e-01
7.596917450463982480e-01
7.596712425178124839e-01
7.596502015759287740e-01
7.596286208825201447e-01
7.596064995454352431e-01
7.595838371185985594e-01
7.595606300334047933e-01
7.595368769516271934e-01
7.595125778732657595e-01
7.594877292297151916e-01
7.594623310209757117e-01
7.878301496071828947e-01
7.878298743785128178e-01
7.878290489155401755e-01
7.878276725491516475e-01
7.878257461714983645e-01
7.878232688904291958e-01
7.878202404829063310e-01
7.878166611719674695e-01
7.878125309576126112e-01
7.878078485016150045e-01
7.878026146961256693e-01
7.877968282029179647e-01
7.877904896911052113e-01
7.877835975994226247e-01
7.877761519278703162e-01
7.877681524534103641e-01
7.877595982838915267e-01
7.877504891962759936e-01
7.877408240753746016e-01
7.877306026981496512e-01
7.877198241724497896e-01
7.877084878291615855e-01
7.876965927761336861e-01
7.876841387903283920e-01
7.876711240874429976e-01
7.876575486674776139e-01
7.876434116382808881e-01
7.876287107694747158e-01
7.876134465071346069e-01
7.875976175130336987e-01
7.875812220028695076e-01
7.875642599766419227e-01
7.875467296500483494e-01
7.875286292387864151e-01
7.875099587428558978e-01
7.874907163779544250e-01
7.874709008058549120e-01
7.874505115804818489e-01
7.874295455793056675e-01
7.874080028023264788e-01
7.873858819113171981e-01
7.873631802298242111e-01
7.873398973117715638e-01
7.873160309267812629e-01
7.872915801827020665e-01
7.872665437413068901e-01
7.872409184800663873e-01
7.872147043989805582e-01
7.871878979294442136e-01
7.871604995175329744e-01
8.165362719590971707e-01
8.165359750957584817e-01
8.165350845057423035e-01
8.165335995199353158e-01
8.165315208074508391e-01
8.165288479222133633e-01
8.165255810872605879e-01
8.165217189643657614e-01
8.165172622226420929e-01
8.165122106390519940e-01
8.165065630984063016e-01
8.165003202698183360e-01
8.164934808150613454e-01
8.164860451802109509e-01
8.164780120270401786e-01
8.164693813555489177e-01
8.164601520505483379e-01
8.164503241120382171e-01
8.164398968709052351e-01
8.164288689889223072e-01
8.164172400200140345e-01
8.164050101872180054e-01
8.163921772601561155e-01
8.163787412388283649e-01
8.163647001158943484e-01
8.163500550065431183e-01
8.163348032343209493e-01
8.163189447992278414e-01
8.163024774708854681e-01
8.162854012492939404e-01
8.162677143501506638e-01
8.162494163273799064e-01
8.162305053966792956e-01
8.162109806658973676e-01
8.161908412428829918e-01
8.161700840051064887e-01
8.161487098447193222e-01
8.161267160852676561e-01
8.161041018346001374e-01
8.160808648623384398e-01
8.160570042763315435e-01
8.160325191844279846e-01
8.160074069101739269e-01
8.159816656692669978e-01
8.159552941234800016e-01
8.159282909345861867e-01
8.159006552104342003e-01
8.158723829363433433e-01
8.158434736662379949e-01
8.158139256158154495e-01
8.459233785135713557e-01
8.459230589003750023e-01
8.459220989455967787e-01
8.459204990953124170e-01
8.459182589034460742e-01
8.459153788160735932e-01
8.459118581640815426e-01
8.459076965013940796e-01
8.459028942740869361e-01
8.458974510360844912e-01
8.458913656721976926e-01
8.458846386285020502e-01
8.458772687898086229e-01
8.458692563791551100e-01
8.458606002813523483e-01
8.458513004964005599e-01
8.458413559091104705e-01
8.458307662964443807e-01
8.458195305432130162e-01
8.458076482033409782e-01
8.457951183846766918e-01
8.457819406411447583e-01
8.457681136345182038e-01
8.457536366956834861e-01
8.457385089324893634e-01
8.457227285606332412e-01
8.457062964722664722e-01
8.456892099909352201e-01
8.456714686705637529e-01
8.456530707268495872e-01
8.456340152676414812e-01
8.456143022929393238e-01
8.455939282341380370e-01
8.455728935373132416e-01
8.455511968642380749e-01
8.455288355384585897e-01
8.455058095599748968e-01
8.454821158062575392e-01
8.454577551694576476e-01
8.454327240809701438e-01
8.454070207564926553e-01
8.453806447499492283e-01
8.453535942770374900e-01
8.453258675534549571e-01
8.452974619027475711e-01
8.452683768788398222e-01
8.452386089131266322e-01
8.452081584516835111e-01
8.451770214798297598e-01
8.451451975514897574e-01
8.764121846187319376e-01
8.764118395792240834e-01
8.764108053528517628e-01
8.764090810474636228e-01
8.764066673321732059e-01
8.764035635378670808e-01
8.763997694415073259e-01
8.763952850430940522e-01
8.763901103426271488e-01
8.763842444479554850e-01
8.763776873590788385e-01
8.763704381838460789e-01
8.763624969222572059e-01
8.763538626821609778e-01
8.763445354635572837e-01
8.763345143742948817e-01
8.763237987452602296e-01
8.763123879073401179e-01
8.763002811914207824e-01
8.762874777053512032e-01
8.762739767800177271e-01
8.762597773002314128e-01
8.762448788199164174e-01
8.762292804469217211e-01
8.762129808430201283e-01
8.761959786699848873e-01
8.761782734817403773e-01
8.761598634939838925e-01
8.761407482606399233e-01
8.761209264434814958e-01
8.761003958121303947e-01
8.760791572587379727e-01
8.760572072146989298e-01
8.760345452339378669e-01
8.760111704243034314e-01
8.759870805554172968e-01
8.759622738429769795e-01
8.759367493948312378e-01
8.759105058727529869e-01
8.758835401542129917e-01
8.758558517931355203e-01
8.758274394512934879e-01
8.757983004522332804e-01
8.757684330116521920e-01
8.757378357913234712e-01
8.757065065608686805e-01
8.756744430899097154e-01
8.756416440402197132e-01
8.756081076274960795e-01
8.755738307292093570e-01
9.079145820831934222e-01
9.079142109482605250e-01
9.079130966513107026e-01
9.079112391923439551e-01
9.079086387943979819e-01
9.079052954574730050e-01
9.079012087354930705e-01
9.078963781823827794e-01
9.078908037981421320e-01
9.078844849136574746e-01
9.078774213058912190e-01
9.078696127518053327e-01
9.078610585822864953e-01
9.078517579051834652e-01
9.078417104974582097e-01
9.078309161360731405e-01
9.078193737058389834e-01
9.078070818685289867e-01
9.077940412932564707e-01
9.077802504187567623e-01
9.077657079068028878e-01
9.077504135343570368e-01
9.077343659631923467e-01
9.077175645241952751e-01
9.077000078791389592e-01
9.076816951358721575e-01
9.076626254022435170e-01
9.076427968939504431e-01
9.076222087188418053e-01
9.076008599847661396e-01
9.075787489074209624e-01
9.075558737025037903e-01
9.075322334778631594e-01
9.075078273413480501e-01
9.074826530625800247e-01
9.074567088572565998e-01
9.074299942793021545e-01
9.074025062061871205e-01
9.073742441918359880e-01
9.073452051137191887e-01
9.073153885257612128e-01
9.072847926436592436e-01
9.072534147909596669e-01
9.072212540755111299e-01
9.071883060365573126e-01
9.071545720123248557e-01
9.071200470959820406e-01
9.070847312875286450e-01
9.070486214644353229e-01
9.070117153963238588e-01
9.401494098768641283e-01
9.401490101930902732e-01
9.401478113648066293e-01
9.401458129459374646e-01
9.401430153825585112e-01
9.401394182285940371e-01
9.401350210379684214e-01
9.401298238106816640e-01
9.401238258776204448e-01
9.401170276848601626e-01
9.401094276711362552e-01
9.401010265055620430e-01
9.400918230729485847e-01
9.400818167041823381e-01
9.400710071762253817e-01
9.400593933738888852e-01
9.400469750741347053e-01
9.400337516078496325e-01
9.400197214137687718e-01
9.400048840458166133e-01
9.399892388348796146e-01
9.399727848888064230e-01
9.399555206463324764e-01
9.399374456613819317e-01
9.399185583726902271e-01
9.398988583341816305e-01
9.398783437615536585e-01
9.398570128705036053e-01
9.398348656610315821e-01
9.398118999027593734e-01
9.397881142574600055e-01
9.397635073869066158e-01
9.397380783989478514e-01
9.397118250632056080e-01
9.396847464875286438e-01
9.396568399954629003e-01
9.396281046948572468e-01
9.395985383553334680e-01
9.395681400847403220e-01
9.395369072066238614e-01
9.395048383827573346e-01
9.394719309366866833e-01
9.394381835301850447e-01
9.394035939328744256e-01
9.393681608065276301e-01
9.393318805825395801e-01
9.392947523687591449e-01
9.392567734887323772e-01
9.392179417120811724e-01
9.391782539162758514e-01
9.735749462623626282e-01
9.735745160224075212e-01
9.735732261946931088e-01
9.735710758870683712e-01
9.735680657686467399e-01
9.735641953933524828e-01
9.735594640920722798e-01
9.735538720878437191e-01
9.735474189345912910e-01
9.735401039632016751e-01
9.735319271736746494e-01
9.735228874508211616e-01
9.735129854637547542e-01
9.735022192051350221e-01
9.734905888979997757e-01
9.734780934271598518e-01
9.734647325695774400e-01
9.734505049870257887e-01
9.734354097873534339e-01
9.734194467475225654e-01
9.734026143062685099e-01
9.733849120175156466e-01
9.733663376508856491e-01
9.733468918754921706e-01
9.733265722379189633e-01
9.733053778460148964e-01
9.732833073615529962e-01
9.732603603384577529e-01
9.732365341002751080e-01
9.732118277548539309e-01
9.731862404100428687e-01
9.731597698354637060e-01
9.731324151389652011e-01
9.731041740901691384e-01
9.730750449047730344e-01
9.730450266906255363e-01
9.730141163251970760e-01
9.729823133624121434e-01
9.729496151258169023e-01
9.729160207232599999e-01
9.728815270322119790e-01
9.728461327144459769e-01
9.728098355395836672e-01
9.727726323850955925e-01
9.727345223588305112e-01
9.726955036764859397e-01
9.726555732155323097e-01
9.726147278534400531e-01
9.725729658059067972e-01
9.725302866268568103e-01
1.008064850351237274e+00
1.008064387993835798e+00
1.008063000475556414e+00
1.008060688019436268e+00
1.008057450179400183e+00
1.008053287401523557e+00
1.008048198793655370e+00
1.008042184355795401e+00
1.008035243641868028e+00
1.008027376428835442e+00
1.008018581601508590e+00
1.008008859159887471e+00
1.007998209327009898e+00
1.007986630095535352e+00
1.007974121465464057e+00
1.007960682767682581e+00
1.007946312887001428e+00
1.007931011377345420e+00
1.007914776900487475e+00
1.007897609233389558e+00
1.007879506368711597e+00
1.007860468083415562e+00
1.007840493262312398e+00
1.007819580344137433e+00
1.007797728436739426e+00
1.007774935755815671e+00
1.007751200963139304e+00
1.007726524058710327e+00
1.007700901919999392e+00
1.007674334100930658e+00
1.007646818817201639e+00
1.007618353838434011e+00
1.007588938718552374e+00
1.007558571227178401e+00
1.007527248241782747e+00
1.007494970208440588e+00
1.007461734896774264e+00
1.007427539184254206e+00
1.007392381286577487e+00
1.007356260311593088e+00
1.007319173136771662e+00
1.007281117977810281e+00
1.007242093496482305e+00
1.007202095678107145e+00
1.007161124076608516e+00
1.007119174231230652e+00
1.007076246588048951e+00
1.007032335794155742e+00
1.006987441403475181e+00
1.006941558955251281e+00
1.043341061116059620e+00
1.043340563964758383e+00
1.043339073403005912e+00
1.043336588761688555e+00
1.043333110709920186e+00
1.043328638355549121e+00
1.043323171475537769e+00
1.043316709846848100e+00
1.043309253469480558e+00
1.043300801228245422e+00
1.043291352900105329e+00
1.043280908708098087e+00
1.043269467090958580e+00
1.043257027602611631e+00
1.043243589796981396e+00
1.043229152781916413e+00
1.043213715888303472e+00
1.043197277777915488e+00
1.043179838004677062e+00
1.043161395453398921e+00
1.043141949008891789e+00
1.043121497779004869e+00
1.043100040425510633e+00
1.043077575164107040e+00
1.043054101771756059e+00
1.043029618464154984e+00
1.043004123903077174e+00
1.042977616750295544e+00
1.042950095221507389e+00
1.042921557978486291e+00
1.042892003236929099e+00
1.042861429658609174e+00
1.042829835013148410e+00
1.042797218408395343e+00
1.042763576275744786e+00
1.042728909061272802e+00
1.042693213196373758e+00
1.042656487342821015e+00
1.042618729270236244e+00
1.042579936748241343e+00
1.042540107100382363e+00
1.042499239434508285e+00
1.042457331074164717e+00
1.042414378450747137e+00
1.042370380672104080e+00
1.042325334615705756e+00
1.042279237605098885e+00
1.042232086963829074e+00
1.042183880907594062e+00
1.042134616313864282e+00
1.079899340555513954e+00
1.079898806826010249e+00
1.079897205191423293e+00
1.079894536097828706e+00
1.079890798653075246e+00
1.079885993526276566e+00
1.079880120271356825e+00
1.079873178219202368e+00
1.079865166700700208e+00
1.079856086161925743e+00
1.079845935264651891e+00
1.079834714008878871e+00
1.079822421725493253e+00
1.079809057076267953e+00
1.079794620284240780e+00
1.079779110011185095e+00
1.079762525364949211e+00
1.079744865453382108e+00
1.079726129384332545e+00
1.079706316488686868e+00
1.079685425205180627e+00
1.079663454418624324e+00
1.079640402790791320e+00
1.079616269652568183e+00
1.079591053442689796e+00
1.079564751930778499e+00
1.079537364670758226e+00
1.079508889878326716e+00
1.079479326215256663e+00
1.079448671451170183e+00
1.079416924693916036e+00
1.079384083267040273e+00
1.079350146278391431e+00
1.079315111051516007e+00
1.079278976248186694e+00
1.079241739638025610e+00
1.079203399882805892e+00
1.079163952967846285e+00
1.079123398893147456e+00
1.079081734536179393e+00
1.079038957666563991e+00
1.078995066053923368e+00
1.078950057021803355e+00
1.078903928339825846e+00
1.078856677331536895e+00
1.078808302212634240e+00
1.078758798968436627e+00
1.078708165814642017e+00
1.078656400074796240e+00
1.078603499072445793e+00
1.117567307868223780e+00
1.117566734437988041e+00
1.117565014593356221e+00
1.117562148111290732e+00
1.117558135214829385e+00
1.117552974565745316e+00
1.117546667056189547e+00
1.117539211570973023e+00
1.117530608110095969e+00
1.117520856227482540e+00
1.117509955254019305e+00
1.117497904966668676e+00
1.117484703804165536e+00
1.117470352212585727e+00
1.117454848407626766e+00
1.117438192166250621e+00
1.117420382819344082e+00
1.117401418805642255e+00
1.117381299009956086e+00
1.117360022986209733e+00
1.117337589173138745e+00
1.117313996232516038e+00
1.117289243495228179e+00
1.117263329176972686e+00
1.117236251939522695e+00
1.117208010444650901e+00
1.117178602908055263e+00
1.117148028437584095e+00
1.117116284802859294e+00
1.117083369773502755e+00
1.117049282457363235e+00
1.117014021070138030e+00
1.116977583381448813e+00
1.116939967606993545e+00
1.116901171070317833e+00
1.116861193325346280e+00
1.116820030357398075e+00
1.116777681274321976e+00
1.116734143845739657e+00
1.116689414503046152e+00
1.116643491908014596e+00
1.116596373384191043e+00
1.116548056255121546e+00
1.116498537844352157e+00
1.116447816813656457e+00
1.116395888256201951e+00
1.116342750833761777e+00
1.116288402315958050e+00
1.116232838688109741e+00
1.116176056827687280e+00
1.156077701741053287e+00
1.156077086602745219e+00
1.156075241633896189e+00
1.156072166388431022e+00
1.156067860866349717e+00
1.156062325290689641e+00
1.156055558323224153e+00
1.156047560410029096e+00
1.156038331328066215e+00
1.156027869962146681e+00
1.156016175866194873e+00
1.156003248148059326e+00
1.155989087030778073e+00
1.155973691399161840e+00
1.155957060138021575e+00
1.155939192578244068e+00
1.155920087827677634e+00
1.155899744771133220e+00
1.155878162739497617e+00
1.155855339948468119e+00
1.155831275951969106e+00
1.155805968519622473e+00
1.155779417651427998e+00
1.155751620447894368e+00
1.155722576462945517e+00
1.155692283912279184e+00
1.155660741457668284e+00
1.155627947760885954e+00
1.155593899253327006e+00
1.155558596381067282e+00
1.155522036913728456e+00
1.155484218174856581e+00
1.155445137934073552e+00
1.155404794853152506e+00
1.155363187147790738e+00
1.155320311695458901e+00
1.155276168050081376e+00
1.155230751750901508e+00
1.155184061459692657e+00
1.155136094500001098e+00
1.155086849087523682e+00
1.155036322545807126e+00
1.154984511306246020e+00
1.154931413584538102e+00
1.154877026258153583e+00
1.154821347096714135e+00
1.154764372085539392e+00
1.154706099440326650e+00
1.154646524700319477e+00
1.154585646973366631e+00
1.195962969433356449e+00
1.195962309687484293e+00
1.195960330226829793e+00
1.195957031274430982e+00
1.195952412161174205e+00
1.195946473110097497e+00
1.195939213229049392e+00
1.195930632741067701e+00
1.195920730977039215e+00
1.195909507490887869e+00
1.195896961613500675e+00
1.195883092898801570e+00
1.195867900454639754e+00
1.195851383165825510e+00
1.195833541255397314e+00
1.195814372939052017e+00
1.195793877547676631e+00
1.195772053743043850e+00
1.195748900633002654e+00
1.195724417325401578e+00
1.195698602035938363e+00
1.195671454095499131e+00
1.195642971273706001e+00
1.195613152455369699e+00
1.195581997194414825e+00
1.195549502814387210e+00
1.195515667084908751e+00
1.195480489559904047e+00
1.195443967562918930e+00
1.195406100201802380e+00
1.195366885246175848e+00
1.195326319573510210e+00
1.195284401845578381e+00
1.195241131616304742e+00
1.195196504424933082e+00
1.195150519379311715e+00
1.195103172464760055e+00
1.195054463681278323e+00
1.195004389014185486e+00
1.194952945787027820e+00
1.194900132215502619e+00
1.194845945623156380e+00
1.194790382887459312e+00
1.194733440885881848e+00
1.194675117834121725e+00
1.194615411055724996e+00
1.194554315643859610e+00
1.194491828922071619e+00
1.194427949998209781e+00
1.194362673073290804e+00
1.236995654522658583e+00
1.236994946823654962e+00
1.236992824395757751e+00
1.236989286569853519e+00
1.236984333122904234e+00
1.236977964724023549e+00
1.236970179588908980e+00
1.236960978609711326e+00
1.236950360894280010e+00
1.236938325996538746e+00
1.236924873024336735e+00
1.236910001308560103e+00
1.236893710403133673e+00
1.236875999415905758e+00
1.236856867677763150e+00
1.236836313627440731e+00
1.236814336595825736e+00
1.236790935913804068e+00
1.236766110020111054e+00
1.236739858022595895e+00
1.236712177913917632e+00
1.236683069024963055e+00
1.236652529794467492e+00
1.236620558215090648e+00
1.236587153394680838e+00
1.236552313548935800e+00
1.236516036447477429e+00
1.236478320752078419e+00
1.236439165124512352e+00
1.236398566442249214e+00
1.236356523813137986e+00
1.236313034114649323e+00
1.236268096008556139e+00
1.236221707710555950e+00
1.236173866544194810e+00
1.236124568940867530e+00
1.236073814008423088e+00
1.236021598624331697e+00
1.235967920558215472e+00
1.235912777133620466e+00
1.235856164781941269e+00
1.235798082611027082e+00
1.235738526160121031e+00
1.235677492752769613e+00
1.235614980604670121e+00
1.235550985255066347e+00
1.235485504027504122e+00
1.235418534245529720e+00
1.235350072786613795e+00
1.235280114743924074e+00
1.278927980056760783e+00
1.278927221951209781e+00
1.278924947857594807e+00
1.278921158221991483e+00
1.278915852152248567e+00
1.278909029202290215e+00
1.278900689818192271e+00
1.278890833330841303e+00
1.278879459071123659e+00
1.278866566369925906e+00
1.278852155227248044e+00
1.278836224304863434e+00
1.278818772933658199e+00
1.278799800890594751e+00
1.278779306614408418e+00
1.278757289435985545e+00
1.278733748240137080e+00
1.278708681688636384e+00
1.278682089112369580e+00
1.278653968727034185e+00
1.278624319417441368e+00
1.278593140068401857e+00
1.278560428449537323e+00
1.278526183668696525e+00
1.278490403495501582e+00
1.278453087037800806e+00
1.278414232511291937e+00
1.278373836793445406e+00
1.278331898992109750e+00
1.278288417769058105e+00
1.278243389555685505e+00
1.278196813013765087e+00
1.278148685912918303e+00
1.278099005576691649e+00
1.278047770666858041e+00
1.277994977614812511e+00
1.277940624636252132e+00
1.277884709500799243e+00
1.277827228193772591e+00
1.277768178930869691e+00
1.277707559481712662e+00
1.277645365831620472e+00
1.277581596196290636e+00
1.277516245668891104e+00
1.277449313357270411e+00
1.277380794800672570e+00
1.277310687322643412e+00
1.277238987354577748e+00
1.277165693112173317e+00
1.277090797904295361e+00
1.322328207816036105e+00
1.322327395735332534e+00
1.322324959493222263e+00
1.322320899089705293e+00
1.322315214524781402e+00
1.322307905129337158e+00
1.322298970680334973e+00
1.322288411177774403e+00
1.322276225506466840e+00
1.322262413220336441e+00
1.322246973873307363e+00
1.322229907019304429e+00
1.322211211320100110e+00
1.322190886552657263e+00
1.322168931155710547e+00
1.322145344460146754e+00
1.322120125127739021e+00
1.322093272043298295e+00
1.322064784537710924e+00
1.322034660603636613e+00
1.322002899348924121e+00
1.321969498320157310e+00
1.321934458186449834e+00
1.321897774264007230e+00
1.321859447891056583e+00
1.321819475052917081e+00
1.321777854857437484e+00
1.321734585074239465e+00
1.321689664365096162e+00
1.321643090945705090e+00
1.321594860801385440e+00
1.321544973486061592e+00
1.321493426323279818e+00
1.321440216190510331e+00
1.321385342195602108e+00
1.321328800323874120e+00
1.321270588344948482e+00
1.321210704028446870e+00
1.321149144697915334e+00
1.321085907230824530e+00
1.321020988504644889e+00
1.320954386288998306e+00
1.320886097015279592e+00
1.320816117114883559e+00
1.320744444803507722e+00
1.320671075620395651e+00
1.320596006443017778e+00
1.320519234594920599e+00
1.320440755169271618e+00
1.320360565935692954e+00
1.366901936353233538e+00
1.366901066951810240e+00
1.366898458524502979e+00
1.366894110625235470e+00
1.366888024146159619e+00
1.366880197526010310e+00
1.366870630987825574e+00
1.366859324085529570e+00
1.366846276373046898e+00
1.366831486958225872e+00
1.366814956064104969e+00
1.366796682129418850e+00
1.366776664038978462e+00
1.366754901792784249e+00
1.366731394275646716e+00
1.366706139926301189e+00
1.366679138075634237e+00
1.366650387162381186e+00
1.366619886071352985e+00
1.366587633687360359e+00
1.366553628449138635e+00
1.366517868572385108e+00
1.366480352718873137e+00
1.366441079327337826e+00
1.366400046613476693e+00
1.366357252346911411e+00
1.366312695189415116e+00
1.366266372910609705e+00
1.366218283726192473e+00
1.366168424959709471e+00
1.366116795272934281e+00
1.366063391097261048e+00
1.366008210648387955e+00
1.365951252142011851e+00
1.365892513347754855e+00
1.365831990697011777e+00
1.365769680621177429e+00
1.365705581782024725e+00
1.365639691949176004e+00
1.365572007107950014e+00
1.365502524135817408e+00
1.365431241248475702e+00
1.365358153539092845e+00
1.365283258777290509e+00
1.365206553840539128e+00
1.365128035160233955e+00
1.365047699613845200e+00
1.364965543186692054e+00
1.364881562756245392e+00
1.364795753861748562e+00
1.412429736153990589e+00
1.412428806086280408e+00
1.412426015437073801e+00
1.412421364875484420e+00
1.412414853286323213e+00
1.412406480892627769e+00
1.412396247248322689e+00
1.412384152130370163e+00
1.412370194869656537e+00
1.412354375020106190e+00
1.412336690797416860e+00
1.412317143093739347e+00
1.412295730124771609e+00
1.412272450998361961e+00
1.412247305491472593e+00
1.412220291596763433e+00
1.412191408645120827e+00
1.412160655075280102e+00
1.412128029995089795e+00
1.412093531843285454e+00
1.412057158835564152e+00
1.412018910079775091e+00
1.411978783345539501e+00
1.411936777740706583e+00
1.411892890142746548e+00
1.411847119659508376e+00
1.411799464506689361e+00
1.411749922453911177e+00
1.411698490824720098e+00
1.411645167834813641e+00
1.411589951699889101e+00
1.411532839297417130e+00
1.411473828397019403e+00
1.411412917214393437e+00
1.411350102627009884e+00
1.411285381512338954e+00
1.411218751640002544e+00
1.411150209887471307e+00
1.411079754470442538e+00
1.411007380928160027e+00
1.410933087476320846e+00
1.410856869654169010e+00
1.410778725677401813e+00
1.410698651531338221e+00
1.410616643201297871e+00
1.410532698010826813e+00
1.410446812837395258e+00
1.410358983220247220e+00
1.410269206036853129e+00
1.410177477718607575e+00
1.459516787779947533e+00
1.459515792585193816e+00
1.459512807000932444e+00
1.459507831919314658e+00
1.459500865779075784e+00
1.459491908357178014e+00
1.459480960991848209e+00
1.459468020783594833e+00
1.459453088847606717e+00
1.459436164291733062e+00
1.459417246223821962e+00
1.459396333974760651e+00
1.459373426652397221e+00
1.459348523141543064e+00
1.459321622550046493e+00
1.459292723985756490e+00
1.459261826333483780e+00
1.459228927585888069e+00
1.459194027073855926e+00
1.459157123682198298e+00
1.459118215180536859e+00
1.459077299784569126e+00
1.459034377048219477e+00
1.458989443402882724e+00
1.458942498848558866e+00
1.458893540708793957e+00
1.458842566753210113e+00
1.458789575197504407e+00
1.458734563365223336e+00
1.458677530364215214e+00
1.458618473071950916e+00
1.458557388365900875e+00
1.458494274015686765e+00
1.458429128683081943e+00
1.458361948353405158e+00
1.458292730796278747e+00
1.458221473781324162e+00
1.458148172401709353e+00
1.458072826657434540e+00
1.457995431641667672e+00
1.457915984677954579e+00
1.457834482197690518e+00
1.457750920632270075e+00
1.457665297751315148e+00
1.457577609094069526e+00
1.457487851984079041e+00
1.457396021960587484e+00
1.457302115454989888e+00
1.457206129790832083e+00
1.457108059169130776e+00
1.507789689787932375e+00
1.507788626120567743e+00
1.507785434226322607e+00
1.507780114551272588e+00
1.507772666203266443e+00
1.507763089628379571e+00
1.507751384603574607e+00
1.507737549567586433e+00
1.507721584966490891e+00
1.507703490131174329e+00
1.507683263946447916e+00
1.507660905520160188e+00
1.507636414406235525e+00
1.507609789489484653e+00
1.507581029877756773e+00
1.507550134009786547e+00
1.507517100770385365e+00
1.507481929267401766e+00
1.507444617939570852e+00
1.507405165225628174e+00
1.507363570233422045e+00
1.507319829840423564e+00
1.507273943823594475e+00
1.507225909506480832e+00
1.507175725550856216e+00
1.507123390172417698e+00
1.507068900694711333e+00
1.507012255333434858e+00
1.506953450966058705e+00
1.506892486700431633e+00
1.506829360306175314e+00
1.506764067768608939e+00
1.506696607749505645e+00
1.506626977572411930e+00
1.506555173668722158e+00
1.506481194254133849e+00
1.506405036206117876e+00
1.506326696402144449e+00
1.506246171273608381e+00
1.506163459036207408e+00
1.506078554783109258e+00
1.505991456730011668e+00
1.505902160862233385e+00
1.505810663611169664e+00
1.505716962300366557e+00
1.505621052022992012e+00
1.505522929210440841e+00
1.505422592078410560e+00
1.505320034827917874e+00
1.505215251659979270e+00
1.557069616921790578e+00
1.557068480098021013e+00
1.557065070518863337e+00
1.557059387961279739e+00
1.557051431979194822e+00
1.557041202349570330e+00
1.557028698626331087e+00
1.557013920363401249e+00
1.556996867337743007e+00
1.556977538434167307e+00
1.556955933206598530e+00
1.556932050539847401e+00
1.556905889764800488e+00
1.556877450212344360e+00
1.556846730321214567e+00
1.556813729422297232e+00
1.556778445731289873e+00
1.556740878802117090e+00
1.556701026181362746e+00
1.556658886976875378e+00
1.556614459627390534e+00
1.556567743017718941e+00
1.556518734025331030e+00
1.556467432204151402e+00
1.556413834431650489e+00
1.556357939815676827e+00
1.556299745679776914e+00
1.556239250685723441e+00
1.556176451710987063e+00
1.556111346525189676e+00
1.556043932451877554e+00
1.555974208152823612e+00
1.555902170059422440e+00
1.555827815941296377e+00
1.555751142675915633e+00
1.555672147586826481e+00
1.555590828443650375e+00
1.555507180785631549e+00
1.555421203720618095e+00
1.555332891895702785e+00
1.555242243080507070e+00
1.555149253260350362e+00
1.555053920204854556e+00
1.554956239899338843e+00
1.554856208329122191e+00
1.554753823263826717e+00
1.554649078012317664e+00
1.554541972128519411e+00
1.554432498921297201e+00
1.554320656160273151e+00
1.607996430562941947e+00
1.607995216345048606e+00
1.607991574137444424e+00
1.607985503047978160e+00
1.607977003522725212e+00
1.607966075115610183e+00
1.607952717826633071e+00
1.607936930094528982e+00
1.607918712588411347e+00
1.607898063747015494e+00
1.607874983124265800e+00
1.607849470051048835e+00
1.607821523412175546e+00
1.607791142761570091e+00
1.607758326537968019e+00
1.607723073403142244e+00
1.607685382464941304e+00
1.607645252385138557e+00
1.607602681602469108e+00
1.607557669224781716e+00
1.607510212352584844e+00
1.607460310762840461e+00
1.607407962002132873e+00
1.607353163840083310e+00
1.607295915384540974e+00
1.607236213512976297e+00
1.607174056887162195e+00
1.607109442830645163e+00
1.607042369113046432e+00
1.606972834396139582e+00
1.606900835111319426e+00
1.606826369028207413e+00
1.606749433470350041e+00
1.606670026207369206e+00
1.606588143670659274e+00
1.606503783629842586e+00
1.606416942516313728e+00
1.606327617653618756e+00
1.606235806811379785e+00
1.606141505082764764e+00
1.606044710237395146e+00
1.605945418706665961e+00
1.605843627368047866e+00
1.605739331760784427e+00
1.605632529208421699e+00
1.605523215250203251e+00
1.605411385871448493e+00
1.605297038395703257e+00
1.605180168362211557e+00
1.605060770864141118e+00
1.660105972725751444e+00
1.660104676652978117e+00
1.660100787988582738e+00
1.660094307178640483e+00
1.660085233107962743e+00
1.660073566445662729e+00
1.660059306076551611e+00
1.660042452223666753e+00
1.660023003548781517e+00
1.660000959828858091e+00
1.659976319948707424e+00
1.659949083685291482e+00
1.659919249923421214e+00
1.659886817324869757e+00
1.659851785443561489e+00
1.659814152718231739e+00
1.659773917810653643e+00
1.659731079828675515e+00
1.659685636764957284e+00
1.659637587281272086e+00
1.659586929816355028e+00
1.659533663478054866e+00
1.659477784920804444e+00
1.659419293252452077e+00
1.659358187134771345e+00
1.659294463445232459e+00
1.659228120845608556e+00
1.659159155767294447e+00
1.659087567764214732e+00
1.659013353267764002e+00
1.658936510047564150e+00
1.658857035873237074e+00
1.658774928068329046e+00
1.658690183510310057e+00
1.658602799522726823e+00
1.658512773429125176e+00
1.658420102553051612e+00
1.658324783325900498e+00
1.658226812625142710e+00
1.658126186882173059e+00
1.658022903866613440e+00
1.657916959563782822e+00
1.657808349959000616e+00
1.657697072375813097e+00
1.657583122353463612e+00
1.657466496769422815e+00
1.657347191609009895e+00
1.657225202411468423e+00
1.657100526946420294e+00
1.656973157184503886e+00
1.713274749153466781e+00
1.713273366765057037e+00
1.713269218930714599e+00
1.713262305650439021e+00
1.713252626924230748e+00
1.713240182306013715e+00
1.713224971572750555e+00
1.713206994055327392e+00
1.713186249307669051e+00
1.713162736660661656e+00
1.713136455222153964e+00
1.713107404323032767e+00
1.713075583071146601e+00
1.713040990797382035e+00
1.713003625717436584e+00
1.712963487385234407e+00
1.712920573570397620e+00
1.712874884049887969e+00
1.712826417039403193e+00
1.712775170754640808e+00
1.712721143634335919e+00
1.712664334563299473e+00
1.712604741088115334e+00
1.712542361870556640e+00
1.712477194680245285e+00
1.712409237732878786e+00
1.712338488798078595e+00
1.712264944753315588e+00
1.712188604706438078e+00
1.712109466427068405e+00
1.712027526346600936e+00
1.711942782234657789e+00
1.711855232753011880e+00
1.711764873440906776e+00
1.711671701621888975e+00
1.711575715957731170e+00
1.711476911541601309e+00
1.711375287481348373e+00
1.711270838424064689e+00
1.711163562585447329e+00
1.711053455950815927e+00
1.710940515397640693e+00
1.710824737803392281e+00
1.710706119153390103e+00
1.710584656325104369e+00
1.710460344857778869e+00
1.710333181182808415e+00
1.710203161731587818e+00
1.710070282043360868e+00
1.709934538549522154e+00
1.768172138721748832e+00
1.768170663549605726e+00
1.768166239148366126e+00
1.768158864179802725e+00
1.768148539759105020e+00
1.768135264325007672e+00
1.768119038323586745e+00
1.768099860639653187e+00
1.768077731496244587e+00
1.768052649109058461e+00
1.768024614370246272e+00
1.767993625272467284e+00
1.767959680923570476e+00
1.767922780877480005e+00
1.767882923795969230e+00
1.767840108340811067e+00
1.767794333842892085e+00
1.767745598294871767e+00
1.767693900581561284e+00
1.767639239364733550e+00
1.767581612637048050e+00
1.767521019506353763e+00
1.767457457296196743e+00
1.767390924668349905e+00
1.767321419392435367e+00
1.767248939684150422e+00
1.767173484205267986e+00
1.767095049387183092e+00
1.767013633445593257e+00
1.766929234596195775e+00
1.766841849716461077e+00
1.766751476129935661e+00
1.766658112052316598e+00
1.766561753914999144e+00
1.766462399487604751e+00
1.766360045647604071e+00
1.766254689718543158e+00
1.766146329023968509e+00
1.766034959103123247e+00
1.765920577279553871e+00
1.765803181322882054e+00
1.765682766772351364e+00
1.765559330059356613e+00
1.765432868507444297e+00
1.765303378101933163e+00
1.765170853935991602e+00
1.765035294671392530e+00
1.764896694063076810e+00
1.764755048988515318e+00
1.764610355433026800e+00
1.824231314006445892e+00
1.824229741812851247e+00
1.824225025232067088e+00
1.824217164041055605e+00
1.824206158462854832e+00
1.824192007159237683e+00
1.824174711022355400e+00
1.824154269160056741e+00
1.824130680680190464e+00
1.824103944913643138e+00
1.824074061860414542e+00
1.824041029513164602e+00
1.824004848094930908e+00
1.823965516490524630e+00
1.823923033361718682e+00
1.823877397593323790e+00
1.823828607847113092e+00
1.823776663007897758e+00
1.823721561514412892e+00
1.823663302251469442e+00
1.823601883211726893e+00
1.823537303056958159e+00
1.823469559779823390e+00
1.823398652042095280e+00
1.823324577167320104e+00
1.823247333817270777e+00
1.823166919761569416e+00
1.823083333215913093e+00
1.822996570611696843e+00
1.822906632394996507e+00
1.822813513212904191e+00
1.822717211281117189e+00
1.822617724369257619e+00
1.822515050693022776e+00
1.822409186237731848e+00
1.822300129219082354e+00
1.822187876068469103e+00
1.822072423217286907e+00
1.821953768881233504e+00
1.821831908599552019e+00
1.821706841034016033e+00
1.821578560831717430e+00
1.821447065762278328e+00
1.821312351811017916e+00
1.821174414963255161e+00
1.821033252096460942e+00
1.820888860534181086e+00
1.820741233585281282e+00
1.820590371695836929e+00
1.820436265052184144e+00
1.881400193446159275e+00
1.881398518878205195e+00
1.881393495174342512e+00
1.881385122111533637e+00
1.881373400358892223e+00
1.881358328355153153e+00
1.881339906100316428e+00
1.881318133817420302e+00
1.881293010168237467e+00
1.881264535375805735e+00
1.881232707878860655e+00
1.881197527231326383e+00
1.881158992318013867e+00
1.881117103138923108e+00
1.881071857686713589e+00
1.881023255292271879e+00
1.880971294617371337e+00
1.880915974323784878e+00
1.880857293296323229e+00
1.880795249750684128e+00
1.880729843017753922e+00
1.880661070198040852e+00
1.880588930845469520e+00
1.880513422283585756e+00
1.880434543174163142e+00
1.880352292178974372e+00
1.880266665283338634e+00
1.880177662487256374e+00
1.880085280668197578e+00
1.879989518487935607e+00
1.879890371931789650e+00
1.879787840107608465e+00
1.879681919892862485e+00
1.879572609057173604e+00
1.879459904478012255e+00
1.879343803478924491e+00
1.879224303383456807e+00
1.879101400623003570e+00
1.878975093859338585e+00
1.878845379077780375e+00
1.878712252709724195e+00
1.878575712524791719e+00
1.878435753616150894e+00
1.878292374199499237e+00
1.878145569814080318e+00
1.877995337783440410e+00
1.877841673200747241e+00
1.877684575173849568e+00
1.877524036119461615e+00
1.877360053361129655e+00
1.940370984060486581e+00
1.940369200650076120e+00
1.940363849526693496e+00
1.940354930690338486e+00
1.940342444587087156e+00
1.940326390324787820e+00
1.940306767903440699e+00
1.940283576430894330e+00
1.940256815684111125e+00
1.940226485217015240e+00
1.940192584360493466e+00
1.940155111999356308e+00
1.940114067464490777e+00
1.940069449863745188e+00
1.940021258081930711e+00
1.939969491672971502e+00
1.939914148852565079e+00
1.939855228282484578e+00
1.939792729070578758e+00
1.939726650101658345e+00
1.939656988699269613e+00
1.939583744417336719e+00
1.939506915917633245e+00
1.939426500077629179e+00
1.939342496451249120e+00
1.939254902808114744e+00
1.939163716917847946e+00
1.939068936996146242e+00
1.938970560366555684e+00
1.938868586136925032e+00
1.938763010738649095e+00
1.938653832833501012e+00
1.938541049298951435e+00
1.938424657458546196e+00
1.938304655527982812e+00
1.938181040384732157e+00
1.938053810244491082e+00
1.937922960646503823e+00
1.937788490252542850e+00
1.937650395047927798e+00
1.937508671017977857e+00
1.937363318162693027e+00
1.937214330683089791e+00
1.937061705902714426e+00
1.936905441591188826e+00
1.936745531949529697e+00
1.936581975193434113e+00
1.936414767308221707e+00
1.936243905171362689e+00
1.936069384322101072e+00
2.000462014690381540e+00
2.000460116415493594e+00
2.000454421144754136e+00
2.000444929101201641e+00
2.000431639838759601e+00
2.000414553580466048e+00
2.000393669211132153e+00
2.000368986953795503e+00
2.000340505916304856e+00
2.000308226098660214e+00
2.000272146385672745e+00
2.000232266108228796e+00
2.000188584151138649e+00
2.000141100737441224e+00
2.000089813859795562e+00
2.000034722849088453e+00
1.999975826813167989e+00
1.999913124413807752e+00
1.999846614758856722e+00
1.999776295840973939e+00
1.999702166768008382e+00
1.999624225755657347e+00
1.999542471688732004e+00
1.999456902782929646e+00
1.999367517700023411e+00
1.999274313763559352e+00
1.999177289189234985e+00
1.999076443530974689e+00
1.998971773220173276e+00
1.998863277810754902e+00
1.998750952841963580e+00
1.998634798313799088e+00
1.998514810657656238e+00
1.998390988535308388e+00
1.998263328378150128e+00
1.998131827955803130e+00
1.997996485483965357e+00
1.997857297394031173e+00
1.997714261455622697e+00
1.997567374546210361e+00
1.997416633989340218e+00
1.997262037108558541e+00
1.997103580781335985e+00
1.996941260992991296e+00
1.996775075513146813e+00
1.996605020773197126e+00
1.996431093650612665e+00
1.996253289684637222e+00
1.996071607537043935e+00
1.995886041854925130e+00
2.061709630909913216e+00
2.061707612194602302e+00
2.061701555156518761e+00
2.061691460241737772e+00
2.061677327896335399e+00
2.061659156336008714e+00
2.061636946675946991e+00
2.061610697354885779e+00
2.061580409041937845e+00
2.061546080844952389e+00
2.061507711871778170e+00
2.061465301453301535e+00
2.061418849143446863e+00
2.061368354273100501e+00
2.061313815280998440e+00
2.061255232390177827e+00
2.061192603816336177e+00
2.061125927998208596e+00
2.061055204712757938e+00
2.060980432621756897e+00
2.060901610610015755e+00
2.060818736893232916e+00
2.060731809687105454e+00
2.060640828545557746e+00
2.060545791684287309e+00
2.060446696426839974e+00
2.060343542327140121e+00
2.060236326708734467e+00
2.060125049125546948e+00
2.060009706455047773e+00
2.059890296466859727e+00
2.059766818268830235e+00
2.059639269184506460e+00
2.059507646537434233e+00
2.059371949435462312e+00
2.059232174309985286e+00
2.059088319376701115e+00
2.058940382405231251e+00
2.058788360273045903e+00
2.058632250749767412e+00
2.058472051158942051e+00
2.058307758824115652e+00
2.058139370622758424e+00
2.057966884324492707e+00
2.057790296806788710e+00
2.057609604501041467e+00
2.057424804730797252e+00
2.057235895265677517e+00
2.057042870306699189e+00
2.056845730746013512e+00
2.124821080294086340e+00
2.124818933108990837e+00
2.124812491107629597e+00
2.124801754959115385e+00
2.124786723994335436e+00
2.124767397321138063e+00
2.124743776277749685e+00
2.124715858856831119e+00
2.124683645727494685e+00
2.124647136443665207e+00
2.124606329444078234e+00
2.124561225174808943e+00
2.124511822743706091e+00
2.124458120812543260e+00
2.124400120050433216e+00
2.124337818003960709e+00
2.124271214450086820e+00
2.124200308273623605e+00
2.124125098805456968e+00
2.124045584930397634e+00
2.123961764418068388e+00
2.123873637714543516e+00
2.123781202812483393e+00
2.123684457481509913e+00
2.123583401275547455e+00
2.123478033302444334e+00
2.123368350885746825e+00
2.123254352687228508e+00
2.123136036922586012e+00
2.123013402699668539e+00
2.122886447342021921e+00
2.122755169957495358e+00
2.122619566977483441e+00
2.122479638848061789e+00
2.122335380662398574e+00
2.122186792866569416e+00
2.122033871891968904e+00
2.121876615508218933e+00
2.121715022377092641e+00
2.121549089376060238e+00
2.121378814274744506e+00
2.121204194842766011e+00
2.121025228403671470e+00
2.120841912281007602e+00
2.120654243352243729e+00
2.120462219833078255e+00
2.120265838154905769e+00
2.120065096087347722e+00
2.119859990507875214e+00
2.119650518740033629e+00
2.188985085967789956e+00
2.188982804067851173e+00
2.188975959037148922e+00
2.188964550652644725e+00
2.188948578245225374e+00
2.188928042707042110e+00
2.188902942253792450e+00
2.188873278000665668e+00
2.188839048832472489e+00
2.188800254972250503e+00
2.188756895304811323e+00
2.188708969161040407e+00
2.188656476763976677e+00
2.188599417444505590e+00
2.188537789641363585e+00
2.188471593577587360e+00
2.188400828137988530e+00
2.188325492207377820e+00
2.188245584893603990e+00
2.188161105750590973e+00
2.188072053886188417e+00
2.187978427070017329e+00
2.187880225748153329e+00
2.187777447690218313e+00
2.187670092004061484e+00
2.187558157351455534e+00
2.187441642840249223e+00
2.187320546686140066e+00
2.187194867104825136e+00
2.187064603204153634e+00
2.186929753645898700e+00
2.186790316199681339e+00
2.186646289973351198e+00
2.186497672290454108e+00
2.186344462258838384e+00
2.186186657202050743e+00
2.186024256227939500e+00
2.185857256660051373e+00
2.185685657160158613e+00
2.185509455497883557e+00
2.185328649442848103e+00
2.185143237210749323e+00
2.184953216125133935e+00
2.184758583955622946e+00
2.184559338471838696e+00
2.184355477889478703e+00
2.184146999532088795e+00
2.183933901169290426e+00
2.183716178786403894e+00
2.183493831491277071e+00
2.254344340168151994e+00
2.254341917085272762e+00
2.254334648951825670e+00
2.254322534875658146e+00
2.254305575079808666e+00
2.254283769564277229e+00
2.254257117882988215e+00
2.254225619812903592e+00
2.254189275130985326e+00
2.254148083391158686e+00
2.254102044816460371e+00
2.254051158068663963e+00
2.253995423593845526e+00
2.253934840499852932e+00
2.253869407894535826e+00
2.253799125554855287e+00
2.253723993034736583e+00
2.253644009218990441e+00
2.253559174553692035e+00
2.253469486585426118e+00
2.253374945760267423e+00
2.253275550293914353e+00
2.253171300632441643e+00
2.253062194545471630e+00
2.252948232033004317e+00
2.252829411310736774e+00
2.252705731486518204e+00
2.252577192560348163e+00
2.252443791409697749e+00
2.252305528926717315e+00
2.252162402434954025e+00
2.252014411488331369e+00
2.251861554302547752e+00
2.251703829539374979e+00
2.251541236306663141e+00
2.251373772374032800e+00
2.251201437295409225e+00
2.251024229286489486e+00
2.250842146116895481e+00
2.250655186448400347e+00
2.250463348942776776e+00
2.250266631815722285e+00
2.250065032836859213e+00
2.249858551114035876e+00
2.249647184862949789e+00
2.249430931407146783e+00
2.249209788516249198e+00
2.248983754852029726e+00
2.248752830414488812e+00
2.248517008958566876e+00
2.321614159309398406e+00
2.321611586345104339e+00
2.321603868121335346e+00
2.321591004638092315e+00
2.321572995003223117e+00
2.321549840108879437e+00
2.321521538839872001e+00
2.321488091865314018e+00
2.321449498516092724e+00
2.321405758792207674e+00
2.321356872693658424e+00
2.321302839328294620e+00
2.321243658473078231e+00
2.321179329681932746e+00
2.321109852954859498e+00
2.321035228068819567e+00
2.320955453685586534e+00
2.320870530028197987e+00
2.320780456427540717e+00
2.320685232214501070e+00
2.320584856943003427e+00
2.320479329720896544e+00
2.320368650325142834e+00
2.320252818755742297e+00
2.320131832336240318e+00
2.320005691512713408e+00
2.319874396285161122e+00
2.319737943977129735e+00
2.319596335480770932e+00
2.319449568565705722e+00
2.319297643678010168e+00
2.319140559925533029e+00
2.318978314631820581e+00
2.318810908242947999e+00
2.318638339420688865e+00
2.318460606826815873e+00
2.318277710015253845e+00
2.318089647201699410e+00
2.317896417494002215e+00
2.317698020446086193e+00
2.317494453381497177e+00
2.317285716300236054e+00
2.317071807417999452e+00
2.316852725396560508e+00
2.316628469343768426e+00
2.316399037029244212e+00
2.316164428452988755e+00
2.315924640938547885e+00
2.315679674039845981e+00
2.315429523742202012e+00
2.389841354019510700e+00
2.389838624482667040e+00
2.389830436541248826e+00
2.389816790418294534e+00
2.389797684998614447e+00
2.389773121174360693e+00
2.389743098722494352e+00
2.389707617196940692e+00
2.389666676820736857e+00
2.389620277370845702e+00
2.389568418624229196e+00
2.389511100580886893e+00
2.389448322571705585e+00
2.389380085265798925e+00
2.389306387994053260e+00
2.389227230310392969e+00
2.389142612660894116e+00
2.389052534153404572e+00
2.388956994564887193e+00
2.388855993895341978e+00
2.388749531921730451e+00
2.388637607974939847e+00
2.388520221831932133e+00
2.388397373046631689e+00
2.388269062065114134e+00
2.388135287549152164e+00
2.387996049498746665e+00
2.387851347021745507e+00
2.387701180564224313e+00
2.387545548341881485e+00
2.387384451692942999e+00
2.387217888833106372e+00
2.387045859762372046e+00
2.386868364034664403e+00
2.386685400757831754e+00
2.386496969485798481e+00
2.386303069772489405e+00
2.386103701171828462e+00
2.385898862345588789e+00
2.385688553739846007e+00
2.385472774016373254e+00
2.385251522729094908e+00
2.385024800324087035e+00
2.384792603678819400e+00
2.384554935023670552e+00
2.384311790790035079e+00
2.384063172762215910e+00
2.383809078709834939e+00
2.383549508186816546e+00
2.383284459854933424e+00
2.459293533773662332e+00
2.459290640527058258e+00
2.459281960341170858e+00
2.459267493885113787e+00
2.459247240266735357e+00
2.459221200155149223e+00
2.459189373327317796e+00
2.459151759783240632e+00
2.459108359522917731e+00
2.459059172546349092e+00
2.459004198853535605e+00
2.458943438890551558e+00
2.458876891765246597e+00
2.458804558592809553e+00
2.458726438927164359e+00
2.458642532545273873e+00
2.458552839893213715e+00
2.458457360747945408e+00
2.458356094886431809e+00
2.458249042977786125e+00
2.458136204798970326e+00
2.458017579903909233e+00
2.457893169407791678e+00
2.457762972418465974e+00
2.457626988935933010e+00
2.457485219406267518e+00
2.457337664721621628e+00
2.457184323097691969e+00
2.457025195872705847e+00
2.456860282600588086e+00
2.456689584173489038e+00
2.456513099699258351e+00
2.456330829177895136e+00
2.456142773055475459e+00
2.455948932224151005e+00
2.455749304899618402e+00
2.455543892866180578e+00
2.455332695677762356e+00
2.455115712888287227e+00
2.454892944497756080e+00
2.454664391398319712e+00
2.454430054036053299e+00
2.454189930626655247e+00
2.453944023400503216e+00
2.453692331019370343e+00
2.453434854375407870e+00
2.453171592130388934e+00
2.452902547406842881e+00
2.452627716636165189e+00
2.452347102940884316e+00
2.530683771671682791e+00
2.530680704232541434e+00
2.530671502138154949e+00
2.530656164942447717e+00
2.530634693537570978e+00
2.530607087254411081e+00
2.530573346539044088e+00
2.530533471168431969e+00
2.530487462034725965e+00
2.530435318468812866e+00
2.530377040916768294e+00
2.530312629601629393e+00
2.530242085192510704e+00
2.530165407020297685e+00
2.530082595754104435e+00
2.529993652286082195e+00
2.529898575947117756e+00
2.529797367629361471e+00
2.529690027778889849e+00
2.529576556172664858e+00
2.529456954148912917e+00
2.529331221038521704e+00
2.529199357956679162e+00
2.529061364903385734e+00
2.528917243216868282e+00
2.528766992451051632e+00
2.528610613498086135e+00
2.528448107250123922e+00
2.528279473707164549e+00
2.528104713315284080e+00
2.527923827412708935e+00
2.527736815999439113e+00
2.527543680413701921e+00
2.527344420209421738e+00
2.527139037170900604e+00
2.526927531298138963e+00
2.526709903483288056e+00
2.526486155064574746e+00
2.526256286041999033e+00
2.526020297307711715e+00
2.525778189307789301e+00
2.525529964272609451e+00
2.525275622202172610e+00
2.525015163542553509e+00
2.524748590078055965e+00
2.524475901362603469e+00
2.524197100072649746e+00
2.523912185762119620e+00
2.523621159769239952e+00
2.523324024324388848e+00
2.602909208589259116e+00
2.602905959820370096e+00
2.602896214628890981e+00
2.602879973014823101e+00
2.602857234309051471e+00
2.602827998734615456e+00
2.602792267406702997e+00
2.602750039656200887e+00
2.602701316598298842e+00
2.602646097786920354e+00
2.602584384114217109e+00
2.602516176026265171e+00
2.602441473523063653e+00
2.602360277273726652e+00
2.602272588393442998e+00
2.602178406436137514e+00
2.602077733409149829e+00
2.601970569089442797e+00
2.601856914146129629e+00
2.601736769694399154e+00
2.601610136849440647e+00
2.601477015834292139e+00
2.601337407987180494e+00
2.601191314200256954e+00
2.601038735811747937e+00
2.600879673267729952e+00
2.600714127906429418e+00
2.600542101066073197e+00
2.600363593638812976e+00
2.600178607855026414e+00
2.599987142822562713e+00
2.599789202110026842e+00
2.599584785271343179e+00
2.599373895875116691e+00
2.599156533475271758e+00
2.598932700748262103e+00
2.598702398586239415e+00
2.598465628773506175e+00
2.598222393094364424e+00
2.597972693333117533e+00
2.597716529935840679e+00
2.597453906917214450e+00
2.597184823831163225e+00
2.596909284692368480e+00
2.596627290392980569e+00
2.596338842271227243e+00
2.596043943895713024e+00
2.595742595712513534e+00
2.595434800398082942e+00
2.595120560628874973e+00
2.676379529539118618e+00
2.676376091857195938e+00
2.676365777919275324e+00
2.676348588840546938e+00
2.676324523951896683e+00
2.676293584368513834e+00
2.676255769644322768e+00
2.676211080671474729e+00
2.676159517449969716e+00
2.676101081318034591e+00
2.676035772052631767e+00
2.675963590768950073e+00
2.675884538136103608e+00
2.675798614823204691e+00
2.675705822391519106e+00
2.675606160841045966e+00
2.675499632179126674e+00
2.675386237297911585e+00
2.675265976866514794e+00
2.675138852892276375e+00
2.675004866044309537e+00
2.674864018329955240e+00
2.674716311087440346e+00
2.674561745431953241e+00
2.674400324039948540e+00
2.674232047803577483e+00
2.674056918953217732e+00
2.673874938827096592e+00
2.673686109655592169e+00
2.673490433223006946e+00
2.673287912651870712e+00
2.673078548834334267e+00
2.672862344892927844e+00
2.672639302165877417e+00
2.672409424221788843e+00
2.672172712398888539e+00
2.671929170265782361e+00
2.671678800052847524e+00
2.671421603544387402e+00
2.671157584309006516e+00
2.670886745915310723e+00
2.670609089701525996e+00
2.670324620128409432e+00
2.670033338980263515e+00
2.669735249379617592e+00
2.669430355787227871e+00
2.669118660879548965e+00
2.668800167333033713e+00
2.668474878716287524e+00
2.668142800382218738e+00
2.751792005168491428e+00
2.751788366752530468e+00
2.751777451727684731e+00
2.751759259870916186e+00
2.751733792074376961e+00
2.751701048115028581e+00
2.751661028661984254e+00
2.751613734384358523e+00
2.751559165728226120e+00
2.751497324031814351e+00
2.751428209295122773e+00
2.751351823079416725e+00
2.751268166276847005e+00
2.751177240002602886e+00
2.751079045817949265e+00
2.750973584615037382e+00
2.750860858624245342e+00
2.750740868737724387e+00
2.750613617185852622e+00
2.750479105529894941e+00
2.750337335331116240e+00
2.750188309042932655e+00
2.750032028672683815e+00
2.749868496450748712e+00
2.749697714607505006e+00
2.749519685819406867e+00
2.749334411870756778e+00
2.749141896330159707e+00
2.748942140981918580e+00
2.748735149394637922e+00
2.748520924244772345e+00
2.748299469100926373e+00
2.748070785747402933e+00
2.747834878198882169e+00
2.747591750023970381e+00
2.747341404791271202e+00
2.747083845177239692e+00
2.746819075642632058e+00
2.746547099756052823e+00
2.746267920640031779e+00
2.745981543647476819e+00
2.745687971900917290e+00
2.745387209415033780e+00
2.745079261096658563e+00
2.744764130068320984e+00
2.744441822575079737e+00
2.744112343077691918e+00
2.743775694252611252e+00
2.743431882344895989e+00
2.743080911815303224e+00
2.827890606914331695e+00
2.827886761073197697e+00
2.827875222880682049e+00
2.827855992113747163e+00
2.827829070110619902e+00
2.827794456648262678e+00
2.827752152841863875e+00
2.827702159360537593e+00
2.827644476650359451e+00
2.827579106272593901e+00
2.827506049119392184e+00
2.827425306305943575e+00
2.827336880062626623e+00
2.827240771281592124e+00
2.827136982193218184e+00
2.827025514358770142e+00
2.826906369785587625e+00
2.826779550481011594e+00
2.826645058898457741e+00
2.826502897937418268e+00
2.826353069605232804e+00
2.826195576801393106e+00
2.826030422202353787e+00
2.825857608930643750e+00
2.825677140108792340e+00
2.825489018859329349e+00
2.825293249196935363e+00
2.825089833798064110e+00
2.824878776677396619e+00
2.824660082295689545e+00
2.824433753775471789e+00
2.824199795131424384e+00
2.823958211270379604e+00
2.823709006207017591e+00
2.823452184402095444e+00
2.823187751208520613e+00
2.822915710194897621e+00
2.822636067606286492e+00
2.822348827011291306e+00
2.822053995547123328e+00
2.821751575890235397e+00
2.821441576516065641e+00
2.821124001439294204e+00
2.820798856012828537e+00
2.820466147373879906e+00
2.820125880429279253e+00
2.819778062316237399e+00
2.819422698833737417e+00
2.819059797118990129e+00
2.818689362524902542e+00
2.905241175927549602e+00
2.905237113516692116e+00
2.905224923384627900e+00
2.905204607984773535e+00
2.905176166648014924e+00
2.905139600712578929e+00
2.905094909509352785e+00
2.905042096160865395e+00
2.904981160221041581e+00
2.904912104143297036e+00
2.904834928373707381e+00
2.904749635811763930e+00
2.904656227349618813e+00
2.904554705663725311e+00
2.904445072315348320e+00
2.904327330873093249e+00
2.904201482898224107e+00
2.904067531736308716e+00
2.903925480509876422e+00
2.903775331895381395e+00
2.903617089238390125e+00
2.903450756776622121e+00
2.903276337186530665e+00
2.903093835151910440e+00
2.902903255133517213e+00
2.902704599361729532e+00
2.902497874973757774e+00
2.902283084199980046e+00
2.902060233285455038e+00
2.901829327137015468e+00
2.901590370215417103e+00
2.901343368319643456e+00
2.901088326356526359e+00
2.900825251017200568e+00
2.900554147654574422e+00
2.900275021621554483e+00
2.899987880947503260e+00
2.899692730539252139e+00
2.899389577087935876e+00
2.899078428176840472e+00
2.898759290051024617e+00
2.898432170293774757e+00
2.898097075596225203e+00
2.897754013987737132e+00
2.897402993051596987e+00
2.897044021263242009e+00
2.896677105759881687e+00
2.896302254570878087e+00
2.895919477509895312e+00
2.895528781268067675e+00
2.984510159920771954e+00
2.984505867557921910e+00
2.984492990915447397e+00
2.984471529547272350e+00
2.984441484345548457e+00
2.984402856425464989e+00
2.984355646456135158e+00
2.984299855329710205e+00
2.984235485499605822e+00
2.984162538081012173e+00
2.984081014858230407e+00
2.983990918061639963e+00
2.983892250144656089e+00
2.983785013560695365e+00
2.983669211209249106e+00
2.983544845989808625e+00
2.983411921247942189e+00
2.983270440998329498e+00
2.983120407694387577e+00
2.982961826242947367e+00
2.982794700658690790e+00
2.982619035179335576e+00
2.982434834488676412e+00
2.982242103047469506e+00
2.982040845762546688e+00
2.981831069325043160e+00
2.981612777303563444e+00
2.981385977281393984e+00
2.981150673273214924e+00
2.980906872862312706e+00
2.980654581847670404e+00
2.980393807366497949e+00
2.980124556556006610e+00
2.979846834769102948e+00
2.979560650927299825e+00
2.979266011721732887e+00
2.978962924735687245e+00
2.978651399336750938e+00
2.978331442216059610e+00
2.978003062295125680e+00
2.977666268495461566e+00
2.977321068846428886e+00
2.976967473607767811e+00
2.976605491700990758e+00
2.976235131155459790e+00
2.975856404461291849e+00
2.975469318755698200e+00
2.975073886528796230e+00
2.974670117148174420e+00
2.974258021765723736e+00
3.064293107806149052e+00
3.064288579246247313e+00
3.064274992228315231e+00
3.064252348759693323e+00
3.064220648171267936e+00
3.064179892247341552e+00
3.064130081880065859e+00
3.064071219076780483e+00
3.064003305175713177e+00
3.063926342184204010e+00
3.063840332555669121e+00
3.063745278966561791e+00
3.063641184539412254e+00
3.063528052173711380e+00
3.063405885884141089e+00
3.063274688124116185e+00
3.063134464246545008e+00
3.062985218489146177e+00
3.062826954197486629e+00
3.062659677616625498e+00
3.062483392984281405e+00
3.062298105876399834e+00
3.062103822538039921e+00
3.061900548099071084e+00
3.061688289250628525e+00
3.061467052683846113e+00
3.061236844643783872e+00
3.060997673159802090e+00
3.060749544476960793e+00
3.060492466624620711e+00
3.060226447632143909e+00
3.059951495974967628e+00
3.059667619236377423e+00
3.059374826783961332e+00
3.059073127539233106e+00
3.058762530423704717e+00
3.058443046143192401e+00
3.058114682727056888e+00
3.057777451773265209e+00
3.057431363541557090e+00
3.057076428291671810e+00
3.056712656729425603e+00
3.056340060452784613e+00
3.055958650613639360e+00
3.055568439702109007e+00
3.055169439316158808e+00
3.054761661053756683e+00
3.054345119635398120e+00
3.053919825320822401e+00
3.053485793722678032e+00
3.145319846838490196e+00
3.145315071375721416e+00
3.145300744764377487e+00
3.145276868119647684e+00
3.145243441664569151e+00
3.145200466960407226e+00
3.145147945345388774e+00
3.145085879049891897e+00
3.145014269635181492e+00
3.144933120000748872e+00
3.144842433046086239e+00
3.144742211893722494e+00
3.144632460112263050e+00
3.144513181270312874e+00
3.144384380274704238e+00
3.144246061140117732e+00
3.144098228550347596e+00
3.143940888304376902e+00
3.143774045532076400e+00
3.143597706255466306e+00
3.143411877388719411e+00
3.143216564284743608e+00
3.143011774526824453e+00
3.142797515475209913e+00
3.142573794267110365e+00
3.142340619824039116e+00
3.142097999283205656e+00
3.141845941566123290e+00
3.141584455594304437e+00
3.141313550289262402e+00
3.141033236356812086e+00
3.140743522272391175e+00
3.140444420526117053e+00
3.140135939593426961e+00
3.139818090626212310e+00
3.139490885222439243e+00
3.139154336764377717e+00
3.138808454619615329e+00
3.138453252170421592e+00
3.138088742352990401e+00
3.137714937657439140e+00
3.137331851912113390e+00
3.136939498053205710e+00
3.136537890801213369e+00
3.136127043984480611e+00
3.135706972769578993e+00
3.135277690984853649e+00
3.134839215135103441e+00
3.134391561279051164e+00
3.133934744137193196e+00
3.228209034862759896e+00
3.228203999560930626e+00
3.228188894324556468e+00
3.228163719376675012e+00
3.228128476501588739e+00
3.228083165922335684e+00
3.228027790315370016e+00
3.227962351688031362e+00
3.227886852270698270e+00
3.227801295408938120e+00
3.227705684671356323e+00
3.227600023626557402e+00
3.227484316066184800e+00
3.227358567120107935e+00
3.227222782141234703e+00
3.227076965367283723e+00
3.226921123489389309e+00
3.226755262529573454e+00
3.226579389178969581e+00
3.226393510351751370e+00
3.226197632962089834e+00
3.225991765708461578e+00
3.225775915951113237e+00
3.225550092834596150e+00
3.225314305280422733e+00
3.225068562210106737e+00
3.224812873883386555e+00
3.224547250113927177e+00
3.224271702499695191e+00
3.223986240854354257e+00
3.223690876775871406e+00
3.223385622754364466e+00
3.223070490387800024e+00
3.222745492166295911e+00
3.222410641918197260e+00
3.222065951687545837e+00
3.221711436640914528e+00
3.221347110160571070e+00
3.220972986520937109e+00
3.220589081780735441e+00
3.220195411106537620e+00
3.219791989218839579e+00
3.219378833514591864e+00
3.218955960498592894e+00
3.218523385783489843e+00
3.218081128550535741e+00
3.217629205750604182e+00
3.217167634780646157e+00
3.216696436160140227e+00
3.216215627286036938e+00
3.311437388024798256e+00
3.311432085969736150e+00
3.311416180027587419e+00
3.311389670867465274e+00
3.311352559827597020e+00
3.311304848469247109e+00
3.311246539022794089e+00
3.311177634164691685e+00
3.311098136348355592e+00
3.311008049811504872e+00
3.310907378791857703e+00
3.310796126858019051e+00
3.310674299808973320e+00
3.310541902551551452e+00
3.310398941553850172e+00
3.310245423060929504e+00
3.310081353763922873e+00
3.309906741469155200e+00
3.309721592867759909e+00
3.309525917773401549e+00
3.309319724438479771e+00
3.309103021338431372e+00
3.308875819402109730e+00
3.308638127997103329e+00
3.308389957383151447e+00
3.308131320496448424e+00
3.307862227596733540e+00
3.307582690728048558e+00
3.307292722826588260e+00
3.306992337274620830e+00
3.306681547008340605e+00
3.306360366748243074e+00
3.306028809876597752e+00
3.305686892452127434e+00
3.305334630087480186e+00
3.304972037057075429e+00
3.304599130757864600e+00
3.304215928140720404e+00
3.303822447048669897e+00
3.303418703540435430e+00
3.303004717689420389e+00
3.302580507784727004e+00
3.302146093453683040e+00
3.301701492985389397e+00
3.301246727345402032e+00
3.300781817053199507e+00
3.300306783520412512e+00
3.299821649050823869e+00
3.299326433717837403e+00
3.298821161609536645e+00
3.395889067052531018e+00
3.395883487315382698e+00
3.395866748103937738e+00
3.395838850310346935e+00
3.395799795718913217e+00
3.395749585890901479e+00
3.395688223279727413e+00
3.395615711453995988e+00
3.395532053982313059e+00
3.395437253987207527e+00
3.395331317267662907e+00
3.395214249399624684e+00
3.395086055289924687e+00
3.394946741852735705e+00
3.394796315779192053e+00
3.394634785544730970e+00
3.394462158063525248e+00
3.394278442257086859e+00
3.394083647939080794e+00
3.393877784477095094e+00
3.393660862130869482e+00
3.393432892052294925e+00
3.393193885393262832e+00
3.392943854197814524e+00
3.392682811625182815e+00
3.392410770611559823e+00
3.392127743200989087e+00
3.391833745898268138e+00
3.391528792531742997e+00
3.391212898267984777e+00
3.390886080057867513e+00
3.390548353067963649e+00
3.390199734695222844e+00
3.389840242782670821e+00
3.389469895619408923e+00
3.389088711940613674e+00
3.388696710481462482e+00
3.388293911315358731e+00
3.387880335407857491e+00
3.387456002386286968e+00
3.387020935446581227e+00
3.386575155108218826e+00
3.386118685459284627e+00
3.385651547911409320e+00
3.385173767890904628e+00
3.384685369485854967e+00
3.384186375446117889e+00
3.383676814320534465e+00
3.383156709305038312e+00
3.382626088948470056e+00
3.482112365596362835e+00
3.482106494571821198e+00
3.482088881275158698e+00
3.482059526598526134e+00
3.482018432549264464e+00
3.481965601357751350e+00
3.481901035700441405e+00
3.481824739368976740e+00
3.481736715931962767e+00
3.481636971411421033e+00
3.481525510268107304e+00
3.481402338970118748e+00
3.481267464654665300e+00
3.481120894235919749e+00
3.480962635966281749e+00
3.480792698767263271e+00
3.480611091783415212e+00
3.480417825051439706e+00
3.480212909500189689e+00
3.479996355835480948e+00
3.479768176770468902e+00
3.479528384572233790e+00
3.479276992400007096e+00
3.479014014751246719e+00
3.478739465008222176e+00
3.478453359675732326e+00
3.478155713028197038e+00
3.477846543354718545e+00
3.477525866267943133e+00
3.477193700949124278e+00
3.476850064349136016e+00
3.476494976541382176e+00
3.476128457153190521e+00
3.475750525811889702e+00
3.475361204375186031e+00
3.474960515146861439e+00
3.474548478646395377e+00
3.474125118069721463e+00
3.473690458843150974e+00
3.473244523270465400e+00
3.472787337224052973e+00
3.472318925684148461e+00
3.471839315415290894e+00
3.471348533628094479e+00
3.470846605302794874e+00
3.470333562110762049e+00
3.469809430370459857e+00
3.469274240861106584e+00
3.468728023023694540e+00
3.468170806745292101e+00
3.568502373758916324e+00
3.568496204086733403e+00
3.568477695516260706e+00
3.568446849608762239e+00
3.568403667256389689e+00
3.568348152027748466e+00
3.568280306822329440e+00
3.568200135208738910e+00
3.568107643655072270e+00
3.568002836622087059e+00
3.567885720577879560e+00
3.567756302659660150e+00
3.567614591342866071e+00
3.567460594433820908e+00
3.567294321523150735e+00
3.567115783539708929e+00
3.566924990520197625e+00
3.566721954062582967e+00
3.566506686880021260e+00
3.566279202131743542e+00
3.566039513869132538e+00
3.565787636143570971e+00
3.565523584344668873e+00
3.565247375200261803e+00
3.564959025661224690e+00
3.564658552678432013e+00
3.564345975433135916e+00
3.564021312660513363e+00
3.563684583541817386e+00
3.563335809488677786e+00
3.562975011912726142e+00
3.562602213563820008e+00
3.562217436299665696e+00
3.561820703762271556e+00
3.561412040931874134e+00
3.560991473234785154e+00
3.560559024313012522e+00
3.560114724053625057e+00
3.559658597882934039e+00
3.559190674349780537e+00
3.558710982449080795e+00
3.558219551621827570e+00
3.557716413093315211e+00
3.557201596750612094e+00
3.556675134711163810e+00
3.556137060876719325e+00
3.555587407364725117e+00
3.555026209415156124e+00
3.554453500037610070e+00
3.553869317148516505e+00
3.656075316083998494e+00
3.656068836612283324e+00
3.656049398866251465e+00
3.656017004184129338e+00
3.655971653904144247e+00
3.655913352040977227e+00
3.655842102386270831e+00
3.655757909177743237e+00
3.655660778437416436e+00
3.655550716187311533e+00
3.655427730456789259e+00
3.655291829052173647e+00
3.655143021341053622e+00
3.654981317137092844e+00
3.654806726476993450e+00
3.654619262966062099e+00
3.654418937310114579e+00
3.654205763560533615e+00
3.653979755991739076e+00
3.653740929993340991e+00
3.653489301177986981e+00
3.653224886719588671e+00
3.652947704015096608e+00
3.652657772245762935e+00
3.652355110369802649e+00
3.652039738906694755e+00
3.651711679268070387e+00
3.651370953311635859e+00
3.651017583341173101e+00
3.650651594336918215e+00
3.650273011279106861e+00
3.649881857809747832e+00
3.649478161139455334e+00
3.649061949370995261e+00
3.648633249714980487e+00
3.648192091612404209e+00
3.647738504950334359e+00
3.647272519169762806e+00
3.646794168618513687e+00
3.646303483183655825e+00
3.645800497659088091e+00
3.645285245054408207e+00
3.644757761501743687e+00
3.644218082241069467e+00
3.643666244296663859e+00
3.643102286477107654e+00
3.642526244022376236e+00
3.641938159755730986e+00
3.641338072931829206e+00
3.640726023697477221e+00
3.745291353050391958e+00
3.745284549504724225e+00
3.745264140652023066e+00
3.745230126492288480e+00
3.745182510594125436e+00
3.745121296080064166e+00
3.745046486964784815e+00
3.744958089716384109e+00
3.744856109687770385e+00
3.744740554685266343e+00
3.744611433184310112e+00
3.744468754552489731e+00
3.744312528603468859e+00
3.744142767827366214e+00
3.743959483599110349e+00
3.743762689524008369e+00
3.743552399653442553e+00
3.743328630046136141e+00
3.743091396091698719e+00
3.742840715410118424e+00
3.742576606513534188e+00
3.742299088137122531e+00
3.742008181246438525e+00
3.741703905914886885e+00
3.741386285338399897e+00
3.741055342266836004e+00
3.740711100788279175e+00
3.740353586329041136e+00
3.739982825653660470e+00
3.739598844188448457e+00
3.739201671820473027e+00
3.738791336206424010e+00
3.738367868125520577e+00
3.737931298803057523e+00
3.737481659910405263e+00
3.737018985349312761e+00
3.736543307683301229e+00
3.736054663044498181e+00
3.735553087118954174e+00
3.735038617377023584e+00
3.734511291289059898e+00
3.733971147663643908e+00
3.733418226647583271e+00
3.732852569279836885e+00
3.732274217937590510e+00
3.731683214998030351e+00
3.731079603730492966e+00
3.730463429634694350e+00
3.729834739102500407e+00
3.729193578971853995e+00
3.834500619703752999e+00
3.834493486508186777e+00
3.834472086475412489e+00
3.834436421835808240e+00
3.834386495265828199e+00
3.834322310780152510e+00
3.834243873285613891e+00
3.834151188804233001e+00
3.834044265365371906e+00
3.833923110998391337e+00
3.833787735516956285e+00
3.833638149180805588e+00
3.833474364257019928e+00
3.833296393235717581e+00
3.833104250391317969e+00
3.832897951336469600e+00
3.832677512575970002e+00
3.832442950837656959e+00
3.832194284856706545e+00
3.831931535152598656e+00
3.831654721798736674e+00
3.831363867321940564e+00
3.831058994249030736e+00
3.830740127337204370e+00
3.830407291566698014e+00
3.830060514148125428e+00
3.829699821846024754e+00
3.829325244547464369e+00
3.828936810801285340e+00
3.828534552278857639e+00
3.828118501097627746e+00
3.827688690713268560e+00
3.827245155027529044e+00
3.826787930618611000e+00
3.826317053618641939e+00
3.825832561051900171e+00
3.825334492619116844e+00
3.824822888021024880e+00
3.824297788742658355e+00
3.823759237161203028e+00
3.823207276099920726e+00
3.822641950612450934e+00
3.822063306198508759e+00
3.821471390588188299e+00
3.820866250173355461e+00
3.820247934914482446e+00
3.819616494772041015e+00
3.818971981490804968e+00
3.818314446815549434e+00
3.817643944721426319e+00
3.924821549007229127e+00
3.924814073671647030e+00
3.924791648334013061e+00
3.924754274555592559e+00
3.924701956128028080e+00
3.924634697289039131e+00
3.924552503837607897e+00
3.924455382464869579e+00
3.924343341869299007e+00
3.924216391864560283e+00
3.924074543156468753e+00
3.923917807342991004e+00
3.923746199144623414e+00
3.923559732166673086e+00
3.923358422913938437e+00
3.923142289229445190e+00
3.922911348510143004e+00
3.922665621721587392e+00
3.922405129160220216e+00
3.922129894245011794e+00
3.921839939948858156e+00
3.921535291251995403e+00
3.921215975365036854e+00
3.920882019275559571e+00
3.920533451532404179e+00
3.920170302691751818e+00
3.919792603755859695e+00
3.919400388180400707e+00
3.918993689421048199e+00
3.918572542717777552e+00
3.918136985094867075e+00
3.917687054468746322e+00
3.917222789201919575e+00
3.916744229887271000e+00
3.916251418009835117e+00
3.915744398623250966e+00
3.915223213212553510e+00
3.914687909061760340e+00
3.914138532116663072e+00
3.913575130107354916e+00
3.912997754778609671e+00
3.912406453414446261e+00
3.911801280882167386e+00
3.911182288480472113e+00
3.910549532414891338e+00
3.909903067106653030e+00
3.909242950099514946e+00
3.908569239829385644e+00
3.907881995178249745e+00
3.907181279042772903e+00
4.016615439479717331e+00
4.016607608398810925e+00
4.016584115825208023e+00
4.016544963543208446e+00
4.016490155344457413e+00
4.016419697027936664e+00
4.016333593946555425e+00
4.016231854798786749e+00
4.016114489175258484e+00
4.015981507558747943e+00
4.015832921547221268e+00
4.015668745861174393e+00
4.015488995667180205e+00
4.015293687023960167e+00
4.015082838443654545e+00
4.014856469330553956e+00
4.014614600650212139e+00
4.014357255152487980e+00
4.014084456256352240e+00
4.013796228942041466e+00
4.013492601089280853e+00
4.013173599908687272e+00
4.012839255510364467e+00
4.012489598673533386e+00
4.012124662630827565e+00
4.011744480837920790e+00
4.011349088311750855e+00
4.010938522968746867e+00
4.010512822279262757e+00
4.010072026390107069e+00
4.009616176786312991e+00
4.009145315845066726e+00
4.008659488173933028e+00
4.008158738380474873e+00
4.007643113748711627e+00
4.007112662454811236e+00
4.006567435797472321e+00
4.006007484183242262e+00
4.005432860249047877e+00
4.004843618862191867e+00
4.004239815336052999e+00
4.003621505876163944e+00
4.002988750702733967e+00
4.002341609589900706e+00
4.001680142757874314e+00
4.001004414441547752e+00
4.000314488429737025e+00
3.999610430741638023e+00
3.998892308288595654e+00
3.998160189766259087e+00
4.108237235977464152e+00
4.108229043575289730e+00
4.108204467260917703e+00
4.108163509487764209e+00
4.108106174270510280e+00
4.108032467185100067e+00
4.107942395814821346e+00
4.107835969081185645e+00
4.107713197913046344e+00
4.107574094354446537e+00
4.107418672010692440e+00
4.107246946940506405e+00
4.107058935648688625e+00
4.106854657762567307e+00
4.106634132909469770e+00
4.106397384285329188e+00
4.106144434416965971e+00
4.105875309176767018e+00
4.105590035775346536e+00
4.105288642761545148e+00
4.104971160022430787e+00
4.104637619675450821e+00
4.104288055399313961e+00
4.103922501987922189e+00
4.103540996465552482e+00
4.103143577863823666e+00
4.102730285660429743e+00
4.102301161340405677e+00
4.101856248619164091e+00
4.101395592550344027e+00
4.100919239971888786e+00
4.100427238167815069e+00
4.099919637544672035e+00
4.099396490739383836e+00
4.098857849050649094e+00
4.098303768683998705e+00
4.097734305844963565e+00
4.097149517631225812e+00
4.096549465155148617e+00
4.095934208190866066e+00
4.095303811419347184e+00
4.094658338183333690e+00
4.093997855394170493e+00
4.093322431301430697e+00
4.092632134154687407e+00
4.091927036218193869e+00
4.091207210202281175e+00
4.090472730155503278e+00
4.089723671910721059e+00
4.088960113531171281e+00
4.200861438710866480e+00
4.200852873389457010e+00
4.200827179209530193e+00
4.200784358847539757e+00
4.200724416764242797e+00
4.200647359204698006e+00
4.200553194867380213e+00
4.200441933342915490e+00
4.200313587121422110e+00
4.200168169585169586e+00
4.200005697015917860e+00
4.199826186141504714e+00
4.199629656589256577e+00
4.199416129993844393e+00
4.199185629105123496e+00
4.198938178234217666e+00
4.198673804814778698e+00
4.198392536949571152e+00
4.198094404971739024e+00
4.197779441890880925e+00
4.197447680716591911e+00
4.197099158027075561e+00
4.196733911292686692e+00
4.196351980214156008e+00
4.195953406276518471e+00
4.195538232749110641e+00
4.195106504685573334e+00
4.194658269146886553e+00
4.194193574755293419e+00
4.193712472363419153e+00
4.193215014162111842e+00
4.192701255018676854e+00
4.192171250246492065e+00
4.191625059173619050e+00
4.191062740235965478e+00
4.190484355884121825e+00
4.189889969460828922e+00
4.189279646093130083e+00
4.188653454476673588e+00
4.188011461968882188e+00
4.187353739049705759e+00
4.186680360213777874e+00
4.185991399509653377e+00
4.185286932324115305e+00
4.184567038058629507e+00
4.183831797452885581e+00
4.183081290354422777e+00
4.182315601963689566e+00
4.181534817927207826e+00
4.180739024783652447e+00
4.294743126890356422e+00
4.294734175936556042e+00
4.294707324859455611e+00
4.294662575889433676e+00
4.294599934156360987e+00
4.294519407689597834e+00
4.294421005633695998e+00
4.294304738025356727e+00
4.294170620031152019e+00
4.294018665925501743e+00
4.293848893997507687e+00
4.293661322759309229e+00
4.293455974737726777e+00
4.293232873574766906e+00
4.292992044696744003e+00
4.292733515760345675e+00
4.292457316875678330e+00
4.292163479937150861e+00
4.291852039292586518e+00
4.291523030404999162e+00
4.291176491413856375e+00
4.290812462465964927e+00
4.290430986607625563e+00
4.290032106885136365e+00
4.289615870359478222e+00
4.289182324983781491e+00
4.288731522279783270e+00
4.288263513546182182e+00
4.287778353650281815e+00
4.287276099243689131e+00
4.286756809654463929e+00
4.286220545102817248e+00
4.285667368485414741e+00
4.285097344037148481e+00
4.284510539561515508e+00
4.283907023754165877e+00
4.283286867541124643e+00
4.282650144078797183e+00
4.281996929646119554e+00
4.281327299183797841e+00
4.280641333877598598e+00
4.279939114021138025e+00
4.279220723476635513e+00
4.278486247444538648e+00
4.277735774247825695e+00
4.276969391763395301e+00
4.276187194113209245e+00
4.275389272742773805e+00
4.274575724450501824e+00
4.273746646926960047e+00
4.388323859433211460e+00
4.388314518832338251e+00
4.388286497475794690e+00
4.388239798709149042e+00
4.388174428777459113e+00
4.388090395710086966e+00
4.387987710212847503e+00
4.387866384329782932e+00
4.387726433004428550e+00
4.387567874079808306e+00
4.387390727183251293e+00
4.387195013503350616e+00
4.386980758466416219e+00
4.386747987498761603e+00
4.386496729818341045e+00
4.386227016873485596e+00
4.385938882342906631e+00
4.385632361243543720e+00
4.385307492160936960e+00
4.384964315464934259e+00
4.384602873532720047e+00
4.384223212310085493e+00
4.383825378188897837e+00
4.383409420906589915e+00
4.382975392877050957e+00
4.382523347629356358e+00
4.382053342707264321e+00
4.381565436769721877e+00
4.381059690036939180e+00
4.380536166743810966e+00
4.379994932463453949e+00
4.379436055891517299e+00
4.378859607507953555e+00
4.378265658684863837e+00
4.377654285701183312e+00
4.377025565727996614e+00
4.376379578166769591e+00
4.375716404649343083e+00
4.375036129930088613e+00
4.374338841439833203e+00
4.373624626609401211e+00
4.372893576438222851e+00
4.372145785494335080e+00
4.371381349684000384e+00
4.370600366697782846e+00
4.369802936902702939e+00
4.368989162896157907e+00
4.368159149951997833e+00
4.367313005128377057e+00
4.366450839498130065e+00
4.482755341861559550e+00
4.482745600461724322e+00
4.482716377600443280e+00
4.482667677515436822e+00
4.482599505782649096e+00
4.482511872215744653e+00
4.482404787966615345e+00
4.482278267309680153e+00
4.482132327418852924e+00
4.481966987252346435e+00
4.481782268667869218e+00
4.481578195976541501e+00
4.481354796612016855e+00
4.481112100684400801e+00
4.480850138972911623e+00
4.480568947609675945e+00
4.480268563618973410e+00
4.479949026924573197e+00
4.479610379903661510e+00
4.479252667832914092e+00
4.478875938442427262e+00
4.478480241469632084e+00
4.478065630443607503e+00
4.477632160677732287e+00
4.477179889938801338e+00
4.476708879116140238e+00
4.476219190883376164e+00
4.475710891705779737e+00
4.475184048717734342e+00
4.474638734183495004e+00
4.474075021259465323e+00
4.473492984886353163e+00
4.472892705357773835e+00
4.472274262521268362e+00
4.471637740685130424e+00
4.470983226388036691e+00
4.470310808845113115e+00
4.469620578163640445e+00
4.468912629357729038e+00
4.468187059671869577e+00
4.467443968134854337e+00
4.466683455559776306e+00
4.465905627220489116e+00
4.465110590175144445e+00
4.464298453712274295e+00
4.463469330242941346e+00
4.462623333516433810e+00
4.461760582188870394e+00
4.460881195362449425e+00
4.459985295707969755e+00
4.578181607538944320e+00
4.578171453742179153e+00
4.578140994805298014e+00
4.578090234966022187e+00
4.578019180469407701e+00
4.577927842021272120e+00
4.577816232780845596e+00
4.577684367914701014e+00
4.577532265934975975e+00
4.577359949145454188e+00
4.577167441188143115e+00
4.576954769273656964e+00
4.576721963958178208e+00
4.576469058028265202e+00
4.576196086500856630e+00
4.575903089299721671e+00
4.575590106571668869e+00
4.575257184262487620e+00
4.574904368317970871e+00
4.574531709590740292e+00
4.574139260271645746e+00
4.573727077235331784e+00
4.573295218471631784e+00
4.572843745985059272e+00
4.572372723341393552e+00
4.571882218790207730e+00
4.571372302588414982e+00
4.570843046777230967e+00
4.570294528081665142e+00
4.569726824564956047e+00
4.569140018751096655e+00
4.568534194502307244e+00
4.567909438803337885e+00
4.567265842653618790e+00
4.566603499282959611e+00
4.565922503259394638e+00
4.565222954949944345e+00
4.564504954721627428e+00
4.563768607848294856e+00
4.563014021388100971e+00
4.562241305521728130e+00
4.561450574444540607e+00
4.560641942797977855e+00
4.559815529238160359e+00
4.558971457328040877e+00
4.558109849738420039e+00
4.557230834939082875e+00
4.556334542738039950e+00
4.555421106065832504e+00
4.554490660975530680e+00
4.673366370987125151e+00
4.673355801670901144e+00
4.673324096175643483e+00
4.673271258516034088e+00
4.673197296721433247e+00
4.673102222612847356e+00
4.672986049795580854e+00
4.672848796558737305e+00
4.672690482975720094e+00
4.672511132911574272e+00
4.672310773799954298e+00
4.672089435974001503e+00
4.671847152889390564e+00
4.671583960901284804e+00
4.671299899933454292e+00
4.670995013255237360e+00
4.670669346589386706e+00
4.670322949896372755e+00
4.669955875813122326e+00
4.669568179653015072e+00
4.669159920744109904e+00
4.668731161090922122e+00
4.668281966043531739e+00
4.667812403851512748e+00
4.667322547002156874e+00
4.666812469544019848e+00
4.666282249986414499e+00
4.665731970184221034e+00
4.665161713776621255e+00
4.664571568194442186e+00
4.663961625329264393e+00
4.663331977964821462e+00
4.662682724683830493e+00
4.662013964961158941e+00
4.661325802732431356e+00
4.660618344163649063e+00
4.659891700327647435e+00
4.659145983189412199e+00
4.658381310066835646e+00
4.657597800062116100e+00
4.656795576738203657e+00
4.655974764550203204e+00
4.655135493306126193e+00
4.654277895044361735e+00
4.653402105817979972e+00
4.652508263910430486e+00
4.651596511173765158e+00
4.650666992136493150e+00
4.649719856233953230e+00
4.648755254239712364e+00
4.769221465236384461e+00
4.769210471702225895e+00
4.769177492437976618e+00
4.769122532573508266e+00
4.769045601699445136e+00
4.768946711413754258e+00
4.768825877998197349e+00
4.768683121080101728e+00
4.768518463409325392e+00
4.768331930412180952e+00
4.768123554429149813e+00
4.767893367577680230e+00
4.767641406882050070e+00
4.767367713827292519e+00
4.767072331682745912e+00
4.766755308847617556e+00
4.766416696174530010e+00
4.766056548530785975e+00
4.765674924575334259e+00
4.765271885420535369e+00
4.764847497531661702e+00
4.764401829381323061e+00
4.763934953010735107e+00
4.763446944698833008e+00
4.762937884293156010e+00
4.762407854540735563e+00
4.761856941980245672e+00
4.761285237165042261e+00
4.760692833547970793e+00
4.760079827927445884e+00
4.759446322008713537e+00
4.758792418835247062e+00
4.758118228141652750e+00
4.757423859216463491e+00
4.756709428039346044e+00
4.755975051928192698e+00
4.755220854445957102e+00
4.754446960493817542e+00
4.753653498541559941e+00
4.752840601965798939e+00
4.752008406373530391e+00
4.751157051386429409e+00
4.750286680640852133e+00
4.749397440449608432e+00
4.748489481140190094e+00
4.747562956162616921e+00
4.746618022981589746e+00
4.745654843076489549e+00
4.744673580603153695e+00
4.743674402393871503e+00
4.865772204410201418e+00
4.865760776844444635e+00
4.865726497046666488e+00
4.865669370592812015e+00
4.865589406850469700e+00
4.865486619647984234e+00
4.865361027051418930e+00
4.865212650026330188e+00
4.865041513999027956e+00
4.864847648410504988e+00
4.864631086493396595e+00
4.864391864602867876e+00
4.864130024893066562e+00
4.863845611971556515e+00
4.863538674237544157e+00
4.863209264327956305e+00
4.862857439563512685e+00
4.862483259495309795e+00
4.862086789473430315e+00
4.861668097078333695e+00
4.861227255689462012e+00
4.860764339801447953e+00
4.860279430823095659e+00
4.859772611947511756e+00
4.859243971274636031e+00
4.858693600473011465e+00
4.858121595671939019e+00
4.857528056346287926e+00
4.856913084870415176e+00
4.856276790086779371e+00
4.855619282176061979e+00
4.854940677117929759e+00
4.854241093122428019e+00
4.853520654644660759e+00
4.852779487031882333e+00
4.852017721876406675e+00
4.851235493893076622e+00
4.850432941365341755e+00
4.849610207483483038e+00
4.848767438114233386e+00
4.847904783585084587e+00
4.847022397792132509e+00
4.846120439538304403e+00
4.845199070749058201e+00
4.844258457810608931e+00
4.843298768893471440e+00
4.842320179305373173e+00
4.841322867030494415e+00
4.840307012283393995e+00
4.839272801523689438e+00
4.962358323181288888e+00
4.962346458461404985e+00
4.962310866532130049e+00
4.962251553638523660e+00
4.962168530263363131e+00
4.962061812242334113e+00
4.961931418533652050e+00
4.961777373448437167e+00
4.961599703751229384e+00
4.961398443789852841e+00
4.961173628581245332e+00
4.960925300279555472e+00
4.960653503269307762e+00
4.960358287957050472e+00
4.960039708094899247e+00
4.959697822341799345e+00
4.959332692925303654e+00
4.958944386533719495e+00
4.958532975208264304e+00
4.958098534112681754e+00
4.957641143094511982e+00
4.957160886239013742e+00
4.956657852538277176e+00
4.956132134776034981e+00
4.955583829973739363e+00
4.955013039836636324e+00
4.954419869861614423e+00
4.953804430452395380e+00
4.953166836473456236e+00
4.952507205688766234e+00
4.951825662330390898e+00
4.951122332637736712e+00
4.950397349987420093e+00
4.949650848648208701e+00
4.948882970472156195e+00
4.948093858649543542e+00
4.947283663953936816e+00
4.946452538943205468e+00
4.945600640635974266e+00
4.944728132295928447e+00
4.943835179417130021e+00
4.942921952400473273e+00
4.941988626553685648e+00
4.941035381645249913e+00
4.940062400120103447e+00
4.939069871114316612e+00
4.938057986440416158e+00
4.937026941925608092e+00
4.935976939642156225e+00
4.934908183446629515e+00
5.059391250718127786e+00
5.059378941929943529e+00
5.059342018018806009e+00
5.059280486568002111e+00
5.059194358952460391e+00
5.059083652123054442e+00
5.058948386822302190e+00
5.058788590260817841e+00
5.058604293217820569e+00
5.058395530487209690e+00
5.058162343330982580e+00
5.057904777248854344e+00
5.057622881978258711e+00
5.057316711940424092e+00
5.056986326909486351e+00
5.056631791343375149e+00
5.056253174160777242e+00
5.055850548964173186e+00
5.055423994485913397e+00
5.054973594588218155e+00
5.054499436701914483e+00
5.054001614056808478e+00
5.053480223897392598e+00
5.052935369490175965e+00
5.052367157001160791e+00
5.051775698841409756e+00
5.051161111659701497e+00
5.050523516788611111e+00
5.049863040690582672e+00
5.049179814288815571e+00
5.048473973190305664e+00
5.047745657462803237e+00
5.046995013419119935e+00
5.046222190048517575e+00
5.045427343477471460e+00
5.044610632062833666e+00
5.043772219514363719e+00
5.042912277125108922e+00
5.042030976634189976e+00
5.041128497810089648e+00
5.040205023543821383e+00
5.039260742525380365e+00
5.038295847013367634e+00
5.037310534619292568e+00
5.036305008307570219e+00
5.035279475503375402e+00
5.034234146754408279e+00
5.033169240191658567e+00
5.032084976622567929e+00
5.030981582653561546e+00
5.156796456033600151e+00
5.156783698047245679e+00
5.156745426095523221e+00
5.156681648653870020e+00
5.156592378658478637e+00
5.156477634175414160e+00
5.156337439069721640e+00
5.156171822113280179e+00
5.155980816761764451e+00
5.155764463161980338e+00
5.155522805029341349e+00
5.155255892770393977e+00
5.154963780583329935e+00
5.154646529580511505e+00
5.154304204442905935e+00
5.153936875873502466e+00
5.153544620374273855e+00
5.153127518684910591e+00
5.152685657121049978e+00
5.152219127574272584e+00
5.151728026619955436e+00
5.151212456409419715e+00
5.150672524223857351e+00
5.150108342697366837e+00
5.149520029816956779e+00
5.148907708476464506e+00
5.148271506253522922e+00
5.147611557639939051e+00
5.146928000919160695e+00
5.146220979950581587e+00
5.145490643946504683e+00
5.144737148141251382e+00
5.143960650891673758e+00
5.143161317691836487e+00
5.142339318942632964e+00
5.141494829059637617e+00
5.140628030487789601e+00
5.139739107010250940e+00
5.138828251331698738e+00
5.137895657941112582e+00
5.136941530695060543e+00
5.135966074342260157e+00
5.134969502552944931e+00
5.133952031227723367e+00
5.132913882958341389e+00
5.131855286135525773e+00
5.130776473610760391e+00
5.129677683588439230e+00
5.128559158733708934e+00
5.127421149295004810e+00
5.254630123023733113e+00
5.254616910709339450e+00
5.254577276665648888e+00
5.254511229591136257e+00
5.254418783537185611e+00
5.254299958800237036e+00
5.254154781475716796e+00
5.253983283681070482e+00
5.253785501325387131e+00
5.253561479239268195e+00
5.253311265598883395e+00
5.253034915271536320e+00
5.252732488477438011e+00
5.252404052127935152e+00
5.252049677595130639e+00
5.251669442719222758e+00
5.251263431139394200e+00
5.250831732070773583e+00
5.250374440973547330e+00
5.249891657991697436e+00
5.249383489960338878e+00
5.248850049067495860e+00
5.248291453523213690e+00
5.247707826890443350e+00
5.247099299423273244e+00
5.246466005836545321e+00
5.245808087313201362e+00
5.245125690835163113e+00
5.244418969406376974e+00
5.243688080937618956e+00
5.242933189361686175e+00
5.242154464856437102e+00
5.241352083175672583e+00
5.240526225872178756e+00
5.239677079851649211e+00
5.238804838264836228e+00
5.237909700061474716e+00
5.236991868652058457e+00
5.236051555030362792e+00
5.235088975543075840e+00
5.234104350997637489e+00
5.233097909784777180e+00
5.232069884755978784e+00
5.231020514561710577e+00
5.229950044543572929e+00
5.228858725396077212e+00
5.227746812720565295e+00
5.226614569255589871e+00
5.225462263092609305e+00
5.224290165891689597e+00
5.352620894508860694e+00
5.352607225413010816e+00
5.352566220578877321e+00
5.352497889374047801e+00
5.352402248526360040e+00
5.352279319001368663e+00
5.352129130017027947e+00
5.351951715921162034e+00
5.351747117975768298e+00
5.351515383241826740e+00
5.351256565917526409e+00
5.350970726000042532e+00
5.350657929285532077e+00
5.350318248707360169e+00
5.349951763443955954e+00
5.349558558249688289e+00
5.349138725685254947e+00
5.348692362772105469e+00
5.348219573891942247e+00
5.347720469894559514e+00
5.347195167428738571e+00
5.346643789834393701e+00
5.346066466473461176e+00
5.345463333622047841e+00
5.344834532686133066e+00
5.344180212431942856e+00
5.343500527870761019e+00
5.342795640035894245e+00
5.342065715982671215e+00
5.341310930126665468e+00
5.340531461567247895e+00
5.339727497656186372e+00
5.338899229759932474e+00
5.338046858612521817e+00
5.337170588962675488e+00
5.336270631358095429e+00
5.335347204375844754e+00
5.334400533284122226e+00
5.333430847365806748e+00
5.332438383487064115e+00
5.331423385651269164e+00
5.330386104106856315e+00
5.329326792670864066e+00
5.328245714527922061e+00
5.327143138661639910e+00
5.326019339408537334e+00
5.324874597796267039e+00
5.323709201543618263e+00
5.322523444168361983e+00
5.321317625433327869e+00
5.450664251620860767e+00
5.450650124405328256e+00
5.450607746104297213e+00
5.450537127200546728e+00
5.450438284867987093e+00
5.450311243417742091e+00
5.450156033852068482e+00
5.449972694310432964e+00
5.449761269846475464e+00
5.449521811758895495e+00
5.449254378929675902e+00
5.448959037824089080e+00
5.448635860260311325e+00
5.448284925862845185e+00
5.447906320947327075e+00
5.447500139412680298e+00
5.447066480956809009e+00
5.446605453083942727e+00
5.446117169320332962e+00
5.445601751221590625e+00
5.445059326142311029e+00
5.444490029020377264e+00
5.443894001930878801e+00
5.443271393640041644e+00
5.442622358936114679e+00
5.441947060859742891e+00
5.441245668250557443e+00
5.440518357977548902e+00
5.439765312931730712e+00
5.438986723364362064e+00
5.438182785994801982e+00
5.437353704902654350e+00
5.436499691304736537e+00
5.435620961993809175e+00
5.434717743130221379e+00
5.433790264889004185e+00
5.432838766366701044e+00
5.431863492904913215e+00
5.430864696982454554e+00
5.429842637323195831e+00
5.428797581126445948e+00
5.427729800498344304e+00
5.426639576020470201e+00
5.425527193181233443e+00
5.424392947728783554e+00
5.423237138979874139e+00
5.422060075172773885e+00
5.420862070790809284e+00
5.419643447900591937e+00
5.418404533029491432e+00
5.549600965533151964e+00
5.549586374175914827e+00
5.549542604341924701e+00
5.549469666736994711e+00
5.549367580542377887e+00
5.549236372522613259e+00
5.549076076356412202e+00
5.548886734197920667e+00
5.548668394669385329e+00
5.548421114645449848e+00
5.548144958584044772e+00
5.547839998303346398e+00
5.547506313204820572e+00
5.547143990942330127e+00
5.546753124745683827e+00
5.546333817658354093e+00
5.545886179861025056e+00
5.545410328002476241e+00
5.544906386760848349e+00
5.544374488843645921e+00
5.543814774764695308e+00
5.543227391059843967e+00
5.542612493632527837e+00
5.541970244854280914e+00
5.541300814902959004e+00
5.540604381985781757e+00
5.539881131670214565e+00
5.539131255768783291e+00
5.538354955907677457e+00
5.537552439958145278e+00
5.536723923374720968e+00
5.535869630087376869e+00
5.534989790048104652e+00
5.534084641907371704e+00
5.533154431006781060e+00
5.532199412501599411e+00
5.531219845561772708e+00
5.530216000063064463e+00
5.529188151680219043e+00
5.528136584117345542e+00
5.527061590000062807e+00
5.525963465968672494e+00
5.524842520707517579e+00
5.523699066023470827e+00
5.522533426213521501e+00
5.521345928697191319e+00
5.520136910261588703e+00
5.518906714831032012e+00
5.517655696143503263e+00
5.516384211505592106e+00
5.648356987139695917e+00
5.648341934094171179e+00
5.648296778972278886e+00
5.648221533818061246e+00
5.648116220043148061e+00
5.647980865973344144e+00
5.647815509079001650e+00
5.647620194413760508e+00
5.647394976398850019e+00
5.647139916146631577e+00
5.646855084360095312e+00
5.646540559325514685e+00
5.646196428250679133e+00
5.645822785480585360e+00
5.645419734504782738e+00
5.644987387288256109e+00
5.644525862933202909e+00
5.644035290132443983e+00
5.643515804492974297e+00
5.642967551212414890e+00
5.642390682848635208e+00
5.641785360434941055e+00
5.641151753480076358e+00
5.640490039522145338e+00
5.639800404574690340e+00
5.639083042680614888e+00
5.638338156135222157e+00
5.637565955486214087e+00
5.636766660202805923e+00
5.635940497114460435e+00
5.635087701749116995e+00
5.634208517664073490e+00
5.633303196445992533e+00
5.632371999718237099e+00
5.631415194234039134e+00
5.630433057898523330e+00
5.629425875307949134e+00
5.628393939980086635e+00
5.627337553462068875e+00
5.626257025330390960e+00
5.625152673190909169e+00
5.624024824463142558e+00
5.622873812365595469e+00
5.621699981714736616e+00
5.620503681341718405e+00
5.619285272567808853e+00
5.618045121621108251e+00
5.616783604989458389e+00
5.615501106297909217e+00
5.614198019431250408e+00
5.746896085507862573e+00
5.746880575011768855e+00
5.746834047984244798e+00
5.746756517807559028e+00
5.746648007454606244e+00
5.746508547704607395e+00
5.746338179596520490e+00
5.746136952644740781e+00
5.745904925062141011e+00
5.745642164875255808e+00
5.745348747916943388e+00
5.745024760056764990e+00
5.744670296085794270e+00
5.744285459047503650e+00
5.743870361799030988e+00
5.743425125895987193e+00
5.742949881592460670e+00
5.742444768510126529e+00
5.741909935415209887e+00
5.741345539772412465e+00
5.740751747521872339e+00
5.740128735309543373e+00
5.739476686918589365e+00
5.738795796168876251e+00
5.738086265578743905e+00
5.737348306588047286e+00
5.736582140004227170e+00
5.735787994887125762e+00
5.734966110110248039e+00
5.734116733691649870e+00
5.733240121678749190e+00
5.732336539486552418e+00
5.731406262120692041e+00
5.730449573062236901e+00
5.729466764936806733e+00
5.728458138399384225e+00
5.727424006148992497e+00
5.726364685791487830e+00
5.725280506084617471e+00
5.724171806491943570e+00
5.723038930937784485e+00
5.721882236728729865e+00
5.720702088308575739e+00
5.719498858596558932e+00
5.718272930771653328e+00
5.717024696488272717e+00
5.715754556322342417e+00
5.714462919325222323e+00
5.713150204361941320e+00
5.711816839665113221e+00
5.846826973552902373e+00
5.846810998022953676e+00
5.846763076339938969e+00
5.846683223224355963e+00
5.846571463210362474e+00
5.846427830645785306e+00
5.846252369692111373e+00
5.846045133878417843e+00
5.845806187439596791e+00
5.845535604201167246e+00
5.845233466910159770e+00
5.844899869019421601e+00
5.844534913349387573e+00
5.844138713203270719e+00
5.843711390359720426e+00
5.843253078195353112e+00
5.842763917893109671e+00
5.842244062456934728e+00
5.841693673143170784e+00
5.841112921913978795e+00
5.840501989876068833e+00
5.839861068618927398e+00
5.839190359099632133e+00
5.838490072088920790e+00
5.837760428171199223e+00
5.837001658636687296e+00
5.836214002804965162e+00
5.835397711147504829e+00
5.834553043726405264e+00
5.833680270417428204e+00
5.832779670686963236e+00
5.831851533145949951e+00
5.830896157780255606e+00
5.829913853720299244e+00
5.828904939018013209e+00
5.827869742431142974e+00
5.826808602977177287e+00
5.825721868149038585e+00
5.824609896145465981e+00
5.823473055424939204e+00
5.822311722475299156e+00
5.821126284936276818e+00
5.819917141153418960e+00
5.818684697055558352e+00
5.817429369723419619e+00
5.816151586497465331e+00
5.814851783193596191e+00
5.813530406333528688e+00
5.812187911806567797e+00
5.810824765315681262e+00
5.946229832048692820e+00
5.946213399737288796e+00
5.946164109048133639e+00
5.946081975147800236e+00
5.945967025246902793e+00
5.945819296592756764e+00
5.945638836915456693e+00
5.945425704873947836e+00
5.945179969832993017e+00
5.944901711863169069e+00
5.944591021740870396e+00
5.944248000279189981e+00
5.943872759443114440e+00
5.943465422349520466e+00
5.943026121928948413e+00
5.942555002040793788e+00
5.942052217473301923e+00
5.941517932828385362e+00
5.940952325198073147e+00
5.940355579926793084e+00
5.939727894849093026e+00
5.939069478282295478e+00
5.938380547911314977e+00
5.937661333465104718e+00
5.936912074486284219e+00
5.936133021446325486e+00
5.935324435968591494e+00
5.934486589936185830e+00
5.933619765491950027e+00
5.932724255707580774e+00
5.931800365029701538e+00
5.930848407495564523e+00
5.929868707848235054e+00
5.928861603320896734e+00
5.927827438953059414e+00
5.926766572497385255e+00
5.925679371966277920e+00
5.924566214739728665e+00
5.923427491580000037e+00
5.922263600832637032e+00
5.921074953779381644e+00
5.919861971069562578e+00
5.918625084950474680e+00
5.917364736144850923e+00
5.916081380988071459e+00
5.914775480722349599e+00
5.913447510864316747e+00
5.912097954959967261e+00
5.910727310829716252e+00
5.909336083431188769e+00
6.045245359274249886e+00
6.045228480664166959e+00
6.045177850855939283e+00
6.045093486800442228e+00
6.044975417938666773e+00
6.044823684640459049e+00
6.044638338427555269e+00
6.044419443534847503e+00
6.044167075126081201e+00
6.043881319962968846e+00
6.043562275959113883e+00
6.043210053741273846e+00
6.042824774418986244e+00
6.042406570699752955e+00
6.041955588004234379e+00
6.041471982012827091e+00
6.040955920673011903e+00
6.040407583530232216e+00
6.039827161058787475e+00
6.039214856446131208e+00
6.038570882693382380e+00
6.037895466630004648e+00
6.037188844230010787e+00
6.036451265295759150e+00
6.035682990112387181e+00
6.034884289893883036e+00
6.034055448790430098e+00
6.033196761658027540e+00
6.032308534727601312e+00
6.031391086943235003e+00
6.030444747508751036e+00
6.029469858341128585e+00
6.028466771617083886e+00
6.027435852449530174e+00
6.026377476880232287e+00
6.025292032102846029e+00
6.024179917355068525e+00
6.023041544364716948e+00
6.021877334227196066e+00
6.020687721420179273e+00
6.019473151127155752e+00
6.018234081467808139e+00
6.016970979929406660e+00
6.015684326935418547e+00
6.014374614953347908e+00
6.013042345818292667e+00
6.011688036085843123e+00
6.010312211233104662e+00
6.008915410119449518e+00
6.007498181863992315e+00
6.146490696847698665e+00
6.146473359448819451e+00
6.146421353497241391e+00
6.146334697728141450e+00
6.146213423589851566e+00
6.146057575020822838e+00
6.145867208672661341e+00
6.145642393241016244e+00
6.145383210580766864e+00
6.145089754367798029e+00
6.144762131883300782e+00
6.144400462229472559e+00
6.144004876998625519e+00
6.143575520942306412e+00
6.143112550186988763e+00
6.142616134910529269e+00
6.142086456665713179e+00
6.141523710387596147e+00
6.140928102832237556e+00
6.140299853691890242e+00
6.139639195148924422e+00
6.138946372098867066e+00
6.138221642373438591e+00
6.137465274510174318e+00
6.136677552436219152e+00
6.135858769892382547e+00
6.135009234893894714e+00
6.134129267723064771e+00
6.133219200483207345e+00
6.132279378659905689e+00
6.131310160005823739e+00
6.130311914540705232e+00
6.129285025666563413e+00
6.128229887714264024e+00
6.127146909289092669e+00
6.126036511486455893e+00
6.124899126553648543e+00
6.123735200120234090e+00
6.122545189859821768e+00
6.121329567274361949e+00
6.120088815463774701e+00
6.118823430018094811e+00
6.117533918571401941e+00
6.116220803478270795e+00
6.114884617799092759e+00
6.113525907084374822e+00
6.112145229374743138e+00
6.110743156539169441e+00
6.109320272490667669e+00
6.107877172294140067e+00
6.246882818629512002e+00
6.246865037831446088e+00
6.246811702797497645e+00
6.246722833154993992e+00
6.246598463474796858e+00
6.246438641263963198e+00
6.246243427411817706e+00
6.246012896859066466e+00
6.245747137705650154e+00
6.245446251879852362e+00
6.245110354915263784e+00
6.244739576173819806e+00
6.244334057507574087e+00
6.243893955935151396e+00
6.243419440965297440e+00
6.242910695712060587e+00
6.242367917786949327e+00
6.241791317291592200e+00
6.241181118825072538e+00
6.240537559922669786e+00
6.239860891501931128e+00
6.239151378754824506e+00
6.238409300701663440e+00
6.237634948629841247e+00
6.236828628770285654e+00
6.235990659621003296e+00
6.235121375515685571e+00
6.234221121270804744e+00
6.233290257761551878e+00
6.232329158130202273e+00
6.231338210239522724e+00
6.230317814442402735e+00
6.229268385143111431e+00
6.228190349905150747e+00
6.227084151012516777e+00
6.225950242793250489e+00
6.224789094518925481e+00
6.223601188397308803e+00
6.222387020018437020e+00
6.221147099246767453e+00
6.219881948882949985e+00
6.218592105555980964e+00
6.217278118831048417e+00
6.215940553885990205e+00
6.214579986604456430e+00
6.213197009820974337e+00
6.211792226183733945e+00
6.210366255291799753e+00
6.208919727450052051e+00
6.207453289022092591e+00
6.346900301777364639e+00
6.346882092969721612e+00
6.346827473014890586e+00
6.346736464439691083e+00
6.346609103822325793e+00
6.346445442907567625e+00
6.346245547268537734e+00
6.346009497867963312e+00
6.345737390389070143e+00
6.345429335012541472e+00
6.345085456193480411e+00
6.344705893776600547e+00
6.344290802104072924e+00
6.343840349569452641e+00
6.343354720178941086e+00
6.342834112659235579e+00
6.342278739119303843e+00
6.341688827949873541e+00
6.341064621146979441e+00
6.340406375873229194e+00
6.339714363788686136e+00
6.338988871496949784e+00
6.338230200099078893e+00
6.337438664747510941e+00
6.336614597099487156e+00
6.335758341525400184e+00
6.334870258454368575e+00
6.333950721697777730e+00
6.333000121348776545e+00
6.332018861105819241e+00
6.331007358718742317e+00
6.329966049111296122e+00
6.328895379028233847e+00
6.327795811719108876e+00
6.326667824261818396e+00
6.325511908900830704e+00
6.324328572824150285e+00
6.323118336602049361e+00
6.321881736863522505e+00
6.320619324958062002e+00
6.319331665617428762e+00
6.318019339632105158e+00
6.316682940728770568e+00
6.315323080923203491e+00
6.313940381598769136e+00
6.312535483766165356e+00
6.311109040034051709e+00
6.309661719069815433e+00
6.308194204707411323e+00
6.306707192824839936e+00
6.450323363453510872e+00
6.450304704555547275e+00
6.450248735221904006e+00
6.450155479094590305e+00
6.450024976320412939e+00
6.449857282212752452e+00
6.449652468366748437e+00
6.449410621544113376e+00
6.449131845457434231e+00
6.448816258762829712e+00
6.448463996621220495e+00
6.448075209137058117e+00
6.447650063588708846e+00
6.447188742198071587e+00
6.446691443245767594e+00
6.446158380625067963e+00
6.445589784957078017e+00
6.444985902252513554e+00
6.444346993688662373e+00
6.443673337170647386e+00
6.442965226216241348e+00
6.442222970624976064e+00
6.441446895139916862e+00
6.440637340785892562e+00
6.439794665315565325e+00
6.438919240979057435e+00
6.438011456085214412e+00
6.437071716339830552e+00
6.436100441500084202e+00
6.435098067604913652e+00
6.434065047644131674e+00
6.433001849328046973e+00
6.431908956425691493e+00
6.430786868541783718e+00
6.429636101785837887e+00
6.428457187656981375e+00
6.427250673043948481e+00
6.426017122232424050e+00
6.424757113336438508e+00
6.423471241420895872e+00
6.422160117163348225e+00
6.420824368638297308e+00
6.419464636856438311e+00
6.418081581117568213e+00
6.416675875441979038e+00
6.415248210354762115e+00
6.413799291101505595e+00
6.412329840324747288e+00
6.410840595833595223e+00
6.409332310603731209e+00
6.552630358374744723e+00
6.552611271913279190e+00
6.552554021896471959e+00
6.552458633527597165e+00
6.552325149629915302e+00
6.552153629977562233e+00
6.551944151964661955e+00
6.551696809044060821e+00
6.551411713180745444e+00
6.551088991952347840e+00
6.550728791002565110e+00
6.550331272702931251e+00
6.549896616821927253e+00
6.549425020078913029e+00
6.548916696590193709e+00
6.548371876530801217e+00
6.547790808810942664e+00
6.547173757507397163e+00
6.546521005655157488e+00
6.545832852570980798e+00
6.545109614299455814e+00
6.544351624951238122e+00
6.543559234249630485e+00
6.542732811099186918e+00
6.541872739571034323e+00
6.540979421579323549e+00
6.540053277327309011e+00
6.539094741292664992e+00
6.538104268249504969e+00
6.537082327469404319e+00
6.536029407182151196e+00
6.534946011899294582e+00
6.533832663083257941e+00
6.532689899593416172e+00
6.531518277686091167e+00
6.530318369676330725e+00
6.529090766837395421e+00
6.527836075163044427e+00
6.526554920051323982e+00
6.525247941174702859e+00
6.523915799617280520e+00
6.522559169399349877e+00
6.521178743722455096e+00
6.519775231846865360e+00
6.518349362214101994e+00
6.516901876647954062e+00
6.515433538829917381e+00
6.513945125377683887e+00
6.512437432090194989e+00
6.510911271271191403e+00
6.654778433942240667e+00
6.654758938429412574e+00
6.654700461035480963e+00
6.654603029640172807e+00
6.654466689966240800e+00
6.654291506694653080e+00
6.654077562795478684e+00
6.653824959304849962e+00
6.653533816440152293e+00
6.653204272038759193e+00
6.652836482673219365e+00
6.652430623651259367e+00
6.651986888346670845e+00
6.651505488645382158e+00
6.650986654945461041e+00
6.650430635711039429e+00
6.649837698364464700e+00
6.649208128617183355e+00
6.648542229800631809e+00
6.647840325096610492e+00
6.647102755306909749e+00
6.646329879522419937e+00
6.645522075346170787e+00
6.644679739116368111e+00
6.643803285683357984e+00
6.642893147517473729e+00
6.641949776047263221e+00
6.640973641659489779e+00
6.639965231914827903e+00
6.638925053778243601e+00
6.637853632503803780e+00
6.636751512303788125e+00
6.635619253449202226e+00
6.634457438068757540e+00
6.633266663903810034e+00
6.632047548992161978e+00
6.630800728322485682e+00
6.629526855841670674e+00
6.628226604677859513e+00
6.626900666248292993e+00
6.625549748475012990e+00
6.624174580245616895e+00
6.622775907398574802e+00
6.621354494953609837e+00
6.619911125773471738e+00
6.618446601010010255e+00
6.616961740996328167e+00
6.615457383908553979e+00
6.613934386211917094e+00
6.612393624891127253e+00
6.761476171688730830e+00
6.761456234114943342e+00
6.761396430984208727e+00
6.761296792629669206e+00
6.761157368119645739e+00
6.760978226595861784e+00
6.760759457942560502e+00
6.760501171002197829e+00
6.760203494021518544e+00
6.759866576435864971e+00
6.759490586192713479e+00
6.759075711759022553e+00
6.758622161452117361e+00
6.758130162770573435e+00
6.757599963955486011e+00
6.757031832429199802e+00
6.756426055687465571e+00
6.755782940853363172e+00
6.755102814454259530e+00
6.754386024429154922e+00
6.753632936783112939e+00
6.752843938040674843e+00
6.752019435245863122e+00
6.751159853508763575e+00
6.750265639574129395e+00
6.749337258921891625e+00
6.748375197328423170e+00
6.747379959974385777e+00
6.746352072336883943e+00
6.745292079743389735e+00
6.744200546479587111e+00
6.743078057796715541e+00
6.741925217904231715e+00
6.740742651977144284e+00
6.739531003033489398e+00
6.738290936172047552e+00
6.737023134780699252e+00
6.735728301651616512e+00
6.734407161657713914e+00
6.733060457068858362e+00
6.731688952012621741e+00
6.730293429351752010e+00
6.728874690684175874e+00
6.727433559911601968e+00
6.725970878332686809e+00
6.724487509103794558e+00
6.722984333670392054e+00
6.721462253997422920e+00
6.719922192123236826e+00
6.718365089713510763e+00
6.866871115417220395e+00
6.866850765669541445e+00
6.866789727355357975e+00
6.866688032146040399e+00
6.866545733793703477e+00
6.866362905900827762e+00
6.866139644819751808e+00
6.865876067645330316e+00
6.865572312661012866e+00
6.865228539784916428e+00
6.864844929677675012e+00
6.864421684411554203e+00
6.863959027916525457e+00
6.863457204865076378e+00
6.862916480895252747e+00
6.862337143948878726e+00
6.861719502933335768e+00
6.861063887052448074e+00
6.860370648036855812e+00
6.859640158359719742e+00
6.858872811905831313e+00
6.858069023748572413e+00
6.857229230149920696e+00
6.856353888783481842e+00
6.855443478957532477e+00
6.854498500722865373e+00
6.853519475541903994e+00
6.852506946511740971e+00
6.851461477471985972e+00
6.850383653896916059e+00
6.849274082895478344e+00
6.848133391873061804e+00
6.846962230538835570e+00
6.845761269567526064e+00
6.844531199930299792e+00
6.843272736017294910e+00
6.841986611399901719e+00
6.840673581953294224e+00
6.839334424964274461e+00
6.837969938908239342e+00
6.836580942333990052e+00
6.835168277432334349e+00
6.833732805575334801e+00
6.832275410884909306e+00
6.830796996218156281e+00
6.829298489858481425e+00
6.827780838824470955e+00
6.826245010654188761e+00
6.824691995635555841e+00
6.823122805022048709e+00
6.972534139230684325e+00
6.972513395598214814e+00
6.972451175852697247e+00
6.972347514118919065e+00
6.972202467717599106e+00
6.972016116496277505e+00
6.971788563721464271e+00
6.971519934517377948e+00
6.971210377427205174e+00
6.970860063967030840e+00
6.970469188402796057e+00
6.970037967527261458e+00
6.969566641552160213e+00
6.969055472769968951e+00
6.968504747561248713e+00
6.967914773272115170e+00
6.967285882228920535e+00
6.966618427500534949e+00
6.965912787136063322e+00
6.965169360150166078e+00
6.964388569868625645e+00
6.963570861474931206e+00
6.962716702679392355e+00
6.961826585949515867e+00
6.960901024495325551e+00
6.959940555614931412e+00
6.958945738687185134e+00
6.957917156063835762e+00
6.956855414184717645e+00
6.955761140901293160e+00
6.954634986814884456e+00
6.953477626614898099e+00
6.952289756848445634e+00
6.951072097035536856e+00
6.949825389892111183e+00
6.948550400660930215e+00
6.947247917780689619e+00
6.945918752216902803e+00
6.944563737684941174e+00
6.943183730873072612e+00
6.941779611888536650e+00
6.940352283142352974e+00
6.938902669349324093e+00
6.937431718866262642e+00
6.935940403245911767e+00
6.934429715452648857e+00
6.932900672538932163e+00
6.931354315199232730e+00
6.929791703755347143e+00
6.928213924401459778e+00
7.083833058885298684e+00
7.083811875199209851e+00
7.083748336408024038e+00
7.083642478866905456e+00
7.083494364134293342e+00
7.083304077856709569e+00
7.083071729991799792e+00
7.082797455254406849e+00
7.082481413339611898e+00
7.082123786915388131e+00
7.081724784745135892e+00
7.081284639011225401e+00
7.080803607322339488e+00
7.080281970706131744e+00
7.079720035170491421e+00
7.079118131703544314e+00
7.078476614712385206e+00
7.077795864253460856e+00
7.077076283356111830e+00
7.076318301814217726e+00
7.075522371279365785e+00
7.074688969944641137e+00
7.073818599422101450e+00
7.072911786081003349e+00
7.071969080378686101e+00
7.070991058421840947e+00
7.069978319736126338e+00
7.068931488158327170e+00
7.067851212951537399e+00
7.066738167020861106e+00
7.065593048474674731e+00
7.064416579286403319e+00
7.063209506186668207e+00
7.061972600440252101e+00
7.060706657400022124e+00
7.059412497845156231e+00
7.058090966196841620e+00
7.056742930741313202e+00
7.055369286306304666e+00
7.053970950246370997e+00
7.052548864673264362e+00
7.051103997571125603e+00
7.049637340566103028e+00
7.048149908480278114e+00
7.046642742900271372e+00
7.045116909054712551e+00
7.043573494029937265e+00
7.042013614353273887e+00
7.040438407963680589e+00
7.038849036442124785e+00
7.193730966918288949e+00
7.193709379533745008e+00
7.193644630539346885e+00
7.193536758743674042e+00
7.193385830165921924e+00
7.193191936251595919e+00
7.192955194987702860e+00
7.192675750679714319e+00
7.192353773059409150e+00
7.191989459069183965e+00
7.191583031077745325e+00
7.191134738441375518e+00
7.190644855496595156e+00
7.190113684013573092e+00
7.189541551188791679e+00
7.188928810983273188e+00
7.188275843230424123e+00
7.187583053636039665e+00
7.186850874893491614e+00
7.186079765122462604e+00
7.185270209207172520e+00
7.184422717904231703e+00
7.183537828065671427e+00
7.182616103085027071e+00
7.181658132228219138e+00
7.180664531748743862e+00
7.179635942657298209e+00
7.178573033175190687e+00
7.177476498288269724e+00
7.176347057293504861e+00
7.175185457590631088e+00
7.173992471782659308e+00
7.172768899014097421e+00
7.171515563855768605e+00
7.170233318535183642e+00
7.168923040037049610e+00
7.167585632556692232e+00
7.166222026161820580e+00
7.164833176792532399e+00
7.163420066707387512e+00
7.161983704483408708e+00
7.160525125462158691e+00
7.159045389965434047e+00
7.157545585525646459e+00
7.156026825547593617e+00
7.154490249754537068e+00
7.152937023296050967e+00
7.151368338978396189e+00
7.149785414141995865e+00
7.148189494230038576e+00
7.304543577809191390e+00
7.304521600554537919e+00
7.304455683511075215e+00
7.304345868609912529e+00
7.304192225884926337e+00
7.303994853026679834e+00
7.303753876274582169e+00
7.303469449970802607e+00
7.303141755891165765e+00
7.302771004360335105e+00
7.302357433582703727e+00
7.301901309196315637e+00
7.301402925834130642e+00
7.300862605339722755e+00
7.300280698328546869e+00
7.299657582626669416e+00
7.298993664385960756e+00
7.298289378084096057e+00
7.297545185855437211e+00
7.296761577937114218e+00
7.295939072669020753e+00
7.295078216493815937e+00
7.294179583064773986e+00
7.293243775253123395e+00
7.292271423363742677e+00
7.291263185358203280e+00
7.290219747969952202e+00
7.289141825589127599e+00
7.288030160262558788e+00
7.286885522808950633e+00
7.285708711257624870e+00
7.284500551963705384e+00
7.283261900054195159e+00
7.281993637197596847e+00
7.280696674503405852e+00
7.279371949845657497e+00
7.278020429870263541e+00
7.276643109102864493e+00
7.275241010617941484e+00
7.273815184254514676e+00
7.272366708846520034e+00
7.270896691107622267e+00
7.269406265408174583e+00
7.267896594221295636e+00
7.266368868122870417e+00
7.264824306683698829e+00
7.263264155346970341e+00
7.261689688996864511e+00
7.260102211512477588e+00
7.258503051753144142e+00
7.422026394552779571e+00
7.422003966092615812e+00
7.421936696770849551e+00
7.421824630748966811e+00
7.421667843190714819e+00
7.421466438254755715e+00
7.421220551102007512e+00
7.420930345888305801e+00
7.420596016879593471e+00
7.420217788674953852e+00
7.419795915314464807e+00
7.419330681171347308e+00
7.418822399836776604e+00
7.418271415681147118e+00
7.417678102292806663e+00
7.417042863147173648e+00
7.416366132498882990e+00
7.415648373151412009e+00
7.414890079133532375e+00
7.414091773468932445e+00
7.413254009737482164e+00
7.412377370960043343e+00
7.411462470267583313e+00
7.410509950678139113e+00
7.409520484650737870e+00
7.408494775423626777e+00
7.407433555453007301e+00
7.406337587528224908e+00
7.405207664325692996e+00
7.404044607962815938e+00
7.402849271113180585e+00
7.401622535445291362e+00
7.400365313406869205e+00
7.399078547332705647e+00
7.397763208329469542e+00
7.396420299398237752e+00
7.395050851419816773e+00
7.393655926500305675e+00
7.392236616186796283e+00
7.390794041913450130e+00
7.389329354778455539e+00
7.387843735990109018e+00
7.386338397982001425e+00
7.384814580398336936e+00
7.383273555000767985e+00
7.381716622545860140e+00
7.380145113231174392e+00
7.378560389371716433e+00
7.376963840493106161e+00
7.375356886454107475e+00
7.538111849688670318e+00
7.538089011061956057e+00
7.538020511686610803e+00
7.537906399292728210e+00
7.537746753281772349e+00
7.537541685618728948e+00
7.537291339270841384e+00
7.536995890437986567e+00
7.536655545876224771e+00
7.536270544682098560e+00
7.535841158515673044e+00
7.535367689370157329e+00
7.534850472917471009e+00
7.534289875608751963e+00
7.533686296012585437e+00
7.533040164368926206e+00
7.532351943704289177e+00
7.531622127824408430e+00
7.530851242652463640e+00
7.530039847121233088e+00
7.529188530273598801e+00
7.528297914608118369e+00
7.527368653625604367e+00
7.526401432721278262e+00
7.525396969630845589e+00
7.524356013761382300e+00
7.523279345968297172e+00
7.522167780339633403e+00
7.521022161296578190e+00
7.519843365600804574e+00
7.518632302577503701e+00
7.517389912554126141e+00
7.516117168644681712e+00
7.514815074965436992e+00
7.513484667973142628e+00
7.512127016018957271e+00
7.510743219125409986e+00
7.509334409655514797e+00
7.507901751197579188e+00
7.506446439680394711e+00
7.504969703596276354e+00
7.503472801324605257e+00
7.501957025146511526e+00
7.500423698568420505e+00
7.498874175875975823e+00
7.497309845702647912e+00
7.495732126122895522e+00
7.494142468220779563e+00
7.492542354751726030e+00
7.490933301034687908e+00
7.655994665135492205e+00
7.655971420802981875e+00
7.655901705425440795e+00
7.655785569409415459e+00
7.655623098178391039e+00
7.655414410611525611e+00
7.655159659043651033e+00
7.654859031049572771e+00
7.654512746990658201e+00
7.654121062468249193e+00
7.653684265424171684e+00
7.653202679486303062e+00
7.652676660846041479e+00
7.652106600711723772e+00
7.651492923747360564e+00
7.650836088518708777e+00
7.650136587939352140e+00
7.649394948824621565e+00
7.648611731445521755e+00
7.647787530866956729e+00
7.646922975832541880e+00
7.646018728764602201e+00
7.645075486433290379e+00
7.644093979510503623e+00
7.643074972123814703e+00
7.642019263417732411e+00
7.640927685100289857e+00
7.639801104788607411e+00
7.638640422663326213e+00
7.637446572806838141e+00
7.636220524095435280e+00
7.634963278638042361e+00
7.633675873560523684e+00
7.632359378552265206e+00
7.631014898096552201e+00
7.629643571470571928e+00
7.628246570068954568e+00
7.626825100303269878e+00
7.625380402932912638e+00
7.623913752172948755e+00
7.622426456363231573e+00
7.620919857299289113e+00
7.619395332239658813e+00
7.617854290337290557e+00
7.616298176431183897e+00
7.614728468369934333e+00
7.613146679242114523e+00
7.611554354253743604e+00
7.609953073850815208e+00
7.608344451488920690e+00
7.781563002099687765e+00
7.781539270875616587e+00
7.781468096161617609e+00
7.781349531040691936e+00
7.781183667181384322e+00
7.780970629930949123e+00
7.780710582776108275e+00
7.780403723997484811e+00
7.780050288899978739e+00
7.779650548474541516e+00
7.779204810067289699e+00
7.778713416487351928e+00
7.778176747791174961e+00
7.777595219721255226e+00
7.776969284152216666e+00
7.776299428644734668e+00
7.775586177337685534e+00
7.774830091171188506e+00
7.774031765656221893e+00
7.773191833997159073e+00
7.772310964638347031e+00
7.771389862156258488e+00
7.770429268374684284e+00
7.769429959465238511e+00
7.768392749292928556e+00
7.767318487185772113e+00
7.766208058826953753e+00
7.765062385808746193e+00
7.763882425855550551e+00
7.762669173269968859e+00
7.761423658040654594e+00
7.760146946288387859e+00
7.758840141158229287e+00
7.757504380589136161e+00
7.756140839544345411e+00
7.754750728896183887e+00
7.753335295872141764e+00
7.751895823385760664e+00
7.750433630928784901e+00
7.748950073902048707e+00
7.747446543838511168e+00
7.745924468626299131e+00
7.744385312731738580e+00
7.742830575415057481e+00
7.741261792960762556e+00
7.739680538231559659e+00
7.738088418884059294e+00
7.736487080937373584e+00
7.734878203866288437e+00
7.733263504615944584e+00
7.905856448192381869e+00
7.905832272900010338e+00
7.905759765758073598e+00
7.905638985202479319e+00
7.905470026470378997e+00
7.905253024499651282e+00
7.904988151698532306e+00
7.904675620175989792e+00
7.904315678842229964e+00
7.903908615862117237e+00
7.903454758209095488e+00
7.902954470550000998e+00
7.902408155914175225e+00
7.901816257031691215e+00
7.901179252987786228e+00
7.900497662791468478e+00
7.899772043591212878e+00
7.899002990897999510e+00
7.898191138139237566e+00
7.897337157550916587e+00
7.896441760623684303e+00
7.895505695426388471e+00
7.894529749951648689e+00
7.893514750331551255e+00
7.892461560168535506e+00
7.891371082765773259e+00
7.890244259342866329e+00
7.889082069258883223e+00
7.887885530012359148e+00
7.886655699025600263e+00
7.885393670076077832e+00
7.884100577534143284e+00
7.882777591679240636e+00
7.881425923606734329e+00
7.880046821436264892e+00
7.878641572096055867e+00
7.877211500430759017e+00
7.875757970985758583e+00
7.874282385553754260e+00
7.872786184066914217e+00
7.871270846158137324e+00
7.869737889376752449e+00
7.868188868519403023e+00
7.866625378752581277e+00
7.865049052267054641e+00
7.863461560508247850e+00
7.861864611945864389e+00
7.860259955642488805e+00
7.858649376792835817e+00
7.857034700292349072e+00
8.033077876576028231e+00
8.033053244056125308e+00
8.032979367461972942e+00
8.032856307459857348e+00
8.032684166424136407e+00
8.032463086652942508e+00
8.032193252375513737e+00
8.031874887744857361e+00
8.031508257729907285e+00
8.031093668338550984e+00
8.030631466840675969e+00
8.030122040206897793e+00
8.029565817115908999e+00
8.028963266616244709e+00
8.028314899018436535e+00
8.027621264333753004e+00
8.026882954727602382e+00
8.026100602735244394e+00
8.025274880815707945e+00
8.024406503805204594e+00
8.023496225794607639e+00
8.022544842359819128e+00
8.021553189892667746e+00
8.020522145823933968e+00
8.019452627731213923e+00
8.018345595123207659e+00
8.017202046540237603e+00
8.016023022899812389e+00
8.014809605043204499e+00
8.013562915519766960e+00
8.012284115687428709e+00
8.010974410842569782e+00
8.009635044197999321e+00
8.008267300897637497e+00
8.006872507124365157e+00
8.005452029653941537e+00
8.004007275855016701e+00
8.002539693912153140e+00
8.001050773494952750e+00
7.999542043750714093e+00
7.998015075980877242e+00
7.996471481856731955e+00
7.994912912750300471e+00
7.993341062187749202e+00
7.991757664065095135e+00
7.990164494655537020e+00
7.988563366364402007e+00
7.986956137542808420e+00
7.985344704904378865e+00
7.983731006201696623e+00
8.168989072551683606e+00
8.168963877084323144e+00
8.168888312539946739e+00
8.168762443599522527e+00
8.168586378882469745e+00
8.168360268939315105e+00
8.168084309151192102e+00
8.167758737053375739e+00
8.167383833450484687e+00
8.166959923531660337e+00
8.166487374194113968e+00
8.165966596719590243e+00
8.165398044767012919e+00
8.164782216156798000e+00
8.164119651309583503e+00
8.163410933915344003e+00
8.162656691602505177e+00
8.161857594153644868e+00
8.161014355735858317e+00
8.160127732893435848e+00
8.159198525663036605e+00
8.158227577573695655e+00
8.157215774977712996e+00
8.156164048165836178e+00
8.155073370029036539e+00
8.153944756727621979e+00
8.152779267914278094e+00
8.151578006957098665e+00
8.150342119378333194e+00
8.149072794861710989e+00
8.147771265914226291e+00
8.146438808089174088e+00
8.145076740878300470e+00
8.143686426373571763e+00
8.142269270605405396e+00
8.140826721981406777e+00
8.139360272847632416e+00
8.137871458373398426e+00
8.136361857220395066e+00
8.134833091319652709e+00
8.133286825871534731e+00
8.131724768899669442e+00
8.130148672143096888e+00
8.128560330164120273e+00
8.126961582132603112e+00
8.125354307811294419e+00
8.123740433354809554e+00
8.122121924618495470e+00
8.120500795187794552e+00
8.118879097010653467e+00
8.303884904686482216e+00
8.303859185972394030e+00
8.303782052356952548e+00
8.303653573204918814e+00
8.303473862711655329e+00
8.303243081241356904e+00
8.302961434880970160e+00
8.302629176109304510e+00
8.302246602235776152e+00
8.301814057407741032e+00
8.301331930157081374e+00
8.300800656968814195e+00
8.300220718266400510e+00
8.299592641088212375e+00
8.298916998195371875e+00
8.298194408294790492e+00
8.297425535593097479e+00
8.296611090465750848e+00
8.295751829233998009e+00
8.294848552826653787e+00
8.293902109902621334e+00
8.292913393505333630e+00
8.291883343293127595e+00
8.290812943754941600e+00
8.289703226440693129e+00
8.288555267730904674e+00
8.287370190620999111e+00
8.286149163606118861e+00
8.284893400235041838e+00
8.283604161117526843e+00
8.282282752140012860e+00
8.280930524911690682e+00
8.279548877210579860e+00
8.278139251645299623e+00
8.276703138108491231e+00
8.275242071323393844e+00
8.273757632182078936e+00
8.272251447076330422e+00
8.270725188566762753e+00
8.269180575382817366e+00
8.267619370861501338e+00
8.266043385400800858e+00
8.264454474452344712e+00
8.262854539859622705e+00
8.261245529411921140e+00
8.259629434836973871e+00
8.258008296484760535e+00
8.256384198866749458e+00
8.254759272440196582e+00
8.253135694054229532e+00
8.443079447550779548e+00
8.443053165443158647e+00
8.442974342985340996e+00
8.442843053110697937e+00
8.442659417374835940e+00
8.442423605509540963e+00
8.442135835199723104e+00
8.441796373867729741e+00
8.441405536666000131e+00
8.440963686923142362e+00
8.440471237928239390e+00
8.439928649808313921e+00
8.439336432204784799e+00
8.438695143158279066e+00
8.438005388439513865e+00
8.437267823556645396e+00
8.436483151524882373e+00
8.435652123981677519e+00
8.434775542301920837e+00
8.433854254921479665e+00
8.432889158898467130e+00
8.431881200582353131e+00
8.430831374275742363e+00
8.429740722903479977e+00
8.428610338235698052e+00
8.427441359772618767e+00
8.426234976751899808e+00
8.424992425249140382e+00
8.423714991300412791e+00
8.422404008894918803e+00
8.421060860867143560e+00
8.419686977558630048e+00
8.418283839271389013e+00
8.416852973145376282e+00
8.415395956504056585e+00
8.413914414624025895e+00
8.412410020735011429e+00
8.410884496465946825e+00
8.409339613183201223e+00
8.407777189537160467e+00
8.406199093469568950e+00
8.404607241098338122e+00
8.403003597163628768e+00
8.401390174581768733e+00
8.399769034891328090e+00
8.398142288476162065e+00
8.396512093896296491e+00
8.394880658780074612e+00
8.393250238039859923e+00
8.391623137440635816e+00
8.591930350836909369e+00
8.591903367944457415e+00
8.591822444916450863e+00
8.591687658254860693e+00
8.591499137098585592e+00
8.591257059877882796e+00
8.590961658106007093e+00
8.590613212810614741e+00
8.590212058102359549e+00
8.589758578275406009e+00
8.589253208699577868e+00
8.588696436712513815e+00
8.588088800727510019e+00
8.587430890233527236e+00
8.586723345795185480e+00
8.585966859721875011e+00
8.585162175844731181e+00
8.584310088178391140e+00
8.583411442705306982e+00
8.582467136929667006e+00
8.581478118762209562e+00
8.580445388750593594e+00
8.579369997179915330e+00
8.578253046526119974e+00
8.577095690340813761e+00
8.575899133474303326e+00
8.574664631629513423e+00
8.573393492254147930e+00
8.572087074317643385e+00
8.570746787195989924e+00
8.569374092009944377e+00
8.567970502071117878e+00
8.566537579759440746e+00
8.565076940314806819e+00
8.563590250721885511e+00
8.562079227702778184e+00
8.560545639947399366e+00
8.558991307890437383e+00
8.557418102150091244e+00
8.555827945981484106e+00
8.554222812600212222e+00
8.552604727412719043e+00
8.550975766901112607e+00
8.549338057954045667e+00
8.547693779874061093e+00
8.546045163262396827e+00
8.544394489349878441e+00
8.542744089327802826e+00
8.541096349254772235e+00
8.539453702919479028e+00
8.740177724710381568e+00
8.740150071143204968e+00
8.740067137652285822e+00
8.739929005200355761e+00
8.739735809617444673e+00
8.739487740039624697e+00
8.739185040693310924e+00
8.738828009110953587e+00
8.738416997469272474e+00
8.737952411920135276e+00
8.737434713036643430e+00
8.736864415367048053e+00
8.736242087657789313e+00
8.735568352407423021e+00
8.734843886981812133e+00
8.734069422498928148e+00
8.733245744721013892e+00
8.732373692716349112e+00
8.731454160420513588e+00
8.730488095744247445e+00
8.729476500350401125e+00
8.728420430992164469e+00
8.727320997505730205e+00
8.726179364817637563e+00
8.724996751383493176e+00
8.723774430526217927e+00
8.722513728651724918e+00
8.721216027479311350e+00
8.719882761588237940e+00
8.718515421540255161e+00
8.717115550534042967e+00
8.715684746189506171e+00
8.714224660547781554e+00
8.712736999848189612e+00
8.711223524974325727e+00
8.709686049446702327e+00
8.708126442768330477e+00
8.706546627748258160e+00
8.704948580724609641e+00
8.703334333125852140e+00
8.701705970578640148e+00
8.700065632461749132e+00
8.698415512352138279e+00
8.696757857801923564e+00
8.695094971230520997e+00
8.693429208809465791e+00
8.691762980239365888e+00
8.690098750980284947e+00
8.688439038237065759e+00
8.686786416312225256e+00
8.894105622062454586e+00
8.894077221764653984e+00
8.893992049643134834e+00
8.893850191344416345e+00
8.893651789835743671e+00
8.893397045182041438e+00
8.893086214768953113e+00
8.892719612856767597e+00
8.892297611918646538e+00
8.891820639741126797e+00
8.891289183215770109e+00
8.890703784993593928e+00
8.890065046161524265e+00
8.889373623565939297e+00
8.888630232266093500e+00
8.887835644641956634e+00
8.886990689055993542e+00
8.886096252306575849e+00
8.885153277620648993e+00
8.884162766438022274e+00
8.883125775957964265e+00
8.882043420923501742e+00
8.880916874067491307e+00
8.879747364997436776e+00
8.878536179972448039e+00
8.877284662572353824e+00
8.875994214143778649e+00
8.874666292461915518e+00
8.873302413291789037e+00
8.871904149050033439e+00
8.870473129250962430e+00
8.869011040506574517e+00
8.867519627418696260e+00
8.866000690794690442e+00
8.864456089208710310e+00
8.862887738109559876e+00
8.861297610712831840e+00
8.859687736439651573e+00
8.858060202924018967e+00
8.856417154005461256e+00
8.854760791513339058e+00
8.853093373928619059e+00
8.851417217276026150e+00
8.849734694677970026e+00
8.848048235908462900e+00
8.846360329400464906e+00
8.844673518008162816e+00
8.842990405475072535e+00
8.841313649965933052e+00
8.839645966743169936e+00
9.058237629497519094e+00
9.058208313629467767e+00
9.058120396358456006e+00
9.057973967791763670e+00
9.057769178479921024e+00
9.057506240085816174e+00
9.057185422931290475e+00
9.056807059119655889e+00
9.056371540528363795e+00
9.055879318585962068e+00
9.055330906502476296e+00
9.054726875477760117e+00
9.054067859831379295e+00
9.053354551872724088e+00
9.052587705023551479e+00
9.051768133371908220e+00
9.050896710556932234e+00
9.049974370661017176e+00
9.049002108655878729e+00
9.047980978395216312e+00
9.046912096183321594e+00
9.045796636537355440e+00
9.044635835086840103e+00
9.043430987681512434e+00
9.042183450837397274e+00
9.040894640175535457e+00
9.039566033098449083e+00
9.038199166113683347e+00
9.036795636618107253e+00
9.035357102005759700e+00
9.033885280113933547e+00
9.032381948777095104e+00
9.030848946719032710e+00
9.029288172214632979e+00
9.027701583982036482e+00
9.026091201405664677e+00
9.024459103644078439e+00
9.022807430522126637e+00
9.021138381415751084e+00
9.019454217259339046e+00
9.017757258538368959e+00
9.016049885735498037e+00
9.014334539776628574e+00
9.012613722030916819e+00
9.010889993864688918e+00
9.009165977087521426e+00
9.007444354398316477e+00
9.005727867824035116e+00
9.004019320057926379e+00
9.002321574013450345e+00
9.222298554779280622e+00
9.222268336054133542e+00
9.222177711550060053e+00
9.222026776727247466e+00
9.221815689942550520e+00
9.221544674456826129e+00
9.221214015089369553e+00
9.220824061786521142e+00
9.220375227614322711e+00
9.219867988758524646e+00
9.219302884970646872e+00
9.218680520460148742e+00
9.218001561664033616e+00
9.217266739477240733e+00
9.216476847914409021e+00
9.215632744555955824e+00
9.214735350548082238e+00
9.213785650379723080e+00
9.212784692551672094e+00
9.211733588684426266e+00
9.210633514187298587e+00
9.209485707589303516e+00
9.208291471431310882e+00
9.207052171596933121e+00
9.205769237089482360e+00
9.204444161147167236e+00
9.203078500127896078e+00
9.201673873955355631e+00
9.200231965895978803e+00
9.198754523451082576e+00
9.197243356795619107e+00
9.195700340339428180e+00
9.194127410942941836e+00
9.192526570370596062e+00
9.190899883060453135e+00
9.189249477685470069e+00
9.187577544923117401e+00
9.185886340800946570e+00
9.184178184020137081e+00
9.182455456624609269e+00
9.180720604447097699e+00
9.178976137109156497e+00
9.177224626905966076e+00
9.175468710590637400e+00
9.173711088705097438e+00
9.171954523126673919e+00
9.170201842867079733e+00
9.168455936712160081e+00
9.166719759020882208e+00
9.164996328387106317e+00
9.393131590778596163e+00
9.393100353662761748e+00
9.393006674432703207e+00
9.392850654570628066e+00
9.392632460462751354e+00
9.392352326744859425e+00
9.392010554518011034e+00
9.391607511571569589e+00
9.391143632829285437e+00
9.390619420572329901e+00
9.390035443101067969e+00
9.389392335850251570e+00
9.388690801835087640e+00
9.387931610313019704e+00
9.387115597229797714e+00
9.386243666334667779e+00
9.385316788065185989e+00
9.384335998655068067e+00
9.383302403033670913e+00
9.382217171480441209e+00
9.381081542078316460e+00
9.379896819375506567e+00
9.378664374831570782e+00
9.377385647486523368e+00
9.376062142399575805e+00
9.374695431987360550e+00
9.373287155800893444e+00
9.371839019633423362e+00
9.370352796412584340e+00
9.368830326869504788e+00
9.367273517308436936e+00
9.365684341391050438e+00
9.364064840136435919e+00
9.362417121475036907e+00
9.360743359356481719e+00
9.359045795533905476e+00
9.357326738002671007e+00
9.355588562561639066e+00
9.353833711251901661e+00
9.352064692579824978e+00
9.350284083301342974e+00
9.348494525522477616e+00
9.346698730044895598e+00
9.344899472797303375e+00
9.343099597511912435e+00
9.341302014609237148e+00
9.339509702313293360e+00
9.337725703529057952e+00
9.335953130972352909e+00
9.334195162039964799e+00
9.574046379650960503e+00
9.574013929432421577e+00
9.573916613347666527e+00
9.573754537785735153e+00
9.573527877831317312e+00
9.573236880387277381e+00
9.572881861944285475e+00
9.572463209695996511e+00
9.571981380646903403e+00
9.571436902950566150e+00
9.570830375240490184e+00
9.570162465068875690e+00
9.569433912029133182e+00
9.568645525525512952e+00
9.567798184996137323e+00
9.566892840582122304e+00
9.565930512458459489e+00
9.564912292172238040e+00
9.563839340189236538e+00
9.562712888124300648e+00
9.561534238518298423e+00
9.560304763053824928e+00
9.559025904785578120e+00
9.557699176802127994e+00
9.556326162225923682e+00
9.554908515105440259e+00
9.553447959523026611e+00
9.551946290487061120e+00
9.550405372370683210e+00
9.548827140919135203e+00
9.547213601242418690e+00
9.545566830268715108e+00
9.543888973844897095e+00
9.542182248743854345e+00
9.540448942664513154e+00
9.538691412670555536e+00
9.536912087420805761e+00
9.535113464269738159e+00
9.533298112613039166e+00
9.531468671434200957e+00
9.529627849973621778e+00
9.527778427728620159e+00
9.525923256237728509e+00
9.524065254396896663e+00
9.522207414481522747e+00
9.520352796793536854e+00
9.518504534568238640e+00
9.516665828175309372e+00
9.514839950025649529e+00
9.513030244794407508e+00
9.755468295860215022e+00
9.755434620717966965e+00
9.755333632315501546e+00
9.755165441502615664e+00
9.754930233623737124e+00
9.754628267625776061e+00
9.754259876950273522e+00
9.753825468418211742e+00
9.753325523791284368e+00
9.752760598210626242e+00
9.752131320865927933e+00
9.751438395441510920e+00
9.750682598778105614e+00
9.749864782880180769e+00
9.748985873131656987e+00
9.748046868965005274e+00
9.747048844307327542e+00
9.745992946688213365e+00
9.744880397462761579e+00
9.743712492703748396e+00
9.742490601863389443e+00
9.741216169111570622e+00
9.739890711551543845e+00
9.738515822342462158e+00
9.737093166461649574e+00
9.735624484050180882e+00
9.734111589074649018e+00
9.732556369773238458e+00
9.730960787986616012e+00
9.729326880050081172e+00
9.727656756347489164e+00
9.725952600419098815e+00
9.724216671414991353e+00
9.722451300749501257e+00
9.720658895446785408e+00
9.718841935241327334e+00
9.717002975254397157e+00
9.715144643540629232e+00
9.713269642872329968e+00
9.711380749401246959e+00
9.709480813773760488e+00
9.707572760684808344e+00
9.705659589100918083e+00
9.703744371368067334e+00
9.701830254326857528e+00
9.699920458866452933e+00
9.698018279924569995e+00
9.696127086041409271e+00
9.694250320474838034e+00
9.692391500085207667e+00
9.944473089351600237e+00
9.944438030482716684e+00
9.944332892461606122e+00
9.944157792829200204e+00
9.943912925851440932e+00
9.943598563411432778e+00
9.943215056793739848e+00
9.942762833338827377e+00
9.942242399342545056e+00
9.941654338717910377e+00
9.940999312995094428e+00
9.940278061990547087e+00
9.939491402691805533e+00
9.938640230372678630e+00
9.937725518593254037e+00
9.936748317638624428e+00
9.935709756526236447e+00
9.934611041890697436e+00
9.933453458206814801e+00
9.932238367566556647e+00
9.930967210125128730e+00
9.929641504324008494e+00
9.928262845106649692e+00
9.926832906817969260e+00
9.925353441197007243e+00
9.923826276930851620e+00
9.922253321438939011e+00
9.920636559980909652e+00
9.918978055210523337e+00
9.917279948290854463e+00
9.915544457109987775e+00
9.913773878511396020e+00
9.911970586955712648e+00
9.910137034297695990e+00
9.908275750232302670e+00
9.906389343409877313e+00
9.904480498536662125e+00
9.902551979943401861e+00
9.900606628462810477e+00
9.898647363213882500e+00
9.896677181378841226e+00
9.894699158203156486e+00
9.892716445657301350e+00
9.890732275113215621e+00
9.888749954667847675e+00
9.886772870258347723e+00
9.884804486108139443e+00
9.882848344949959341e+00
9.880908065795475537e+00
9.878987345719599134e+00
1.014308334848766080e+01
1.014304668843026569e+01
1.014293674907399812e+01
1.014275365331270073e+01
1.014249760544901413e+01
1.014216889141742506e+01
1.014176787945337566e+01
1.014129501942414713e+01
1.014075084215975231e+01
1.014013596123723460e+01
1.013945107186548000e+01
1.013869695066217957e+01
1.013787445609990101e+01
1.013698452850609577e+01
1.013602818984005616e+01
1.013500654413899227e+01
1.013392077684891746e+01
1.013277215527072705e+01
1.013156202878323242e+01
1.013029182795101413e+01
1.012896306563960636e+01
1.012757733590030895e+01
1.012613631530841829e+01
1.012464176184803222e+01
1.012309551468901425e+01
1.012149949597130316e+01
1.011985570857452288e+01
1.011816623745621513e+01
1.011643324942880540e+01
1.011465899293655823e+01
1.011284579872469536e+01
1.011099607827812719e+01
1.010911232560576245e+01
1.010719711657138653e+01
1.010525310822454870e+01
1.010328303969272135e+01
1.010128973173521771e+01
1.009927608718926528e+01
1.009724509097001288e+01
1.009519980806318706e+01
1.009314338753977047e+01
1.009107905876436284e+01
1.008901013251036716e+01
1.008694000296733151e+01
1.008487214461841930e+01
1.008281011447078690e+01
1.008075755071735813e+01
1.007871817362897282e+01
1.007669578577743152e+01
1.007469427114333094e+01
1.034277277210216539e+01
1.034273446691780762e+01
1.034261959418799570e+01
1.034242828282859072e+01
1.034216074740197477e+01
1.034181728945528000e+01
1.034139829462089821e+01
1.034090423618508581e+01
1.034033567263454145e+01
1.033969324787945432e+01
1.033897769303779768e+01
1.033818982353584381e+01
1.033733054245372607e+01
1.033640083740291260e+01
1.033540178275658228e+01
1.033433453808836333e+01
1.033320034973359469e+01
1.033200054967413806e+01
1.033073655486926867e+01
1.032940986993211752e+01
1.032802208400715571e+01
1.032657487300056509e+01
1.032506999801897152e+01
1.032350930648464171e+01
1.032189473191244034e+01
1.032022829346375126e+01
1.031851209639255984e+01
1.031674833182241358e+01
1.031493927652338094e+01
1.031308729380420353e+01
1.031119483239710988e+01
1.030926442712692825e+01
1.030729869891108308e+01
1.030530035364440877e+01
1.030327218509864196e+01
1.030121707068470016e+01
1.029913797569040490e+01
1.029703795015794654e+01
1.029492013022211694e+01
1.029278773811030234e+01
1.029064408214249049e+01
1.028849255628519366e+01
1.028633664037448092e+01
1.028417990100813562e+01
1.028202598909223653e+01
1.027987864318672706e+01
1.027774168660592302e+01
1.027561902897977042e+01
1.027351466580778627e+01
1.027143267868207488e+01
1.055002666011155554e+01
1.054998651910289809e+01
1.054986614179968463e+01
1.054966566336283051e+01
1.054938530928357210e+01
1.054902539582954013e+01
1.054858632870652890e+01
1.054806860461976292e+01
1.054747280993567315e+01
1.054679962179708141e+01
1.054604980700801242e+01
1.054522422359496225e+01
1.054432381813043840e+01
1.054334962997068459e+01
1.054230278634884321e+01
1.054118450549748864e+01
1.053999609664862369e+01
1.053873895824938423e+01
1.053741458019240973e+01
1.053602454091634932e+01
1.053457051097448094e+01
1.053305424968912796e+01
1.053147760738204752e+01
1.052984252470531423e+01
1.052815103174916622e+01
1.052640525027238816e+01
1.052460739124889244e+01
1.052275975553683196e+01
1.052086473543986500e+01
1.051892481269981872e+01
1.051694255961187174e+01
1.051492063857848791e+01
1.051286180166332684e+01
1.051076889282163762e+01
1.050864484477771477e+01
1.050649268125528835e+01
1.050431551541625552e+01
1.050211655186801352e+01
1.049989908421005502e+01
1.049766649771041394e+01
1.049542226640618026e+01
1.049316995533387242e+01
1.049091322008336213e+01
1.048865580590572577e+01
1.048640154838236072e+01
1.048415437387105165e+01
1.048191829839078970e+01
1.047969742873695864e+01
1.047749596114310933e+01
1.047531818239614587e+01
1.076558993430119671e+01
1.076554773376130747e+01
1.076542117987173874e+01
1.076521041470757822e+01
1.076491567491195411e+01
1.076453729214210497e+01
1.076407569306938150e+01
1.076353139826405503e+01
1.076290502397962356e+01
1.076219728036850753e+01
1.076140897348938807e+01
1.076054100263075597e+01
1.075959436298736627e+01
1.075857014409896983e+01
1.075746953007335449e+01
1.075629380003242019e+01
1.075504432788913611e+01
1.075372258212451548e+01
1.075233012578759784e+01
1.075086861738761712e+01
1.074933980888665097e+01
1.074774554859911291e+01
1.074608777829226902e+01
1.074436853497052979e+01
1.074258995087545721e+01
1.074075425170145870e+01
1.073886375927224179e+01
1.073692088908740061e+01
1.073492815210671658e+01
1.073288815408104035e+01
1.073080359466015032e+01
1.072867726917704623e+01
1.072651206708668781e+01
1.072431097263511113e+01
1.072207706508246261e+01
1.071981351892603662e+01
1.071752360233901236e+01
1.071521067873171873e+01
1.071287820608251984e+01
1.071052973760693305e+01
1.070816892086546623e+01
1.070579949798666775e+01
1.070342530633623568e+01
1.070105027740182813e+01
1.069867843813128516e+01
1.069631391004049092e+01
1.069396090876728245e+01
1.069162374563272522e+01
1.068930682563376955e+01
1.068701464989666405e+01
1.098266875114833319e+01
1.098262441167574899e+01
1.098249144321846948e+01
1.098226999476575827e+01
1.098196031545086093e+01
1.098156275343581356e+01
1.098107775680359843e+01
1.098050587288902413e+01
1.097984774850177203e+01
1.097910413037246258e+01
1.097827586426051028e+01
1.097736389584627403e+01
1.097636927050801425e+01
1.097529313220671554e+01
1.097413672549340902e+01
1.097290139417096633e+01
1.097158858107104429e+01
1.097019982916928349e+01
1.096873678069315439e+01
1.096720117734499311e+01
1.096559486052504795e+01
1.096391977088538816e+01
1.096217794944510793e+01
1.096037153580601675e+01
1.095850276882175578e+01
1.095657398838209318e+01
1.095458763251344436e+01
1.095254623938620320e+01
1.095045244642259341e+01
1.094830899118882073e+01
1.094611870938773102e+01
1.094388453842741527e+01
1.094160951318349717e+01
1.093929676912164872e+01
1.093694954095937888e+01
1.093457116288906050e+01
1.093216506947008959e+01
1.092973479272938597e+01
1.092728396662215573e+01
1.092481632301720218e+01
1.092233569459643405e+01
1.091984601217839135e+01
1.091735130717167301e+01
1.091485570956760043e+01
1.091236344972450745e+01
1.090987885747559716e+01
1.090740636212894188e+01
1.090495049157533103e+01
1.090251587451864523e+01
1.090010723913763790e+01
1.120626770262778393e+01
1.120622102594188263e+01
1.120608104874414046e+01
1.120584792716103273e+01
1.120552192281592241e+01
1.120510340171387043e+01
1.120459283401860517e+01
1.120399079516769980e+01
1.120329796408828038e+01
1.120251512475828726e+01
1.120164316598342857e+01
1.120068308117416045e+01
1.119963596700744368e+01
1.119850302632624128e+01
1.119728556613218196e+01
1.119598499669339908e+01
1.119460283444403714e+01
1.119314069930778111e+01
1.119160031692824830e+01
1.118998351532341040e+01
1.118829222934635936e+01
1.118652849711669717e+01
1.118469446158179892e+01
1.118279237029378059e+01
1.118082457563253129e+01
1.117879353324445013e+01
1.117670180516497958e+01
1.117455205647303451e+01
1.117234705774441572e+01
1.117008968326751095e+01
1.116778291260456513e+01
1.116542982947647644e+01
1.116303362198584814e+01
1.116059758284002257e+01
1.115812511002018681e+01
1.115561970522012025e+01
1.115308497429226264e+01
1.115052462925505594e+01
1.114794248472433935e+01
1.114534246081283975e+01
1.114272858268410005e+01
1.114010497921424658e+01
1.113747588410718414e+01
1.113484563500244029e+01
1.113221867548250721e+01
1.112959955217334951e+01
1.112699291675174429e+01
1.112440352639136165e+01
1.112183624130934056e+01
1.111929602744274881e+01
1.143618267991609549e+01
1.143613345703043827e+01
1.143598584390988293e+01
1.143574000426418991e+01
1.143539621309899346e+01
1.143495485470845452e+01
1.143441642267526959e+01
1.143378152143193383e+01
1.143305086380732050e+01
1.143222527348009798e+01
1.143130568386354362e+01
1.143029313721339335e+01
1.142918878663517468e+01
1.142799389429991663e+01
1.142670983278236108e+01
1.142533808372274784e+01
1.142388023916504025e+01
1.142233800044172831e+01
1.142071317884295212e+01
1.141900769561649298e+01
1.141722358152170536e+01
1.141536297749862605e+01
1.141342813377582210e+01
1.141142141031646773e+01
1.140934527748746419e+01
1.140720231494423587e+01
1.140499521229985724e+01
1.140272676890201353e+01
1.140039989360995065e+01
1.139801760524056995e+01
1.139558303301448738e+01
1.139309941477173815e+01
1.139057009897911676e+01
1.138799854361499087e+01
1.138538831616929237e+01
1.138274309453567668e+01
1.138006666611936879e+01
1.137736292761412749e+01
1.137463588634046907e+01
1.137188965823832376e+01
1.136912847076654032e+01
1.136635665888818991e+01
1.136357866975437148e+01
1.136079905824344927e+01
1.135802249052965784e+01
1.135525374162969392e+01
1.135249769651789187e+01
1.134975935057231489e+01
1.134704380779043831e+01
1.134435628279650032e+01
1.166777599405169141e+01
1.166772411255521646e+01
1.166756852583258919e+01
1.166730940718419340e+01
1.166694704477489530e+01
1.166648184252618670e+01
1.166591431967011161e+01
1.166524511074926984e+01
1.166447496583985100e+01
1.166360475010555930e+01
1.166263544468976399e+01
1.166156814537727904e+01
1.166040406348650471e+01
1.165914452631550979e+01
1.165779097602683834e+01
1.165634497009358839e+01
1.165480818152245313e+01
1.165318239885370843e+01
1.165146952593818952e+01
1.164967158193728380e+01
1.164779070087685575e+01
1.164582913343154580e+01
1.164378924447136399e+01
1.164167351484598534e+01
1.163948454049259595e+01
1.163722503288198062e+01
1.163489781879547103e+01
1.163250584077102801e+01
1.163005215621109123e+01
1.162753993782865614e+01
1.162497247453941718e+01
1.162235316945443486e+01
1.161968554211051519e+01
1.161697322646285890e+01
1.161421997311545340e+01
1.161142964686764678e+01
1.160860622827541810e+01
1.160575381387440785e+01
1.160287661461866371e+01
1.159997895766493770e+01
1.159706528458837660e+01
1.159414015361291739e+01
1.159120823693481661e+01
1.158827432362214793e+01
1.158534331649227589e+01
1.158242023523438391e+01
1.157951021417909310e+01
1.157661850341365195e+01
1.157375046744371438e+01
1.157091158742371206e+01
1.190344890477790152e+01
1.190339420497553036e+01
1.190323016668078182e+01
1.190295697144643938e+01
1.190257492282697704e+01
1.190208444481729089e+01
1.190148608319092816e+01
1.190078050572312307e+01
1.189996849996041561e+01
1.189905097612015261e+01
1.189802896441402424e+01
1.189690361772452576e+01
1.189567620892849398e+01
1.189434813312749739e+01
1.189292090586352124e+01
1.189139616512632003e+01
1.188977566889998982e+01
1.188806129739335837e+01
1.188625505147870776e+01
1.188435905358393718e+01
1.188237554769255588e+01
1.188030689845153276e+01
1.187815559250952546e+01
1.187592423695561550e+01
1.187361556088057135e+01
1.187123241426165698e+01
1.186877776840871768e+01
1.186625471641023921e+01
1.186366647157210075e+01
1.186101636987097940e+01
1.185830786705486162e+01
1.185554454131949420e+01
1.185273009174712833e+01
1.184986833852955002e+01
1.184696322319111417e+01
1.184401880925786976e+01
1.184103928002717154e+01
1.183802894169021691e+01
1.183499222043254484e+01
1.183193366466442598e+01
1.182885794368262466e+01
1.182576984811648302e+01
1.182267428925879926e+01
1.181957630129621784e+01
1.181648103774060843e+01
1.181339377477464936e+01
1.181031990924447328e+01
1.180726495977486934e+01
1.180423456520800762e+01
1.180123448705685796e+01
1.214266271732299174e+01
1.214260503951964587e+01
1.214243206945234732e+01
1.214214399871058525e+01
1.214174114556932871e+01
1.214122395677333266e+01
1.214059300619890713e+01
1.213984899485392077e+01
1.213899275243906395e+01
1.213802523467139949e+01
1.213694752529169385e+01
1.213576083628746183e+01
1.213446650655473924e+01
1.213306600234415455e+01
1.213156091815308635e+01
1.212995297471831790e+01
1.212824402191552764e+01
1.212643603585980401e+01
1.212453112113601961e+01
1.212253150856844996e+01
1.212043955812027285e+01
1.211825775621710832e+01
1.211598871663916910e+01
1.211363518163645736e+01
1.211120002036749099e+01
1.210868622934538408e+01
1.210609693288392386e+01
1.210343538309756717e+01
1.210070495923232592e+01
1.209790916811184758e+01
1.209505164369134000e+01
1.209213614861882746e+01
1.208916657155870489e+01
1.208614692964515491e+01
1.208308136803606558e+01
1.207997415790569207e+01
1.207682969889807723e+01
1.207365251845793530e+01
1.207044727026938347e+01
1.206721873737847517e+01
1.206397182907067389e+01
1.206071158220907158e+01
1.205744316168047092e+01
1.205417185950323500e+01
1.205090309527335357e+01
1.204764241638749311e+01
1.204439549737387694e+01
1.204116814056139440e+01
1.203796627585657575e+01
1.203479596052053857e+01
1.238327155225512044e+01
1.238321076396633380e+01
1.238302846578828031e+01
1.238272485934715128e+01
1.238230027986879023e+01
1.238175519729388263e+01
1.238109021538581089e+01
1.238030607217671886e+01
1.237940363996752247e+01
1.237838392532790621e+01
1.237724806887328022e+01
1.237599734504174975e+01
1.237463316387841594e+01
1.237315706768980306e+01
1.237157073394335960e+01
1.236987597482137247e+01
1.236807473588274853e+01
1.236616909695516142e+01
1.236416127258112674e+01
1.236205361134889458e+01
1.235984859522332435e+01
1.235754884155324085e+01
1.235515710128711397e+01
1.235267625941914993e+01
1.235010933543536105e+01
1.234745948286748352e+01
1.234472998951602918e+01
1.234192427767330891e+01
1.233904590300825177e+01
1.233609855612767170e+01
1.233308606168410826e+01
1.233001237815279438e+01
1.232688159894684610e+01
1.232369795107902988e+01
1.232046579516177154e+01
1.231718962786056260e+01
1.231387407854839822e+01
1.231052391064400808e+01
1.230714402295007304e+01
1.230373944742285630e+01
1.230031535051042546e+01
1.229687703337569005e+01
1.229342993055817956e+01
1.228997961064314914e+01
1.228653177826892851e+01
1.228309226988919534e+01
1.227966705778766254e+01
1.227626224717858427e+01
1.227288407866016762e+01
1.226953892598420204e+01
1.262401295662986733e+01
1.262394900477263882e+01
1.262375722057305438e+01
1.262343781547096810e+01
1.262299114298132530e+01
1.262241769735593522e+01
1.262171811447562142e+01
1.262089317140415368e+01
1.261994378661127314e+01
1.261887101908054909e+01
1.261767607031672078e+01
1.261636028189227687e+01
1.261492513790087244e+01
1.261337226272695311e+01
1.261170342238397879e+01
1.260992052406834851e+01
1.260802561638244335e+01
1.260602088911158170e+01
1.260390867344706045e+01
1.260169144198615321e+01
1.259937180806300105e+01
1.259695252664075760e+01
1.259443649386552089e+01
1.259182674773543731e+01
1.258912646676248492e+01
1.258633897064157914e+01
1.258346772136576597e+01
1.258051632099584083e+01
1.257748851389073153e+01
1.257438818492318688e+01
1.257121936059497891e+01
1.256798620859081517e+01
1.256469303844745689e+01
1.256134429954638065e+01
1.255794458401326530e+01
1.255449862515673409e+01
1.255101129657619552e+01
1.254748761350007591e+01
1.254393273256277475e+01
1.254035195269682923e+01
1.253675071178733269e+01
1.253313459180181155e+01
1.252950931343731789e+01
1.252588074035814181e+01
1.252225487651936930e+01
1.251863786839724746e+01
1.251503600164362773e+01
1.251145570554671416e+01
1.250790354968550133e+01
1.250438624326066162e+01
1.286487881833867597e+01
1.286481163577862041e+01
1.286461016281612579e+01
1.286427462204293626e+01
1.286380538637828685e+01
1.286320297594637374e+01
1.286246806119888397e+01
1.286160146001550686e+01
1.286060414038037969e+01
1.285947721815171896e+01
1.285822195840003879e+01
1.285683977473904527e+01
1.285533223044082085e+01
1.285370103642848250e+01
1.285194805350656466e+01
1.285007529057671505e+01
1.284808490597592012e+01
1.284597920613827782e+01
1.284376064671019080e+01
1.284143183255035758e+01
1.283899551661459526e+01
1.283645460151709727e+01
1.283381213774612917e+01
1.283107132500225944e+01
1.282823551242139715e+01
1.282530819701352698e+01
1.282229302544700822e+01
1.281919379248731339e+01
1.281601444233525555e+01
1.281275906728875924e+01
1.280943190952716826e+01
1.280603735932693255e+01
1.280257995550769401e+01
1.279906438654747269e+01
1.279549548969051287e+01
1.279187824960905751e+01
1.278821780197195679e+01
1.278451942942998265e+01
1.278078856406924579e+01
1.277703078785727087e+01
1.277325182996654895e+01
1.276945756922794395e+01
1.276565403301550994e+01
1.276184739791560041e+01
1.275804398905776260e+01
1.275425028033776087e+01
1.275047289486367141e+01
1.274671860361763898e+01
1.274299432768626161e+01
1.273930713647628998e+01
1.310623969754592366e+01
1.310616916116616615e+01
1.310595762919798091e+01
1.310560533850753018e+01
1.310511267985707562e+01
1.310448020281180881e+01
1.310370861373250229e+01
1.310279877510641100e+01
1.310175170688548540e+01
1.310056858537118707e+01
1.309925074432968373e+01
1.309779967432272763e+01
1.309621702226158213e+01
1.309450459252221144e+01
1.309266434605313378e+01
1.309069840082148950e+01
1.308860903181304458e+01
1.308639867036307614e+01
1.308406990549460147e+01
1.308162548235711142e+01
1.307906830356480121e+01
1.307640142785833426e+01
1.307362807188915532e+01
1.307075160843518091e+01
1.306777556751599079e+01
1.306470363550067937e+01
1.306153965666911532e+01
1.305828763120460501e+01
1.305495171653211450e+01
1.305153622687220327e+01
1.304804563368709047e+01
1.304448456478850638e+01
1.304085780522984805e+01
1.303717029686009532e+01
1.303342713854685897e+01
1.302963358573029495e+01
1.302579505086918843e+01
1.302191710321790730e+01
1.301800546971856321e+01
1.301406603254758920e+01
1.301010483246130711e+01
1.300612806611947647e+01
1.300214208742352007e+01
1.299815340707044697e+01
1.299416869232981675e+01
1.299019476771285397e+01
1.298623861497244292e+01
1.298230737176490734e+01
1.297840833388038462e+01
1.297454895256637286e+01
1.334248934214410909e+01
1.334241559022809653e+01
1.334219441745013235e+01
1.334182607205130644e+01
1.334131096754373935e+01
1.334064968337968793e+01
1.333984296450547191e+01
1.333889172024628245e+01
1.333779702720568139e+01
1.333656012592002149e+01
1.333518242331187409e+01
1.333366549157483405e+01
1.333201106817351977e+01
1.333022105673572710e+01
1.332829752504508924e+01
1.332624270794056187e+01
1.332405900463998094e+01
1.332174898030131160e+01
1.331931536535355320e+01
1.331676105594279846e+01
1.331408911393224592e+01
1.331130276578700133e+01
1.330840540458142307e+01
1.330540058821482141e+01
1.330229204008056421e+01
1.329908364884304994e+01
1.329577946955288503e+01
1.329238372208562957e+01
1.328890079181090655e+01
1.328533522959239654e+01
1.328169175201088592e+01
1.327797524091818104e+01
1.327419074321407955e+01
1.327034347285370686e+01
1.326643880772497930e+01
1.326248229165596015e+01
1.325847963419180786e+01
1.325443671014870617e+01
1.325035955961386414e+01
1.324625438861463067e+01
1.324212756867241758e+01
1.323798563657965488e+01
1.323383529439980677e+01
1.322968340991343261e+01
1.322553701684122807e+01
1.322140331350580666e+01
1.321728966439295228e+01
1.321320359948251166e+01
1.320915281380232287e+01
1.320514516765124569e+01
1.357507072252174574e+01
1.357499382956411260e+01
1.357476323789899908e+01
1.357437921004192027e+01
1.357384218203181447e+01
1.357315276566142259e+01
1.357231174713906263e+01
1.357132008686558677e+01
1.357017892054957464e+01
1.356888955898429749e+01
1.356745348581733346e+01
1.356587236134221897e+01
1.356414802004502285e+01
1.356228247038131762e+01
1.356027789633743730e+01
1.355813665586921957e+01
1.355586128179414906e+01
1.355345448290655241e+01
1.355091914040899148e+01
1.354825831214998288e+01
1.354547522972450047e+01
1.354257329936613807e+01
1.353955610217013472e+01
1.353642739453946042e+01
1.353319110662354419e+01
1.352985134365650488e+01
1.352641238573411187e+01
1.352287868736771159e+01
1.351925487770726342e+01
1.351554576098741300e+01
1.351175631585838488e+01
1.350789169560901293e+01
1.350395722838978685e+01
1.349995841698980570e+01
1.349590093883678321e+01
1.349179064555097085e+01
1.348763356495249965e+01
1.348343589793884334e+01
1.347920402071520840e+01
1.347494448434845182e+01
1.347066401454403994e+01
1.346636951142301797e+01
1.346206804974504401e+01
1.345776687957750006e+01
1.345347342540334701e+01
1.344919528545200471e+01
1.344494023437581198e+01
1.344071622012749145e+01
1.343653136574445739e+01
1.343239396912576922e+01
1.380649621452597131e+01
1.380641611339233243e+01
1.380617590255210736e+01
1.380577585834915944e+01
1.380521644224873690e+01
1.380449829972229026e+01
1.380362226069354925e+01
1.380258934043067320e+01
1.380140073753890562e+01
1.380005783529881036e+01
1.379856220233537378e+01
1.379691559105675047e+01
1.379511993787729551e+01
1.379317736455579357e+01
1.379109017708026741e+01
1.378886086589101900e+01
1.378649210565758487e+01
1.378398675572482190e+01
1.378134785966682685e+01
1.377857864640211893e+01
1.377568252796327641e+01
1.377266310172729824e+01
1.376952414996954133e+01
1.376626963807940918e+01
1.376290371701377779e+01
1.375943072195875416e+01
1.375585517232969401e+01
1.375218177199422165e+01
1.374841540994135869e+01
1.374456115872024853e+01
1.374062427622446769e+01
1.373661020390771448e+01
1.373252456879115435e+01
1.372837318078696711e+01
1.372416203626694831e+01
1.371989731449390959e+01
1.371558537985204751e+01
1.371123278117784317e+01
1.370684625198308559e+01
1.370243270911665689e+01
1.369799925566401733e+01
1.369355317804771488e+01
1.368910194714257678e+01
1.368465321872178286e+01
1.368021483278774930e+01
1.367579481401820907e+01
1.367140137132013855e+01
1.366704289805278627e+01
1.366272797247375692e+01
1.365846535706989151e+01
1.402697421027722768e+01
1.402689131648704013e+01
1.402664273258400840e+01
1.402622875130526836e+01
1.402564985965390321e+01
1.402490674001412252e+01
1.402400026948215306e+01
1.402293152064687476e+01
1.402170176058614359e+01
1.402031245086679334e+01
1.401876524888286824e+01
1.401706200651739032e+01
1.401520477103450801e+01
1.401319578351824191e+01
1.401103748110285352e+01
1.400873249585765734e+01
1.400628365411791165e+01
1.400369397737696886e+01
1.400096668250930598e+01
1.399810518110142610e+01
1.399511307878272781e+01
1.399199417790196875e+01
1.398875247440474112e+01
1.398539215939471880e+01
1.398191761935671629e+01
1.397833343571059572e+01
1.397464438369608963e+01
1.397085543482621084e+01
1.396697175510295175e+01
1.396299870568639534e+01
1.395894184222560419e+01
1.395480691530470096e+01
1.395059987111197053e+01
1.394632685010163975e+01
1.394199418766299559e+01
1.393760841478948542e+01
1.393317625696354334e+01
1.392870463437961703e+01
1.392420066283632174e+01
1.391967165262125228e+01
1.391512510873402242e+01
1.391056873155537410e+01
1.390601041617806821e+01
1.390145825307599736e+01
1.389692052676595146e+01
1.389240571803800783e+01
1.388792250105603543e+01
1.388347974648021754e+01
1.387908651789845393e+01
1.387475207673319311e+01
1.424000839773409055e+01
1.423992297514109673e+01
1.423966681029407511e+01
1.423924021265799666e+01
1.423864369733870916e+01
1.423787798575204278e+01
1.423694400573532803e+01
1.423584289076676868e+01
1.423457598063455087e+01
1.423314482143684145e+01
1.423155116513572160e+01
1.422979697044932834e+01
1.422788440106755381e+01
1.422581582788242649e+01
1.422359382698077290e+01
1.422122118187458639e+01
1.421870088082458317e+01
1.421603611907057640e+01
1.421323029749324895e+01
1.421028702372934127e+01
1.420721011105646703e+01
1.420400357839310779e+01
1.420067165230595663e+01
1.419721876411042771e+01
1.419364955165495168e+01
1.418996885887490933e+01
1.418618173623870327e+01
1.418229343985560220e+01
1.417830943169878744e+01
1.417423538116660886e+01
1.417007716218310165e+01
1.416584085609747135e+01
1.416153274923068039e+01
1.415715933510582758e+01
1.415272731288688135e+01
1.414824358760171563e+01
1.414371527103426729e+01
1.413914968038630349e+01
1.413455433939261496e+01
1.412993697809797489e+01
1.412530553241106190e+01
1.412066814410446902e+01
1.411603316170684153e+01
1.411140913961073728e+01
1.410680483807262142e+01
1.410222922388198086e+01
1.409769146902309345e+01
1.409320095357452907e+01
1.408876726169446059e+01
1.408440018429711671e+01
1.444943502539697100e+01
1.444934712987214631e+01
1.444908355225165053e+01
1.444864461950892576e+01
1.444803087663688501e+01
1.444724308597880125e+01
1.444628222890107949e+01
1.444514950389745067e+01
1.444384632770414534e+01
1.444237433496534884e+01
1.444073537812167807e+01
1.443893152807929248e+01
1.443696507276015417e+01
1.443483851933239670e+01
1.443255459153388287e+01
1.443011623190257531e+01
1.442752660110742191e+01
1.442478907683317324e+01
1.442190725601075840e+01
1.441888495214082333e+01
1.441572619752412265e+01
1.441243524259239450e+01
1.440901655501621725e+01
1.440547482059715456e+01
1.440181494393687345e+01
1.439804204620676487e+01
1.439416146737831959e+01
1.439017876533097962e+01
1.438609971562909884e+01
1.438193031263713451e+01
1.437767676751230361e+01
1.437334550954281198e+01
1.436894318659392944e+01
1.436447666399280010e+01
1.435995302586666789e+01
1.435537957246642904e+01
1.435076382395826577e+01
1.434611351752416297e+01
1.434143660825405320e+01
1.433674126959189721e+01
1.433203589222049068e+01
1.432732908606880784e+01
1.432262967741250748e+01
1.431794671132735175e+01
1.431328945146616505e+01
1.430866737805149747e+01
1.430409019032903473e+01
1.429956780456026344e+01
1.429511035669892394e+01
1.429072819837633013e+01
1.464277598302077799e+01
1.464268635839525423e+01
1.464241760005226922e+01
1.464197005403500285e+01
1.464134429611558730e+01
1.464054113402549007e+01
1.463956160466753609e+01
1.463840697634629073e+01
1.463707874821046317e+01
1.463557864891467553e+01
1.463390863851529566e+01
1.463207090746675476e+01
1.463006787617547744e+01
1.462790219700722361e+01
1.462557675116455158e+01
1.462309465203239611e+01
1.462045924227856730e+01
1.461767409586109778e+01
1.461474301735912462e+01
1.461167004108073897e+01
1.460845943307032790e+01
1.460511568910123614e+01
1.460164353579094687e+01
1.459804793015501545e+01
1.459433406027617863e+01
1.459050734396612725e+01
1.458657343054980871e+01
1.458253819930416384e+01
1.457840776012723971e+01
1.457418845353819137e+01
1.456988685067727651e+01
1.456550975352889843e+01
1.456106419402945207e+01
1.455655743518251732e+01
1.455199696994366398e+01
1.454739052278171663e+01
1.454274604789446101e+01
1.453807173054686075e+01
1.453337598640194628e+01
1.452866746129778264e+01
1.452395503236265206e+01
1.451924780689986783e+01
1.451455512305688522e+01
1.450988654871011718e+01
1.450525188324923143e+01
1.450066115646196785e+01
1.449612462831109383e+01
1.449165278915744182e+01
1.448725636065207212e+01
1.448294629529018351e+01
1.482537624673130772e+01
1.482528538424587872e+01
1.482501291890280370e+01
1.482455921659562392e+01
1.482392488744429748e+01
1.482311078523759917e+01
1.482211800754464370e+01
1.482094789671855040e+01
1.481960203833518541e+01
1.481808226219682290e+01
1.481639064222063773e+01
1.481452949588109647e+01
1.481250138532516303e+01
1.481030911581101961e+01
1.480795573715781899e+01
1.480544454296505386e+01
1.480277907105862845e+01
1.479996310282174399e+01
1.479700066386402035e+01
1.479389602379845137e+01
1.479065369601836188e+01
1.478727843792046137e+01
1.478377525135090664e+01
1.478014938104403520e+01
1.477640631729883580e+01
1.477255179263335805e+01
1.476859178513030102e+01
1.476453251531446931e+01
1.476038044927530812e+01
1.475614229599045046e+01
1.475182500844090505e+01
1.474743578405712796e+01
1.474298206427295455e+01
1.473847153363344198e+01
1.473391212180221110e+01
1.472931200155411169e+01
1.472467959055951425e+01
1.472002354893090192e+01
1.471535278256843604e+01
1.471067643981438877e+01
1.470600391412959773e+01
1.470134484230915994e+01
1.469670910537458752e+01
1.469210682768165199e+01
1.468754837870469210e+01
1.468304437125230777e+01
1.467860566191343530e+01
1.467424335150342429e+01
1.466996878484100009e+01
1.466579355052522615e+01
1.500120108159062937e+01
1.500110924074980367e+01
1.500083384680863041e+01
1.500037528696076272e+01
1.499973420634309917e+01
1.499891150792425343e+01
1.499790835339671169e+01
1.499672616161556782e+01
1.499536661004826854e+01
1.499383163399397745e+01
1.499212342702965906e+01
1.499024444034095538e+01
1.498819738383738276e+01
1.498598522492562068e+01
1.498361118873254938e+01
1.498107875955499679e+01
1.497839167907543434e+01
1.497555394658501626e+01
1.497256982032180694e+01
1.496944381568647486e+01
1.496618070724963978e+01
1.496278552652148619e+01
1.495926356351303532e+01
1.495562036629006286e+01
1.495186174097310783e+01
1.494799375218353887e+01
1.494402272103621598e+01
1.493995522870810433e+01
1.493579811331573204e+01
1.493155847103038703e+01
1.492724365607811521e+01
1.492286128140883505e+01
1.491841921735810850e+01
1.491392559209321611e+01
1.490938879250531457e+01
1.490481746309423627e+01
1.490022050663761632e+01
1.489560708396784250e+01
1.489098661397206413e+01
1.488636877292307226e+01
1.488176349626360562e+01
1.487718097682204998e+01
1.487263166548154736e+01
1.486812627095695838e+01
1.486367576113309319e+01
1.485929136016521568e+01
1.485498455182461441e+01
1.485076707749125902e+01
1.484665093593076257e+01
1.484264838463261249e+01
1.515836894631353715e+01
1.515827717048823686e+01
1.515800197984603592e+01
1.515754378399589264e+01
1.515690326454138415e+01
1.515608137719957149e+01
1.515507935012821150e+01
1.515389868448335164e+01
1.515254115386174050e+01
1.515100880563904795e+01
1.514930395963164145e+01
1.514742920843114504e+01
1.514538741762746987e+01
1.514318172603186241e+01
1.514081554545385622e+01
1.513829256003216805e+01
1.513561672734988051e+01
1.513279227765380774e+01
1.512982371430057782e+01
1.512671581319903780e+01
1.512347362370239878e+01
1.512010246793912671e+01
1.511660794058990120e+01
1.511299590977977658e+01
1.510927251618601552e+01
1.510544417370721604e+01
1.510151756857115402e+01
1.509749966067300520e+01
1.509339768268320725e+01
1.508921913982440799e+01
1.508497181031755119e+01
1.508066374582794644e+01
1.507630327012704363e+01
1.507189898087673896e+01
1.506745974739898841e+01
1.506299471335226947e+01
1.505851329427816587e+01
1.505402517916262362e+01
1.504954032976684353e+01
1.504506898040424545e+01
1.504062163950173137e+01
1.503620908670018608e+01
1.503184237597701944e+01
1.502753283319274225e+01
1.502329205854438499e+01
1.501913192366600214e+01
1.501506457318994237e+01
1.501110242630811342e+01
1.500725817320337185e+01
1.500354477817205456e+01
1.530242649785956743e+01
1.530233552073270076e+01
1.530206273354604996e+01
1.530160856910450740e+01
1.530097374904693908e+01
1.530015928351163090e+01
1.529916647113629402e+01
1.529799689950413111e+01
1.529665244436321281e+01
1.529513527040709953e+01
1.529344783049421963e+01
1.529159286676305740e+01
1.528957340973999024e+01
1.528739277778171157e+01
1.528505457919407462e+01
1.528256270989020393e+01
1.527992135461720125e+01
1.527713498684462934e+01
1.527420836887602285e+01
1.527114655095674500e+01
1.526795487238917381e+01
1.526463896153270383e+01
1.526120473446551706e+01
1.525765839632280674e+01
1.525400644107374859e+01
1.525025565040630404e+01
1.524641309595760141e+01
1.524248613663747776e+01
1.523848242108190654e+01
1.523440988564564158e+01
1.523027675596349262e+01
1.522609154583513380e+01
1.522186305789421645e+01
1.521760038316229036e+01
1.521331290171792539e+01
1.520901028158151114e+01
1.520470248005349667e+01
1.520039974282222950e+01
1.519611260374091621e+01
1.519185188616586402e+01
1.518762870072608351e+01
1.518345444844583270e+01
1.517934081717600314e+01
1.517529978493969267e+01
1.517134361680967203e+01
1.516748486780788063e+01
1.516373638067504359e+01
1.516011128720890078e+01
1.515662300781813521e+01
1.515328525152236416e+01
1.543608624402345697e+01
1.543599660924971140e+01
1.543572785748634324e+01
1.543528044629543849e+01
1.543465513790875043e+01
1.543385299956224799e+01
1.543287540371915689e+01
1.543172402751236838e+01
1.543040085307898934e+01
1.542890816767186557e+01
1.542724856310198867e+01
1.542542493651912316e+01
1.542344048996573314e+01
1.542129873015395169e+01
1.541900346935771715e+01
1.541655882374000264e+01
1.541396921580622603e+01
1.541123937150475953e+01
1.540837432312642363e+01
1.540537940718562382e+01
1.540226026453186847e+01
1.539902284246863751e+01
1.539567339252298872e+01
1.539221847022253975e+01
1.538866493777190136e+01
1.538501996093016189e+01
1.538129101124126130e+01
1.537748586469576573e+01
1.537361260284605002e+01
1.536967961124504178e+01
1.536569558123052026e+01
1.536166950880992488e+01
1.535761069510643573e+01
1.535352874546681790e+01
1.534943357102268635e+01
1.534533538757532334e+01
1.534124471626478226e+01
1.533717238178559406e+01
1.533312951550928815e+01
1.532912755280794492e+01
1.532517823439242122e+01
1.532129360586627342e+01
1.531748601705664647e+01
1.531376812379856922e+01
1.531015288592762680e+01
1.530665356951032763e+01
1.530328374439068995e+01
1.530005728575151025e+01
1.529698837344524698e+01
1.529409149266313506e+01
1.555318336536770474e+01
1.555309625672031082e+01
1.555283509136535791e+01
1.555240035229124729e+01
1.555179284455299182e+01
1.555101369471461759e+01
1.555006435207588567e+01
1.554894658711100774e+01
1.554766249269537504e+01
1.554621448332490630e+01
1.554460529600821239e+01
1.554283798903988689e+01
1.554091594322720660e+01
1.553884286110950619e+01
1.553662276695817646e+01
1.553426000766881465e+01
1.553175925131147928e+01
1.552912548858043351e+01
1.552636403167896439e+01
1.552348051487696168e+01
1.552048089484549465e+01
1.551737144920705092e+01
1.551415877854287828e+01
1.551084980505476985e+01
1.550745177301112143e+01
1.550397224807783658e+01
1.550041911865653965e+01
1.549680059454635384e+01
1.549312520783605507e+01
1.548940181245799330e+01
1.548563958418808895e+01
1.548184802131495807e+01
1.547803694330167090e+01
1.547421649190095039e+01
1.547039713070909528e+01
1.546658964650420565e+01
1.546280514545453677e+01
1.545905505802534030e+01
1.545535113563328444e+01
1.545170545176165611e+01
1.544813040240642543e+01
1.544463870429195040e+01
1.544124339754742792e+01
1.543795784325348031e+01
1.543479572455733617e+01
1.543177104711891978e+01
1.542889813821868472e+01
1.542619164675762988e+01
1.542366654437246964e+01
1.542133812409742788e+01
1.565600623706495753e+01
1.565592261282590947e+01
1.565567191017510318e+01
1.565525463875395928e+01
1.565467164766745789e+01
1.565392412604173700e+01
1.565301360246649942e+01
1.565194194566412200e+01
1.565071136348598380e+01
1.564932440391614676e+01
1.564778395473678607e+01
1.564609324308212202e+01
1.564425583599601488e+01
1.564227564043196139e+01
1.564015690258398195e+01
1.563790420877877274e+01
1.563552248480659657e+01
1.563301699647886700e+01
1.563039334907056244e+01
1.562765748765478335e+01
1.562481569676818971e+01
1.562187460119163340e+01
1.561884116528105437e+01
1.561572269263291091e+01
1.561252682675330483e+01
1.560926155150404604e+01
1.560593518976443406e+01
1.560255640432340662e+01
1.559913419743346452e+01
1.559567791170281836e+01
1.559219722920324713e+01
1.558870217102401057e+01
1.558520309927919989e+01
1.558171071443127609e+01
1.557823605752145468e+01
1.557479050927755182e+01
1.557138578989093958e+01
1.556803395923959954e+01
1.556474741688810859e+01
1.556153890275675344e+01
1.555842149556027820e+01
1.555540861392305807e+01
1.555251401704822456e+01
1.554975180271031654e+01
1.554713640926262563e+01
1.554468261407593133e+01
1.554240553532280167e+01
1.554032062907809930e+01
1.553844369311063467e+01
1.553679086309150925e+01
1.574479715513602152e+01
1.574471790455710796e+01
1.574448033203126052e+01
1.574408497429899079e+01
1.574353272708018459e+01
1.574282484328979770e+01
1.574196293415304382e+01
1.574094896931691423e+01
1.573978527629257940e+01
1.573847454012083880e+01
1.573701980482186258e+01
1.573542447228000540e+01
1.573369230146316866e+01
1.573182741098774073e+01
1.572983427621910302e+01
1.572771773150200936e+01
1.572548296848780147e+01
1.572313553758415239e+01
1.572068134672836592e+01
1.571812666227951638e+01
1.571547810834934822e+01
1.571274266791745511e+01
1.570992768082394342e+01
1.570704084566525260e+01
1.570409021901352631e+01
1.570108421608571980e+01
1.569803160895930283e+01
1.569494152880263727e+01
1.569182346409066753e+01
1.568868726238923372e+01
1.568554312834772269e+01
1.568240162481426481e+01
1.567927367350483792e+01
1.567617055321897368e+01
1.567310390140101894e+01
1.567008571347101942e+01
1.566712834282472144e+01
1.566424450083357911e+01
1.566144725751385458e+01
1.565875003996536208e+01
1.565616663460184732e+01
1.565371118447452758e+01
1.565139819172551050e+01
1.564924251669564192e+01
1.564725937658628574e+01
1.564546434813576603e+01
1.564387336561203590e+01
1.564250272058963276e+01
1.564136906373398972e+01
1.564048940324016357e+01
1.582558447176683281e+01
1.582551058725483628e+01
1.582528912229732754e+01
1.582492064196062032e+01
1.582440608846798824e+01
1.582374678019598591e+01
1.582294441345875491e+01
1.582200106027764619e+01
1.582091916983096347e+01
1.581970156856548115e+01
1.581835145908126172e+01
1.581687242124683834e+01
1.581526841130706629e+01
1.581354376277527329e+01
1.581170318598718438e+01
1.580975176765484669e+01
1.580769497108966526e+01
1.580553863754063393e+01
1.580328898407547200e+01
1.580095260491885334e+01
1.579853647089480972e+01
1.579604792987281137e+01
1.579349470665624189e+01
1.579088490253632671e+01
1.578822699562668674e+01
1.578552984097485989e+01
1.578280267056230279e+01
1.578005509308134613e+01
1.577729709348912657e+01
1.577453903456884632e+01
1.577179165536851357e+01
1.576906607187004639e+01
1.576637377654320815e+01
1.576372663879167924e+01
1.576113690517609278e+01
1.575861719874491840e+01
1.575618051925750862e+01
1.575384024385320814e+01
1.575161012593616405e+01
1.574950429606747271e+01
1.574753726062696124e+01
1.574572390448964221e+01
1.574407948790316958e+01
1.574261964916431111e+01
1.574136040194248132e+01
1.574031813795620138e+01
1.573950962496576089e+01
1.573895200766535751e+01
1.573866280835222398e+01
1.573865992491928445e+01
1.589215817994599433e+01
1.589209079352937337e+01
1.589188883200253244e+01
1.589155288987278425e+01
1.589108395720501399e+01
1.589048342118294244e+01
1.588975306399027154e+01
1.588889506481802449e+01
1.588791199852631841e+01
1.588680683620195389e+01
1.588558294582753661e+01
1.588424409016261230e+01
1.588279442953164100e+01
1.588123851970513911e+01
1.587958131234575454e+01
1.587782815612345111e+01
1.587598479493121317e+01
1.587405736978086601e+01
1.587205241690725011e+01
1.586997686944100394e+01
1.586783805651642076e+01
1.586564370282536629e+01
1.586340193006702393e+01
1.586112125560967634e+01
1.585881059315980401e+01
1.585647925265058156e+01
1.585413693979579364e+01
1.585179375709350680e+01
1.584946020271088152e+01
1.584714717070720624e+01
1.584486595237213358e+01
1.584262823421832600e+01
1.584044609909665624e+01
1.583833202641924309e+01
1.583629889126729573e+01
1.583435996483719244e+01
1.583252891533263274e+01
1.583081980640336894e+01
1.582924709759128490e+01
1.582782564499951228e+01
1.582657070129242527e+01
1.582549791480348667e+01
1.582462332998133370e+01
1.582396338783584788e+01
1.582353492459992239e+01
1.582335517418288973e+01
1.582344176549406001e+01
1.582381272355791069e+01
1.582448647062928160e+01
1.582548182418602245e+01
1.594163430765131650e+01
1.594157466488477404e+01
1.594139594456791365e+01
1.594109877109511508e+01
1.594068418404565612e+01
1.594015363963346488e+01
1.593950900981496765e+01
1.593875258284668206e+01
1.593788706295065616e+01
1.593691557020295946e+01
1.593584164053367402e+01
1.593466922628449289e+01
1.593340269553960553e+01
1.593204683257177656e+01
1.593060683761930107e+01
1.592908832688601350e+01
1.592749733254127698e+01
1.592584030294303510e+01
1.592412410241475840e+01
1.592235601113393706e+01
1.592054372546663465e+01
1.591869535796748458e+01
1.591681943648754505e+01
1.591492490595859444e+01
1.591302112660883239e+01
1.591111787440896030e+01
1.590922534207583894e+01
1.590735413840339163e+01
1.590551528770499345e+01
1.590372023003651947e+01
1.590198082186545392e+01
1.590030933651696898e+01
1.589871846172050418e+01
1.589722130250926391e+01
1.589583137876679686e+01
1.589456262790344709e+01
1.589342940217991185e+01
1.589244646982241527e+01
1.589162901613791234e+01
1.589099264128369704e+01
1.589055336227475657e+01
1.589032761142249406e+01
1.589033223789599880e+01
1.589058450571470793e+01
1.589110209642485572e+01
1.589190310619998847e+01
1.589300604784829574e+01
1.589442985058957980e+01
1.589619385894006420e+01
1.589831783338150473e+01
1.599875021181708412e+01
1.599869862473053317e+01
1.599854408149034768e+01
1.599828723582037782e+01
1.599792917726037800e+01
1.599747143105448011e+01
1.599691595893183127e+01
1.599626515799140591e+01
1.599552186092503803e+01
1.599468933657502312e+01
1.599377128982258967e+01
1.599277186091879699e+01
1.599169562648819642e+01
1.599054759841364692e+01
1.598933322495149945e+01
1.598805838995097162e+01
1.598672941307717998e+01
1.598535304958810421e+01
1.598393649144977857e+01
1.598248736555198057e+01
1.598101373493495281e+01
1.597952409867786905e+01
1.597802739156429119e+01
1.597653298419367651e+01
1.597505068298138653e+01
1.597359072993564588e+01
1.597216380377272671e+01
1.597078101790961924e+01
1.596945392235984151e+01
1.596819450317585165e+01
1.596701518111082230e+01
1.596592881429508637e+01
1.596494869533665550e+01
1.596408855355158884e+01
1.596336255384881220e+01
1.596278529673011271e+01
1.596237181873621402e+01
1.596213759244678165e+01
1.596209852625738179e+01
1.596227096371036502e+01
1.596267168550221172e+01
1.596331790636099868e+01
1.596422727906108463e+01
1.596541789018538360e+01
1.596690826324790713e+01
1.596871735780159618e+01
1.597086456832314916e+01
1.597336972599731020e+01
1.597625309715561492e+01
1.597953538439157306e+01
1.604263377781086319e+01
1.604259146842851891e+01
1.604246476822613943e+01
1.604225436170679231e+01
1.604196138881678024e+01
1.604158744628385591e+01
1.604113458650204294e+01
1.604060531842377912e+01
1.604000260700232872e+01
1.603932987274570010e+01
1.603859099338943750e+01
1.603779030188927379e+01
1.603693258742480410e+01
1.603602309606860032e+01
1.603506752911341948e+01
1.603407204441043632e+01
1.603304325592318236e+01
1.603198823372751036e+01
1.603091450423466924e+01
1.602983004952216461e+01
1.602874330777985534e+01
1.602766317431359866e+01
1.602659899953793854e+01
1.602556058997974731e+01
1.602455820928192409e+01
1.602360257597299054e+01
1.602270486592052379e+01
1.602187670998925739e+01
1.602113019593688747e+01
1.602047786763347048e+01
1.601993272439227667e+01
1.601950822253107631e+01
1.601921827425694289e+01
1.601907724744322081e+01
1.601909996652166512e+01
1.601930171203637343e+01
1.601969822042076075e+01
1.602030568466664207e+01
1.602114075387818559e+01
1.602222053215671238e+01
1.602356258150018320e+01
1.602518491868067940e+01
1.602710601747477526e+01
1.602934480710227305e+01
1.603192067356442507e+01
1.603485345830572228e+01
1.603816345955210920e+01
1.604187143141882643e+01
1.604599858413347135e+01
1.605056658336685516e+01
1.606752628464820987e+01
1.606749479226558819e+01
1.606740055410275403e+01
1.606724428521895121e+01
1.606702717741677944e+01
1.606675090002280015e+01
1.606641759843780548e+01
1.606602989569808315e+01
1.606559089091414094e+01
1.606510416027439092e+01
1.606457375715665847e+01
1.606400421123603550e+01
1.606340052937703078e+01
1.606276819507596798e+01
1.606211316890707508e+01
1.606144188818792173e+01
1.606076126675637639e+01
1.606007869575124403e+01
1.605940204283163553e+01
1.605873965273455184e+01
1.605810034682882304e+01
1.605749342322661732e+01
1.605692865734103947e+01
1.605641630077093396e+01
1.605596708263913186e+01
1.605559220836571299e+01
1.605530336022562921e+01
1.605511269790628148e+01
1.605503285705777827e+01
1.605507695096572007e+01
1.605525856932449713e+01
1.605559177890638978e+01
1.605609112266942873e+01
1.605677162131865643e+01
1.605764877174485150e+01
1.605873854813974688e+01
1.606005740132687620e+01
1.606162225853857706e+01
1.606345052475417745e+01
1.606556008046965545e+01
1.606796928459710472e+01
1.607069697201132996e+01
1.607376245377287916e+01
1.607718551935843010e+01
1.608098643420736451e+01
1.608518593972177158e+01
1.608980525594290611e+01
1.609486607842865524e+01
1.610039058026087844e+01
1.610640141026109973e+01
1.612170233477744929e+01
1.612168071259900515e+01
1.612161609441628940e+01
1.612150922562169342e+01
1.612136134953954780e+01
1.612117420530725553e+01
1.612095002988263559e+01
1.612069155692872968e+01
1.612040201770595971e+01
1.612008513995693448e+01
1.611974514891011623e+01
1.611938676638768442e+01
1.611901521169766127e+01
1.611863620096483274e+01
1.611825594757678459e+01
1.611788116196089859e+01
1.611751905124978279e+01
1.611717732039644702e+01
1.611686417039003061e+01
1.611658830004007115e+01
1.611635890519590220e+01
1.611618567852359263e+01
1.611607880950595728e+01
1.611604898522319473e+01
1.611610738968375856e+01
1.611626570360133570e+01
1.611653610528697911e+01
1.611693126964545897e+01
1.611746436895587919e+01
1.611814907253712903e+01
1.611899954630180432e+01
1.612003045387139011e+01
1.612125695601868358e+01
1.612269470955258299e+01
1.612435986932544907e+01
1.612626908667182235e+01
1.612843951096970230e+01
1.613088878696408557e+01
1.613363505855860325e+01
1.613669696457781910e+01
1.614009364255885970e+01
1.614384472652103852e+01
1.614797034696585598e+01
1.615249113243826784e+01
1.615742820818845260e+01
1.616280319594877568e+01
1.616863821549506142e+01
1.617495588286227814e+01
1.618177931190581020e+01
1.618913211296323240e+01
1.616406728465256748e+01
1.616405673797468268e+01
1.616402535644186145e+01
1.616397391678330564e+01
1.616390371317597641e+01
1.616381655757912128e+01
1.616371477939973644e+01
1.616360122582711156e+01
1.616347926194436369e+01
1.616335277028234430e+01
1.616322615115421257e+01
1.616310432243238182e+01
1.616299271988308917e+01
1.616289729672031683e+01
1.616282452394033342e+01
1.616278139043324558e+01
1.616277540220232822e+01
1.616281458359076240e+01
1.616290747605491163e+01
1.616306313927951166e+01
1.616329115017400753e+01
1.616360160331862161e+01
1.616400511152195563e+01
1.616451280470579377e+01
1.616513633079726375e+01
1.616588785494818481e+01
1.616678006065028583e+01
1.616782614850847466e+01
1.616903983735603134e+01
1.617043536302791296e+01
1.617202747947592201e+01
1.617383145888024032e+01
1.617586308919601734e+01
1.617813867850258447e+01
1.618067505098879622e+01
1.618348954896037029e+01
1.618660003194771591e+01
1.619002487826722358e+01
1.619378298279086792e+01
1.619789375895356187e+01
1.620237713696884185e+01
1.620725356516710391e+01
1.621254400999559664e+01
1.621826995512628500e+01
1.622445340145582193e+01
1.623111686844380941e+01
1.623828339277454091e+01
1.624597652902613376e+01
1.625422034922445391e+01
1.626303944284309821e+01
1.618720433987388674e+01
1.618720654661007785e+01
1.618721343635986543e+01
1.618722581674319017e+01
1.618724503490848576e+01
1.618727297608293370e+01
1.618731206435307968e+01
1.618736526244180496e+01
1.618743607204289248e+01
1.618752853326341423e+01
1.618764722506982068e+01
1.618779726484186199e+01
1.618798430870713290e+01
1.618821455209869242e+01
1.618849472808225087e+01
1.618883210925201155e+01
1.618923450683852039e+01
1.618971027003953722e+01
1.619026828746978808e+01
1.619091798660338455e+01
1.619166933254708596e+01
1.619253283004767852e+01
1.619351952248826620e+01
1.619464099133070434e+01
1.619590935745381444e+01
1.619733727992667482e+01
1.619893795645470291e+01
1.620072512393725006e+01
1.620271305768695669e+01
1.620491657154128973e+01
1.620735101830860003e+01
1.621003228898750237e+01
1.621297681421661707e+01
1.621620156215571740e+01
1.621972404060457151e+01
1.622356229577625086e+01
1.622773491229713017e+01
1.623226101365294838e+01
1.623716026196578355e+01
1.624245285844013154e+01
1.624815954247073790e+01
1.625430159208869441e+01
1.626090082463053221e+01
1.626797959562304996e+01
1.627556079967545344e+01
1.628366786891810136e+01
1.629232477612501739e+01
1.630155603114531004e+01
1.631138668335656305e+01
1.632184232032662408e+01
1.626399713200314068e+01
1.626400937454909013e+01
1.626404638165333694e+01
1.626410899160351775e+01
1.626419860173158582e+01
1.626431716830225582e+01
1.626446720651303224e+01
1.626465179027114516e+01
1.626487455252813774e+01
1.626513968561439327e+01
1.626545193967788805e+01
1.626581662502608339e+01
1.626623961000706942e+01
1.626672732257081933e+01
1.626728674881946546e+01
1.626792543445701611e+01
1.626865148356266744e+01
1.626947355948295737e+01
1.627040088472023172e+01
1.627144324004049736e+01
1.627261096547710295e+01
1.627391496021920858e+01
1.627536668194267477e+01
1.627697814747918414e+01
1.627876193259318427e+01
1.628073117187039642e+01
1.628289955894082652e+01
1.628528134614422740e+01
1.628789134497615976e+01
1.629074492586497058e+01
1.629385801761418051e+01
1.629724710862921100e+01
1.630092924624825201e+01
1.630492203629620107e+01
1.630924364341920807e+01
1.631391279186532728e+01
1.631894876414625983e+01
1.632437140215257187e+01
1.633020110603848707e+01
1.633645883578316571e+01
1.634316610962941851e+01
1.635034500497588539e+01
1.635801815815397831e+01
1.636620876420484549e+01
1.637494057732545727e+01
1.638423791086859183e+01
1.639412563622766328e+01
1.640462918462100106e+01
1.641577454619972443e+01
1.642758826870949562e+01
1.633033742786939513e+01
1.633036077535689756e+01
1.633043110799160402e+01
1.633054929528646326e+01
1.633071678598363263e+01
1.633093560928119814e+01
1.633120837316039697e+01
1.633153826616990401e+01
1.633192905575305787e+01
1.633238508925153454e+01
1.633291129368230088e+01
1.633351317573761818e+01
1.633419682145048668e+01
1.633496889730983526e+01
1.633583664836469396e+01
1.633680790034306440e+01
1.633789105775608519e+01
1.633909510534779130e+01
1.634042960697990665e+01
1.634190470697009445e+01
1.634353112853067458e+01
1.634532017454926134e+01
1.634728372825787801e+01
1.634943425189473132e+01
1.635178478737331886e+01
1.635434895672851141e+01
1.635714096088983638e+01
1.636017558124276050e+01
1.636346817829043943e+01
1.636703469232285002e+01
1.637089164330525293e+01
1.637505613098973356e+01
1.637954583413455723e+01
1.638437901239998595e+01
1.638957450356031842e+01
1.639515172640336971e+01
1.640113067827706317e+01
1.640753193709676694e+01
1.641437665978403615e+01
1.642168658293570971e+01
1.642948402349304260e+01
1.643779187695739452e+01
1.644663361939756996e+01
1.645603330611159265e+01
1.646601557184974141e+01
1.647660563170671111e+01
1.648782927978336943e+01
1.649971289030195365e+01
1.651228341626785223e+01
1.652556839147693424e+01
1.637906976169160345e+01
1.637910578798703298e+01
1.637921416797437857e+01
1.637939580261491912e+01
1.637965219440292231e+01
1.637998544669655843e+01
1.638039826360635587e+01
1.638089395010673854e+01
1.638147641214753136e+01
1.638215015710004252e+01
1.638292029241883441e+01
1.638379252742603143e+01
1.638477317130397282e+01
1.638586913521407595e+01
1.638708793040100886e+01
1.638843766975396576e+01
1.638992706635691121e+01
1.639156543493832885e+01
1.639336269064452267e+01
1.639532934948567444e+01
1.639747652922800469e+01
1.639981594760948269e+01
1.640235992367802353e+01
1.640512137745696819e+01
1.640811382983352473e+01
1.641135140244728419e+01
1.641484881858235667e+01
1.641862140138306358e+01
1.642268507563824897e+01
1.642705636677761305e+01
1.643175240154080541e+01
1.643679090730833892e+01
1.644219021210156839e+01
1.644796924502877999e+01
1.645414753695429511e+01
1.646074521849113026e+01
1.646778302211986755e+01
1.647528228006978424e+01
1.648326492677227151e+01
1.649175349707653027e+01
1.650077112647261401e+01
1.651034155176054341e+01
1.652048911038118462e+01
1.653123874130839965e+01
1.654261598393387445e+01
1.655464697806710106e+01
1.656735846571967841e+01
1.658077778865191831e+01
1.659493289038016428e+01
1.660985231483856595e+01
1.650332099798833951e+01
1.650336499331356777e+01
1.650349728964637563e+01
1.650371881950789188e+01
1.650403113624501472e+01
1.650443641514560156e+01
1.650493745221177377e+01
1.650553766583267645e+01
1.650624109511171866e+01
1.650705240087022574e+01
1.650797686553593380e+01
1.650902039247387165e+01
1.651018950710153987e+01
1.651149135566221915e+01
1.651293370622863321e+01
1.651452494870294174e+01
1.651627409314397354e+01
1.651819077255517954e+01
1.652028524020819589e+01
1.652256837131561795e+01
1.652505166291947702e+01
1.652774723277607194e+01
1.653066782035961779e+01
1.653382678652769044e+01
1.653723811385579978e+01
1.654091640630282001e+01
1.654487688854187866e+01
1.654913540807921279e+01
1.655370843224316602e+01
1.655861305130671468e+01
1.656386697569949007e+01
1.656948853834968105e+01
1.657549669278821369e+01
1.658191101459849293e+01
1.658875170030121282e+01
1.659603956835803373e+01
1.660379605827942484e+01
1.661204323095921964e+01
1.662080376934373405e+01
1.663010097709353730e+01
1.663995877992168460e+01
1.665040172447851319e+01
1.666145497879773174e+01
1.667314433274249907e+01
1.668549619778236348e+01
1.669853760587810143e+01
1.671229621171207924e+01
1.672680029068091656e+01
1.674207873956460091e+01
1.675816107630345186e+01
1.661810916747127820e+01
1.661816193955776910e+01
1.661832057732625856e+01
1.661858604519228066e+01
1.661895994992029557e+01
1.661944454185038467e+01
1.662004271389460186e+01
1.662075800142542903e+01
1.662159458305643156e+01
1.662255728064224414e+01
1.662365155805186845e+01
1.662488352250689871e+01
1.662625992402391972e+01
1.662778815541452815e+01
1.662947625239682381e+01
1.663133289359543454e+01
1.663336740054149487e+01
1.663558973711506894e+01
1.663801051099488504e+01
1.664064097176252233e+01
1.664349301224062572e+01
1.664657916838140039e+01
1.664991261870901695e+01
1.665350718454262946e+01
1.665737732999640031e+01
1.666153816264860410e+01
1.666600543209187535e+01
1.667079553115992496e+01
1.667592549581601702e+01
1.668141300437233809e+01
1.668727637849367085e+01
1.669353458230523302e+01
1.670020722272724711e+01
1.670731455003251753e+01
1.671487745706582118e+01
1.672291747924388972e+01
1.673145679555907961e+01
1.674051822690660174e+01
1.675012523775729534e+01
1.676030193537699731e+01
1.677107306982653512e+01
1.678246403351567295e+01
1.679450086254131236e+01
1.680721023512624157e+01
1.682061947295736459e+01
1.683475654007050437e+01
1.684965004351951734e+01
1.686532923382237925e+01
1.688182400317686316e+01
1.689916488746790080e+01
1.671855228094018031e+01
1.671861500330142647e+01
1.671880350360366663e+01
1.671911877960658543e+01
1.671956249461473476e+01
1.672013697669687460e+01
1.672084522002422702e+01
1.672169088353223287e+01
1.672267829147814666e+01
1.672381243366408654e+01
1.672509896487942527e+01
1.672654420534687603e+01
1.672815514038792628e+01
1.672993942086892716e+01
1.673190536275500762e+01
1.673406194744462283e+01
1.673641882143502357e+01
1.673898629654526715e+01
1.674177535013927098e+01
1.674479762445669451e+01
1.674806542728205017e+01
1.675159173183319083e+01
1.675539017609219172e+01
1.675947506358597749e+01
1.676386136349785616e+01
1.676856470955231515e+01
1.677360140157629331e+01
1.677898840393791957e+01
1.678474334666168488e+01
1.679088452509391516e+01
1.679743089967970349e+01
1.680440209652051919e+01
1.681181840614750200e+01
1.681970078564031112e+01
1.682807085628524746e+01
1.683695090502497038e+01
1.684636388412396357e+01
1.685633341128005114e+01
1.686688376884375629e+01
1.687803990537957333e+01
1.688982743388166341e+01
1.690227263311208006e+01
1.691540244715469399e+01
1.692924448519215375e+01
1.694382702150589637e+01
1.695917899592220479e+01
1.697533001381222562e+01
1.699231034497676163e+01
1.701015092543059382e+01
1.702888335584120227e+01
1.690746140570415079e+01
1.690752769778571007e+01
1.690772691806622063e+01
1.690806009720344960e+01
1.690852895381532406e+01
1.690913589358777358e+01
1.690988400960928217e+01
1.691077708259394896e+01
1.691181957998930585e+01
1.691301665720305181e+01
1.691437415659936860e+01
1.691589860839107473e+01
1.691759722963595536e+01
1.691947792468284462e+01
1.692154928606376174e+01
1.692382059270962458e+01
1.692630181139998413e+01
1.692900359631695650e+01
1.693193728871066384e+01
1.693511491723378981e+01
1.693854919816460836e+01
1.694225353507245302e+01
1.694624201870616886e+01
1.695052942710564992e+01
1.695513122593638400e+01
1.696006356804339177e+01
1.696534329400880381e+01
1.697098793103668513e+01
1.697701569417974099e+01
1.698344548600474724e+01
1.699029689614649641e+01
1.699759020153081934e+01
1.700534636648610487e+01
1.701358704296634627e+01
1.702233456999354289e+01
1.703161197432680751e+01
1.704144296945871062e+01
1.705185195650740937e+01
1.706286402466275121e+01
1.707450494884434633e+01
1.708680119338171721e+01
1.709977990822264715e+01
1.711346893160962424e+01
1.712789678851859065e+01
1.714309269222020404e+01
1.715908654249552256e+01
1.717590892697425531e+01
1.719359112001955125e+01
1.721216508384319965e+01
1.723166346828258710e+01
1.708754671268540548e+01
1.708761699680939117e+01
1.708782820470362296e+01
1.708818140338103930e+01
1.708867837011851165e+01
1.708932159424114516e+01
1.709011427600710675e+01
1.709106032638457862e+01
1.709216436783237469e+01
1.709343173385389747e+01
1.709486846910863278e+01
1.709648132985822500e+01
1.709827778218218697e+01
1.710026600487739046e+01
1.710245488667008473e+01
1.710485402822323664e+01
1.710747374090983541e+01
1.711032504725895365e+01
1.711341968117879375e+01
1.711677008739909667e+01
1.712038942202871894e+01
1.712429155233262179e+01
1.712849105639728364e+01
1.713300322391135921e+01
1.713784405505047559e+01
1.714303026192698454e+01
1.714857926736324600e+01
1.715450920511468169e+01
1.716083892053887183e+01
1.716758796959189226e+01
1.717477661983198090e+01
1.718242584997347677e+01
1.719055734921768419e+01
1.719919351892567505e+01
1.720835747049941133e+01
1.721807302750062618e+01
1.722836472397802510e+01
1.723925780502488436e+01
1.725077822767119784e+01
1.726295265876483143e+01
1.727580847753644022e+01
1.728937377403822140e+01
1.730367734914389288e+01
1.731874871477175404e+01
1.733461809455378244e+01
1.735131642294349419e+01
1.736887534476985806e+01
1.738732721791375724e+01
1.740670510973937368e+01
1.742704279910154952e+01
1.726047880422570202e+01
1.726055335327887974e+01
1.726077736911994265e+01
1.726115195667824054e+01
1.726167895780010042e+01
1.726236095091423906e+01
1.726320125136633976e+01
1.726420391074992011e+01
1.726537371846761459e+01
1.726671619905471289e+01
1.726823761530168611e+01
1.726994496557773573e+01
1.727184598539206561e+01
1.727394914728235165e+01
1.727626366014563430e+01
1.727879946957287061e+01
1.728156725784894476e+01
1.728457844439872915e+01
1.728784518478343202e+01
1.729138037159272301e+01
1.729519763433324542e+01
1.729931133875948035e+01
1.730373658754286481e+01
1.730848922016027913e+01
1.731358581289403986e+01
1.731904367827431201e+01
1.732488086619428458e+01
1.733111616279500211e+01
1.733776909113446507e+01
1.734485991096458690e+01
1.735240961850817243e+01
1.736043994690497527e+01
1.736897336676931403e+01
1.737803308362511245e+01
1.738764304125148641e+01
1.739782792000995215e+01
1.740861313617530826e+01
1.742002484327387535e+01
1.743208993174893351e+01
1.744483602818007384e+01
1.745829149617538434e+01
1.747248543659445019e+01
1.748744768587560117e+01
1.750320881782019455e+01
1.751980014314654355e+01
1.753725370904384562e+01
1.755560229961826124e+01
1.757487943455467061e+01
1.759511937246226410e+01
1.761635710663680854e+01
1.751345023911949994e+01
1.751352255991333706e+01
1.751373990324345087e+01
1.751410341340536903e+01
1.751461499692639023e+01
1.751527732334617227e+01
1.751609382488222266e+01
1.751706869620682028e+01
1.751820689478159565e+01
1.751951414108056326e+01
1.752099691792100344e+01
1.752266247057499271e+01
1.752451880755001312e+01
1.752657470014290908e+01
1.752883968154770855e+01
1.753132404830538249e+01
1.753403885952320707e+01
1.753699593687477076e+01
1.754020786504603890e+01
1.754368799084321395e+01
1.754745042430791102e+01
1.755151003804806109e+01
1.755588246723790036e+01
1.756058410939493086e+01
1.756563212594119605e+01
1.757104443930376902e+01
1.757683973626035012e+01
1.758303746515126420e+01
1.758965783732922006e+01
1.759672182693627818e+01
1.760425117056928457e+01
1.761226836817201757e+01
1.762079668158546397e+01
1.762986013577449640e+01
1.763948351827030692e+01
1.764969237917038924e+01
1.766051303158462460e+01
1.767197255130071198e+01
1.768409877656114659e+01
1.769692030795169302e+01
1.771046650973960723e+01
1.772476750831237879e+01
1.773985419240077022e+01
1.775575821419399958e+01
1.777251198822455081e+01
1.779014869114514852e+01
1.780870226351304453e+01
1.782820740755964906e+01
1.784869958852875627e+01
1.787021503445350135e+01
1.776117367216680165e+01
1.776124346861859138e+01
1.776145325364305094e+01
1.776180421447049795e+01
1.776229833000399339e+01
1.776293837037326284e+01
1.776372789760381821e+01
1.776467126461326984e+01
1.776577361654958054e+01
1.776704088945281512e+01
1.776847981148185696e+01
1.777009790146466273e+01
1.777190347079408284e+01
1.777390562130900875e+01
1.777611424741321855e+01
1.777854003384500459e+01
1.778119445779604391e+01
1.778408978768467463e+01
1.778723908315590307e+01
1.779065619608507021e+01
1.779435576868203484e+01
1.779835323594459240e+01
1.780266482342808487e+01
1.780730754880667988e+01
1.781229922064664706e+01
1.781765843974460140e+01
1.782340459801230281e+01
1.782955787858817587e+01
1.783613925684098689e+01
1.784317049892009166e+01
1.785067416287062869e+01
1.785867359829895307e+01
1.786719294614961839e+01
1.787625713881687517e+01
1.788589190047923694e+01
1.789612374654188187e+01
1.790697998397121893e+01
1.791848871129487364e+01
1.793067881893625781e+01
1.794357998765329398e+01
1.795722269143792005e+01
1.797163819428202558e+01
1.798685855229632224e+01
1.800291661337578120e+01
1.801984601608445047e+01
1.803768119121670921e+01
1.805645736112816735e+01
1.807621053928957622e+01
1.809697753050988211e+01
1.811879593205139471e+01
1.800715122370486654e+01
1.800721785558454258e+01
1.800741816261682970e+01
1.800775337976214274e+01
1.800822556499044680e+01
1.800883759983885923e+01
1.800959318863101899e+01
1.801049685925771016e+01
1.801155396273080100e+01
1.801277067351778527e+01
1.801415398887267827e+01
1.801571172972816726e+01
1.801745253969193072e+01
1.801938588638488525e+01
1.802152206010294222e+01
1.802387217448612589e+01
1.802644816640705372e+01
1.802926279630549544e+01
1.803232964740774236e+01
1.803566312594963961e+01
1.803927846229177945e+01
1.804319170946975248e+01
1.804741974364022639e+01
1.805198026452701754e+01
1.805689179475198003e+01
1.806217368050412730e+01
1.806784609087049631e+01
1.807393001861680304e+01
1.808044727951832442e+01
1.808742051213684476e+01
1.809487317904737935e+01
1.810282956561147216e+01
1.811131478053476229e+01
1.812035475586701949e+01
1.812997624633300120e+01
1.814020683078221552e+01
1.815107491062765277e+01
1.816260971084945552e+01
1.817484127943731309e+01
1.818780048783656156e+01
1.820151903050208375e+01
1.821602942500983957e+01
1.823136501328357184e+01
1.824755995869531944e+01
1.826464924896490416e+01
1.828266869504473391e+01
1.830165493111982400e+01
1.832164541371562194e+01
1.834267842392840464e+01
1.836479306497184538e+01
1.830720863908549134e+01
1.830726732267788748e+01
1.830744380101857871e+01
1.830773935780173645e+01
1.830815613262917552e+01
1.830869712045274156e+01
1.830936617190888072e+01
1.831016799365319869e+01
1.831110814802588749e+01
1.831219305305175027e+01
1.831342998266321231e+01
1.831482706614274747e+01
1.831639328879198203e+01
1.831813849170865183e+01
1.832007337145206449e+01
1.832220948082371237e+01
1.832455922752904698e+01
1.832713587596179750e+01
1.832995354553117551e+01
1.833302721188857731e+01
1.833637270592392454e+01
1.834000671488085388e+01
1.834394678101848086e+01
1.834821130306115222e+01
1.835281953497173646e+01
1.835779158650921516e+01
1.836314842322869367e+01
1.836891186692746203e+01
1.837510459408373720e+01
1.838175013786401024e+01
1.838887288667328335e+01
1.839649808493572891e+01
1.840465183242553948e+01
1.841336108504759750e+01
1.842265365450289494e+01
1.843255820784245813e+01
1.844310426791344426e+01
1.845432221358215230e+01
1.846624327939948174e+01
1.847889955526637351e+01
1.849232398732596394e+01
1.850655037729445596e+01
1.852161338279570302e+01
1.853754851635751066e+01
1.855439214719595853e+01
1.857218150010020707e+01
1.859095465498640820e+01
1.861075054845899501e+01
1.863160897224939561e+01
1.865357057366211890e+01
1.860439724912721715e+01
1.860444704644677927e+01
1.860459688470414719e+01
1.860484810234927977e+01
1.860520293031797578e+01
1.860566449225489905e+01
1.860623680328690099e+01
1.860692477203031814e+01
1.860773419836063525e+01
1.860867177553131313e+01
1.860974508850102538e+01
1.861096261471428193e+01
1.861233372443598100e+01
1.861386867963623715e+01
1.861557863521706579e+01
1.861747563834329355e+01
1.861957262799646173e+01
1.862188343631306608e+01
1.862442278746937063e+01
1.862720629768138991e+01
1.863025047632010001e+01
1.863357272435015588e+01
1.863719133544509177e+01
1.864112549576427469e+01
1.864539528384140255e+01
1.865002167024992019e+01
1.865502651827215530e+01
1.866043258323019671e+01
1.866626351348956803e+01
1.867254384878643592e+01
1.867929902223496086e+01
1.868655535831994996e+01
1.869434007523875252e+01
1.870268128211329639e+01
1.871160798144349258e+01
1.872115006743446841e+01
1.873133832733476822e+01
1.874220444020966880e+01
1.875378097783332265e+01
1.876610140390812731e+01
1.877920007540294023e+01
1.879311224076879938e+01
1.880787404083104875e+01
1.882352250990455289e+01
1.884009557311722105e+01
1.885763204908646884e+01
1.887617164858100338e+01
1.889575497429776973e+01
1.891642352153106188e+01
1.893821967839557630e+01
1.890006172319878885e+01
1.890010158106093385e+01
1.890022162101944403e+01
1.890042324252512884e+01
1.890070877821902684e+01
1.890108149326330533e+01
1.890154558612189817e+01
1.890210618811440924e+01
1.890276936352765702e+01
1.890354210961565684e+01
1.890443235671113698e+01
1.890544896800252417e+01
1.890660173964543489e+01
1.890790140098573247e+01
1.890935961377888219e+01
1.891098897341666785e+01
1.891280300792351809e+01
1.891481617829106554e+01
1.891704387858965930e+01
1.891950243574533275e+01
1.892220910987436611e+01
1.892518209361415060e+01
1.892844051323841370e+01
1.893200442709591158e+01
1.893589482750628861e+01
1.894013363908727143e+01
1.894474371953531033e+01
1.894974885973709178e+01
1.895517378332346325e+01
1.896104414700400653e+01
1.896738654045549310e+01
1.897422848632189840e+01
1.898159844032591792e+01
1.898952579059986689e+01
1.899804085924691321e+01
1.900717490044528901e+01
1.901696010167498230e+01
1.902742958349469760e+01
1.903861739931882724e+01
1.905055853575200331e+01
1.906328891169694728e+01
1.907684537958116877e+01
1.909126572502242425e+01
1.910658866593656313e+01
1.912285385398725879e+01
1.914010187335932045e+01
1.915837424075867546e+01
1.917771340675060543e+01
1.919816275397545269e+01
1.921976659937897836e+01
1.921029481613564371e+01
1.921032370588994098e+01
1.921041086182135160e+01
1.921055774427000884e+01
1.921076678646700842e+01
1.921104139576113212e+01
1.921138595239212776e+01
1.921180581038287372e+01
1.921230729675873050e+01
1.921289771243971245e+01
1.921358533168286442e+01
1.921437940185926152e+01
1.921529014412308101e+01
1.921632875285404296e+01
1.921750739599194802e+01
1.921883921459060574e+01
1.922033832382150820e+01
1.922201981141256155e+01
1.922389973920934736e+01
1.922599514228297934e+01
1.922832402893010340e+01
1.923090538123048532e+01
1.923375915426637661e+01
1.923690627701467548e+01
1.924036865134325680e+01
1.924416915323766730e+01
1.924833163135138747e+01
1.925288090845558742e+01
1.925784278043543196e+01
1.926324401640162876e+01
1.926911235935952149e+01
1.927547652509390375e+01
1.928236620384180711e+01
1.928981205806212529e+01
1.929784572455446678e+01
1.930649981323244901e+01
1.931580790734674125e+01
1.932580456359657362e+01
1.933652531224126037e+01
1.934800665687717114e+01
1.936028607477227226e+01
1.937340201630854253e+01
1.938739390520500905e+01
1.940230213896382239e+01
1.941816808820114204e+01
1.943503409753927968e+01
1.945294348426849851e+01
1.947194053946217096e+01
1.949207052775376070e+01
1.951337968711377613e+01
1.951713905336237076e+01
1.951715581967290802e+01
1.951720662768835624e+01
1.951729300599840755e+01
1.951741750202952730e+01
1.951758368215646655e+01
1.951779613181376405e+01
1.951806045516121202e+01
1.951838327575296006e+01
1.951877223575687381e+01
1.951923599628911532e+01
1.951978423763715043e+01
1.952042765903673782e+01
1.952117797856039161e+01
1.952204793334043487e+01
1.952305127945746221e+01
1.952420279205188081e+01
1.952551826521236578e+01
1.952701451164132607e+01
1.952870936354704412e+01
1.953062167175153263e+01
1.953277130624811520e+01
1.953517915586688147e+01
1.953786712849772655e+01
1.954085815086730094e+01
1.954417616865053731e+01
1.954784614691673283e+01
1.955189406912586847e+01
1.955634693824379511e+01
1.956123277551554196e+01
1.956658062191504044e+01
1.957242053702996287e+01
1.957878359906169052e+01
1.958570190594052818e+01
1.959320857409898409e+01
1.960133773880632546e+01
1.961012455483770367e+01
1.961960519535895386e+01
1.962981685281874533e+01
1.964079773850251698e+01
1.965258708297853829e+01
1.966522513531729288e+01
1.967875316387209494e+01
1.969321345583303184e+01
1.970864931700390343e+01
1.972510507347502440e+01
1.974262606861221059e+01
1.976125866595626590e+01
1.978105024743867446e+01
1.980204921405072938e+01
1.981600525697784221e+01
1.981600942633533791e+01
1.981602246880643037e+01
1.981604598736393896e+01
1.981608265388943124e+01
1.981613620872715131e+01
1.981621146124161825e+01
1.981631428903698833e+01
1.981645163896072503e+01
1.981663152621146295e+01
1.981686303467353483e+01
1.981715631725155902e+01
1.981752259520131076e+01
1.981797415857579736e+01
1.981852436633677428e+01
1.981918764590868420e+01
1.981997949362471800e+01
1.982091647439226634e+01
1.982201622191594836e+01
1.982329743814003109e+01
1.982477989458664425e+01
1.982648443090603863e+01
1.982843295532265770e+01
1.983064844530426640e+01
1.983315494655825617e+01
1.983597757358926117e+01
1.983914250992218697e+01
1.984267700721006022e+01
1.984660938634921479e+01
1.985096903681018077e+01
1.985578641663769162e+01
1.986109305245066992e+01
1.986692153988831322e+01
1.987330554338705824e+01
1.988027979551145208e+01
1.988788009818088298e+01
1.989614332155437282e+01
1.990510740458817551e+01
1.991481135525881996e+01
1.992529524989399903e+01
1.993660023361863054e+01
1.994876852035487147e+01
1.996184339259908214e+01
1.997586920175636038e+01
1.999089136791753418e+01
2.000695637930154902e+01
2.002411179359368987e+01
2.004240623705345214e+01
2.006188940406844168e+01
2.008261205826957863e+01
2.008616096792683692e+01
2.008615677938809085e+01
2.008614477147792599e+01
2.008612661697999258e+01
2.008610510453615916e+01
2.008608413753131217e+01
2.008606873487400435e+01
2.008606503110796027e+01
2.008608027540841690e+01
2.008612283314337432e+01
2.008620218420082182e+01
2.008632892443849371e+01
2.008651476445713158e+01
2.008677253060418266e+01
2.008711616441619796e+01
2.008756072261882508e+01
2.008812237746136731e+01
2.008881841649375488e+01
2.008966724245501467e+01
2.009068837338478986e+01
2.009190244284638638e+01
2.009333119970373360e+01
2.009499750789833783e+01
2.009692534700687716e+01
2.009913981157210472e+01
2.010166711177194543e+01
2.010453457308493697e+01
2.010777063606721526e+01
2.011140485679855416e+01
2.011546790654784189e+01
2.011999157221914558e+01
2.012500875568258607e+01
2.013055347410890761e+01
2.013666086019251367e+01
2.014336716215146694e+01
2.015070974294685158e+01
2.015872708150948966e+01
2.016745877140170506e+01
2.017694552204403990e+01
2.018722915826917230e+01
2.019835261954128924e+01
2.021035996118279243e+01
2.022329635392821956e+01
2.023720808347817623e+01
2.025214255094540405e+01
2.026814827307781997e+01
2.028527488136636947e+01
2.030357312338324505e+01
2.032309486122063547e+01
2.034389307282894066e+01
2.034875609087826120e+01
2.034874291135042412e+01
2.034870395612234262e+01
2.034864097548329909e+01
2.034855688665647122e+01
2.034845577379890358e+01
2.034834288766695565e+01
2.034822464639694672e+01
2.034810863438994843e+01
2.034800360342699221e+01
2.034791947188842087e+01
2.034786732508846185e+01
2.034785941538672205e+01
2.034790916174214459e+01
2.034803115038209143e+01
2.034824113368717491e+01
2.034855603197554430e+01
2.034899393149556701e+01
2.034957408587555250e+01
2.035031691534312870e+01
2.035124400739436012e+01
2.035237811579007072e+01
2.035374316189407295e+01
2.035536423344645840e+01
2.035726758523271940e+01
2.035948063897221516e+01
2.036203198320666985e+01
2.036495137296559932e+01
2.036826973110455086e+01
2.037201914618623988e+01
2.037623287482244194e+01
2.038094533966665978e+01
2.038619213030627719e+01
2.039201000359709326e+01
2.039843688344032202e+01
2.040551185966736369e+01
2.041327518982414446e+01
2.042176829805589477e+01
2.043103377577628166e+01
2.044111538044069931e+01
2.045205803721904658e+01
2.046390783765750143e+01
2.047671204012460677e+01
2.049051907070339951e+01
2.050537852107258274e+01
2.052134115073686615e+01
2.053845888568877598e+01
2.055678481918926082e+01
2.057637321076403225e+01
2.059727948731876168e+01
2.059244250737368631e+01
2.059242154393744428e+01
2.059235926386019599e+01
2.059225749928611648e+01
2.059211930326840800e+01
2.059194895043841100e+01
2.059175193633650025e+01
2.059153497808118516e+01
2.059130601414608464e+01
2.059107420380232156e+01
2.059084992812219994e+01
2.059064478919857422e+01
2.059047161014483862e+01
2.059034443609860787e+01
2.059027853266045227e+01
2.059029038723211613e+01
2.059039770834741034e+01
2.059061942567221593e+01
2.059097569022750918e+01
2.059148787427785621e+01
2.059217857200052748e+01
2.059307159770117224e+01
2.059419198759815472e+01
2.059556599948797384e+01
2.059722111163007696e+01
2.059918602441965163e+01
2.060149065882635711e+01
2.060416615750951053e+01
2.060724488448353142e+01
2.061076042467187364e+01
2.061474758413005048e+01
2.061924239104931544e+01
2.062428209419538661e+01
2.062990516368909155e+01
2.063615129089484057e+01
2.064306138875518570e+01
2.065067759123322588e+01
2.065904325387019824e+01
2.066820295289333842e+01
2.067820248633104896e+01
2.068908887334380964e+01
2.070091035433567583e+01
2.071371639106581242e+01
2.072755766620241147e+01
2.074248608443787845e+01
2.075855477103909408e+01
2.077581807273955761e+01
2.079433155762787422e+01
2.081415201514775148e+01
2.083533745587496711e+01
2.077652546729648364e+01
2.077650592516875250e+01
2.077644793254752287e+01
2.077635339138780779e+01
2.077622547172614631e+01
2.077606861101148894e+01
2.077588851510887125e+01
2.077569215785334222e+01
2.077548778038083199e+01
2.077528489246640575e+01
2.077509427163209210e+01
2.077492796314689016e+01
2.077479928002676957e+01
2.077472280392682080e+01
2.077471438391455294e+01
2.077479113691595103e+01
2.077497144816158325e+01
2.077527497062897410e+01
2.077572262504262213e+01
2.077633660054310738e+01
2.077714035357190880e+01
2.077815860898658684e+01
2.077941735950319213e+01
2.078094386547322259e+01
2.078276665566426118e+01
2.078491552647934526e+01
2.078742154218000238e+01
2.079031703510927898e+01
2.079363560546871881e+01
2.079741212165290420e+01
2.080168271958035220e+01
2.080648480302807712e+01
2.081185704474675902e+01
2.081783938389583000e+01
2.082447302871991113e+01
2.083180045476452591e+01
2.083986540610279548e+01
2.084871289410873985e+01
2.085838919812637826e+01
2.086894186636190085e+01
2.088041971354175530e+01
2.089287282358909437e+01
2.090635254739342841e+01
2.092091150459489413e+01
2.093660358213452355e+01
2.095348393503488538e+01
2.097160898684613528e+01
2.099103642808477943e+01
2.101182521768340550e+01
2.103403558276764329e+01
2.094580836825301873e+01
2.094579097476012919e+01
2.094573945358125400e+01
2.094565578116603533e+01
2.094554325178308218e+01
2.094540647740844008e+01
2.094525138783711427e+01
2.094508523046003390e+01
2.094491657059861112e+01
2.094475529105865874e+01
2.094461259246495644e+01
2.094450099314971325e+01
2.094443432915258896e+01
2.094442775444372273e+01
2.094449774036614187e+01
2.094466207597030660e+01
2.094493986846019951e+01
2.094535154252420739e+01
2.094591884022360162e+01
2.094666482199621171e+01
2.094761386554122495e+01
2.094879166648832225e+01
2.095022523784005486e+01
2.095194291064098380e+01
2.095397433397766207e+01
2.095635047375193594e+01
2.095910361446523851e+01
2.096226735788038553e+01
2.096587662346761505e+01
2.096996764851613904e+01
2.097457798824564179e+01
2.097974651524869927e+01
2.098551342027139910e+01
2.099192021098663830e+01
2.099900971366691493e+01
2.100682607173456162e+01
2.101541474676544397e+01
2.102482251759677823e+01
2.103509748121931011e+01
2.104628905188514665e+01
2.105844796199990654e+01
2.107162626145362694e+01
2.108587731784377084e+01
2.110125581669829131e+01
2.111781776091802598e+01
2.113562047155732770e+01
2.115472258715494647e+01
2.117518406362253458e+01
2.119706617547131700e+01
2.122043151380479031e+01
2.108733858580898257e+01
2.108732663443890232e+01
2.108729146382806974e+01
2.108723512514379905e+01
2.108716103699827116e+01
2.108707398477944750e+01
2.108698012198926008e+01
2.108688696912845728e+01
2.108680341425417382e+01
2.108673971242233947e+01
2.108670748646832749e+01
2.108671972667238492e+01
2.108679078997899126e+01
2.108693640155814819e+01
2.108717365369016861e+01
2.108752100565416399e+01
2.108799828450868930e+01
2.108862668464563939e+01
2.108942876767876129e+01
2.109042846277819550e+01
2.109165106622439012e+01
2.109312324196571709e+01
2.109487302117238272e+01
2.109692980234795456e+01
2.109932435177542587e+01
2.110208880217900074e+01
2.110525665473142709e+01
2.110886277749273177e+01
2.111294340552174731e+01
2.111753614210281071e+01
2.112267995707297885e+01
2.112841518838331112e+01
2.113478354087213518e+01
2.114182808648810052e+01
2.114959326540537177e+01
2.115812488446234951e+01
2.116747011816535107e+01
2.117767750846556751e+01
2.118879696420146885e+01
2.120087976243704375e+01
2.121397854678899719e+01
2.122814732865346343e+01
2.124344148709449698e+01
2.125991776761735608e+01
2.127763428384128375e+01
2.129665051705344680e+01
2.131702731487068903e+01
2.133882689313536574e+01
2.136211283468863442e+01
2.138695009037411765e+01
2.116653220030440252e+01
2.116653686090269204e+01
2.116655154560125851e+01
2.116657836221901334e+01
2.116662082449378346e+01
2.116668385119013607e+01
2.116677376654545739e+01
2.116689830026997043e+01
2.116706658754671366e+01
2.116728916869699617e+01
2.116757798973798543e+01
2.116794640171359987e+01
2.116840916147513951e+01
2.116898243101217147e+01
2.116968377778708543e+01
2.117053217473509719e+01
2.117154799981816637e+01
2.117275303691716104e+01
2.117417047493968596e+01
2.117582490826618269e+01
2.117774233697294761e+01
2.117995016605150482e+01
2.118247720618924745e+01
2.118535367354638055e+01
2.118861118930987431e+01
2.119228278036255020e+01
2.119640287861397709e+01
2.120100732233870389e+01
2.120613335383435327e+01
2.121181962187505121e+01
2.121810618015014072e+01
2.122503448782179802e+01
2.123264740952502194e+01
2.124098921503307480e+01
2.125010558014964346e+01
2.126004358514756021e+01
2.127085171633008542e+01
2.128257986547329850e+01
2.129527932904547072e+01
2.130900281010288921e+01
2.132380441572491492e+01
2.133973965935588879e+01
2.135686545957841176e+01
2.137524013989032667e+01
2.139492343026596188e+01
2.141597646503727859e+01
2.143846178423211057e+01
2.146244333357413936e+01
2.148798646403684387e+01
2.151515793162044687e+01
2.122279932300495631e+01
2.122282320054183913e+01
2.122289555456831067e+01
2.122301855000097959e+01
2.122319579481114005e+01
2.122343234035934501e+01
2.122373468128388296e+01
2.122411075538925473e+01
2.122456994353466087e+01
2.122512306985703390e+01
2.122578240210560097e+01
2.122656165086124602e+01
2.122747596998259212e+01
2.122854195671750333e+01
2.122977765148007379e+01
2.123120253762757059e+01
2.123283754235258414e+01
2.123470503567937584e+01
2.123682883079840877e+01
2.123923418440093158e+01
2.124194779600984262e+01
2.124499780898337065e+01
2.124841380928837253e+01
2.125222682661550522e+01
2.125646933348709311e+01
2.126117524581471230e+01
2.126637992301070668e+01
2.127212016720756793e+01
2.127843422437310750e+01
2.128536178286072555e+01
2.129294397530523142e+01
2.130122337661548926e+01
2.131024400564722043e+01
2.132005132397627989e+01
2.133069223679081361e+01
2.134221509222215474e+01
2.135466968179087743e+01
2.136810724018377883e+01
2.138258044536539160e+01
2.139814341846645718e+01
2.141485172400698289e+01
2.143276236945013835e+01
2.145193380598291455e+01
2.147242592740092348e+01
2.149430007100054141e+01
2.151761901780196595e+01
2.154244699098792992e+01
2.156884965791105557e+01
2.159689412897866490e+01
2.162664895731822057e+01
2.125271496562757179e+01
2.125276237108954902e+01
2.125290532651130349e+01
2.125314604866573021e+01
2.125348823183976421e+01
2.125393704861501121e+01
2.125449914897560078e+01
2.125518266131185285e+01
2.125599719085901285e+01
2.125695382170459879e+01
2.125806511500408291e+01
2.125934511020761875e+01
2.126080932427939985e+01
2.126247475192068492e+01
2.126435986623894436e+01
2.126648461763263143e+01
2.126887043412577327e+01
2.127154022214857676e+01
2.127451836564529586e+01
2.127783072640878359e+01
2.128150464374592232e+01
2.128556893536979544e+01
2.129005389661904246e+01
2.129499130034633936e+01
2.130041439725296470e+01
2.130635791644638743e+01
2.131285806399051808e+01
2.131995252446698075e+01
2.132768045985991989e+01
2.133608251022511126e+01
2.134520079324389386e+01
2.135507890444620216e+01
2.136576191743360553e+01
2.137729638309867752e+01
2.138973033062865881e+01
2.140311326694786942e+01
2.141749617660619265e+01
2.143293152211362340e+01
2.144947324382875564e+01
2.146717675973573947e+01
2.148609896566732402e+01
2.150629823563941301e+01
2.152783442095891075e+01
2.155076885111586904e+01
2.157516433322591354e+01
2.160108515225325121e+01
2.162859707112221486e+01
2.165776733049420955e+01
2.168866464876771971e+01
2.172135922230134497e+01
2.125098556694780072e+01
2.125106448330453901e+01
2.125130198278550253e+01
2.125170031762659661e+01
2.125226324055066485e+01
2.125299600621723783e+01
2.125390537021884896e+01
2.125499958919256471e+01
2.125628842137757601e+01
2.125778312616912302e+01
2.125949646423001482e+01
2.126144269726759006e+01
2.126363758825675276e+01
2.126609840199757429e+01
2.126884390377705714e+01
2.127189436059584793e+01
2.127527154027609058e+01
2.127899871235356244e+01
2.128310064752009723e+01
2.128760361740054563e+01
2.129253539522186500e+01
2.129792525525556002e+01
2.130380397315221686e+01
2.131020382560694770e+01
2.131715859080546949e+01
2.132470354808955904e+01
2.133287547795703532e+01
2.134171266217327556e+01
2.135125488421732243e+01
2.136154342772057291e+01
2.137262107869720396e+01
2.138453212398286496e+01
2.139732235145774908e+01
2.141103905060416679e+01
2.142573101194896168e+01
2.144144852706350690e+01
2.145824338900978034e+01
2.147616889256340755e+01
2.149527983276390586e+01
2.151563250669899219e+01
2.153728471216636819e+01
2.156029574878888155e+01
2.158472641689936822e+01
2.161063901820973854e+01
2.163809735592251826e+01
2.166716673428475559e+01
2.169791395869955508e+01
2.173040733594910634e+01
2.176471667441771274e+01
2.180091328297663011e+01
2.122042839439783535e+01
2.122054306550145952e+01
2.122088783981736881e+01
2.122146499879942638e+01
2.122227834479639341e+01
2.122333320149800429e+01
2.122463641371191656e+01
2.122619634691765711e+01
2.122802288760116340e+01
2.123012744381238193e+01
2.123252294416160169e+01
2.123522383837703842e+01
2.123824609730485236e+01
2.124160721268609109e+01
2.124532619749125928e+01
2.124942358547423638e+01
2.125392143161835889e+01
2.125884331180185072e+01
2.126421432279784085e+01
2.127006108294346376e+01
2.127641173113619288e+01
2.128329592716840324e+01
2.129074485228494851e+01
2.129879120873711074e+01
2.130746921933650029e+01
2.131681462845874719e+01
2.132686470126284917e+01
2.133765822357966968e+01
2.134923550325015285e+01
2.136163836811798689e+01
2.137491016759087614e+01
2.138909577174837651e+01
2.140424157245709225e+01
2.142039548158637174e+01
2.143760693268109918e+01
2.145592688029256578e+01
2.147540779964392144e+01
2.149610368752232858e+01
2.151807006105225284e+01
2.154136395903368140e+01
2.156604394093846366e+01
2.159217008735638643e+01
2.161980399999516678e+01
2.164900880145741624e+01
2.167984913501760502e+01
2.171239116596029461e+01
2.174670257968430320e+01
2.178285258315245798e+01
2.182091190377641610e+01
2.186095279075486886e+01
2.117919552818109352e+01
2.117934875784003879e+01
2.117980921495912128e+01
2.118057920530333149e+01
2.118166257125671592e+01
2.118306469226845579e+01
2.118479248496440093e+01
2.118685440292400912e+01
2.118926043645732804e+01
2.119202211327408847e+01
2.119515249770309495e+01
2.119866619136132613e+01
2.120257933293088826e+01
2.120690959760144878e+01
2.121167619818539052e+01
2.121689988411417005e+01
2.122260294188437868e+01
2.122880919505774244e+01
2.123554400414961307e+01
2.124283426685198961e+01
2.125070841758746099e+01
2.125919642784375441e+01
2.126832980617372826e+01
2.127814159830690599e+01
2.128866638648034382e+01
2.129994029055384175e+01
2.131200096689473611e+01
2.132488760927006410e+01
2.133864094795439570e+01
2.135330325062201240e+01
2.136891832201231622e+01
2.138553150348377940e+01
2.140318967368305536e+01
2.142194124821040546e+01
2.144183617950820064e+01
2.146292595741850207e+01
2.148526360817939818e+01
2.150890369554018733e+01
2.153390232020378647e+01
2.156031711960370245e+01
2.158820726812705004e+01
2.161763347789520395e+01
2.164865799720251971e+01
2.168134461163153048e+01
2.171575864371839515e+01
2.175196695306439665e+01
2.179003793644749010e+01
2.183004152726468661e+01
2.187204919631268396e+01
2.191613395111877338e+01
2.115884975302882154e+01
2.115904136403953828e+01
2.115961697123596252e+01
2.116057889856066510e+01
2.116193101928842779e+01
2.116367875569169854e+01
2.116582907948666659e+01
2.116839051138716954e+01
2.117137312132776117e+01
2.117478852890975460e+01
2.117864990273213266e+01
2.118297196039154073e+01
2.118777096915139424e+01
2.119306474516125149e+01
2.119887265434897117e+01
2.120521561097095287e+01
2.121211607950796463e+01
2.121959807310388868e+01
2.122768715434633435e+01
2.123641043482057711e+01
2.124579657589018211e+01
2.125587578747030904e+01
2.126667982936591983e+01
2.127824201037964258e+01
2.129059718820025182e+01
2.130378177040632792e+01
2.131783371312803865e+01
2.133279252249688795e+01
2.134869925341899943e+01
2.136559650990967896e+01
2.138352844565100241e+01
2.140254076321119214e+01
2.142268071482524761e+01
2.144399710150278793e+01
2.146654027358565386e+01
2.149036213119397587e+01
2.151551612277643244e+01
2.154205724689455437e+01
2.157004205077298309e+01
2.159952863119160327e+01
2.163057663403949249e+01
2.166324725442641608e+01
2.169760323712892358e+01
2.173370887525210904e+01
2.177163001212543492e+01
2.181143403962995109e+01
2.185318989942500068e+01
2.189696808205606615e+01
2.194284062717781580e+01
2.199088112433472730e+01
2.110854329800753248e+01
2.110877804665154045e+01
2.110948307098555077e+01
2.111066070565795272e+01
2.111231484167503680e+01
2.111445092695859671e+01
2.111707596511922702e+01
2.112019851712910068e+01
2.112382869976070765e+01
2.112797818636747849e+01
2.113266020710683080e+01
2.113788954815954213e+01
2.114368255228733062e+01
2.115005711883286565e+01
2.115703270360823751e+01
2.116463031878345191e+01
2.117287253288642646e+01
2.118178347124906225e+01
2.119138881522660611e+01
2.120171580297829550e+01
2.121279322902128328e+01
2.122465144423062000e+01
2.123732235595079487e+01
2.125083942833027351e+01
2.126523768120632596e+01
2.128055369188931678e+01
2.129682559326688107e+01
2.131409307525369101e+01
2.133239738378775741e+01
2.135178132172260845e+01
2.137228924804663421e+01
2.139396707832917244e+01
2.141686228438595663e+01
2.144102389472518055e+01
2.146650249454751247e+01
2.149335022496545022e+01
2.152162078400698775e+01
2.155136942561196634e+01
2.158265296085876273e+01
2.161552975684910294e+01
2.165005973737718392e+01
2.168630438237207514e+01
2.172432672845530632e+01
2.176419136871784588e+01
2.180596445272007955e+01
2.184971368626878885e+01
2.189550833197473878e+01
2.194341920869509366e+01
2.199351869164490836e+01
2.204588071262020676e+01
2.107282027613506159e+01
2.107309671946918073e+01
2.107392683166516889e+01
2.107531295908090030e+01
2.107725901179239969e+01
2.107977046448599623e+01
2.108285435556619092e+01
2.108651928804778208e+01
2.109077542855220599e+01
2.109563450831121756e+01
2.110110982238623833e+01
2.110721623022596560e+01
2.111397015522029008e+01
2.112138958492333884e+01
2.112949407116498790e+01
2.113830472960479412e+01
2.114784424040109556e+01
2.115813684765343083e+01
2.116920835962557845e+01
2.118108614885705521e+01
2.119379915160554972e+01
2.120737786885056408e+01
2.122185436528976865e+01
2.123726226989658628e+01
2.125363677592018163e+01
2.127101464043940382e+01
2.128943418469733828e+01
2.130893529465888747e+01
2.132955941944952727e+01
2.135134957336262929e+01
2.137435033396365469e+01
2.139860784365140134e+01
2.142416980831979600e+01
2.145108549836155376e+01
2.147940574855665119e+01
2.150918295718020090e+01
2.154047108711760927e+01
2.157332566530701001e+01
2.160780378273923574e+01
2.164396409468088578e+01
2.168186682033974932e+01
2.172157374331088064e+01
2.176314821101901842e+01
2.180665513516465737e+01
2.185216099161250725e+01
2.189973382072609098e+01
2.194944322636403200e+01
2.200136037666071331e+01
2.205555800424931334e+01
2.211211040570420039e+01
2.110821464207729647e+01
2.110852259240301265e+01
2.110944723404923096e+01
2.111099093902317492e+01
2.111315766067020050e+01
2.111595293378534066e+01
2.111938387439024822e+01
2.112345917984471910e+01
2.112818912895822265e+01
2.113358558176684809e+01
2.113966197986786355e+01
2.114643334597365509e+01
2.115391628413474834e+01
2.116212898007436749e+01
2.117109120040781534e+01
2.118082429331157002e+01
2.119135118841177601e+01
2.120269639667272799e+01
2.121488601028534049e+01
2.122794770266715858e+01
2.124191072879690623e+01
2.125680592510297373e+01
2.127266570901734610e+01
2.128952407953318371e+01
2.130741661720482938e+01
2.132638048325566515e+01
2.134645442102784330e+01
2.136767875475559109e+01
2.139009539001127891e+01
2.141374781415149542e+01
2.143868109531338817e+01
2.146494188330679975e+01
2.149257840927971941e+01
2.152164048549524367e+01
2.155217950588917120e+01
2.158424844551241151e+01
2.161790186075401721e+01
2.165319588989877886e+01
2.169018825156596009e+01
2.172893824649361605e+01
2.176950675642336819e+01
2.181195624488108109e+01
2.185635075595011756e+01
2.190275591605566063e+01
2.195123893195737352e+01
2.200186859275672191e+01
2.205471526788966230e+01
2.210985090902243755e+01
2.216734904860184230e+01
2.222728480063585721e+01
2.111777222261715892e+01
2.111811530006133353e+01
2.111914533098076774e+01
2.112086470946342587e+01
2.112327742610198555e+01
2.112638906788232873e+01
2.113020681796048805e+01
2.113473945588570402e+01
2.113999735704281235e+01
2.114599249332137276e+01
2.115273843300414214e+01
2.116025034043251196e+01
2.116854497634108156e+01
2.117764069741156518e+01
2.118755745716495653e+01
2.119831680462329260e+01
2.120994188587092566e+01
2.122245744227020836e+01
2.123588981246885510e+01
2.125026693083865936e+01
2.126561832781005279e+01
2.128197513042970357e+01
2.129937006202596805e+01
2.131783744176279782e+01
2.133741318542038456e+01
2.135813480517211005e+01
2.138004140880393322e+01
2.140317370105259798e+01
2.142757398260197377e+01
2.145328615030609143e+01
2.148035569730066285e+01
2.150882971322610615e+01
2.153875688378149533e+01
2.157018749061301577e+01
2.160317341231765553e+01
2.163776812321647824e+01
2.167402669368919277e+01
2.171200579151237875e+01
2.175176367918302489e+01
2.179336021626043518e+01
2.183685685903167339e+01
2.188231665883876431e+01
2.192980426419757123e+01
2.197938591968259203e+01
2.203112946570393760e+01
2.208510433951098406e+01
2.214138157441174926e+01
2.220003379954986755e+01
2.226113524101974406e+01
2.232476172086293076e+01
2.116364268278136507e+01
2.116401434363739043e+01
2.116513013639034213e+01
2.116699249081423417e+01
2.116960545694132634e+01
2.117297470483908484e+01
2.117710752405258745e+01
2.118201282494275262e+01
2.118770113723659065e+01
2.119418461069631832e+01
2.120147701534240170e+01
2.120959374089595784e+01
2.121855179733633889e+01
2.122836981412051927e+01
2.123906804152131045e+01
2.125066834895458001e+01
2.126319422631747713e+01
2.127667078331931805e+01
2.129112474970463253e+01
2.130658447503011743e+01
2.132307992933374763e+01
2.134064270190807733e+01
2.135930600263846202e+01
2.137910466111090813e+01
2.140007512694662495e+01
2.142225546969051209e+01
2.144568537903420236e+01
2.147040616448148853e+01
2.149646075557136982e+01
2.152389370198958218e+01
2.155275117312250188e+01
2.158308095850323838e+01
2.161493246758857723e+01
2.164835672987052817e+01
2.168340639487629673e+01
2.172013573183373936e+01
2.175860063045200121e+01
2.179885859991783548e+01
2.184096876989927694e+01
2.188499188931893968e+01
2.193099032791527492e+01
2.197902807501586153e+01
2.202917073953742033e+01
2.208148555121249856e+01
2.213604135925126926e+01
2.219290863289910121e+01
2.225215946121353738e+01
2.231386755351036655e+01
2.237810823925210713e+01
2.244495846749039814e+01
2.130375087788392463e+01
2.130413407213714905e+01
2.130528448827764265e+01
2.130720462611328969e+01
2.130989865132146122e+01
2.131337239667571026e+01
2.131763336126514830e+01
2.132269071027140228e+01
2.132855527552621311e+01
2.133523955539991235e+01
2.134275771468990257e+01
2.135112558428610896e+01
2.136036066195159933e+01
2.137048211165348732e+01
2.138151076389746663e+01
2.139346911550479646e+01
2.140638132972380347e+01
2.142027323645293180e+01
2.143517233179465720e+01
2.145110777850156580e+01
2.146811040553028249e+01
2.148621270837601926e+01
2.150544884896107689e+01
2.152585465574632906e+01
2.154746762361973822e+01
2.157032691378481459e+01
2.159447335353758390e+01
2.161994943760482357e+01
2.164679932624822456e+01
2.167506884637959885e+01
2.170480549156086170e+01
2.173605842166948321e+01
2.176887846289849548e+01
2.180331810809103743e+01
2.183943151618276701e+01
2.187727451309400450e+01
2.191690459094911603e+01
2.195838090774194029e+01
2.200176428867402123e+01
2.204711722537398089e+01
2.209450387511688163e+01
2.214399006227397138e+01
2.219564327797812808e+01
2.224953267845107518e+01
2.230572908812592203e+01
2.236430499652461279e+01
2.242533455993072522e+01
2.248889360161251361e+01
2.255505961015010286e+01
2.262391174200045185e+01
2.142523836857659703e+01
2.142563422245649818e+01
2.142682264279180870e+01
2.142880620611543208e+01
2.143158920646299492e+01
2.143517765537286834e+01
2.143957928244375211e+01
2.144480353421948138e+01
2.145086157552726291e+01
2.145776628825095855e+01
2.146553227244627848e+01
2.147417584522559508e+01
2.148371504176160940e+01
2.149416961472975274e+01
2.150556103419667409e+01
2.151791248828935466e+01
2.153124888219143074e+01
2.154559683936991021e+01
2.156098470023693636e+01
2.157744252337650082e+01
2.159500208465229676e+01
2.161369687765378345e+01
2.163356211358467363e+01
2.165463472137446388e+01
2.167695334734385071e+01
2.170055835576235026e+01
2.172549182817917313e+01
2.175179756386930308e+01
2.177952107972197737e+01
2.180870961057524227e+01
2.183941210843532232e+01
2.187167924303421174e+01
2.190556340182968498e+01
2.194111869000528259e+01
2.197840092991272343e+01
2.201746766207557826e+01
2.205837814429710519e+01
2.210119335210634972e+01
2.214597597886963243e+01
2.219279043467538770e+01
2.224170284878756831e+01
2.229278106663462111e+01
2.234609465192837874e+01
2.240171488599491312e+01
2.245971476755152096e+01
2.252016901337582055e+01
2.258315405707905299e+01
2.264874805077887032e+01
2.271703086376109937e+01
2.278808408292581333e+01
2.158577952320016280e+01
2.158617921277297569e+01
2.158737917341966295e+01
2.158938208215165844e+01
2.159219240028296127e+01
2.159581637376468777e+01
2.160026203307355885e+01
2.160553919321188587e+01
2.161165945381910802e+01
2.161863619872570297e+01
2.162648459695686043e+01
2.163522160150577278e+01
2.164486595033731575e+01
2.165543816571892322e+01
2.166696055422058365e+01
2.167945720760701178e+01
2.169295400172243404e+01
2.170747859704820115e+01
2.172306043859126490e+01
2.173973075599569427e+01
2.175752256354267189e+01
2.177647065992746533e+01
2.179661162814790387e+01
2.181798383639653238e+01
2.184062743672237517e+01
2.186458436592310406e+01
2.188989834599108875e+01
2.191661488232912092e+01
2.194478126586926336e+01
2.197444657162309767e+01
2.200566165912779937e+01
2.203847917266919865e+01
2.207295354105870544e+01
2.210914097752182172e+01
2.214709947980965055e+01
2.218688883053344441e+01
2.222857059649550138e+01
2.227220812902372415e+01
2.231786656452919715e+01
2.236561282327950551e+01
2.241551561062541964e+01
2.246764541622027167e+01
2.252207451413147510e+01
2.257887696328660709e+01
2.263812860713883524e+01
2.269990707344388881e+01
2.276429177459462139e+01
2.283136390750948763e+01
2.290120645374404873e+01
2.297390417971403309e+01
2.182364495870730181e+01
2.182403229477284867e+01
2.182519524207023309e+01
2.182713661745560074e+01
2.182986111587507239e+01
2.183337531003017062e+01
2.183768765082390217e+01
2.184280846680316657e+01
2.184874996471634034e+01
2.185552622917873933e+01
2.186315322267259731e+01
2.187164878577011606e+01
2.188103263679890276e+01
2.189132637228805578e+01
2.190255346663359148e+01
2.191473927176390291e+01
2.192791101825494593e+01
2.194209781421503536e+01
2.195733064573094850e+01
2.197364237675637355e+01
2.199106774966952926e+01
2.200964338393493236e+01
2.202940777788768756e+01
2.205040130717224400e+01
2.207266622574604042e+01
2.209624666509889579e+01
2.212118863525667223e+01
2.214754002377758724e+01
2.217535059597528857e+01
2.220467199581096551e+01
2.223555774444362498e+01
2.226806324156832417e+01
2.230224576430096306e+01
2.233816446829348479e+01
2.237588038639564303e+01
2.241545643032779722e+01
2.245695738878507441e+01
2.250044992922168419e+01
2.254600259673572538e+01
2.259368581395766640e+01
2.264357188216553851e+01
2.269573498028125513e+01
2.275025116509366896e+01
2.280719837114703097e+01
2.286665641163315144e+01
2.292870697694166182e+01
2.299343363577519384e+01
2.306092183503785620e+01
2.313125889838551075e+01
2.320453402945978993e+01
2.204910034172981170e+01
2.204947381755609470e+01
2.205059523788780851e+01
2.205246757949921488e+01
2.205509580397814773e+01
2.205848685761447570e+01
2.206264967140011635e+01
2.206759516102902907e+01
2.207333622656266314e+01
2.207988775298753836e+01
2.208726660988071444e+01
2.209549165118671965e+01
2.210458371610973671e+01
2.211456562810990434e+01
2.212546219523789404e+01
2.213730021013489235e+01
2.215010845070172962e+01
2.216391767876065089e+01
2.217876064128200753e+01
2.219467206938061210e+01
2.221168867931939062e+01
2.222984917195179477e+01
2.224919423249875905e+01
2.226976653110630266e+01
2.229161072228793117e+01
2.231477344559375098e+01
2.233930332494134774e+01
2.236525096895036313e+01
2.239266897105398613e+01
2.242161190905290624e+01
2.245213634567288352e+01
2.248430082811869113e+01
2.251816588829713695e+01
2.255379404270556165e+01
2.259124979265486388e+01
2.263059962426950378e+01
2.267191200759535263e+01
2.271525739804944166e+01
2.276070823563932422e+01
2.280833894451699706e+01
2.285822593409410430e+01
2.291044759814976928e+01
2.296508431483060519e+01
2.302221844754286195e+01
2.308193434394875965e+01
2.314431833652407633e+01
2.320945874211207993e+01
2.327744586270415184e+01
2.334837198432461136e+01
2.342233137848044322e+01
2.229024093428835229e+01
2.229059563980928260e+01
2.229166080821843465e+01
2.229343959572399925e+01
2.229593726233841267e+01
2.229916117165530665e+01
2.230312079163014971e+01
2.230782769435721136e+01
2.231329555551194943e+01
2.231954015502014954e+01
2.232657937650030888e+01
2.233443320793276499e+01
2.234312374110209376e+01
2.235267517148558269e+01
2.236311379903388286e+01
2.237446802739035689e+01
2.238676836400261649e+01
2.240004742090313883e+01
2.241433991348256072e+01
2.242968266127032351e+01
2.244611458793465886e+01
2.246367672105956004e+01
2.248241219225629095e+01
2.250236623671732517e+01
2.252358619410848206e+01
2.254612150801134618e+01
2.257002372570021720e+01
2.259534649847666898e+01
2.262214558211563542e+01
2.265047883575021359e+01
2.268040622254076766e+01
2.271198981000950567e+01
2.274529376948287407e+01
2.278038437609155409e+01
2.281733000943957990e+01
2.285620115226611659e+01
2.289707039189519477e+01
2.294001241978964600e+01
2.298510403088198117e+01
2.303242412435502473e+01
2.308205370341888241e+01
2.313407587497637863e+01
2.318857585006913169e+01
2.324564094398907699e+01
2.330536057572086861e+01
2.336782626783036321e+01
2.343313164780284552e+01
2.350137244648176349e+01
2.357264649851480698e+01
2.364705374313453135e+01
2.255949527145412503e+01
2.255982470623242975e+01
2.256081412832138255e+01
2.256246689310194498e+01
2.256478859224379363e+01
2.256778705392834183e+01
2.257147234318330220e+01
2.257585676154812759e+01
2.258095484740857728e+01
2.258678337588517948e+01
2.259336135861021688e+01
2.260071004383922144e+01
2.260885291633947602e+01
2.261781569805911829e+01
2.262762634734650291e+01
2.263831505895021223e+01
2.264991426446513145e+01
2.266245863244395764e+01
2.267598506772809230e+01
2.269053271178220044e+01
2.270614294325180538e+01
2.272285937684809198e+01
2.274072786424006409e+01
2.275979649371999258e+01
2.278011559042643697e+01
2.280173771567514862e+01
2.282471766785121403e+01
2.284911248196298672e+01
2.287498142975358917e+01
2.290238601925485895e+01
2.293138999545644197e+01
2.296205934019429407e+01
2.299446227137002552e+01
2.302866924406610849e+01
2.306475295021131799e+01
2.310278831757705476e+01
2.314285251145012268e+01
2.318502493318301205e+01
2.322938722119752697e+01
2.327602325031571340e+01
2.332501913231742918e+01
2.337646321504819369e+01
2.343044608398045980e+01
2.348706056031779710e+01
2.354640170233310670e+01
2.360856680514558548e+01
2.367365540005161861e+01
2.374176925541693350e+01
2.381301237623051392e+01
2.388749100388156066e+01
2.281755443756605217e+01
2.281785599451265156e+01
2.281876185905086274e+01
2.282027561227592471e+01
2.282240322334902771e+01
2.282515304860513439e+01
2.282853583188757085e+01
2.283256470488255374e+01
2.283725518656162023e+01
2.284262518351615867e+01
2.284869498984592084e+01
2.285548728738202584e+01
2.286302714524091328e+01
2.287134202027040075e+01
2.288046175682665861e+01
2.289041858688571551e+01
2.290124712959739739e+01
2.291298439206594395e+01
2.292566976901546738e+01
2.293934504223234683e+01
2.295405438168042522e+01
2.296984434405124986e+01
2.298676387443688185e+01
2.300486430499164214e+01
2.302419935537819740e+01
2.304482513332515836e+01
2.306680013328885437e+01
2.309018523801458400e+01
2.311504371730992702e+01
2.314144122904839662e+01
2.316944581783122459e+01
2.319912791677165487e+01
2.323056034559912675e+01
2.326381831233207009e+01
2.329897941227420688e+01
2.333612362812609931e+01
2.337533333020816428e+01
2.341669327668373413e+01
2.346029061288991713e+01
2.350621487167218149e+01
2.355455797371889304e+01
2.360541422733827588e+01
2.365888032790083884e+01
2.371505535861998482e+01
2.377404079044050178e+01
2.383594048136944821e+01
2.390086067747983023e+01
2.396891001224147644e+01
2.404019950652103788e+01
2.411484256847048613e+01
2.304921000490283589e+01
2.304948955693809154e+01
2.305032947867197279e+01
2.305173356576210253e+01
2.305370814478776609e+01
2.305626207291536645e+01
2.305940673767537064e+01
2.306315605774294752e+01
2.306752648159974584e+01
2.307253698909514839e+01
2.307820909010806076e+01
2.308456682566208684e+01
2.309163676692185874e+01
2.309944801552760296e+01
2.310803220459880336e+01
2.311742349683838782e+01
2.312765858609397895e+01
2.313877669680030635e+01
2.315081958375618143e+01
2.316383153257054772e+01
2.317785935955098964e+01
2.319295241092306981e+01
2.320916256472618500e+01
2.322654422858315826e+01
2.324515434103847866e+01
2.326505237122374936e+01
2.328630031919223242e+01
2.330896271480366622e+01
2.333310661939705355e+01
2.335880162456394515e+01
2.338611985237147906e+01
2.341513595558542349e+01
2.344592711755865366e+01
2.347857305234267500e+01
2.351315600457609634e+01
2.354976074937311736e+01
2.358847459243504829e+01
2.362938737016182245e+01
2.367259144976352303e+01
2.371818172881430087e+01
2.376625563525238150e+01
2.381691312804916549e+01
2.387025669665165140e+01
2.392639136109394116e+01
2.398542467188572758e+01
2.404746671034685335e+01
2.411263008816122522e+01
2.418102994782289628e+01
2.425278396241303369e+01
2.432801233537686869e+01
2.325052691207250177e+01
2.325079333253305691e+01
2.325159392165885919e+01
2.325293266312841922e+01
2.325481619655460719e+01
2.325725381681554182e+01
2.326025747516978015e+01
2.326384177836417422e+01
2.326802398896840529e+01
2.327282402492894064e+01
2.327826446079571099e+01
2.328437052616086689e+01
2.329117010677395427e+01
2.329869374398432669e+01
2.330697463496418820e+01
2.331604863270857564e+01
2.332595424592386379e+01
2.333673263913926377e+01
2.334842763270683008e+01
2.336108570246691229e+01
2.337475598052876791e+01
2.338949025426692074e+01
2.340534296710175610e+01
2.342237121838804370e+01
2.344063476285730374e+01
2.346019601128695342e+01
2.348112003005420334e+01
2.350347454158215754e+01
2.352732992378219734e+01
2.355275921050007071e+01
2.357983809140437970e+01
2.360864491154048039e+01
2.363926067233417072e+01
2.367176903069954719e+01
2.370625629903898357e+01
2.374281144602377225e+01
2.378152609592501676e+01
2.382249452861362471e+01
2.386581368000639358e+01
2.391158314139687491e+01
2.395990516034755302e+01
2.401088463990919308e+01
2.406462913895540368e+01
2.412124887184808841e+01
2.418085670955262145e+01
2.424356817785354679e+01
2.430950145880434121e+01
2.437877739039283043e+01
2.445151946587210290e+01
2.452785383465263536e+01
2.343506953788771696e+01
2.343532199138541117e+01
2.343608074909892025e+01
2.343735000291255233e+01
2.343913673937451136e+01
2.344145073958536329e+01
2.344430457919804311e+01
2.344771362852937813e+01
2.345169605244855759e+01
2.345627281060017921e+01
2.346146765684665070e+01
2.346730713993731499e+01
2.347382060328538955e+01
2.348104018463342513e+01
2.348900081661090411e+01
2.349774022628815118e+01
2.350729893506482782e+01
2.351772025967359170e+01
2.352905031061883889e+01
2.354133799373796165e+01
2.355463500886313710e+01
2.356899585060193303e+01
2.358447780856037213e+01
2.360114096633925129e+01
2.361904820242628844e+01
2.363826519008460991e+01
2.365886039690666820e+01
2.368090508503728842e+01
2.370447331150822379e+01
2.372964192779207337e+01
2.375649057980228207e+01
2.378510170845074256e+01
2.381556054875564499e+01
2.384795513095664887e+01
2.388237627906516636e+01
2.391891761231407898e+01
2.395767554460016058e+01
2.399874928403799146e+01
2.404224083318300842e+01
2.408825499003516768e+01
2.413689934625463351e+01
2.418828428883458415e+01
2.424252299865143812e+01
2.429973145202615115e+01
2.436002841893987991e+01
2.442353546470679149e+01
2.449037694908189522e+01
2.456068002614954082e+01
2.463457464488099546e+01
2.471219354846533989e+01
2.356511822769371634e+01
2.356537282603461136e+01
2.356613807046856124e+01
2.356741830878332422e+01
2.356922078814678301e+01
2.357155565388027441e+01
2.357443595035070771e+01
2.357787762041299473e+01
2.358189950574459104e+01
2.358652334684550311e+01
2.359177378281525250e+01
2.359767835146438131e+01
2.360426748942599673e+01
2.361157453204422296e+01
2.361963571303965992e+01
2.362849016551305681e+01
2.363817992083011887e+01
2.364874990906756835e+01
2.366024795901317646e+01
2.367272479861180656e+01
2.368623405396176196e+01
2.370083225020693973e+01
2.371657881109073429e+01
2.373353605929062482e+01
2.375176921574903588e+01
2.377134640056549486e+01
2.379233863243904779e+01
2.381481982877976833e+01
2.383886680548572912e+01
2.386455927761209495e+01
2.389197985859051698e+01
2.392121406089822599e+01
2.395235029527741233e+01
2.398547987151585303e+01
2.402069699811235637e+01
2.405809878227675114e+01
2.409778522970687575e+01
2.413985924514614112e+01
2.418442663182595709e+01
2.423159609191180408e+01
2.428147922616867049e+01
2.433419053384953656e+01
2.438984741336448892e+01
2.444857016161161312e+01
2.451048197431153142e+01
2.457570894567287567e+01
2.464438006872681086e+01
2.471662723566161546e+01
2.479258523670748815e+01
2.487239176114020722e+01
2.363666410127116890e+01
2.363694001042970783e+01
2.363776921564240041e+01
2.363915615157022998e+01
2.364110820968655347e+01
2.364363573705041333e+01
2.364675203764474531e+01
2.365047337159575491e+01
2.365481895595355155e+01
2.365981096379999471e+01
2.366547452447173328e+01
2.367183772411779685e+01
2.367893160491896509e+01
2.368679016597991804e+01
2.369545036221404999e+01
2.370495210557017884e+01
2.371533826380582965e+01
2.372665466160242786e+01
2.373895007967315962e+01
2.375227625565509726e+01
2.376668788288251832e+01
2.378224261172512044e+01
2.379900104891889967e+01
2.381702675689705373e+01
2.383638625557427204e+01
2.385714902056243858e+01
2.387938748428582514e+01
2.390317703520044290e+01
2.392859601824013893e+01
2.395572573526265714e+01
2.398465044404597180e+01
2.401545735873436982e+01
2.404823665017299561e+01
2.408308144568482589e+01
2.412008782851305710e+01
2.415935483904783965e+01
2.420098447337650782e+01
2.424508168451030343e+01
2.429175438171524704e+01
2.434111343051215570e+01
2.439327265312271109e+01
2.444834882802337717e+01
2.450646169016844667e+01
2.456773393076700174e+01
2.463229119761746588e+01
2.470026209499609138e+01
2.477177818343391635e+01
2.484697397993980417e+01
2.492598695800045050e+01
2.500895754735733334e+01
2.368206710550101235e+01
2.368236740172633148e+01
2.368326979769188156e+01
2.368477881493187098e+01
2.368690198911361477e+01
2.368964987048359916e+01
2.369303602353294380e+01
2.369707702710889308e+01
2.370179247441484449e+01
2.370720497289881123e+01
2.371334014436494897e+01
2.372022662497354872e+01
2.372789606524104755e+01
2.373638313015153756e+01
2.374572549848766201e+01
2.375596386405731053e+01
2.376714193457844360e+01
2.377930643223668028e+01
2.379250709357377147e+01
2.380679666926458182e+01
2.382223092456314717e+01
2.383886863885661000e+01
2.385677160611128755e+01
2.387600463442660015e+01
2.389663554625810704e+01
2.391873517841751351e+01
2.394237738218417633e+01
2.396763902285904280e+01
2.399459998032223496e+01
2.402334314881001021e+01
2.405395443658022003e+01
2.408652276680444260e+01
2.412114007634128399e+01
2.415790131685156794e+01
2.419690445379466937e+01
2.423825046787823823e+01
2.428204335305089501e+01
2.432839011850953881e+01
2.437740078724961990e+01
2.442918839662272745e+01
2.448386899867114508e+01
2.454156165934722722e+01
2.460238845918249950e+01
2.466647449295311390e+01
2.473394787001439710e+01
2.480493971363174666e+01
2.487958416164972775e+01
2.495801836615753189e+01
2.504038249371201630e+01
2.512681972511465034e+01
2.369349689840186457e+01
2.369383510994143194e+01
2.369485126233250227e+01
2.369654990978433062e+01
2.369893864227393010e+01
2.370202808576913966e+01
2.370583190245163507e+01
2.371036679038238049e+01
2.371565248361315170e+01
2.372171175240957552e+01
2.372857040269352780e+01
2.373625727671224439e+01
2.374480425281529250e+01
2.375424624489697933e+01
2.376462120340000794e+01
2.377597011442333041e+01
2.378833700027975340e+01
2.380176891904985226e+01
2.381631596513956595e+01
2.383203126883412537e+01
2.384897099652108565e+01
2.386719435024425806e+01
2.388676356859585326e+01
2.390774392571282192e+01
2.393020373228051056e+01
2.395421433430596281e+01
2.397985011445614845e+01
2.400718849094276663e+01
2.403630991841440334e+01
2.406729788717589003e+01
2.410023892374591981e+01
2.413522259063397613e+01
2.417234148611732536e+01
2.421169124491011715e+01
2.425337053760578598e+01
2.429748107045402605e+01
2.434412758647596320e+01
2.439341786379138810e+01
2.444546271729152664e+01
2.450037599741234828e+01
2.455827459080365927e+01
2.461927842021759716e+01
2.468351044417406825e+01
2.475109665751834598e+01
2.482216609075195990e+01
2.489685081070179606e+01
2.497528592007403958e+01
2.505760955756568009e+01
2.514396289797603146e+01
2.523449015209522628e+01
2.366989536513564119e+01
2.367028558954095985e+01
2.367145777183080924e+01
2.367341643777711369e+01
2.367616913118807176e+01
2.367972641301598813e+01
2.368410186146879681e+01
2.368931207245615056e+01
2.369537665914332081e+01
2.370231825228577804e+01
2.371016249978310242e+01
2.371893806712505537e+01
2.372867663739159738e+01
2.373941291058376279e+01
2.375118460462732628e+01
2.376403245459217572e+01
2.377800021302687483e+01
2.379313465007016859e+01
2.380948555267036326e+01
2.382710572625810386e+01
2.384605099262751793e+01
2.386638019138595368e+01
2.388815517995399063e+01
2.391144083245024277e+01
2.393630504102959122e+01
2.396281871476799097e+01
2.399105578077766410e+01
2.402109318275734395e+01
2.405301088255355424e+01
2.408689185904540864e+01
2.412282210870221277e+01
2.416089064524889807e+01
2.420118950022363080e+01
2.424381372186260819e+01
2.428886137643829812e+01
2.433643354747879073e+01
2.438663433587933582e+01
2.443957086001384482e+01
2.449535325540035302e+01
2.455409467548163249e+01
2.461591129062153627e+01
2.468092228899713092e+01
2.474924987592961756e+01
2.482101927421884824e+01
2.489635872414335083e+01
2.497539948357184514e+01
2.505827582718260516e+01
2.514512504780168811e+01
2.523608745528774122e+01
2.533130637697809107e+01
2.361377453126858228e+01
2.361422293810031547e+01
2.361556965205675951e+01
2.361781915374468355e+01
2.362097891091638857e+01
2.362505937802361444e+01
2.363007399699819899e+01
2.363603919647141538e+01
2.364297439222007569e+01
2.365090198738954896e+01
2.365984737171313412e+01
2.366983892218118513e+01
2.368090800281805386e+01
2.369308896468210079e+01
2.370641914608873435e+01
2.372093887205281248e+01
2.373669145473471787e+01
2.375372319366339724e+01
2.377208337495573431e+01
2.379182427198565009e+01
2.381300114538411350e+01
2.383567224259306627e+01
2.385989879797693547e+01
2.388574503326871223e+01
2.391327815701235693e+01
2.394256836489735463e+01
2.397368883975872222e+01
2.400671575146547809e+01
2.404172825658609725e+01
2.407880849916912780e+01
2.411804161018561388e+01
2.415951570752908850e+01
2.420332189635012554e+01
2.424955426861027163e+01
2.429830990341659813e+01
2.434968886713321723e+01
2.440379421282370487e+01
2.446073198103169943e+01
2.452061119900031372e+01
2.458354388100664423e+01
2.464964502858485318e+01
2.471903263019157748e+01
2.479182766131746263e+01
2.486815408471020916e+01
2.494813884992847619e+01
2.503191189367645109e+01
2.511960613969233336e+01
2.521135749885984723e+01
2.530730486887368258e+01
2.540759013468557370e+01
2.358250463099285099e+01
2.358300772167974912e+01
2.358451847337335039e+01
2.358704132486082727e+01
2.359058367430667857e+01
2.359515587880664356e+01
2.360077125472225745e+01
2.360744607790389793e+01
2.361519958313317957e+01
2.362405396456902906e+01
2.363403437541315100e+01
2.364516892813302817e+01
2.365748869457347681e+01
2.367102770539903034e+01
2.368582295109761304e+01
2.370191438086535385e+01
2.371934490316418476e+01
2.373816038583335342e+01
2.375840965586638376e+01
2.378014449941108310e+01
2.380341966188105829e+01
2.382829284784418888e+01
2.385482472113416463e+01
2.388307890485046059e+01
2.391312198124684585e+01
2.394502349173135514e+01
2.397885593686631367e+01
2.401469477670287844e+01
2.405261843011193079e+01
2.409270827556470351e+01
2.413504865057519666e+01
2.417972685170017044e+01
2.422683313498521329e+01
2.427646071551868090e+01
2.432870576765473203e+01
2.438366742501331430e+01
2.444144778025714615e+01
2.450215188542625100e+01
2.456588775182646245e+01
2.463276634958333489e+01
2.470290160853429029e+01
2.477641041733648564e+01
2.485341262424741515e+01
2.493403103623279904e+01
2.501839142008173411e+01
2.510662250106848603e+01
2.519885596440224518e+01
2.529522645388886914e+01
2.539587157304610088e+01
2.550093188443444348e+01
2.356405685215421997e+01
2.356461255790898335e+01
2.356628114142390729e+01
2.356906700150664236e+01
2.357297746963337559e+01
2.357802280983731436e+01
2.358421621859717021e+01
2.359157382506018763e+01
2.360011469093063496e+01
2.360986081046979734e+01
2.362083711049598378e+01
2.363307145044027990e+01
2.364659462223502828e+01
2.366144035042535876e+01
2.367764529216917069e+01
2.369524903690259166e+01
2.371429410723212783e+01
2.373482595770793679e+01
2.375689297582752602e+01
2.378054648136661342e+01
2.380584072704826681e+01
2.383283289787376447e+01
2.386158311145716837e+01
2.389215441813684038e+01
2.392461280052935635e+01
2.395902717408712235e+01
2.399546938676379426e+01
2.403401421890277589e+01
2.407473938379479605e+01
2.411772552678578307e+01
2.416305622628051353e+01
2.421081799307349769e+01
2.426110027023748117e+01
2.431399543401557395e+01
2.436959879270607487e+01
2.442800858722005941e+01
2.448932599141594224e+01
2.455365511131883949e+01
2.462110298567816713e+01
2.469177958585611421e+01
2.476579781560462123e+01
2.484327351151143404e+01
2.492432544266556960e+01
2.500907531043425891e+01
2.509764774913207219e+01
2.519017032524028821e+01
2.528677353852206977e+01
2.538759082034968984e+01
2.549275853526579994e+01
2.560241598053734791e+01
2.351354529540085991e+01
2.351415939925961140e+01
2.351600315846283706e+01
2.351908091583569771e+01
2.352339990940152958e+01
2.352897027238186567e+01
2.353580503325217066e+01
2.354392011568610243e+01
2.355333433855550140e+01
2.356406941593039051e+01
2.357614995707898586e+01
2.358960346669071484e+01
2.360446034431863893e+01
2.362075388493704153e+01
2.363852027866262873e+01
2.365779861097757930e+01
2.367863086250648408e+01
2.370106190890485109e+01
2.372513952108212365e+01
2.375091436542473389e+01
2.377844000335001695e+01
2.380777289141773778e+01
2.383897238155311626e+01
2.387210072071228950e+01
2.390722305132836567e+01
2.394440741075384693e+01
2.398372473170669750e+01
2.402524884215882750e+01
2.406905646522456621e+01
2.411522721916067624e+01
2.416384361770089839e+01
2.421499106927532452e+01
2.426875787812558016e+01
2.432523524341268129e+01
2.438451725955159688e+01
2.444670091598818829e+01
2.451188609764530568e+01
2.458017558469974517e+01
2.465167505224768973e+01
2.472649307052774148e+01
2.480474110570157009e+01
2.488653351818111048e+01
2.497198756441288126e+01
2.506122339542822175e+01
2.515436405807002629e+01
2.525153549376600282e+01
2.535286653953237490e+01
2.545848892775081396e+01
2.556853728538783699e+01
2.568314913544453049e+01
2.353904498768681108e+01
2.353969527547297247e+01
2.354164759604905299e+01
2.354490632095632918e+01
2.354947873622703369e+01
2.355537504244011870e+01
2.356260835433092282e+01
2.357119470129303807e+01
2.358115302693219917e+01
2.359250518934510765e+01
2.360527596111941406e+01
2.361949302911069282e+01
2.363518699472123075e+01
2.365239137373275469e+01
2.367114259619490468e+01
2.369148000687132338e+01
2.371344586462628712e+01
2.373708534298230788e+01
2.376244652967405457e+01
2.378958042709443887e+01
2.381854095184851872e+01
2.384938493486504285e+01
2.388217212184250471e+01
2.391696517246852594e+01
2.395382966131198899e+01
2.399283407681939195e+01
2.403404982243001697e+01
2.407755121557226730e+01
2.412341548810974601e+01
2.417172278656428830e+01
2.422255617178140952e+01
2.427600161881878194e+01
2.433214801739231348e+01
2.439108717154158867e+01
2.445291379974139190e+01
2.451772553490169670e+01
2.458562292414464778e+01
2.465670942947365063e+01
2.473109142665820315e+01
2.480887820646058728e+01
2.489018197374373287e+01
2.497511784791727152e+01
2.506380386260301307e+01
2.515636096619250495e+01
2.525291302106642277e+01
2.535358680448671720e+01
2.545851200759293320e+01
2.556782123662893014e+01
2.568165001149313298e+01
2.580013676696523817e+01
2.360772116171098389e+01
2.360839172006639686e+01
2.361040488552711025e+01
2.361376512810560158e+01
2.361847989832449102e+01
2.362455962682623678e+01
2.363201772437314219e+01
2.364087058190308710e+01
2.365113757058531974e+01
2.366284104176467196e+01
2.367600632685006090e+01
2.369066173748175430e+01
2.370683856569864290e+01
2.372457108326915076e+01
2.374389654241608127e+01
2.376485517564935890e+01
2.378749019548722288e+01
2.381184779440046384e+01
2.383797714553730529e+01
2.386593040171973357e+01
2.389576269644715723e+01
2.392753214311578702e+01
2.396129983501862881e+01
2.399712984623763745e+01
2.403508923041700740e+01
2.407524802187836244e+01
2.411767923495164112e+01
2.416245886386358421e+01
2.420966588340683856e+01
2.425938224838236223e+01
2.431169289359944230e+01
2.436668573454478448e+01
2.442445166637885379e+01
2.448508456438196035e+01
2.454868128462334909e+01
2.461534166284603131e+01
2.468516851480133667e+01
2.475826763714105638e+01
2.483474780596770159e+01
2.491472077783818762e+01
2.499830128954076969e+01
2.508560705809506075e+01
2.517675878041747239e+01
2.527188013387880972e+01
2.537109777574666936e+01
2.547454134385456470e+01
2.558234345582128100e+01
2.569463970949696119e+01
2.581156868329765786e+01
2.593327193542470255e+01
2.364969588394673750e+01
2.365038877875921131e+01
2.365246898883108884e+01
2.365594109089844110e+01
2.366081271274319420e+01
2.366709453319314704e+01
2.367480028262379221e+01
2.368394674195464233e+01
2.369455374376443757e+01
2.370664417145472669e+01
2.372024395958445453e+01
2.373538209398145327e+01
2.375209061140790823e+01
2.377040460006217160e+01
2.379036219896542548e+01
2.381200459829623739e+01
2.383537603966934171e+01
2.386052381552230628e+01
2.388749826933855402e+01
2.391635279614920861e+01
2.394714384180821654e+01
2.397993090343842582e+01
2.401477652909701987e+01
2.405174631811009078e+01
2.409090892096110537e+01
2.413233603940243199e+01
2.417610242578622248e+01
2.422228588429112861e+01
2.427096726969558560e+01
2.432223048826996248e+01
2.437616249699593496e+01
2.443285330445863579e+01
2.449239597006602409e+01
2.455488660449495342e+01
2.462042436957966274e+01
2.468911147797721028e+01
2.476105319383659520e+01
2.483635783224115556e+01
2.491513675965465424e+01
2.499750439347519304e+01
2.508357820214672884e+01
2.517347870527061460e+01
2.526732947371708704e+01
2.536525712951377187e+01
2.546739134562264084e+01
2.557386484638607271e+01
2.568481340708079586e+01
2.580037585414092405e+01
2.592069406504642259e+01
2.604591296876920126e+01
2.376773590074272491e+01
2.376842662344563095e+01
2.377050038794753917e+01
2.377396198381837067e+01
2.377881939380473852e+01
2.378508379332814826e+01
2.379276955109833480e+01
2.380189422877870342e+01
2.381247858109785298e+01
2.382454655579381964e+01
2.383812529372559297e+01
2.385324512842703726e+01
2.386993958711056862e+01
2.388824538938467867e+01
2.390820244820185181e+01
2.392985386957976957e+01
2.395324595237826415e+01
2.397842818874540072e+01
2.400545326350412267e+01
2.403437705493288234e+01
2.406525863398501741e+01
2.409816026490208074e+01
2.413314740482355703e+01
2.417028870367531468e+01
2.420965600506178106e+01
2.425132434515073143e+01
2.429537195323090160e+01
2.434188025148894141e+01
2.439093385523245061e+01
2.444262057322454496e+01
2.449703140645713262e+01
2.455426054960068072e+01
2.461440539022356333e+01
2.467756650868055246e+01
2.474384767855889677e+01
2.481335586645527158e+01
2.488620123197579304e+01
2.496249712784752717e+01
2.504236009958394149e+01
2.512590988604248210e+01
2.521326941886700723e+01
2.530456482304535726e+01
2.539992541612872756e+01
2.549948370901231698e+01
2.560337540560074387e+01
2.571173940291959070e+01
2.582471779066931461e+01
2.594245585200587811e+01
2.606510206287164877e+01
2.619280809232993690e+01
2.392048216909383385e+01
2.392115441261149655e+01
2.392317283892103674e+01
2.392654253562664834e+01
2.393127198212442508e+01
2.393737304915626751e+01
2.394486099964629489e+01
2.395375448803170926e+01
2.396407556026281327e+01
2.397584965436060145e+01
2.398910559985915114e+01
2.400387561791716706e+01
2.402019532170827176e+01
2.403810371575191240e+01
2.405764319669397722e+01
2.407885955247041565e+01
2.410180196292058241e+01
2.412652299978725168e+01
2.415307862615900447e+01
2.418152819713935386e+01
2.421193445940066624e+01
2.424436355123992470e+01
2.427888500291328100e+01
2.431557173618997680e+01
2.435450006468690987e+01
2.439574969364558754e+01
2.443940372004365003e+01
2.448554863259487391e+01
2.453427431163763828e+01
2.458567402935798896e+01
2.463984444956657072e+01
2.469688562792168440e+01
2.475690101137169208e+01
2.481999743915867285e+01
2.488628514203780639e+01
2.495587774205433007e+01
2.502889225377024118e+01
2.510544908270303921e+01
2.518567202644091196e+01
2.526968827441969623e+01
2.535762840725377032e+01
2.544962639785123670e+01
2.554581961074481455e+01
2.564634880186878618e+01
2.575135811911662387e+01
2.586099510178335592e+01
2.597541068145774901e+01
2.609475918090710067e+01
2.621919831496940390e+01
2.634888918977270578e+01
2.405104376492360529e+01
2.405169564826657336e+01
2.405365310568245008e+01
2.405692155871881255e+01
2.406151004358566681e+01
2.406743121076513958e+01
2.407470132540178653e+01
2.408334026685652773e+01
2.409337152915270863e+01
2.410482222064155522e+01
2.411772306416945355e+01
2.413210839696641230e+01
2.414801617081337426e+01
2.416548795187489773e+01
2.418456892081070819e+01
2.420530787266416439e+01
2.422775721691802175e+01
2.425197297771746818e+01
2.427801479336828905e+01
2.430594591683870220e+01
2.433583321542480604e+01
2.436774717091784836e+01
2.440176187960423704e+01
2.443795505193097739e+01
2.447640801345358241e+01
2.451720570333056770e+01
2.456043667605199943e+01
2.460619309976669911e+01
2.465457075762049044e+01
2.470566904675250797e+01
2.475959097929887420e+01
2.481644318138904381e+01
2.487633589381488974e+01
2.493938297169617613e+01
2.500570188481508893e+01
2.507541371717017853e+01
2.514864316742242067e+01
2.522551854844916264e+01
2.530617178779016996e+01
2.539073842731309938e+01
2.547935762332498655e+01
2.557217214668379768e+01
2.566932838257536531e+01
2.577097633084795802e+01
2.587726960545468913e+01
2.598836543512261343e+01
2.610442466301818598e+01
2.622561174641270298e+01
2.635209475746293606e+01
2.648404538243048023e+01
2.420012083842886241e+01
2.420075126151884248e+01
2.420264444885828325e+01
2.420580615459990170e+01
2.421024596892389624e+01
2.421597731826096478e+01
2.422301746484624374e+01
2.423138750733265212e+01
2.424111238023330372e+01
2.425222085431181185e+01
2.426474553619199170e+01
2.427872286897120091e+01
2.429419313143970172e+01
2.431120043869403702e+01
2.432979274196972952e+01
2.435002182830674045e+01
2.437194332121856633e+01
2.439561668002314931e+01
2.442110520034468735e+01
2.444847601372333301e+01
2.447780008778247307e+01
2.450915222639599733e+01
2.454261106935374670e+01
2.457825909275182852e+01
2.461618260865806462e+01
2.465647176494470472e+01
2.469922054629209995e+01
2.474452677262744871e+01
2.479249210079755983e+01
2.484322202289607873e+01
2.489682586782476648e+01
2.495341680006676199e+01
2.501311182069028405e+01
2.507603176634492925e+01
2.514230131015385794e+01
2.521204896115616378e+01
2.528540706441842190e+01
2.536251180136923367e+01
2.544350318924162835e+01
2.552852508129610243e+01
2.561772516737822869e+01
2.571125497302647744e+01
2.580926985991832012e+01
2.591192902575869539e+01
2.601939550450304495e+01
2.613183616624580452e+01
2.624942171699735738e+01
2.637232669879556113e+01
2.650072949015181223e+01
2.663481230515890630e+01
2.434629091571774495e+01
2.434689783658773621e+01
2.434872063464085912e+01
2.435176541570471898e+01
2.435604235638170323e+01
2.436156570377016806e+01
2.436835377574324824e+01
2.437642896072582488e+01
2.438581771758298800e+01
2.439655057612188216e+01
2.440866213653411876e+01
2.442219106973032439e+01
2.443718011722861050e+01
2.445367609115460183e+01
2.447172987412989542e+01
2.449139641971813930e+01
2.451273475181168493e+01
2.453580796496613559e+01
2.456068322440036411e+01
2.458743176610800774e+01
2.461612889635564017e+01
2.464685399229614760e+01
2.467969050163413414e+01
2.471472594268171363e+01
2.475205190441425529e+01
2.479176404635886399e+01
2.483396209870589644e+01
2.487874986214169937e+01
2.492623520835042328e+01
2.497653007901037014e+01
2.502975048713220119e+01
2.508601651572072910e+01
2.514545231877858100e+01
2.520818612086011612e+01
2.527435021707143648e+01
2.534408097307038332e+01
2.541751882528956230e+01
2.549480828082485218e+01
2.557609791721233705e+01
2.566154038242833124e+01
2.575129239578150475e+01
2.584551474646317004e+01
2.594437229466243977e+01
2.604803397100864970e+01
2.615667277679439451e+01
2.627046578408704036e+01
2.638959413528265330e+01
2.651424304377512087e+01
2.664460179328702338e+01
2.678086373820419652e+01
2.446903697520695786e+01
2.446961829663233701e+01
2.447136442654995037e+01
2.447428186227453395e+01
2.447838143234802644e+01
2.448367829676258367e+01
2.449019194718362868e+01
2.449794620639225684e+01
2.450696922901011732e+01
2.451729350071875047e+01
2.452895583887298514e+01
2.454199739233362365e+01
2.455646364118866032e+01
2.457240439714360036e+01
2.458987380329841343e+01
2.460893033420330056e+01
2.462963679585869059e+01
2.465206032565947680e+01
2.467627239250654370e+01
2.470234879680676343e+01
2.473036967024995647e+01
2.476041947614345062e+01
2.479258700918904523e+01
2.482696539548300052e+01
2.486365209257180808e+01
2.490274888956371413e+01
2.494436190696142219e+01
2.498860159643907153e+01
2.503558274167862763e+01
2.508542445736620152e+01
2.513825018980541870e+01
2.519418771669436197e+01
2.525336914723711601e+01
2.531593092192069960e+01
2.538201381296117276e+01
2.545176292363449377e+01
2.552532768928021056e+01
2.560286187596322449e+01
2.568452358158898363e+01
2.577047523568043630e+01
2.586088359870893072e+01
2.595591976309787441e+01
2.605575915233058382e+01
2.616058152150788985e+01
2.627057095734812364e+01
2.638591587762953239e+01
2.650680903197090643e+01
2.663344750127397731e+01
2.676603269750040326e+01
2.690477036489845375e+01
2.455594849185049000e+01
2.455653091168137436e+01
2.455828041532481620e+01
2.456120373478709951e+01
2.456531209004153382e+01
2.457062118913995619e+01
2.457715122798971663e+01
2.458492689085548477e+01
2.459397734969016369e+01
2.460433626458094736e+01
2.461604178358204820e+01
2.462913654271469710e+01
2.464366766619018634e+01
2.465968676607529986e+01
2.467724994240384362e+01
2.469641778339968141e+01
2.471725536514217225e+01
2.473983225167770073e+01
2.476422249529845843e+01
2.479050463609638655e+01
2.481876170218619393e+01
2.484908120976113466e+01
2.488155516303723758e+01
2.491628005425330628e+01
2.495335686344789394e+01
2.499289105890535723e+01
2.503499259687708189e+01
2.507977592152570523e+01
2.512735996509240621e+01
2.517786814778537874e+01
2.523142837800287808e+01
2.528817305188713505e+01
2.534823905365892216e+01
2.541176775561754297e+01
2.547890501802932661e+01
2.554980118923913324e+01
2.562461110567036826e+01
2.570349409137888941e+01
2.578661395883365515e+01
2.587413900835911917e+01
2.596624202813524107e+01
2.606310029464354727e+01
2.616489557233258978e+01
2.627181411328337646e+01
2.638404665821305173e+01
2.650178843524818362e+01
2.662523916070539087e+01
2.675460303931439299e+01
2.689008876310281337e+01
2.703190951284592103e+01
2.461123524439626920e+01
2.461183076658390334e+01
2.461361963428375432e+01
2.461660875124122683e+01
2.462080962358715652e+01
2.462623836000506827e+01
2.463291567156391082e+01
2.464086687182956581e+01
2.465012187686486556e+01
2.466071520511805204e+01
2.467268597753431081e+01
2.468607791772304694e+01
2.470093935140028307e+01
2.471732320694626495e+01
2.473528701523817119e+01
2.475489290959436772e+01
2.477620762577439706e+01
2.479930250192321495e+01
2.482425347885000377e+01
2.485114109969360285e+01
2.488005051008979507e+01
2.491107145805977297e+01
2.494429829423319944e+01
2.497982997162514707e+01
2.501777004574763552e+01
2.505822667460962094e+01
2.510131261854971996e+01
2.514714524051500533e+01
2.519584650589372998e+01
2.524754298240381090e+01
2.530236584053890070e+01
2.536045085295502943e+01
2.542193839474941441e+01
2.548697344373924167e+01
2.555570558023864081e+01
2.562828898661260979e+01
2.570488244816915113e+01
2.578564935237865541e+01
2.587075768920845675e+01
2.596038005123433479e+01
2.605469363352901624e+01
2.615388023332761591e+01
2.625812625047369764e+01
2.636762268764232076e+01
2.648256514933637717e+01
2.660315384311328657e+01
2.672959357858133700e+01
2.686209376806878524e+01
2.700086842606627968e+01
2.714613617000748036e+01
2.463732474977077302e+01
2.463793497940682542e+01
2.463976803056430498e+01
2.464283099043722203e+01
2.464713567088550050e+01
2.465269860849072359e+01
2.465954106455614081e+01
2.466768902510667161e+01
2.467717320111192691e+01
2.468802902798439547e+01
2.470029666613702091e+01
2.471402100053714079e+01
2.472925164104102436e+01
2.474604292211509460e+01
2.476445390305895700e+01
2.478454836783812354e+01
2.480639482525128159e+01
2.483006650876303567e+01
2.485564137655964956e+01
2.488320211160480255e+01
2.491283612180689033e+01
2.494463553934989264e+01
2.497869722164127992e+01
2.501512275058716739e+01
2.505401843270379558e+01
2.509549529956364466e+01
2.513966910734932725e+01
2.518666033685360617e+01
2.523659419375819368e+01
2.528960060852221403e+01
2.534581423621494167e+01
2.540537445668308436e+01
2.546842537449500199e+01
2.553511581910800032e+01
2.560559934458953890e+01
2.568003422972872940e+01
2.575858347825939276e+01
2.584141481830246079e+01
2.592870070281204065e+01
2.602061830990998814e+01
2.611734954199373959e+01
2.621908102618240477e+01
2.632600411487434755e+01
2.643831488440896393e+01
2.655621413662794339e+01
2.667990739753705753e+01
2.680960491819828562e+01
2.694552167450680003e+01
2.708787736674487334e+01
2.723689642002797129e+01
2.464439303001213588e+01
2.464504146256970785e+01
2.464698913185932838e+01
2.465024315317777237e+01
2.465481538544594642e+01
2.466072243076279236e+01
2.466798563501865615e+01
2.467663108750496193e+01
2.468668962108149856e+01
2.469819681200912953e+01
2.471119298017284294e+01
2.472572318891447196e+01
2.474183724519996019e+01
2.475958969928482389e+01
2.477903984504869683e+01
2.480025172005108303e+01
2.482329410497378674e+01
2.484824052445727816e+01
2.487516924620855363e+01
2.490416328189328610e+01
2.493531038635519792e+01
2.496870305800636913e+01
2.500443853899451696e+01
2.504261881464540096e+01
2.508335061413194111e+01
2.512674540969358716e+01
2.517291941763997443e+01
2.522199359740303493e+01
2.527409365192728785e+01
2.532935002783714040e+01
2.538789791526960471e+01
2.544987724770700410e+01
2.551543270236730976e+01
2.558471369970229503e+01
2.565787440378784368e+01
2.573507372249125424e+01
2.581647530669057744e+01
2.590224755116678779e+01
2.599256359404617811e+01
2.608760131702340956e+01
2.618754334513845450e+01
2.629257704722269295e+01
2.640289453556434296e+01
2.651869266557390503e+01
2.664017303678783932e+01
2.676754199175336524e+01
2.690101061680910988e+01
2.704079474163901509e+01
2.718711493949538749e+01
2.734019652731040750e+01
2.462359278524682438e+01
2.462429030419090736e+01
2.462638522026146148e+01
2.462988461106187543e+01
2.463480027283942064e+01
2.464114872020645919e+01
2.464895118625195636e+01
2.465823362254148776e+01
2.466902669900570544e+01
2.468136580410763514e+01
2.469529104500994166e+01
2.471084724690582490e+01
2.472808395368812384e+01
2.474705542772628419e+01
2.476782064992211829e+01
2.479044331931948264e+01
2.481499185382916295e+01
2.484153938950398555e+01
2.487016378115218629e+01
2.490094760172404875e+01
2.493397814281373215e+01
2.496934741460353635e+01
2.500715214552931442e+01
2.504749378244777347e+01
2.509047849091525961e+01
2.513621715485321317e+01
2.518482537654814735e+01
2.523642347687471243e+01
2.529113649507264583e+01
2.534909418891403732e+01
2.541043103470335396e+01
2.547528622694287037e+01
2.554380367883449665e+01
2.561613202205675321e+01
2.569242460682052709e+01
2.577283950125571721e+01
2.585753949263793672e+01
2.594669208649636971e+01
2.604046950650224801e+01
2.613904869536100506e+01
2.624261131358556298e+01
2.635134374061153295e+01
2.646543707435112225e+01
2.658508713108163235e+01
2.671049444522240890e+01
2.684186427022699917e+01
2.697940657757947847e+01
2.712333605746357179e+01
2.727387211831656799e+01
2.743123888738691463e+01
2.456920509887921611e+01
2.456995643322495582e+01
2.457221277815927962e+01
2.457598115937353001e+01
2.458127328640902576e+01
2.458810555260130926e+01
2.459649903485711775e+01
2.460647949437924353e+01
2.461807737566286391e+01
2.463132780722042270e+01
2.464627060147011051e+01
2.466295025451282186e+01
2.468141594613214806e+01
2.470172154018471389e+01
2.472392558409832830e+01
2.474809130926229983e+01
2.477428663063712833e+01
2.480258414736784545e+01
2.483306114194764191e+01
2.486579958111000366e+01
2.490088611499232485e+01
2.493841207780502600e+01
2.497847348738546813e+01
2.502117104564403860e+01
2.506661013795078574e+01
2.511490083363727166e+01
2.516615788594079106e+01
2.522050073166983353e+01
2.527805349153862480e+01
2.533894497027866066e+01
2.540330865596958176e+01
2.547128272087557121e+01
2.554301002088775263e+01
2.561863809585875984e+01
2.569831916910089475e+01
2.578221014811099110e+01
2.587047262412435700e+01
2.596327287172444898e+01
2.606078185006957071e+01
2.616317520144314912e+01
2.627063325236890634e+01
2.638334101271871290e+01
2.650148817660473455e+01
2.662526912182185868e+01
2.675488290995917851e+01
2.689053328606546245e+01
2.703242867965282414e+01
2.718078220346999885e+01
2.733581165428298476e+01
2.749773951265200722e+01
2.457071964338670966e+01
2.457151134110980806e+01
2.457388877879691691e+01
2.457785899044752753e+01
2.458343369892947194e+01
2.459062931670378660e+01
2.459946694521136834e+01
2.460997237531903892e+01
2.462217608687346981e+01
2.463611324920302792e+01
2.465182372067168970e+01
2.466935204912513058e+01
2.468874747127734182e+01
2.471006391332402075e+01
2.473335999077526992e+01
2.475869900800952195e+01
2.478614895899842807e+01
2.481578252680499830e+01
2.484767708358362981e+01
2.488191469097039743e+01
2.491858209963699622e+01
2.495777074968104614e+01
2.499957677012426771e+01
2.504410097952582248e+01
2.509144888553624853e+01
2.514173068500898012e+01
2.519506126405609692e+01
2.525156019810408381e+01
2.531135175161505302e+01
2.537456487853279796e+01
2.544133322178096179e+01
2.551179511370912678e+01
2.558609357575824106e+01
2.566437631868366154e+01
2.574679574244364844e+01
2.583350893625510025e+01
2.592467767842629556e+01
2.602046843674719767e+01
2.612105236793187046e+01
2.622660531823181884e+01
2.633730782293416439e+01
2.645334510647316506e+01
2.657490708287627967e+01
2.670218835498354437e+01
2.683538821511668715e+01
2.697471064463305268e+01
2.712036431459469910e+01
2.727256258454171700e+01
2.743152350371891757e+01
2.759746981074128058e+01
2.456468247797282345e+01
2.456551248299914292e+01
2.456800485068102091e+01
2.457216663927332334e+01
2.457800961262707418e+01
2.458555024013372048e+01
2.459480969655783511e+01
2.460581386231592305e+01
2.461859332319763283e+01
2.463318337064452734e+01
2.464962400152707289e+01
2.466795991831191159e+01
2.468824052900608379e+01
2.471051994698977694e+01
2.473485699129509996e+01
2.476131518649458130e+01
2.478996276258963860e+01
2.482087265506633855e+01
2.485412250495116737e+01
2.488979465903405597e+01
2.492797616931079219e+01
2.496875879337333970e+01
2.501223899440982379e+01
2.505851794109302944e+01
2.510770150758039776e+01
2.515990027362552794e+01
2.521522952446668597e+01
2.527380925077102347e+01
2.533576414885762418e+01
2.540122362047446458e+01
2.547032177307721668e+01
2.554319741921588260e+01
2.561999407748271196e+01
2.570085997156429514e+01
2.578594803096642707e+01
2.587541589056803915e+01
2.596942589073271890e+01
2.606814507747597531e+01
2.617174520218645739e+01
2.628040272184898640e+01
2.639429879904455589e+01
2.651361930167152536e+01
2.663855480339171322e+01
2.676930058307279126e+01
2.690605662545739918e+01
2.704902762071706590e+01
2.719842296434069695e+01
2.735445675735761739e+01
2.751734780656059343e+01
2.768731962428280369e+01
2.452550918341358255e+01
2.452638081387676650e+01
2.452899806500646207e+01
2.453336801635763820e+01
2.453950246707705674e+01
2.454741793595904298e+01
2.455713566161274386e+01
2.456868160212759022e+01
2.458208643535207827e+01
2.459738555878226762e+01
2.461461908961752698e+01
2.463383186464901797e+01
2.465507344048273453e+01
2.467839809314919464e+01
2.470386481860525762e+01
2.473153733228806317e+01
2.476148406933806356e+01
2.479377818476630679e+01
2.482849755289683813e+01
2.486572476803580400e+01
2.490554714385811863e+01
2.494805671407656078e+01
2.499335023171691361e+01
2.504152916973130161e+01
2.509269972049637332e+01
2.514697279631512572e+01
2.520446402902659244e+01
2.526529377006160360e+01
2.532958709066581093e+01
2.539747378162091707e+01
2.546908835357920964e+01
2.554457003645021018e+01
2.562406278040435126e+01
2.570771525475779029e+01
2.579568084869726974e+01
2.588811767122436791e+01
2.598518855065365685e+01
2.608706103533758380e+01
2.619390739305310944e+01
2.630590461128050705e+01
2.642323439720336964e+01
2.654608317770859216e+01
2.667464209944215980e+01
2.680910702841879711e+01
2.694967855057959127e+01
2.709656197134590272e+01
2.724996731595391708e+01
2.741010932923163068e+01
2.757720747593337407e+01
2.775148593984769008e+01
2.457973851019661993e+01
2.458061692809099341e+01
2.458325461662223077e+01
2.458765888061350324e+01
2.459384189452846670e+01
2.460182070297310375e+01
2.461161722008236552e+01
2.462325823002200309e+01
2.463677538676553880e+01
2.465220521398273945e+01
2.466958910548570216e+01
2.468897332450396576e+01
2.471040900457667178e+01
2.473395214866042124e+01
2.475966362974261159e+01
2.478760919072992408e+01
2.481785944416953527e+01
2.485048987263942166e+01
2.488558082835805152e+01
2.492321753357468950e+01
2.496349008023485538e+01
2.500649343025911620e+01
2.505232741526427986e+01
2.510109673667492558e+01
2.515291096594643250e+01
2.520788454428618763e+01
2.526613678265359297e+01
2.532779186203884692e+01
2.539297883296111991e+01
2.546183161608190559e+01
2.553448900170318225e+01
2.561109465010197894e+01
2.569179709136309242e+01
2.577674972526755681e+01
2.586611082157146413e+01
2.596004351995018311e+01
2.605871582960805810e+01
2.616230063005902551e+01
2.627097567012296864e+01
2.638492356887359591e+01
2.650433181496935475e+01
2.662939276715525949e+01
2.676030365370528230e+01
2.689726657292420953e+01
2.704048849286883183e+01
2.719018125173826306e+01
2.734656155709330605e+01
2.750985098652557070e+01
2.768027598754595431e+01
2.785806787747311475e+01
2.463125438043779525e+01
2.463213095787983420e+01
2.463476322363678861e+01
2.463915877811270150e+01
2.464533028874056697e+01
2.465329548959203620e+01
2.466307718204650001e+01
2.467470323406624289e+01
2.468820658080978347e+01
2.470362522429732621e+01
2.472100223329923097e+01
2.474038574383785871e+01
2.476182895857420974e+01
2.478539014730976575e+01
2.481113264659617101e+01
2.483912486012554055e+01
2.486944025834016259e+01
2.490215737865551660e+01
2.493735982557180364e+01
2.497513627022786764e+01
2.501558045095879024e+01
2.505879117296133529e+01
2.510487230829394178e+01
2.515393279598825416e+01
2.520608664199335536e+01
2.526145291923153025e+01
2.532015576754249508e+01
2.538232439368342241e+01
2.544809307132890552e+01
2.551760114107099753e+01
2.559099301058645537e+01
2.566841815424644224e+01
2.575003111350684648e+01
2.583599149668522799e+01
2.592646397918387180e+01
2.602161830309946566e+01
2.612162927761340825e+01
2.622667677876878400e+01
2.633694574974916236e+01
2.645262620020946187e+01
2.657391320727965223e+01
2.670100691472833532e+01
2.683411253307427913e+01
2.697344034019976533e+01
2.711920568073723814e+01
2.727162896606930786e+01
2.743093567471905558e+01
2.759735635207125171e+01
2.777112661048385434e+01
2.795248712928803414e+01
2.465179466837858513e+01
2.465266904493917011e+01
2.465529481650391475e+01
2.465967990916783137e+01
2.466583753284766090e+01
2.467378618161641057e+01
2.468354963342458319e+01
2.469515695021167190e+01
2.470864247801767988e+01
2.472404584676010586e+01
2.474141197051271490e+01
2.476079104705947387e+01
2.478223855850791324e+01
2.480581527073151449e+01
2.483158723376004673e+01
2.485962578161226588e+01
2.489000753207289662e+01
2.492281438713870045e+01
2.495813353279543279e+01
2.499605743901785360e+01
2.503668385960243725e+01
2.508011583266922173e+01
2.512646167999267988e+01
2.517583500755932135e+01
2.522835470528890056e+01
2.528414494714592209e+01
2.534333519097238252e+01
2.540606017865502153e+01
2.547245993618111015e+01
2.554267977347114993e+01
2.561687028437888713e+01
2.569518734685857808e+01
2.577779212268621123e+01
2.586485105779404137e+01
2.595653588215909124e+01
2.605302360963585073e+01
2.615449653812357766e+01
2.626114224934325136e+01
2.637315360933940056e+01
2.649072876792251918e+01
2.661407115894785491e+01
2.674338950025966000e+01
2.687889779385846012e+01
2.702081532539922648e+01
2.716936666491623598e+01
2.732478166615398152e+01
2.748729546706897864e+01
2.765714848938371517e+01
2.783458643892118545e+01
2.801986030560491514e+01
2.472482456546637053e+01
2.472568807757593845e+01
2.472828137539165283e+01
2.473261274354182859e+01
2.473869598985183771e+01
2.474655044528835290e+01
2.475620096373632251e+01
2.476767792244501720e+01
2.478101722169349941e+01
2.479626028479061617e+01
2.481345405813074834e+01
2.483265101152838739e+01
2.485390913749323971e+01
2.487729195189935183e+01
2.490286849376208522e+01
2.493071332518232097e+01
2.496090653117922642e+01
2.499353372013629482e+01
2.502868602352256033e+01
2.506646009578109258e+01
2.510695811455200754e+01
2.515028778056097281e+01
2.519656231778647282e+01
2.524590047323677666e+01
2.529842651683841837e+01
2.535427024188226142e+01
2.541356696480048427e+01
2.547645752494351967e+01
2.554308828485886806e+01
2.561361113034684323e+01
2.568818347012602743e+01
2.576696823605630726e+01
2.585013388325037909e+01
2.593785438985073455e+01
2.603030925708539911e+01
2.612768350932369898e+01
2.623016769413202809e+01
2.633795788199504173e+01
2.645125566676173179e+01
2.657026816514359169e+01
2.669520801721646563e+01
2.682629338591868873e+01
2.696374795755294329e+01
2.710780094139593288e+01
2.725868706980990552e+01
2.741664659835416629e+01
2.758192530572932100e+01
2.775477449366576721e+01
2.793545098703518903e+01
2.812421713373906229e+01
2.478170073469886603e+01
2.478255042955970922e+01
2.478510240755613125e+01
2.478936534943160552e+01
2.479535372247858405e+01
2.480308778154215332e+01
2.481259356807212768e+01
2.482390291079215672e+01
2.483705342547670014e+01
2.485208851467221791e+01
2.486905736825476509e+01
2.488801496287241122e+01
2.490902206244706107e+01
2.493214521767262326e+01
2.495745676651684875e+01
2.498503483383101553e+01
2.501496333146143414e+01
2.504733195836098503e+01
2.508223620053335168e+01
2.511977733097725718e+01
2.516006240968646779e+01
2.520320428370555277e+01
2.524932158712988439e+01
2.529853874104987455e+01
2.535098595360673812e+01
2.540679921999250013e+01
2.546612032233845824e+01
2.552909682993823992e+01
2.559588209891322563e+01
2.566663527271440870e+01
2.574152128150901930e+01
2.582071084262661387e+01
2.590438046044754827e+01
2.599271242645873770e+01
2.608589481897486806e+01
2.618412150341718458e+01
2.628759213231348824e+01
2.639651214518663380e+01
2.651109276849874874e+01
2.663155101581853401e+01
2.675810968776547583e+01
2.689099737195412487e+01
2.703044844293829385e+01
2.717670306248989220e+01
2.733000717926434220e+01
2.749061252902363961e+01
2.765877663446904933e+01
2.783476280540840975e+01
2.801884013864459888e+01
2.821128351791977451e+01
2.480710868745892128e+01
2.480794323838633275e+01
2.481044992950126726e+01
2.481463787658247711e+01
2.482052227224140140e+01
2.482812438636824837e+01
2.483747156574167292e+01
2.484859723436333923e+01
2.486154089329063410e+01
2.487634812069243750e+01
2.489307057162607606e+01
2.491176597865067777e+01
2.493249815082351617e+01
2.495533697492668779e+01
2.498035841429619808e+01
2.500764450960256724e+01
2.503728337857205233e+01
2.506936921604238577e+01
2.510400229390704041e+01
2.514128896105945543e+01
2.518134164356030880e+01
2.522427884469329129e+01
2.527022514446326440e+01
2.531931120026537840e+01
2.537167374655049912e+01
2.542745559471371664e+01
2.548680563331735627e+01
2.554987882803524002e+01
2.561683622159690543e+01
2.568784493373187416e+01
2.576307816139266649e+01
2.584271517853176547e+01
2.592694133615739105e+01
2.601594806255652870e+01
2.610993286279309089e+01
2.620909931932127179e+01
2.631365709148372289e+01
2.642382191562306204e+01
2.653981560552794861e+01
2.666186605165245638e+01
2.679020722184094083e+01
2.692507916088196751e+01
2.706672799061983525e+01
2.721540591012184152e+01
2.737137119534373753e+01
2.753488819957579992e+01
2.770622735294099570e+01
2.788566516278529761e+01
2.807348421351040457e+01
2.826997316657374171e+01
2.483803037696352689e+01
2.483887642760942782e+01
2.484141768757915614e+01
2.484566348135910374e+01
2.485162934955546632e+01
2.485933704900577013e+01
2.486881455277887554e+01
2.488009605034224236e+01
2.489322194733889759e+01
2.490823886547592281e+01
2.492519964302627855e+01
2.494416333432697996e+01
2.496519520994636920e+01
2.498836675673987529e+01
2.501375567790577037e+01
2.504144589276214106e+01
2.507152753691415370e+01
2.510409696219831588e+01
2.513925673679396411e+01
2.517711564505601984e+01
2.521778868751496461e+01
2.526139708115564275e+01
2.530806825897119694e+01
2.535793587040912911e+01
2.541113978098099224e+01
2.546782607259694942e+01
2.552814704345424346e+01
2.559226120770265567e+01
2.566033329611360259e+01
2.573253425552256246e+01
2.580904124899632990e+01
2.589003765588878991e+01
2.597571307178516165e+01
2.606626330855774043e+01
2.616189039431016283e+01
2.626280257337737822e+01
2.636921430643719333e+01
2.648134627017570608e+01
2.659942535790064966e+01
2.672368467870501263e+01
2.685436355841495626e+01
2.699170753875339557e+01
2.713596837778610649e+01
2.728740404997746438e+01
2.744627874585589922e+01
2.761286287223692071e+01
2.778743305227889238e+01
2.797027212520422168e+01
2.816166914680120570e+01
2.836191938869914964e+01
2.484123174513040055e+01
2.484209288740736810e+01
2.484467948711854390e+01
2.484900106351809512e+01
2.485507348189952737e+01
2.486291895342840519e+01
2.487256603564419777e+01
2.488404963206993870e+01
2.489741099232377763e+01
2.491269771200743222e+01
2.492996373315227743e+01
2.494926934343871494e+01
2.497068117697680023e+01
2.499427221391592369e+01
2.502012178027754530e+01
2.504831554851277176e+01
2.507894553700053564e+01
2.511211011010334815e+01
2.514791397839033493e+01
2.518646819869300302e+01
2.522789017371491482e+01
2.527230365214322205e+01
2.531983872909471955e+01
2.537063184566979146e+01
2.542482578889664069e+01
2.548256969201008104e+01
2.554401903445155497e+01
2.560933564153455322e+01
2.567868768483495145e+01
2.575224968196796738e+01
2.583020249669966617e+01
2.591273333883546570e+01
2.600003576416434825e+01
2.609230967479344798e+01
2.618976131886922687e+01
2.629260329052173262e+01
2.640105452992035140e+01
2.651534032366412319e+01
2.663569230411262723e+01
2.676234844983206429e+01
2.689555308553949686e+01
2.703555688199131879e+01
2.718261685603902578e+01
2.733699637062921539e+01
2.749896513480357996e+01
2.766879920375466995e+01
2.784678097871437430e+01
2.803319920700968737e+01
2.822834898200693488e+01
2.843253174333482036e+01
2.481022810974634396e+01
2.481110511430580701e+01
2.481373937167897736e+01
2.481814061295019158e+01
2.482432505692790059e+01
2.483231540947555516e+01
2.484214086423648382e+01
2.485383710202053109e+01
2.486744629141741925e+01
2.488301708812762669e+01
2.490060463540846669e+01
2.492027056412986141e+01
2.494208299238399107e+01
2.496611652581989205e+01
2.499245225747614896e+01
2.502117776789242143e+01
2.505238712505368781e+01
2.508618088433448889e+01
2.512266608855468064e+01
2.516195626809094676e+01
2.520417144065378423e+01
2.524943811139899452e+01
2.529788927298346124e+01
2.534966440556514655e+01
2.540490947652428488e+01
2.546377694090947585e+01
2.552642574115886731e+01
2.559302130715592938e+01
2.566373555611793122e+01
2.573874689281897332e+01
2.581824020953423826e+01
2.590240688587270768e+01
2.599144478894442756e+01
2.608555827319326070e+01
2.618495818067565395e+01
2.628986184078184962e+01
2.640049307051469896e+01
2.651708217404355850e+01
2.663986594320614998e+01
2.676908765711823079e+01
2.690499708256390932e+01
2.704785047354957683e+01
2.719791057169422643e+01
2.735544660600639943e+01
2.752073429282843975e+01
2.769405583611528243e+01
2.787569992715566869e+01
2.806596174479517103e+01
2.826514295510163777e+01
2.847355171192280210e+01
2.480920440406796956e+01
2.481011158084919899e+01
2.481283637741447379e+01
2.481738859265163910e+01
2.482378455789171667e+01
2.483204713702046362e+01
2.484220572647833691e+01
2.485429625526051822e+01
2.486836118497266668e+01
2.488444950960787594e+01
2.490261675582547696e+01
2.492292498278375135e+01
2.494544278219570543e+01
2.497024527832905960e+01
2.499741412795049200e+01
2.502703752038138774e+01
2.505921017755362001e+01
2.509403335389801626e+01
2.513161483640011440e+01
2.517206894448865739e+01
2.521551653031437468e+01
2.526208497847120071e+01
2.531190820605202063e+01
2.536512666281596395e+01
2.542188733102110731e+01
2.548234372531296899e+01
2.554665589317058050e+01
2.561499041429313550e+01
2.568752040126910074e+01
2.576442549890709444e+01
2.584589188484926225e+01
2.593211226895789778e+01
2.602328589398457126e+01
2.611961853501253472e+01
2.622132249962399086e+01
2.632861662823466631e+01
2.644172629336891589e+01
2.656088340049613450e+01
2.668632638747315511e+01
2.681830022460000151e+01
2.695705641478718562e+01
2.710285299366720224e+01
2.725595452909271543e+01
2.741663212174988828e+01
2.758516340476809958e+01
2.776183254371991183e+01
2.794693023678837207e+01
2.814075371482275401e+01
2.834360674100402377e+01
2.855579961134664302e+01
2.477929354688906827e+01
2.478023333676220474e+01
2.478305599289964434e+01
2.478777137463247726e+01
2.479439591438362456e+01
2.480295261755633263e+01
2.481347106242264289e+01
2.482598740023493278e+01
2.484054435517012394e+01
2.485719122438547402e+01
2.487598387807431521e+01
2.489698475924301491e+01
2.492026288387828004e+01
2.494589384105864127e+01
2.497395979278719835e+01
2.500454947376857362e+01
2.503775819196650687e+01
2.507368782810202745e+01
2.511244683604375538e+01
2.515415024247335651e+01
2.519891964699706577e+01
2.524688322231294535e+01
2.529817571398787024e+01
2.535293844045751399e+01
2.541131929336091133e+01
2.547347273709437587e+01
2.553955980903454659e+01
2.560974811948262442e+01
2.568421185183164468e+01
2.576313176234345548e+01
2.584669518026021606e+01
2.593509600763713507e+01
2.602853471973277522e+01
2.612721836456298874e+01
2.623136056317970244e+01
2.634118150961516847e+01
2.645690797082620094e+01
2.657877328663841610e+01
2.670701736996926101e+01
2.684188670666076248e+01
2.698363435542373878e+01
2.713251994800508271e+01
2.728880968907626681e+01
2.745277635634482394e+01
2.762469930027558718e+01
2.780486444453674011e+01
2.799356428560951215e+01
2.819109789289969115e+01
2.839777090879339028e+01
2.861389554876856067e+01
2.471347930072109023e+01
2.471445336927681424e+01
2.471737888365428759e+01
2.472226577020745708e+01
2.472913057271088277e+01
2.473799645258275959e+01
2.474889318860613585e+01
2.476185717731922509e+01
2.477693143262508357e+01
2.479416558607041665e+01
2.481361588662253581e+01
2.483534520078087482e+01
2.485942301268851651e+01
2.488592542390914630e+01
2.491493515365010225e+01
2.494654153853931788e+01
2.498084053279262307e+01
2.501793470815796638e+01
2.505793325391542581e+01
2.510095197676568546e+01
2.514711330122035093e+01
2.519654626898860172e+01
2.524938653959053170e+01
2.530577638974381571e+01
2.536586471414431898e+01
2.542980702462972076e+01
2.549776545079286905e+01
2.556990873964721089e+01
2.564641225579408257e+01
2.572745798131118633e+01
2.581323451586411011e+01
2.590393707665056411e+01
2.599976749840039147e+01
2.610093423326403439e+01
2.620765235109134750e+01
2.632014353915278448e+01
2.643863610225093197e+01
2.656336496288777482e+01
2.669457166076287180e+01
2.683250435344245943e+01
2.697741781585762411e+01
2.712957344047158159e+01
2.728923923727966638e+01
2.745668983397662544e+01
2.763220647545476893e+01
2.781607702447308839e+01
2.800859596109966887e+01
2.821006438304624098e+01
2.842079000555665047e+01
2.864108716135112331e+01
2.472863337546382567e+01
2.472962072753876583e+01
2.473258615882764389e+01
2.473753979463414510e+01
2.474449851055733873e+01
2.475348593238016548e+01
2.476453243601368470e+01
2.477767514783160507e+01
2.479295794416848153e+01
2.481043145176577269e+01
2.483015304743728180e+01
2.485218685840372999e+01
2.487660376190241607e+01
2.490348138557756030e+01
2.493290410703420434e+01
2.496496305450733999e+01
2.499975610608126786e+01
2.503738789030296275e+01
2.507796978573597713e+01
2.512161992140654476e+01
2.516846317624596452e+01
2.521863117975972202e+01
2.527226231141413137e+01
2.532950170102665766e+01
2.539050122865439718e+01
2.545541952448255074e+01
2.552442196893595039e+01
2.559768069273481927e+01
2.567537457678324841e+01
2.575768925211343685e+01
2.584481710022025069e+01
2.593695725250363182e+01
2.603431559082618207e+01
2.613710474723437827e+01
2.624554410401432847e+01
2.635985979346872199e+01
2.648028469830716602e+01
2.660705845147888837e+01
2.674042743611699535e+01
2.688064478553845049e+01
2.702797038335561908e+01
2.718267086330896376e+01
2.734501960937858911e+01
2.751529675589573642e+01
2.769378918726400229e+01
2.788079053818236730e+01
2.807660119353369410e+01
2.828152828844045885e+01
2.849588570832053236e+01
2.871999408871990056e+01
2.471414119801611164e+01
2.471514119895615380e+01
2.471814465100040792e+01
2.472316190198854713e+01
2.473021019820849986e+01
2.473931368445221679e+01
2.475050340418293970e+01
2.476381729925642006e+01
2.477930021014394768e+01
2.479700387576507126e+01
2.481698693359911090e+01
2.483931491968517946e+01
2.486406026851064510e+01
2.489130231328992693e+01
2.492112728546267419e+01
2.495362831525135405e+01
2.498890543121516927e+01
2.502706556064038423e+01
2.506822252915000604e+01
2.511249706103834001e+01
2.516001677904794320e+01
2.521091620442540204e+01
2.526533675703284487e+01
2.532342675529216436e+01
2.538534141590625381e+01
2.545124285436080669e+01
2.552130008464554933e+01
2.559568901919846340e+01
2.567459246890578584e+01
2.575820014338082231e+01
2.584670865062936684e+01
2.594032149721700620e+01
2.603924908821333872e+01
2.614370872735925744e+01
2.625392461667664890e+01
2.637012785691445060e+01
2.649255644726985537e+01
2.662145528538832906e+01
2.675707616769814123e+01
2.689967778885279870e+01
2.704952574223284856e+01
2.720689251961135469e+01
2.737205751154418820e+01
2.754530700675668697e+01
2.772693419270125048e+01
2.791723915539004963e+01
2.811652887928351774e+01
2.832511724745763360e+01
2.854332504126935177e+01
2.877147994102572071e+01
2.466400304995465476e+01
2.466501570377447905e+01
2.466805719625719817e+01
2.467313812052832844e+01
2.468027613170412238e+01
2.468949594700309547e+01
2.470082934569026634e+01
2.471431516918866578e+01
2.472999932085631514e+01
2.474793476626501842e+01
2.476818153281003632e+01
2.479080671021193183e+01
2.481588445001472820e+01
2.484349596603199117e+01
2.487372953406803333e+01
2.490668049186214006e+01
2.494245123953465892e+01
2.498115123886212530e+01
2.502289701400213318e+01
2.506781215110301275e+01
2.511602729819232493e+01
2.516768016562292587e+01
2.522291552568265161e+01
2.528188521265008504e+01
2.534474812307334446e+01
2.541167021537977888e+01
2.548282451004322624e+01
2.555839108980707763e+01
2.563855709929393711e+01
2.572351674528443155e+01
2.581347129649417482e+01
2.590862908385255992e+01
2.600920550033547229e+01
2.611542300085379154e+01
2.622751110258793261e+01
2.634570638454177427e+01
2.647025248787721097e+01
2.660140011591416354e+01
2.673940703396329610e+01
2.688453806938176882e+01
2.703706511168476467e+01
2.719726711232245009e+01
2.736543008473573479e+01
2.754184710474658360e+01
2.772681830994466878e+01
2.792065090013343820e+01
2.812365913705132670e+01
2.833616434470630807e+01
2.855849490887405651e+01
2.879098627776707175e+01
2.469019832766982603e+01
2.469120906275104232e+01
2.469424490791615412e+01
2.469931678359867888e+01
2.470644289024233942e+01
2.471564870835682726e+01
2.472696699885237237e+01
2.474043780264939940e+01
2.475610844095735885e+01
2.477403351510742269e+01
2.479427490660825129e+01
2.481690177720175683e+01
2.484199056880734346e+01
2.486962500335462423e+01
2.489989608328525250e+01
2.493290209082806896e+01
2.496874858866819125e+01
2.500754841966822895e+01
2.504942170670100410e+01
2.509449585292834328e+01
2.514290554163381231e+01
2.519479273638997441e+01
2.525030668089113561e+01
2.530960389895331986e+01
2.537284819457004659e+01
2.544021065207960319e+01
2.551186963577472966e+01
2.558801079029293746e+01
2.566882704039345597e+01
2.575451859095726093e+01
2.584529292721008531e+01
2.594136481433211472e+01
2.604295629795982592e+01
2.615029670362838488e+01
2.626362263716197276e+01
2.638317798461800834e+01
2.650921391217565315e+01
2.664198886630306617e+01
2.678176857342286610e+01
2.692882604035819583e+01
2.708344155399817410e+01
2.724590268140939742e+01
2.741650426994748457e+01
2.759554844703401599e+01
2.778334462021230777e+01
2.798020947742620024e+01
2.818646698651823002e+01
2.840244839584297409e+01
2.862849223370946561e+01
2.886494430849270998e+01
2.468278695899967445e+01
2.468379496080816438e+01
2.468682272553608925e+01
2.469188153025443810e+01
2.469899017063911728e+01
2.470817496041335914e+01
2.471946973145924176e+01
2.473291583387344161e+01
2.474856213602300059e+01
2.476646502454532595e+01
2.478668840406939111e+01
2.480930369749452069e+01
2.483438984615769840e+01
2.486203330927594024e+01
2.489232806450390711e+01
2.492537560765510918e+01
2.496128495264613889e+01
2.500017263160818359e+01
2.504216269505432280e+01
2.508738671154496203e+01
2.513598376785509814e+01
2.518810046903010047e+01
2.524389093827418051e+01
2.530351681700615529e+01
2.536714726491520011e+01
2.543495895973781273e+01
2.550713609753662325e+01
2.558387039264462004e+01
2.566536107738635053e+01
2.575181490252401062e+01
2.584344613686712222e+01
2.594047656755132181e+01
2.604313549981533882e+01
2.615165975705674128e+01
2.626629368105498230e+01
2.638728913169259727e+01
2.651490548706672357e+01
2.664940964343334784e+01
2.679107601537457128e+01
2.694018653563134791e+01
2.709703065499194707e+01
2.726190534268228660e+01
2.743511508603136662e+01
2.761697189052703294e+01
2.780779527998324951e+01
2.800791229631706969e+01
2.821765749960438185e+01
2.843737296841448625e+01
2.866740829908520638e+01
2.890812060650352322e+01
2.464201843421717442e+01
2.464302330412859021e+01
2.464604180085445506e+01
2.465108558431016661e+01
2.465817408839436098e+01
2.466733452026401707e+01
2.467860186055750660e+01
2.469201886339457985e+01
2.470763605632063076e+01
2.472551174052970779e+01
2.474571199058573612e+01
2.476831065447827029e+01
2.479338935373401043e+01
2.482103748341680571e+01
2.485135221196037136e+01
2.488443848133557879e+01
2.492040900699467798e+01
2.495938427787131531e+01
2.500149255626900313e+01
2.504686987819568245e+01
2.509566005291764412e+01
2.514801466329408441e+01
2.520409306566559238e+01
2.526406238974262664e+01
2.532809753888430393e+01
2.539638118981962123e+01
2.546910379270320135e+01
2.554646357133832879e+01
2.562866652284241198e+01
2.571592641792575051e+01
2.580846480072428406e+01
2.590651098879957814e+01
2.601030207330610367e+01
2.612008291882396094e+01
2.623610616335888679e+01
2.635863221845375648e+01
2.648792926913283807e+01
2.662427327401330501e+01
2.676794796480341176e+01
2.691924484719462285e+01
2.707846319996948736e+01
2.724591007561497236e+01
2.742190029998791800e+01
2.760675647242655373e+01
2.780080896580625804e+01
2.800439592642803532e+01
2.821786327413003548e+01
2.844156470212028864e+01
2.867586167719972323e+01
2.892112343959490062e+01
2.464361132850958214e+01
2.464462634441144218e+01
2.464767535460693182e+01
2.465277024667731354e+01
2.465993083268184094e+01
2.466918485010566897e+01
2.468056796102347406e+01
2.469412375271278393e+01
2.470990373720792732e+01
2.472796735152305558e+01
2.474838195754063364e+01
2.477122284229022853e+01
2.479657321755819765e+01
2.482452422016648796e+01
2.485517491163808046e+01
2.488863227881033069e+01
2.492501123316587552e+01
2.496443461122293428e+01
2.500703317453531582e+01
2.505294560930209968e+01
2.510231852698098720e+01
2.515530646384223346e+01
2.521207188102440355e+01
2.527278516470164860e+01
2.533762462591642262e+01
2.540677650063526016e+01
2.548043494986027468e+01
2.555880205946188966e+01
2.564208784029035826e+01
2.573051022795272402e+01
2.582429508331465584e+01
2.592367619194285311e+01
2.602889526432807799e+01
2.614020193610821252e+01
2.625785376751063538e+01
2.638211624407711753e+01
2.651326277616198368e+01
2.665157469876481855e+01
2.679734127231112240e+01
2.695085968181589919e+01
2.711243503721822634e+01
2.728238037371580305e+01
2.746101665115159918e+01
2.764867275434841432e+01
2.784568549316463759e+01
2.805239960227120477e+01
2.826916774137464472e+01
2.849635049510554197e+01
2.873431637296280527e+01
2.898344180942515891e+01
2.461082360055388563e+01
2.461184862248995486e+01
2.461492773386965993e+01
2.462007307129599454e+01
2.462730486257069984e+01
2.463665142647126061e+01
2.464814917286239293e+01
2.466184260275182538e+01
2.467778430817876512e+01
2.469603497243694790e+01
2.471666336974007194e+01
2.473974636533332117e+01
2.476536891577216082e+01
2.479362406853202927e+01
2.482461296223135960e+01
2.485844482663159383e+01
2.489523698246989980e+01
2.493511484168220704e+01
2.497821190723593077e+01
2.502466977312997543e+01
2.507463812461775987e+01
2.512827473787267607e+01
2.518574548026687765e+01
2.524722431014824409e+01
2.531289327717493620e+01
2.538294252186932098e+01
2.545757027584101806e+01
2.553698286200991419e+01
2.562139469416011650e+01
2.571102827733024654e+01
2.580611420747890250e+01
2.590689117181919343e+01
2.601360594853995778e+01
2.612651340691728308e+01
2.624587650742601852e+01
2.637196630162825528e+01
2.650506193195029425e+01
2.664545063224023380e+01
2.679342772704310249e+01
2.694929663243725315e+01
2.711336885530948493e+01
2.728596399357807201e+01
2.746740973652734397e+01
2.765804186425006961e+01
2.785820424803778295e+01
2.806824885043654660e+01
2.828853572474509903e+01
2.851943301568399391e+01
2.876131695883798045e+01
2.901457188093481676e+01
2.454729138424409030e+01
2.454832639615564460e+01
2.455143556628662438e+01
2.455663129715685145e+01
2.456393425996727231e+01
2.457337339443264312e+01
2.458498590855853649e+01
2.459881727875281499e+01
2.461492125016022925e+01
2.463335983616054392e+01
2.465420331870312509e+01
2.467753024813965368e+01
2.470342744327987106e+01
2.473198999133583698e+01
2.476332124820072167e+01
2.479753283800272357e+01
2.483474465343963189e+01
2.487508485561155425e+01
2.491868987402089886e+01
2.496570440685119507e+01
2.501628142057675319e+01
2.507058215012996172e+01
2.512877609895703657e+01
2.519104103885075574e+01
2.525756301028498640e+01
2.532853632196864879e+01
2.540416355123600312e+01
2.548465554371210118e+01
2.557023141370310881e+01
2.566111854375022361e+01
2.575755258501998668e+01
2.585977745702549768e+01
2.596804534784944707e+01
2.608261671386531688e+01
2.620376028007193625e+01
2.633175303992620542e+01
2.646688025517582332e+01
2.660943545619382888e+01
2.675972044181133924e+01
2.691804527920601942e+01
2.708472830401361264e+01
2.726009612055096554e+01
2.744448360131419307e+01
2.763823388742477505e+01
2.784169838840648481e+01
2.805523678224118456e+01
2.827921701536879340e+01
2.851401530279882834e+01
2.876001612783159445e+01
2.901761224228123126e+01
2.453178151176422261e+01
2.453283306583330869e+01
2.453599191897696841e+01
2.454127064322376839e+01
2.454869019241933259e+01
2.455827990178023512e+01
2.457007748783826884e+01
2.458412904905379293e+01
2.460048906481204156e+01
2.461922039648258931e+01
2.464039428658293218e+01
2.466409035928032623e+01
2.469039662033604188e+01
2.471940945665927458e+01
2.475123363686474676e+01
2.478598231110542116e+01
2.482377701101675527e+01
2.486474764954940753e+01
2.490903252130380352e+01
2.495677830236285999e+01
2.500814005006893836e+01
2.506328120363719592e+01
2.512237358348649607e+01
2.518559739157392841e+01
2.525314121145060753e+01
2.532520200798283838e+01
2.540198512768670014e+01
2.548370429850500329e+01
2.557058162986303529e+01
2.566284761261281488e+01
2.576074111925612442e+01
2.586450940360996142e+01
2.597440810108531295e+01
2.609070122851991158e+01
2.621366118434548653e+01
2.634356874825321171e+01
2.648071308169555138e+01
2.662539172744017435e+01
2.677791060979300042e+01
2.693858403459818618e+01
2.710773468907086681e+01
2.728569364207593750e+01
2.747280034373773461e+01
2.766940262583037580e+01
2.787585670172196828e+01
2.809252716592855492e+01
2.831978699478322525e+01
2.855801754599003672e+01
2.880760855867976389e+01
2.906895815346568313e+01
2.448134768296633723e+01
2.448241593431576035e+01
2.448562494186252891e+01
2.449098746626946266e+01
2.449852477497334036e+01
2.450826664274253730e+01
2.452025135117515831e+01
2.453452568897785113e+01
2.455114495196579938e+01
2.457017294283969377e+01
2.459168197140875733e+01
2.461575285464651230e+01
2.464247491635622822e+01
2.467194598750546319e+01
2.470427240605880215e+01
2.473956901697785327e+01
2.477795917238850976e+01
2.481957473130217906e+01
2.486455605995032059e+01
2.491305203139413393e+01
2.496522002585912148e+01
2.502122593062355804e+01
2.508124413990698898e+01
2.514545755503748481e+01
2.521405758439590983e+01
2.528724414330437753e+01
2.536522565424930775e+01
2.544821904671412938e+01
2.553644975706778908e+01
2.563015172901079097e+01
2.572956741307339712e+01
2.583494776683863492e+01
2.594655225488656569e+01
2.606464884901729562e+01
2.618951402802795769e+01
2.632143277748966881e+01
2.646069859036087379e+01
2.660761346637400493e+01
2.676248791248155712e+01
2.692564094263303076e+01
2.709740007766344405e+01
2.727810134562786004e+01
2.746808928157836860e+01
2.766771692756407575e+01
2.787734583268686706e+01
2.809734605310141475e+01
2.832809615201515641e+01
2.856998319957680366e+01
2.882340277309935672e+01
2.908875895683708279e+01
2.440473629535835087e+01
2.440581965116351171e+01
2.440907404378416956e+01
2.441451244894734529e+01
2.442215649290192658e+01
2.443203645241865374e+01
2.444419125456708386e+01
2.445866847716167314e+01
2.447552434837145441e+01
2.449482374677580054e+01
2.451664020164322011e+01
2.454105589259679832e+01
2.456816164978148009e+01
2.459805695375254686e+01
2.463084993575441217e+01
2.466665737738607689e+01
2.470560471065687125e+01
2.474782601820951200e+01
2.479346403320855785e+01
2.484267013906164223e+01
2.489560436997704684e+01
2.495243541046187019e+01
2.501334059554507050e+01
2.507850591077746927e+01
2.514812599212021382e+01
2.522240412616783445e+01
2.530155224992520147e+01
2.538579095086328152e+01
2.547534946691913760e+01
2.557046568655168528e+01
2.567138614885323022e+01
2.577836604315912084e+01
2.589166920938233574e+01
2.601156813806922230e+01
2.613834397006494825e+01
2.627228649684806072e+01
2.641369416025168348e+01
2.656287405268655277e+01
2.672014191702951180e+01
2.688582214667924930e+01
2.706024778544480469e+01
2.724376052771282275e+01
2.743671071839181508e+01
2.763945735268910653e+01
2.785236807644539780e+01
2.807581918602324933e+01
2.831019562819556157e+01
2.855589100031284389e+01
2.881330755002443311e+01
2.908285617572456161e+01
2.438914132592070771e+01
2.439023139042470589e+01
2.439350599523446661e+01
2.439897837424329197e+01
2.440667058421881919e+01
2.441661350446845802e+01
2.442884683672788171e+01
2.444341910583012734e+01
2.446038765881345256e+01
2.447981866570196985e+01
2.450178711894804806e+01
2.452637683382262423e+01
2.455368044819217843e+01
2.458379942251871952e+01
2.461684403991555570e+01
2.465293340625881058e+01
2.469219545007589289e+01
2.473476692232247842e+01
2.478079339688433080e+01
2.483042927013123702e+01
2.488383776114002544e+01
2.494119091169459068e+01
2.500266958606283652e+01
2.506846347138700182e+01
2.513877107729334881e+01
2.521379973617093739e+01
2.529376560289286147e+01
2.537889365520653939e+01
2.546941769339916206e+01
2.556558034035346338e+01
2.566763304171498561e+01
2.577583606578056674e+01
2.589045850333106813e+01
2.601177826807743187e+01
2.614008209610310729e+01
2.627566554631010831e+01
2.641883300019599545e+01
2.656989766196537417e+01
2.672918155852990907e+01
2.689701553917375776e+01
2.707373927611117992e+01
2.725970126409619354e+01
2.745525882064565337e+01
2.766077808576040908e+01
2.787663402214838015e+01
2.810321041528029085e+01
2.834089987316664505e+01
2.859010382646924242e+01
2.885123252861269449e+01
2.912470505550563260e+01
2.433838245646837350e+01
2.433947901527610114e+01
2.434277319728628797e+01
2.434827851886964112e+01
2.435601750745935590e+01
2.436602170143959967e+01
2.437833165008975911e+01
2.439299691375171264e+01
2.441007606371832139e+01
2.442963668217764450e+01
2.445175536221297108e+01
2.447651770819312134e+01
2.450401833504756155e+01
2.453436086882402378e+01
2.456765794674424441e+01
2.460403121670214688e+01
2.464361133759837230e+01
2.468653797950759454e+01
2.473295982323240594e+01
2.478303456052638509e+01
2.483692889437288187e+01
2.489481853853893512e+01
2.495688821768680299e+01
2.502333166748547910e+01
2.509435163472220864e+01
2.517015987691217660e+01
2.525097716268881598e+01
2.533703327169229524e+01
2.542856699434648249e+01
2.552582613213773399e+01
2.562906749750338520e+01
2.573855691394326684e+01
2.585456921568513522e+01
2.597738824818653214e+01
2.610730686768869191e+01
2.624462694149533348e+01
2.638965934774964239e+01
2.654272397560153607e+01
2.670414972537493981e+01
2.687427450806596241e+01
2.705344524578895715e+01
2.724201787155350019e+01
2.744035732932014326e+01
2.764883757411192633e+01
2.786784157190286493e+01
2.809776129939491085e+01
2.833899774468707022e+01
2.859196090638324250e+01
2.885706979437286890e+01
2.913475242944059218e+01
2.426371910939645460e+01
2.426482094817849955e+01
2.426813107131505376e+01
2.427366329901008868e+01
2.428144066504841447e+01
2.429149541685142921e+01
2.430386901508681063e+01
2.431861213411459488e+01
2.433578466187564615e+01
2.435545569961286816e+01
2.437770356214999623e+01
2.440261577800312054e+01
2.443028908899037432e+01
2.446082945051071889e+01
2.449435203154394358e+01
2.453098121442764779e+01
2.457085059519177861e+01
2.461410298327983170e+01
2.466089040166038870e+01
2.471137408682709946e+01
2.476572448868717657e+01
2.482412127095168941e+01
2.488675331052224848e+01
2.495381869788127460e+01
2.502552473725932103e+01
2.510208794607744665e+01
2.518373405550482858e+01
2.527069801006843974e+01
2.536322396798760437e+01
2.546156530078368263e+01
2.556598459367039311e+01
2.567675364521925019e+01
2.579415346763835259e+01
2.591847428660512875e+01
2.605001554137782804e+01
2.618908588457250985e+01
2.633600318238605098e+01
2.649109451470770082e+01
2.665469617461721086e+01
2.682715366899821419e+01
2.700882171798061648e+01
2.720006425555395424e+01
2.740125442884253104e+01
2.761277459877451079e+01
2.783501633958010402e+01
2.806838043912610914e+01
2.831327689891592314e+01
2.857012493364345573e+01
2.883935297175073131e+01
2.912139865514909332e+01
2.424010933861865880e+01
2.424121538829898981e+01
2.424453823752748960e+01
2.425009198653211584e+01
2.425790013569278969e+01
2.426799558565293680e+01
2.428042063720793919e+01
2.429522699124939678e+01
2.431247574893239971e+01
2.433223741145249264e+01
2.435459188043597933e+01
2.437962845732658934e+01
2.440744584405456763e+01
2.443815214247910461e+01
2.447186485483439000e+01
2.450871088339506798e+01
2.454882653064351672e+01
2.459235749932560111e+01
2.463945889211612084e+01
2.469029521206488198e+01
2.474504036242941751e+01
2.480387764650772553e+01
2.486699976769400067e+01
2.493460882975745463e+01
2.500691633667502956e+01
2.508414319229683898e+01
2.516651970084799927e+01
2.525428556681713133e+01
2.534768989456601673e+01
2.544699118899872659e+01
2.555245735483675062e+01
2.566436569717658855e+01
2.578300292137821970e+01
2.590866513261904913e+01
2.604165783661876077e+01
2.618229593908173669e+01
2.633090374592008232e+01
2.648781496319788431e+01
2.665337269713119284e+01
2.682792945425530817e+01
2.701184714109022522e+01
2.720549706441942561e+01
2.740925993117836512e+01
2.762352584851022641e+01
2.784869432359865016e+01
2.808517426400227990e+01
2.833338397737597347e+01
2.859375117135927624e+01
2.886671295402251403e+01
2.915271583353220919e+01
2.418106271553577358e+01
2.418217270713078193e+01
2.418550748392006966e+01
2.419108145169341384e+01
2.419891862030488028e+01
2.420905260328251529e+01
2.422152661827443154e+01
2.423639348654695524e+01
2.425371563359799154e+01
2.427356508859943673e+01
2.429602348473170892e+01
2.432118205890497720e+01
2.434914165220523330e+01
2.438001270928091557e+01
2.441391527906781533e+01
2.445097901400841778e+01
2.449134317072102718e+01
2.453515660955369171e+01
2.458257779486298844e+01
2.463377479484676869e+01
2.468892528165565281e+01
2.474821653122576848e+01
2.481184542355753564e+01
2.488001844238111460e+01
2.495295167537945602e+01
2.503087081424403593e+01
2.511401115445183763e+01
2.520261759532110446e+01
2.529694464023437916e+01
2.539725639630393772e+01
2.550382657465060277e+01
2.561693849029222037e+01
2.573688506208788240e+01
2.586396881284947469e+01
2.599850186923013240e+01
2.614080596183577754e+01
2.629121242505782874e+01
2.645006219735200403e+01
2.661770582101528149e+01
2.679450344218589919e+01
2.698082481084335527e+01
2.717704928114296337e+01
2.738356581074674523e+01
2.760077296154829796e+01
2.782907889917095190e+01
2.806890139319082778e+01
2.832066781708105907e+01
2.858481514804452317e+01
2.886178996757143267e+01
2.915204846060294486e+01
2.410013799857467376e+01
2.410125181649500803e+01
2.410459817669773130e+01
2.411019179778315902e+01
2.411805721117930545e+01
2.412822876047275855e+01
2.414075060218933544e+01
2.415567670495767416e+01
2.417307085017834112e+01
2.419300663168930399e+01
2.421556745576589265e+01
2.424084654128810712e+01
2.426894691968484707e+01
2.429998143471087246e+01
2.433407274283712596e+01
2.437135331291616680e+01
2.441196542634945743e+01
2.445606117703160365e+01
2.450380247140610734e+01
2.455536102840961732e+01
2.461091837947191863e+01
2.467066586857169597e+01
2.473480465212501755e+01
2.480354569909685836e+01
2.487710979111259846e+01
2.495572752195621291e+01
2.503963929829513546e+01
2.512909533906689674e+01
2.522435567581369043e+01
2.532569015257084644e+01
2.543337842592260500e+01
2.554770996489057922e+01
2.566898405104528891e+01
2.579750977845038662e+01
2.593360605371843519e+01
2.607760159589937388e+01
2.622983493675931754e+01
2.639065442016721263e+01
2.656041820298697687e+01
2.673949425424111936e+01
2.692826035555679809e+01
2.712710410122160098e+01
2.733642289773745304e+01
2.755662396437821826e+01
2.778812433285514416e+01
2.803135084737262162e+01
2.828674016462817775e+01
2.855473875381247950e+01
2.883580289666510410e+01
2.913039868747451777e+01
2.406177345643697407e+01
2.406289617233962375e+01
2.406626930299127665e+01
2.407190779744607312e+01
2.407983657092434981e+01
2.409009050453385115e+01
2.410271444549275444e+01
2.411776320724120737e+01
2.413530156893946810e+01
2.415540427613704111e+01
2.417815604015930475e+01
2.420365153855360418e+01
2.423199541497772103e+01
2.426330227886532143e+01
2.429769670598354736e+01
2.433531323804270130e+01
2.437629638275200961e+01
2.442080061398689494e+01
2.446899037156594048e+01
2.452104006147393633e+01
2.457713405569458232e+01
2.463746669221050567e+01
2.470224227511477721e+01
2.477167507449937389e+01
2.484598932667824656e+01
2.492541923379698332e+01
2.501020896422313200e+01
2.510061265221163396e+01
2.519689439818364107e+01
2.529932826867074169e+01
2.540819829614768111e+01
2.552379847908812849e+01
2.564643278224347611e+01
2.577641513619674640e+01
2.591406943764141246e+01
2.605972954943714370e+01
2.621373930027524679e+01
2.637645248523627473e+01
2.654823286500937840e+01
2.672945416678446762e+01
2.692050008347157330e+01
2.712176427414692625e+01
2.733365036405295712e+01
2.755657194437525703e+01
2.779095257224258120e+01
2.803722577106139724e+01
2.829583503018134039e+01
2.856723380500672604e+01
2.885188551688502301e+01
2.915026355349718656e+01
2.398772574409964875e+01
2.398885721936661142e+01
2.399225671297709539e+01
2.399793942902898536e+01
2.400593070690479536e+01
2.401626602255413800e+01
2.402899098743428397e+01
2.404416134895624424e+01
2.406184299054052644e+01
2.408211193133835337e+01
2.410505432656619007e+01
2.413076646728273289e+01
2.415935478038889528e+01
2.419093582873932746e+01
2.422563631108667082e+01
2.426359306208153299e+01
2.430495305227251635e+01
2.434987338816194580e+01
2.439852131192710871e+01
2.445107420197781423e+01
2.450771957239881971e+01
2.456865507322861930e+01
2.463408849040369475e+01
2.470423774581426457e+01
2.477933089713700099e+01
2.485960613805808350e+01
2.494531179810591226e+01
2.503670634276262774e+01
2.513405837329682413e+01
2.523764662704236628e+01
2.534775997700804950e+01
2.546469743237945593e+01
2.558876813796134542e+01
2.572029137467949766e+01
2.585959655930192014e+01
2.600702324443882318e+01
2.616292111859841896e+01
2.632765000618688589e+01
2.650157986767566598e+01
2.668509079915538251e+01
2.687857303283767862e+01
2.708242693677641810e+01
2.729706301486768538e+01
2.752290190690554184e+01
2.776037438880507580e+01
2.800992137204479349e+01
2.827199390416845404e+01
2.854705316867356757e+01
2.883557048484409790e+01
2.913802730791775630e+01
2.389660072960829496e+01
2.389773925047272130e+01
2.390115997237685619e+01
2.390687837297447871e+01
2.391492024842955288e+01
2.392532171330472579e+01
2.393812920072860706e+01
2.395339946217270821e+01
2.397119956756299075e+01
2.399160690544712082e+01
2.401470918265992793e+01
2.404060442449067381e+01
2.406940097473882290e+01
2.410121749582554784e+01
2.413618296834766142e+01
2.417443669141217200e+01
2.421612828280356666e+01
2.426141767853772180e+01
2.431047513314071651e+01
2.436348121970458536e+01
2.442062682966427545e+01
2.448211317285340982e+01
2.454815177772733747e+01
2.461896449114007268e+01
2.469478347840006549e+01
2.477585122315869270e+01
2.486242052768903577e+01
2.495475451271861900e+01
2.505312661731787927e+01
2.515782059901169632e+01
2.526913053383513841e+01
2.538736081644499265e+01
2.551282615967367917e+01
2.564585159497534406e+01
2.578677247214703883e+01
2.593593445960753741e+01
2.609369354411852626e+01
2.626041603089613119e+01
2.643647854366667360e+01
2.662226802455514729e+01
2.681818173425250862e+01
2.702462725173686309e+01
2.724202247455227521e+01
2.747079561880877208e+01
2.771138521879200667e+01
2.796424012746511423e+01
2.822981951624566221e+01
2.850859287489414129e+01
2.880104001168123418e+01
2.910765105333205227e+01
2.385051554290520315e+01
2.385166004575548726e+01
2.385509879842732417e+01
2.386084753272609049e+01
2.386893246836456939e+01
2.387939031301873882e+01
2.389226826232774314e+01
2.390762399978239472e+01
2.392552569672516682e+01
2.394605201235019010e+01
2.396929209409357142e+01
2.399534557685276681e+01
2.402432258365568885e+01
2.405634372549342359e+01
2.409154010109720545e+01
2.413005329732872895e+01
2.417203538873406288e+01
2.421764893776670036e+01
2.426706699506635090e+01
2.432047309873406959e+01
2.437806127522441102e+01
2.444003603862054774e+01
2.450661239096882582e+01
2.457801582227878612e+01
2.465448231030010007e+01
2.473625832102441535e+01
2.482360080796049218e+01
2.491677721285906344e+01
2.501606546498795680e+01
2.512175398202427345e+01
2.523414166899492272e+01
2.535353791933608036e+01
2.548026261405677673e+01
2.561464612218499326e+01
2.575702930065612151e+01
2.590776349436873360e+01
2.606721053601730631e+01
2.623574274625949698e+01
2.641374293354885339e+01
2.660160439446940117e+01
2.679973091328952606e+01
2.700853676240808809e+01
2.722844670185256177e+01
2.745989597978088526e+01
2.770333033209113083e+01
2.795920598286759784e+01
2.822798964371168040e+01
2.851015851441099613e+01
2.880620028249329678e+01
2.911661312356104503e+01
2.376852897449765933e+01
2.376967933013914092e+01
2.377313573424710924e+01
2.377891419842787712e+01
2.378704140882208051e+01
2.379755472593738830e+01
2.381050218464850943e+01
2.382594249436446532e+01
2.384394503886131744e+01
2.386458987633792717e+01
2.388796773947171204e+01
2.391418003541864223e+01
2.394333884547869218e+01
2.397556692587646765e+01
2.401099770681329204e+01
2.404977529313633156e+01
2.409205446400402195e+01
2.413800067316488196e+01
2.418779004867870697e+01
2.424160939302808515e+01
2.429965618322992427e+01
2.436213857066817212e+01
2.442927538109381302e+01
2.450129611473638747e+01
2.457844094635974486e+01
2.466096072503902903e+01
2.474911697416064627e+01
2.484318189192412518e+01
2.494343835050571556e+01
2.505017989683901902e+01
2.516371075216891384e+01
2.528434581205156206e+01
2.541241064674471062e+01
2.554824150076164102e+01
2.569218529292690079e+01
2.584459961682238927e+01
2.600585274017401716e+01
2.617632360529776392e+01
2.635640182887664551e+01
2.654648770190495810e+01
2.674699219002283712e+01
2.695833693323745095e+01
2.718095424592300091e+01
2.741528711687650244e+01
2.766178920948502551e+01
2.792092486122389516e+01
2.819316908438154812e+01
2.847900756555769419e+01
2.877893666555180374e+01
2.909346341997646590e+01
2.367280246450700432e+01
2.367395698582585695e+01
2.367742598549288857e+01
2.368322577052800426e+01
2.369138351931631092e+01
2.370193728155234325e+01
2.371493597824006727e+01
2.373043940174864019e+01
2.374851821592394074e+01
2.376925395586550849e+01
2.379273902781504546e+01
2.381907670971400037e+01
2.384838115064597730e+01
2.388077737100401521e+01
2.391640126265786037e+01
2.395539958878669395e+01
2.399792998382337572e+01
2.404416095356594596e+01
2.409427187528917003e+01
2.414845299752148122e+01
2.420690544004498079e+01
2.426984119423000763e+01
2.433748312247753631e+01
2.441006495872101212e+01
2.448783130825906440e+01
2.457103764769976451e+01
2.465995032501637851e+01
2.475484655932431721e+01
2.485601444138298888e+01
2.496375293314971699e+01
2.507837186789124928e+01
2.520019195040681481e+01
2.532954475652626769e+01
2.546677273372346662e+01
2.561222920061440789e+01
2.576627834729181288e+01
2.592929523510206735e+01
2.610166579675675536e+01
2.628378683638841196e+01
2.647606602938324372e+01
2.667892192254841177e+01
2.689278393383322907e+01
2.711809235288675879e+01
2.735529834044445963e+01
2.760486392855122872e+01
2.786726202078442327e+01
2.814297639197508261e+01
2.843250168815215417e+01
2.873634342710010259e+01
2.905501799741098168e+01
2.361830668681875167e+01
2.361946496108348370e+01
2.362294530958391903e+01
2.362876430988484344e+01
2.363694959113079364e+01
2.364753983404605364e+01
2.366058477121346115e+01
2.367614518679560476e+01
2.369429291636754087e+01
2.371511084764168231e+01
2.373869291957562311e+01
2.376514412298551449e+01
2.379458050032301841e+01
2.382712914567530404e+01
2.386292820470929144e+01
2.390212687500621414e+01
2.394488540550401368e+01
2.399137509699917814e+01
2.404177830186795717e+01
2.409628842412210048e+01
2.415510991963191145e+01
2.421845829562440500e+01
2.428656011118514613e+01
2.435965297703521060e+01
2.443798555547542151e+01
2.452181756055364303e+01
2.461141975800899218e+01
2.470707396504883135e+01
2.480907305079482583e+01
2.491772093589263548e+01
2.503333259262343091e+01
2.515623404495964621e+01
2.528676236856499315e+01
2.542526569073869425e+01
2.557210319041547919e+01
2.572764509827710455e+01
2.589227269652932506e+01
2.606637831923644555e+01
2.625036535187523512e+01
2.644464823178101653e+01
2.664965244786886345e+01
2.686581454063360042e+01
2.709358210248436194e+01
2.733341377724275389e+01
2.758577926036588934e+01
2.785115929928095468e+01
2.813004569277184785e+01
2.842294129131373381e+01
2.873035999729609102e+01
2.905282676446510592e+01
2.352776451721260997e+01
2.352892643786690741e+01
2.353241782473210364e+01
2.353825555251512114e+01
2.354646774550445443e+01
2.355709377796049964e+01
2.357018427383673398e+01
2.358580110683550046e+01
2.360401740040799368e+01
2.362491752781001964e+01
2.364859711199047965e+01
2.367516302592592936e+01
2.370473339189570083e+01
2.373743758237405999e+01
2.377341621947260464e+01
2.381282117488451178e+01
2.385581557021908949e+01
2.390257377700177344e+01
2.395328141617230955e+01
2.400813535875384730e+01
2.406734372540686806e+01
2.413112588654071544e+01
2.419971246236934093e+01
2.427334532279979840e+01
2.435227758771102557e+01
2.443677362639626693e+01
2.452710905823216692e+01
2.462357075228847592e+01
2.472645682727227268e+01
2.483607665175101431e+01
2.495275084409676936e+01
2.507681127237470164e+01
2.520860105439883014e+01
2.534847455789930493e+01
2.549679740013209184e+01
2.565394644832505833e+01
2.582030981939915293e+01
2.599628688002419352e+01
2.618228824667459520e+01
2.637873578546212272e+01
2.658606261258194792e+01
2.680471309358777532e+01
2.703514284406097445e+01
2.727781872927599238e+01
2.753321886436766164e+01
2.780183261394087424e+01
2.808416059273967846e+01
2.838071466508971596e+01
2.869201794506547287e+01
2.901860479654605385e+01
2.342635859703663925e+01
2.342752323847354390e+01
2.343102288810934652e+01
2.343687472219810175e+01
2.344510736792283012e+01
2.345576090322824570e+01
2.346888685693226506e+01
2.348454820861450543e+01
2.350281938889506250e+01
2.352378627904420227e+01
2.354754621120541103e+01
2.357420796861840628e+01
2.360389178489429440e+01
2.363672934501921219e+01
2.367286378440643801e+01
2.371244968962125554e+01
2.375565309776759548e+01
2.380265149710140449e+01
2.385363382652879238e+01
2.390880047594059832e+01
2.396836328582207543e+01
2.403254554781047503e+01
2.410158200424899277e+01
2.417571884835402329e+01
2.425521372410365117e+01
2.434033572640493404e+01
2.443136540103813914e+01
2.452859474460097289e+01
2.463232720439708601e+01
2.474287767882636757e+01
2.486057251699464032e+01
2.498574951882516970e+01
2.511875793517020483e+01
2.525995846758790719e+01
2.540972326878845777e+01
2.556843594190916136e+01
2.573649154140661821e+01
2.591429657205303272e+01
2.610226898988414135e+01
2.630083820169736342e+01
2.651044506499605191e+01
2.673154188815677657e+01
2.696459243054082222e+01
2.721007190227117434e+01
2.746846696428825751e+01
2.774027572846147649e+01
2.802600775747767159e+01
2.832618406467387118e+01
2.864133711465061083e+01
2.897201082237981495e+01
2.336106774000453967e+01
2.336223673106925602e+01
2.336574951506773701e+01
2.337162352485904293e+01
2.337988781474362909e+01
2.339058306102091578e+01
2.340376156171050681e+01
2.341948723671946553e+01
2.343783562756351202e+01
2.345889389775734202e+01
2.348276083242431866e+01
2.350954683851949412e+01
2.353937394482962731e+01
2.357237580197316262e+01
2.360869768223298237e+01
2.364849647972365076e+01
2.369194071033568250e+01
2.373921051184703757e+01
2.379049764370010323e+01
2.384600548722472979e+01
2.390594904535941367e+01
2.397055494309740098e+01
2.404006142692907133e+01
2.411471836545529968e+01
2.419478724877410869e+01
2.428054118881521006e+01
2.437226491950729823e+01
2.447025479638772794e+01
2.457481879676979375e+01
2.468627651979847926e+01
2.480495918645047482e+01
2.493120963947840707e+01
2.506538234329932635e+01
2.520784338421773185e+01
2.535897047042558938e+01
2.551915293166775456e+01
2.568879171968807640e+01
2.586829940789480275e+01
2.605810019147213907e+01
2.625862988754749594e+01
2.647033593485695135e+01
2.669367739396827233e+01
2.692912494728093620e+01
2.717716089908186561e+01
2.743827917515513448e+01
2.771298532328378528e+01
2.800179651302680739e+01
2.830524153571912294e+01
2.862386080447159387e+01
2.895820635405949872e+01
2.325966444699105296e+01
2.326083772456387777e+01
2.326436346265471400e+01
2.327025937793825605e+01
2.327855499816848805e+01
2.328929166201139367e+01
2.330252251932377661e+01
2.331831253098595980e+01
2.333673846906908622e+01
2.335788891650053500e+01
2.338186426751002145e+01
2.340877672718350766e+01
2.343875031190928482e+01
2.347192084898765074e+01
2.350843597679819297e+01
2.354845514496706471e+01
2.359214961386515697e+01
2.363970245527720238e+01
2.369130855189994023e+01
2.374717459739788339e+01
2.380751909673787026e+01
2.387257236591026910e+01
2.394257653181745837e+01
2.401778553260838223e+01
2.409846511739975128e+01
2.418489284638757297e+01
2.427735809095865704e+01
2.437616203341182342e+01
2.448161766723670141e+01
2.459404979694644666e+01
2.471379503818926437e+01
2.484120181752536638e+01
2.497663037276154441e+01
2.512045275272809874e+01
2.527305281727887731e+01
2.543482623740277049e+01
2.560618049516794770e+01
2.578753488372187874e+01
2.597932050706828022e+01
2.618198028056895410e+01
2.639596893060923222e+01
2.662175299454221289e+01
2.685981082080028770e+01
2.711063256900665763e+01
2.737472020986379917e+01
2.765258752487470062e+01
2.794476010695617418e+01
2.825177535988129662e+01
2.857418249866970683e+01
2.891254254919730116e+01
2.315163021242762653e+01
2.315280616333176411e+01
2.315634001888406601e+01
2.316224978827333203e+01
2.317056548636813673e+01
2.318132913427444208e+01
2.319459475905679824e+01
2.321042839362680965e+01
2.322890807724499140e+01
2.325012385485164046e+01
2.327417777756867423e+01
2.330118390242083848e+01
2.333126829261449586e+01
2.336456901714731771e+01
2.340123615114283950e+01
2.344143177573894121e+01
2.348532997814359646e+01
2.353311685135609110e+01
2.358499049466885467e+01
2.364116101310985840e+01
2.370185051794445741e+01
2.376729312622930834e+01
2.383773496131420799e+01
2.391343415228450908e+01
2.399466083429565799e+01
2.408169714868472511e+01
2.417483724258008593e+01
2.427438726929173995e+01
2.438066538797675165e+01
2.449400176391804251e+01
2.461473856835712226e+01
2.474322997860560847e+01
2.487984217787793639e+01
2.502495335551440192e+01
2.517895370675812927e+01
2.534224543292235055e+01
2.551524274133462811e+01
2.569837184528112317e+01
2.589207096411808706e+01
2.609679032321612624e+01
2.631299215384865775e+01
2.654115069341497701e+01
2.678175218527294987e+01
2.703529487873903392e+01
2.730228902931130719e+01
2.758325689833490912e+01
2.787873275311356736e+01
2.818926286718838981e+01
2.851540551994754935e+01
2.885773099679355980e+01
2.307731560232880952e+01
2.307849436423435563e+01
2.308203674105810066e+01
2.308796100550802066e+01
2.309629761217176380e+01
2.310708919773967196e+01
2.312039058044720008e+01
2.313626876063250037e+01
2.315480292034612120e+01
2.317608442362978138e+01
2.320021681623759591e+01
2.322731582591486088e+01
2.325750936223077758e+01
2.329093751663421230e+01
2.332775256234216954e+01
2.336811895456285271e+01
2.341221333027259632e+01
2.346022450843892670e+01
2.351235348974175565e+01
2.356881345674065287e+01
2.362982977398638695e+01
2.369563998774209423e+01
2.376649382626210283e+01
2.384265319956889329e+01
2.392439219962036390e+01
2.401199710019831102e+01
2.410576635690845038e+01
2.420601060723615561e+01
2.431305267071373777e+01
2.442722754836286825e+01
2.454888242347518812e+01
2.467837666088745507e+01
2.481608180748336423e+01
2.496238159191475958e+01
2.511767192482466626e+01
2.528236089851273505e+01
2.545686878726980851e+01
2.564162804743366308e+01
2.583708331677566861e+01
2.604369141516989572e+01
2.626192134459311944e+01
2.649225428834418139e+01
2.673518361204766691e+01
2.699121486309630669e+01
2.726086577048370074e+01
2.754466624541766251e+01
2.784315838065112558e+01
2.815689645109547001e+01
2.848644691331871925e+01
2.883238840599159047e+01
2.296682357590822932e+01
2.296800517234566996e+01
2.297155614989807759e+01
2.297749507350873444e+01
2.298585288460108345e+01
2.299667290124600783e+01
2.301001081821760152e+01
2.302593470660282904e+01
2.304452501435914513e+01
2.306587456597992158e+01
2.309008856227141138e+01
2.311728458107763373e+01
2.314759257649972213e+01
2.318115487934202434e+01
2.321812619705631420e+01
2.325867361363029673e+01
2.330297658964335739e+01
2.335122696215504590e+01
2.340362894503963176e+01
2.346039912865153809e+01
2.352176647988111924e+01
2.358797234232193318e+01
2.365927043610345493e+01
2.373592685789107648e+01
2.381822008105339705e+01
2.390644095538342384e+01
2.400089270754463300e+01
2.410189094062491222e+01
2.420976363408078669e+01
2.432485114440654073e+01
2.444750620435358357e+01
2.457809392343229149e+01
2.471699178774471406e+01
2.486458965976154545e+01
2.502128977887971928e+01
2.518750676080906103e+01
2.536366759801834192e+01
2.555021165945650807e+01
2.574759069083145846e+01
2.595626881416398390e+01
2.617672252840110758e+01
2.640944070891425710e+01
2.665492460755502080e+01
2.691368785287819776e+01
2.718625645008601310e+01
2.747316878097238302e+01
2.777497560381138797e+01
2.809224005346878883e+01
2.842553764151353946e+01
2.877545625610628477e+01
2.285327463611427490e+01
2.285445769701804508e+01
2.285801316621759582e+01
2.286395990367948627e+01
2.287232934273707130e+01
2.288316548981171294e+01
2.289652492469156897e+01
2.291247680058735270e+01
2.293110284374201768e+01
2.295249735393260693e+01
2.297676720407990913e+01
2.300403184047151939e+01
2.303442328259455607e+01
2.306808612341444231e+01
2.310517752887309584e+01
2.314586723855802930e+01
2.319033756514474831e+01
2.323878339456404873e+01
2.329141218616927489e+01
2.334844397245753811e+01
2.341011135946002852e+01
2.347665952618441310e+01
2.354834622511667419e+01
2.362544178205384426e+01
2.370822909604822470e+01
2.379700363929588036e+01
2.389207345747119859e+01
2.399375916950384280e+01
2.410239396757875596e+01
2.421832361719191695e+01
2.434190645703883149e+01
2.447351339929331715e+01
2.461352792921719868e+01
2.476234610555061622e+01
2.492037656012170643e+01
2.508804049823692495e+01
2.526577169840225778e+01
2.545401651232319651e+01
2.565323386529507843e+01
2.586389525553396140e+01
2.608648475478997852e+01
2.632149900795702635e+01
2.656944723340732040e+01
2.683085122260107269e+01
2.710624534042105438e+01
2.739617652500531975e+01
2.770120428769143928e+01
2.802190071329530596e+01
2.835885045972080931e+01
2.871265075835015779e+01
2.276948714687579667e+01
2.277067206774770725e+01
2.277423320517466365e+01
2.278018968286544066e+01
2.278857337381669979e+01
2.279942890048026172e+01
2.281281363426126774e+01
2.282879769585273522e+01
2.284746395529132457e+01
2.286890803167853292e+01
2.289323829334798432e+01
2.292057585808845843e+01
2.295105459253052871e+01
2.298482111287146168e+01
2.302203478437334994e+01
2.306286772147466024e+01
2.310750478790172835e+01
2.315614359666876965e+01
2.320899450996637015e+01
2.326628063904994548e+01
2.332823784468583384e+01
2.339511473659369756e+01
2.346717267394835105e+01
2.354468576487793641e+01
2.362794086702151475e+01
2.371723758697146067e+01
2.381288828083107489e+01
2.391521805365697517e+01
2.402456475990518214e+01
2.414127900315231656e+01
2.426572413626286817e+01
2.439827626122194459e+01
2.453932422941404212e+01
2.468926964128849733e+01
2.484852684663828626e+01
2.501752294426547607e+01
2.519669778253879500e+01
2.538650395866878995e+01
2.558740681937691264e+01
2.579988446050522555e+01
2.602442772701638773e+01
2.626154021327245047e+01
2.651173826281183921e+01
2.677555096829356884e+01
2.705352017172029377e+01
2.734620046415951933e+01
2.765415918618965918e+01
2.797797642728669132e+01
2.831824502632599305e+01
2.867557057130354536e+01
2.264952880147119885e+01
2.265071568546624547e+01
2.265428280989740628e+01
2.266024959193547872e+01
2.266864839336450288e+01
2.267952452080480796e+01
2.269293622571302294e+01
2.270895470410324890e+01
2.272766409682589028e+01
2.274916148973490948e+01
2.277355691285144701e+01
2.280097334153477107e+01
2.283154669564586925e+01
2.286542583965899311e+01
2.290277258305195218e+01
2.294376167991580928e+01
2.298858082901063682e+01
2.303743067410006873e+01
2.309052480344948322e+01
2.314808975016052983e+01
2.321036499217116145e+01
2.327760295197681373e+01
2.335006899702073113e+01
2.342804143930365157e+01
2.351181153582987093e+01
2.360168348810542582e+01
2.369797444241687856e+01
2.380101448999860025e+01
2.391114666669820821e+01
2.402872695297657302e+01
2.415412427424237052e+01
2.428772050068480581e+01
2.442991044699482117e+01
2.458110187286691328e+01
2.474171548260884279e+01
2.491218492536465234e+01
2.509295679489162723e+01
2.528449062983911588e+01
2.548725891352546213e+01
2.570174707399378988e+01
2.592845348417926488e+01
2.616788946163030261e+01
2.642057926856433525e+01
2.668706011225811281e+01
2.696788214443435905e+01
2.726360846165209040e+01
2.757481510530660884e+01
2.790209106146222595e+01
2.824603826090801917e+01
2.860727157926935860e+01
2.253026125822672654e+01
2.253144889201916712e+01
2.253501836314275408e+01
2.254098938055751233e+01
2.254939479260448820e+01
2.256028058706151995e+01
2.257370589086442791e+01
2.258974297049734048e+01
2.260847723165813861e+01
2.263000721931420500e+01
2.265444461792547415e+01
2.268191425133289840e+01
2.271255408253542640e+01
2.274651521396879517e+01
2.278396188744976314e+01
2.282507148412035747e+01
2.287003452428059447e+01
2.291905466789031465e+01
2.297234871406735124e+01
2.303014660125479907e+01
2.309269140733254133e+01
2.316023934939421025e+01
2.323305978408174255e+01
2.331143520708355155e+01
2.339566125369210425e+01
2.348604669846938009e+01
2.358291345519111104e+01
2.368659657723708989e+01
2.379744425703357891e+01
2.391581782655514843e+01
2.404209175693435441e+01
2.417665365896358054e+01
2.431990428242591662e+01
2.447225751659700776e+01
2.463414039018927326e+01
2.480599307107312512e+01
2.498826886655577084e+01
2.518143422338119208e+01
2.538596872739560339e+01
2.560236510393777465e+01
2.583112921783900262e+01
2.607278007292131505e+01
2.632784981261078983e+01
2.659688371960301723e+01
2.688044021597461963e+01
2.717909086301596133e+01
2.749342036150995483e+01
2.782402655150901793e+01
2.817152041244660055e+01
2.853652606296989802e+01
2.243689721796658887e+01
2.243808593533251639e+01
2.244165874404980343e+01
2.244763561447880207e+01
2.245604983049765480e+01
2.246694798944656668e+01
2.248039000223929307e+01
2.249644909341892784e+01
2.251521180093483210e+01
2.253677797625419288e+01
2.256126078452926365e+01
2.258878670437435332e+01
2.261949552792157192e+01
2.265354036087659040e+01
2.269108762246289501e+01
2.273231704547752940e+01
2.277742167623534186e+01
2.282660787445746564e+01
2.288009531366164140e+01
2.293811698066037508e+01
2.300091917606277292e+01
2.306876151377271000e+01
2.314191692126762590e+01
2.322067163976580062e+01
2.330532522378028659e+01
2.339619054150921329e+01
2.349359377455700226e+01
2.359787441826891197e+01
2.370938528139649293e+01
2.382849248620909322e+01
2.395557546849387620e+01
2.409102697772307877e+01
2.423525307683098617e+01
2.438867314215817572e+01
2.455171986384182148e+01
2.472483924531386279e+01
2.490849060374708657e+01
2.510314656960904145e+01
2.530929308721964688e+01
2.552742941419358047e+01
2.575806812171908788e+01
2.600173509461373911e+01
2.625896953115714894e+01
2.653032394314673681e+01
2.681636415612076974e+01
2.711766930885650950e+01
2.743483185381631984e+01
2.776845755703611118e+01
2.811916549812536914e+01
2.848758807004410443e+01
2.230741062606776026e+01
2.230860063103102675e+01
2.231217739978481163e+01
2.231816119419989874e+01
2.232658578420960538e+01
2.233749844753100433e+01
2.235095996999946166e+01
2.236704464512257928e+01
2.238584027463777204e+01
2.240744816795469774e+01
2.243198314260129678e+01
2.245957352400079543e+01
2.249036114547166676e+01
2.252450134833918582e+01
2.256216298171235835e+01
2.260352840293002075e+01
2.264879347694747480e+01
2.269816757689408604e+01
2.275187358362721213e+01
2.281014788617826028e+01
2.287324038136239679e+01
2.294141447394580169e+01
2.301494707670145345e+01
2.309412861018606122e+01
2.317926300307465226e+01
2.327066769193750417e+01
2.336867362124017333e+01
2.347362524328771016e+01
2.358588051861499935e+01
2.370581091531762397e+01
2.383380140977675410e+01
2.397025048610154485e+01
2.411557013646369541e+01
2.427018586076288997e+01
2.443453666707288363e+01
2.460907507125116567e+01
2.479426709721777300e+01
2.499059227678801776e+01
2.519854364967246241e+01
2.541862776342118480e+01
2.565136467375832652e+01
2.589728794424752323e+01
2.615694464629193305e+01
2.643089535935724399e+01
2.671971417086017908e+01
2.702398867594543930e+01
2.734431997793179292e+01
2.768132268808903262e+01
2.803562492530341999e+01
2.840786831674680002e+01
2.218256523329972296e+01
2.218375532112153792e+01
2.218733243469179328e+01
2.219331712365582021e+01
2.220174363775704407e+01
2.221265992650244669e+01
2.222612763910681011e+01
2.224222212477148375e+01
2.226103243262866727e+01
2.228266131157409546e+01
2.230722521037857575e+01
2.233485427752071217e+01
2.236569236163296637e+01
2.239989701088831708e+01
2.243763947355785504e+01
2.247910469762044627e+01
2.252449133098580702e+01
2.257401172138294143e+01
2.262789191636017705e+01
2.268637166334090693e+01
2.274970440967934948e+01
2.281815730249328311e+01
2.289201118883130093e+01
2.297156061539403638e+01
2.305711382909174745e+01
2.314899277631944230e+01
2.324753310357023750e+01
2.335308415710080610e+01
2.346600898309863581e+01
2.358668432734749487e+01
2.371550063589654300e+01
2.385286205422391959e+01
2.399918642807315905e+01
2.415490530267254243e+01
2.432046392334846274e+01
2.449632123519086235e+01
2.468294988310899285e+01
2.488083621188717132e+01
2.509048026635207052e+01
2.531239579081510271e+01
2.554711022968580281e+01
2.579516472724876053e+01
2.605711412749636935e+01
2.633352697440760082e+01
2.662498551178073924e+01
2.693208568323338170e+01
2.725543713225819076e+01
2.759566320216713464e+01
2.795340093609150500e+01
2.832930107720492430e+01
2.207986108848157514e+01
2.208105122358740857e+01
2.208462856577143185e+01
2.209061392568897730e+01
2.209904198772843387e+01
2.210996131017850885e+01
2.212343432489369022e+01
2.213953733757303155e+01
2.215836052792743160e+01
2.218000794901052330e+01
2.220459752799930797e+01
2.223226106558080062e+01
2.226314423645385432e+01
2.229740658888310634e+01
2.233522154497775247e+01
2.237677640069156126e+01
2.242227232565559802e+01
2.247192436328972320e+01
2.252596143074686097e+01
2.258462631902449758e+01
2.264817569290892862e+01
2.271688009075222681e+01
2.279102392497405916e+01
2.287090548161563675e+01
2.295683692033970047e+01
2.304914427482082573e+01
2.314816745241089535e+01
2.325426023430635070e+01
2.336779027515788343e+01
2.348913910390684023e+01
2.361870212272577874e+01
2.375688860802213043e+01
2.390412170960183857e+01
2.406083845122692111e+01
2.422748973050396515e+01
2.440454031860534201e+01
2.459246886054797088e+01
2.479176787524912129e+01
2.500294375524757839e+01
2.522651676681518396e+01
2.546302105023562845e+01
2.571300461919108571e+01
2.597702936143134878e+01
2.625567103843924954e+01
2.654951928537492378e+01
2.685917761118730240e+01
2.718526339855837293e+01
2.752840790412621175e+01
2.788925625798314911e+01
2.826846746423335688e+01
2.194111178910360849e+01
2.194230231034366696e+01
2.194588090817485693e+01
2.195186868476294606e+01
2.196030081071876339e+01
2.197122652465213477e+01
2.198470913350643130e+01
2.200082601227977719e+01
2.201966860419232219e+01
2.204134242079776840e+01
2.206596704164880407e+01
2.209367611457590996e+01
2.212461735568735577e+01
2.215895254909040091e+01
2.219685754728161342e+01
2.223852227075654753e+01
2.228415070851159641e+01
2.233396091737485278e+01
2.238818502256372156e+01
2.244706921740612415e+01
2.251087376356352010e+01
2.257987299080788191e+01
2.265435529696593875e+01
2.273462314830948472e+01
2.282099307910929653e+01
2.291379569191395049e+01
2.301337565749404845e+01
2.312009171467493829e+01
2.323431667061552375e+01
2.335643740069673768e+01
2.348685484829849202e+01
2.362598402524578134e+01
2.377425401119530335e+01
2.393210795447186356e+01
2.410000307117622143e+01
2.427841064585420128e+01
2.446781603110638414e+01
2.466871864786689272e+01
2.488163198501308315e+01
2.510708359992313987e+01
2.534561511808575318e+01
2.559778223287709409e+01
2.586415470628567093e+01
2.614531636835474515e+01
2.644186511712656795e+01
2.675441291914422592e+01
2.708358580889402845e+01
2.743002388914007383e+01
2.779438133092424934e+01
2.817732637337108059e+01
2.181083927649578058e+01
2.181202924108919916e+01
2.181560626343698672e+01
2.182159172918597889e+01
2.183002128111807494e+01
2.184094481887143502e+01
2.185442649960960182e+01
2.187054473712934666e+01
2.188939220258554386e+01
2.191107582421236089e+01
2.193571678715600370e+01
2.196345053392077062e+01
2.199442676386722439e+01
2.202880943365827449e+01
2.206677675675733497e+01
2.210852120404167920e+01
2.215424950324484854e+01
2.220418263934695702e+01
2.225855585429591699e+01
2.231761864717469024e+01
2.238163477425707271e+01
2.245088224867312121e+01
2.252565334096674832e+01
2.260625457842662200e+01
2.269300674564373921e+01
2.278624488434417472e+01
2.288631829316601696e+01
2.299359052799394121e+01
2.310843940168040689e+01
2.323125698421293706e+01
2.336244960276987115e+01
2.350243784149733983e+01
2.365165654162077757e+01
2.381055480161219506e+01
2.397959597679987453e+01
2.415925767987019057e+01
2.435003178036579641e+01
2.455242440502015455e+01
2.476695593770180182e+01
2.499416101930280476e+01
2.523458854785030780e+01
2.548880167839499222e+01
2.575737782306683954e+01
2.604090865124242171e+01
2.634000008937760384e+01
2.665527232067301000e+01
2.698735978591039242e+01
2.733691118258836994e+01
2.770458946556367508e+01
2.809107184649352718e+01
2.169877509372779656e+01
2.169996435101252530e+01
2.170353933713653660e+01
2.170952169513229890e+01
2.171794749673920677e+01
2.172886724212474974e+01
2.174234586044212847e+01
2.175846270921688586e+01
2.177731157490451608e+01
2.179900067244437878e+01
2.182365264548273842e+01
2.185140456642852413e+01
2.188240793623029745e+01
2.191682868448776134e+01
2.195484716956329052e+01
2.199665817852615746e+01
2.204247092698526700e+01
2.209250905925643593e+01
2.214701064836237521e+01
2.220622819597694786e+01
2.227042863236940917e+01
2.233989331657167199e+01
2.241491803615528156e+01
2.249581300762172731e+01
2.258290287584484446e+01
2.267652671446113644e+01
2.277703802586977133e+01
2.288480474100954609e+01
2.300020921958192233e+01
2.312364824993951018e+01
2.325553304897454154e+01
2.339628926239767992e+01
2.354635696451497395e+01
2.370619065828362082e+01
2.387625927542347526e+01
2.405704617619402796e+01
2.424904914967319414e+01
2.445278041347851428e+01
2.466876661387867387e+01
2.489754882584927032e+01
2.513968255318431844e+01
2.539573772805018947e+01
2.566629871154319176e+01
2.595196429324350973e+01
2.625334769149398539e+01
2.657107655317709671e+01
2.690579295410525873e+01
2.725815339851899566e+01
2.762882881944938163e+01
2.801850457849499776e+01
2.155062543015842635e+01
2.155181430766550932e+01
2.155538825080891030e+01
2.156136919156660525e+01
2.156979368277055897e+01
2.158071289877583609e+01
2.159419263501452946e+01
2.161031330816302898e+01
2.162916995619780280e+01
2.165087223822808937e+01
2.167554443449592583e+01
2.170332544659915897e+01
2.173436879721267445e+01
2.176884263053445068e+01
2.180692971150493875e+01
2.184882742675497269e+01
2.189474778371361197e+01
2.194491741127725604e+01
2.199957755958661210e+01
2.205898409985941200e+01
2.212340752455769533e+01
2.219313294738780229e+01
2.226846010330037728e+01
2.234970334832309291e+01
2.243719165989520192e+01
2.253126863664450852e+01
2.263229249822007461e+01
2.274063608562679306e+01
2.285668686111385384e+01
2.298084690811899478e+01
2.311353293132426501e+01
2.325517625637720798e+01
2.340622283061576070e+01
2.356713322212031869e+01
2.373838262055014070e+01
2.392046083653000110e+01
2.411387230187320441e+01
2.431913607002769240e+01
2.453678581507234213e+01
2.476736983272066439e+01
2.501145103981894025e+01
2.526960697417897705e+01
2.554242979519142409e+01
2.583052628326821321e+01
2.613451784000980993e+01
2.645504048828886567e+01
2.679274487230598467e+01
2.714829625722726547e+01
2.752237452965827913e+01
2.791567419722585797e+01
2.141501359102855062e+01
2.141620137888436304e+01
2.141977214569040910e+01
2.142574810077218928e+01
2.143416625970938938e+01
2.144507844444738254e+01
2.145855128301844772e+01
2.147466620982055119e+01
2.149351946539431779e+01
2.151522209670183017e+01
2.153989995673631341e+01
2.156769370485667636e+01
2.159875880673177306e+01
2.163326553411734920e+01
2.167139896507909569e+01
2.171335898399262376e+01
2.175936028143198087e+01
2.180963235422537139e+01
2.186441950545518864e+01
2.192398084434648098e+01
2.198859028654574743e+01
2.205853655378638578e+01
2.213412317422325515e+01
2.221566848209810630e+01
2.230350561790686825e+01
2.239798252856691718e+01
2.249946196708254220e+01
2.260832149265644020e+01
2.272495347085699890e+01
2.284976507350679142e+01
2.298317827857104589e+01
2.312562987038067774e+01
2.327757143946503149e+01
2.343946938249609957e+01
2.361180490262309561e+01
2.379507400897060521e+01
2.398978751714043156e+01
2.419647104882128019e+01
2.441566503212330019e+01
2.464792470113203038e+01
2.489382009641021654e+01
2.515393606471902999e+01
2.542887225901804626e+01
2.571924313857678612e+01
2.602567796880742890e+01
2.634882082151571581e+01
2.668933057459430458e+01
2.704788091227365499e+01
2.742516032509416846e+01
2.782187210965525992e+01
2.129393051948142812e+01
2.129511695249400205e+01
2.129868373930166214e+01
2.130465334354879303e+01
2.131306320441965241e+01
2.132396573691717734e+01
2.133742833163995556e+01
2.135353335494948723e+01
2.137237814885867238e+01
2.139407503119909038e+01
2.141875129539797129e+01
2.144654921053392727e+01
2.147762602150427114e+01
2.151215394885769783e+01
2.155032018890583245e+01
2.159232691350018385e+01
2.163839127025516973e+01
2.168874538260389429e+01
2.174363634963086511e+01
2.180332624596046642e+01
2.186809212209151809e+01
2.193822600417425406e+01
2.201403489406605019e+01
2.209584076933145624e+01
2.218398058313065846e+01
2.227880626449828227e+01
2.238068471806459669e+01
2.248999782411125992e+01
2.260714243873863083e+01
2.273253039364268702e+01
2.286658849633809609e+01
2.300975852993517279e+01
2.316249725330713716e+01
2.332527640092286347e+01
2.349858268301413844e+01
2.368291778568718797e+01
2.387879837042084219e+01
2.408675607456837042e+01
2.430733751124596154e+01
2.454110426922120780e+01
2.478863291280157810e+01
2.505051498222474038e+01
2.532735699337976598e+01
2.561978043769560287e+01
2.592842178239201090e+01
2.625393247053529322e+01
2.659697892070376213e+01
2.695824252721077485e+01
2.733841966016047564e+01
2.773822166522478128e+01
2.113632700780896201e+01
2.113751202168764465e+01
2.114107464666534142e+01
2.114703763282275162e+01
2.115543889670082933e+01
2.116633152163534248e+01
2.117978375775687994e+01
2.119587902160050774e+01
2.121471589655188694e+01
2.123640813256843529e+01
2.126108464629087536e+01
2.128888952115473643e+01
2.131998200700004276e+01
2.135453652057315921e+01
2.139274264524797786e+01
2.143480513085864558e+01
2.148094389414564631e+01
2.153139401842123490e+01
2.158640575373671666e+01
2.164624451660366233e+01
2.171119089043996553e+01
2.178154062517953804e+01
2.185760463749534566e+01
2.193970901074364832e+01
2.202819499474095721e+01
2.212341900632164382e+01
2.222575262866880053e+01
2.233558261187187099e+01
2.245331087248053947e+01
2.257935449372779146e+01
2.271414572586445857e+01
2.285813198521131895e+01
2.301177585527427283e+01
2.317555508590795910e+01
2.334996259381758676e+01
2.353550646233590626e+01
2.373270994136743894e+01
2.394211144755575660e+01
2.416426456411620549e+01
2.439973804117047251e+01
2.464911579530048868e+01
2.491299690971572645e+01
2.519199563453198820e+01
2.548674138621381502e+01
2.579787874813207083e+01
2.612606747028516807e+01
2.647198246918752673e+01
2.683631382820413336e+01
2.721976679727176318e+01
2.762306179306623122e+01
2.099550963825191019e+01
2.099669306504922517e+01
2.100025101911312930e+01
2.100620652184983683e+01
2.101459794239979573e+01
2.102547899735890624e+01
2.103891875100155318e+01
2.105500161516908619e+01
2.107382734932558677e+01
2.109551106066937010e+01
2.112018320379844027e+01
2.114798958121233596e+01
2.117909134258723469e+01
2.121366498572387371e+01
2.125190235565540675e+01
2.129401064514922837e+01
2.134021239470697395e+01
2.139074549228573119e+01
2.144586317340955262e+01
2.150583402144824774e+01
2.157094196717132562e+01
2.164148628908252903e+01
2.171778161319681288e+01
2.180015791326337293e+01
2.188896051054261349e+01
2.198455007402918326e+01
2.208730262011741985e+01
2.219760951299165797e+01
2.231587746445896769e+01
2.244252853378186074e+01
2.257800012812436918e+01
2.272274500193869429e+01
2.287723125741128882e+01
2.304194234440708300e+01
2.321737706035797544e+01
2.340404955031859302e+01
2.360248930696628022e+01
2.381324117054534995e+01
2.403686532886709415e+01
2.427393731764430385e+01
2.452504801971068460e+01
2.479080366608024022e+01
2.507182583488788552e+01
2.536875145214215976e+01
2.568223279141857773e+01
2.601293747385961908e+01
2.636154846834201138e+01
2.672876409122579844e+01
2.711529800649376298e+01
2.752187922583503621e+01
2.086545331525531211e+01
2.086663479253479991e+01
2.087018698157288554e+01
2.087613315391270064e+01
2.088451209560813382e+01
2.089537810711234656e+01
2.090880100305470890e+01
2.092486611279839792e+01
2.094367427977130447e+01
2.096534186213511575e+01
2.099000073222774887e+01
2.101779827673061263e+01
2.104889739700315943e+01
2.108347650846955901e+01
2.112172954123201762e+01
2.116386593968048402e+01
2.121011066249264587e+01
2.126070418296848175e+01
2.131590248869570203e+01
2.137597708154976672e+01
2.144121497791689634e+01
2.151191870869409328e+01
2.158840631895457562e+01
2.167101136833809605e+01
2.176008293077213906e+01
2.185598559469497459e+01
2.195909946283259373e+01
2.206982015242177653e+01
2.218855879493127503e+01
2.231574203634060893e+01
2.245181203714007978e+01
2.259722647205196822e+01
2.275245853014204300e+01
2.291799691509837089e+01
2.309434584484099418e+01
2.328202505174497716e+01
2.348156978258462502e+01
2.369353079847775234e+01
2.391847437505294494e+01
2.415698230222651688e+01
2.440965188436980782e+01
2.467709594022552722e+01
2.495994280296352485e+01
2.525883632020866187e+01
2.557443585384564955e+01
2.590741628018635012e+01
2.625846799010914623e+01
2.662829688864076161e+01
2.701762439540233984e+01
2.742718744435850908e+01
2.069846863876580656e+01
2.069964769446792019e+01
2.070319271295160490e+01
2.070912724901802093e+01
2.071749056016725632e+01
2.072833760732321196e+01
2.074173905427599607e+01
2.075778126801649393e+01
2.077656631856907765e+01
2.079821197893585705e+01
2.082285172531970829e+01
2.085063473706852122e+01
2.088172589634063314e+01
2.091630578871820134e+01
2.095457070264958332e+01
2.099673262967239395e+01
2.104301926441350545e+01
2.109367400458902964e+01
2.114895595117161875e+01
2.120913990788861270e+01
2.127451638172388471e+01
2.134539158280631810e+01
2.142208742418676692e+01
2.150494152211685872e+01
2.159430719582594804e+01
2.169055346774417004e+01
2.179406506327938331e+01
2.190524241092869673e+01
2.202450164238999974e+01
2.215227459222738560e+01
2.228900879826148085e+01
2.243516750134640603e+01
2.259122964536976852e+01
2.275768987736418580e+01
2.293505854734002014e+01
2.312386170856414580e+01
2.332464111716966570e+01
2.353795423260196529e+01
2.376437421711688103e+01
2.400448993622678273e+01
2.425890595853329401e+01
2.452824255564364719e+01
2.481313570225432841e+01
2.511423707623471202e+01
2.543221405829250514e+01
2.576774973261498403e+01
2.612154288603260355e+01
2.649430800874386449e+01
2.688677529386924192e+01
2.729969063781361527e+01
2.055252283308660566e+01
2.055369991535008367e+01
2.055723910189660586e+01
2.056316421165986696e+01
2.057151494258389235e+01
2.058234687223639270e+01
2.059573145725116916e+01
2.061175603355115982e+01
2.063052381629266563e+01
2.065215389992112094e+01
2.067678125811532297e+01
2.070455674389896927e+01
2.073564708941759349e+01
2.077023490621739299e+01
2.080851868502216462e+01
2.085071279567756264e+01
2.089704748765292308e+01
2.094776888931639647e+01
2.100313900849254267e+01
2.106343573218352816e+01
2.112895282668065278e+01
2.119999993756434264e+01
2.127690258953688129e+01
2.136000218670119111e+01
2.144965601244933140e+01
2.154623722935096453e+01
2.165013487920912993e+01
2.176175388306023351e+01
2.188151504134133063e+01
2.200985503366708684e+01
2.214722641877401799e+01
2.229409763496656538e+01
2.245095299961526081e+01
2.261829270926825686e+01
2.279663283993009770e+01
2.298650534667143219e+01
2.318845806401931142e+01
2.340305470556687695e+01
2.363087486436368323e+01
2.387251401252536454e+01
2.412858350145670272e+01
2.439971056190735155e+01
2.468653830402762139e+01
2.498972571681087729e+01
2.530994766892992232e+01
2.564789490798426286e+01
2.600427406108556383e+01
2.637980763449522215e+01
2.677523401373588996e+01
2.719130746359146400e+01
2.041353123880302078e+01
2.041470585733497956e+01
2.041823773431877953e+01
2.042415093386243896e+01
2.043248556262679116e+01
2.044329777010428018e+01
2.045665974845167767e+01
2.047265973249009008e+01
2.049140199976072552e+01
2.051300687058062522e+01
2.053761070787542309e+01
2.056536591723507001e+01
2.059644094702538197e+01
2.063102028838801161e+01
2.066930447496167744e+01
2.071151008327246856e+01
2.075786973245503830e+01
2.080863208430837830e+01
2.086406184346309090e+01
2.092443975710259707e+01
2.099006261524191785e+01
2.106124325044889645e+01
2.113831053817874661e+01
2.122160939632796683e+01
2.131150078584771990e+01
2.140836171007469346e+01
2.151258521512142963e+01
2.162458038993207765e+01
2.174477236600360897e+01
2.187360231755307893e+01
2.201152746162916074e+01
2.215902105783333553e+01
2.231657240848717905e+01
2.248468685868811789e+01
2.266388579619791344e+01
2.285470665133113854e+01
2.305770289756853231e+01
2.327344405033030128e+01
2.350251566848160678e+01
2.374551935307799155e+01
2.400307274822965198e+01
2.427580954054383255e+01
2.456437945929211253e+01
2.486944827666131985e+01
2.519169780730745956e+01
2.553182590869026569e+01
2.589054648096168876e+01
2.626858946699376673e+01
2.666670085235075049e+01
2.708564266523334396e+01
2.023723149798854237e+01
2.023840276041466169e+01
2.024192466169739646e+01
2.024782154424020675e+01
2.025613397862258580e+01
2.026691876354431798e+01
2.028024892610425667e+01
2.029621372157729553e+01
2.031491863341436854e+01
2.033648537329820982e+01
2.036105188125486976e+01
2.038877232543068629e+01
2.041981710214802348e+01
2.045437283607257228e+01
2.049264238004606398e+01
2.053484481519778271e+01
2.058121545077730019e+01
2.063200582432174102e+01
2.068748370165578976e+01
2.074793307666865161e+01
2.081365417170437127e+01
2.088496343711574710e+01
2.096219355165466425e+01
2.104569342213752492e+01
2.113582818377980388e+01
2.123297919991726701e+01
2.133754406211746613e+01
2.144993659017976384e+01
2.157058683224683193e+01
2.169994106447011006e+01
2.183846179145587030e+01
2.198662774581914903e+01
2.214493388862981504e+01
2.231389140902226487e+01
2.249402772436268805e+01
2.268588648036059041e+01
2.289002755101304842e+01
2.310702703821436543e+01
2.333747727228581326e+01
2.358198681191985457e+01
2.384118044381771639e+01
2.411569918305182370e+01
2.440620027275912207e+01
2.471335718450351138e+01
2.503785961794129733e+01
2.538041350098846038e+01
2.574174098982065928e+01
2.612258046878959306e+01
2.652368655050664614e+01
2.694583007592650858e+01
2.008624187149479212e+01
2.008741088447297685e+01
2.009092612300266723e+01
2.009681218564626093e+01
2.010511006998916272e+01
2.011587717263978448e+01
2.012918728939683177e+01
2.014513061491474133e+01
2.016381374309398922e+01
2.018535966663502990e+01
2.020990777742861155e+01
2.023761386638847881e+01
2.026865012356292084e+01
2.030320513791170356e+01
2.034148389741761065e+01
2.038370778925370885e+01
2.043011459950456654e+01
2.048095851333351192e+01
2.053651011503839996e+01
2.059705638777282743e+01
2.066290071393642691e+01
2.073436287495185226e+01
2.081177905098596526e+01
2.089550182167470638e+01
2.098590016539824177e+01
2.108335945978277337e+01
2.118828148131024136e+01
2.130108440565287609e+01
2.142220280745014804e+01
2.155208766036455259e+01
2.169120633719310121e+01
2.184004260975581957e+01
2.199909664872846449e+01
2.216888502420012230e+01
2.234994070494833096e+01
2.254281305905243116e+01
2.274806785344749827e+01
2.296628725414738170e+01
2.319806982627256886e+01
2.344403053399445014e+01
2.370480074056317221e+01
2.398102820808462354e+01
2.427337709788285736e+01
2.458252797022129243e+01
2.490917778452576670e+01
2.525403989918935821e+01
2.561784407168391908e+01
2.600133645839279239e+01
2.640527961491748599e+01
2.683045249593828530e+01
1.993838902542986347e+01
1.993955512213278425e+01
1.994306169162847908e+01
1.994893357191044103e+01
1.995721215946721117e+01
1.996795540983998762e+01
1.998123783678621024e+01
1.999715051294869994e+01
2.001580106968835437e+01
2.003731369680536645e+01
2.006182914292954322e+01
2.008950471529725590e+01
2.012051427969568707e+01
2.015504826079738976e+01
2.019331364165844889e+01
2.023553396427607254e+01
2.028194932914252391e+01
2.033281639524511775e+01
2.038840838056805183e+01
2.044901506147905934e+01
2.051494277323124038e+01
2.058651440946123046e+01
2.066406942274678116e+01
2.074796382410495355e+01
2.083857018332664168e+01
2.093627762875355458e+01
2.104149184744549927e+01
2.115463508523611580e+01
2.127614614639835366e+01
2.140648039392323554e+01
2.154610974963140180e+01
2.169552269372702469e+01
2.185522426529963980e+01
2.202573606187807442e+01
2.220759623993228971e+01
2.240135951426001526e+01
2.260759715865586372e+01
2.282689700518646703e+01
2.305986344497109997e+01
2.330711742740105308e+01
2.356929646092026331e+01
2.384705461230043255e+01
2.414106250711500223e+01
2.445200732954397793e+01
2.478059282254121598e+01
2.512753928747198273e+01
2.549358358461478957e+01
2.587947913279896994e+01
2.628599590946041431e+01
2.671392045078098576e+01
1.975287803290927968e+01
1.975403989239545410e+01
1.975753384085001585e+01
1.976338498887443507e+01
1.977163518728529823e+01
1.978234302700278846e+01
1.979558383977555280e+01
1.981144969712129011e+01
1.983004941110735686e+01
1.985150853429503215e+01
1.987596935929342834e+01
1.990359091914981349e+01
1.993454898712656842e+01
1.996903607703574579e+01
2.000726144279299845e+01
2.004945107875212784e+01
2.009584771948205173e+01
2.014671083998984713e+01
2.020231665549769673e+01
2.026295812155442277e+01
2.032894493420276305e+01
2.040060352953328504e+01
2.047827708413047887e+01
2.056232551490545646e+01
2.065312547898445317e+01
2.075107037387610021e+01
2.085657033735989785e+01
2.097005224765349851e+01
2.109195972313391820e+01
2.122275312267208136e+01
2.136290954529826536e+01
2.151292283048090326e+01
2.167330355784778462e+01
2.184457904752061808e+01
2.202729335994773052e+01
2.222200729579257583e+01
2.242929839593372776e+01
2.264976094182729582e+01
2.288400595506088209e+01
2.313266119760447026e+01
2.339637117181044701e+01
2.367579712027418992e+01
2.397161702586194920e+01
2.428452561185024905e+01
2.461523434181437509e+01
2.496447141965624184e+01
2.533298178946499490e+01
2.572152713590734052e+01
2.613088588378145616e+01
2.656185319821215529e+01
1.959694523398228938e+01
1.959810468019924912e+01
1.960159147148167946e+01
1.960743096555695431e+01
1.961566542558282933e+01
1.962635401964561055e+01
1.963957282131773496e+01
1.965541480910018990e+01
1.967398986698010432e+01
1.969542478392891027e+01
1.971986325423690545e+01
1.974746587740171933e+01
1.977841015807258174e+01
1.981289050616180702e+01
1.985111823684482601e+01
1.989332157028136905e+01
1.993974563211730100e+01
1.999065245298280757e+01
2.004632096888267512e+01
2.010704702097329033e+01
2.017314335550685911e+01
2.024493962411019865e+01
2.032278238356172650e+01
2.040703509584719200e+01
2.049807812804816720e+01
2.059630875262085681e+01
2.070214114717303389e+01
2.081600639457558444e+01
2.093835248268370108e+01
2.106964430483870387e+01
2.121036365947774627e+01
2.136100925018957142e+01
2.152209668588177038e+01
2.169415848050200424e+01
2.187774405331679972e+01
2.207341972896730198e+01
2.228176873699531768e+01
2.250339121231728612e+01
2.273890419502909666e+01
2.298894163043398819e+01
2.325415436904254562e+01
2.353521016660057086e+01
2.383279368397756670e+01
2.414760648733403059e+01
2.448036704806566988e+01
2.483181074269189992e+01
2.520268985305099818e+01
2.559377356588191432e+01
2.600584797357700140e+01
2.643971607345717345e+01
1.944032594817515758e+01
1.944148210313452196e+01
1.944495909809405276e+01
1.945078252374412742e+01
1.945899503104951123e+01
1.946965633147239672e+01
1.948284319680512056e+01
1.949864945933744309e+01
1.951718601152199994e+01
1.953858080664340235e+01
1.956297885803761716e+01
1.959054223942650808e+01
1.962145008525241252e+01
1.965589859012052543e+01
1.969410100896620008e+01
1.973628765750100555e+01
1.978270591137634327e+01
1.983362020701983752e+01
1.988931204096621386e+01
1.995007997041491521e+01
2.001623961295128495e+01
2.008812364621200786e+01
2.016608180872152545e+01
2.025048089916713323e+01
2.034170477651052522e+01
2.044015436043385137e+01
2.054624763078212979e+01
2.066041962789780939e+01
2.078312245262076274e+01
2.091482526584221091e+01
2.105601428934111397e+01
2.120719280500354031e+01
2.136888115515723285e+01
2.154161674251583136e+01
2.172595403040192252e+01
2.192246454221732677e+01
2.213173686202856061e+01
2.235437663417653553e+01
2.259100656349957958e+01
2.284226641516617562e+01
2.310881301470283233e+01
2.339132024824499467e+01
2.369047906200734843e+01
2.400699746303655147e+01
2.434160051840273553e+01
2.469503035567345606e+01
2.506804616305310063e+01
2.546142418888102910e+01
2.587595774188252662e+01
2.631245719150332363e+01
1.924573143742930981e+01
1.924688254626951434e+01
1.925034449152908778e+01
1.925614312914613890e+01
1.926432155264822654e+01
1.927494009265053521e+01
1.928807631741345574e+01
1.930382503234076097e+01
1.932229828020264151e+01
1.934362534130297817e+01
1.936795273314479715e+01
1.939544421065329871e+01
1.942628076612009025e+01
1.946066062914745487e+01
1.949879926664831231e+01
1.954092938312505723e+01
1.958730092016768509e+01
1.963818105695565563e+01
1.969385420986756685e+01
1.975462203264843097e+01
1.982080341640967802e+01
1.989273448985219162e+01
1.997076861865295783e+01
2.005527640602265649e+01
2.014664569264990135e+01
2.024528155658972395e+01
2.035160631281749843e+01
2.046605951423260805e+01
2.058909795076629479e+01
2.072119564988350504e+01
2.086284387624830572e+01
2.101455113194695912e+01
2.117684315654365079e+01
2.135026292669018844e+01
2.153537065668359674e+01
2.173274379802003153e+01
2.194297703956207712e+01
2.216668230765024106e+01
2.240448876587993254e+01
2.265704281512934415e+01
2.292500809383823679e+01
2.320906547758975336e+01
2.350991307950072695e+01
2.382826625008229371e+01
2.416485757684956681e+01
2.452043688518590869e+01
2.489577123739502440e+01
2.529164493342583953e+01
2.570885951037065098e+01
2.614823374302272541e+01
1.908497271186553945e+01
1.908612137615547155e+01
1.908957606694266573e+01
1.909536287747746641e+01
1.910352529684500666e+01
1.911412420968641257e+01
1.912723789614304337e+01
1.914296203191224421e+01
1.916140968852615245e+01
1.918271133290561181e+01
1.920701482763897872e+01
1.923448543098212582e+01
1.926530579663538489e+01
1.929967597396660750e+01
1.933781340806690707e+01
1.937995293936035779e+01
1.942634680416157167e+01
1.947726463417388132e+01
1.953299345676812493e+01
1.959383769498264982e+01
1.966011916735603648e+01
1.973217708798285486e+01
1.981036806673670370e+01
1.989506610893565153e+01
1.998666261550952328e+01
2.008556638316716203e+01
2.019220360389461533e+01
2.030701786545694887e+01
2.043047015139826783e+01
2.056303884048409714e+01
2.070521970737052797e+01
2.085752592210234369e+01
2.102048805067065018e+01
2.119465405417645698e+01
2.138058928963921090e+01
2.157887650969010096e+01
2.179011586237691134e+01
2.201492489144281350e+01
2.225393853629849161e+01
2.250780913191061927e+01
2.277720640871822155e+01
2.306281749288359251e+01
2.336534690615289378e+01
2.368551656599555955e+01
2.402406578515821778e+01
2.438175127219440341e+01
2.475934713121363728e+01
2.515764486210447970e+01
2.557745336003267411e+01
2.601959891611027231e+01
1.891971349754979670e+01
1.892085859423827543e+01
1.892430265710605752e+01
1.893007200456016292e+01
1.893821050061231048e+01
1.894877955487888954e+01
1.896185812246946512e+01
1.897754270420979239e+01
1.899594734647456562e+01
1.901720364135467278e+01
1.904146072626689090e+01
1.906888528456724075e+01
1.909966154488186874e+01
1.913399128177616149e+01
1.917209381508563126e+01
1.921420601041776166e+01
1.926058227892894692e+01
1.931149457749179632e+01
1.936723240841632077e+01
1.942810281967297215e+01
1.949443040478113076e+01
1.956655730303214114e+01
1.964484319909898957e+01
1.972966532337086321e+01
1.982141845184164453e+01
1.992051490610989006e+01
2.002738455315580524e+01
2.014247480595459550e+01
2.026625062275159905e+01
2.039919450745258800e+01
2.054180650984682543e+01
2.069460422477065720e+01
2.085812279327847207e+01
2.103291490152750853e+01
2.121955078150271845e+01
2.141861821076586736e+01
2.163072251245552025e+01
2.185648655539856833e+01
2.209655075377567357e+01
2.235157306767884577e+01
2.262222900260963598e+01
2.290921160961850944e+01
2.321323148555577731e+01
2.353501677270915593e+01
2.387531315908256957e+01
2.423488387808946243e+01
2.461450970885948308e+01
2.501498897623848094e+01
2.543713755050972125e+01
2.588178884750538344e+01
1.871619968290603353e+01
1.871733901981008330e+01
1.872076588913838080e+01
1.872650686579143908e+01
1.873460624190207113e+01
1.874512602611049417e+01
1.875814594401041902e+01
1.877376343764721156e+01
1.879209366629851985e+01
1.881326950569364698e+01
1.883744154840387708e+01
1.886477810378669417e+01
1.889546519804155622e+01
1.892970657409837187e+01
1.896772369161750404e+01
1.900975572710128603e+01
1.905605957378250181e+01
1.910690984168014595e+01
1.916259885765518334e+01
1.922343666518751704e+01
1.928975102471053304e+01
1.936188741327655194e+01
1.944020902494714420e+01
1.952509677023553891e+01
1.961694927671996425e+01
1.971618288859758650e+01
1.982323166679602622e+01
1.993854738925214676e+01
2.006259955041023701e+01
2.019587536166805819e+01
2.033887975104232027e+01
2.049213536367048860e+01
2.065618256097441829e+01
2.083157942149671626e+01
2.101890174039893466e+01
2.121874302968459602e+01
2.143171451828282414e+01
2.165844515146288174e+01
2.189958159172632790e+01
2.215578821816575683e+01
2.242774712665999104e+01
2.271615812981829663e+01
2.302173875703615025e+01
2.334522425457888062e+01
2.368736758541439258e+01
2.404893942918527472e+01
2.443072818259912893e+01
2.483353995892673183e+01
2.525819858816931074e+01
2.570554561722581965e+01
1.855077354396310696e+01
1.855191054019675434e+01
1.855533046278910092e+01
1.856106011285677937e+01
1.856914415957802689e+01
1.857964513924478922e+01
1.859264345582030842e+01
1.860823738105063541e+01
1.862654305385128950e+01
1.864769448097636584e+01
1.867184353673972907e+01
1.869915996284775161e+01
1.872983136862233877e+01
1.876406323111245200e+01
1.880207889470379357e+01
1.884411957134184590e+01
1.889044434069914047e+01
1.894133014995223263e+01
1.899707181367017839e+01
1.905798201420484617e+01
1.912439130135635779e+01
1.919664809242886605e+01
1.927511867239780941e+01
1.936018719374265018e+01
1.945225567644686748e+01
1.955174400816523672e+01
1.965908994411230992e+01
1.977474910683937992e+01
1.989919498668055553e+01
2.003291894152972219e+01
2.017643019672902938e+01
2.033025584518039608e+01
2.049494084737339961e+01
2.067104803138528268e+01
2.085915809288093570e+01
2.105986959494563848e+01
2.127379896836383466e+01
2.150158051142399529e+01
2.174386638983496667e+01
2.200132663722781601e+01
2.227464915429154146e+01
2.256453970980463808e+01
2.287172193954779331e+01
2.319693734741905189e+01
2.354094530454169387e+01
2.390452304948724560e+01
2.428846568872157263e+01
2.469358619599152505e+01
2.512071541282676179e+01
2.557070204809368974e+01
1.837706141032164098e+01
1.837819465455731560e+01
1.838160339314120861e+01
1.838731464325783094e+01
1.839537343384542822e+01
1.840584280537294504e+01
1.841880380967272046e+01
1.843435551027507557e+01
1.845261498235253939e+01
1.847371731227376657e+01
1.849781559832842959e+01
1.852508095022536949e+01
1.855570248903683250e+01
1.858988734764456296e+01
1.862786067023795056e+01
1.866986561287163582e+01
1.871616334290790817e+01
1.876703303912823628e+01
1.882277189217933255e+01
1.888369510407131457e+01
1.895013588834500240e+01
1.902244547023917676e+01
1.910099308635603421e+01
1.918616598488422298e+01
1.927836942559883582e+01
1.937802667991717698e+01
1.948557903050845042e+01
1.960148577201861642e+01
1.972622421017825545e+01
1.986028966263895867e+01
2.000419545830419921e+01
2.015847293783119198e+01
2.032367145335207681e+01
2.050035836850180004e+01
2.068911905855752309e+01
2.089055691018770133e+01
2.110529332181451423e+01
2.133396770322355351e+01
2.157723747581474427e+01
2.183577807254657444e+01
2.211028293790823440e+01
2.240146352794747386e+01
2.271004931027061957e+01
2.303678776384740701e+01
2.338244437956858235e+01
2.374780265963253711e+01
2.413366411754532592e+01
2.454084827884551956e+01
2.497019268032358852e+01
2.542255287035645139e+01
1.816485987663249091e+01
1.816598673412442366e+01
1.816937639455500886e+01
1.817505612178858954e+01
1.818307135526452001e+01
1.819348571066627329e+01
1.820638097914081399e+01
1.822185712785618961e+01
1.824003229994577069e+01
1.826104281417368824e+01
1.828504316521364359e+01
1.831220602370466466e+01
1.834272223602806307e+01
1.837680082436318685e+01
1.841466898685471776e+01
1.845657209750114092e+01
1.850277370598746529e+01
1.855355553796402646e+01
1.860921749499071609e+01
1.867007765436972022e+01
1.873647226925702824e+01
1.880875576871819277e+01
1.888730075756104654e+01
1.897249801661451585e+01
1.906475650239404374e+01
1.916450334721312387e+01
1.927218385957361235e+01
1.938826152338508990e+01
1.951321799874549967e+01
1.964755312127203624e+01
1.979178490282600933e+01
1.994644953087162165e+01
2.011210136867111942e+01
2.028931295550782821e+01
2.047867500635160454e+01
2.068079641216550613e+01
2.089630423968275608e+01
2.112584373151826256e+01
2.137007830605709913e+01
2.162968955764966239e+01
2.190537725630499466e+01
2.219785934802534300e+01
2.250787195475040292e+01
2.283616937410638670e+01
2.318352407962907691e+01
2.355072672070805595e+01
2.393858612253096041e+01
2.434792928602770701e+01
2.477960138837232762e+01
2.523446578209083668e+01
1.799500689870227887e+01
1.799613160867456330e+01
1.799951489786253234e+01
1.800518424424684838e+01
1.801318544418312939e+01
1.802358261295957220e+01
1.803645818429509617e+01
1.805191291056239677e+01
1.807006586267641524e+01
1.809105443015010195e+01
1.811503432131745583e+01
1.814217956283169286e+01
1.817268250022282672e+01
1.820675379739584798e+01
1.824462243690951624e+01
1.828653572019940299e+01
1.833275926696452274e+01
1.838357701572493852e+01
1.843929122343145721e+01
1.850022246585591645e+01
1.856670963720089773e+01
1.863910995037850071e+01
1.871779893695460473e+01
1.880317044698157147e+01
1.889563664916553876e+01
1.899562803081064288e+01
1.910359339793056321e+01
1.921999987496970164e+01
1.934533290524926130e+01
1.948009625029815695e+01
1.962481199068936988e+01
1.978002052531510202e+01
1.994628057177708413e+01
2.012416916624717800e+01
2.031428166363464882e+01
2.051723173730737670e+01
2.073365137925912549e+01
2.096419090016532039e+01
2.120951892927150340e+01
2.147032241450486723e+01
2.174730662219546673e+01
2.204119513766166705e+01
2.235272986431802167e+01
2.268267102456740147e+01
2.303179715929916682e+01
2.340090512822373725e+01
2.379081010914769223e+01
2.420234559903322591e+01
2.463636341321749867e+01
2.509373368552416039e+01
1.781313017915964636e+01
1.781425098775437732e+01
1.781762264150534492e+01
1.782327282464742524e+01
1.783124767729328042e+01
1.784161179587944801e+01
1.785444823283176063e+01
1.786985849656536018e+01
1.788796255181925332e+01
1.790889881921023630e+01
1.793282417567896658e+01
1.795991395387661171e+01
1.799036194294548352e+01
1.802438038801719955e+01
1.806219999021267597e+01
1.810406990680943196e+01
1.815025775113003448e+01
1.820104959270940981e+01
1.825674995707177928e+01
1.831768182584219673e+01
1.838418663685806109e+01
1.845662428383455733e+01
1.853537311686649147e+01
1.862082994181494655e+01
1.871341002092061601e+01
1.881354707235774981e+01
1.892169327040141980e+01
1.903831924548329013e+01
1.916391408413583974e+01
1.929898532893662377e+01
1.944405897861977550e+01
1.959967948788085934e+01
1.976640976762778124e+01
1.994483118484139794e+01
2.013554356263126977e+01
2.033916518006837748e+01
2.055633277249182100e+01
2.078770153128574805e+01
2.103394510379574811e+01
2.129575559352398884e+01
2.157384356024074279e+01
2.186893801956619754e+01
2.218178644350015105e+01
2.251315475964140589e+01
2.286382735230293051e+01
2.323460706150821053e+01
2.362631518338156411e+01
2.403979147014811701e+01
2.447589413041263740e+01
2.493549982860191250e+01
1.759258189699827213e+01
1.759369571664714726e+01
1.759704648190257714e+01
1.760266211213706811e+01
1.761058913906193624e+01
1.762089270756370496e+01
1.763365657509076811e+01
1.764898311187640445e+01
1.766699330099454457e+01
1.768782673830402175e+01
1.771164163233703803e+01
1.773861480463373042e+01
1.776894168924033579e+01
1.780283633304373581e+01
1.784053139593875770e+01
1.788227815027055456e+01
1.792834648144797782e+01
1.797902488733021542e+01
1.803462047889590636e+01
1.809545897974130213e+01
1.816188472613603722e+01
1.823426066746919361e+01
1.831296836541290673e+01
1.839840799487029344e+01
1.849099834325055980e+01
1.859117681085932716e+01
1.869939941073135259e+01
1.881614076868628871e+01
1.894189412344019630e+01
1.907717132610372346e+01
1.922250284110211993e+01
1.937843774522733398e+01
1.954554372833501219e+01
1.972440709273113413e+01
1.991563275381325226e+01
2.011984423956864987e+01
2.033768369088103256e+01
2.056981186130747830e+01
2.081690811724571688e+01
2.107967043771109417e+01
2.135881541494993030e+01
2.165507825343583903e+01
2.196921277065037259e+01
2.230199139697149491e+01
2.265420517539477885e+01
2.302666376175646690e+01
2.342019542462191950e+01
2.383564704545292301e+01
2.427388411832886916e+01
2.473579075011405592e+01
