{
  "Forecast name": "DESI2",
  "Edges of redshift bins": [
    0.15,
    0.4714285714285714,
    0.7928571428571429,
    1.1142857142857143,
    1.4357142857142857,
    1.7571428571428571,
    2.0785714285714287,
    2.4
  ],
  "Centers of redshift bins": [
    0.3107142857142857,
    0.6321428571428571,
    0.9535714285714286,
    1.275,
    1.5964285714285715,
    1.917857142857143,
    2.2392857142857143
  ],
  "Linear Eulerian bias in each bin": [
    1.65,
    2.0,
    1.8928571428571428,
    1.2500000000000002,
    1.5952380952380953,
    2.0,
    2.0
  ],
  "Number density in each bin": [
    0.0008,
    0.0005,
    0.0002866071428571428,
    0.00020625000000000005,
    0.00011107142857142854,
    1.964285714285714e-05,
    1.3214285714285712e-05
  ],
  "fsky": 0.25,
  "CLASS default parameters": {
    "output": "tCl lCl mPk",
    "non linear": "halofit",
    "l_max_scalars": 2000,
    "lensing": "yes",
    "A_s": 2.083e-09,
    "n_s": 0.9649,
    "alpha_s": 0.0,
    "h": 0.6736,
    "N_ur": 2.0328,
    "N_ncdm": 1,
    "m_ncdm": 0.06,
    "tau_reio": 0.0544,
    "omega_b": 0.02237,
    "omega_cdm": 0.12,
    "Omega_k": 0.0,
    "P_k_max_h/Mpc": 2.0,
    "z_pk": "0.0,6"
  }
}