{
  "Forecast name": "DESI",
  "Edges of redshift bins": [
    0.475,
    0.9999999999999999,
    1.525
  ],
  "Centers of redshift bins": [
    0.7374999999999999,
    1.2625
  ],
  "Linear Eulerian bias in each bin": [
    1.2240418698784212,
    1.539051579193082
  ],
  "Number density in each bin": [
    0.0006271179724236919,
    0.0007563077105658357
  ],
  "fsky": 0.25,
  "CLASS default parameters": {
    "output": "tCl lCl mPk",
    "l_max_scalars": 2000,
    "lensing": "yes",
    "non linear": "halofit",
    "A_s": 2.10732e-09,
    "n_s": 0.96824,
    "alpha_s": 0.0,
    "h": 0.677,
    "N_ur": 1.0196,
    "N_ncdm": 2,
    "m_ncdm": "0.01,0.05",
    "tau_reio": 0.0568,
    "omega_b": 0.02247,
    "omega_cdm": 0.11923,
    "Omega_k": 0.0,
    "P_k_max_h/Mpc": 2.0,
    "z_pk": "0.0,6"
  }
}